dataset,target_id,attack_mode,direction,severity,rule,n_attack,attack_detected,attack_detection_rate,control_rate,alarm_lift,two_prop_z,p_value_onesided,detected_significant
correlated_signal_attack_1,fff,additive,positive,0.5,global_A_bus,3625,1263,0.3484137931034483,0.3484137931034483,0.0,0.0,0.5,False
correlated_signal_attack_1,fff,additive,positive,0.5,global_B_id_population,3625,2559,0.7059310344827586,0.7059310344827586,0.0,0.0,0.5,False
correlated_signal_attack_1,fff,additive,positive,0.5,global_C_cross_id,3625,3180,0.8772413793103448,0.8772413793103448,0.0,0.0,0.5,False
correlated_signal_attack_1,fff,additive,positive,0.5,global_D_bus_idpop,3625,2350,0.6482758620689655,0.6482758620689655,0.0,0.0,0.5,False
correlated_signal_attack_1,fff,additive,positive,0.5,global_E_all,3625,3207,0.8846896551724138,0.8844137931034483,0.0002758620689655711,0.036751549501919056,0.48534155291074293,False
correlated_signal_attack_1,fff,additive,positive,1.0,global_A_bus,3625,1263,0.3484137931034483,0.3484137931034483,0.0,0.0,0.5,False
correlated_signal_attack_1,fff,additive,positive,1.0,global_B_id_population,3625,2559,0.7059310344827586,0.7059310344827586,0.0,0.0,0.5,False
correlated_signal_attack_1,fff,additive,positive,1.0,global_C_cross_id,3625,3180,0.8772413793103448,0.8772413793103448,0.0,0.0,0.5,False
correlated_signal_attack_1,fff,additive,positive,1.0,global_D_bus_idpop,3625,2350,0.6482758620689655,0.6482758620689655,0.0,0.0,0.5,False
correlated_signal_attack_1,fff,additive,positive,1.0,global_E_all,3625,3207,0.8846896551724138,0.8844137931034483,0.0002758620689655711,0.036751549501919056,0.48534155291074293,False
correlated_signal_attack_1,fff,additive,positive,1.5,global_A_bus,3625,1263,0.3484137931034483,0.3484137931034483,0.0,0.0,0.5,False
correlated_signal_attack_1,fff,additive,positive,1.5,global_B_id_population,3625,2559,0.7059310344827586,0.7059310344827586,0.0,0.0,0.5,False
correlated_signal_attack_1,fff,additive,positive,1.5,global_C_cross_id,3625,3179,0.8769655172413793,0.8772413793103448,-0.0002758620689655711,-0.03577138361989756,0.5142676744894807,False
correlated_signal_attack_1,fff,additive,positive,1.5,global_D_bus_idpop,3625,2350,0.6482758620689655,0.6482758620689655,0.0,0.0,0.5,False
correlated_signal_attack_1,fff,additive,positive,1.5,global_E_all,3625,3207,0.8846896551724138,0.8844137931034483,0.0002758620689655711,0.036751549501919056,0.48534155291074293,False
correlated_signal_attack_1,fff,additive,negative,0.5,global_A_bus,3625,1263,0.3484137931034483,0.3484137931034483,0.0,0.0,0.5,False
correlated_signal_attack_1,fff,additive,negative,0.5,global_B_id_population,3625,2559,0.7059310344827586,0.7059310344827586,0.0,0.0,0.5,False
correlated_signal_attack_1,fff,additive,negative,0.5,global_C_cross_id,3625,3180,0.8772413793103448,0.8772413793103448,0.0,0.0,0.5,False
correlated_signal_attack_1,fff,additive,negative,0.5,global_D_bus_idpop,3625,2350,0.6482758620689655,0.6482758620689655,0.0,0.0,0.5,False
correlated_signal_attack_1,fff,additive,negative,0.5,global_E_all,3625,3206,0.8844137931034483,0.8844137931034483,0.0,0.0,0.5,False
correlated_signal_attack_1,fff,additive,negative,1.0,global_A_bus,3625,1263,0.3484137931034483,0.3484137931034483,0.0,0.0,0.5,False
correlated_signal_attack_1,fff,additive,negative,1.0,global_B_id_population,3625,2559,0.7059310344827586,0.7059310344827586,0.0,0.0,0.5,False
correlated_signal_attack_1,fff,additive,negative,1.0,global_C_cross_id,3625,3182,0.8777931034482759,0.8772413793103448,0.0005517241379310311,0.07164661616086487,0.4714415705206252,False
correlated_signal_attack_1,fff,additive,negative,1.0,global_D_bus_idpop,3625,2350,0.6482758620689655,0.6482758620689655,0.0,0.0,0.5,False
correlated_signal_attack_1,fff,additive,negative,1.0,global_E_all,3625,3206,0.8844137931034483,0.8844137931034483,0.0,0.0,0.5,False
correlated_signal_attack_1,fff,additive,negative,1.5,global_A_bus,3625,1263,0.3484137931034483,0.3484137931034483,0.0,0.0,0.5,False
correlated_signal_attack_1,fff,additive,negative,1.5,global_B_id_population,3625,2559,0.7059310344827586,0.7059310344827586,0.0,0.0,0.5,False
correlated_signal_attack_1,fff,additive,negative,1.5,global_C_cross_id,3625,3182,0.8777931034482759,0.8772413793103448,0.0005517241379310311,0.07164661616086487,0.4714415705206252,False
correlated_signal_attack_1,fff,additive,negative,1.5,global_D_bus_idpop,3625,2350,0.6482758620689655,0.6482758620689655,0.0,0.0,0.5,False
correlated_signal_attack_1,fff,additive,negative,1.5,global_E_all,3625,3206,0.8844137931034483,0.8844137931034483,0.0,0.0,0.5,False
correlated_signal_attack_1,fff,mean_shift,positive,0.5,global_A_bus,3625,1263,0.3484137931034483,0.3484137931034483,0.0,0.0,0.5,False
correlated_signal_attack_1,fff,mean_shift,positive,0.5,global_B_id_population,3625,2559,0.7059310344827586,0.7059310344827586,0.0,0.0,0.5,False
correlated_signal_attack_1,fff,mean_shift,positive,0.5,global_C_cross_id,3625,3180,0.8772413793103448,0.8772413793103448,0.0,0.0,0.5,False
correlated_signal_attack_1,fff,mean_shift,positive,0.5,global_D_bus_idpop,3625,2350,0.6482758620689655,0.6482758620689655,0.0,0.0,0.5,False
correlated_signal_attack_1,fff,mean_shift,positive,0.5,global_E_all,3625,3206,0.8844137931034483,0.8844137931034483,0.0,0.0,0.5,False
correlated_signal_attack_1,fff,mean_shift,positive,1.0,global_A_bus,3625,1263,0.3484137931034483,0.3484137931034483,0.0,0.0,0.5,False
correlated_signal_attack_1,fff,mean_shift,positive,1.0,global_B_id_population,3625,2559,0.7059310344827586,0.7059310344827586,0.0,0.0,0.5,False
correlated_signal_attack_1,fff,mean_shift,positive,1.0,global_C_cross_id,3625,3179,0.8769655172413793,0.8772413793103448,-0.0002758620689655711,-0.03577138361989756,0.5142676744894807,False
correlated_signal_attack_1,fff,mean_shift,positive,1.0,global_D_bus_idpop,3625,2350,0.6482758620689655,0.6482758620689655,0.0,0.0,0.5,False
correlated_signal_attack_1,fff,mean_shift,positive,1.0,global_E_all,3625,3206,0.8844137931034483,0.8844137931034483,0.0,0.0,0.5,False
correlated_signal_attack_1,fff,mean_shift,positive,1.5,global_A_bus,3625,1263,0.3484137931034483,0.3484137931034483,0.0,0.0,0.5,False
correlated_signal_attack_1,fff,mean_shift,positive,1.5,global_B_id_population,3625,2559,0.7059310344827586,0.7059310344827586,0.0,0.0,0.5,False
correlated_signal_attack_1,fff,mean_shift,positive,1.5,global_C_cross_id,3625,3179,0.8769655172413793,0.8772413793103448,-0.0002758620689655711,-0.03577138361989756,0.5142676744894807,False
correlated_signal_attack_1,fff,mean_shift,positive,1.5,global_D_bus_idpop,3625,2350,0.6482758620689655,0.6482758620689655,0.0,0.0,0.5,False
correlated_signal_attack_1,fff,mean_shift,positive,1.5,global_E_all,3625,3207,0.8846896551724138,0.8844137931034483,0.0002758620689655711,0.036751549501919056,0.48534155291074293,False
correlated_signal_attack_1,fff,mean_shift,negative,0.5,global_A_bus,3625,1263,0.3484137931034483,0.3484137931034483,0.0,0.0,0.5,False
correlated_signal_attack_1,fff,mean_shift,negative,0.5,global_B_id_population,3625,2559,0.7059310344827586,0.7059310344827586,0.0,0.0,0.5,False
correlated_signal_attack_1,fff,mean_shift,negative,0.5,global_C_cross_id,3625,3182,0.8777931034482759,0.8772413793103448,0.0005517241379310311,0.07164661616086487,0.4714415705206252,False
correlated_signal_attack_1,fff,mean_shift,negative,0.5,global_D_bus_idpop,3625,2350,0.6482758620689655,0.6482758620689655,0.0,0.0,0.5,False
correlated_signal_attack_1,fff,mean_shift,negative,0.5,global_E_all,3625,3206,0.8844137931034483,0.8844137931034483,0.0,0.0,0.5,False
correlated_signal_attack_1,fff,mean_shift,negative,1.0,global_A_bus,3625,1263,0.3484137931034483,0.3484137931034483,0.0,0.0,0.5,False
correlated_signal_attack_1,fff,mean_shift,negative,1.0,global_B_id_population,3625,2559,0.7059310344827586,0.7059310344827586,0.0,0.0,0.5,False
correlated_signal_attack_1,fff,mean_shift,negative,1.0,global_C_cross_id,3625,3182,0.8777931034482759,0.8772413793103448,0.0005517241379310311,0.07164661616086487,0.4714415705206252,False
correlated_signal_attack_1,fff,mean_shift,negative,1.0,global_D_bus_idpop,3625,2350,0.6482758620689655,0.6482758620689655,0.0,0.0,0.5,False
correlated_signal_attack_1,fff,mean_shift,negative,1.0,global_E_all,3625,3206,0.8844137931034483,0.8844137931034483,0.0,0.0,0.5,False
correlated_signal_attack_1,fff,mean_shift,negative,1.5,global_A_bus,3625,1263,0.3484137931034483,0.3484137931034483,0.0,0.0,0.5,False
correlated_signal_attack_1,fff,mean_shift,negative,1.5,global_B_id_population,3625,2559,0.7059310344827586,0.7059310344827586,0.0,0.0,0.5,False
correlated_signal_attack_1,fff,mean_shift,negative,1.5,global_C_cross_id,3625,3182,0.8777931034482759,0.8772413793103448,0.0005517241379310311,0.07164661616086487,0.4714415705206252,False
correlated_signal_attack_1,fff,mean_shift,negative,1.5,global_D_bus_idpop,3625,2350,0.6482758620689655,0.6482758620689655,0.0,0.0,0.5,False
correlated_signal_attack_1,fff,mean_shift,negative,1.5,global_E_all,3625,3206,0.8844137931034483,0.8844137931034483,0.0,0.0,0.5,False
correlated_signal_attack_1,033,additive,positive,0.5,global_A_bus,2391,930,0.3889585947302384,0.39355918025930575,-0.004600585529067336,-0.32594136094312887,0.6277656392632676,False
correlated_signal_attack_1,033,additive,positive,0.5,global_B_id_population,2391,1726,0.7218736930154747,0.7218736930154747,0.0,0.0,0.5,False
correlated_signal_attack_1,033,additive,positive,0.5,global_C_cross_id,2391,2038,0.8523630280217482,0.8531994981179423,-0.0008364700961940308,-0.08162530954775722,0.5325276628302212,False
correlated_signal_attack_1,033,additive,positive,0.5,global_D_bus_idpop,2391,1843,0.7708071936428272,0.768297783354245,0.0025094102885822034,0.20603515545574896,0.4183817251522035,False
correlated_signal_attack_1,033,additive,positive,0.5,global_E_all,2391,2156,0.9017147636971978,0.9017147636971978,0.0,0.0,0.5,False
correlated_signal_attack_1,033,additive,positive,1.0,global_A_bus,2391,931,0.38937682977833543,0.39355918025930575,-0.0041823504809703205,-0.29628206929746687,0.6164926609066277,False
correlated_signal_attack_1,033,additive,positive,1.0,global_B_id_population,2391,1726,0.7218736930154747,0.7218736930154747,0.0,0.0,0.5,False
correlated_signal_attack_1,033,additive,positive,1.0,global_C_cross_id,2391,2037,0.8519447929736512,0.8531994981179423,-0.0012547051442910462,-0.12236610219162503,0.5486954583702333,False
correlated_signal_attack_1,033,additive,positive,1.0,global_D_bus_idpop,2391,1843,0.7708071936428272,0.768297783354245,0.0025094102885822034,0.20603515545574896,0.4183817251522035,False
correlated_signal_attack_1,033,additive,positive,1.0,global_E_all,2391,2156,0.9017147636971978,0.9017147636971978,0.0,0.0,0.5,False
correlated_signal_attack_1,033,additive,positive,1.5,global_A_bus,2391,931,0.38937682977833543,0.39355918025930575,-0.0041823504809703205,-0.29628206929746687,0.6164926609066277,False
correlated_signal_attack_1,033,additive,positive,1.5,global_B_id_population,2391,1726,0.7218736930154747,0.7218736930154747,0.0,0.0,0.5,False
correlated_signal_attack_1,033,additive,positive,1.5,global_C_cross_id,2391,2033,0.850271852781263,0.8531994981179423,-0.0029276453366792188,-0.2848541186844466,0.6121220458745469,False
correlated_signal_attack_1,033,additive,positive,1.5,global_D_bus_idpop,2391,1844,0.7712254286909243,0.768297783354245,0.0029276453366792188,0.24045081735635723,0.4049903934634025,False
correlated_signal_attack_1,033,additive,positive,1.5,global_E_all,2391,2156,0.9017147636971978,0.9017147636971978,0.0,0.0,0.5,False
correlated_signal_attack_1,033,additive,negative,0.5,global_A_bus,2391,951,0.397741530740276,0.39355918025930575,0.004182350480970265,0.295729942254974,0.38371816439722584,False
correlated_signal_attack_1,033,additive,negative,0.5,global_B_id_population,2391,1726,0.7218736930154747,0.7218736930154747,0.0,0.0,0.5,False
correlated_signal_attack_1,033,additive,negative,0.5,global_C_cross_id,2391,2042,0.8540359682141363,0.8531994981179423,0.0008364700961940308,0.08181807576704866,0.46739569094101197,False
correlated_signal_attack_1,033,additive,negative,0.5,global_D_bus_idpop,2391,1838,0.7687160184023422,0.768297783354245,0.0004182350480971264,0.03428485394886428,0.486325001283844,False
correlated_signal_attack_1,033,additive,negative,0.5,global_E_all,2391,2157,0.9021329987452948,0.9017147636971978,0.0004182350480970154,0.04862153162978655,0.48061045524882395,False
correlated_signal_attack_1,033,additive,negative,1.0,global_A_bus,2391,945,0.39523212045169387,0.39355918025930575,0.001672940192388117,0.11835719232456253,0.4528923214398139,False
correlated_signal_attack_1,033,additive,negative,1.0,global_B_id_population,2391,1726,0.7218736930154747,0.7218736930154747,0.0,0.0,0.5,False
correlated_signal_attack_1,033,additive,negative,1.0,global_C_cross_id,2391,2044,0.8548724383103304,0.8531994981179423,0.0016729401923881726,0.16383028969356392,0.43493237305456023,False
correlated_signal_attack_1,033,additive,negative,1.0,global_D_bus_idpop,2391,1839,0.7691342534504392,0.768297783354245,0.0008364700961941418,0.06859136833347121,0.4726574448789522,False
correlated_signal_attack_1,033,additive,negative,1.0,global_E_all,2391,2159,0.9029694688414889,0.9017147636971978,0.0012547051442910462,0.14614272476230644,0.4419043594913796,False
correlated_signal_attack_1,033,additive,negative,1.5,global_A_bus,2391,955,0.39941447093266413,0.39355918025930575,0.005855290673358382,0.41387147200577334,0.3394841187544303,False
correlated_signal_attack_1,033,additive,negative,1.5,global_B_id_population,2391,1726,0.7218736930154747,0.7218736930154747,0.0,0.0,0.5,False
correlated_signal_attack_1,033,additive,negative,1.5,global_C_cross_id,2391,2044,0.8548724383103304,0.8531994981179423,0.0016729401923881726,0.16383028969356392,0.43493237305456023,False
correlated_signal_attack_1,033,additive,negative,1.5,global_D_bus_idpop,2391,1834,0.767043078209954,0.768297783354245,-0.0012547051442910462,-0.10272515822966233,0.5409094470551365,False
correlated_signal_attack_1,033,additive,negative,1.5,global_E_all,2391,2159,0.9029694688414889,0.9017147636971978,0.0012547051442910462,0.14614272476230644,0.4419043594913796,False
correlated_signal_attack_1,033,mean_shift,positive,0.5,global_A_bus,2391,1085,0.45378502718527813,0.39355918025930575,0.06022584692597238,4.214130213482626,1.253713002309319e-05,True
correlated_signal_attack_1,033,mean_shift,positive,0.5,global_B_id_population,2391,1726,0.7218736930154747,0.7218736930154747,0.0,0.0,0.5,False
correlated_signal_attack_1,033,mean_shift,positive,0.5,global_C_cross_id,2391,2061,0.8619824341279799,0.8531994981179423,0.008782936010037656,0.8689717142309911,0.19243130113195567,False
correlated_signal_attack_1,033,mean_shift,positive,0.5,global_D_bus_idpop,2391,1909,0.7984107068172313,0.768297783354245,0.03011292346298622,2.5273973052143037,0.0057455712512273095,True
correlated_signal_attack_1,033,mean_shift,positive,0.5,global_E_all,2391,2169,0.9071518193224593,0.9017147636971978,0.005437055625261422,0.6394358513299084,0.26126971623686457,False
correlated_signal_attack_1,033,mean_shift,positive,1.0,global_A_bus,2391,1086,0.45420326223337515,0.39355918025930575,0.0606440819740694,4.2431180257357335,1.1021771283329676e-05,True
correlated_signal_attack_1,033,mean_shift,positive,1.0,global_B_id_population,2391,1726,0.7218736930154747,0.7218736930154747,0.0,0.0,0.5,False
correlated_signal_attack_1,033,mean_shift,positive,1.0,global_C_cross_id,2391,2061,0.8619824341279799,0.8531994981179423,0.008782936010037656,0.8689717142309911,0.19243130113195567,False
correlated_signal_attack_1,033,mean_shift,positive,1.0,global_D_bus_idpop,2391,1911,0.7992471769134254,0.768297783354245,0.03094939355918036,2.5994199344451316,0.004669072980296683,True
correlated_signal_attack_1,033,mean_shift,positive,1.0,global_E_all,2391,2168,0.9067335842743622,0.9017147636971978,0.005018820577164407,0.5896719240702215,0.2777053107779557,False
correlated_signal_attack_1,033,mean_shift,positive,1.5,global_A_bus,2391,1081,0.45211208699289,0.39355918025930575,0.058552906733584265,4.0981486275491505,2.0823392181088583e-05,True
correlated_signal_attack_1,033,mean_shift,positive,1.5,global_B_id_population,2391,1726,0.7218736930154747,0.7218736930154747,0.0,0.0,0.5,False
correlated_signal_attack_1,033,mean_shift,positive,1.5,global_C_cross_id,2391,2057,0.8603094939355918,0.8531994981179423,0.007109995817649484,0.7017387186881667,0.24142106100884592,False
correlated_signal_attack_1,033,mean_shift,positive,1.5,global_D_bus_idpop,2391,1908,0.7979924717691342,0.768297783354245,0.029694688414889203,2.4914251570140276,0.006361588477043533,True
correlated_signal_attack_1,033,mean_shift,positive,1.5,global_E_all,2391,2167,0.9063153492262651,0.9017147636971978,0.00460058552906728,0.5400059070206079,0.29459647937190614,False
correlated_signal_attack_1,033,mean_shift,negative,0.5,global_A_bus,2391,1095,0.45796737766624845,0.39355918025930575,0.0644081974069427,4.503875257079764,3.336269130898506e-06,True
correlated_signal_attack_1,033,mean_shift,negative,0.5,global_B_id_population,2391,1726,0.7218736930154747,0.7218736930154747,0.0,0.0,0.5,False
correlated_signal_attack_1,033,mean_shift,negative,0.5,global_C_cross_id,2391,2064,0.863237139272271,0.8531994981179423,0.010037641154328703,0.9949414049665791,0.15988238176438407,False
correlated_signal_attack_1,033,mean_shift,negative,0.5,global_D_bus_idpop,2391,1912,0.7996654119615224,0.768297783354245,0.031367628607277376,2.6354705545256305,0.004201035767260506,True
correlated_signal_attack_1,033,mean_shift,negative,0.5,global_E_all,2391,2172,0.9084065244667503,0.9017147636971978,0.006691760769552468,0.7893201978399195,0.21496244226083747,False
correlated_signal_attack_1,033,mean_shift,negative,1.0,global_A_bus,2391,1104,0.4617314930991217,0.39355918025930575,0.06817231283981595,4.764401310365011,9.470759718224387e-07,True
correlated_signal_attack_1,033,mean_shift,negative,1.0,global_B_id_population,2391,1726,0.7218736930154747,0.7218736930154747,0.0,0.0,0.5,False
correlated_signal_attack_1,033,mean_shift,negative,1.0,global_C_cross_id,2391,2063,0.862818904224174,0.8531994981179423,0.009619406106231687,0.9528992305962964,0.1703205649817759,False
correlated_signal_attack_1,033,mean_shift,negative,1.0,global_D_bus_idpop,2391,1912,0.7996654119615224,0.768297783354245,0.031367628607277376,2.6354705545256305,0.004201035767260506,True
correlated_signal_attack_1,033,mean_shift,negative,1.0,global_E_all,2391,2172,0.9084065244667503,0.9017147636971978,0.006691760769552468,0.7893201978399195,0.21496244226083747,False
correlated_signal_attack_1,033,mean_shift,negative,1.5,global_A_bus,2391,1112,0.46507737348389794,0.39355918025930575,0.07151819322459219,4.995795514831476,2.929686106085155e-07,True
correlated_signal_attack_1,033,mean_shift,negative,1.5,global_B_id_population,2391,1726,0.7218736930154747,0.7218736930154747,0.0,0.0,0.5,False
correlated_signal_attack_1,033,mean_shift,negative,1.5,global_C_cross_id,2391,2062,0.8624006691760769,0.8531994981179423,0.009201171058134672,0.910909397072851,0.18117155698603918,False
correlated_signal_attack_1,033,mean_shift,negative,1.5,global_D_bus_idpop,2391,1910,0.7988289418653283,0.768297783354245,0.030531158511083234,2.563395541219154,0.005182694320679041,True
correlated_signal_attack_1,033,mean_shift,negative,1.5,global_E_all,2391,2173,0.9088247595148473,0.9017147636971978,0.007109995817649484,0.8394808882171153,0.20059975476340233,False
correlated_signal_attack_1,0d0,additive,positive,0.5,global_A_bus,2391,921,0.3851944792973651,0.3851944792973651,0.0,0.0,0.5,False
correlated_signal_attack_1,0d0,additive,positive,0.5,global_B_id_population,2391,1781,0.7448766206608114,0.7448766206608114,0.0,0.0,0.5,False
correlated_signal_attack_1,0d0,additive,positive,0.5,global_C_cross_id,2391,2065,0.8636553743203681,0.863237139272271,0.0004182350480971264,0.04211392834030628,0.4832039384060547,False
correlated_signal_attack_1,0d0,additive,positive,0.5,global_D_bus_idpop,2391,1790,0.7486407360936846,0.7482225010455876,0.0004182350480970154,0.03332660875508726,0.4867070674118033,False
correlated_signal_attack_1,0d0,additive,positive,0.5,global_E_all,2391,2150,0.8992053534086156,0.8992053534086156,0.0,0.0,0.5,False
correlated_signal_attack_1,0d0,additive,positive,1.0,global_A_bus,2391,918,0.383939774153074,0.3851944792973651,-0.0012547051442911017,-0.08917436899953454,0.5355283326076906,False
correlated_signal_attack_1,0d0,additive,positive,1.0,global_B_id_population,2391,1781,0.7448766206608114,0.7448766206608114,0.0,0.0,0.5,False
correlated_signal_attack_1,0d0,additive,positive,1.0,global_C_cross_id,2391,2066,0.8640736093684651,0.863237139272271,0.0008364700961941418,0.08428221833563741,0.46641602490335465,False
correlated_signal_attack_1,0d0,additive,positive,1.0,global_D_bus_idpop,2391,1793,0.7498954412379757,0.7482225010455876,0.0016729401923880616,0.13341705913959098,0.4469317773860314,False
correlated_signal_attack_1,0d0,additive,positive,1.0,global_E_all,2391,2148,0.8983688833124216,0.8992053534086156,-0.0008364700961940308,-0.09589123127635876,0.5381965205424827,False
correlated_signal_attack_1,0d0,additive,positive,1.5,global_A_bus,2391,912,0.38143036386449186,0.3851944792973651,-0.0037641154328732496,-0.26768786047476295,0.6055302025756804,False
correlated_signal_attack_1,0d0,additive,positive,1.5,global_B_id_population,2391,1781,0.7448766206608114,0.7448766206608114,0.0,0.0,0.5,False
correlated_signal_attack_1,0d0,additive,positive,1.5,global_C_cross_id,2391,2064,0.863237139272271,0.863237139272271,0.0,0.0,0.5,False
correlated_signal_attack_1,0d0,additive,positive,1.5,global_D_bus_idpop,2391,1789,0.7482225010455876,0.7482225010455876,0.0,0.0,0.5,False
correlated_signal_attack_1,0d0,additive,positive,1.5,global_E_all,2391,2148,0.8983688833124216,0.8992053534086156,-0.0008364700961940308,-0.09589123127635876,0.5381965205424827,False
correlated_signal_attack_1,0d0,additive,negative,0.5,global_A_bus,2391,924,0.3864491844416562,0.3851944792973651,0.0012547051442911017,0.08912014452101193,0.46449321404096705,False
correlated_signal_attack_1,0d0,additive,negative,0.5,global_B_id_population,2391,1781,0.7448766206608114,0.7448766206608114,0.0,0.0,0.5,False
correlated_signal_attack_1,0d0,additive,negative,0.5,global_C_cross_id,2391,2063,0.862818904224174,0.863237139272271,-0.0004182350480970154,-0.042059770774582145,0.5167744749778634,False
correlated_signal_attack_1,0d0,additive,negative,0.5,global_D_bus_idpop,2391,1790,0.7486407360936846,0.7482225010455876,0.0004182350480970154,0.03332660875508726,0.4867070674118033,False
correlated_signal_attack_1,0d0,additive,negative,0.5,global_E_all,2391,2149,0.8987871183605186,0.8992053534086156,-0.0004182350480970154,-0.04798964065446433,0.519137750672026,False
correlated_signal_attack_1,0d0,additive,negative,1.0,global_A_bus,2391,916,0.38310330405688,0.3851944792973651,-0.0020911752404851325,-0.1486543295434802,0.5590867997704659,False
correlated_signal_attack_1,0d0,additive,negative,1.0,global_B_id_population,2391,1781,0.7448766206608114,0.7448766206608114,0.0,0.0,0.5,False
correlated_signal_attack_1,0d0,additive,negative,1.0,global_C_cross_id,2391,2063,0.862818904224174,0.863237139272271,-0.0004182350480970154,-0.042059770774582145,0.5167744749778634,False
correlated_signal_attack_1,0d0,additive,negative,1.0,global_D_bus_idpop,2391,1790,0.7486407360936846,0.7482225010455876,0.0004182350480970154,0.03332660875508726,0.4867070674118033,False
correlated_signal_attack_1,0d0,additive,negative,1.0,global_E_all,2391,2150,0.8992053534086156,0.8992053534086156,0.0,0.0,0.5,False
correlated_signal_attack_1,0d0,additive,negative,1.5,global_A_bus,2391,914,0.3822668339606859,0.3851944792973651,-0.0029276453366792188,-0.2081587751213064,0.5824475019058781,False
correlated_signal_attack_1,0d0,additive,negative,1.5,global_B_id_population,2391,1781,0.7448766206608114,0.7448766206608114,0.0,0.0,0.5,False
correlated_signal_attack_1,0d0,additive,negative,1.5,global_C_cross_id,2391,2063,0.862818904224174,0.863237139272271,-0.0004182350480970154,-0.042059770774582145,0.5167744749778634,False
correlated_signal_attack_1,0d0,additive,negative,1.5,global_D_bus_idpop,2391,1793,0.7498954412379757,0.7482225010455876,0.0016729401923880616,0.13341705913959098,0.4469317773860314,False
correlated_signal_attack_1,0d0,additive,negative,1.5,global_E_all,2391,2150,0.8992053534086156,0.8992053534086156,0.0,0.0,0.5,False
correlated_signal_attack_1,0d0,mean_shift,positive,0.5,global_A_bus,2391,897,0.3751568381430364,0.3851944792973651,-0.010037641154328703,-0.7149571084855243,0.7626822264949988,False
correlated_signal_attack_1,0d0,mean_shift,positive,0.5,global_B_id_population,2391,1781,0.7448766206608114,0.7448766206608114,0.0,0.0,0.5,False
correlated_signal_attack_1,0d0,mean_shift,positive,0.5,global_C_cross_id,2391,2065,0.8636553743203681,0.863237139272271,0.0004182350480971264,0.04211392834030628,0.4832039384060547,False
correlated_signal_attack_1,0d0,mean_shift,positive,0.5,global_D_bus_idpop,2391,1778,0.7436219155165202,0.7482225010455876,-0.004600585529067391,-0.36539094231360336,0.6425901992337462,False
correlated_signal_attack_1,0d0,mean_shift,positive,0.5,global_E_all,2391,2147,0.8979506482643246,0.8992053534086156,-0.0012547051442910462,-0.1437052036462595,0.5571333690305798,False
correlated_signal_attack_1,0d0,mean_shift,positive,1.0,global_A_bus,2391,891,0.3726474278544542,0.3851944792973651,-0.012547051442910906,-0.8942701184497648,0.8144113081025942,False
correlated_signal_attack_1,0d0,mean_shift,positive,1.0,global_B_id_population,2391,1781,0.7448766206608114,0.7448766206608114,0.0,0.0,0.5,False
correlated_signal_attack_1,0d0,mean_shift,positive,1.0,global_C_cross_id,2391,2063,0.862818904224174,0.863237139272271,-0.0004182350480970154,-0.042059770774582145,0.5167744749778634,False
correlated_signal_attack_1,0d0,mean_shift,positive,1.0,global_D_bus_idpop,2391,1778,0.7436219155165202,0.7482225010455876,-0.004600585529067391,-0.36539094231360336,0.6425901992337462,False
correlated_signal_attack_1,0d0,mean_shift,positive,1.0,global_E_all,2391,2147,0.8979506482643246,0.8992053534086156,-0.0012547051442910462,-0.1437052036462595,0.5571333690305798,False
correlated_signal_attack_1,0d0,mean_shift,positive,1.5,global_A_bus,2391,891,0.3726474278544542,0.3851944792973651,-0.012547051442910906,-0.8942701184497648,0.8144113081025942,False
correlated_signal_attack_1,0d0,mean_shift,positive,1.5,global_B_id_population,2391,1781,0.7448766206608114,0.7448766206608114,0.0,0.0,0.5,False
correlated_signal_attack_1,0d0,mean_shift,positive,1.5,global_C_cross_id,2391,2061,0.8619824341279799,0.863237139272271,-0.0012547051442910462,-0.12601765082242777,0.550141023688424,False
correlated_signal_attack_1,0d0,mean_shift,positive,1.5,global_D_bus_idpop,2391,1780,0.7444583856127144,0.7482225010455876,-0.0037641154328732496,-0.2991187387456869,0.6175752754948264,False
correlated_signal_attack_1,0d0,mean_shift,positive,1.5,global_E_all,2391,2147,0.8979506482643246,0.8992053534086156,-0.0012547051442910462,-0.1437052036462595,0.5571333690305798,False
correlated_signal_attack_1,0d0,mean_shift,negative,0.5,global_A_bus,2391,896,0.37473860309493934,0.3851944792973651,-0.010455876202425773,-0.7448262635877043,0.7718116222160856,False
correlated_signal_attack_1,0d0,mean_shift,negative,0.5,global_B_id_population,2391,1781,0.7448766206608114,0.7448766206608114,0.0,0.0,0.5,False
correlated_signal_attack_1,0d0,mean_shift,negative,0.5,global_C_cross_id,2391,2064,0.863237139272271,0.863237139272271,0.0,0.0,0.5,False
correlated_signal_attack_1,0d0,mean_shift,negative,0.5,global_D_bus_idpop,2391,1781,0.7448766206608114,0.7482225010455876,-0.003345880384776234,-0.26595573202395867,0.6048633488867938,False
correlated_signal_attack_1,0d0,mean_shift,negative,0.5,global_E_all,2391,2148,0.8983688833124216,0.8992053534086156,-0.0008364700961940308,-0.09589123127635876,0.5381965205424827,False
correlated_signal_attack_1,0d0,mean_shift,negative,1.0,global_A_bus,2391,898,0.3755750731911334,0.3851944792973651,-0.009619406106231687,-0.6850944458248212,0.7533578375651615,False
correlated_signal_attack_1,0d0,mean_shift,negative,1.0,global_B_id_population,2391,1781,0.7448766206608114,0.7448766206608114,0.0,0.0,0.5,False
correlated_signal_attack_1,0d0,mean_shift,negative,1.0,global_C_cross_id,2391,2063,0.862818904224174,0.863237139272271,-0.0004182350480970154,-0.042059770774582145,0.5167744749778634,False
correlated_signal_attack_1,0d0,mean_shift,negative,1.0,global_D_bus_idpop,2391,1773,0.7415307402760352,0.7482225010455876,-0.006691760769552468,-0.5307596458634375,0.7022073262745085,False
correlated_signal_attack_1,0d0,mean_shift,negative,1.0,global_E_all,2391,2149,0.8987871183605186,0.8992053534086156,-0.0004182350480970154,-0.04798964065446433,0.519137750672026,False
correlated_signal_attack_1,0d0,mean_shift,negative,1.5,global_A_bus,2391,897,0.3751568381430364,0.3851944792973651,-0.010037641154328703,-0.7149571084855243,0.7626822264949988,False
correlated_signal_attack_1,0d0,mean_shift,negative,1.5,global_B_id_population,2391,1781,0.7448766206608114,0.7448766206608114,0.0,0.0,0.5,False
correlated_signal_attack_1,0d0,mean_shift,negative,1.5,global_C_cross_id,2391,2062,0.8624006691760769,0.863237139272271,-0.0008364700961940308,-0.0840655870390956,0.5334978573371506,False
correlated_signal_attack_1,0d0,mean_shift,negative,1.5,global_D_bus_idpop,2391,1773,0.7415307402760352,0.7482225010455876,-0.006691760769552468,-0.5307596458634375,0.7022073262745085,False
correlated_signal_attack_1,0d0,mean_shift,negative,1.5,global_E_all,2391,2149,0.8987871183605186,0.8992053534086156,-0.0004182350480970154,-0.04798964065446433,0.519137750672026,False
fuzzing_attack_1,fff,additive,positive,0.5,global_A_bus,1849,701,0.3791238507301244,0.3791238507301244,0.0,0.0,0.5,False
fuzzing_attack_1,fff,additive,positive,0.5,global_B_id_population,1849,59,0.0319091400757166,0.0319091400757166,0.0,0.0,0.5,False
fuzzing_attack_1,fff,additive,positive,0.5,global_C_cross_id,1849,228,0.1233098972417523,0.1233098972417523,0.0,0.0,0.5,False
fuzzing_attack_1,fff,additive,positive,0.5,global_D_bus_idpop,1849,687,0.37155219037317466,0.37155219037317466,0.0,0.0,0.5,False
fuzzing_attack_1,fff,additive,positive,0.5,global_E_all,1849,641,0.3466738777717685,0.3466738777717685,0.0,0.0,0.5,False
fuzzing_attack_1,fff,additive,positive,1.0,global_A_bus,1849,701,0.3791238507301244,0.3791238507301244,0.0,0.0,0.5,False
fuzzing_attack_1,fff,additive,positive,1.0,global_B_id_population,1849,59,0.0319091400757166,0.0319091400757166,0.0,0.0,0.5,False
fuzzing_attack_1,fff,additive,positive,1.0,global_C_cross_id,1849,228,0.1233098972417523,0.1233098972417523,0.0,0.0,0.5,False
fuzzing_attack_1,fff,additive,positive,1.0,global_D_bus_idpop,1849,687,0.37155219037317466,0.37155219037317466,0.0,0.0,0.5,False
fuzzing_attack_1,fff,additive,positive,1.0,global_E_all,1849,640,0.34613304488912927,0.3466738777717685,-0.0005408328826392306,-0.034559747703231884,0.5137846005045138,False
fuzzing_attack_1,fff,additive,positive,1.5,global_A_bus,1849,701,0.3791238507301244,0.3791238507301244,0.0,0.0,0.5,False
fuzzing_attack_1,fff,additive,positive,1.5,global_B_id_population,1849,59,0.0319091400757166,0.0319091400757166,0.0,0.0,0.5,False
fuzzing_attack_1,fff,additive,positive,1.5,global_C_cross_id,1849,228,0.1233098972417523,0.1233098972417523,0.0,0.0,0.5,False
fuzzing_attack_1,fff,additive,positive,1.5,global_D_bus_idpop,1849,687,0.37155219037317466,0.37155219037317466,0.0,0.0,0.5,False
fuzzing_attack_1,fff,additive,positive,1.5,global_E_all,1849,640,0.34613304488912927,0.3466738777717685,-0.0005408328826392306,-0.034559747703231884,0.5137846005045138,False
fuzzing_attack_1,fff,additive,negative,0.5,global_A_bus,1849,701,0.3791238507301244,0.3791238507301244,0.0,0.0,0.5,False
fuzzing_attack_1,fff,additive,negative,0.5,global_B_id_population,1849,59,0.0319091400757166,0.0319091400757166,0.0,0.0,0.5,False
fuzzing_attack_1,fff,additive,negative,0.5,global_C_cross_id,1849,228,0.1233098972417523,0.1233098972417523,0.0,0.0,0.5,False
fuzzing_attack_1,fff,additive,negative,0.5,global_D_bus_idpop,1849,687,0.37155219037317466,0.37155219037317466,0.0,0.0,0.5,False
fuzzing_attack_1,fff,additive,negative,0.5,global_E_all,1849,641,0.3466738777717685,0.3466738777717685,0.0,0.0,0.5,False
fuzzing_attack_1,fff,additive,negative,1.0,global_A_bus,1849,701,0.3791238507301244,0.3791238507301244,0.0,0.0,0.5,False
fuzzing_attack_1,fff,additive,negative,1.0,global_B_id_population,1849,59,0.0319091400757166,0.0319091400757166,0.0,0.0,0.5,False
fuzzing_attack_1,fff,additive,negative,1.0,global_C_cross_id,1849,228,0.1233098972417523,0.1233098972417523,0.0,0.0,0.5,False
fuzzing_attack_1,fff,additive,negative,1.0,global_D_bus_idpop,1849,687,0.37155219037317466,0.37155219037317466,0.0,0.0,0.5,False
fuzzing_attack_1,fff,additive,negative,1.0,global_E_all,1849,641,0.3466738777717685,0.3466738777717685,0.0,0.0,0.5,False
fuzzing_attack_1,fff,additive,negative,1.5,global_A_bus,1849,701,0.3791238507301244,0.3791238507301244,0.0,0.0,0.5,False
fuzzing_attack_1,fff,additive,negative,1.5,global_B_id_population,1849,59,0.0319091400757166,0.0319091400757166,0.0,0.0,0.5,False
fuzzing_attack_1,fff,additive,negative,1.5,global_C_cross_id,1849,228,0.1233098972417523,0.1233098972417523,0.0,0.0,0.5,False
fuzzing_attack_1,fff,additive,negative,1.5,global_D_bus_idpop,1849,687,0.37155219037317466,0.37155219037317466,0.0,0.0,0.5,False
fuzzing_attack_1,fff,additive,negative,1.5,global_E_all,1849,641,0.3466738777717685,0.3466738777717685,0.0,0.0,0.5,False
fuzzing_attack_1,fff,mean_shift,positive,0.5,global_A_bus,1849,701,0.3791238507301244,0.3791238507301244,0.0,0.0,0.5,False
fuzzing_attack_1,fff,mean_shift,positive,0.5,global_B_id_population,1849,59,0.0319091400757166,0.0319091400757166,0.0,0.0,0.5,False
fuzzing_attack_1,fff,mean_shift,positive,0.5,global_C_cross_id,1849,228,0.1233098972417523,0.1233098972417523,0.0,0.0,0.5,False
fuzzing_attack_1,fff,mean_shift,positive,0.5,global_D_bus_idpop,1849,687,0.37155219037317466,0.37155219037317466,0.0,0.0,0.5,False
fuzzing_attack_1,fff,mean_shift,positive,0.5,global_E_all,1849,641,0.3466738777717685,0.3466738777717685,0.0,0.0,0.5,False
fuzzing_attack_1,fff,mean_shift,positive,1.0,global_A_bus,1849,701,0.3791238507301244,0.3791238507301244,0.0,0.0,0.5,False
fuzzing_attack_1,fff,mean_shift,positive,1.0,global_B_id_population,1849,59,0.0319091400757166,0.0319091400757166,0.0,0.0,0.5,False
fuzzing_attack_1,fff,mean_shift,positive,1.0,global_C_cross_id,1849,228,0.1233098972417523,0.1233098972417523,0.0,0.0,0.5,False
fuzzing_attack_1,fff,mean_shift,positive,1.0,global_D_bus_idpop,1849,687,0.37155219037317466,0.37155219037317466,0.0,0.0,0.5,False
fuzzing_attack_1,fff,mean_shift,positive,1.0,global_E_all,1849,641,0.3466738777717685,0.3466738777717685,0.0,0.0,0.5,False
fuzzing_attack_1,fff,mean_shift,positive,1.5,global_A_bus,1849,701,0.3791238507301244,0.3791238507301244,0.0,0.0,0.5,False
fuzzing_attack_1,fff,mean_shift,positive,1.5,global_B_id_population,1849,59,0.0319091400757166,0.0319091400757166,0.0,0.0,0.5,False
fuzzing_attack_1,fff,mean_shift,positive,1.5,global_C_cross_id,1849,228,0.1233098972417523,0.1233098972417523,0.0,0.0,0.5,False
fuzzing_attack_1,fff,mean_shift,positive,1.5,global_D_bus_idpop,1849,687,0.37155219037317466,0.37155219037317466,0.0,0.0,0.5,False
fuzzing_attack_1,fff,mean_shift,positive,1.5,global_E_all,1849,640,0.34613304488912927,0.3466738777717685,-0.0005408328826392306,-0.034559747703231884,0.5137846005045138,False
fuzzing_attack_1,fff,mean_shift,negative,0.5,global_A_bus,1849,701,0.3791238507301244,0.3791238507301244,0.0,0.0,0.5,False
fuzzing_attack_1,fff,mean_shift,negative,0.5,global_B_id_population,1849,59,0.0319091400757166,0.0319091400757166,0.0,0.0,0.5,False
fuzzing_attack_1,fff,mean_shift,negative,0.5,global_C_cross_id,1849,228,0.1233098972417523,0.1233098972417523,0.0,0.0,0.5,False
fuzzing_attack_1,fff,mean_shift,negative,0.5,global_D_bus_idpop,1849,687,0.37155219037317466,0.37155219037317466,0.0,0.0,0.5,False
fuzzing_attack_1,fff,mean_shift,negative,0.5,global_E_all,1849,641,0.3466738777717685,0.3466738777717685,0.0,0.0,0.5,False
fuzzing_attack_1,fff,mean_shift,negative,1.0,global_A_bus,1849,701,0.3791238507301244,0.3791238507301244,0.0,0.0,0.5,False
fuzzing_attack_1,fff,mean_shift,negative,1.0,global_B_id_population,1849,59,0.0319091400757166,0.0319091400757166,0.0,0.0,0.5,False
fuzzing_attack_1,fff,mean_shift,negative,1.0,global_C_cross_id,1849,228,0.1233098972417523,0.1233098972417523,0.0,0.0,0.5,False
fuzzing_attack_1,fff,mean_shift,negative,1.0,global_D_bus_idpop,1849,687,0.37155219037317466,0.37155219037317466,0.0,0.0,0.5,False
fuzzing_attack_1,fff,mean_shift,negative,1.0,global_E_all,1849,641,0.3466738777717685,0.3466738777717685,0.0,0.0,0.5,False
fuzzing_attack_1,fff,mean_shift,negative,1.5,global_A_bus,1849,701,0.3791238507301244,0.3791238507301244,0.0,0.0,0.5,False
fuzzing_attack_1,fff,mean_shift,negative,1.5,global_B_id_population,1849,59,0.0319091400757166,0.0319091400757166,0.0,0.0,0.5,False
fuzzing_attack_1,fff,mean_shift,negative,1.5,global_C_cross_id,1849,228,0.1233098972417523,0.1233098972417523,0.0,0.0,0.5,False
fuzzing_attack_1,fff,mean_shift,negative,1.5,global_D_bus_idpop,1849,687,0.37155219037317466,0.37155219037317466,0.0,0.0,0.5,False
fuzzing_attack_1,fff,mean_shift,negative,1.5,global_E_all,1849,641,0.3466738777717685,0.3466738777717685,0.0,0.0,0.5,False
fuzzing_attack_1,033,additive,positive,0.5,global_A_bus,1210,611,0.5049586776859504,0.5057851239669422,-0.0008264462809918216,-0.04065812804591131,0.5162157785241336,False
fuzzing_attack_1,033,additive,positive,0.5,global_B_id_population,1210,28,0.023140495867768594,0.023140495867768594,0.0,0.0,0.5,False
fuzzing_attack_1,033,additive,positive,0.5,global_C_cross_id,1210,129,0.10661157024793388,0.10661157024793388,0.0,0.0,0.5,False
fuzzing_attack_1,033,additive,positive,0.5,global_D_bus_idpop,1210,544,0.44958677685950416,0.45041322314049587,-0.0008264462809917106,-0.04086059772504374,0.5162964851716373,False
fuzzing_attack_1,033,additive,positive,0.5,global_E_all,1210,474,0.39173553719008264,0.39173553719008264,0.0,0.0,0.5,False
fuzzing_attack_1,033,additive,positive,1.0,global_A_bus,1210,611,0.5049586776859504,0.5057851239669422,-0.0008264462809918216,-0.04065812804591131,0.5162157785241336,False
fuzzing_attack_1,033,additive,positive,1.0,global_B_id_population,1210,28,0.023140495867768594,0.023140495867768594,0.0,0.0,0.5,False
fuzzing_attack_1,033,additive,positive,1.0,global_C_cross_id,1210,129,0.10661157024793388,0.10661157024793388,0.0,0.0,0.5,False
fuzzing_attack_1,033,additive,positive,1.0,global_D_bus_idpop,1210,543,0.4487603305785124,0.45041322314049587,-0.0016528925619834767,-0.08172804653996289,0.5325685124770341,False
fuzzing_attack_1,033,additive,positive,1.0,global_E_all,1210,474,0.39173553719008264,0.39173553719008264,0.0,0.0,0.5,False
fuzzing_attack_1,033,additive,positive,1.5,global_A_bus,1210,611,0.5049586776859504,0.5057851239669422,-0.0008264462809918216,-0.04065812804591131,0.5162157785241336,False
fuzzing_attack_1,033,additive,positive,1.5,global_B_id_population,1210,28,0.023140495867768594,0.023140495867768594,0.0,0.0,0.5,False
fuzzing_attack_1,033,additive,positive,1.5,global_C_cross_id,1210,129,0.10661157024793388,0.10661157024793388,0.0,0.0,0.5,False
fuzzing_attack_1,033,additive,positive,1.5,global_D_bus_idpop,1210,542,0.4479338842975207,0.45041322314049587,-0.0024793388429751873,-0.12260243364316929,0.5487890363916471,False
fuzzing_attack_1,033,additive,positive,1.5,global_E_all,1210,474,0.39173553719008264,0.39173553719008264,0.0,0.0,0.5,False
fuzzing_attack_1,033,additive,negative,0.5,global_A_bus,1210,612,0.5057851239669422,0.5057851239669422,0.0,0.0,0.5,False
fuzzing_attack_1,033,additive,negative,0.5,global_B_id_population,1210,28,0.023140495867768594,0.023140495867768594,0.0,0.0,0.5,False
fuzzing_attack_1,033,additive,negative,0.5,global_C_cross_id,1210,129,0.10661157024793388,0.10661157024793388,0.0,0.0,0.5,False
fuzzing_attack_1,033,additive,negative,0.5,global_D_bus_idpop,1210,545,0.45041322314049587,0.45041322314049587,0.0,0.0,0.5,False
fuzzing_attack_1,033,additive,negative,0.5,global_E_all,1210,474,0.39173553719008264,0.39173553719008264,0.0,0.0,0.5,False
fuzzing_attack_1,033,additive,negative,1.0,global_A_bus,1210,613,0.5066115702479339,0.5057851239669422,0.0008264462809917106,0.04065890571933969,0.48378391148538635,False
fuzzing_attack_1,033,additive,negative,1.0,global_B_id_population,1210,28,0.023140495867768594,0.023140495867768594,0.0,0.0,0.5,False
fuzzing_attack_1,033,additive,negative,1.0,global_C_cross_id,1210,129,0.10661157024793388,0.10661157024793388,0.0,0.0,0.5,False
fuzzing_attack_1,033,additive,negative,1.0,global_D_bus_idpop,1210,545,0.45041322314049587,0.45041322314049587,0.0,0.0,0.5,False
fuzzing_attack_1,033,additive,negative,1.0,global_E_all,1210,475,0.3925619834710744,0.39173553719008264,0.0008264462809917661,0.04163592719113364,0.48339446615336257,False
fuzzing_attack_1,033,additive,negative,1.5,global_A_bus,1210,613,0.5066115702479339,0.5057851239669422,0.0008264462809917106,0.04065890571933969,0.48378391148538635,False
fuzzing_attack_1,033,additive,negative,1.5,global_B_id_population,1210,28,0.023140495867768594,0.023140495867768594,0.0,0.0,0.5,False
fuzzing_attack_1,033,additive,negative,1.5,global_C_cross_id,1210,129,0.10661157024793388,0.10661157024793388,0.0,0.0,0.5,False
fuzzing_attack_1,033,additive,negative,1.5,global_D_bus_idpop,1210,545,0.45041322314049587,0.45041322314049587,0.0,0.0,0.5,False
fuzzing_attack_1,033,additive,negative,1.5,global_E_all,1210,475,0.3925619834710744,0.39173553719008264,0.0008264462809917661,0.04163592719113364,0.48339446615336257,False
fuzzing_attack_1,033,mean_shift,positive,0.5,global_A_bus,1210,611,0.5049586776859504,0.5057851239669422,-0.0008264462809918216,-0.04065812804591131,0.5162157785241336,False
fuzzing_attack_1,033,mean_shift,positive,0.5,global_B_id_population,1210,28,0.023140495867768594,0.023140495867768594,0.0,0.0,0.5,False
fuzzing_attack_1,033,mean_shift,positive,0.5,global_C_cross_id,1210,129,0.10661157024793388,0.10661157024793388,0.0,0.0,0.5,False
fuzzing_attack_1,033,mean_shift,positive,0.5,global_D_bus_idpop,1210,544,0.44958677685950416,0.45041322314049587,-0.0008264462809917106,-0.04086059772504374,0.5162964851716373,False
fuzzing_attack_1,033,mean_shift,positive,0.5,global_E_all,1210,474,0.39173553719008264,0.39173553719008264,0.0,0.0,0.5,False
fuzzing_attack_1,033,mean_shift,positive,1.0,global_A_bus,1210,611,0.5049586776859504,0.5057851239669422,-0.0008264462809918216,-0.04065812804591131,0.5162157785241336,False
fuzzing_attack_1,033,mean_shift,positive,1.0,global_B_id_population,1210,28,0.023140495867768594,0.023140495867768594,0.0,0.0,0.5,False
fuzzing_attack_1,033,mean_shift,positive,1.0,global_C_cross_id,1210,129,0.10661157024793388,0.10661157024793388,0.0,0.0,0.5,False
fuzzing_attack_1,033,mean_shift,positive,1.0,global_D_bus_idpop,1210,542,0.4479338842975207,0.45041322314049587,-0.0024793388429751873,-0.12260243364316929,0.5487890363916471,False
fuzzing_attack_1,033,mean_shift,positive,1.0,global_E_all,1210,474,0.39173553719008264,0.39173553719008264,0.0,0.0,0.5,False
fuzzing_attack_1,033,mean_shift,positive,1.5,global_A_bus,1210,611,0.5049586776859504,0.5057851239669422,-0.0008264462809918216,-0.04065812804591131,0.5162157785241336,False
fuzzing_attack_1,033,mean_shift,positive,1.5,global_B_id_population,1210,28,0.023140495867768594,0.023140495867768594,0.0,0.0,0.5,False
fuzzing_attack_1,033,mean_shift,positive,1.5,global_C_cross_id,1210,129,0.10661157024793388,0.10661157024793388,0.0,0.0,0.5,False
fuzzing_attack_1,033,mean_shift,positive,1.5,global_D_bus_idpop,1210,542,0.4479338842975207,0.45041322314049587,-0.0024793388429751873,-0.12260243364316929,0.5487890363916471,False
fuzzing_attack_1,033,mean_shift,positive,1.5,global_E_all,1210,474,0.39173553719008264,0.39173553719008264,0.0,0.0,0.5,False
fuzzing_attack_1,033,mean_shift,negative,0.5,global_A_bus,1210,612,0.5057851239669422,0.5057851239669422,0.0,0.0,0.5,False
fuzzing_attack_1,033,mean_shift,negative,0.5,global_B_id_population,1210,28,0.023140495867768594,0.023140495867768594,0.0,0.0,0.5,False
fuzzing_attack_1,033,mean_shift,negative,0.5,global_C_cross_id,1210,129,0.10661157024793388,0.10661157024793388,0.0,0.0,0.5,False
fuzzing_attack_1,033,mean_shift,negative,0.5,global_D_bus_idpop,1210,545,0.45041322314049587,0.45041322314049587,0.0,0.0,0.5,False
fuzzing_attack_1,033,mean_shift,negative,0.5,global_E_all,1210,474,0.39173553719008264,0.39173553719008264,0.0,0.0,0.5,False
fuzzing_attack_1,033,mean_shift,negative,1.0,global_A_bus,1210,613,0.5066115702479339,0.5057851239669422,0.0008264462809917106,0.04065890571933969,0.48378391148538635,False
fuzzing_attack_1,033,mean_shift,negative,1.0,global_B_id_population,1210,28,0.023140495867768594,0.023140495867768594,0.0,0.0,0.5,False
fuzzing_attack_1,033,mean_shift,negative,1.0,global_C_cross_id,1210,129,0.10661157024793388,0.10661157024793388,0.0,0.0,0.5,False
fuzzing_attack_1,033,mean_shift,negative,1.0,global_D_bus_idpop,1210,545,0.45041322314049587,0.45041322314049587,0.0,0.0,0.5,False
fuzzing_attack_1,033,mean_shift,negative,1.0,global_E_all,1210,475,0.3925619834710744,0.39173553719008264,0.0008264462809917661,0.04163592719113364,0.48339446615336257,False
fuzzing_attack_1,033,mean_shift,negative,1.5,global_A_bus,1210,613,0.5066115702479339,0.5057851239669422,0.0008264462809917106,0.04065890571933969,0.48378391148538635,False
fuzzing_attack_1,033,mean_shift,negative,1.5,global_B_id_population,1210,28,0.023140495867768594,0.023140495867768594,0.0,0.0,0.5,False
fuzzing_attack_1,033,mean_shift,negative,1.5,global_C_cross_id,1210,129,0.10661157024793388,0.10661157024793388,0.0,0.0,0.5,False
fuzzing_attack_1,033,mean_shift,negative,1.5,global_D_bus_idpop,1210,545,0.45041322314049587,0.45041322314049587,0.0,0.0,0.5,False
fuzzing_attack_1,033,mean_shift,negative,1.5,global_E_all,1210,475,0.3925619834710744,0.39173553719008264,0.0008264462809917661,0.04163592719113364,0.48339446615336257,False
fuzzing_attack_1,0d0,additive,positive,0.5,global_A_bus,1210,518,0.428099173553719,0.4322314049586777,-0.004132231404958664,-0.20529113200399046,0.5813276639254652,False
fuzzing_attack_1,0d0,additive,positive,0.5,global_B_id_population,1210,21,0.017355371900826446,0.017355371900826446,0.0,0.0,0.5,False
fuzzing_attack_1,0d0,additive,positive,0.5,global_C_cross_id,1210,152,0.1256198347107438,0.1256198347107438,0.0,0.0,0.5,False
fuzzing_attack_1,0d0,additive,positive,0.5,global_D_bus_idpop,1210,469,0.387603305785124,0.39008264462809916,-0.0024793388429751873,-0.12509790566897275,0.5497769793464525,False
fuzzing_attack_1,0d0,additive,positive,0.5,global_E_all,1210,438,0.36198347107438017,0.36363636363636365,-0.0016528925619834767,-0.08455674058568534,0.5336931040731856,False
fuzzing_attack_1,0d0,additive,positive,1.0,global_A_bus,1210,516,0.42644628099173554,0.4322314049586777,-0.005785123966942141,-0.28747568000101886,0.6131259395269092,False
fuzzing_attack_1,0d0,additive,positive,1.0,global_B_id_population,1210,21,0.017355371900826446,0.017355371900826446,0.0,0.0,0.5,False
fuzzing_attack_1,0d0,additive,positive,1.0,global_C_cross_id,1210,149,0.1231404958677686,0.1256198347107438,-0.002479338842975215,-0.18479074295480624,0.573303415565719,False
fuzzing_attack_1,0d0,additive,positive,1.0,global_D_bus_idpop,1210,465,0.384297520661157,0.39008264462809916,-0.005785123966942141,-0.2921227309470429,0.6149036062346781,False
fuzzing_attack_1,0d0,additive,positive,1.0,global_E_all,1210,434,0.3586776859504132,0.36363636363636365,-0.00495867768595043,-0.25392091375968245,0.6002216713250814,False
fuzzing_attack_1,0d0,additive,positive,1.5,global_A_bus,1210,511,0.4223140495867769,0.4322314049586777,-0.009917355371900805,-0.4931136727215369,0.6890338647603379,False
fuzzing_attack_1,0d0,additive,positive,1.5,global_B_id_population,1210,21,0.017355371900826446,0.017355371900826446,0.0,0.0,0.5,False
fuzzing_attack_1,0d0,additive,positive,1.5,global_C_cross_id,1210,144,0.11900826446280992,0.1256198347107438,-0.006611570247933893,-0.4963346078586633,0.6901708234546917,False
fuzzing_attack_1,0d0,additive,positive,1.5,global_D_bus_idpop,1210,463,0.38264462809917354,0.39008264462809916,-0.007438016528925617,-0.37573457465108956,0.6464428843550192,False
fuzzing_attack_1,0d0,additive,positive,1.5,global_E_all,1210,433,0.3578512396694215,0.36363636363636365,-0.005785123966942141,-0.2963148686557788,0.6165051839952076,False
fuzzing_attack_1,0d0,additive,negative,0.5,global_A_bus,1210,528,0.43636363636363634,0.4322314049586777,0.004132231404958664,0.2050570027966499,0.41876379467324126,False
fuzzing_attack_1,0d0,additive,negative,0.5,global_B_id_population,1210,21,0.017355371900826446,0.017355371900826446,0.0,0.0,0.5,False
fuzzing_attack_1,0d0,additive,negative,0.5,global_C_cross_id,1210,157,0.12975206611570247,0.1256198347107438,0.004132231404958664,0.30454700364964127,0.38035559424701276,False
fuzzing_attack_1,0d0,additive,negative,0.5,global_D_bus_idpop,1210,473,0.39090909090909093,0.39008264462809916,0.0008264462809917661,0.04166733924665819,0.4833819454218609,False
fuzzing_attack_1,0d0,additive,negative,0.5,global_E_all,1210,442,0.3652892561983471,0.36363636363636365,0.0016528925619834767,0.08447441995279115,0.466339620026653,False
fuzzing_attack_1,0d0,additive,negative,1.0,global_A_bus,1210,531,0.4388429752066116,0.4322314049586777,0.006611570247933907,0.3279835142281078,0.37146206376395485,False
fuzzing_attack_1,0d0,additive,negative,1.0,global_B_id_population,1210,21,0.017355371900826446,0.017355371900826446,0.0,0.0,0.5,False
fuzzing_attack_1,0d0,additive,negative,1.0,global_C_cross_id,1210,157,0.12975206611570247,0.1256198347107438,0.004132231404958664,0.30454700364964127,0.38035559424701276,False
fuzzing_attack_1,0d0,additive,negative,1.0,global_D_bus_idpop,1210,478,0.3950413223140496,0.39008264462809916,0.00495867768595043,0.2497689587608377,0.40138301317722747,False
fuzzing_attack_1,0d0,additive,negative,1.0,global_E_all,1210,445,0.3677685950413223,0.36363636363636365,0.004132231404958664,0.21103372365989573,0.41643047810997497,False
fuzzing_attack_1,0d0,additive,negative,1.5,global_A_bus,1210,536,0.44297520661157025,0.4322314049586777,0.01074380165289257,0.5326893237174206,0.2971243289010659,False
fuzzing_attack_1,0d0,additive,negative,1.5,global_B_id_population,1210,21,0.017355371900826446,0.017355371900826446,0.0,0.0,0.5,False
fuzzing_attack_1,0d0,additive,negative,1.5,global_C_cross_id,1210,158,0.1305785123966942,0.1256198347107438,0.004958677685950402,0.36495293344823454,0.35757327008805684,False
fuzzing_attack_1,0d0,additive,negative,1.5,global_D_bus_idpop,1210,481,0.3975206611570248,0.39008264462809916,0.007438016528925617,0.3744455599104676,0.3540364261227992,False
fuzzing_attack_1,0d0,additive,negative,1.5,global_E_all,1210,449,0.37107438016528926,0.36363636363636365,0.007438016528925617,0.3794999443927204,0.3521583227814863,False
fuzzing_attack_1,0d0,mean_shift,positive,0.5,global_A_bus,1210,515,0.4256198347107438,0.4322314049586777,-0.006611570247933851,-0.3285829101580253,0.6287645164175104,False
fuzzing_attack_1,0d0,mean_shift,positive,0.5,global_B_id_population,1210,21,0.017355371900826446,0.017355371900826446,0.0,0.0,0.5,False
fuzzing_attack_1,0d0,mean_shift,positive,0.5,global_C_cross_id,1210,147,0.12148760330578512,0.1256198347107438,-0.004132231404958692,-0.30886717713086914,0.6212887171645389,False
fuzzing_attack_1,0d0,mean_shift,positive,0.5,global_D_bus_idpop,1210,466,0.3851239669421488,0.39008264462809916,-0.0049586776859503745,-0.25034182409767625,0.5988384925131698,False
fuzzing_attack_1,0d0,mean_shift,positive,0.5,global_E_all,1210,434,0.3586776859504132,0.36363636363636365,-0.00495867768595043,-0.25392091375968245,0.6002216713250814,False
fuzzing_attack_1,0d0,mean_shift,positive,1.0,global_A_bus,1210,510,0.4214876033057851,0.4322314049586777,-0.01074380165289257,-0.5342722824842022,0.7034234170138377,False
fuzzing_attack_1,0d0,mean_shift,positive,1.0,global_B_id_population,1210,21,0.017355371900826446,0.017355371900826446,0.0,0.0,0.5,False
fuzzing_attack_1,0d0,mean_shift,positive,1.0,global_C_cross_id,1210,144,0.11900826446280992,0.1256198347107438,-0.006611570247933893,-0.4963346078586633,0.6901708234546917,False
fuzzing_attack_1,0d0,mean_shift,positive,1.0,global_D_bus_idpop,1210,460,0.38016528925619836,0.39008264462809916,-0.009917355371900805,-0.5012789954871701,0.691912607166405,False
fuzzing_attack_1,0d0,mean_shift,positive,1.0,global_E_all,1210,432,0.35702479338842974,0.36363636363636365,-0.006611570247933907,-0.33873022401830455,0.6325935150979504,False
fuzzing_attack_1,0d0,mean_shift,positive,1.5,global_A_bus,1210,505,0.41735537190082644,0.4322314049586777,-0.014876033057851235,-0.7402254507688313,0.7704183964765717,False
fuzzing_attack_1,0d0,mean_shift,positive,1.5,global_B_id_population,1210,21,0.017355371900826446,0.017355371900826446,0.0,0.0,0.5,False
fuzzing_attack_1,0d0,mean_shift,positive,1.5,global_C_cross_id,1210,137,0.11322314049586776,0.1256198347107438,-0.012396694214876047,-0.9402823754369458,0.8264636312436069,False
fuzzing_attack_1,0d0,mean_shift,positive,1.5,global_D_bus_idpop,1210,457,0.3776859504132231,0.39008264462809916,-0.012396694214876047,-0.6269779439308595,0.7346631534861514,False
fuzzing_attack_1,0d0,mean_shift,positive,1.5,global_E_all,1210,425,0.3512396694214876,0.36363636363636365,-0.012396694214876047,-0.6362469180267005,0.7376922514934127,False
fuzzing_attack_1,0d0,mean_shift,negative,0.5,global_A_bus,1210,524,0.43305785123966944,0.4322314049586777,0.0008264462809917661,0.04102976915701476,0.48363608174134853,False
fuzzing_attack_1,0d0,mean_shift,negative,0.5,global_B_id_population,1210,21,0.017355371900826446,0.017355371900826446,0.0,0.0,0.5,False
fuzzing_attack_1,0d0,mean_shift,negative,0.5,global_C_cross_id,1210,153,0.12644628099173555,0.1256198347107438,0.0008264462809917383,0.06124950418869425,0.4755802525335081,False
fuzzing_attack_1,0d0,mean_shift,negative,0.5,global_D_bus_idpop,1210,472,0.39008264462809916,0.39008264462809916,0.0,0.0,0.5,False
fuzzing_attack_1,0d0,mean_shift,negative,0.5,global_E_all,1210,440,0.36363636363636365,0.36363636363636365,0.0,0.0,0.5,False
fuzzing_attack_1,0d0,mean_shift,negative,1.0,global_A_bus,1210,527,0.43553719008264463,0.4322314049586777,0.0033057851239669533,0.16406379050504635,0.434840463250913,False
fuzzing_attack_1,0d0,mean_shift,negative,1.0,global_B_id_population,1210,21,0.017355371900826446,0.017355371900826446,0.0,0.0,0.5,False
fuzzing_attack_1,0d0,mean_shift,negative,1.0,global_C_cross_id,1210,156,0.12892561983471074,0.1256198347107438,0.0033057851239669256,0.24397501823713208,0.4036250839660041,False
fuzzing_attack_1,0d0,mean_shift,negative,1.0,global_D_bus_idpop,1210,473,0.39090909090909093,0.39008264462809916,0.0008264462809917661,0.04166733924665819,0.4833819454218609,False
fuzzing_attack_1,0d0,mean_shift,negative,1.0,global_E_all,1210,441,0.36446280991735536,0.36363636363636365,0.0008264462809917106,0.04224744204555727,0.48315072150714533,False
fuzzing_attack_1,0d0,mean_shift,negative,1.5,global_A_bus,1210,531,0.4388429752066116,0.4322314049586777,0.006611570247933907,0.3279835142281078,0.37146206376395485,False
fuzzing_attack_1,0d0,mean_shift,negative,1.5,global_B_id_population,1210,21,0.017355371900826446,0.017355371900826446,0.0,0.0,0.5,False
fuzzing_attack_1,0d0,mean_shift,negative,1.5,global_C_cross_id,1210,158,0.1305785123966942,0.1256198347107438,0.004958677685950402,0.36495293344823454,0.35757327008805684,False
fuzzing_attack_1,0d0,mean_shift,negative,1.5,global_D_bus_idpop,1210,477,0.3942148760330578,0.39008264462809916,0.004132231404958664,0.20817963595565983,0.41754435420614644,False
fuzzing_attack_1,0d0,mean_shift,negative,1.5,global_E_all,1210,443,0.36611570247933883,0.36363636363636365,0.0024793388429751873,0.1266810493560851,0.44959642270261807,False
max_engine_coolant_temp_attack,fff,additive,positive,0.5,global_A_bus,887,7,0.007891770011273957,0.007891770011273957,0.0,0.0,0.5,False
max_engine_coolant_temp_attack,fff,additive,positive,0.5,global_B_id_population,887,6,0.006764374295377677,0.006764374295377677,0.0,0.0,0.5,False
max_engine_coolant_temp_attack,fff,additive,positive,0.5,global_C_cross_id,887,80,0.09019165727170236,0.09019165727170236,0.0,0.0,0.5,False
max_engine_coolant_temp_attack,fff,additive,positive,0.5,global_D_bus_idpop,887,11,0.012401352874859075,0.012401352874859075,0.0,0.0,0.5,False
max_engine_coolant_temp_attack,fff,additive,positive,0.5,global_E_all,887,11,0.012401352874859075,0.012401352874859075,0.0,0.0,0.5,False
max_engine_coolant_temp_attack,fff,additive,positive,1.0,global_A_bus,887,7,0.007891770011273957,0.007891770011273957,0.0,0.0,0.5,False
max_engine_coolant_temp_attack,fff,additive,positive,1.0,global_B_id_population,887,6,0.006764374295377677,0.006764374295377677,0.0,0.0,0.5,False
max_engine_coolant_temp_attack,fff,additive,positive,1.0,global_C_cross_id,887,80,0.09019165727170236,0.09019165727170236,0.0,0.0,0.5,False
max_engine_coolant_temp_attack,fff,additive,positive,1.0,global_D_bus_idpop,887,11,0.012401352874859075,0.012401352874859075,0.0,0.0,0.5,False
max_engine_coolant_temp_attack,fff,additive,positive,1.0,global_E_all,887,11,0.012401352874859075,0.012401352874859075,0.0,0.0,0.5,False
max_engine_coolant_temp_attack,fff,additive,positive,1.5,global_A_bus,887,7,0.007891770011273957,0.007891770011273957,0.0,0.0,0.5,False
max_engine_coolant_temp_attack,fff,additive,positive,1.5,global_B_id_population,887,6,0.006764374295377677,0.006764374295377677,0.0,0.0,0.5,False
max_engine_coolant_temp_attack,fff,additive,positive,1.5,global_C_cross_id,887,80,0.09019165727170236,0.09019165727170236,0.0,0.0,0.5,False
max_engine_coolant_temp_attack,fff,additive,positive,1.5,global_D_bus_idpop,887,11,0.012401352874859075,0.012401352874859075,0.0,0.0,0.5,False
max_engine_coolant_temp_attack,fff,additive,positive,1.5,global_E_all,887,11,0.012401352874859075,0.012401352874859075,0.0,0.0,0.5,False
max_engine_coolant_temp_attack,fff,additive,negative,0.5,global_A_bus,887,7,0.007891770011273957,0.007891770011273957,0.0,0.0,0.5,False
max_engine_coolant_temp_attack,fff,additive,negative,0.5,global_B_id_population,887,6,0.006764374295377677,0.006764374295377677,0.0,0.0,0.5,False
max_engine_coolant_temp_attack,fff,additive,negative,0.5,global_C_cross_id,887,80,0.09019165727170236,0.09019165727170236,0.0,0.0,0.5,False
max_engine_coolant_temp_attack,fff,additive,negative,0.5,global_D_bus_idpop,887,11,0.012401352874859075,0.012401352874859075,0.0,0.0,0.5,False
max_engine_coolant_temp_attack,fff,additive,negative,0.5,global_E_all,887,11,0.012401352874859075,0.012401352874859075,0.0,0.0,0.5,False
max_engine_coolant_temp_attack,fff,additive,negative,1.0,global_A_bus,887,7,0.007891770011273957,0.007891770011273957,0.0,0.0,0.5,False
max_engine_coolant_temp_attack,fff,additive,negative,1.0,global_B_id_population,887,6,0.006764374295377677,0.006764374295377677,0.0,0.0,0.5,False
max_engine_coolant_temp_attack,fff,additive,negative,1.0,global_C_cross_id,887,80,0.09019165727170236,0.09019165727170236,0.0,0.0,0.5,False
max_engine_coolant_temp_attack,fff,additive,negative,1.0,global_D_bus_idpop,887,11,0.012401352874859075,0.012401352874859075,0.0,0.0,0.5,False
max_engine_coolant_temp_attack,fff,additive,negative,1.0,global_E_all,887,11,0.012401352874859075,0.012401352874859075,0.0,0.0,0.5,False
max_engine_coolant_temp_attack,fff,additive,negative,1.5,global_A_bus,887,7,0.007891770011273957,0.007891770011273957,0.0,0.0,0.5,False
max_engine_coolant_temp_attack,fff,additive,negative,1.5,global_B_id_population,887,6,0.006764374295377677,0.006764374295377677,0.0,0.0,0.5,False
max_engine_coolant_temp_attack,fff,additive,negative,1.5,global_C_cross_id,887,80,0.09019165727170236,0.09019165727170236,0.0,0.0,0.5,False
max_engine_coolant_temp_attack,fff,additive,negative,1.5,global_D_bus_idpop,887,11,0.012401352874859075,0.012401352874859075,0.0,0.0,0.5,False
max_engine_coolant_temp_attack,fff,additive,negative,1.5,global_E_all,887,11,0.012401352874859075,0.012401352874859075,0.0,0.0,0.5,False
max_engine_coolant_temp_attack,fff,mean_shift,positive,0.5,global_A_bus,887,7,0.007891770011273957,0.007891770011273957,0.0,0.0,0.5,False
max_engine_coolant_temp_attack,fff,mean_shift,positive,0.5,global_B_id_population,887,6,0.006764374295377677,0.006764374295377677,0.0,0.0,0.5,False
max_engine_coolant_temp_attack,fff,mean_shift,positive,0.5,global_C_cross_id,887,80,0.09019165727170236,0.09019165727170236,0.0,0.0,0.5,False
max_engine_coolant_temp_attack,fff,mean_shift,positive,0.5,global_D_bus_idpop,887,11,0.012401352874859075,0.012401352874859075,0.0,0.0,0.5,False
max_engine_coolant_temp_attack,fff,mean_shift,positive,0.5,global_E_all,887,11,0.012401352874859075,0.012401352874859075,0.0,0.0,0.5,False
max_engine_coolant_temp_attack,fff,mean_shift,positive,1.0,global_A_bus,887,7,0.007891770011273957,0.007891770011273957,0.0,0.0,0.5,False
max_engine_coolant_temp_attack,fff,mean_shift,positive,1.0,global_B_id_population,887,6,0.006764374295377677,0.006764374295377677,0.0,0.0,0.5,False
max_engine_coolant_temp_attack,fff,mean_shift,positive,1.0,global_C_cross_id,887,80,0.09019165727170236,0.09019165727170236,0.0,0.0,0.5,False
max_engine_coolant_temp_attack,fff,mean_shift,positive,1.0,global_D_bus_idpop,887,11,0.012401352874859075,0.012401352874859075,0.0,0.0,0.5,False
max_engine_coolant_temp_attack,fff,mean_shift,positive,1.0,global_E_all,887,11,0.012401352874859075,0.012401352874859075,0.0,0.0,0.5,False
max_engine_coolant_temp_attack,fff,mean_shift,positive,1.5,global_A_bus,887,7,0.007891770011273957,0.007891770011273957,0.0,0.0,0.5,False
max_engine_coolant_temp_attack,fff,mean_shift,positive,1.5,global_B_id_population,887,6,0.006764374295377677,0.006764374295377677,0.0,0.0,0.5,False
max_engine_coolant_temp_attack,fff,mean_shift,positive,1.5,global_C_cross_id,887,80,0.09019165727170236,0.09019165727170236,0.0,0.0,0.5,False
max_engine_coolant_temp_attack,fff,mean_shift,positive,1.5,global_D_bus_idpop,887,11,0.012401352874859075,0.012401352874859075,0.0,0.0,0.5,False
max_engine_coolant_temp_attack,fff,mean_shift,positive,1.5,global_E_all,887,11,0.012401352874859075,0.012401352874859075,0.0,0.0,0.5,False
max_engine_coolant_temp_attack,fff,mean_shift,negative,0.5,global_A_bus,887,7,0.007891770011273957,0.007891770011273957,0.0,0.0,0.5,False
max_engine_coolant_temp_attack,fff,mean_shift,negative,0.5,global_B_id_population,887,6,0.006764374295377677,0.006764374295377677,0.0,0.0,0.5,False
max_engine_coolant_temp_attack,fff,mean_shift,negative,0.5,global_C_cross_id,887,80,0.09019165727170236,0.09019165727170236,0.0,0.0,0.5,False
max_engine_coolant_temp_attack,fff,mean_shift,negative,0.5,global_D_bus_idpop,887,11,0.012401352874859075,0.012401352874859075,0.0,0.0,0.5,False
max_engine_coolant_temp_attack,fff,mean_shift,negative,0.5,global_E_all,887,11,0.012401352874859075,0.012401352874859075,0.0,0.0,0.5,False
max_engine_coolant_temp_attack,fff,mean_shift,negative,1.0,global_A_bus,887,7,0.007891770011273957,0.007891770011273957,0.0,0.0,0.5,False
max_engine_coolant_temp_attack,fff,mean_shift,negative,1.0,global_B_id_population,887,6,0.006764374295377677,0.006764374295377677,0.0,0.0,0.5,False
max_engine_coolant_temp_attack,fff,mean_shift,negative,1.0,global_C_cross_id,887,80,0.09019165727170236,0.09019165727170236,0.0,0.0,0.5,False
max_engine_coolant_temp_attack,fff,mean_shift,negative,1.0,global_D_bus_idpop,887,11,0.012401352874859075,0.012401352874859075,0.0,0.0,0.5,False
max_engine_coolant_temp_attack,fff,mean_shift,negative,1.0,global_E_all,887,11,0.012401352874859075,0.012401352874859075,0.0,0.0,0.5,False
max_engine_coolant_temp_attack,fff,mean_shift,negative,1.5,global_A_bus,887,7,0.007891770011273957,0.007891770011273957,0.0,0.0,0.5,False
max_engine_coolant_temp_attack,fff,mean_shift,negative,1.5,global_B_id_population,887,6,0.006764374295377677,0.006764374295377677,0.0,0.0,0.5,False
max_engine_coolant_temp_attack,fff,mean_shift,negative,1.5,global_C_cross_id,887,80,0.09019165727170236,0.09019165727170236,0.0,0.0,0.5,False
max_engine_coolant_temp_attack,fff,mean_shift,negative,1.5,global_D_bus_idpop,887,11,0.012401352874859075,0.012401352874859075,0.0,0.0,0.5,False
max_engine_coolant_temp_attack,fff,mean_shift,negative,1.5,global_E_all,887,11,0.012401352874859075,0.012401352874859075,0.0,0.0,0.5,False
max_engine_coolant_temp_attack,033,additive,positive,0.5,global_A_bus,590,6,0.010169491525423728,0.010169491525423728,0.0,0.0,0.5,False
max_engine_coolant_temp_attack,033,additive,positive,0.5,global_B_id_population,590,11,0.01864406779661017,0.01864406779661017,0.0,0.0,0.5,False
max_engine_coolant_temp_attack,033,additive,positive,0.5,global_C_cross_id,590,47,0.07966101694915254,0.07966101694915254,0.0,0.0,0.5,False
max_engine_coolant_temp_attack,033,additive,positive,0.5,global_D_bus_idpop,590,8,0.013559322033898305,0.013559322033898305,0.0,0.0,0.5,False
max_engine_coolant_temp_attack,033,additive,positive,0.5,global_E_all,590,9,0.015254237288135594,0.015254237288135594,0.0,0.0,0.5,False
max_engine_coolant_temp_attack,033,additive,positive,1.0,global_A_bus,590,6,0.010169491525423728,0.010169491525423728,0.0,0.0,0.5,False
max_engine_coolant_temp_attack,033,additive,positive,1.0,global_B_id_population,590,11,0.01864406779661017,0.01864406779661017,0.0,0.0,0.5,False
max_engine_coolant_temp_attack,033,additive,positive,1.0,global_C_cross_id,590,47,0.07966101694915254,0.07966101694915254,0.0,0.0,0.5,False
max_engine_coolant_temp_attack,033,additive,positive,1.0,global_D_bus_idpop,590,8,0.013559322033898305,0.013559322033898305,0.0,0.0,0.5,False
max_engine_coolant_temp_attack,033,additive,positive,1.0,global_E_all,590,9,0.015254237288135594,0.015254237288135594,0.0,0.0,0.5,False
max_engine_coolant_temp_attack,033,additive,positive,1.5,global_A_bus,590,6,0.010169491525423728,0.010169491525423728,0.0,0.0,0.5,False
max_engine_coolant_temp_attack,033,additive,positive,1.5,global_B_id_population,590,11,0.01864406779661017,0.01864406779661017,0.0,0.0,0.5,False
max_engine_coolant_temp_attack,033,additive,positive,1.5,global_C_cross_id,590,47,0.07966101694915254,0.07966101694915254,0.0,0.0,0.5,False
max_engine_coolant_temp_attack,033,additive,positive,1.5,global_D_bus_idpop,590,8,0.013559322033898305,0.013559322033898305,0.0,0.0,0.5,False
max_engine_coolant_temp_attack,033,additive,positive,1.5,global_E_all,590,9,0.015254237288135594,0.015254237288135594,0.0,0.0,0.5,False
max_engine_coolant_temp_attack,033,additive,negative,0.5,global_A_bus,590,6,0.010169491525423728,0.010169491525423728,0.0,0.0,0.5,False
max_engine_coolant_temp_attack,033,additive,negative,0.5,global_B_id_population,590,11,0.01864406779661017,0.01864406779661017,0.0,0.0,0.5,False
max_engine_coolant_temp_attack,033,additive,negative,0.5,global_C_cross_id,590,47,0.07966101694915254,0.07966101694915254,0.0,0.0,0.5,False
max_engine_coolant_temp_attack,033,additive,negative,0.5,global_D_bus_idpop,590,8,0.013559322033898305,0.013559322033898305,0.0,0.0,0.5,False
max_engine_coolant_temp_attack,033,additive,negative,0.5,global_E_all,590,9,0.015254237288135594,0.015254237288135594,0.0,0.0,0.5,False
max_engine_coolant_temp_attack,033,additive,negative,1.0,global_A_bus,590,6,0.010169491525423728,0.010169491525423728,0.0,0.0,0.5,False
max_engine_coolant_temp_attack,033,additive,negative,1.0,global_B_id_population,590,11,0.01864406779661017,0.01864406779661017,0.0,0.0,0.5,False
max_engine_coolant_temp_attack,033,additive,negative,1.0,global_C_cross_id,590,47,0.07966101694915254,0.07966101694915254,0.0,0.0,0.5,False
max_engine_coolant_temp_attack,033,additive,negative,1.0,global_D_bus_idpop,590,8,0.013559322033898305,0.013559322033898305,0.0,0.0,0.5,False
max_engine_coolant_temp_attack,033,additive,negative,1.0,global_E_all,590,9,0.015254237288135594,0.015254237288135594,0.0,0.0,0.5,False
max_engine_coolant_temp_attack,033,additive,negative,1.5,global_A_bus,590,6,0.010169491525423728,0.010169491525423728,0.0,0.0,0.5,False
max_engine_coolant_temp_attack,033,additive,negative,1.5,global_B_id_population,590,11,0.01864406779661017,0.01864406779661017,0.0,0.0,0.5,False
max_engine_coolant_temp_attack,033,additive,negative,1.5,global_C_cross_id,590,47,0.07966101694915254,0.07966101694915254,0.0,0.0,0.5,False
max_engine_coolant_temp_attack,033,additive,negative,1.5,global_D_bus_idpop,590,8,0.013559322033898305,0.013559322033898305,0.0,0.0,0.5,False
max_engine_coolant_temp_attack,033,additive,negative,1.5,global_E_all,590,9,0.015254237288135594,0.015254237288135594,0.0,0.0,0.5,False
max_engine_coolant_temp_attack,033,mean_shift,positive,0.5,global_A_bus,590,6,0.010169491525423728,0.010169491525423728,0.0,0.0,0.5,False
max_engine_coolant_temp_attack,033,mean_shift,positive,0.5,global_B_id_population,590,11,0.01864406779661017,0.01864406779661017,0.0,0.0,0.5,False
max_engine_coolant_temp_attack,033,mean_shift,positive,0.5,global_C_cross_id,590,47,0.07966101694915254,0.07966101694915254,0.0,0.0,0.5,False
max_engine_coolant_temp_attack,033,mean_shift,positive,0.5,global_D_bus_idpop,590,8,0.013559322033898305,0.013559322033898305,0.0,0.0,0.5,False
max_engine_coolant_temp_attack,033,mean_shift,positive,0.5,global_E_all,590,9,0.015254237288135594,0.015254237288135594,0.0,0.0,0.5,False
max_engine_coolant_temp_attack,033,mean_shift,positive,1.0,global_A_bus,590,6,0.010169491525423728,0.010169491525423728,0.0,0.0,0.5,False
max_engine_coolant_temp_attack,033,mean_shift,positive,1.0,global_B_id_population,590,11,0.01864406779661017,0.01864406779661017,0.0,0.0,0.5,False
max_engine_coolant_temp_attack,033,mean_shift,positive,1.0,global_C_cross_id,590,47,0.07966101694915254,0.07966101694915254,0.0,0.0,0.5,False
max_engine_coolant_temp_attack,033,mean_shift,positive,1.0,global_D_bus_idpop,590,8,0.013559322033898305,0.013559322033898305,0.0,0.0,0.5,False
max_engine_coolant_temp_attack,033,mean_shift,positive,1.0,global_E_all,590,9,0.015254237288135594,0.015254237288135594,0.0,0.0,0.5,False
max_engine_coolant_temp_attack,033,mean_shift,positive,1.5,global_A_bus,590,6,0.010169491525423728,0.010169491525423728,0.0,0.0,0.5,False
max_engine_coolant_temp_attack,033,mean_shift,positive,1.5,global_B_id_population,590,11,0.01864406779661017,0.01864406779661017,0.0,0.0,0.5,False
max_engine_coolant_temp_attack,033,mean_shift,positive,1.5,global_C_cross_id,590,47,0.07966101694915254,0.07966101694915254,0.0,0.0,0.5,False
max_engine_coolant_temp_attack,033,mean_shift,positive,1.5,global_D_bus_idpop,590,8,0.013559322033898305,0.013559322033898305,0.0,0.0,0.5,False
max_engine_coolant_temp_attack,033,mean_shift,positive,1.5,global_E_all,590,9,0.015254237288135594,0.015254237288135594,0.0,0.0,0.5,False
max_engine_coolant_temp_attack,033,mean_shift,negative,0.5,global_A_bus,590,6,0.010169491525423728,0.010169491525423728,0.0,0.0,0.5,False
max_engine_coolant_temp_attack,033,mean_shift,negative,0.5,global_B_id_population,590,11,0.01864406779661017,0.01864406779661017,0.0,0.0,0.5,False
max_engine_coolant_temp_attack,033,mean_shift,negative,0.5,global_C_cross_id,590,47,0.07966101694915254,0.07966101694915254,0.0,0.0,0.5,False
max_engine_coolant_temp_attack,033,mean_shift,negative,0.5,global_D_bus_idpop,590,8,0.013559322033898305,0.013559322033898305,0.0,0.0,0.5,False
max_engine_coolant_temp_attack,033,mean_shift,negative,0.5,global_E_all,590,9,0.015254237288135594,0.015254237288135594,0.0,0.0,0.5,False
max_engine_coolant_temp_attack,033,mean_shift,negative,1.0,global_A_bus,590,6,0.010169491525423728,0.010169491525423728,0.0,0.0,0.5,False
max_engine_coolant_temp_attack,033,mean_shift,negative,1.0,global_B_id_population,590,11,0.01864406779661017,0.01864406779661017,0.0,0.0,0.5,False
max_engine_coolant_temp_attack,033,mean_shift,negative,1.0,global_C_cross_id,590,47,0.07966101694915254,0.07966101694915254,0.0,0.0,0.5,False
max_engine_coolant_temp_attack,033,mean_shift,negative,1.0,global_D_bus_idpop,590,8,0.013559322033898305,0.013559322033898305,0.0,0.0,0.5,False
max_engine_coolant_temp_attack,033,mean_shift,negative,1.0,global_E_all,590,9,0.015254237288135594,0.015254237288135594,0.0,0.0,0.5,False
max_engine_coolant_temp_attack,033,mean_shift,negative,1.5,global_A_bus,590,6,0.010169491525423728,0.010169491525423728,0.0,0.0,0.5,False
max_engine_coolant_temp_attack,033,mean_shift,negative,1.5,global_B_id_population,590,11,0.01864406779661017,0.01864406779661017,0.0,0.0,0.5,False
max_engine_coolant_temp_attack,033,mean_shift,negative,1.5,global_C_cross_id,590,47,0.07966101694915254,0.07966101694915254,0.0,0.0,0.5,False
max_engine_coolant_temp_attack,033,mean_shift,negative,1.5,global_D_bus_idpop,590,8,0.013559322033898305,0.013559322033898305,0.0,0.0,0.5,False
max_engine_coolant_temp_attack,033,mean_shift,negative,1.5,global_E_all,590,9,0.015254237288135594,0.015254237288135594,0.0,0.0,0.5,False
max_engine_coolant_temp_attack,0a7,additive,positive,0.5,global_A_bus,590,7,0.011864406779661017,0.011864406779661017,0.0,0.0,0.5,False
max_engine_coolant_temp_attack,0a7,additive,positive,0.5,global_B_id_population,590,1,0.001694915254237288,0.001694915254237288,0.0,0.0,0.5,False
max_engine_coolant_temp_attack,0a7,additive,positive,0.5,global_C_cross_id,590,47,0.07966101694915254,0.07966101694915254,0.0,0.0,0.5,False
max_engine_coolant_temp_attack,0a7,additive,positive,0.5,global_D_bus_idpop,590,6,0.010169491525423728,0.010169491525423728,0.0,0.0,0.5,False
max_engine_coolant_temp_attack,0a7,additive,positive,0.5,global_E_all,590,8,0.013559322033898305,0.011864406779661017,0.0016949152542372874,0.2598557980214778,0.3974875041455779,False
max_engine_coolant_temp_attack,0a7,additive,positive,1.0,global_A_bus,590,7,0.011864406779661017,0.011864406779661017,0.0,0.0,0.5,False
max_engine_coolant_temp_attack,0a7,additive,positive,1.0,global_B_id_population,590,1,0.001694915254237288,0.001694915254237288,0.0,0.0,0.5,False
max_engine_coolant_temp_attack,0a7,additive,positive,1.0,global_C_cross_id,590,48,0.08135593220338982,0.07966101694915254,0.0016949152542372892,0.10699520912474919,0.45739639025116907,False
max_engine_coolant_temp_attack,0a7,additive,positive,1.0,global_D_bus_idpop,590,6,0.010169491525423728,0.010169491525423728,0.0,0.0,0.5,False
max_engine_coolant_temp_attack,0a7,additive,positive,1.0,global_E_all,590,9,0.015254237288135594,0.011864406779661017,0.0033898305084745766,0.5034246975634376,0.3073328555283809,False
max_engine_coolant_temp_attack,0a7,additive,positive,1.5,global_A_bus,590,7,0.011864406779661017,0.011864406779661017,0.0,0.0,0.5,False
max_engine_coolant_temp_attack,0a7,additive,positive,1.5,global_B_id_population,590,1,0.001694915254237288,0.001694915254237288,0.0,0.0,0.5,False
max_engine_coolant_temp_attack,0a7,additive,positive,1.5,global_C_cross_id,590,50,0.0847457627118644,0.07966101694915254,0.0050847457627118675,0.3179524405663818,0.3752605065727703,False
max_engine_coolant_temp_attack,0a7,additive,positive,1.5,global_D_bus_idpop,590,6,0.010169491525423728,0.010169491525423728,0.0,0.0,0.5,False
max_engine_coolant_temp_attack,0a7,additive,positive,1.5,global_E_all,590,10,0.01694915254237288,0.011864406779661017,0.005084745762711864,0.7329054316599197,0.23180805501640472,False
max_engine_coolant_temp_attack,0a7,additive,negative,0.5,global_A_bus,590,7,0.011864406779661017,0.011864406779661017,0.0,0.0,0.5,False
max_engine_coolant_temp_attack,0a7,additive,negative,0.5,global_B_id_population,590,1,0.001694915254237288,0.001694915254237288,0.0,0.0,0.5,False
max_engine_coolant_temp_attack,0a7,additive,negative,0.5,global_C_cross_id,590,48,0.08135593220338982,0.07966101694915254,0.0016949152542372892,0.10699520912474919,0.45739639025116907,False
max_engine_coolant_temp_attack,0a7,additive,negative,0.5,global_D_bus_idpop,590,6,0.010169491525423728,0.010169491525423728,0.0,0.0,0.5,False
max_engine_coolant_temp_attack,0a7,additive,negative,0.5,global_E_all,590,7,0.011864406779661017,0.011864406779661017,0.0,0.0,0.5,False
max_engine_coolant_temp_attack,0a7,additive,negative,1.0,global_A_bus,590,7,0.011864406779661017,0.011864406779661017,0.0,0.0,0.5,False
max_engine_coolant_temp_attack,0a7,additive,negative,1.0,global_B_id_population,590,1,0.001694915254237288,0.001694915254237288,0.0,0.0,0.5,False
max_engine_coolant_temp_attack,0a7,additive,negative,1.0,global_C_cross_id,590,46,0.07796610169491526,0.07966101694915254,-0.0016949152542372753,-0.1080400452309919,0.5430180366968046,False
max_engine_coolant_temp_attack,0a7,additive,negative,1.0,global_D_bus_idpop,590,6,0.010169491525423728,0.010169491525423728,0.0,0.0,0.5,False
max_engine_coolant_temp_attack,0a7,additive,negative,1.0,global_E_all,590,6,0.010169491525423728,0.011864406779661017,-0.0016949152542372892,-0.27889061467215337,0.6098356143475621,False
max_engine_coolant_temp_attack,0a7,additive,negative,1.5,global_A_bus,590,7,0.011864406779661017,0.011864406779661017,0.0,0.0,0.5,False
max_engine_coolant_temp_attack,0a7,additive,negative,1.5,global_B_id_population,590,1,0.001694915254237288,0.001694915254237288,0.0,0.0,0.5,False
max_engine_coolant_temp_attack,0a7,additive,negative,1.5,global_C_cross_id,590,44,0.07457627118644068,0.07966101694915254,-0.005084745762711854,-0.3273615153175703,0.6283027647078447,False
max_engine_coolant_temp_attack,0a7,additive,negative,1.5,global_D_bus_idpop,590,6,0.010169491525423728,0.010169491525423728,0.0,0.0,0.5,False
max_engine_coolant_temp_attack,0a7,additive,negative,1.5,global_E_all,590,5,0.00847457627118644,0.011864406779661017,-0.0033898305084745766,-0.5803085307554766,0.7191467121751336,False
max_engine_coolant_temp_attack,0a7,mean_shift,positive,0.5,global_A_bus,590,7,0.011864406779661017,0.011864406779661017,0.0,0.0,0.5,False
max_engine_coolant_temp_attack,0a7,mean_shift,positive,0.5,global_B_id_population,590,1,0.001694915254237288,0.001694915254237288,0.0,0.0,0.5,False
max_engine_coolant_temp_attack,0a7,mean_shift,positive,0.5,global_C_cross_id,590,52,0.08813559322033898,0.07966101694915254,0.008474576271186446,0.5250257013045558,0.2997826621856321,False
max_engine_coolant_temp_attack,0a7,mean_shift,positive,0.5,global_D_bus_idpop,590,6,0.010169491525423728,0.010169491525423728,0.0,0.0,0.5,False
max_engine_coolant_temp_attack,0a7,mean_shift,positive,0.5,global_E_all,590,10,0.01694915254237288,0.011864406779661017,0.005084745762711864,0.7329054316599197,0.23180805501640472,False
max_engine_coolant_temp_attack,0a7,mean_shift,positive,1.0,global_A_bus,590,7,0.011864406779661017,0.011864406779661017,0.0,0.0,0.5,False
max_engine_coolant_temp_attack,0a7,mean_shift,positive,1.0,global_B_id_population,590,1,0.001694915254237288,0.001694915254237288,0.0,0.0,0.5,False
max_engine_coolant_temp_attack,0a7,mean_shift,positive,1.0,global_C_cross_id,590,54,0.09152542372881356,0.07966101694915254,0.011864406779661024,0.7283961379344901,0.2331855633702775,False
max_engine_coolant_temp_attack,0a7,mean_shift,positive,1.0,global_D_bus_idpop,590,6,0.010169491525423728,0.010169491525423728,0.0,0.0,0.5,False
max_engine_coolant_temp_attack,0a7,mean_shift,positive,1.0,global_E_all,590,10,0.01694915254237288,0.011864406779661017,0.005084745762711864,0.7329054316599197,0.23180805501640472,False
max_engine_coolant_temp_attack,0a7,mean_shift,positive,1.5,global_A_bus,590,7,0.011864406779661017,0.011864406779661017,0.0,0.0,0.5,False
max_engine_coolant_temp_attack,0a7,mean_shift,positive,1.5,global_B_id_population,590,1,0.001694915254237288,0.001694915254237288,0.0,0.0,0.5,False
max_engine_coolant_temp_attack,0a7,mean_shift,positive,1.5,global_C_cross_id,590,55,0.09322033898305085,0.07966101694915254,0.013559322033898313,0.8287461508921189,0.20362403246361346,False
max_engine_coolant_temp_attack,0a7,mean_shift,positive,1.5,global_D_bus_idpop,590,7,0.011864406779661017,0.010169491525423728,0.0016949152542372892,0.27889061467215337,0.39016438565243794,False
max_engine_coolant_temp_attack,0a7,mean_shift,positive,1.5,global_E_all,590,10,0.01694915254237288,0.011864406779661017,0.005084745762711864,0.7329054316599197,0.23180805501640472,False
max_engine_coolant_temp_attack,0a7,mean_shift,negative,0.5,global_A_bus,590,7,0.011864406779661017,0.011864406779661017,0.0,0.0,0.5,False
max_engine_coolant_temp_attack,0a7,mean_shift,negative,0.5,global_B_id_population,590,1,0.001694915254237288,0.001694915254237288,0.0,0.0,0.5,False
max_engine_coolant_temp_attack,0a7,mean_shift,negative,0.5,global_C_cross_id,590,50,0.0847457627118644,0.07966101694915254,0.0050847457627118675,0.3179524405663818,0.3752605065727703,False
max_engine_coolant_temp_attack,0a7,mean_shift,negative,0.5,global_D_bus_idpop,590,6,0.010169491525423728,0.010169491525423728,0.0,0.0,0.5,False
max_engine_coolant_temp_attack,0a7,mean_shift,negative,0.5,global_E_all,590,9,0.015254237288135594,0.011864406779661017,0.0033898305084745766,0.5034246975634376,0.3073328555283809,False
max_engine_coolant_temp_attack,0a7,mean_shift,negative,1.0,global_A_bus,590,7,0.011864406779661017,0.011864406779661017,0.0,0.0,0.5,False
max_engine_coolant_temp_attack,0a7,mean_shift,negative,1.0,global_B_id_population,590,1,0.001694915254237288,0.001694915254237288,0.0,0.0,0.5,False
max_engine_coolant_temp_attack,0a7,mean_shift,negative,1.0,global_C_cross_id,590,49,0.08305084745762711,0.07966101694915254,0.0033898305084745783,0.2129711331777988,0.4156747392733485,False
max_engine_coolant_temp_attack,0a7,mean_shift,negative,1.0,global_D_bus_idpop,590,6,0.010169491525423728,0.010169491525423728,0.0,0.0,0.5,False
max_engine_coolant_temp_attack,0a7,mean_shift,negative,1.0,global_E_all,590,9,0.015254237288135594,0.011864406779661017,0.0033898305084745766,0.5034246975634376,0.3073328555283809,False
max_engine_coolant_temp_attack,0a7,mean_shift,negative,1.5,global_A_bus,590,7,0.011864406779661017,0.011864406779661017,0.0,0.0,0.5,False
max_engine_coolant_temp_attack,0a7,mean_shift,negative,1.5,global_B_id_population,590,1,0.001694915254237288,0.001694915254237288,0.0,0.0,0.5,False
max_engine_coolant_temp_attack,0a7,mean_shift,negative,1.5,global_C_cross_id,590,47,0.07966101694915254,0.07966101694915254,0.0,0.0,0.5,False
max_engine_coolant_temp_attack,0a7,mean_shift,negative,1.5,global_D_bus_idpop,590,6,0.010169491525423728,0.010169491525423728,0.0,0.0,0.5,False
max_engine_coolant_temp_attack,0a7,mean_shift,negative,1.5,global_E_all,590,8,0.013559322033898305,0.011864406779661017,0.0016949152542372874,0.2598557980214778,0.3974875041455779,False
max_speedometer_attack_1,fff,additive,positive,0.5,global_A_bus,6946,1555,0.22386985315289376,0.22386985315289376,0.0,0.0,0.5,False
max_speedometer_attack_1,fff,additive,positive,0.5,global_B_id_population,6946,632,0.09098761877339476,0.09098761877339476,0.0,0.0,0.5,False
max_speedometer_attack_1,fff,additive,positive,0.5,global_C_cross_id,6946,640,0.09213936078318456,0.09213936078318456,0.0,0.0,0.5,False
max_speedometer_attack_1,fff,additive,positive,0.5,global_D_bus_idpop,6946,1085,0.1562050100777426,0.1562050100777426,0.0,0.0,0.5,False
max_speedometer_attack_1,fff,additive,positive,0.5,global_E_all,6946,558,0.08033400518283905,0.08033400518283905,0.0,0.0,0.5,False
max_speedometer_attack_1,fff,additive,positive,1.0,global_A_bus,6946,1555,0.22386985315289376,0.22386985315289376,0.0,0.0,0.5,False
max_speedometer_attack_1,fff,additive,positive,1.0,global_B_id_population,6946,632,0.09098761877339476,0.09098761877339476,0.0,0.0,0.5,False
max_speedometer_attack_1,fff,additive,positive,1.0,global_C_cross_id,6946,640,0.09213936078318456,0.09213936078318456,0.0,0.0,0.5,False
max_speedometer_attack_1,fff,additive,positive,1.0,global_D_bus_idpop,6946,1085,0.1562050100777426,0.1562050100777426,0.0,0.0,0.5,False
max_speedometer_attack_1,fff,additive,positive,1.0,global_E_all,6946,558,0.08033400518283905,0.08033400518283905,0.0,0.0,0.5,False
max_speedometer_attack_1,fff,additive,positive,1.5,global_A_bus,6946,1555,0.22386985315289376,0.22386985315289376,0.0,0.0,0.5,False
max_speedometer_attack_1,fff,additive,positive,1.5,global_B_id_population,6946,632,0.09098761877339476,0.09098761877339476,0.0,0.0,0.5,False
max_speedometer_attack_1,fff,additive,positive,1.5,global_C_cross_id,6946,639,0.09199539303196085,0.09213936078318456,-0.00014396775122371697,-0.02934525699203873,0.5117053837155604,False
max_speedometer_attack_1,fff,additive,positive,1.5,global_D_bus_idpop,6946,1085,0.1562050100777426,0.1562050100777426,0.0,0.0,0.5,False
max_speedometer_attack_1,fff,additive,positive,1.5,global_E_all,6946,558,0.08033400518283905,0.08033400518283905,0.0,0.0,0.5,False
max_speedometer_attack_1,fff,additive,negative,0.5,global_A_bus,6946,1555,0.22386985315289376,0.22386985315289376,0.0,0.0,0.5,False
max_speedometer_attack_1,fff,additive,negative,0.5,global_B_id_population,6946,632,0.09098761877339476,0.09098761877339476,0.0,0.0,0.5,False
max_speedometer_attack_1,fff,additive,negative,0.5,global_C_cross_id,6946,640,0.09213936078318456,0.09213936078318456,0.0,0.0,0.5,False
max_speedometer_attack_1,fff,additive,negative,0.5,global_D_bus_idpop,6946,1085,0.1562050100777426,0.1562050100777426,0.0,0.0,0.5,False
max_speedometer_attack_1,fff,additive,negative,0.5,global_E_all,6946,558,0.08033400518283905,0.08033400518283905,0.0,0.0,0.5,False
max_speedometer_attack_1,fff,additive,negative,1.0,global_A_bus,6946,1555,0.22386985315289376,0.22386985315289376,0.0,0.0,0.5,False
max_speedometer_attack_1,fff,additive,negative,1.0,global_B_id_population,6946,632,0.09098761877339476,0.09098761877339476,0.0,0.0,0.5,False
max_speedometer_attack_1,fff,additive,negative,1.0,global_C_cross_id,6946,640,0.09213936078318456,0.09213936078318456,0.0,0.0,0.5,False
max_speedometer_attack_1,fff,additive,negative,1.0,global_D_bus_idpop,6946,1085,0.1562050100777426,0.1562050100777426,0.0,0.0,0.5,False
max_speedometer_attack_1,fff,additive,negative,1.0,global_E_all,6946,558,0.08033400518283905,0.08033400518283905,0.0,0.0,0.5,False
max_speedometer_attack_1,fff,additive,negative,1.5,global_A_bus,6946,1555,0.22386985315289376,0.22386985315289376,0.0,0.0,0.5,False
max_speedometer_attack_1,fff,additive,negative,1.5,global_B_id_population,6946,632,0.09098761877339476,0.09098761877339476,0.0,0.0,0.5,False
max_speedometer_attack_1,fff,additive,negative,1.5,global_C_cross_id,6946,640,0.09213936078318456,0.09213936078318456,0.0,0.0,0.5,False
max_speedometer_attack_1,fff,additive,negative,1.5,global_D_bus_idpop,6946,1085,0.1562050100777426,0.1562050100777426,0.0,0.0,0.5,False
max_speedometer_attack_1,fff,additive,negative,1.5,global_E_all,6946,558,0.08033400518283905,0.08033400518283905,0.0,0.0,0.5,False
max_speedometer_attack_1,fff,mean_shift,positive,0.5,global_A_bus,6946,1555,0.22386985315289376,0.22386985315289376,0.0,0.0,0.5,False
max_speedometer_attack_1,fff,mean_shift,positive,0.5,global_B_id_population,6946,632,0.09098761877339476,0.09098761877339476,0.0,0.0,0.5,False
max_speedometer_attack_1,fff,mean_shift,positive,0.5,global_C_cross_id,6946,640,0.09213936078318456,0.09213936078318456,0.0,0.0,0.5,False
max_speedometer_attack_1,fff,mean_shift,positive,0.5,global_D_bus_idpop,6946,1085,0.1562050100777426,0.1562050100777426,0.0,0.0,0.5,False
max_speedometer_attack_1,fff,mean_shift,positive,0.5,global_E_all,6946,558,0.08033400518283905,0.08033400518283905,0.0,0.0,0.5,False
max_speedometer_attack_1,fff,mean_shift,positive,1.0,global_A_bus,6946,1555,0.22386985315289376,0.22386985315289376,0.0,0.0,0.5,False
max_speedometer_attack_1,fff,mean_shift,positive,1.0,global_B_id_population,6946,632,0.09098761877339476,0.09098761877339476,0.0,0.0,0.5,False
max_speedometer_attack_1,fff,mean_shift,positive,1.0,global_C_cross_id,6946,639,0.09199539303196085,0.09213936078318456,-0.00014396775122371697,-0.02934525699203873,0.5117053837155604,False
max_speedometer_attack_1,fff,mean_shift,positive,1.0,global_D_bus_idpop,6946,1085,0.1562050100777426,0.1562050100777426,0.0,0.0,0.5,False
max_speedometer_attack_1,fff,mean_shift,positive,1.0,global_E_all,6946,558,0.08033400518283905,0.08033400518283905,0.0,0.0,0.5,False
max_speedometer_attack_1,fff,mean_shift,positive,1.5,global_A_bus,6946,1555,0.22386985315289376,0.22386985315289376,0.0,0.0,0.5,False
max_speedometer_attack_1,fff,mean_shift,positive,1.5,global_B_id_population,6946,632,0.09098761877339476,0.09098761877339476,0.0,0.0,0.5,False
max_speedometer_attack_1,fff,mean_shift,positive,1.5,global_C_cross_id,6946,639,0.09199539303196085,0.09213936078318456,-0.00014396775122371697,-0.02934525699203873,0.5117053837155604,False
max_speedometer_attack_1,fff,mean_shift,positive,1.5,global_D_bus_idpop,6946,1085,0.1562050100777426,0.1562050100777426,0.0,0.0,0.5,False
max_speedometer_attack_1,fff,mean_shift,positive,1.5,global_E_all,6946,558,0.08033400518283905,0.08033400518283905,0.0,0.0,0.5,False
max_speedometer_attack_1,fff,mean_shift,negative,0.5,global_A_bus,6946,1555,0.22386985315289376,0.22386985315289376,0.0,0.0,0.5,False
max_speedometer_attack_1,fff,mean_shift,negative,0.5,global_B_id_population,6946,632,0.09098761877339476,0.09098761877339476,0.0,0.0,0.5,False
max_speedometer_attack_1,fff,mean_shift,negative,0.5,global_C_cross_id,6946,640,0.09213936078318456,0.09213936078318456,0.0,0.0,0.5,False
max_speedometer_attack_1,fff,mean_shift,negative,0.5,global_D_bus_idpop,6946,1085,0.1562050100777426,0.1562050100777426,0.0,0.0,0.5,False
max_speedometer_attack_1,fff,mean_shift,negative,0.5,global_E_all,6946,558,0.08033400518283905,0.08033400518283905,0.0,0.0,0.5,False
max_speedometer_attack_1,fff,mean_shift,negative,1.0,global_A_bus,6946,1555,0.22386985315289376,0.22386985315289376,0.0,0.0,0.5,False
max_speedometer_attack_1,fff,mean_shift,negative,1.0,global_B_id_population,6946,632,0.09098761877339476,0.09098761877339476,0.0,0.0,0.5,False
max_speedometer_attack_1,fff,mean_shift,negative,1.0,global_C_cross_id,6946,640,0.09213936078318456,0.09213936078318456,0.0,0.0,0.5,False
max_speedometer_attack_1,fff,mean_shift,negative,1.0,global_D_bus_idpop,6946,1085,0.1562050100777426,0.1562050100777426,0.0,0.0,0.5,False
max_speedometer_attack_1,fff,mean_shift,negative,1.0,global_E_all,6946,558,0.08033400518283905,0.08033400518283905,0.0,0.0,0.5,False
max_speedometer_attack_1,fff,mean_shift,negative,1.5,global_A_bus,6946,1555,0.22386985315289376,0.22386985315289376,0.0,0.0,0.5,False
max_speedometer_attack_1,fff,mean_shift,negative,1.5,global_B_id_population,6946,632,0.09098761877339476,0.09098761877339476,0.0,0.0,0.5,False
max_speedometer_attack_1,fff,mean_shift,negative,1.5,global_C_cross_id,6946,640,0.09213936078318456,0.09213936078318456,0.0,0.0,0.5,False
max_speedometer_attack_1,fff,mean_shift,negative,1.5,global_D_bus_idpop,6946,1085,0.1562050100777426,0.1562050100777426,0.0,0.0,0.5,False
max_speedometer_attack_1,fff,mean_shift,negative,1.5,global_E_all,6946,558,0.08033400518283905,0.08033400518283905,0.0,0.0,0.5,False
max_speedometer_attack_1,0d0,additive,positive,0.5,global_A_bus,2129,636,0.29873179896665103,0.29732268670737433,0.0014091122592767014,0.1005148698617643,0.4599677890900906,False
max_speedometer_attack_1,0d0,additive,positive,0.5,global_B_id_population,2129,20,0.009394081728511038,0.009394081728511038,0.0,0.0,0.5,False
max_speedometer_attack_1,0d0,additive,positive,0.5,global_C_cross_id,2129,34,0.015969938938468764,0.015969938938468764,0.0,0.0,0.5,False
max_speedometer_attack_1,0d0,additive,positive,0.5,global_D_bus_idpop,2129,153,0.07186472522310944,0.07139502113668389,0.0004697040864255486,0.05942777928372959,0.47630569374287407,False
max_speedometer_attack_1,0d0,additive,positive,0.5,global_E_all,2129,65,0.030530765617660875,0.030530765617660875,0.0,0.0,0.5,False
max_speedometer_attack_1,0d0,additive,positive,1.0,global_A_bus,2129,642,0.3015500234852043,0.29732268670737433,0.004227336777829993,0.3011366528765736,0.3816551462502372,False
max_speedometer_attack_1,0d0,additive,positive,1.0,global_B_id_population,2129,20,0.009394081728511038,0.009394081728511038,0.0,0.0,0.5,False
max_speedometer_attack_1,0d0,additive,positive,1.0,global_C_cross_id,2129,34,0.015969938938468764,0.015969938938468764,0.0,0.0,0.5,False
max_speedometer_attack_1,0d0,additive,positive,1.0,global_D_bus_idpop,2129,153,0.07186472522310944,0.07139502113668389,0.0004697040864255486,0.05942777928372959,0.47630569374287407,False
max_speedometer_attack_1,0d0,additive,positive,1.0,global_E_all,2129,66,0.031000469704086424,0.030530765617660875,0.0004697040864255486,0.08874623680257121,0.4646417929111576,False
max_speedometer_attack_1,0d0,additive,positive,1.5,global_A_bus,2129,648,0.3043682480037576,0.29732268670737433,0.007045561296383285,0.5012219772662752,0.3081074544091831,False
max_speedometer_attack_1,0d0,additive,positive,1.5,global_B_id_population,2129,20,0.009394081728511038,0.009394081728511038,0.0,0.0,0.5,False
max_speedometer_attack_1,0d0,additive,positive,1.5,global_C_cross_id,2129,34,0.015969938938468764,0.015969938938468764,0.0,0.0,0.5,False
max_speedometer_attack_1,0d0,additive,positive,1.5,global_D_bus_idpop,2129,153,0.07186472522310944,0.07139502113668389,0.0004697040864255486,0.05942777928372959,0.47630569374287407,False
max_speedometer_attack_1,0d0,additive,positive,1.5,global_E_all,2129,65,0.030530765617660875,0.030530765617660875,0.0,0.0,0.5,False
max_speedometer_attack_1,0d0,additive,negative,0.5,global_A_bus,2129,627,0.29450446218882104,0.29732268670737433,-0.0028182245185532917,-0.20144337643198712,0.5798240495920755,False
max_speedometer_attack_1,0d0,additive,negative,0.5,global_B_id_population,2129,20,0.009394081728511038,0.009394081728511038,0.0,0.0,0.5,False
max_speedometer_attack_1,0d0,additive,negative,0.5,global_C_cross_id,2129,34,0.015969938938468764,0.015969938938468764,0.0,0.0,0.5,False
max_speedometer_attack_1,0d0,additive,negative,0.5,global_D_bus_idpop,2129,151,0.07092531705025834,0.07139502113668389,-0.0004697040864255486,-0.05960851058058205,0.5237662800194983,False
max_speedometer_attack_1,0d0,additive,negative,0.5,global_E_all,2129,65,0.030530765617660875,0.030530765617660875,0.0,0.0,0.5,False
max_speedometer_attack_1,0d0,additive,negative,1.0,global_A_bus,2129,619,0.29074682949741665,0.29732268670737433,-0.006575857209957681,-0.47090598663124533,0.6811460636464925,False
max_speedometer_attack_1,0d0,additive,negative,1.0,global_B_id_population,2129,20,0.009394081728511038,0.009394081728511038,0.0,0.0,0.5,False
max_speedometer_attack_1,0d0,additive,negative,1.0,global_C_cross_id,2129,35,0.016439643024894316,0.015969938938468764,0.0004697040864255521,0.12137328405185258,0.45169768832806606,False
max_speedometer_attack_1,0d0,additive,negative,1.0,global_D_bus_idpop,2129,153,0.07186472522310944,0.07139502113668389,0.0004697040864255486,0.05942777928372959,0.47630569374287407,False
max_speedometer_attack_1,0d0,additive,negative,1.0,global_E_all,2129,65,0.030530765617660875,0.030530765617660875,0.0,0.0,0.5,False
max_speedometer_attack_1,0d0,additive,negative,1.5,global_A_bus,2129,612,0.28745890089243775,0.29732268670737433,-0.009863785814936576,-0.707518632894835,0.7603778811812768,False
max_speedometer_attack_1,0d0,additive,negative,1.5,global_B_id_population,2129,20,0.009394081728511038,0.009394081728511038,0.0,0.0,0.5,False
max_speedometer_attack_1,0d0,additive,negative,1.5,global_C_cross_id,2129,35,0.016439643024894316,0.015969938938468764,0.0004697040864255521,0.12137328405185258,0.45169768832806606,False
max_speedometer_attack_1,0d0,additive,negative,1.5,global_D_bus_idpop,2129,154,0.07233442930953499,0.07139502113668389,0.0009394081728510972,0.11867620306457509,0.45276594524538416,False
max_speedometer_attack_1,0d0,additive,negative,1.5,global_E_all,2129,65,0.030530765617660875,0.030530765617660875,0.0,0.0,0.5,False
max_speedometer_attack_1,0d0,mean_shift,positive,0.5,global_A_bus,2129,635,0.2982620948802255,0.29732268670737433,0.0009394081728511527,0.0670251204745881,0.4732808524582263,False
max_speedometer_attack_1,0d0,mean_shift,positive,0.5,global_B_id_population,2129,20,0.009394081728511038,0.009394081728511038,0.0,0.0,0.5,False
max_speedometer_attack_1,0d0,mean_shift,positive,0.5,global_C_cross_id,2129,34,0.015969938938468764,0.015969938938468764,0.0,0.0,0.5,False
max_speedometer_attack_1,0d0,mean_shift,positive,0.5,global_D_bus_idpop,2129,154,0.07233442930953499,0.07139502113668389,0.0009394081728510972,0.11867620306457509,0.45276594524538416,False
max_speedometer_attack_1,0d0,mean_shift,positive,0.5,global_E_all,2129,66,0.031000469704086424,0.030530765617660875,0.0004697040864255486,0.08874623680257121,0.4646417929111576,False
max_speedometer_attack_1,0d0,mean_shift,positive,1.0,global_A_bus,2129,638,0.2996712071395021,0.29732268670737433,0.0023485204321277986,0.16744895682323452,0.4335084034672053,False
max_speedometer_attack_1,0d0,mean_shift,positive,1.0,global_B_id_population,2129,20,0.009394081728511038,0.009394081728511038,0.0,0.0,0.5,False
max_speedometer_attack_1,0d0,mean_shift,positive,1.0,global_C_cross_id,2129,34,0.015969938938468764,0.015969938938468764,0.0,0.0,0.5,False
max_speedometer_attack_1,0d0,mean_shift,positive,1.0,global_D_bus_idpop,2129,154,0.07233442930953499,0.07139502113668389,0.0009394081728510972,0.11867620306457509,0.45276594524538416,False
max_speedometer_attack_1,0d0,mean_shift,positive,1.0,global_E_all,2129,66,0.031000469704086424,0.030530765617660875,0.0004697040864255486,0.08874623680257121,0.4646417929111576,False
max_speedometer_attack_1,0d0,mean_shift,positive,1.5,global_A_bus,2129,644,0.3024894316580554,0.29732268670737433,0.00516674495068109,0.36789092679328794,0.3564772829505445,False
max_speedometer_attack_1,0d0,mean_shift,positive,1.5,global_B_id_population,2129,20,0.009394081728511038,0.009394081728511038,0.0,0.0,0.5,False
max_speedometer_attack_1,0d0,mean_shift,positive,1.5,global_C_cross_id,2129,34,0.015969938938468764,0.015969938938468764,0.0,0.0,0.5,False
max_speedometer_attack_1,0d0,mean_shift,positive,1.5,global_D_bus_idpop,2129,154,0.07233442930953499,0.07139502113668389,0.0009394081728510972,0.11867620306457509,0.45276594524538416,False
max_speedometer_attack_1,0d0,mean_shift,positive,1.5,global_E_all,2129,66,0.031000469704086424,0.030530765617660875,0.0004697040864255486,0.08874623680257121,0.4646417929111576,False
max_speedometer_attack_1,0d0,mean_shift,negative,0.5,global_A_bus,2129,625,0.29356505401596994,0.29732268670737433,-0.003757632691404389,-0.2687149738085182,0.6059254859788252,False
max_speedometer_attack_1,0d0,mean_shift,negative,0.5,global_B_id_population,2129,20,0.009394081728511038,0.009394081728511038,0.0,0.0,0.5,False
max_speedometer_attack_1,0d0,mean_shift,negative,0.5,global_C_cross_id,2129,34,0.015969938938468764,0.015969938938468764,0.0,0.0,0.5,False
max_speedometer_attack_1,0d0,mean_shift,negative,0.5,global_D_bus_idpop,2129,153,0.07186472522310944,0.07139502113668389,0.0004697040864255486,0.05942777928372959,0.47630569374287407,False
max_speedometer_attack_1,0d0,mean_shift,negative,0.5,global_E_all,2129,65,0.030530765617660875,0.030530765617660875,0.0,0.0,0.5,False
max_speedometer_attack_1,0d0,mean_shift,negative,1.0,global_A_bus,2129,620,0.2912165335838422,0.29732268670737433,-0.006106153123532132,-0.4371680426941393,0.6690052579707061,False
max_speedometer_attack_1,0d0,mean_shift,negative,1.0,global_B_id_population,2129,20,0.009394081728511038,0.009394081728511038,0.0,0.0,0.5,False
max_speedometer_attack_1,0d0,mean_shift,negative,1.0,global_C_cross_id,2129,34,0.015969938938468764,0.015969938938468764,0.0,0.0,0.5,False
max_speedometer_attack_1,0d0,mean_shift,negative,1.0,global_D_bus_idpop,2129,154,0.07233442930953499,0.07139502113668389,0.0009394081728510972,0.11867620306457509,0.45276594524538416,False
max_speedometer_attack_1,0d0,mean_shift,negative,1.0,global_E_all,2129,65,0.030530765617660875,0.030530765617660875,0.0,0.0,0.5,False
max_speedometer_attack_1,0d0,mean_shift,negative,1.5,global_A_bus,2129,611,0.2869891968060122,0.29732268670737433,-0.010333489901362125,-0.741384829708292,0.7707699299923165,False
max_speedometer_attack_1,0d0,mean_shift,negative,1.5,global_B_id_population,2129,20,0.009394081728511038,0.009394081728511038,0.0,0.0,0.5,False
max_speedometer_attack_1,0d0,mean_shift,negative,1.5,global_C_cross_id,2129,35,0.016439643024894316,0.015969938938468764,0.0004697040864255521,0.12137328405185258,0.45169768832806606,False
max_speedometer_attack_1,0d0,mean_shift,negative,1.5,global_D_bus_idpop,2129,154,0.07233442930953499,0.07139502113668389,0.0009394081728510972,0.11867620306457509,0.45276594524538416,False
max_speedometer_attack_1,0d0,mean_shift,negative,1.5,global_E_all,2129,64,0.030061061531235323,0.030530765617660875,-0.0004697040864255521,-0.08940988411020762,0.5356219157251494,False
max_speedometer_attack_1,00e,additive,positive,0.5,global_A_bus,4601,939,0.20408606824603348,0.19647902629863073,0.007607041947402748,0.9116687948119214,0.18097154781412547,False
max_speedometer_attack_1,00e,additive,positive,0.5,global_B_id_population,4601,298,0.06476852858074332,0.06476852858074332,0.0,0.0,0.5,False
max_speedometer_attack_1,00e,additive,positive,0.5,global_C_cross_id,4601,347,0.07541838730710715,0.07541838730710715,0.0,0.0,0.5,False
max_speedometer_attack_1,00e,additive,positive,0.5,global_D_bus_idpop,4601,610,0.13257987394044773,0.13149315366224734,0.0010867202782003926,0.1539682372362145,0.43881738996119335,False
max_speedometer_attack_1,00e,additive,positive,0.5,global_E_all,4601,315,0.06846337752662465,0.06759400130406433,0.0008693762225603224,0.16560427854708812,0.434234189998051,False
max_speedometer_attack_1,00e,additive,positive,1.0,global_A_bus,4601,980,0.21299717452727668,0.19647902629863073,0.016518148228645946,1.9634419013861877,0.02479742453775336,True
max_speedometer_attack_1,00e,additive,positive,1.0,global_B_id_population,4601,298,0.06476852858074332,0.06476852858074332,0.0,0.0,0.5,False
max_speedometer_attack_1,00e,additive,positive,1.0,global_C_cross_id,4601,348,0.07563573136274723,0.07541838730710715,0.00021734405564008408,0.03945122524835491,0.4842653199144705,False
max_speedometer_attack_1,00e,additive,positive,1.0,global_D_bus_idpop,4601,622,0.13518800260812866,0.13149315366224734,0.0036948489458813183,0.5213176256803458,0.30107276226765783,False
max_speedometer_attack_1,00e,additive,positive,1.0,global_E_all,4601,318,0.06911540969354488,0.06759400130406433,0.001521408389480547,0.2891661281094773,0.38622712548234384,False
max_speedometer_attack_1,00e,additive,positive,1.5,global_A_bus,4601,1017,0.22103890458595957,0.19647902629863073,0.024559878287328835,2.8984136077002005,0.001875278102910509,True
max_speedometer_attack_1,00e,additive,positive,1.5,global_B_id_population,4601,298,0.06476852858074332,0.06476852858074332,0.0,0.0,0.5,False
max_speedometer_attack_1,00e,additive,positive,1.5,global_C_cross_id,4601,350,0.07607041947402739,0.07541838730710715,0.0006520321669202384,0.118197644325927,0.45295552821519125,False
max_speedometer_attack_1,00e,additive,positive,1.5,global_D_bus_idpop,4601,628,0.13649206694196914,0.13149315366224734,0.004998913279721795,0.7038587254812129,0.24076037881907325,False
max_speedometer_attack_1,00e,additive,positive,1.5,global_E_all,4601,322,0.0699847859161052,0.06759400130406433,0.0023907846120408693,0.4530716345889132,0.32524857993558887,False
max_speedometer_attack_1,00e,additive,negative,0.5,global_A_bus,4601,870,0.18908932840686807,0.19647902629863073,-0.007389697891762664,-0.8984776456531949,0.8155345211451126,False
max_speedometer_attack_1,00e,additive,negative,0.5,global_B_id_population,4601,298,0.06476852858074332,0.06476852858074332,0.0,0.0,0.5,False
max_speedometer_attack_1,00e,additive,negative,0.5,global_C_cross_id,4601,348,0.07563573136274723,0.07541838730710715,0.00021734405564008408,0.03945122524835491,0.4842653199144705,False
max_speedometer_attack_1,00e,additive,negative,0.5,global_D_bus_idpop,4601,596,0.12953705716148664,0.13149315366224734,-0.001956096500760701,-0.27850948165036166,0.609689356220307,False
max_speedometer_attack_1,00e,additive,negative,0.5,global_E_all,4601,313,0.06802868941534448,0.06759400130406433,0.0004346881112801543,0.08292505998328487,0.466955563839201,False
max_speedometer_attack_1,00e,additive,negative,1.0,global_A_bus,4601,852,0.18517713540534667,0.19647902629863073,-0.011301890893284067,-1.3794967650074124,0.9161291785162551,False
max_speedometer_attack_1,00e,additive,negative,1.0,global_B_id_population,4601,298,0.06476852858074332,0.06476852858074332,0.0,0.0,0.5,False
max_speedometer_attack_1,00e,additive,negative,1.0,global_C_cross_id,4601,348,0.07563573136274723,0.07541838730710715,0.00021734405564008408,0.03945122524835491,0.4842653199144705,False
max_speedometer_attack_1,00e,additive,negative,1.0,global_D_bus_idpop,4601,588,0.127798304716366,0.13149315366224734,-0.003694848945881346,-0.5275706991453529,0.7011013328567589,False
max_speedometer_attack_1,00e,additive,negative,1.0,global_E_all,4601,312,0.06781134535970441,0.06759400130406433,0.00021734405564008408,0.04149337463572204,0.48345128729096953,False
max_speedometer_attack_1,00e,additive,negative,1.5,global_A_bus,4601,833,0.18104759834818518,0.19647902629863073,-0.015431427950445553,-1.8914055015090894,0.97071488262399,False
max_speedometer_attack_1,00e,additive,negative,1.5,global_B_id_population,4601,298,0.06476852858074332,0.06476852858074332,0.0,0.0,0.5,False
max_speedometer_attack_1,00e,additive,negative,1.5,global_C_cross_id,4601,349,0.0758530754183873,0.07541838730710715,0.0004346881112801543,0.07885038190433462,0.4685758148989198,False
max_speedometer_attack_1,00e,additive,negative,1.5,global_D_bus_idpop,4601,579,0.1258422082156053,0.13149315366224734,-0.005650945446642047,-0.8094789977305477,0.7908801606914515,False
max_speedometer_attack_1,00e,additive,negative,1.5,global_E_all,4601,312,0.06781134535970441,0.06759400130406433,0.00021734405564008408,0.04149337463572204,0.48345128729096953,False
max_speedometer_attack_1,00e,mean_shift,positive,0.5,global_A_bus,4601,911,0.1980004346881113,0.19647902629863073,0.0015214083894805608,0.18338625862038993,0.42724747853278616,False
max_speedometer_attack_1,00e,mean_shift,positive,0.5,global_B_id_population,4601,298,0.06476852858074332,0.06476852858074332,0.0,0.0,0.5,False
max_speedometer_attack_1,00e,mean_shift,positive,0.5,global_C_cross_id,4601,347,0.07541838730710715,0.07541838730710715,0.0,0.0,0.5,False
max_speedometer_attack_1,00e,mean_shift,positive,0.5,global_D_bus_idpop,4601,606,0.13171049771788743,0.13149315366224734,0.00021734405564008408,0.03083674131495631,0.48769986950569094,False
max_speedometer_attack_1,00e,mean_shift,positive,0.5,global_E_all,4601,314,0.06824603347098457,0.06759400130406433,0.0006520321669202384,0.12429528528201302,0.4505407400774583,False
max_speedometer_attack_1,00e,mean_shift,positive,1.0,global_A_bus,4601,950,0.20647685285807432,0.19647902629863073,0.00999782655944359,1.195527326692841,0.11594053306720808,False
max_speedometer_attack_1,00e,mean_shift,positive,1.0,global_B_id_population,4601,298,0.06476852858074332,0.06476852858074332,0.0,0.0,0.5,False
max_speedometer_attack_1,00e,mean_shift,positive,1.0,global_C_cross_id,4601,346,0.07520104325146708,0.07541838730710715,-0.0002173440556400702,-0.03950346903888664,0.5157555061078631,False
max_speedometer_attack_1,00e,mean_shift,positive,1.0,global_D_bus_idpop,4601,614,0.13344925016300804,0.13149315366224734,0.001956096500760701,0.2767570587437243,0.3909833279006244,False
max_speedometer_attack_1,00e,mean_shift,positive,1.0,global_E_all,4601,315,0.06846337752662465,0.06759400130406433,0.0008693762225603224,0.16560427854708812,0.434234189998051,False
max_speedometer_attack_1,00e,mean_shift,positive,1.5,global_A_bus,4601,976,0.21212779830471637,0.19647902629863073,0.015648772006085637,1.861571939599325,0.03133172580554087,True
max_speedometer_attack_1,00e,mean_shift,positive,1.5,global_B_id_population,4601,298,0.06476852858074332,0.06476852858074332,0.0,0.0,0.5,False
max_speedometer_attack_1,00e,mean_shift,positive,1.5,global_C_cross_id,4601,348,0.07563573136274723,0.07541838730710715,0.00021734405564008408,0.03945122524835491,0.4842653199144705,False
max_speedometer_attack_1,00e,mean_shift,positive,1.5,global_D_bus_idpop,4601,633,0.13757878722016953,0.13149315366224734,0.006085633557922188,0.8554077837544931,0.1961627179910997,False
max_speedometer_attack_1,00e,mean_shift,positive,1.5,global_E_all,4601,317,0.0688980656379048,0.06759400130406433,0.0013040643338404767,0.24803947496763198,0.402051932161355,False
max_speedometer_attack_1,00e,mean_shift,negative,0.5,global_A_bus,4601,859,0.1866985437948272,0.19647902629863073,-0.009780482503803534,-1.1919833600229406,0.8833661150162582,False
max_speedometer_attack_1,00e,mean_shift,negative,0.5,global_B_id_population,4601,298,0.06476852858074332,0.06476852858074332,0.0,0.0,0.5,False
max_speedometer_attack_1,00e,mean_shift,negative,0.5,global_C_cross_id,4601,348,0.07563573136274723,0.07541838730710715,0.00021734405564008408,0.03945122524835491,0.4842653199144705,False
max_speedometer_attack_1,00e,mean_shift,negative,0.5,global_D_bus_idpop,4601,590,0.12823299282764616,0.13149315366224734,-0.003260160834601178,-0.46517193699516146,0.6790958332283733,False
max_speedometer_attack_1,00e,mean_shift,negative,0.5,global_E_all,4601,311,0.06759400130406433,0.06759400130406433,0.0,0.0,0.5,False
max_speedometer_attack_1,00e,mean_shift,negative,1.0,global_A_bus,4601,840,0.1825690067376657,0.19647902629863073,-0.01391001956096502,-1.7023021930321942,0.9556506330350748,False
max_speedometer_attack_1,00e,mean_shift,negative,1.0,global_B_id_population,4601,298,0.06476852858074332,0.06476852858074332,0.0,0.0,0.5,False
max_speedometer_attack_1,00e,mean_shift,negative,1.0,global_C_cross_id,4601,348,0.07563573136274723,0.07541838730710715,0.00021734405564008408,0.03945122524835491,0.4842653199144705,False
max_speedometer_attack_1,00e,mean_shift,negative,1.0,global_D_bus_idpop,4601,584,0.1269289284938057,0.13149315366224734,-0.004564225168441655,-0.6526373289193681,0.7430049428777609,False
max_speedometer_attack_1,00e,mean_shift,negative,1.0,global_E_all,4601,310,0.06737665724842426,0.06759400130406433,-0.0002173440556400702,-0.04155529439596584,0.5165733938317408,False
max_speedometer_attack_1,00e,mean_shift,negative,1.5,global_A_bus,4601,826,0.17952618995870462,0.19647902629863073,-0.016952836339926114,-2.0811061564644278,0.981287904766065,False
max_speedometer_attack_1,00e,mean_shift,negative,1.5,global_B_id_population,4601,298,0.06476852858074332,0.06476852858074332,0.0,0.0,0.5,False
max_speedometer_attack_1,00e,mean_shift,negative,1.5,global_C_cross_id,4601,349,0.0758530754183873,0.07541838730710715,0.0004346881112801543,0.07885038190433462,0.4685758148989198,False
max_speedometer_attack_1,00e,mean_shift,negative,1.5,global_D_bus_idpop,4601,578,0.12562486415996524,0.13149315366224734,-0.0058682895022821036,-0.8409155812751482,0.7998023855689728,False
max_speedometer_attack_1,00e,mean_shift,negative,1.5,global_E_all,4601,310,0.06737665724842426,0.06759400130406433,-0.0002173440556400702,-0.04155529439596584,0.5165733938317408,False
reverse_light_off_attack_1,fff,additive,positive,0.5,global_A_bus,1737,534,0.307426597582038,0.307426597582038,0.0,0.0,0.5,False
reverse_light_off_attack_1,fff,additive,positive,0.5,global_B_id_population,1737,978,0.5630397236614854,0.5630397236614854,0.0,0.0,0.5,False
reverse_light_off_attack_1,fff,additive,positive,0.5,global_C_cross_id,1737,806,0.46401842256764536,0.46401842256764536,0.0,0.0,0.5,False
reverse_light_off_attack_1,fff,additive,positive,0.5,global_D_bus_idpop,1737,1084,0.6240644789867588,0.6240644789867588,0.0,0.0,0.5,False
reverse_light_off_attack_1,fff,additive,positive,0.5,global_E_all,1737,1091,0.6280944156591824,0.6280944156591824,0.0,0.0,0.5,False
reverse_light_off_attack_1,fff,additive,positive,1.0,global_A_bus,1737,534,0.307426597582038,0.307426597582038,0.0,0.0,0.5,False
reverse_light_off_attack_1,fff,additive,positive,1.0,global_B_id_population,1737,978,0.5630397236614854,0.5630397236614854,0.0,0.0,0.5,False
reverse_light_off_attack_1,fff,additive,positive,1.0,global_C_cross_id,1737,806,0.46401842256764536,0.46401842256764536,0.0,0.0,0.5,False
reverse_light_off_attack_1,fff,additive,positive,1.0,global_D_bus_idpop,1737,1084,0.6240644789867588,0.6240644789867588,0.0,0.0,0.5,False
reverse_light_off_attack_1,fff,additive,positive,1.0,global_E_all,1737,1091,0.6280944156591824,0.6280944156591824,0.0,0.0,0.5,False
reverse_light_off_attack_1,fff,additive,positive,1.5,global_A_bus,1737,534,0.307426597582038,0.307426597582038,0.0,0.0,0.5,False
reverse_light_off_attack_1,fff,additive,positive,1.5,global_B_id_population,1737,978,0.5630397236614854,0.5630397236614854,0.0,0.0,0.5,False
reverse_light_off_attack_1,fff,additive,positive,1.5,global_C_cross_id,1737,806,0.46401842256764536,0.46401842256764536,0.0,0.0,0.5,False
reverse_light_off_attack_1,fff,additive,positive,1.5,global_D_bus_idpop,1737,1084,0.6240644789867588,0.6240644789867588,0.0,0.0,0.5,False
reverse_light_off_attack_1,fff,additive,positive,1.5,global_E_all,1737,1091,0.6280944156591824,0.6280944156591824,0.0,0.0,0.5,False
reverse_light_off_attack_1,fff,additive,negative,0.5,global_A_bus,1737,534,0.307426597582038,0.307426597582038,0.0,0.0,0.5,False
reverse_light_off_attack_1,fff,additive,negative,0.5,global_B_id_population,1737,978,0.5630397236614854,0.5630397236614854,0.0,0.0,0.5,False
reverse_light_off_attack_1,fff,additive,negative,0.5,global_C_cross_id,1737,806,0.46401842256764536,0.46401842256764536,0.0,0.0,0.5,False
reverse_light_off_attack_1,fff,additive,negative,0.5,global_D_bus_idpop,1737,1084,0.6240644789867588,0.6240644789867588,0.0,0.0,0.5,False
reverse_light_off_attack_1,fff,additive,negative,0.5,global_E_all,1737,1091,0.6280944156591824,0.6280944156591824,0.0,0.0,0.5,False
reverse_light_off_attack_1,fff,additive,negative,1.0,global_A_bus,1737,534,0.307426597582038,0.307426597582038,0.0,0.0,0.5,False
reverse_light_off_attack_1,fff,additive,negative,1.0,global_B_id_population,1737,978,0.5630397236614854,0.5630397236614854,0.0,0.0,0.5,False
reverse_light_off_attack_1,fff,additive,negative,1.0,global_C_cross_id,1737,806,0.46401842256764536,0.46401842256764536,0.0,0.0,0.5,False
reverse_light_off_attack_1,fff,additive,negative,1.0,global_D_bus_idpop,1737,1084,0.6240644789867588,0.6240644789867588,0.0,0.0,0.5,False
reverse_light_off_attack_1,fff,additive,negative,1.0,global_E_all,1737,1091,0.6280944156591824,0.6280944156591824,0.0,0.0,0.5,False
reverse_light_off_attack_1,fff,additive,negative,1.5,global_A_bus,1737,534,0.307426597582038,0.307426597582038,0.0,0.0,0.5,False
reverse_light_off_attack_1,fff,additive,negative,1.5,global_B_id_population,1737,978,0.5630397236614854,0.5630397236614854,0.0,0.0,0.5,False
reverse_light_off_attack_1,fff,additive,negative,1.5,global_C_cross_id,1737,806,0.46401842256764536,0.46401842256764536,0.0,0.0,0.5,False
reverse_light_off_attack_1,fff,additive,negative,1.5,global_D_bus_idpop,1737,1084,0.6240644789867588,0.6240644789867588,0.0,0.0,0.5,False
reverse_light_off_attack_1,fff,additive,negative,1.5,global_E_all,1737,1091,0.6280944156591824,0.6280944156591824,0.0,0.0,0.5,False
reverse_light_off_attack_1,fff,mean_shift,positive,0.5,global_A_bus,1737,534,0.307426597582038,0.307426597582038,0.0,0.0,0.5,False
reverse_light_off_attack_1,fff,mean_shift,positive,0.5,global_B_id_population,1737,978,0.5630397236614854,0.5630397236614854,0.0,0.0,0.5,False
reverse_light_off_attack_1,fff,mean_shift,positive,0.5,global_C_cross_id,1737,806,0.46401842256764536,0.46401842256764536,0.0,0.0,0.5,False
reverse_light_off_attack_1,fff,mean_shift,positive,0.5,global_D_bus_idpop,1737,1084,0.6240644789867588,0.6240644789867588,0.0,0.0,0.5,False
reverse_light_off_attack_1,fff,mean_shift,positive,0.5,global_E_all,1737,1091,0.6280944156591824,0.6280944156591824,0.0,0.0,0.5,False
reverse_light_off_attack_1,fff,mean_shift,positive,1.0,global_A_bus,1737,534,0.307426597582038,0.307426597582038,0.0,0.0,0.5,False
reverse_light_off_attack_1,fff,mean_shift,positive,1.0,global_B_id_population,1737,978,0.5630397236614854,0.5630397236614854,0.0,0.0,0.5,False
reverse_light_off_attack_1,fff,mean_shift,positive,1.0,global_C_cross_id,1737,806,0.46401842256764536,0.46401842256764536,0.0,0.0,0.5,False
reverse_light_off_attack_1,fff,mean_shift,positive,1.0,global_D_bus_idpop,1737,1084,0.6240644789867588,0.6240644789867588,0.0,0.0,0.5,False
reverse_light_off_attack_1,fff,mean_shift,positive,1.0,global_E_all,1737,1091,0.6280944156591824,0.6280944156591824,0.0,0.0,0.5,False
reverse_light_off_attack_1,fff,mean_shift,positive,1.5,global_A_bus,1737,534,0.307426597582038,0.307426597582038,0.0,0.0,0.5,False
reverse_light_off_attack_1,fff,mean_shift,positive,1.5,global_B_id_population,1737,978,0.5630397236614854,0.5630397236614854,0.0,0.0,0.5,False
reverse_light_off_attack_1,fff,mean_shift,positive,1.5,global_C_cross_id,1737,806,0.46401842256764536,0.46401842256764536,0.0,0.0,0.5,False
reverse_light_off_attack_1,fff,mean_shift,positive,1.5,global_D_bus_idpop,1737,1084,0.6240644789867588,0.6240644789867588,0.0,0.0,0.5,False
reverse_light_off_attack_1,fff,mean_shift,positive,1.5,global_E_all,1737,1091,0.6280944156591824,0.6280944156591824,0.0,0.0,0.5,False
reverse_light_off_attack_1,fff,mean_shift,negative,0.5,global_A_bus,1737,534,0.307426597582038,0.307426597582038,0.0,0.0,0.5,False
reverse_light_off_attack_1,fff,mean_shift,negative,0.5,global_B_id_population,1737,978,0.5630397236614854,0.5630397236614854,0.0,0.0,0.5,False
reverse_light_off_attack_1,fff,mean_shift,negative,0.5,global_C_cross_id,1737,806,0.46401842256764536,0.46401842256764536,0.0,0.0,0.5,False
reverse_light_off_attack_1,fff,mean_shift,negative,0.5,global_D_bus_idpop,1737,1084,0.6240644789867588,0.6240644789867588,0.0,0.0,0.5,False
reverse_light_off_attack_1,fff,mean_shift,negative,0.5,global_E_all,1737,1091,0.6280944156591824,0.6280944156591824,0.0,0.0,0.5,False
reverse_light_off_attack_1,fff,mean_shift,negative,1.0,global_A_bus,1737,534,0.307426597582038,0.307426597582038,0.0,0.0,0.5,False
reverse_light_off_attack_1,fff,mean_shift,negative,1.0,global_B_id_population,1737,978,0.5630397236614854,0.5630397236614854,0.0,0.0,0.5,False
reverse_light_off_attack_1,fff,mean_shift,negative,1.0,global_C_cross_id,1737,806,0.46401842256764536,0.46401842256764536,0.0,0.0,0.5,False
reverse_light_off_attack_1,fff,mean_shift,negative,1.0,global_D_bus_idpop,1737,1084,0.6240644789867588,0.6240644789867588,0.0,0.0,0.5,False
reverse_light_off_attack_1,fff,mean_shift,negative,1.0,global_E_all,1737,1091,0.6280944156591824,0.6280944156591824,0.0,0.0,0.5,False
reverse_light_off_attack_1,fff,mean_shift,negative,1.5,global_A_bus,1737,534,0.307426597582038,0.307426597582038,0.0,0.0,0.5,False
reverse_light_off_attack_1,fff,mean_shift,negative,1.5,global_B_id_population,1737,978,0.5630397236614854,0.5630397236614854,0.0,0.0,0.5,False
reverse_light_off_attack_1,fff,mean_shift,negative,1.5,global_C_cross_id,1737,806,0.46401842256764536,0.46401842256764536,0.0,0.0,0.5,False
reverse_light_off_attack_1,fff,mean_shift,negative,1.5,global_D_bus_idpop,1737,1084,0.6240644789867588,0.6240644789867588,0.0,0.0,0.5,False
reverse_light_off_attack_1,fff,mean_shift,negative,1.5,global_E_all,1737,1091,0.6280944156591824,0.6280944156591824,0.0,0.0,0.5,False
reverse_light_off_attack_1,00e,additive,positive,0.5,global_A_bus,1148,431,0.37543554006968644,0.3423344947735192,0.03310104529616725,1.65330137764885,0.04913477138174945,True
reverse_light_off_attack_1,00e,additive,positive,0.5,global_B_id_population,1148,595,0.5182926829268293,0.5182926829268293,0.0,0.0,0.5,False
reverse_light_off_attack_1,00e,additive,positive,0.5,global_C_cross_id,1148,514,0.44773519163763065,0.44947735191637633,-0.0017421602787456858,-0.08392289799309084,0.5334411330928344,False
reverse_light_off_attack_1,00e,additive,positive,0.5,global_D_bus_idpop,1148,695,0.6054006968641115,0.5993031358885017,0.0060975609756097615,0.29849530397364543,0.38266257986994023,False
reverse_light_off_attack_1,00e,additive,positive,0.5,global_E_all,1148,714,0.6219512195121951,0.6210801393728222,0.0008710801393728707,0.0430292788008811,0.48283909717694856,False
reverse_light_off_attack_1,00e,additive,positive,1.0,global_A_bus,1148,458,0.3989547038327526,0.3423344947735192,0.05662020905923343,2.8086692202140235,0.0024873365277887907,True
reverse_light_off_attack_1,00e,additive,positive,1.0,global_B_id_population,1148,595,0.5182926829268293,0.5182926829268293,0.0,0.0,0.5,False
reverse_light_off_attack_1,00e,additive,positive,1.0,global_C_cross_id,1148,520,0.4529616724738676,0.44947735191637633,0.0034843205574912606,0.16775705094698012,0.4333872059713259,False
reverse_light_off_attack_1,00e,additive,positive,1.0,global_D_bus_idpop,1148,699,0.6088850174216028,0.5993031358885017,0.009581881533101133,0.4694166122835174,0.3193859382110457,False
reverse_light_off_attack_1,00e,additive,positive,1.0,global_E_all,1148,714,0.6219512195121951,0.6210801393728222,0.0008710801393728707,0.0430292788008811,0.48283909717694856,False
reverse_light_off_attack_1,00e,additive,positive,1.5,global_A_bus,1148,483,0.42073170731707316,0.3423344947735192,0.07839721254355397,3.8666265263894335,5.517561180311551e-05,True
reverse_light_off_attack_1,00e,additive,positive,1.5,global_B_id_population,1148,595,0.5182926829268293,0.5182926829268293,0.0,0.0,0.5,False
reverse_light_off_attack_1,00e,additive,positive,1.5,global_C_cross_id,1148,521,0.4538327526132404,0.44947735191637633,0.004355400696864076,0.2096784043378893,0.4169593408483202,False
reverse_light_off_attack_1,00e,additive,positive,1.5,global_D_bus_idpop,1148,705,0.6141114982578397,0.5993031358885017,0.014808362369338024,0.7262989726839242,0.23382775450595272,False
reverse_light_off_attack_1,00e,additive,positive,1.5,global_E_all,1148,717,0.6245644599303136,0.6210801393728222,0.0034843205574913716,0.1722340319628493,0.43162677200115973,False
reverse_light_off_attack_1,00e,additive,negative,0.5,global_A_bus,1148,374,0.32578397212543553,0.3423344947735192,-0.016550522648083654,-0.8406943295639524,0.799740400967073,False
reverse_light_off_attack_1,00e,additive,negative,0.5,global_B_id_population,1148,595,0.5182926829268293,0.5182926829268293,0.0,0.0,0.5,False
reverse_light_off_attack_1,00e,additive,negative,0.5,global_C_cross_id,1148,515,0.44860627177700346,0.44947735191637633,-0.0008710801393728707,-0.04195766841406893,0.516733777954871,False
reverse_light_off_attack_1,00e,additive,negative,0.5,global_D_bus_idpop,1148,683,0.5949477351916377,0.5993031358885017,-0.00435540069686402,-0.21274842441020256,0.5842384029729932,False
reverse_light_off_attack_1,00e,additive,negative,0.5,global_E_all,1148,713,0.6210801393728222,0.6210801393728222,0.0,0.0,0.5,False
reverse_light_off_attack_1,00e,additive,negative,1.0,global_A_bus,1148,358,0.3118466898954704,0.3423344947735192,-0.030487804878048808,-1.556932469406586,0.9402567402459487,False
reverse_light_off_attack_1,00e,additive,negative,1.0,global_B_id_population,1148,595,0.5182926829268293,0.5182926829268293,0.0,0.0,0.5,False
reverse_light_off_attack_1,00e,additive,negative,1.0,global_C_cross_id,1148,515,0.44860627177700346,0.44947735191637633,-0.0008710801393728707,-0.04195766841406893,0.516733777954871,False
reverse_light_off_attack_1,00e,additive,negative,1.0,global_D_bus_idpop,1148,677,0.5897212543554007,0.5993031358885017,-0.009581881533101022,-0.46756011937397474,0.6799504049981037,False
reverse_light_off_attack_1,00e,additive,negative,1.0,global_E_all,1148,710,0.6184668989547039,0.6210801393728222,-0.00261324041811839,-0.1289726503902566,0.5513103550583625,False
reverse_light_off_attack_1,00e,additive,negative,1.5,global_A_bus,1148,338,0.29442508710801396,0.3423344947735192,-0.04790940766550522,-2.463955000179113,0.993129331887206,False
reverse_light_off_attack_1,00e,additive,negative,1.5,global_B_id_population,1148,595,0.5182926829268293,0.5182926829268293,0.0,0.0,0.5,False
reverse_light_off_attack_1,00e,additive,negative,1.5,global_C_cross_id,1148,516,0.44947735191637633,0.44947735191637633,0.0,0.0,0.5,False
reverse_light_off_attack_1,00e,additive,negative,1.5,global_D_bus_idpop,1148,669,0.5827526132404182,0.5993031358885017,-0.016550522648083543,-0.8065231225102139,0.7900293594413208,False
reverse_light_off_attack_1,00e,additive,negative,1.5,global_E_all,1148,705,0.6141114982578397,0.6210801393728222,-0.006968641114982521,-0.3435504766900459,0.6344078130511339,False
reverse_light_off_attack_1,00e,mean_shift,positive,0.5,global_A_bus,1148,382,0.3327526132404181,0.3423344947735192,-0.009581881533101078,-0.4854708621172212,0.6863288115862273,False
reverse_light_off_attack_1,00e,mean_shift,positive,0.5,global_B_id_population,1148,595,0.5182926829268293,0.5182926829268293,0.0,0.0,0.5,False
reverse_light_off_attack_1,00e,mean_shift,positive,0.5,global_C_cross_id,1148,515,0.44860627177700346,0.44947735191637633,-0.0008710801393728707,-0.04195766841406893,0.516733777954871,False
reverse_light_off_attack_1,00e,mean_shift,positive,0.5,global_D_bus_idpop,1148,685,0.5966898954703833,0.5993031358885017,-0.00261324041811839,-0.1276941723131139,0.5508044989212602,False
reverse_light_off_attack_1,00e,mean_shift,positive,0.5,global_E_all,1148,713,0.6210801393728222,0.6210801393728222,0.0,0.0,0.5,False
reverse_light_off_attack_1,00e,mean_shift,positive,1.0,global_A_bus,1148,407,0.35452961672473865,0.3423344947735192,0.012195121951219468,0.6132014699760152,0.26987156646408383,False
reverse_light_off_attack_1,00e,mean_shift,positive,1.0,global_B_id_population,1148,595,0.5182926829268293,0.5182926829268293,0.0,0.0,0.5,False
reverse_light_off_attack_1,00e,mean_shift,positive,1.0,global_C_cross_id,1148,517,0.45034843205574915,0.44947735191637633,0.0008710801393728151,0.041950206774307164,0.4832691961901138,False
reverse_light_off_attack_1,00e,mean_shift,positive,1.0,global_D_bus_idpop,1148,689,0.6001742160278746,0.5993031358885017,0.0008710801393728707,0.04259525436382787,0.4830120892638444,False
reverse_light_off_attack_1,00e,mean_shift,positive,1.0,global_E_all,1148,713,0.6210801393728222,0.6210801393728222,0.0,0.0,0.5,False
reverse_light_off_attack_1,00e,mean_shift,positive,1.5,global_A_bus,1148,444,0.3867595818815331,0.3423344947735192,0.044425087108013905,2.211392045192231,0.013504350114264794,True
reverse_light_off_attack_1,00e,mean_shift,positive,1.5,global_B_id_population,1148,595,0.5182926829268293,0.5182926829268293,0.0,0.0,0.5,False
reverse_light_off_attack_1,00e,mean_shift,positive,1.5,global_C_cross_id,1148,514,0.44773519163763065,0.44947735191637633,-0.0017421602787456858,-0.08392289799309084,0.5334411330928344,False
reverse_light_off_attack_1,00e,mean_shift,positive,1.5,global_D_bus_idpop,1148,696,0.6062717770034843,0.5993031358885017,0.006968641114982632,0.3412011330036391,0.36647608519838354,False
reverse_light_off_attack_1,00e,mean_shift,positive,1.5,global_E_all,1148,713,0.6210801393728222,0.6210801393728222,0.0,0.0,0.5,False
reverse_light_off_attack_1,00e,mean_shift,negative,0.5,global_A_bus,1148,345,0.30052264808362367,0.3423344947735192,-0.041811846689895515,-2.1449406094874766,0.9840212020995599,False
reverse_light_off_attack_1,00e,mean_shift,negative,0.5,global_B_id_population,1148,595,0.5182926829268293,0.5182926829268293,0.0,0.0,0.5,False
reverse_light_off_attack_1,00e,mean_shift,negative,0.5,global_C_cross_id,1148,516,0.44947735191637633,0.44947735191637633,0.0,0.0,0.5,False
reverse_light_off_attack_1,00e,mean_shift,negative,0.5,global_D_bus_idpop,1148,675,0.587979094076655,0.5993031358885017,-0.011324041811846652,-0.5523833052639141,0.709657116875649,False
reverse_light_off_attack_1,00e,mean_shift,negative,0.5,global_E_all,1148,708,0.6167247386759582,0.6210801393728222,-0.00435540069686402,-0.21485965830200898,0.5850616308465165,False
reverse_light_off_attack_1,00e,mean_shift,negative,1.0,global_A_bus,1148,330,0.2874564459930314,0.3423344947735192,-0.0548780487804878,-2.8306943714705777,0.9976776459963186,False
reverse_light_off_attack_1,00e,mean_shift,negative,1.0,global_B_id_population,1148,595,0.5182926829268293,0.5182926829268293,0.0,0.0,0.5,False
reverse_light_off_attack_1,00e,mean_shift,negative,1.0,global_C_cross_id,1148,515,0.44860627177700346,0.44947735191637633,-0.0008710801393728707,-0.04195766841406893,0.516733777954871,False
reverse_light_off_attack_1,00e,mean_shift,negative,1.0,global_D_bus_idpop,1148,668,0.5818815331010453,0.5993031358885017,-0.017421602787456414,-0.8488328254910253,0.8020128390782584,False
reverse_light_off_attack_1,00e,mean_shift,negative,1.0,global_E_all,1148,706,0.6149825783972126,0.6210801393728222,-0.0060975609756096505,-0.30067200072000594,0.6181676892236422,False
reverse_light_off_attack_1,00e,mean_shift,negative,1.5,global_A_bus,1148,312,0.27177700348432055,0.3423344947735192,-0.07055749128919864,-3.664724338151225,0.9998761974375476,False
reverse_light_off_attack_1,00e,mean_shift,negative,1.5,global_B_id_population,1148,595,0.5182926829268293,0.5182926829268293,0.0,0.0,0.5,False
reverse_light_off_attack_1,00e,mean_shift,negative,1.5,global_C_cross_id,1148,514,0.44773519163763065,0.44947735191637633,-0.0017421602787456858,-0.08392289799309084,0.5334411330928344,False
reverse_light_off_attack_1,00e,mean_shift,negative,1.5,global_D_bus_idpop,1148,662,0.5766550522648084,0.5993031358885017,-0.022648083623693305,-1.1024193750947433,0.8648603039497871,False
reverse_light_off_attack_1,00e,mean_shift,negative,1.5,global_E_all,1148,702,0.6114982578397212,0.6210801393728222,-0.009581881533101022,-0.47207657731182034,0.6815639348098964,False
reverse_light_off_attack_1,033,additive,positive,0.5,global_A_bus,1148,373,0.3249128919860627,0.3249128919860627,0.0,0.0,0.5,False
reverse_light_off_attack_1,033,additive,positive,0.5,global_B_id_population,1148,664,0.578397212543554,0.578397212543554,0.0,0.0,0.5,False
reverse_light_off_attack_1,033,additive,positive,0.5,global_C_cross_id,1148,524,0.4564459930313589,0.4564459930313589,0.0,0.0,0.5,False
reverse_light_off_attack_1,033,additive,positive,0.5,global_D_bus_idpop,1148,701,0.6106271777003485,0.6106271777003485,0.0,0.0,0.5,False
reverse_light_off_attack_1,033,additive,positive,0.5,global_E_all,1148,695,0.6054006968641115,0.6054006968641115,0.0,0.0,0.5,False
reverse_light_off_attack_1,033,additive,positive,1.0,global_A_bus,1148,373,0.3249128919860627,0.3249128919860627,0.0,0.0,0.5,False
reverse_light_off_attack_1,033,additive,positive,1.0,global_B_id_population,1148,664,0.578397212543554,0.578397212543554,0.0,0.0,0.5,False
reverse_light_off_attack_1,033,additive,positive,1.0,global_C_cross_id,1148,524,0.4564459930313589,0.4564459930313589,0.0,0.0,0.5,False
reverse_light_off_attack_1,033,additive,positive,1.0,global_D_bus_idpop,1148,701,0.6106271777003485,0.6106271777003485,0.0,0.0,0.5,False
reverse_light_off_attack_1,033,additive,positive,1.0,global_E_all,1148,695,0.6054006968641115,0.6054006968641115,0.0,0.0,0.5,False
reverse_light_off_attack_1,033,additive,positive,1.5,global_A_bus,1148,373,0.3249128919860627,0.3249128919860627,0.0,0.0,0.5,False
reverse_light_off_attack_1,033,additive,positive,1.5,global_B_id_population,1148,664,0.578397212543554,0.578397212543554,0.0,0.0,0.5,False
reverse_light_off_attack_1,033,additive,positive,1.5,global_C_cross_id,1148,524,0.4564459930313589,0.4564459930313589,0.0,0.0,0.5,False
reverse_light_off_attack_1,033,additive,positive,1.5,global_D_bus_idpop,1148,701,0.6106271777003485,0.6106271777003485,0.0,0.0,0.5,False
reverse_light_off_attack_1,033,additive,positive,1.5,global_E_all,1148,695,0.6054006968641115,0.6054006968641115,0.0,0.0,0.5,False
reverse_light_off_attack_1,033,additive,negative,0.5,global_A_bus,1148,371,0.3231707317073171,0.3249128919860627,-0.0017421602787456303,-0.08918331499585692,0.5355318873804072,False
reverse_light_off_attack_1,033,additive,negative,0.5,global_B_id_population,1148,664,0.578397212543554,0.578397212543554,0.0,0.0,0.5,False
reverse_light_off_attack_1,033,additive,negative,0.5,global_C_cross_id,1148,524,0.4564459930313589,0.4564459930313589,0.0,0.0,0.5,False
reverse_light_off_attack_1,033,additive,negative,0.5,global_D_bus_idpop,1148,701,0.6106271777003485,0.6106271777003485,0.0,0.0,0.5,False
reverse_light_off_attack_1,033,additive,negative,0.5,global_E_all,1148,695,0.6054006968641115,0.6054006968641115,0.0,0.0,0.5,False
reverse_light_off_attack_1,033,additive,negative,1.0,global_A_bus,1148,370,0.32229965156794427,0.3249128919860627,-0.0026132404181184454,-0.13382185998808904,0.5532282795487251,False
reverse_light_off_attack_1,033,additive,negative,1.0,global_B_id_population,1148,664,0.578397212543554,0.578397212543554,0.0,0.0,0.5,False
reverse_light_off_attack_1,033,additive,negative,1.0,global_C_cross_id,1148,524,0.4564459930313589,0.4564459930313589,0.0,0.0,0.5,False
reverse_light_off_attack_1,033,additive,negative,1.0,global_D_bus_idpop,1148,701,0.6106271777003485,0.6106271777003485,0.0,0.0,0.5,False
reverse_light_off_attack_1,033,additive,negative,1.0,global_E_all,1148,695,0.6054006968641115,0.6054006968641115,0.0,0.0,0.5,False
reverse_light_off_attack_1,033,additive,negative,1.5,global_A_bus,1148,370,0.32229965156794427,0.3249128919860627,-0.0026132404181184454,-0.13382185998808904,0.5532282795487251,False
reverse_light_off_attack_1,033,additive,negative,1.5,global_B_id_population,1148,664,0.578397212543554,0.578397212543554,0.0,0.0,0.5,False
reverse_light_off_attack_1,033,additive,negative,1.5,global_C_cross_id,1148,524,0.4564459930313589,0.4564459930313589,0.0,0.0,0.5,False
reverse_light_off_attack_1,033,additive,negative,1.5,global_D_bus_idpop,1148,701,0.6106271777003485,0.6106271777003485,0.0,0.0,0.5,False
reverse_light_off_attack_1,033,additive,negative,1.5,global_E_all,1148,695,0.6054006968641115,0.6054006968641115,0.0,0.0,0.5,False
reverse_light_off_attack_1,033,mean_shift,positive,0.5,global_A_bus,1148,373,0.3249128919860627,0.3249128919860627,0.0,0.0,0.5,False
reverse_light_off_attack_1,033,mean_shift,positive,0.5,global_B_id_population,1148,664,0.578397212543554,0.578397212543554,0.0,0.0,0.5,False
reverse_light_off_attack_1,033,mean_shift,positive,0.5,global_C_cross_id,1148,524,0.4564459930313589,0.4564459930313589,0.0,0.0,0.5,False
reverse_light_off_attack_1,033,mean_shift,positive,0.5,global_D_bus_idpop,1148,701,0.6106271777003485,0.6106271777003485,0.0,0.0,0.5,False
reverse_light_off_attack_1,033,mean_shift,positive,0.5,global_E_all,1148,695,0.6054006968641115,0.6054006968641115,0.0,0.0,0.5,False
reverse_light_off_attack_1,033,mean_shift,positive,1.0,global_A_bus,1148,373,0.3249128919860627,0.3249128919860627,0.0,0.0,0.5,False
reverse_light_off_attack_1,033,mean_shift,positive,1.0,global_B_id_population,1148,664,0.578397212543554,0.578397212543554,0.0,0.0,0.5,False
reverse_light_off_attack_1,033,mean_shift,positive,1.0,global_C_cross_id,1148,524,0.4564459930313589,0.4564459930313589,0.0,0.0,0.5,False
reverse_light_off_attack_1,033,mean_shift,positive,1.0,global_D_bus_idpop,1148,701,0.6106271777003485,0.6106271777003485,0.0,0.0,0.5,False
reverse_light_off_attack_1,033,mean_shift,positive,1.0,global_E_all,1148,695,0.6054006968641115,0.6054006968641115,0.0,0.0,0.5,False
reverse_light_off_attack_1,033,mean_shift,positive,1.5,global_A_bus,1148,373,0.3249128919860627,0.3249128919860627,0.0,0.0,0.5,False
reverse_light_off_attack_1,033,mean_shift,positive,1.5,global_B_id_population,1148,664,0.578397212543554,0.578397212543554,0.0,0.0,0.5,False
reverse_light_off_attack_1,033,mean_shift,positive,1.5,global_C_cross_id,1148,524,0.4564459930313589,0.4564459930313589,0.0,0.0,0.5,False
reverse_light_off_attack_1,033,mean_shift,positive,1.5,global_D_bus_idpop,1148,701,0.6106271777003485,0.6106271777003485,0.0,0.0,0.5,False
reverse_light_off_attack_1,033,mean_shift,positive,1.5,global_E_all,1148,695,0.6054006968641115,0.6054006968641115,0.0,0.0,0.5,False
reverse_light_off_attack_1,033,mean_shift,negative,0.5,global_A_bus,1148,370,0.32229965156794427,0.3249128919860627,-0.0026132404181184454,-0.13382185998808904,0.5532282795487251,False
reverse_light_off_attack_1,033,mean_shift,negative,0.5,global_B_id_population,1148,664,0.578397212543554,0.578397212543554,0.0,0.0,0.5,False
reverse_light_off_attack_1,033,mean_shift,negative,0.5,global_C_cross_id,1148,524,0.4564459930313589,0.4564459930313589,0.0,0.0,0.5,False
reverse_light_off_attack_1,033,mean_shift,negative,0.5,global_D_bus_idpop,1148,701,0.6106271777003485,0.6106271777003485,0.0,0.0,0.5,False
reverse_light_off_attack_1,033,mean_shift,negative,0.5,global_E_all,1148,695,0.6054006968641115,0.6054006968641115,0.0,0.0,0.5,False
reverse_light_off_attack_1,033,mean_shift,negative,1.0,global_A_bus,1148,370,0.32229965156794427,0.3249128919860627,-0.0026132404181184454,-0.13382185998808904,0.5532282795487251,False
reverse_light_off_attack_1,033,mean_shift,negative,1.0,global_B_id_population,1148,664,0.578397212543554,0.578397212543554,0.0,0.0,0.5,False
reverse_light_off_attack_1,033,mean_shift,negative,1.0,global_C_cross_id,1148,524,0.4564459930313589,0.4564459930313589,0.0,0.0,0.5,False
reverse_light_off_attack_1,033,mean_shift,negative,1.0,global_D_bus_idpop,1148,701,0.6106271777003485,0.6106271777003485,0.0,0.0,0.5,False
reverse_light_off_attack_1,033,mean_shift,negative,1.0,global_E_all,1148,695,0.6054006968641115,0.6054006968641115,0.0,0.0,0.5,False
reverse_light_off_attack_1,033,mean_shift,negative,1.5,global_A_bus,1148,370,0.32229965156794427,0.3249128919860627,-0.0026132404181184454,-0.13382185998808904,0.5532282795487251,False
reverse_light_off_attack_1,033,mean_shift,negative,1.5,global_B_id_population,1148,664,0.578397212543554,0.578397212543554,0.0,0.0,0.5,False
reverse_light_off_attack_1,033,mean_shift,negative,1.5,global_C_cross_id,1148,524,0.4564459930313589,0.4564459930313589,0.0,0.0,0.5,False
reverse_light_off_attack_1,033,mean_shift,negative,1.5,global_D_bus_idpop,1148,701,0.6106271777003485,0.6106271777003485,0.0,0.0,0.5,False
reverse_light_off_attack_1,033,mean_shift,negative,1.5,global_E_all,1148,695,0.6054006968641115,0.6054006968641115,0.0,0.0,0.5,False
reverse_light_on_attack_1,fff,additive,positive,0.5,global_A_bus,5424,2120,0.39085545722713866,0.39085545722713866,0.0,0.0,0.5,False
reverse_light_on_attack_1,fff,additive,positive,0.5,global_B_id_population,5424,2721,0.5016592920353983,0.5016592920353983,0.0,0.0,0.5,False
reverse_light_on_attack_1,fff,additive,positive,0.5,global_C_cross_id,5424,2316,0.4269911504424779,0.4269911504424779,0.0,0.0,0.5,False
reverse_light_on_attack_1,fff,additive,positive,0.5,global_D_bus_idpop,5424,3338,0.6154129793510325,0.6154129793510325,0.0,0.0,0.5,False
reverse_light_on_attack_1,fff,additive,positive,0.5,global_E_all,5424,3050,0.5623156342182891,0.5623156342182891,0.0,0.0,0.5,False
reverse_light_on_attack_1,fff,additive,positive,1.0,global_A_bus,5424,2120,0.39085545722713866,0.39085545722713866,0.0,0.0,0.5,False
reverse_light_on_attack_1,fff,additive,positive,1.0,global_B_id_population,5424,2721,0.5016592920353983,0.5016592920353983,0.0,0.0,0.5,False
reverse_light_on_attack_1,fff,additive,positive,1.0,global_C_cross_id,5424,2316,0.4269911504424779,0.4269911504424779,0.0,0.0,0.5,False
reverse_light_on_attack_1,fff,additive,positive,1.0,global_D_bus_idpop,5424,3338,0.6154129793510325,0.6154129793510325,0.0,0.0,0.5,False
reverse_light_on_attack_1,fff,additive,positive,1.0,global_E_all,5424,3050,0.5623156342182891,0.5623156342182891,0.0,0.0,0.5,False
reverse_light_on_attack_1,fff,additive,positive,1.5,global_A_bus,5424,2120,0.39085545722713866,0.39085545722713866,0.0,0.0,0.5,False
reverse_light_on_attack_1,fff,additive,positive,1.5,global_B_id_population,5424,2721,0.5016592920353983,0.5016592920353983,0.0,0.0,0.5,False
reverse_light_on_attack_1,fff,additive,positive,1.5,global_C_cross_id,5424,2316,0.4269911504424779,0.4269911504424779,0.0,0.0,0.5,False
reverse_light_on_attack_1,fff,additive,positive,1.5,global_D_bus_idpop,5424,3338,0.6154129793510325,0.6154129793510325,0.0,0.0,0.5,False
reverse_light_on_attack_1,fff,additive,positive,1.5,global_E_all,5424,3050,0.5623156342182891,0.5623156342182891,0.0,0.0,0.5,False
reverse_light_on_attack_1,fff,additive,negative,0.5,global_A_bus,5424,2120,0.39085545722713866,0.39085545722713866,0.0,0.0,0.5,False
reverse_light_on_attack_1,fff,additive,negative,0.5,global_B_id_population,5424,2721,0.5016592920353983,0.5016592920353983,0.0,0.0,0.5,False
reverse_light_on_attack_1,fff,additive,negative,0.5,global_C_cross_id,5424,2316,0.4269911504424779,0.4269911504424779,0.0,0.0,0.5,False
reverse_light_on_attack_1,fff,additive,negative,0.5,global_D_bus_idpop,5424,3338,0.6154129793510325,0.6154129793510325,0.0,0.0,0.5,False
reverse_light_on_attack_1,fff,additive,negative,0.5,global_E_all,5424,3050,0.5623156342182891,0.5623156342182891,0.0,0.0,0.5,False
reverse_light_on_attack_1,fff,additive,negative,1.0,global_A_bus,5424,2120,0.39085545722713866,0.39085545722713866,0.0,0.0,0.5,False
reverse_light_on_attack_1,fff,additive,negative,1.0,global_B_id_population,5424,2721,0.5016592920353983,0.5016592920353983,0.0,0.0,0.5,False
reverse_light_on_attack_1,fff,additive,negative,1.0,global_C_cross_id,5424,2316,0.4269911504424779,0.4269911504424779,0.0,0.0,0.5,False
reverse_light_on_attack_1,fff,additive,negative,1.0,global_D_bus_idpop,5424,3338,0.6154129793510325,0.6154129793510325,0.0,0.0,0.5,False
reverse_light_on_attack_1,fff,additive,negative,1.0,global_E_all,5424,3050,0.5623156342182891,0.5623156342182891,0.0,0.0,0.5,False
reverse_light_on_attack_1,fff,additive,negative,1.5,global_A_bus,5424,2120,0.39085545722713866,0.39085545722713866,0.0,0.0,0.5,False
reverse_light_on_attack_1,fff,additive,negative,1.5,global_B_id_population,5424,2721,0.5016592920353983,0.5016592920353983,0.0,0.0,0.5,False
reverse_light_on_attack_1,fff,additive,negative,1.5,global_C_cross_id,5424,2316,0.4269911504424779,0.4269911504424779,0.0,0.0,0.5,False
reverse_light_on_attack_1,fff,additive,negative,1.5,global_D_bus_idpop,5424,3338,0.6154129793510325,0.6154129793510325,0.0,0.0,0.5,False
reverse_light_on_attack_1,fff,additive,negative,1.5,global_E_all,5424,3050,0.5623156342182891,0.5623156342182891,0.0,0.0,0.5,False
reverse_light_on_attack_1,fff,mean_shift,positive,0.5,global_A_bus,5424,2120,0.39085545722713866,0.39085545722713866,0.0,0.0,0.5,False
reverse_light_on_attack_1,fff,mean_shift,positive,0.5,global_B_id_population,5424,2721,0.5016592920353983,0.5016592920353983,0.0,0.0,0.5,False
reverse_light_on_attack_1,fff,mean_shift,positive,0.5,global_C_cross_id,5424,2316,0.4269911504424779,0.4269911504424779,0.0,0.0,0.5,False
reverse_light_on_attack_1,fff,mean_shift,positive,0.5,global_D_bus_idpop,5424,3338,0.6154129793510325,0.6154129793510325,0.0,0.0,0.5,False
reverse_light_on_attack_1,fff,mean_shift,positive,0.5,global_E_all,5424,3050,0.5623156342182891,0.5623156342182891,0.0,0.0,0.5,False
reverse_light_on_attack_1,fff,mean_shift,positive,1.0,global_A_bus,5424,2120,0.39085545722713866,0.39085545722713866,0.0,0.0,0.5,False
reverse_light_on_attack_1,fff,mean_shift,positive,1.0,global_B_id_population,5424,2721,0.5016592920353983,0.5016592920353983,0.0,0.0,0.5,False
reverse_light_on_attack_1,fff,mean_shift,positive,1.0,global_C_cross_id,5424,2316,0.4269911504424779,0.4269911504424779,0.0,0.0,0.5,False
reverse_light_on_attack_1,fff,mean_shift,positive,1.0,global_D_bus_idpop,5424,3338,0.6154129793510325,0.6154129793510325,0.0,0.0,0.5,False
reverse_light_on_attack_1,fff,mean_shift,positive,1.0,global_E_all,5424,3050,0.5623156342182891,0.5623156342182891,0.0,0.0,0.5,False
reverse_light_on_attack_1,fff,mean_shift,positive,1.5,global_A_bus,5424,2120,0.39085545722713866,0.39085545722713866,0.0,0.0,0.5,False
reverse_light_on_attack_1,fff,mean_shift,positive,1.5,global_B_id_population,5424,2721,0.5016592920353983,0.5016592920353983,0.0,0.0,0.5,False
reverse_light_on_attack_1,fff,mean_shift,positive,1.5,global_C_cross_id,5424,2316,0.4269911504424779,0.4269911504424779,0.0,0.0,0.5,False
reverse_light_on_attack_1,fff,mean_shift,positive,1.5,global_D_bus_idpop,5424,3338,0.6154129793510325,0.6154129793510325,0.0,0.0,0.5,False
reverse_light_on_attack_1,fff,mean_shift,positive,1.5,global_E_all,5424,3050,0.5623156342182891,0.5623156342182891,0.0,0.0,0.5,False
reverse_light_on_attack_1,fff,mean_shift,negative,0.5,global_A_bus,5424,2120,0.39085545722713866,0.39085545722713866,0.0,0.0,0.5,False
reverse_light_on_attack_1,fff,mean_shift,negative,0.5,global_B_id_population,5424,2721,0.5016592920353983,0.5016592920353983,0.0,0.0,0.5,False
reverse_light_on_attack_1,fff,mean_shift,negative,0.5,global_C_cross_id,5424,2316,0.4269911504424779,0.4269911504424779,0.0,0.0,0.5,False
reverse_light_on_attack_1,fff,mean_shift,negative,0.5,global_D_bus_idpop,5424,3338,0.6154129793510325,0.6154129793510325,0.0,0.0,0.5,False
reverse_light_on_attack_1,fff,mean_shift,negative,0.5,global_E_all,5424,3050,0.5623156342182891,0.5623156342182891,0.0,0.0,0.5,False
reverse_light_on_attack_1,fff,mean_shift,negative,1.0,global_A_bus,5424,2120,0.39085545722713866,0.39085545722713866,0.0,0.0,0.5,False
reverse_light_on_attack_1,fff,mean_shift,negative,1.0,global_B_id_population,5424,2721,0.5016592920353983,0.5016592920353983,0.0,0.0,0.5,False
reverse_light_on_attack_1,fff,mean_shift,negative,1.0,global_C_cross_id,5424,2316,0.4269911504424779,0.4269911504424779,0.0,0.0,0.5,False
reverse_light_on_attack_1,fff,mean_shift,negative,1.0,global_D_bus_idpop,5424,3338,0.6154129793510325,0.6154129793510325,0.0,0.0,0.5,False
reverse_light_on_attack_1,fff,mean_shift,negative,1.0,global_E_all,5424,3050,0.5623156342182891,0.5623156342182891,0.0,0.0,0.5,False
reverse_light_on_attack_1,fff,mean_shift,negative,1.5,global_A_bus,5424,2120,0.39085545722713866,0.39085545722713866,0.0,0.0,0.5,False
reverse_light_on_attack_1,fff,mean_shift,negative,1.5,global_B_id_population,5424,2721,0.5016592920353983,0.5016592920353983,0.0,0.0,0.5,False
reverse_light_on_attack_1,fff,mean_shift,negative,1.5,global_C_cross_id,5424,2317,0.4271755162241888,0.4269911504424779,0.00018436578171093787,0.019409892123609537,0.49225705956119276,False
reverse_light_on_attack_1,fff,mean_shift,negative,1.5,global_D_bus_idpop,5424,3338,0.6154129793510325,0.6154129793510325,0.0,0.0,0.5,False
reverse_light_on_attack_1,fff,mean_shift,negative,1.5,global_E_all,5424,3050,0.5623156342182891,0.5623156342182891,0.0,0.0,0.5,False
reverse_light_on_attack_1,033,additive,positive,0.5,global_A_bus,3592,1556,0.43318485523385303,0.43234966592427615,0.0008351893095768781,0.07143815817239464,0.4715245206714753,False
reverse_light_on_attack_1,033,additive,positive,0.5,global_B_id_population,3592,1883,0.5242204899777283,0.5242204899777283,0.0,0.0,0.5,False
reverse_light_on_attack_1,033,additive,positive,0.5,global_C_cross_id,3592,1515,0.4217706013363029,0.4217706013363029,0.0,0.0,0.5,False
reverse_light_on_attack_1,033,additive,positive,0.5,global_D_bus_idpop,3592,2409,0.6706570155902004,0.6701002227171492,0.000556792873051215,0.05019715104706895,0.47998264091444637,False
reverse_light_on_attack_1,033,additive,positive,0.5,global_E_all,3592,2182,0.6074610244988864,0.6074610244988864,0.0,0.0,0.5,False
reverse_light_on_attack_1,033,additive,positive,1.0,global_A_bus,3592,1557,0.43346325167037864,0.43234966592427615,0.0011135857461024856,0.09524725018231414,0.4620592201671977,False
reverse_light_on_attack_1,033,additive,positive,1.0,global_B_id_population,3592,1883,0.5242204899777283,0.5242204899777283,0.0,0.0,0.5,False
reverse_light_on_attack_1,033,additive,positive,1.0,global_C_cross_id,3592,1515,0.4217706013363029,0.4217706013363029,0.0,0.0,0.5,False
reverse_light_on_attack_1,033,additive,positive,1.0,global_D_bus_idpop,3592,2409,0.6706570155902004,0.6701002227171492,0.000556792873051215,0.05019715104706895,0.47998264091444637,False
reverse_light_on_attack_1,033,additive,positive,1.0,global_E_all,3592,2185,0.6082962138084632,0.6074610244988864,0.0008351893095768226,0.07249689344878286,0.4711032388172204,False
reverse_light_on_attack_1,033,additive,positive,1.5,global_A_bus,3592,1557,0.43346325167037864,0.43234966592427615,0.0011135857461024856,0.09524725018231414,0.4620592201671977,False
reverse_light_on_attack_1,033,additive,positive,1.5,global_B_id_population,3592,1883,0.5242204899777283,0.5242204899777283,0.0,0.0,0.5,False
reverse_light_on_attack_1,033,additive,positive,1.5,global_C_cross_id,3592,1515,0.4217706013363029,0.4217706013363029,0.0,0.0,0.5,False
reverse_light_on_attack_1,033,additive,positive,1.5,global_D_bus_idpop,3592,2411,0.6712138084632516,0.6701002227171492,0.00111358574610243,0.1004158769027004,0.4600070827644367,False
reverse_light_on_attack_1,033,additive,positive,1.5,global_E_all,3592,2185,0.6082962138084632,0.6074610244988864,0.0008351893095768226,0.07249689344878286,0.4711032388172204,False
reverse_light_on_attack_1,033,additive,negative,0.5,global_A_bus,3592,1554,0.43262806236080176,0.43234966592427615,0.0002783964365256075,0.023814539032132643,0.49050027143406816,False
reverse_light_on_attack_1,033,additive,negative,0.5,global_B_id_population,3592,1883,0.5242204899777283,0.5242204899777283,0.0,0.0,0.5,False
reverse_light_on_attack_1,033,additive,negative,0.5,global_C_cross_id,3592,1515,0.4217706013363029,0.4217706013363029,0.0,0.0,0.5,False
reverse_light_on_attack_1,033,additive,negative,0.5,global_D_bus_idpop,3592,2408,0.6703786191536748,0.6701002227171492,0.0002783964365256075,0.02509588327599618,0.4899892419097233,False
reverse_light_on_attack_1,033,additive,negative,0.5,global_E_all,3592,2182,0.6074610244988864,0.6074610244988864,0.0,0.0,0.5,False
reverse_light_on_attack_1,033,additive,negative,1.0,global_A_bus,3592,1554,0.43262806236080176,0.43234966592427615,0.0002783964365256075,0.023814539032132643,0.49050027143406816,False
reverse_light_on_attack_1,033,additive,negative,1.0,global_B_id_population,3592,1883,0.5242204899777283,0.5242204899777283,0.0,0.0,0.5,False
reverse_light_on_attack_1,033,additive,negative,1.0,global_C_cross_id,3592,1515,0.4217706013363029,0.4217706013363029,0.0,0.0,0.5,False
reverse_light_on_attack_1,033,additive,negative,1.0,global_D_bus_idpop,3592,2407,0.6701002227171492,0.6701002227171492,0.0,0.0,0.5,False
reverse_light_on_attack_1,033,additive,negative,1.0,global_E_all,3592,2181,0.6071826280623608,0.6074610244988864,-0.0002783964365256075,-0.02415955953927934,0.5096373322403608,False
reverse_light_on_attack_1,033,additive,negative,1.5,global_A_bus,3592,1554,0.43262806236080176,0.43234966592427615,0.0002783964365256075,0.023814539032132643,0.49050027143406816,False
reverse_light_on_attack_1,033,additive,negative,1.5,global_B_id_population,3592,1883,0.5242204899777283,0.5242204899777283,0.0,0.0,0.5,False
reverse_light_on_attack_1,033,additive,negative,1.5,global_C_cross_id,3592,1515,0.4217706013363029,0.4217706013363029,0.0,0.0,0.5,False
reverse_light_on_attack_1,033,additive,negative,1.5,global_D_bus_idpop,3592,2407,0.6701002227171492,0.6701002227171492,0.0,0.0,0.5,False
reverse_light_on_attack_1,033,additive,negative,1.5,global_E_all,3592,2181,0.6071826280623608,0.6074610244988864,-0.0002783964365256075,-0.02415955953927934,0.5096373322403608,False
reverse_light_on_attack_1,033,mean_shift,positive,0.5,global_A_bus,3592,1557,0.43346325167037864,0.43234966592427615,0.0011135857461024856,0.09524725018231414,0.4620592201671977,False
reverse_light_on_attack_1,033,mean_shift,positive,0.5,global_B_id_population,3592,1883,0.5242204899777283,0.5242204899777283,0.0,0.0,0.5,False
reverse_light_on_attack_1,033,mean_shift,positive,0.5,global_C_cross_id,3592,1515,0.4217706013363029,0.4217706013363029,0.0,0.0,0.5,False
reverse_light_on_attack_1,033,mean_shift,positive,0.5,global_D_bus_idpop,3592,2409,0.6706570155902004,0.6701002227171492,0.000556792873051215,0.05019715104706895,0.47998264091444637,False
reverse_light_on_attack_1,033,mean_shift,positive,0.5,global_E_all,3592,2182,0.6074610244988864,0.6074610244988864,0.0,0.0,0.5,False
reverse_light_on_attack_1,033,mean_shift,positive,1.0,global_A_bus,3592,1557,0.43346325167037864,0.43234966592427615,0.0011135857461024856,0.09524725018231414,0.4620592201671977,False
reverse_light_on_attack_1,033,mean_shift,positive,1.0,global_B_id_population,3592,1883,0.5242204899777283,0.5242204899777283,0.0,0.0,0.5,False
reverse_light_on_attack_1,033,mean_shift,positive,1.0,global_C_cross_id,3592,1515,0.4217706013363029,0.4217706013363029,0.0,0.0,0.5,False
reverse_light_on_attack_1,033,mean_shift,positive,1.0,global_D_bus_idpop,3592,2410,0.670935412026726,0.6701002227171492,0.0008351893095768226,0.07530381251768885,0.46998649407369314,False
reverse_light_on_attack_1,033,mean_shift,positive,1.0,global_E_all,3592,2183,0.607739420935412,0.6074610244988864,0.0002783964365256075,0.02416259084500403,0.490361458796543,False
reverse_light_on_attack_1,033,mean_shift,positive,1.5,global_A_bus,3592,1557,0.43346325167037864,0.43234966592427615,0.0011135857461024856,0.09524725018231414,0.4620592201671977,False
reverse_light_on_attack_1,033,mean_shift,positive,1.5,global_B_id_population,3592,1883,0.5242204899777283,0.5242204899777283,0.0,0.0,0.5,False
reverse_light_on_attack_1,033,mean_shift,positive,1.5,global_C_cross_id,3592,1515,0.4217706013363029,0.4217706013363029,0.0,0.0,0.5,False
reverse_light_on_attack_1,033,mean_shift,positive,1.5,global_D_bus_idpop,3592,2410,0.670935412026726,0.6701002227171492,0.0008351893095768226,0.07530381251768885,0.46998649407369314,False
reverse_light_on_attack_1,033,mean_shift,positive,1.5,global_E_all,3592,2185,0.6082962138084632,0.6074610244988864,0.0008351893095768226,0.07249689344878286,0.4711032388172204,False
reverse_light_on_attack_1,033,mean_shift,negative,0.5,global_A_bus,3592,1555,0.4329064587973274,0.43234966592427615,0.0005567928730512706,0.047627256438857866,0.4810066545884248,False
reverse_light_on_attack_1,033,mean_shift,negative,0.5,global_B_id_population,3592,1883,0.5242204899777283,0.5242204899777283,0.0,0.0,0.5,False
reverse_light_on_attack_1,033,mean_shift,negative,0.5,global_C_cross_id,3592,1515,0.4217706013363029,0.4217706013363029,0.0,0.0,0.5,False
reverse_light_on_attack_1,033,mean_shift,negative,0.5,global_D_bus_idpop,3592,2407,0.6701002227171492,0.6701002227171492,0.0,0.0,0.5,False
reverse_light_on_attack_1,033,mean_shift,negative,0.5,global_E_all,3592,2181,0.6071826280623608,0.6074610244988864,-0.0002783964365256075,-0.02415955953927934,0.5096373322403608,False
reverse_light_on_attack_1,033,mean_shift,negative,1.0,global_A_bus,3592,1554,0.43262806236080176,0.43234966592427615,0.0002783964365256075,0.023814539032132643,0.49050027143406816,False
reverse_light_on_attack_1,033,mean_shift,negative,1.0,global_B_id_population,3592,1883,0.5242204899777283,0.5242204899777283,0.0,0.0,0.5,False
reverse_light_on_attack_1,033,mean_shift,negative,1.0,global_C_cross_id,3592,1515,0.4217706013363029,0.4217706013363029,0.0,0.0,0.5,False
reverse_light_on_attack_1,033,mean_shift,negative,1.0,global_D_bus_idpop,3592,2407,0.6701002227171492,0.6701002227171492,0.0,0.0,0.5,False
reverse_light_on_attack_1,033,mean_shift,negative,1.0,global_E_all,3592,2181,0.6071826280623608,0.6074610244988864,-0.0002783964365256075,-0.02415955953927934,0.5096373322403608,False
reverse_light_on_attack_1,033,mean_shift,negative,1.5,global_A_bus,3592,1553,0.43234966592427615,0.43234966592427615,0.0,0.0,0.5,False
reverse_light_on_attack_1,033,mean_shift,negative,1.5,global_B_id_population,3592,1883,0.5242204899777283,0.5242204899777283,0.0,0.0,0.5,False
reverse_light_on_attack_1,033,mean_shift,negative,1.5,global_C_cross_id,3592,1515,0.4217706013363029,0.4217706013363029,0.0,0.0,0.5,False
reverse_light_on_attack_1,033,mean_shift,negative,1.5,global_D_bus_idpop,3592,2408,0.6703786191536748,0.6701002227171492,0.0002783964365256075,0.02509588327599618,0.4899892419097233,False
reverse_light_on_attack_1,033,mean_shift,negative,1.5,global_E_all,3592,2181,0.6071826280623608,0.6074610244988864,-0.0002783964365256075,-0.02415955953927934,0.5096373322403608,False
reverse_light_on_attack_1,0d0,additive,positive,0.5,global_A_bus,1572,927,0.5896946564885496,0.5922391857506362,-0.0025445292620865922,-0.1450968288597576,0.5576827890009965,False
reverse_light_on_attack_1,0d0,additive,positive,0.5,global_B_id_population,1572,73,0.04643765903307888,0.04643765903307888,0.0,0.0,0.5,False
reverse_light_on_attack_1,0d0,additive,positive,0.5,global_C_cross_id,1572,101,0.06424936386768448,0.06361323155216285,0.0006361323155216342,0.07290345471049069,0.47094147240008066,False
reverse_light_on_attack_1,0d0,additive,positive,0.5,global_D_bus_idpop,1572,733,0.4662849872773537,0.4669211195928753,-0.0006361323155216203,-0.035748652845032626,0.5142586120186222,False
reverse_light_on_attack_1,0d0,additive,positive,0.5,global_E_all,1572,500,0.31806615776081426,0.31615776081424934,0.0019083969465649164,0.11497380967901381,0.4542329406019057,False
reverse_light_on_attack_1,0d0,additive,positive,1.0,global_A_bus,1572,928,0.5903307888040712,0.5922391857506362,-0.001908396946564972,-0.10883567238826136,0.5433335853048569,False
reverse_light_on_attack_1,0d0,additive,positive,1.0,global_B_id_population,1572,73,0.04643765903307888,0.04643765903307888,0.0,0.0,0.5,False
reverse_light_on_attack_1,0d0,additive,positive,1.0,global_C_cross_id,1572,101,0.06424936386768448,0.06361323155216285,0.0006361323155216342,0.07290345471049069,0.47094147240008066,False
reverse_light_on_attack_1,0d0,additive,positive,1.0,global_D_bus_idpop,1572,733,0.4662849872773537,0.4669211195928753,-0.0006361323155216203,-0.035748652845032626,0.5142586120186222,False
reverse_light_on_attack_1,0d0,additive,positive,1.0,global_E_all,1572,500,0.31806615776081426,0.31615776081424934,0.0019083969465649164,0.11497380967901381,0.4542329406019057,False
reverse_light_on_attack_1,0d0,additive,positive,1.5,global_A_bus,1572,928,0.5903307888040712,0.5922391857506362,-0.001908396946564972,-0.10883567238826136,0.5433335853048569,False
reverse_light_on_attack_1,0d0,additive,positive,1.5,global_B_id_population,1572,73,0.04643765903307888,0.04643765903307888,0.0,0.0,0.5,False
reverse_light_on_attack_1,0d0,additive,positive,1.5,global_C_cross_id,1572,101,0.06424936386768448,0.06361323155216285,0.0006361323155216342,0.07290345471049069,0.47094147240008066,False
reverse_light_on_attack_1,0d0,additive,positive,1.5,global_D_bus_idpop,1572,729,0.4637404580152672,0.4669211195928753,-0.0031806615776081015,-0.17877436875408792,0.5709425640982696,False
reverse_light_on_attack_1,0d0,additive,positive,1.5,global_E_all,1572,500,0.31806615776081426,0.31615776081424934,0.0019083969465649164,0.11497380967901381,0.4542329406019057,False
reverse_light_on_attack_1,0d0,additive,negative,0.5,global_A_bus,1572,930,0.5916030534351145,0.5922391857506362,-0.0006361323155216203,-0.03628730824926382,0.5144733650871217,False
reverse_light_on_attack_1,0d0,additive,negative,0.5,global_B_id_population,1572,73,0.04643765903307888,0.04643765903307888,0.0,0.0,0.5,False
reverse_light_on_attack_1,0d0,additive,negative,0.5,global_C_cross_id,1572,100,0.06361323155216285,0.06361323155216285,0.0,0.0,0.5,False
reverse_light_on_attack_1,0d0,additive,negative,0.5,global_D_bus_idpop,1572,730,0.4643765903307888,0.4669211195928753,-0.0025445292620864812,-0.14301318565937504,0.5568601162055054,False
reverse_light_on_attack_1,0d0,additive,negative,0.5,global_E_all,1572,498,0.31679389312977096,0.31615776081424934,0.0006361323155216203,0.03834524531826363,0.48470620837305645,False
reverse_light_on_attack_1,0d0,additive,negative,1.0,global_A_bus,1572,931,0.5922391857506362,0.5922391857506362,0.0,0.0,0.5,False
reverse_light_on_attack_1,0d0,additive,negative,1.0,global_B_id_population,1572,73,0.04643765903307888,0.04643765903307888,0.0,0.0,0.5,False
reverse_light_on_attack_1,0d0,additive,negative,1.0,global_C_cross_id,1572,100,0.06361323155216285,0.06361323155216285,0.0,0.0,0.5,False
reverse_light_on_attack_1,0d0,additive,negative,1.0,global_D_bus_idpop,1572,736,0.4681933842239186,0.4669211195928753,0.0012722646310432961,0.07148828362625911,0.4715045745061427,False
reverse_light_on_attack_1,0d0,additive,negative,1.0,global_E_all,1572,499,0.31743002544529264,0.31615776081424934,0.0012722646310432961,0.07666982228981702,0.46944310608909845,False
reverse_light_on_attack_1,0d0,additive,negative,1.5,global_A_bus,1572,941,0.5986005089058524,0.5922391857506362,0.006361323155216203,0.36336642060055285,0.3581655912255352,False
reverse_light_on_attack_1,0d0,additive,negative,1.5,global_B_id_population,1572,73,0.04643765903307888,0.04643765903307888,0.0,0.0,0.5,False
reverse_light_on_attack_1,0d0,additive,negative,1.5,global_C_cross_id,1572,100,0.06361323155216285,0.06361323155216285,0.0,0.0,0.5,False
reverse_light_on_attack_1,0d0,additive,negative,1.5,global_D_bus_idpop,1572,736,0.4681933842239186,0.4669211195928753,0.0012722646310432961,0.07148828362625911,0.4715045745061427,False
reverse_light_on_attack_1,0d0,additive,negative,1.5,global_E_all,1572,501,0.3187022900763359,0.31615776081424934,0.0025445292620865367,0.15325728603208252,0.4390976917397944,False
reverse_light_on_attack_1,0d0,mean_shift,positive,0.5,global_A_bus,1572,925,0.5884223918575063,0.5922391857506362,-0.003816793893129833,-0.21759334154138466,0.5861270135623072,False
reverse_light_on_attack_1,0d0,mean_shift,positive,0.5,global_B_id_population,1572,73,0.04643765903307888,0.04643765903307888,0.0,0.0,0.5,False
reverse_light_on_attack_1,0d0,mean_shift,positive,0.5,global_C_cross_id,1572,100,0.06361323155216285,0.06361323155216285,0.0,0.0,0.5,False
reverse_light_on_attack_1,0d0,mean_shift,positive,0.5,global_D_bus_idpop,1572,733,0.4662849872773537,0.4669211195928753,-0.0006361323155216203,-0.035748652845032626,0.5142586120186222,False
reverse_light_on_attack_1,0d0,mean_shift,positive,0.5,global_E_all,1572,498,0.31679389312977096,0.31615776081424934,0.0006361323155216203,0.03834524531826363,0.48470620837305645,False
reverse_light_on_attack_1,0d0,mean_shift,positive,1.0,global_A_bus,1572,928,0.5903307888040712,0.5922391857506362,-0.001908396946564972,-0.10883567238826136,0.5433335853048569,False
reverse_light_on_attack_1,0d0,mean_shift,positive,1.0,global_B_id_population,1572,73,0.04643765903307888,0.04643765903307888,0.0,0.0,0.5,False
reverse_light_on_attack_1,0d0,mean_shift,positive,1.0,global_C_cross_id,1572,100,0.06361323155216285,0.06361323155216285,0.0,0.0,0.5,False
reverse_light_on_attack_1,0d0,mean_shift,positive,1.0,global_D_bus_idpop,1572,731,0.46501272264631044,0.4669211195928753,-0.001908396946564861,-0.10725520146716205,0.5427067382440929,False
reverse_light_on_attack_1,0d0,mean_shift,positive,1.0,global_E_all,1572,498,0.31679389312977096,0.31615776081424934,0.0006361323155216203,0.03834524531826363,0.48470620837305645,False
reverse_light_on_attack_1,0d0,mean_shift,positive,1.5,global_A_bus,1572,924,0.5877862595419847,0.5922391857506362,-0.004452926208651453,-0.2538287979190806,0.6001860878208128,False
reverse_light_on_attack_1,0d0,mean_shift,positive,1.5,global_B_id_population,1572,73,0.04643765903307888,0.04643765903307888,0.0,0.0,0.5,False
reverse_light_on_attack_1,0d0,mean_shift,positive,1.5,global_C_cross_id,1572,100,0.06361323155216285,0.06361323155216285,0.0,0.0,0.5,False
reverse_light_on_attack_1,0d0,mean_shift,positive,1.5,global_D_bus_idpop,1572,728,0.4631043256997455,0.4669211195928753,-0.0038167938931297773,-0.214538795016765,0.5849365414425373,False
reverse_light_on_attack_1,0d0,mean_shift,positive,1.5,global_E_all,1572,497,0.31615776081424934,0.31615776081424934,0.0,0.0,0.5,False
reverse_light_on_attack_1,0d0,mean_shift,negative,0.5,global_A_bus,1572,928,0.5903307888040712,0.5922391857506362,-0.001908396946564972,-0.10883567238826136,0.5433335853048569,False
reverse_light_on_attack_1,0d0,mean_shift,negative,0.5,global_B_id_population,1572,73,0.04643765903307888,0.04643765903307888,0.0,0.0,0.5,False
reverse_light_on_attack_1,0d0,mean_shift,negative,0.5,global_C_cross_id,1572,100,0.06361323155216285,0.06361323155216285,0.0,0.0,0.5,False
reverse_light_on_attack_1,0d0,mean_shift,negative,0.5,global_D_bus_idpop,1572,733,0.4662849872773537,0.4669211195928753,-0.0006361323155216203,-0.035748652845032626,0.5142586120186222,False
reverse_light_on_attack_1,0d0,mean_shift,negative,0.5,global_E_all,1572,496,0.3155216284987277,0.31615776081424934,-0.0006361323155216203,-0.038365992648540875,0.5153020625280758,False
reverse_light_on_attack_1,0d0,mean_shift,negative,1.0,global_A_bus,1572,931,0.5922391857506362,0.5922391857506362,0.0,0.0,0.5,False
reverse_light_on_attack_1,0d0,mean_shift,negative,1.0,global_B_id_population,1572,73,0.04643765903307888,0.04643765903307888,0.0,0.0,0.5,False
reverse_light_on_attack_1,0d0,mean_shift,negative,1.0,global_C_cross_id,1572,100,0.06361323155216285,0.06361323155216285,0.0,0.0,0.5,False
reverse_light_on_attack_1,0d0,mean_shift,negative,1.0,global_D_bus_idpop,1572,732,0.46564885496183206,0.4669211195928753,-0.0012722646310432406,-0.07150037193537179,0.528500235722144,False
reverse_light_on_attack_1,0d0,mean_shift,negative,1.0,global_E_all,1572,497,0.31615776081424934,0.31615776081424934,0.0,0.0,0.5,False
reverse_light_on_attack_1,0d0,mean_shift,negative,1.5,global_A_bus,1572,936,0.5954198473282443,0.5922391857506362,0.0031806615776081015,0.1815698209940503,0.42796016724062796,False
reverse_light_on_attack_1,0d0,mean_shift,negative,1.5,global_B_id_population,1572,73,0.04643765903307888,0.04643765903307888,0.0,0.0,0.5,False
reverse_light_on_attack_1,0d0,mean_shift,negative,1.5,global_C_cross_id,1572,100,0.06361323155216285,0.06361323155216285,0.0,0.0,0.5,False
reverse_light_on_attack_1,0d0,mean_shift,negative,1.5,global_D_bus_idpop,1572,737,0.4688295165394402,0.4669211195928753,0.0019083969465649164,0.10722800268813633,0.4573040502819904,False
reverse_light_on_attack_1,0d0,mean_shift,negative,1.5,global_E_all,1572,499,0.31743002544529264,0.31615776081424934,0.0012722646310432961,0.07666982228981702,0.46944310608909845,False
