y,pird_score,global_score
1,0.7343765344759624,0.49229104664965806
0,0.45870940019097345,0.49942818211922874
0,0.41789546837965674,0.5053690965375485
0,0.3545555471730169,0.507504656018056
0,0.5374102388707982,0.5041693062735907
0,0.4608965237435663,0.5041693062735907
0,0.3808263445019839,0.5049201718990054
0,0.5022616647622732,0.509752552168746
0,0.465473524458338,0.5064024291216856
0,0.4595932762709798,0.4912152225349849
0,0.48027581713457035,0.48054317299094934
0,0.43641045258121647,0.48619382954592216
0,0.4350962377501247,0.48060483693311506
0,0.4285264302227225,0.48992033239321436
0,0.6634846574642175,0.5161593275562335
0,0.4180129007483925,0.5121288038122022
0,0.4279591900541446,0.50517235305469
0,0.4274071877644268,0.5292535040031434
0,0.40757419034563963,0.5143263709790311
0,0.36177649380506927,0.5143586076716952
0,0.4111819616328257,0.5302196512265136
0,0.3885622196394275,0.5393139251475894
0,0.394580688551538,0.5419707033852122
0,0.3928301406970987,0.5375124057165371
0,0.500175582527091,0.5307166744601699
0,0.3871810853056192,0.5330069745377504
0,0.49434656405261945,0.524164063222012
0,0.4523638898533382,0.5199522317464942
0,0.4056023325472264,0.5207151932317091
0,0.36519343227344936,0.5213738754268842
0,0.3703932425068977,0.5207802897103622
0,0.36167855256082193,0.5175761335072865
0,0.44309159956842614,0.5175761335072865
0,0.4735017228659915,0.5155420449120346
0,0.4515508166961918,0.5062364741030364
0,0.3986994055344411,0.5140326515294532
0,0.3619854730942508,0.5170976472331389
0,0.4795681863596179,0.5140116525390953
0,0.512063971731299,0.5265427563596313
0,0.4113134679077454,0.5048707108653271
0,0.4110205020307034,0.4986430025477276
0,0.3630275470835998,0.49495663631961667
0,0.4016767713085867,0.4955761596278313
0,0.640829050011016,0.5112999824948657
0,0.48275598969597955,0.5087437651135797
0,0.46424335290900404,0.508186585611619
0,0.4128855552681681,0.5045061239068415
0,0.35610279035667214,0.4987443139398858
0,0.4640757248938228,0.5032280607195356
0,0.44901257264314615,0.5094874010793252
0,0.4052044401973047,0.5026992465880096
0,0.46740105256400816,0.500239130766632
0,0.4693927467062962,0.5075313068119588
0,0.41042844147627056,0.5110157518614706
0,0.4591068387613783,0.5084489567038392
0,0.3520780564568224,0.5098333777170718
0,0.45695214546658347,0.5151277225335141
0,0.36974682964885475,0.49461549380545666
0,0.4124968698146781,0.4956915737523345
0,0.4172318078977625,0.4987583295891991
0,0.3936792713415768,0.49772423227794194
0,0.4085822550393235,0.5007979776705023
0,0.3644602502102454,0.5013629421184561
0,0.39648138521528126,0.5013853580731766
0,0.40680950727591475,0.5020724028370549
0,0.36256833766645985,0.5118988613946418
0,0.38613734386419474,0.5226816102244867
0,0.47564902024385636,0.5288091441322051
0,0.40451849477879837,0.5247291789042066
0,0.380957647926007,0.5246980319521153
0,0.37455660243041056,0.5236078546319021
0,0.4769065217335241,0.5235387069814001
0,0.46146058665340095,0.5183724769271483
0,0.4597837637886943,0.5183724769271483
0,0.3663761821848897,0.514595640849678
0,0.3465508259051419,0.5179129681664798
0,0.41488389323727987,0.5154110408585874
0,0.4632970845131362,0.5223846609389511
0,0.3817610153870949,0.5212888467609268
0,0.38155626757021616,0.5136163855729665
0,0.35032033800242,0.517153576199234
0,0.465147179797453,0.528173154637859
0,0.5334070145541172,0.5276685940779177
0,0.41455666800639157,0.5128677411905397
0,0.4084715158533366,0.5097068894646334
0,0.4718826740937906,0.514238190092302
0,0.45720007673875274,0.5323840944297937
0,0.4572405153378341,0.5207717254196091
0,0.40907874059144006,0.5274593236618711
0,0.394351185405656,0.5417150369560275
0,0.40370324504108934,0.5438561490368362
0,0.34115167543832026,0.5256064996825479
0,0.4108837483641224,0.5275523964693967
0,0.3965934314824123,0.526798333428105
0,0.47804484864546154,0.5216781389222572
0,0.35440676527581966,0.5262749043282521
0,0.45454712615768755,0.5314029787548268
0,0.37237472872979305,0.5301932092939949
0,0.35596512168503514,0.5260909568092363
0,0.4601628324120179,0.5418149646291404
0,0.44313571928455114,0.5301772553057982
0,0.38962300835684804,0.5301772553057982
0,0.4709126544647805,0.5283738272319731
0,0.4566587772321115,0.5358586645349406
0,0.38257127780009925,0.5208113615593021
0,0.4090631517613569,0.4622799966899626
0,0.4111804742144614,0.4688023214533574
0,0.3912374359961375,0.47010520130296496
0,0.4029244135669751,0.46984165775662573
0,0.43118684612978997,0.4709500307835667
0,0.40040452766428825,0.4787908625373141
0,0.4079923736377958,0.47665250309810414
0,0.35801575773617217,0.49583920384694985
0,0.38793029049861655,0.4907539541022521
0,0.4327266307124559,0.46877990726221125
0,0.3810309048503544,0.4681083636028809
0,0.38932700615302285,0.48448178053378094
0,0.4802573798680442,0.4623640703659689
0,0.37165461685252027,0.4681083636028809
0,0.48224641520946515,0.46319037831566706
0,0.4329953262849269,0.47378250243279535
0,0.3816034814613618,0.4563345538115563
0,0.3462116216278227,0.4563345538115563
0,0.41099803459308876,0.47686829837420197
0,0.46629228010264634,0.47280591678879264
0,0.38473761843186316,0.45742069363043447
0,0.3806911800710337,0.4553075298088332
0,0.3511505627613949,0.47705373753534436
0,0.4613942654626242,0.4728701769979937
0,0.4122692453429627,0.43882477351581717
0,0.3758763405243358,0.42838137996430836
0,0.47886529451792487,0.43699443348314093
0,0.394213333925264,0.4290758936679955
0,0.4082355769215589,0.4358219435519085
0,0.3862615835429365,0.4403864708896456
0,0.36735564401827386,0.44075919945762426
0,0.3490134320377691,0.4582083813868003
0,0.4588159785683425,0.4459649563702949
0,0.4588317787887252,0.43327525042047166
0,0.40572476150938547,0.4268878941498672
0,0.3956073255475324,0.4275274462864544
0,0.5390564701828688,0.4249917965642284
0,0.4247137629420152,0.42423784084435884
0,0.3786780311342398,0.4051592944836387
0,0.48579542722414415,0.4069465509973834
0,0.4607159757309008,0.40895419809396333
0,0.47534567720309834,0.4067197123195962
0,0.45075290340277163,0.4130986340435782
0,0.3420242226331313,0.4075856167601354
0,0.40927057762839136,0.4117725115934268
0,0.41253523979327483,0.41399676504179767
0,0.3883331925457135,0.41485620185772526
0,0.4021631935506517,0.42312076181999714
0,0.3880470674295826,0.4230834871148271
0,0.395494717040714,0.41929577053203143
0,0.4079923736377958,0.407568699897412
0,0.3575672348020988,0.40886798017529824
0,0.3845734546674032,0.4174101385417317
0,0.4551515316675751,0.43280636945145534
0,0.39866235972960284,0.4371960941523093
0,0.38092127917215385,0.4474937074598365
0,0.47729420524770577,0.4248342538414743
0,0.35409410916674816,0.4226613887500385
0,0.5030693206988152,0.4158096105136805
0,0.40971973728761685,0.41262304051054605
0,0.3738391768720058,0.4069990148967131
0,0.3734540015901407,0.40919129596448894
0,0.3637189534487763,0.40773767663783883
0,0.4322061196456889,0.40991876371036207
0,0.4666058023867492,0.4027965097294089
0,0.4510851800013345,0.402125677655769
0,0.39938754623753453,0.4027965097294089
0,0.37311752441478024,0.4027965097294089
0,0.4293214964411454,0.404442878298002
0,0.4624991245959118,0.4065889747023331
0,0.3866666718074095,0.42270247915369485
0,0.3665024750531145,0.4052025333133664
0,0.40527287831402176,0.4086639584761837
0,0.35310924424994033,0.410667220901107
0,0.36110260325147797,0.41073485142338156
0,0.357608337537282,0.4212217874028828
0,0.38094860431395433,0.41989120143320774
0,0.466961000946317,0.4191847575657847
0,0.47965920082995905,0.4157760304890966
0,0.46203210442144865,0.4189012388185967
0,0.422646146409981,0.42080353951543853
0,0.4894837477317437,0.420947956846545
0,0.3829594342748801,0.41624690875694387
0,0.39256495593917706,0.4164483174691219
0,0.36585338296062747,0.43176726837533586
0,0.34117768658024555,0.42120080106922037
0,0.38177705093648345,0.41853258326618975
0,0.4850252983598063,0.4140510992609871
0,0.500319698893862,0.42223665660887966
0,0.45098282952616264,0.42215640919904196
0,0.3919672664046371,0.4191498999708836
0,0.3849725613665886,0.4067586504660066
0,0.4099763522673997,0.40519658706400014
0,0.4134132137497478,0.4240954089239041
0,0.3919609881096271,0.415080695051283
0,0.3781866227273862,0.4194881924040901
0,0.370465303095359,0.4228437101602248
0,0.39759843151044094,0.44019163770930575
0,0.4085377061210706,0.43063515986619055
0,0.3551761994348281,0.43372025117555296
0,0.38973965272151634,0.43561072169666093
1,0.7341281419364114,0.44585780755628035
0,0.389364336250823,0.4343037624895134
0,0.4823826898384358,0.42940624914412406
0,0.42521440359951124,0.4322126420416267
0,0.4859292454911989,0.4174955881633096
0,0.40499730602745654,0.41424504981048677
0,0.36875219910353474,0.395518491490745
0,0.36716078704207483,0.3937519933767234
0,0.37361522070482367,0.3796208029206134
0,0.510567401479416,0.3777182041007951
0,0.4781982811268069,0.37305970622075435
0,0.39925518859880094,0.37605492056011575
0,0.37096356233506095,0.37102020207940195
0,0.4435037357854184,0.37073147393569894
0,0.4753120076756507,0.36855371454465147
0,0.4053771085079842,0.37295638777776063
0,0.403710826430864,0.37300165723938433
0,0.38420532465949586,0.373531881315882
0,0.47274856078283173,0.37181182255098266
0,0.40966574222207175,0.3715988088421337
0,0.3922764123919808,0.3705061632833903
0,0.49415682659141713,0.3711513660289268
0,0.3528799335780751,0.369082137550715
0,0.37592220356578065,0.3812397257742543
0,0.5726161392662894,0.3903794359147491
0,0.37899145178134874,0.3843054662913722
0,0.4054318561482502,0.3915871987835666
0,0.34754645288113223,0.3864731136431568
0,0.3509355377314836,0.3921617264567395
0,0.3642464890842518,0.3896929128926445
0,0.4814482348705341,0.3976811282728109
0,0.46324414878282666,0.39837046868415155
0,0.3944933858325091,0.39165948507638576
0,0.491186811399077,0.3854508112062084
0,0.35930883386050777,0.38214696830741346
0,0.40435341449985485,0.3909412334456543
0,0.368142868442584,0.38983296100993514
0,0.5044404791365888,0.37201854641158216
0,0.461444562553516,0.3725951447224168
0,0.3528799335780751,0.371997923851131
0,0.4677768686949231,0.37266287682070093
0,0.42995754610087106,0.37778190343838014
0,0.42969848173218045,0.3752692631752493
0,0.4398097948893877,0.3714239772990209
0,0.4121514658563409,0.3709150181443428
0,0.3760666001354571,0.3709150181443428
0,0.3662645104634441,0.3773170507611095
0,0.43836271829799833,0.38985156857039477
0,0.4095900390198916,0.40226248627404065
0,0.40023564660558225,0.3989414972247265
0,0.35920753341889033,0.3977116352214369
0,0.41114253978184373,0.40199450458533004
0,0.3930022669770957,0.4133921007825281
0,0.40667652878558647,0.41157220956263557
0,0.3944812466515707,0.41157220956263557
0,0.4797071199743212,0.3971050623494921
0,0.3720184812134875,0.4115117538264103
0,0.4898583120737283,0.4057793498355444
0,0.4105035572029772,0.4060615204594397
0,0.37096310898245033,0.39038865376661025
0,0.3623883529913404,0.40471128570600456
0,0.43066308892816585,0.38657419144301663
0,0.473848190812379,0.39036968226326924
0,0.3989396325434821,0.4072387673261913
0,0.3955713399052699,0.38973416040795417
0,0.37339757727571576,0.3903145591574651
0,0.453178045763564,0.3909195147911968
0,0.48285095058579175,0.4149100133838745
0,0.6318459196488708,0.4141293018184028
1,0.7341281419364114,0.4350982802140087
0,0.3506755609962811,0.39770005706330613
0,0.41268510109657564,0.39672853992203405
0,0.6910746996489444,0.43607447565278035
0,0.34671082267979836,0.43164643480862797
0,0.34284470575837545,0.441039887181701
0,0.3849219535220772,0.44285769201685693
0,0.4616132762849638,0.44022726339642515
0,0.48326228745991184,0.4145616266096945
0,0.462113013305922,0.42011856055639635
0,0.3729584804081526,0.4199085165724328
0,0.485603916271225,0.4134518195923484
0,0.3628082190427165,0.4191051599491663
0,0.3867798897703827,0.43092264420614795
0,0.3815193615992943,0.41869119927655907
0,0.473102733367634,0.43093309388085665
0,0.4468038893029838,0.4297475410649033
0,0.44491128904005545,0.4436471148325939
0,0.6362441308903387,0.46600228918612036
0,0.3464710880921962,0.45379556219749206
0,0.3523689149819206,0.452935164294755
0,0.3544118031116511,0.4426821519910926
0,0.3734014927293904,0.43815690923460854
0,0.4122845263071098,0.44753574899422166
0,0.4086891463444458,0.4562997139214321
0,0.39081936546795315,0.45338709095641244
0,0.3719059801121151,0.4575148956175561
0,0.35342826027264573,0.4575148956175561
0,0.39239182293057,0.4702346780750443
0,0.4097084233272279,0.45960938973855764
0,0.35736810853314577,0.5004159908612613
0,0.38883180161111913,0.4962319893050094
0,0.3900661248972152,0.4851851752720029
0,0.3752157024284156,0.4838003168841337
0,0.44381996498972665,0.4869026893357149
0,0.3600958906292468,0.4838544699644742
0,0.48198471476582094,0.48324122469770714
0,0.4714074780177179,0.47481964088906303
0,0.40959577994791596,0.4773848529811419
0,0.36811363115998197,0.46280106745546384
0,0.37902131530729327,0.46280106745546384
0,0.3464306433480107,0.4775644973108303
0,0.4187894871772252,0.47277245264364665
0,0.4859478490673617,0.4632747019344172
0,0.4030265677913836,0.4632747019344172
0,0.3836143223052835,0.4780517566642037
0,0.35856422753992967,0.4819830664320472
0,0.45551973259794143,0.4632732636721815
0,0.500453247828999,0.45503677265697523
0,0.417984256654778,0.46863832706966824
0,0.34937962802282047,0.4773496871864719
0,0.3533939977560158,0.4652430079687548
0,0.3978796091660085,0.46701437565214465
0,0.479924641761586,0.47423225819726617
0,0.41777021594450764,0.48945454614195505
0,0.4063828018370524,0.4681971271735086
0,0.35039924016015295,0.4630298691804701
0,0.34957684025777475,0.4590440424339706
0,0.483407658721234,0.47249671320983183
0,0.4101345621015393,0.5014806215860483
0,0.41418332400567226,0.5044912043971701
0,0.3849793386000302,0.4794943391864525
0,0.48487927665047087,0.4791700296024892
0,0.3655484734696627,0.47690546316126836
0,0.4021516710140145,0.4851883935028353
0,0.36756112928790025,0.4804133726246463
0,0.46997029610014557,0.47763156356826936
0,0.43311145073196444,0.4781839385037626
0,0.41456029192093685,0.4412592667913401
0,0.40794975080858553,0.44089951461918025
0,0.39179940734387203,0.4445815253879423
0,0.3679468800580882,0.4419905037714224
0,0.34820926467716995,0.44478025526005205
0,0.39400063357473397,0.4481535659552082
0,0.40881653210396557,0.4662779752609271
0,0.3609067148735497,0.472463322546071
0,0.38392185066693574,0.47153661773337696
0,0.379467259328512,0.44854137872840444
0,0.3984889103647949,0.4664108178432424
0,0.4242451695124795,0.44921498735045784
0,0.37254571798308334,0.44816413489135226
0,0.515436660353365,0.4502114111232437
0,0.4092548340420954,0.4634624914762709
0,0.3723800015412533,0.4466780751881719
0,0.3451798561756672,0.4466780751881719
0,0.4158583986347407,0.46533259927197923
0,0.47582564267997446,0.4714949578491599
0,0.38432985586582147,0.47682422120504475
0,0.38341203376757915,0.4568204580808483
0,0.3580183021466195,0.4742622252388539
0,0.43110432392165,0.47910166975962476
0,0.40550509643413274,0.47970439778155416
0,0.3831243938613075,0.44815424086094546
0,0.4165463698709512,0.45797129018845245
0,0.37364289925748695,0.46318543953000607
0,0.3656768095020818,0.48076923991510645
0,0.40905090867669186,0.4775825320399984
0,0.4001086911423932,0.4735236656069553
0,0.3747472689285313,0.4692918675827845
0,0.34591147602644884,0.48528176863319605
0,0.37638660448065886,0.4759838057638046
0,0.35456731035445205,0.45220724738171714
0,0.4205227516329971,0.46156174987577664
0,0.4713130621499649,0.4632872817350138
0,0.3994469580696204,0.48593154389939053
0,0.42213788851963024,0.4588718303233884
0,0.5204547616082508,0.4582389967147042
0,0.40169443079616207,0.45823740323346024
0,0.3796845524943757,0.4763448747316165
0,0.49509318027950006,0.4833549835912706
0,0.4184406038087287,0.45904692114879925
0,0.47829918679019123,0.45904819415571163
0,0.44616448218361693,0.4632458932765891
0,0.3443203999869952,0.4620474665308131
0,0.4136193037622404,0.4729329562348728
0,0.4127163860686315,0.45838610848593037
0,0.39242310376924044,0.45246368827665284
0,0.36662378512743315,0.45296309286739
0,0.34496360544209653,0.4540448889289067
0,0.3982333702181823,0.4617156096677864
0,0.40985112665039963,0.4505954572599371
0,0.35769700785750674,0.45877328779755344
0,0.3830672003396949,0.47665605701602487
0,0.6459323076377167,0.45881763354596217
0,0.4963790384988701,0.45744077408683054
0,0.40036133793128564,0.45584770891582466
0,0.39220496400345245,0.47181682240521733
0,0.45373897204607283,0.4557923848174877
0,0.4376107867641539,0.45584770891582466
0,0.504281519741638,0.4525607753013848
0,0.3907292499170961,0.46493118337496686
0,0.377227736528105,0.44756422561391396
0,0.3615652983152807,0.4652752941245919
0,0.4320901885798106,0.47150955923346977
0,0.4741416526023641,0.4711337650507461
0,0.44427728569295893,0.4711337650507461
0,0.4004024313123456,0.46460906372151733
0,0.37922240242564764,0.47862272389102994
0,0.43324594017363216,0.4812595618183637
0,0.4267626570451713,0.478064786823905
0,0.3971183308327915,0.4553372907792681
0,0.3790191108487764,0.4743357793904194
0,0.4298521794022463,0.4766020367688159
0,0.3595981166481117,0.4479895944667573
0,0.4105497754076146,0.44203843439910295
0,0.34778655596238484,0.44716777223416376
0,0.35976976900077806,0.4475902838452353
0,0.3494637812353102,0.4628353077977445
0,0.38957571247926676,0.4622566752963259
0,0.5114834308227135,0.4611985956118014
0,0.4506699227874561,0.4534826242048385
0,0.40023102762822177,0.45819006308635596
0,0.482285655568987,0.45664822599740773
0,0.3938475456522263,0.4449168774344437
0,0.3833952146974164,0.44498772461545766
0,0.3673370997832136,0.4518805532822539
0,0.3412517721453356,0.46047971773541496
0,0.3452237860695229,0.44987297187870673
0,0.47416279769980463,0.45487331227695693
0,0.5040286882678964,0.44522697496017716
0,0.4313369887036791,0.45300059594060266
0,0.39420778873771806,0.45457467412137276
0,0.36675410428383026,0.45421134360614546
0,0.41281984009214046,0.4581312546306551
0,0.40728811498636824,0.4614330401207605
0,0.3902122473142304,0.45924046569767585
0,0.36370734892729045,0.46394945396211845
0,0.3611274135758914,0.4631277893018061
0,0.39386690789730133,0.4661079606412554
0,0.40876741694725344,0.4593696254738267
0,0.3619319827062637,0.47766070244888226
0,0.3884576540480176,0.48059660075975275
1,0.7321143950787226,0.48197951359853997
0,0.40450476204707814,0.4891906971025049
0,0.4204193418548195,0.4758780422362305
0,0.40320846230244844,0.4762335348473177
0,0.4845330942078403,0.4749365243215412
0,0.3939695537894749,0.47226204559805524
0,0.3505145670811692,0.468756173602012
0,0.36891283704779404,0.46001830787271675
0,0.37587040875994904,0.45832971062107275
0,0.37291692832755524,0.46115028497200483
0,0.49192523070065913,0.4704326482649293
0,0.48410860607615497,0.46134275010380305
0,0.4000267021698383,0.46626390596968653
0,0.3700964809180417,0.4705284972772897
0,0.4490353683818405,0.4749980461595072
0,0.4912857121611731,0.4662121493693747
0,0.42036292278832527,0.4662121493693747
0,0.40026184936061715,0.46936176318204337
0,0.3871219012827112,0.4750333314372082
0,0.48886505986503814,0.46466538517952516
0,0.4119970634969822,0.4686250462602261
0,0.39182797748607284,0.48042871266043885
0,0.34615301135452026,0.48908144215055693
0,0.38683529699820535,0.49769490585751686
0,0.5733346108227813,0.49738932825829907
0,0.4032022871210974,0.4902865120782048
0,0.40724086257718684,0.4880061230317644
0,0.35676961553224945,0.4744852509328558
0,0.34983439674536065,0.48321256957947184
0,0.3844734572091803,0.46998391506022186
0,0.4473546191908491,0.47983965552052954
0,0.4160367848212776,0.46747745210981145
0,0.3998666539813097,0.470530124582177
0,0.49234156681798913,0.47030951616049027
0,0.3817758913866828,0.4705668369338588
0,0.39204139681503664,0.4415068636952542
0,0.3706925081026947,0.4577872904844728
0,0.5117482976711942,0.4625919909286675
0,0.43920907303538353,0.4621227539626389
0,0.46325302717754385,0.43860418634519627
0,0.45209330453385027,0.43360659061910584
0,0.42612810498034737,0.41914784093259594
0,0.4524310553588713,0.4216821956235355
0,0.4086234600168182,0.4216821956235355
0,0.368805853103026,0.426867795660259
0,0.3554258071657445,0.4181228065594797
0,0.43484112409739084,0.3932714544621962
0,0.40947780384534094,0.39677783074102063
0,0.4016099368270219,0.41751204631907934
0,0.3637220947709244,0.4126879754637889
0,0.42311087942960784,0.41181087096104685
0,0.39376389720675814,0.42151489744801
0,0.4413733062550259,0.43632828477405233
0,0.37351693820927867,0.4352782400771425
0,0.42190435720287184,0.39949609412419407
0,0.37146616908592656,0.40249210001619695
0,0.4863211697446462,0.40324771144383215
0,0.40225827382811624,0.40324771144383215
0,0.3702472391393769,0.3894644420458424
0,0.3612219578237486,0.3936374910536952
0,0.43441116206258346,0.39888270755318395
0,0.4370495873502771,0.42832561240550615
0,0.3983961900470158,0.4372196839023056
0,0.38833045976847247,0.40233009959028093
0,0.37616857615489757,0.4039288765386688
0,0.42365426930486993,0.43000117029822327
0,0.46328331199453154,0.4436607520026638
0,0.3570555110183874,0.39155234267027317
0,0.4142983798005414,0.3897055566766753
0,0.3841753770589113,0.3921961052848711
0,0.34471409521611823,0.3928203155411266
0,0.4355355309502904,0.3897627218753086
0,0.3672171501420617,0.3886528872362542
0,0.43090074943300144,0.38981240166023695
0,0.3988634472568005,0.39682263740516394
0,0.41075404438427016,0.3960948665013793
0,0.48021516472114517,0.38886386216377666
0,0.4007631465815689,0.38282247522964674
0,0.39700569481128883,0.38867753836840746
0,0.38875021954787725,0.39528275144524294
0,0.49400596170238964,0.3912998467856215
0,0.4115871888846921,0.38774917414774884
0,0.3503745698289107,0.3811633809722159
0,0.3552799883910843,0.3800703695104157
0,0.36974591968047626,0.3802610440529706
0,0.37783678221843514,0.3859915527276851
0,0.43028667553529965,0.3863955044772721
0,0.42184547134090544,0.3856198762435383
0,0.4096500856168032,0.38385651996298714
0,0.3771188994012406,0.38813942320936695
1,0.7321143950787226,0.3998875345085807
0,0.4129937354630384,0.3957757436598467
0,0.4080711621698145,0.39861660973218216
0,0.41208812494466324,0.39765731996859005
0,0.3802154821884542,0.40469352759509997
0,0.45611912924239295,0.4071453486580446
0,0.3825436424874676,0.409645294608584
0,0.3825311863494142,0.40591934184490147
0,0.3618893534686922,0.4016135186756762
0,0.4928525094563127,0.39201911607626755
0,0.4308913711620883,0.3892670247004969
0,0.3978142846126826,0.38565221123570137
0,0.3836181559657328,0.3848894404507865
0,0.350837655758826,0.3824895082443903
0,0.43245268589529273,0.388620713533386
0,0.43728198930316164,0.3832557947657969
0,0.45748327493261015,0.39570463030682124
0,0.3793219687948832,0.38228761132420536
0,0.36222736206257844,0.38228761132420536
0,0.42027661501067975,0.3841424811995938
0,0.5509474483114148,0.3974186372825071
0,0.42462892559852417,0.38499584374400186
0,0.4207080674325231,0.39055384395425546
0,0.4766641066238266,0.3939664852427121
0,0.42155013454496937,0.4116404717340851
0,0.3527892868022497,0.41047479742497284
0,0.47697084552357555,0.41223538291580947
0,0.4501501521174005,0.4200241797008233
0,0.4117211406514986,0.42733963890770216
0,0.4077147749894875,0.4248766134648238
0,0.39381497970276236,0.4182600054549048
0,0.34985199783640264,0.4352339710828926
0,0.38282529648969327,0.4246509478825157
0,0.4221475550649393,0.4224442087348923
0,0.4404340453689593,0.43121979737644733
0,0.43135387185618695,0.42975579479410003
0,0.40187649194806346,0.4301070607214143
0,0.3662366792893636,0.433334245697388
0,0.4844943489980293,0.4440210502984983
0,0.40760509289453295,0.43185669191730053
0,0.38161233336046896,0.43185669191730053
0,0.48783297854682994,0.42949347718843184
0,0.40741822696020685,0.4431238107286097
0,0.49170689443820575,0.43972413735501353
0,0.4190591047062472,0.4202610741896577
0,0.5176639131666131,0.4211206649710217
0,0.4085611829814563,0.42714419088097305
0,0.37094987034090815,0.4283355921376133
0,0.38943123496258125,0.4330902673401138
0,0.49923968995976425,0.427154214576574
0,0.4072280822326932,0.40920244218892465
0,0.36868781657532573,0.41117349966556466
0,0.4180035690103943,0.42726064904820327
0,0.3912345939842515,0.4105381837065896
0,0.3966835709784741,0.4109712925262855
0,0.4101546801463871,0.3994349230684761
0,0.36393152771498444,0.39882821335901325
0,0.4880420309853756,0.3951548725476858
0,0.39816173784328696,0.3951548725476858
0,0.38880710768010873,0.39105649282669025
0,0.3613598334373863,0.40702665802505694
0,0.3484789207148007,0.375498430412386
0,0.4351041465314041,0.3694875898007874
0,0.4277558506548617,0.36825978390785313
0,0.41004530251408217,0.3829852869655669
0,0.3780474526981467,0.36657268574981244
0,0.36098766249245634,0.36825978390785313
0,0.41481664420645165,0.3679315157371834
0,0.3994212345517983,0.38238591042298115
0,0.3563835620920811,0.36634801135202255
0,0.46021859179529434,0.3609546176871076
0,0.4218074441283543,0.36765207048581955
0,0.4021284104152131,0.3692420720108827
0,0.4425093001438339,0.3779721883159146
0,0.38280255654384987,0.37929921514747883
0,0.3491101625964728,0.3772269915994199
0,0.41691032074508255,0.3691729909946554
0,0.41223857454221713,0.3758807635107384
0,0.4053126124555261,0.36537750382326173
0,0.4152301264575232,0.36624061248778467
0,0.5716046809667408,0.3744382277702751
0,0.4078851985744366,0.3720670342021805
0,0.498535714084509,0.36844584701150634
0,0.40267279569103814,0.3698056463251886
0,0.3875693957655589,0.3756474735300342
0,0.5013064319760424,0.39689762143029367
0,0.40247084167643515,0.38539237711579233
0,0.44450198599924207,0.38684614766716346
0,0.44795331795707816,0.4023157006147299
0,0.3447771970462427,0.3958344147996912
0,0.41561078784121674,0.3999718798437362
0,0.4700767889922144,0.40669946855180283
0,0.40579431541180555,0.40875922611211085
0,0.369996224149912,0.41798941717287097
0,0.37216492288613645,0.4135146385691798
0,0.454718623485773,0.41337623230719417
0,0.40150070067366656,0.4022953701799656
0,0.3629499712429517,0.4003231975411143
0,0.3796572630515327,0.41687429124006775
0,0.4240612740571847,0.43250232368194735
0,0.3792483085770603,0.4419189686132224
0,0.4167409118257128,0.442035129703967
0,0.3910635395125216,0.4321189697149254
0,0.4864941969825449,0.42070474385501394
0,0.40591792932381376,0.4148485238326625
0,0.38361160072813866,0.4074339905956195
0,0.36522524526499517,0.4041168585004656
0,0.36256462796015126,0.41358853630559433
0,0.44919649116542454,0.41255201901768535
0,0.41495784795268653,0.40617161157298254
0,0.42059529184692596,0.3973749673971239
0,0.39189460671026777,0.4009344473420779
0,0.3757523889403335,0.4008605732942092
0,0.42973396648444945,0.4009966762336806
0,0.41666325986454544,0.4002040952584645
0,0.44058312274199574,0.403643575727738
0,0.36080597787604934,0.40735116143041195
0,0.40067275061449886,0.40320898157409124
0,0.34773146627364815,0.39527507279960944
0,0.36988871733548073,0.4038394404013544
0,0.3482221698275247,0.4133884569958316
0,0.3839722022601386,0.40140175308879994
0,0.4717482701719052,0.4010569431826315
0,0.35247929246212506,0.403019255414081
0,0.4008553035161573,0.4064511393668149
0,0.4115905593841295,0.3998516604817989
0,0.4588414082666087,0.4002493297919078
0,0.39234372360582503,0.40152562939340325
0,0.379561189251703,0.39724808974047143
0,0.3731616144709169,0.4004117824289323
0,0.38823904560581957,0.4014877659423925
0,0.34170435901470547,0.4018287991760316
0,0.34478924619106777,0.4050480679917254
0,0.4552603504911935,0.40847633197131933
0,0.518089583547032,0.4082403930857913
0,0.40614851688780557,0.4116695242085146
0,0.3942831530909268,0.3929666945967576
0,0.3895734527239255,0.3932281471707085
0,0.47565834018019454,0.40064485616810325
0,0.41627892677917877,0.4028341043283329
0,0.4215895072269669,0.4257851899265477
0,0.38950549322099304,0.4201217979455695
0,0.36119002675140177,0.4170324257874674
0,0.38068855633267584,0.4217446976442594
0,0.41011967954015194,0.43371512911645393
0,0.4005483437057494,0.42540391462881827
0,0.36310793389925416,0.4382999861923204
0,0.38684274355992904,0.43536471258484655
1,0.7313717641117599,0.46694872387441166
0,0.37555245000842835,0.44864303979154596
0,0.4258020630129282,0.43183490967550237
0,0.39815472720659484,0.423474865708654
0,0.472001744078205,0.4078659141169792
0,0.38431981308218105,0.40162700114762523
0,0.3544263877039091,0.3834496476382601
0,0.37561658691513744,0.38198006845586935
0,0.3607953622341657,0.3777476211928584
0,0.4922440452733262,0.37993219678498086
0,0.4783689809462509,0.379491052924508
1,0.7308770953468605,0.3817484645170676
0,0.39888682912240014,0.3790185884512721
0,0.3695943115895649,0.3790185884512721
0,0.46780743394688074,0.3796177314618687
0,0.4269480160246367,0.38255235407877514
0,0.4304384683356586,0.3796882617443076
0,0.4021575110911886,0.38165961050312947
0,0.3878878160982243,0.3788452451992915
0,0.4331401873295918,0.3820902954845842
0,0.40957103344729584,0.38088114017860425
0,0.39255490182035213,0.38642359924633574
0,0.3459775999777273,0.38192613971217076
0,0.35388438522179577,0.394092530184279
0,0.5717669172354816,0.4081432797235558
0,0.40146077279449666,0.4058166779767097
0,0.39903644387366993,0.40797917954656976
0,0.37066016376627375,0.4152786350339206
0,0.3467535279633239,0.4127335276421041
0,0.4220960940877213,0.40241512321373624
0,0.4525077601436435,0.42392693294436484
0,0.39243601039335274,0.4219496170689496
0,0.42343600486151456,0.4235790871564883
0,0.37179744970683704,0.42076670905127556
0,0.3964140386587858,0.41121417680882966
0,0.4035855241939068,0.4289248291164175
0,0.5119910979489385,0.423236405686637
0,0.44391236128577305,0.42337960788749757
0,0.4697715305420991,0.4044352544584701
0,0.4274176043696204,0.40255171749263996
0,0.4672947075543755,0.40391674310469294
0,0.40193819398757974,0.41053379688657365
0,0.3646584971854265,0.41053379688657365
0,0.39575747883219736,0.4188771385757762
0,0.4588588049715868,0.44265416283850295
0,0.399213006916242,0.4593994290977055
0,0.46038016740354626,0.45806376973940804
0,0.3636874861125309,0.46082368886195485
0,0.42599777805026534,0.4648464567094511
0,0.39093791032748326,0.4630833094485656
0,0.4059096202124201,0.46056696297093075
0,0.3828947849807405,0.4803970970244113
0,0.40882156253169943,0.4413141511656602
0,0.3572076441929311,0.43870298717226164
0,0.4277234737320384,0.43458959311901146
0,0.40390324019813667,0.45296969875524495
0,0.4156230445338515,0.4302805244718529
0,0.3859204011030307,0.4256569343540462
0,0.36104265651397305,0.4256569343540462
0,0.4565196903231082,0.4445359411463469
0,0.408217732393863,0.4441115045931132
0,0.41008126186676147,0.4241781685018967
0,0.3858423812191779,0.4285239510588356
0,0.37470116324723624,0.4513954617655088
0,0.4114167448525085,0.45343750722733267
0,0.46503964279596394,0.4346432251962577
0,0.4997439082519108,0.439271797818917
0,0.36212955443110695,0.4159167843495328
0,0.40183777429544676,0.41543367683305243
0,0.3706225762199214,0.4163743911173875
0,0.35068514392966954,0.4075907590820819
0,0.39054565430966554,0.4167050747930749
0,0.4711269987436948,0.42120121989108494
0,0.40311434118768635,0.40355318907096843
0,0.38984998369479923,0.3993709682874478
0,0.42669341161914887,0.3935528783784878
0,0.4207943138108164,0.3909389171979188
0,0.3696160466944818,0.40916217880208755
0,0.39965383652529674,0.4089678796918557
0,0.41728474843418434,0.39995992265100844
0,0.49016326818343287,0.40201748647308155
0,0.4090556930531497,0.40068986099025916
0,0.4502417682725179,0.40741793570824353
0,0.35163101336390373,0.40477363892375356
0,0.3546276156176363,0.38404579751137125
0,0.35230180352741075,0.3826924638460277
0,0.3776258541692263,0.3863555501481464
0,0.42148577820366134,0.3915451016502756
0,0.415882938762386,0.4001935837973891
0,0.3888472721290657,0.4029940698127215
0,0.3457380794455882,0.396336832125563
0,0.36093487352478326,0.3915642786748118
0,0.43896389498201316,0.4016763137138499
0,0.41051229004596257,0.40230058071533126
0,0.4018679909547288,0.3995934275272148
0,0.3613943787873544,0.4029229405797392
0,0.3850662016751568,0.4519504329810686
0,0.426493344870127,0.45492531179034457
0,0.5624856280424728,0.44900302866034
0,0.3782161584017531,0.4489763766722578
0,0.40611142924572174,0.4449678899500113
0,0.42036539313797033,0.44915316240889136
0,0.4139850764378527,0.44642397983146187
0,0.40412850587281207,0.444630109180258
0,0.4183149627479007,0.4480364854686527
0,0.3731929307914691,0.4439358539532435
0,0.34725244774517194,0.44295088147611617
0,0.44669563021622205,0.4623175143264412
0,0.3991182795036614,0.45275107055964053
0,0.47610752199911394,0.4406582499508908
0,0.3766171293260837,0.4450605301197785
0,0.357926415202783,0.44521674769656777
0,0.4165703253130709,0.4600899781676615
0,0.5486991762711584,0.44195545902656724
0,0.43013481547282006,0.4446964265339344
0,0.4851302558687688,0.4522335344726957
0,0.47323439721552096,0.47537473882156156
0,0.3462636379332295,0.45601369610938614
0,0.40047845661141246,0.43993840053637995
0,0.3804921870780249,0.45350289343523875
0,0.3478871813042643,0.4501756773071649
0,0.3516780804343694,0.4525353352033896
0,0.3932054457389017,0.43847299034670145
0,0.38334551286231877,0.4405170459288277
0,0.44358166808210425,0.43717916608942153
0,0.42058465906772,0.43841539414863584
0,0.3811120276597527,0.4379063981377606
0,0.4072086789429038,0.4299297128242162
0,0.4183690031863386,0.4477780943764681
0,0.4963862879765797,0.442047705042861
0,0.40934968366209573,0.44441532466143474
0,0.3921056017960217,0.4374000606201254
0,0.4223358307507055,0.37512546213312664
0,0.41514354645049895,0.3751069429451226
0,0.3896597687431367,0.3777061637493149
0,0.3592345163727917,0.38030621001299714
0,0.376938582518677,0.38241530614856656
0,0.41120486359613395,0.39037691451151346
0,0.4002337652281111,0.381879889319058
0,0.3615658629311088,0.3823120070553351
0,0.3809779820018703,0.3888872676494056
0,0.4062728742997009,0.3986775277948036
0,0.3697231848856035,0.4023450357300769
0,0.3875503138098978,0.38751174658253795
0,0.37824094859854146,0.3879274239871617
0,0.4576244917841633,0.3794057382372082
0,0.3988509925393805,0.37928467100386587
0,0.44838191388984794,0.37606066696258644
0,0.34664358739650897,0.3779914421191023
0,0.4496355055933144,0.3789312336609149
0,0.39670580597825433,0.3775929486779329
0,0.40875914344384523,0.37058320439637166
0,0.37717955644265677,0.37203079508975356
0,0.35761036219035747,0.37385168286705234
0,0.4133420193465534,0.37122297952129896
0,0.3983302155395275,0.3681038849010157
0,0.3597728014549599,0.37948243280192545
0,0.4116150865851853,0.3744550058485643
0,0.39917076760260384,0.37270884099164103
0,0.39942583440427043,0.3751402018374924
0,0.4551989461636524,0.3828444307658489
0,0.3736385077371474,0.392866915924762
0,0.34728133815731727,0.39029217232405466
0,0.39226701729195557,0.39021165131402236
0,0.3766505254680654,0.4077498199105165
0,0.4066743096029294,0.3989748293403079
0,0.3939511673340132,0.3901683505520331
0,0.4640976819027404,0.38906293040674467
0,0.3951237222227248,0.386286408045773
0,0.4051962024665116,0.378015892227281
0,0.4179404068714344,0.3705676960362138
0,0.512097354608885,0.37687921675491787
0,0.4077444789587694,0.3751397859604726
0,0.4261649558989006,0.3688271147611236
0,0.4466516000699984,0.36750873409197815
0,0.44842143816084745,0.36816614327010655
0,0.45665869017813304,0.365599720156603
0,0.4224817559847558,0.37048685339127585
0,0.4171538519135071,0.38471669888390847
0,0.38908725553754836,0.3888045273613713
0,0.35763537736787027,0.39277141275755656
0,0.4223151153191795,0.384427724991375
0,0.41101170167162676,0.4052162559747044
0,0.40043499922753945,0.39548448469179465
0,0.36017086629788153,0.3967381222665377
0,0.3790642592743582,0.3947144074075926
0,0.44691795453938893,0.4079265670724941
0,0.40319315477079276,0.41857246610329846
0,0.3670983013161564,0.4325765035288042
0,0.40813763347238385,0.432538352080539
0,0.36004764842418324,0.4267228386021679
0,0.4438839567842788,0.4292750018412676
0,0.3977501298776538,0.4116207269375862
0,0.4042001536807404,0.4115239692444892
0,0.3754294464808884,0.4070306095028184
0,0.3641592689296915,0.4104429306433602
0,0.47342103774805355,0.4018403933485268
0,0.38209029048538223,0.4001336392656647
0,0.405261249147393,0.40410319413815865
0,0.3913300577830277,0.40767018942946187
0,0.3739297085454177,0.39480926570541536
0,0.4344034061259242,0.3884743929491265
0,0.4162901789455567,0.3855129083388177
0,0.43555163876990166,0.3852265034813544
0,0.36479694590395517,0.3895127526227067
0,0.4022999176785811,0.3894864093651457
0,0.3504320562622206,0.38709183825873195
0,0.3849898694117193,0.3939221141787771
0,0.35190531408811593,0.419738551614532
0,0.4095837859153898,0.41752834661591065
0,0.3876896112359786,0.4387676730050255
0,0.4222547623052577,0.436060246050265
0,0.42663505704058563,0.4761432796769989
0,0.4084439385132425,0.4757936113957339
0,0.37882630208617724,0.469081712905621
0,0.39654299470609006,0.43882530873848363
0,0.39289950048917766,0.43851920451433135
0,0.3518348908564238,0.4336830759348916
0,0.3477819890345126,0.4233809901673688
0,0.4834037235596393,0.40290090936603823
0,0.5299107450245369,0.4277837410871628
0,0.40642832439339016,0.43426836527023027
0,0.39440951684422015,0.4181728823442442
0,0.3701963756416497,0.40956013874984476
0,0.42333381721985874,0.44191069611865147
0,0.41702692012365145,0.4554724929236835
0,0.38946278744038876,0.4379033302843959
0,0.3568271686100097,0.4137938877732962
0,0.39919730742557435,0.4031650899541328
0,0.41102491665845997,0.42336068065486127
0,0.4013271766844875,0.41759268428393775
0,0.36065942192684075,0.4136663142158857
0,0.38358244461341945,0.42056003827551713
1,0.7308770953468605,0.4162440289544073
0,0.36691208332672226,0.411002890752579
0,0.4171891443658574,0.4293142510180066
0,0.42036539313797033,0.4246291563308384
0,0.41827837697429104,0.40231580798344274
0,0.4237973783912952,0.38804092696864284
0,0.3584263967372468,0.3892647766583291
0,0.39473783199545054,0.38311909216048656
0,0.37765795392769846,0.3820255598034153
0,0.4917803625967035,0.3705152378010993
0,0.4707824892997273,0.37069283498
0,0.3867697306615057,0.36772891186061424
0,0.3711485795733513,0.36608441218527316
0,0.49111688953150046,0.36513228369937367
0,0.3850197657620051,0.3661764626581928
0,0.4771833363059713,0.3673584416554739
0,0.40665046628260193,0.3674279272300143
0,0.39372226378396863,0.3674279272300143
0,0.4282669171051067,0.37403450955708084
0,0.42400624601656994,0.371792102919735
0,0.394233552290633,0.3787407570245022
0,0.49415682659141713,0.37126968398042115
0,0.3493885125594082,0.378310759413874
0,0.36430402017177704,0.37937622322168824
0,0.57569179832315,0.3890441304775658
0,0.3978900218878294,0.38535043606041725
0,0.3998359592622544,0.40528560668487756
0,0.37364558422416394,0.4011541627804206
0,0.3487109252833432,0.4105684095906468
0,0.385584277016518,0.4072329920490108
0,0.35107555113026345,0.4038108306815021
0,0.4253848306917577,0.4011443113234879
0,0.3667029586726436,0.39427802711576226
0,0.44108435080700076,0.38525197937700384
0,0.41580745094692484,0.38315401922595255
0,0.3581230317045136,0.373951309622723
0,0.4459410216577657,0.3821162180040291
0,0.3950461348533176,0.3782728043133026
0,0.5046942523185898,0.3822420037826903
0,0.41517769589814385,0.3915687120177764
0,0.45663062445939123,0.38537140956433485
0,0.41417121094527387,0.3789003477546238
1,0.7353042847786958,0.37679817149422395
0,0.4342930630357391,0.38436269657317385
0,0.5222317883334406,0.38517729997352673
0,0.40544706280481446,0.3840995170996332
0,0.36700763070597464,0.3900647613167662
0,0.39225683040469,0.3892033091326155
0,0.49469733098100327,0.39550127094185017
0,0.40349747500031974,0.38144367214118163
0,0.48429270459182017,0.40073446715005484
0,0.3618184149247375,0.41391716710304055
0,0.42689218124826206,0.41712308173460894
0,0.39185802510414264,0.42301437811277215
0,0.39009282094367737,0.4183584095993702
0,0.37722672591027007,0.4159066312258009
0,0.39533051762928423,0.3986620675821633
0,0.3782621256226558,0.43114647578274246
0,0.4421025919649294,0.41855917708334817
0,0.437950699333289,0.41085245421910555
0,0.42262392233797985,0.40827706265400215
0,0.38711328264320116,0.4090859750218334
0,0.4783878992024782,0.4079483084387515
0,0.3737155794094463,0.4056731193001558
0,0.4130954878167068,0.39643982038537573
0,0.40955891002121464,0.40451911469597135
0,0.36723245719438974,0.403581343665714
0,0.4141976133619677,0.40421640149368865
0,0.45518488821331216,0.3974273629937945
0,0.3604315482632279,0.38129420386838075
0,0.4043696060945972,0.3791595000120212
0,0.6576409880355932,0.3965911453466508
0,0.3753922495642148,0.4055716937565679
0,0.34811803291163523,0.41073279189134226
0,0.4219089353760721,0.42119771851890647
0,0.3798230809587526,0.4093872645746224
0,0.40451136447882263,0.3975260121688245
0,0.4097315011033724,0.42343593732188506
0,0.4020235219719875,0.4313658797271953
0,0.4411593300963657,0.41876821532310626
0,0.3496919624095437,0.39801411266147446
0,0.44889996618668815,0.41849959485981386
0,0.3901393004537597,0.4187015363114589
0,0.5043955326475732,0.40511436593423544
0,0.4171201636852399,0.40162882057754484
0,0.3497816437617115,0.38934783343672863
0,0.4299553655908077,0.38630993553906806
0,0.35552097349255707,0.38172311887696486
0,0.35111794748119396,0.3834089311777352
0,0.3497797742438663,0.38813856319706763
0,0.3746919788295457,0.3816658826829606
0,0.424040501802832,0.39251975583187954
0,0.47335080185975315,0.40356983420483195
0,0.40324957887826474,0.40373684141946786
0,0.3637721468468041,0.4008340838520356
0,0.37803398202433425,0.40017072956912764
0,0.45735113655367166,0.4090925076743763
0,0.4036270672765286,0.4059258307484178
0,0.3631419793052671,0.41372213092837373
0,0.4093719188517175,0.45431048311935396
0,0.5312980170461058,0.43835001396717943
0,0.38402720875267937,0.43623338366446446
0,0.37273572481372497,0.4360872280506108
0,0.36043145590339537,0.445918648507976
0,0.42777072788285764,0.43468662375659395
0,0.39924348501937634,0.43468662375659395
0,0.4589947646061158,0.4317889591356336
0,0.3769542383213089,0.4384155715778117
0,0.3932721715266113,0.4305198913167084
0,0.3572950202765752,0.44097924765889734
0,0.4723290668566692,0.4383707656429769
0,0.3890470430228107,0.42917237277645354
0,0.4347887879715647,0.4294975470975922
0,0.3846846994904663,0.43070623031816274
0,0.36134203921409,0.44543969319978494
0,0.425471024612198,0.43186832450641205
0,0.48915068359751696,0.43771839408961877
0,0.40847746674031393,0.44231965829292674
0,0.4752924808640002,0.465079977918395
0,0.4225605902796028,0.46356146438463725
0,0.35237285678976393,0.463766940074591
0,0.4663017895649451,0.46625215750541654
0,0.4757695386645167,0.48138209547377114
0,0.3865366204454329,0.49081487229515797
0,0.4007752038079832,0.46820253727649513
0,0.39221963013809896,0.47354934686819056
0,0.34910239071012406,0.4817369705101856
0,0.38584130091186136,0.4892817333941344
0,0.37595799712549893,0.4851993463281998
0,0.43161378894695485,0.4850403470621186
0,0.3912200519667267,0.49247064139452057
0,0.3849793386000302,0.48788008761104584
0,0.42417042806005956,0.48788008761104584
0,0.3554785876523891,0.4826990221918049
0,0.4499700750620015,0.48572197499403186
0,0.3788057955534554,0.48788008761104584
0,0.5013510613082094,0.48461731889028264
0,0.40989665006942244,0.4850925306187845
0,0.4193729243042968,0.40978864093198164
0,0.42322130475790165,0.4157707032510342
0,0.39419486726177944,0.4135618107694624
0,0.3571536144429613,0.401619568440333
0,0.38652838761548625,0.40108123663656314
0,0.41661214972917293,0.4043935126348356
0,0.4019915397129251,0.4153276853741829
0,0.3677785722901277,0.41883140574319333
0,0.42271364004375084,0.41927326373105506
0,0.3735507887955709,0.3937059286447831
0,0.3691491232616274,0.4142411158774177
0,0.40734338392124597,0.3865085781084938
0,0.39059376898054937,0.3947617399828728
0,0.46418554064941525,0.390742457307466
0,0.4356348180600303,0.40772244694271215
0,0.38120231188905546,0.38677636391918574
0,0.3499597838602882,0.38677636391918574
0,0.4747163667255833,0.4076360328801632
0,0.37727408756114283,0.41225322716598395
0,0.4172549820748775,0.4168549024960537
0,0.3745285052806256,0.3899204543130731
0,0.35837103696011496,0.4129630283414671
0,0.4098202083439568,0.4174992991617199
0,0.41253100348447325,0.41753218306377243
0,0.3592020741192803,0.40256885007295823
0,0.42028987205968954,0.3938721298762213
0,0.4152547878801299,0.40661163479104817
0,0.40426105037224386,0.39979031559522343
0,0.4739626886708325,0.3993400056496784
0,0.3988032500220165,0.4023238358910256
0,0.3508993773161387,0.41071171857260963
0,0.38898426165977595,0.4055472510948895
0,0.36820188429871614,0.4005968696109706
0,0.3977248218847828,0.38305934573662165
0,0.4159789665375194,0.3859742293543408
0,0.46419244966812523,0.38726421459194943
0,0.3861158717288197,0.38654116468754013
0,0.43032152868386114,0.3889712796418795
0,0.3905924496141789,0.3888059336261611
0,0.5109037843898224,0.3889712796418795
0,0.3991069843025145,0.3851417381072142
0,0.42572788631733943,0.39520449872969815
0,0.4468027248108962,0.4053359475826655
0,0.40855549218629406,0.4093947471504435
0,0.4183246106384312,0.4134618475885859
0,0.4204420514740744,0.41790656468268295
0,0.39005694471362645,0.4133960616449291
0,0.35516311516609894,0.40706220209153077
0,0.35039578300056845,0.40117805526473865
0,0.41126527353434894,0.40260410174344635
0,0.4053429661590171,0.4009106163680407
0,0.35992266129897693,0.4083486060305893
0,0.38218188566247907,0.4186787533369274
0,0.42448681246562203,0.42960281672005673
0,0.4682837858067752,0.41775173371174795
0,0.39458829884908503,0.41717163185132067
0,0.3677334023127208,0.4165260505503812
0,0.3964794991626901,0.40322050531099757
0,0.38786928315427865,0.40197513008616576
0,0.4504642739193537,0.40209095957100516
0,0.4206063562073076,0.39678449734369065
0,0.38549421044013893,0.3912024112669446
0,0.3652942728448883,0.386684875540766
0,0.4880757949851302,0.4035818755940347
0,0.3795752430329148,0.4060476030316873
0,0.40590428934144235,0.40433890363046804
0,0.3896561427379166,0.3861619780157921
0,0.374501976803453,0.4068572077173723
0,0.43795265053478655,0.4264872910548668
0,0.4098557764186784,0.4283302594628238
0,0.42737155065415117,0.4171828167937389
0,0.36405139949547316,0.3881029898076222
0,0.4053039629258001,0.38818214102799237
0,0.35137698778527493,0.3854269070751736
0,0.469620518727507,0.3921705348540142
0,0.4158863950649391,0.40461016206969175
0,0.35259925009430854,0.40252687423151456
0,0.40742638239348583,0.3933370118544182
0,0.4354317804462959,0.392675196640715
0,0.4405144697814811,0.4126014604050865
0,0.36430620595491414,0.40345242112607693
0,0.42322167701080615,0.39365237136721165
0,0.41367672315676546,0.3961373884595747
0,0.3986461966483921,0.4118168813410894
0,0.4742627516556584,0.4029536789172498
0,0.36714499047435883,0.39590239940081523
0,0.3544501176358845,0.39500883157087835
0,0.5232269945355351,0.40464620401216195
0,0.5630896897663409,0.3963543648281522
0,0.41660500465434697,0.39593913563053657
0,0.4152801087261966,0.39212106274419223
0,0.628749936845741,0.4162587204356077
0,0.388390365187213,0.41391853255646255
0,0.41967119123192353,0.4161961918364542
0,0.42227166229083846,0.424390375250727
0,0.39001713248970976,0.42227221373869317
0,0.35964017337088394,0.42243260979784353
0,0.34757351135070225,0.41713791356790175
0,0.410816365917136,0.4282321456863117
0,0.4105825897827291,0.4272902729318381
0,0.36106261120060185,0.4293333025871156
0,0.38642016392598244,0.4374633494896294
1,0.7367982909514451,0.4445900816782399
0,0.36131855118958767,0.4397759151407779
0,0.4063243304214967,0.4250815017476869
0,0.42009235078670115,0.41602285652721616
0,0.4537429675040339,0.41552900113636493
0,0.429156797025259,0.41114350673102823
0,0.3553580593244064,0.4055135287920722
0,0.39495853448808044,0.405441430562043
0,0.4070321770761055,0.39935618157697617
0,0.39560004353125805,0.4012691154990163
0,0.49471856585628793,0.40264054171357666
0,0.46851889566734195,0.402648490377838
0,0.42552878052246723,0.4041254452320201
0,0.3697848839254691,0.4037226879442867
0,0.5047110938362125,0.40451490922677996
0,0.4098161826959675,0.40349916968432986
0,0.4784152259886124,0.40403743881766907
0,0.39933644290522213,0.4046900242062164
0,0.3859453646078541,0.40451490922677996
0,0.44879948862614705,0.4026973638680914
0,0.43392006378212916,0.4026504534105494
0,0.3985780494801704,0.41076277915372045
0,0.3498803600469266,0.41894678054050954
0,0.36653096691559334,0.42413727978270993
0,0.5766443069621141,0.43287562207485736
0,0.3820337139946812,0.43390396546808124
0,0.40249660887468347,0.43684223877175854
0,0.4620694036147867,0.4398659045212444
0,0.354983382535101,0.44126391667926645
0,0.3914886827574421,0.42673383577793755
0,0.4261778150655769,0.4312163814545764
0,0.4195290339892186,0.40818785806866104
0,0.4464768869959885,0.42948870098989583
0,0.38858420856480935,0.4231731707329357
0,0.43920840117568977,0.3993620237802191
0,0.37540198426643073,0.40065852668470103
0,0.54865613759716,0.4133967107831059
0,0.4388009801779641,0.41632942888053254
0,0.4597059969169401,0.3874909125354971
0,0.44365166835124187,0.3873495810518166
0,0.42088029751739153,0.39781192685942707
0,0.42392815764459135,0.39506035715411386
0,0.392033311513103,0.39378984917617477
0,0.36261314190901284,0.39292017019126974
0,0.371869434985012,0.4010968095307377
0,0.4130229297753774,0.4132068423126222
0,0.4107277408637579,0.40165229327607477
0,0.4576278305182276,0.4218557072715097
0,0.35973047098855926,0.44223483323110463
0,0.42215386945325684,0.4449848629648112
0,0.3897446918418698,0.4381027508785896
0,0.3976269321132929,0.4390273223882726
0,0.36097416337558336,0.43654624552429316
0,0.4113152408208307,0.4244078242372468
0,0.3880287988551762,0.42331838635807484
0,0.4443656608322003,0.4228795649636467
0,0.44413850298453417,0.4184909797560193
0,0.3795872272772397,0.41359335107652456
0,0.3579228923076429,0.4150675862305955
0,0.4896685394665384,0.414922229089551
0,0.3884408705914809,0.4144718541255427
0,0.39366096799207523,0.4127500537699292
0,0.3813087875252778,0.4116634327896198
0,0.3694375814726455,0.41603820234993355
0,0.41900709811931314,0.41723747393667243
0,0.4571395786291059,0.4167999353655956
0,0.36231142048549103,0.39613295355737244
0,0.4103617222592183,0.39116021544458757
0,0.4161926493973981,0.39406681148661793
0,0.35011505999227627,0.4050265052619907
0,0.4348092393862476,0.3928307043393367
0,0.3980536121361054,0.37973949302172794
0,0.4365614033749887,0.380198719666595
0,0.3715266527527676,0.4007793818835407
0,0.3689044408564295,0.394452357062316
0,0.3826574945148727,0.37888870943883723
0,0.45187231494941665,0.37949415453768753
0,0.4388693405937639,0.3972561939284983
1,0.7367982909514451,0.38150486469228767
0,0.37541163633791225,0.3757533192005944
0,0.5303719575144524,0.3924645017053038
0,0.4083908809908665,0.40415440823527565
0,0.640829050011016,0.40935556613400964
0,0.4590231692266557,0.399927421890927
0,0.42130752540789024,0.4035073491710738
0,0.3552108598773862,0.39158393399215297
0,0.35659703378616536,0.3896647766616084
0,0.3499889168116254,0.385727476142539
0,0.37493898083913907,0.38844873084295084
0,0.41817293169231096,0.3927929708592212
0,0.42359508633539655,0.4006758342171297
0,0.3917926503442427,0.39894300224688395
0,0.36174186673561404,0.401832453572463
0,0.3519799400021048,0.39846620543169675
0,0.41443536379966717,0.40697330075792654
0,0.4089683326631502,0.4066980413209186
0,0.35894172721010226,0.40697330075792654
0,0.3836671435857033,0.4196308367999219
0,0.41339217762061287,0.49500605142159804
0,0.5299852981742568,0.4861505090928021
0,0.3790280702791924,0.4836756781640259
0,0.36290898057717474,0.4836756781640259
0,0.38863611881143706,0.4871658301135429
0,0.45142860536694585,0.47255568729728664
0,0.42856117730582255,0.47255568729728664
0,0.4378941988289936,0.46992947113188105
0,0.37807159434040105,0.47058746399266066
0,0.34810149722524225,0.4657980042168368
0,0.47878997430501835,0.4767444753782051
0,0.3819190138456204,0.47593807424377405
0,0.3952943691588829,0.46352503430884856
0,0.37147778294982536,0.46598503431744853
0,0.3568432138507493,0.48077643629455186
0,0.4124129166998397,0.47963858848918633
0,0.4694650137828067,0.4693570837518317
0,0.3663968837283702,0.47205111920483767
0,0.47806376648091836,0.4794249095296042
0,0.43112842611023267,0.511157827333738
0,0.3564243771721886,0.48303534526076664
0,0.4127072178107461,0.4871324515683036
0,0.43531551771309207,0.4760139560837227
0,0.3510686753020682,0.47072092578670743
0,0.37574524146775506,0.47211276110786443
0,0.4088714286166629,0.4692072338761742
0,0.3860669658021323,0.4608443554398373
0,0.393965848443057,0.4730953316960853
0,0.44819838737517653,0.4662340642816181
0,0.40520636185997994,0.46481119154989053
0,0.4354020489099552,0.4709079094056979
0,0.3890184006370618,0.4691882781730619
0,0.5333441132779151,0.4659080240408484
0,0.40922773298178106,0.4659080240408484
0,0.49327695992064263,0.4677938468904527
0,0.4186008933642739,0.4174664762270449
0,0.4215935412363634,0.4212518091612998
0,0.3903305710472965,0.42263766459002244
0,0.3659341662320063,0.43058519916105215
0,0.3615525849748007,0.42793586825160124
0,0.4123926245184516,0.4379379930800302
0,0.409539877518827,0.4233147158814604
0,0.3575765187555641,0.42432579008303095
0,0.3827731145485236,0.4289362287281475
0,0.37867137883071667,0.4345548334436302
0,0.36286452283102605,0.42706788787701466
0,0.41390685698096896,0.4174552923360324
0,0.3905913430683416,0.41448234129277883
0,0.4697084519004017,0.41192325273679314
0,0.43924894419540167,0.4057525551800991
0,0.3818247797431622,0.4075642196502368
0,0.3944578856284501,0.4054299578635807
0,0.3488492076562223,0.40770816714189434
0,0.48401945470926916,0.4029604616048422
0,0.3799050479621445,0.41048183176039993
0,0.4676511482616053,0.4093509210455892
0,0.3726083128197706,0.4090562609242194
0,0.3547365613433137,0.4098144390398426
0,0.41296640507499965,0.4049711748914714
0,0.3946185154994798,0.4069627432024092
0,0.36390881664391733,0.41927909985861145
0,0.4061802123088657,0.4089004472321475
0,0.40014665432804203,0.40969255770801066
0,0.4124492910307186,0.41460980320064744
0,0.47407231513033987,0.4175862127152933
0,0.4018925724146339,0.42571151392810763
0,0.35100804817925596,0.42079671135383695
0,0.3961894657964686,0.41980475471204887
0,0.3682881447541447,0.4281395377054252
0,0.396386343827978,0.42087234419400793
0,0.4146681100780468,0.41420311833194007
0,0.48445921508303624,0.41289306572048234
0,0.3813634944005193,0.4168519041651436
0,0.4529716647929199,0.41101684421089346
0,0.38401141385771564,0.4137487823521484
0,0.5362099527341302,0.41264280900792594
0,0.4092959064813753,0.41900892485605035
0,0.4635899561498266,0.423689945732542
0,0.4472980675953166,0.4408462601023378
0,0.3600996957170238,0.4255201670302334
0,0.4179290276071328,0.43229538218653396
0,0.41991688540639444,0.44190566939906156
0,0.3900492435861016,0.44255003055764763
0,0.36638796569290566,0.4467485191217766
0,0.36727521981409106,0.44176599610607215
0,0.415946744794865,0.4492990957374827
0,0.40622371513669375,0.4408458060766851
0,0.3549648179894699,0.4400330572046627
0,0.3827731145485236,0.438777075980859
0,0.41596880490939125,0.4643822954536867
0,0.39310521842188917,0.4685669805444485
0,0.3613536675344997,0.4525139852801138
0,0.3976260070564174,0.46101613701314165
0,0.3915118484397568,0.46279958095543217
0,0.46501099467113094,0.4473200518293573
0,0.44260509598175257,0.43617873393676715
0,0.37896255560014214,0.43148006651970017
0,0.36495721785815516,0.43486135784553703
0,0.5063013061771705,0.428786865796716
0,0.37530613221181125,0.428786865796716
0,0.40118129671799624,0.4146684364875192
0,0.38992232270981514,0.42006214170659917
0,0.3709492948250454,0.40871755437357127
0,0.47397074263829514,0.4109044317618351
0,0.4098196025444101,0.4101747436351944
0,0.43290445804024086,0.409174073135542
0,0.36438566394075356,0.39850278101617076
0,0.4500828119140319,0.391648063786487
0,0.40512254021624977,0.41285189961294194
0,0.35382796425270924,0.3970209355354789
0,0.4379437668160926,0.3990685723971678
0,0.35519998075095904,0.42061140077254605
0,0.39888537226111276,0.40587329419358686
0,0.3914191395372152,0.3997760748764098
0,0.4262962405880374,0.4002337478463355
0,0.3886803027317116,0.4347193942064851
0,0.3934168399248797,0.4529242718560588
0,0.3765654873029733,0.419227288802467
0,0.4466513738360637,0.3998988441881185
0,0.46257633598639186,0.4195813821916522
0,0.37149375336118046,0.41571504831632283
0,0.35418770200524996,0.4057098220717743
0,0.34832967031803935,0.40860001307878513
0,0.5150835939836477,0.4277061459457305
0,0.5500587276021671,0.41616399228453754
0,0.4221574763285221,0.4159614746441362
0,0.40221763810343203,0.41267301252308974
0,0.4499793545165915,0.40931148042405335
0,0.41762618672712526,0.41111133260725957
0,0.42369627805957183,0.41233943060813566
0,0.39290371386641776,0.4138078645769103
0,0.37348401492606914,0.4147347502091186
0,0.401481397024212,0.402946874514807
0,0.4169390253702689,0.41828433136252824
0,0.40524574471955693,0.4189455446676644
0,0.3563118772029025,0.4161100871033471
0,0.38697969880022626,0.41732781168259464
1,0.753215991648495,0.4487139526176866
0,0.37383514601402684,0.4459579541862507
0,0.40694436534007833,0.44623950380970023
0,0.39558093903298286,0.4455142559178798
0,0.4404056518183849,0.420966905580684
0,0.4601646481946678,0.41399473498103145
0,0.3586767716937908,0.38516230345559443
0,0.3717116231720551,0.3826869939838374
0,0.390202476768628,0.3817660395955213
0,0.49323152470037895,0.3814572308276873
0,0.46916771571311766,0.37240917087245584
0,0.42549689685665987,0.3771694322591034
0,0.3683402105982053,0.37389785151390187
0,0.5194828967756385,0.372797292138407
0,0.40616066534285067,0.37089989883657104
0,0.42853579798444424,0.3706869971115018
0,0.3962747726234285,0.3717747542847792
0,0.3827471706731933,0.37089567093748943
0,0.4378607029198527,0.36964981570795563
0,0.4374407679990565,0.37097619472759313
0,0.3983023245071625,0.37133896129088584
0,0.35343028525646686,0.3682100730490894
0,0.3846491391308376,0.3669663966783512
0,0.5719603747921266,0.3762344499639184
0,0.4159284563918607,0.37783597007370406
0,0.40297445295527795,0.3807086848764933
0,0.41437875140832203,0.3830583926914221
0,0.3518926829648296,0.38576080983434186
0,0.42441882956722776,0.3877585093519322
0,0.3916291171044386,0.38782634596250315
0,0.431839491203239,0.3791275570862961
0,0.36191777335431446,0.37448841323254733
0,0.43877009816931406,0.37427179540486494
0,0.38135001676885616,0.3927792119752266
0,0.4484891269564344,0.3782956912906419
0,0.3720242144878584,0.38158897137181286
0,0.5177642444623927,0.38106626685678946
0,0.4278044940563414,0.39823601745596154
0,0.35540006348520375,0.3984765658503784
0,0.4609829389179399,0.37918302108171986
0,0.39683457457892973,0.38311536901717375
0,0.4202232389688763,0.3888988076390392
0,0.4225373315585263,0.38891202746148024
0,0.39262957659944336,0.3927132253634483
0,0.37606356304719873,0.39417061300064077
0,0.4074803975945379,0.3923603805649999
0,0.4189373213985162,0.4002277141303857
0,0.40483194105529957,0.37185355882882537
0,0.4795728991281219,0.37000886965187835
0,0.3560211692209663,0.3708182382665458
0,0.40771884095125244,0.38135346202270826
0,0.3890298309791292,0.3980093261599422
0,0.39730587963947755,0.3972514775675967
0,0.3747914327543083,0.3938404552815171
0,0.41830700471790766,0.38449409576952426
0,0.40139487488900566,0.3847955518454543
0,0.44224582609370344,0.3787139840707914
0,0.4423770369884729,0.37374439912656066
0,0.3719798694650316,0.372850240146857
0,0.38787370678468724,0.3714748760490245
0,0.3578133965549401,0.37186897813548814
0,0.5022313711604031,0.371020745513838
0,0.39888536376789174,0.3748379597309891
0,0.4062610177141324,0.3716809898982378
0,0.3928253534413896,0.37126985364117965
0,0.36644381902813045,0.37126985364117965
0,0.4262978226445606,0.37832973213535326
0,0.44088126910910125,0.3729835621060472
0,0.6318459196488708,0.38649401903144726
0,0.35809983054553124,0.3716151989961769
0,0.407642719263371,0.3789172004057822
0,0.3831589775476648,0.37846412327365736
0,0.3493158287507335,0.4017557275524307
0,0.41663754851821183,0.4047661876649103
0,0.38518720257415406,0.3947336326726977
0,0.4375111875587725,0.3854071233084987
0,0.39055962606536376,0.40896823401826593
0,0.4435380690835427,0.4150357886922874
0,0.35534521751508946,0.3975907926456955
0,0.4121077164314163,0.3890209197174951
0,0.3714474130245737,0.4096565303084585
0,0.5136440285031046,0.4047531065958043
0,0.4242252757167599,0.39862543608023887
0,0.6362441308903387,0.3933093776413246
0,0.35535229572036364,0.3935562330798206
0,0.3581297587034847,0.39819070356980985
0,0.35202848247578805,0.3894803348241173
0,0.3696986336542619,0.3957719981323989
0,0.418596058679984,0.3989192909384549
0,0.4259224486817497,0.40001618571906306
0,0.39023845844141536,0.40313342454506557
0,0.3861008632044949,0.40359876274805445
0,0.6910746996489444,0.426568464056089
0,0.4295299639042144,0.43149688793536334
0,0.41987265121111267,0.4325964351170947
0,0.4054175134234318,0.43178893160997256
0,0.35695880766487925,0.42855523249361716
0,0.38716104912617283,0.44028709946410577
0,0.3815914034063758,0.46916868826031505
0,0.5400822387500254,0.45959862711847527
0,0.3729064442078086,0.4582868001166273
0,0.4350395972971365,0.45873183872217504
0,0.38764719664418573,0.45898170099880403
0,0.4403704168775805,0.45378354984636676
0,0.4184111042356935,0.45378354984636676
0,0.42949280783578636,0.45131262325629373
0,0.36884204202546717,0.45142545173999565
0,0.3487161568975607,0.4493917264950389
0,0.4899024539954149,0.46845806472359797
0,0.3938182449341721,0.46450771565176957
0,0.3879137455462932,0.45257922230335423
0,0.38878366142801973,0.45174682103131414
0,0.35600411094152196,0.4682413285554134
0,0.4266862827654093,0.4637186552709174
0,0.4872827310159738,0.45119511714907146
0,0.4125717019074947,0.45935354340683504
0,0.4827619687970003,0.46770968309875616
0,0.448857477212332,0.4896196996220153
0,0.35868224362031664,0.47341360623069095
1,0.753215991648495,0.47084365184056665
0,0.4757695386645167,0.4817556287185823
0,0.39838569449438105,0.4947656340346832
0,0.4053064232601083,0.4747210764302191
0,0.410900122865003,0.46727466868978546
0,0.3528412632981854,0.47965520476442974
0,0.39688957625991567,0.472665867344063
0,0.39264468344524933,0.476217898109755
0,0.469820911074535,0.4817885009774869
0,0.38402697892101373,0.4690783875832935
0,0.38975230304352854,0.46589523057418525
0,0.3814527993459439,0.49156950591309667
0,0.4392841760671207,0.48775927966267657
0,0.4154576249058746,0.4657746493137332
0,0.38671372958508465,0.4841405298179172
0,0.5155893866767881,0.4788312369422516
0,0.4196793047998089,0.4795528438826029
0,0.41427329879742086,0.46688047680570005
0,0.42473767045097793,0.4423698696776901
0,0.4259535134736465,0.4429911842867749
0,0.39062831615947696,0.4485686925838712
0,0.39085317766399785,0.44117951374049474
0,0.413456842331935,0.4373618599986607
0,0.42327689519222117,0.4408156240798537
0,0.405369422715683,0.4524239083025155
0,0.35557764231950834,0.4550037587991312
0,0.38352642108464957,0.4622379242080175
0,0.37818379634235383,0.4327828936140403
0,0.4018832513872666,0.45050743035081586
0,0.4626054591026667,0.42869644935408485
0,0.38743006266926644,0.4327828936140403
0,0.4417536126281413,0.42698929056620566
0,0.43314406895964686,0.43929794253908705
0,0.37326149432627587,0.42401064729052135
0,0.34798048243943064,0.42401064729052135
0,0.49694954979946204,0.4432393837811391
0,0.3853923793120426,0.4448551695983081
0,0.4435455491047868,0.4556069710004619
0,0.38461303849487044,0.42406211372025576
0,0.35466216046506543,0.4443302986237049
0,0.4204643496167904,0.4456050479530026
0,0.4105118576942825,0.44991847216296116
0,0.41579859572516004,0.4311870884016342
0,0.4030650384016097,0.43050051011272017
0,0.3655352372393904,0.43294410877474526
0,0.4052439615886479,0.43306881887413823
0,0.5019857672616455,0.4386579075799863
0,0.3976519844432568,0.4418176107041141
0,0.3517121119824258,0.44516784231110207
0,0.38777708455344145,0.4424720394526428
0,0.43980506233615896,0.4312928955066797
0,0.4140756109708473,0.42181714611944976
0,0.479128235562485,0.42046398141170194
0,0.375900462413466,0.41482455313915106
0,0.4249959428750592,0.41698523354142264
0,0.38214516058765297,0.419939714718914
0,0.5272863493566845,0.4294729257525166
0,0.4280283392405878,0.4186362544223287
0,0.4649811283971816,0.4207299938317903
0,0.3602351138667014,0.4192073111631858
0,0.4587210064417284,0.42973819987495554
0,0.45170431299455466,0.4356594391816305
0,0.4956544193375073,0.43353493830775514
0,0.4721943517075864,0.4342991508832742
0,0.42098387801932774,0.448615617993177
0,0.36216535253071863,0.44680542876788915
0,0.46809290466535836,0.4454719770816942
0,0.3925248599310942,0.42838315209738714
0,0.36417068978245415,0.4345957125866374
0,0.38624545279309963,0.4456287658633173
0,0.4026983787565707,0.45148181592745734
0,0.3948289545869463,0.46178893084003303
0,0.397611629235731,0.4938131240264084
0,0.39773638961069496,0.48523334396770296
0,0.39875058389030876,0.47660712406057787
0,0.3940807473067931,0.46987182095484314
0,0.5374065353340153,0.4732557965250559
0,0.414772249506381,0.4577345921786021
0,0.37335096588152666,0.4591745301963151
0,0.3873448051289936,0.458345322099307
0,0.3773354905110937,0.45846086431975214
0,0.5162276920217146,0.45250947376080947
0,0.40459312354142446,0.4526527662820796
0,0.38665273148294527,0.44414439330416483
0,0.4171404037705371,0.44579361002239354
0,0.3675981518263214,0.4550341699870393
0,0.47117379950347643,0.4577984344389825
0,0.4297920301559192,0.4657234756428325
0,0.5437896823088221,0.4743666266097229
0,0.423732660164135,0.4770024405747002
0,0.36444973166249495,0.4571050762692035
0,0.3974373172743188,0.44726194754540977
0,0.35251609466928585,0.4427697453472515
0,0.39231043474488003,0.4417277491210756
0,0.35445138097770384,0.455986937356193
0,0.41850553474766944,0.4537091993147725
0,0.4512658760035978,0.4423773859375579
0,0.46403925584930683,0.44823239294517686
0,0.39887579017583413,0.4610303962110167
0,0.4962178198380701,0.4607182944322156
0,0.3641943323526727,0.44824932462064276
0,0.41693551659774614,0.4444831165534653
0,0.3775231895647167,0.4546786763029241
0,0.3591017164226316,0.4573935403384225
0,0.5049762067575729,0.45261103163891797
0,0.34044591591888895,0.4500803000790949
0,0.4385121798112113,0.44975652874009237
0,0.5185462244829228,0.45517255931033973
0,0.5403190787336297,0.45575568440162456
0,0.42534014027301825,0.45010905705269844
0,0.3913670405046645,0.4482986387024291
0,0.4509609392720639,0.4583851661571575
0,0.42959003208190427,0.4448351992857653
0,0.46131056266103443,0.4573590496924997
0,0.43804578350201273,0.4571634258861109
0,0.4020869066969601,0.4569373373691768
0,0.42168761770424357,0.461199768533346
0,0.44871195656736407,0.4734076215575232
0,0.39736922352510884,0.47023723383014354
0,0.36074659562534084,0.49488388782927045
0,0.38488566559284354,0.49121973669959706
1,0.7537257797191066,0.5036322147463748
0,0.38510136480521134,0.49740500930224396
0,0.42577446690579374,0.48485079709603496
0,0.4096849805996783,0.4835164322890157
0,0.47493120774699044,0.4819995552859612
0,0.42038265361291016,0.47689227041765797
0,0.3597938670175984,0.4537327957887262
0,0.36818024441975783,0.4537327957887262
0,0.38886219373365516,0.4553715770384705
0,0.5133342855424198,0.4521356229416191
0,0.47023332768935516,0.44394626468835174
0,0.4048597793189081,0.45115777850010913
0,0.3732433797891679,0.45115777850010913
0,0.5294277286626089,0.4520285261723478
0,0.41013984296957656,0.4534262585605973
0,0.3885896353966842,0.4529152385140498
0,0.410573669858681,0.4547580872392256
0,0.3774591677893423,0.4581223286908708
0,0.4505160710473873,0.4576792062838675
0,0.43561167943120666,0.4592312418132289
0,0.3985780494801704,0.47672959855342106
0,0.495734714933268,0.4850787415162206
0,0.35328264759560774,0.48848164697881996
0,0.3720703649025685,0.4822203383693688
0,0.5722288460560897,0.4797830859532195
0,0.41549442404842796,0.47673356010443824
0,0.40322641873221027,0.47764515841151617
1,0.7537257797191066,0.4772783484185543
0,0.39423437600233163,0.4657469658591553
0,0.3515995552833137,0.4677011829068007
0,0.39411536941371034,0.48043776620763573
0,0.44383882227971777,0.4812273327412951
0,0.39515583836669377,0.4900073005128125
0,0.4005672987969541,0.4901700333492891
0,0.4827478497187739,0.4779123294318224
0,0.3657780499132854,0.493809310418875
0,0.407652580087355,0.5044626867630135
0,0.3799610531154036,0.504633371907358
0,0.5141213695037029,0.4937793342122992
0,0.438533783165998,0.5101204627224497
0,0.4620148814641645,0.4918695717017745
0,0.3858567792576583,0.475999995600221
0,0.4166205763281377,0.48184245003249115
0,0.43225978949164073,0.47685508789607856
0,0.3951031396603455,0.49757084729370976
0,0.3841797478527259,0.5061000093067487
0,0.39098687203659616,0.5015304657299329
0,0.431824209435756,0.504800767553826
0,0.3996385727162539,0.5146709812980483
0,0.5043870302745481,0.5156450965956776
0,0.36000064376083724,0.5156450965956776
0,0.40854110134800015,0.5001617669796368
0,0.39194545540382236,0.49141541705921304
0,0.40689416433422426,0.491399782775905
0,0.4107280736627007,0.490763689913143
0,0.41930340264786486,0.4778950566544033
0,0.3948540166434886,0.48805647205024105
0,0.4811472934422638,0.4704246128012672
0,0.42837140743720764,0.4652423116905228
0,0.37818974714957143,0.4489792737682493
0,0.35401083468279404,0.4630754631361114
0,0.5277445911488878,0.45804782611407113
0,0.399165171434419,0.4537469755990518
0,0.4411039374856855,0.4537469755990518
0,0.39618831142579825,0.4620821043003376
0,0.36910600858051706,0.46062446250598343
0,0.43631324082248724,0.46062446250598343
0,0.4632269547291229,0.4684616620472034
0,0.36259166311649105,0.4346299210662856
0,0.40511406979121367,0.4198986313057108
0,0.3904846785536308,0.4234124292903265
0,0.35046896140334016,0.4153349882965113
0,0.4875549909708932,0.41479024628689654
0,0.47189418063224764,0.42987196866686167
0,0.48806330800393194,0.4086355156193091
0,0.4050288826621323,0.4100056433813667
0,0.3981077836476593,0.40148257944779076
0,0.4781359645175886,0.3944882829082336
0,0.36357981334316397,0.4081486308845241
0,0.44435779183813773,0.4067784571986765
0,0.362014568426721,0.4035474589234817
0,0.508263622458961,0.3996528644289049
0,0.4652536299893383,0.3935432352326819
0,0.4254245420722932,0.40241884293565133
0,0.3529642334895695,0.39948567346992336
0,0.3584827712441677,0.3824742870721614
0,0.39113763301653315,0.3882762893971016
0,0.3723372423561544,0.38837068364273236
0,0.4166205763281377,0.3875219203212071
0,0.4299039196944503,0.399980030433093
0,0.39437463569230147,0.404397884243313
0,0.384169682147015,0.407960265628187
0,0.3735780880849794,0.40126579734073053
0,0.4359008125973716,0.42152332003058735
0,0.3986991309344098,0.40869074737272004
0,0.3593580966883568,0.4200157283475871
0,0.3834132633772767,0.4248104523472704
0,0.4051085517897526,0.4807048643282063
0,0.5407252456212717,0.48616782954569365
0,0.38320751422483856,0.4809756813463817
0,0.37820136440433916,0.4797442744215714
0,0.4064708911468451,0.46569642420769713
0,0.4324271782403133,0.4669366341231975
0,0.47355630375246704,0.4840081895419059
0,0.4497039226490999,0.4617645367084791
0,0.36386933718990233,0.4503173963726597
0,0.39385922901895715,0.45793596799988523
0,0.34569562246882274,0.4683258858693199
0,0.5207451700100069,0.48144890802649093
0,0.42005651076239137,0.475924725276656
0,0.39726033949450296,0.4577825411531216
0,0.38785964414458524,0.4728734561922736
0,0.3552732723322218,0.4864018785396371
0,0.4547074049583123,0.47945151308280126
0,0.4773670665191791,0.4836912929869215
0,0.369135990014966,0.4931632667196687
0,0.4827619687970003,0.5239508180819377
0,0.4203006586418858,0.5220600631168746
0,0.356892239402334,0.5112706342421814
0,0.4031725986887364,0.5075417957321015
0,0.4056223859722728,0.4731127935897781
0,0.35187045835056396,0.46855204902489683
0,0.41526481930447146,0.4548868125334928
0,0.47711583255404344,0.46247650251810707
0,0.37467395511639257,0.4663555586759418
0,0.4251512511843878,0.4846051310446553
0,0.47483654193656,0.4769008776801497
0,0.38216110112457197,0.49382655049971436
0,0.44618304120548,0.4811878492698674
0,0.36253462036286194,0.4811878492698674
0,0.5056573592581576,0.46406113985307423
0,0.43619579609739745,0.4777113537659555
0,0.4116072585937675,0.38887438821271747
0,0.4334200264675999,0.3864515809117546
0,0.39569491143334806,0.39663195595935313
0,0.384169682147015,0.394379538917958
0,0.3640774047014783,0.41208376902337196
0,0.43069303889539795,0.4043084208117573
0,0.4012628519884507,0.4076848372500085
0,0.3575807605851153,0.42073042523714826
0,0.3816162814695463,0.4228114763941773
0,0.3826897805140923,0.4106246282804826
0,0.42050806208945013,0.41739692601052425
0,0.4154065032728158,0.39778573939749406
0,0.394181330765595,0.39778573939749406
0,0.47757299813119514,0.3923102537126807
0,0.44006205904595685,0.4013292654258771
0,0.37121417491623643,0.39005589690934944
0,0.34772341634344417,0.38952870809997325
0,0.5274937120327325,0.3869076639231388
0,0.4050801371352952,0.38965801553571444
0,0.40241917436789315,0.39024754276381746
0,0.39123079591507914,0.38236832514532426
0,0.35589729024666655,0.38180404650009936
0,0.4288051589675734,0.39220217145262104
0,0.396756004843006,0.3935292755477459
0,0.3608579614990734,0.3836866507269625
0,0.432459779913068,0.38044268933729225
0,0.4020346060420432,0.3817514548544016
0,0.4055635447792188,0.3868187973549403
0,0.4976823735491821,0.3908367983393587
0,0.39886340990851693,0.39520466869707077
0,0.35085062309419895,0.3985295183778094
0,0.4718624362216476,0.3961014943662598
0,0.3885636579137884,0.401229686363346
0,0.4582455482384493,0.39905311039431607
0,0.3972231535935205,0.39760348472994544
0,0.35448635372677917,0.3903949056157471
0,0.37696957665179665,0.3935031025413008
0,0.49465300279232666,0.3878719192121805
0,0.4196633925530267,0.38417951811509354
0,0.380553074615697,0.38589848458103326
0,0.5099067997746297,0.38680894242216945
0,0.4214780901259115,0.40032341195137344
0,0.4663113419900516,0.398395487791188
0,0.4669774826402351,0.40156831217956895
0,0.35858459794247316,0.40912573425715953
0,0.4172582588131797,0.41401660956139713
0,0.4332618466481715,0.4200145715755462
0,0.39440230575687524,0.4221917206325175
0,0.38295771697093284,0.42626253840285105
0,0.35287532229248747,0.4284817338421952
0,0.436065590446694,0.4439670755098863
0,0.40133234181288907,0.4287135989871506
0,0.35556477610520476,0.42942365762156387
0,0.38220663537551075,0.4252330400859833
0,0.42594961482795357,0.42891830159008953
0,0.4083930022193176,0.41784759445600966
0,0.37687211401211584,0.4404004655537628
0,0.41654647357225816,0.43135677070427036
0,0.3985022132956739,0.4494440718060973
0,0.4914930673415303,0.4631123138973426
0,0.40173060352295525,0.4546497311312884
0,0.3930137668839903,0.44396166202446413
0,0.36248123121256476,0.44304642753269263
0,0.5425221364605127,0.44468800671496866
0,0.40451009338097427,0.4378949247688579
0,0.3962832309537656,0.4378949247688579
0,0.4120785520349971,0.4383885353610992
0,0.3740970444479122,0.44040631973187194
0,0.4480350439843017,0.4153902259724584
0,0.4240013398282384,0.4185287849642771
0,0.5289829560904117,0.418124814203681
0,0.36538640684923296,0.4096198466141938
0,0.4055635447792188,0.4011494655121865
0,0.35376870733412175,0.4048311315087044
0,0.389823571902802,0.40606431976683316
0,0.3555400973750381,0.41441530561202644
0,0.4194280404474936,0.41388595063931605
0,0.4906619692612611,0.4267144843710888
0,0.47438627945601525,0.42441542466159093
0,0.4037107505596223,0.45645557882757715
0,0.4600470339968157,0.45828459395066007
0,0.3692902591259678,0.45828459395066007
0,0.3877261753767136,0.42787312578950626
0,0.3759663149680398,0.4245077368986696
0,0.34099399140330344,0.43467853933641276
0,0.4260925752717546,0.42161618136969703
0,0.5283033060286404,0.41164531449760866
0,0.5151798307804056,0.41731830159340405
0,0.4385579777965922,0.4277713731851888
0,0.3915674370936132,0.42650506441654407
0,0.4410416682381359,0.4027853872977511
0,0.4896535086779811,0.40564329915286845
0,0.4172582588131797,0.44800667690559526
0,0.4356703266335147,0.45986913982777855
0,0.39608035797085983,0.4448162470567246
0,0.3854703826288795,0.4259408296064337
0,0.34862984591388735,0.4169078818729563
0,0.4328050964332539,0.4425735342081644
0,0.4001118986192714,0.43131572919731326
0,0.35352154410834363,0.4355879695435236
0,0.3860541749177847,0.4405716397251815
1,0.7537257797191066,0.44658607218507923
0,0.37812296396852035,0.4375499912109686
0,0.43033985381849804,0.4551973074024903
0,0.4267349379827515,0.4574416281419876
0,0.4600220043479848,0.44909168230851354
0,0.3991841221296905,0.43363875872858987
0,0.3582395339706817,0.4018874143616438
0,0.37558682014349726,0.41138782841533916
0,0.42609538275650766,0.4013221119666098
0,0.4051583938705602,0.39791869741654806
0,0.4970696436527363,0.3778247198378721
0,0.461145393229965,0.3709475681882589
0,0.4242193098958443,0.3663172741335937
0,0.36950401103975694,0.3650507045353263
0,0.545596763444027,0.3627054311838485
0,0.4723540808215612,0.3637488760513798
0,0.3993496999586739,0.3677886037701592
0,0.4125081430706357,0.36545200928211347
0,0.3861833330958859,0.36546774525263975
0,0.4901334938401968,0.3689138964412761
0,0.43332017505638504,0.37060104945289235
0,0.3976028771883878,0.3692680266923556
0,0.3549069460037633,0.3669127347611139
0,0.3686801643708017,0.37251191192866673
0,0.5756408687200573,0.37013754166015145
0,0.4192621999859171,0.3655290350852405
0,0.4008153225266301,0.3644601591716978
0,0.38282679563961136,0.37269566741396704
0,0.353102152677472,0.39245892891832
0,0.49142693432055773,0.38595873530112634
0,0.430079797062453,0.3750918825079811
0,0.49082645533461,0.3725865671887532
0,0.40298688235237534,0.3997677170134059
0,0.46912989375420316,0.39749042513928134
0,0.3497300882129213,0.38146956753937183
0,0.4057637155652099,0.3800751878713939
0,0.38334813056666034,0.3754516467227505
0,0.5048561060523098,0.37861659235649736
0,0.4583416203168327,0.37726977420917507
0,0.4604625035241133,0.3807576874005069
0,0.4149420499779865,0.38887605810435155
0,0.42028030641151753,0.3886291831530107
0,0.43978682103626693,0.38845346808043774
0,0.40375626765546313,0.38630708634443583
0,0.38969077408134073,0.38520220627467605
0,0.36843675390892777,0.3856717253050811
0,0.44113268986089876,0.38704047525508567
0,0.4006062983374288,0.38704047525508567
0,0.5049346068342607,0.3921037929178232
0,0.3642396086162516,0.4003049223361495
0,0.4077495471254729,0.3961660068624432
0,0.4229992958959722,0.4062021721467472
0,0.4106132887804361,0.431934082726032
0,0.3816580784355937,0.42881090911762937
0,0.43527745946396446,0.4191472299731724
0,0.39845466787597555,0.4165038450988655
0,0.4625455111786699,0.40684401777813795
0,0.4230575335902571,0.40159848915647756
0,0.3792338782200306,0.43054102099172076
0,0.3571685560819478,0.4331221394688851
0,0.5334896549378646,0.4348502695433275
0,0.40696659673248187,0.4348502695433275
0,0.4455851063320194,0.38974298179281097
0,0.395279018139468,0.38805563464678994
1,0.7537257797191066,0.3934853872967312
0,0.369406327082807,0.3951127604045185
0,0.428627391122378,0.39367969810148556
0,0.4588647150601112,0.39018366014067535
0,0.3782622169658161,0.37509733654778593
0,0.4084311065299603,0.3796180162229101
0,0.38562222609222746,0.39226871928639384
0,0.3605951511065295,0.39418670954546525
0,0.39650950283978514,0.38390822557195065
0,0.400596126275052,0.3890581338712626
0,0.48329204741442733,0.388198005112852
0,0.40004244675842043,0.4037088449353763
0,0.4135180103543157,0.39333981265298174
0,0.4728004339847687,0.3895915515244477
0,0.35492377052947627,0.3893281731207348
0,0.4171028969570201,0.4086368852620243
0,0.38163565876249406,0.39417137993008344
0,0.48464388024721966,0.39034590281120074
0,0.42510610061726034,0.3904776863713248
0,0.35978909579329804,0.4344306978758354
0,0.36026959169939976,0.44676769108667513
0,0.3634599076483402,0.4161014044701173
0,0.3781197083103838,0.3936059950512694
0,0.41702035714784136,0.39273513520653613
0,0.4744733999353762,0.40513068033238914
0,0.40844878975663573,0.4061571930103848
0,0.3886142034437961,0.3992682537050376
0,0.36665690107838234,0.40875137027353425
0,0.4626998501565927,0.40493838806863475
0,0.4029847543092319,0.40493838806863475
0,0.3586124588221775,0.4033950187906717
0,0.3809950452986075,0.4158974597908689
0,0.42249075029309735,0.4234382700041765
0,0.3857304165206336,0.41958353872295023
0,0.3809803140209983,0.42732168880393717
0,0.388606489874462,0.48991065369327513
0,0.42842372770780685,0.47727814644005395
0,0.46039930545265234,0.4716577866218682
0,0.42216467849297395,0.4616882063283747
0,0.38047798419954404,0.46718638763958803
0,0.34765881302159063,0.4604649688612273
0,0.5163588553344928,0.46159394718066954
0,0.41673929890853667,0.46028828225099105
0,0.3840253595384792,0.459898384496741
0,0.38691768821532685,0.45795618412661937
0,0.355461478968418,0.4600749214405285
0,0.4341408713227943,0.46155214985500453
0,0.5942596671318104,0.4568899918691232
0,0.6115116642826511,0.45021709476030763
0,0.369135990014966,0.4584073614587214
0,0.48105339453005275,0.46361612128955415
0,0.4204428675316032,0.4641936708785553
0,0.37025748877989184,0.4613403945553563
0,0.4544231207865777,0.4648655283750105
0,0.37576239891948277,0.46810038843228163
0,0.4061572226555001,0.46319856512344904
0,0.4056733184689814,0.4563161837051584
0,0.36008980917644373,0.455756197824333
0,0.4142316389787723,0.4495142879536975
0,0.41508826705712465,0.4537500330283978
0,0.48701446117095104,0.45305570481323537
0,0.3714096900193817,0.4451769513951977
0,0.4254688496339407,0.4589749866443081
0,0.46783422762858023,0.45470977811564733
0,0.3859482453230512,0.45664713293216924
0,0.4179537409243197,0.45190286851662015
0,0.3813709266223241,0.4585659629889874
0,0.48446941922613534,0.45952636076362097
0,0.42510610061726034,0.45952636076362097
0,0.4944285799580888,0.4541844072916467
0,0.41685978336679713,0.40089947392724595
0,0.4123159190572303,0.402663085628793
0,0.39564277918528273,0.4081241722751402
0,0.39021768778969634,0.4087721402031312
0,0.37106174521024987,0.41544476143082243
0,0.41635248455008533,0.4126951824037777
0,0.4029847543092319,0.41120938541146607
0,0.3580799944589546,0.4118684771496679
0,0.38115845591905545,0.41143332354200796
0,0.39537724440706645,0.4186736386865876
0,0.37440786736111775,0.4211754484233572
0,0.4257326590097597,0.40231673796430784
0,0.409996911817354,0.39692590184197385
0,0.486206845493613,0.39469457265473024
0,0.41164271822420323,0.39490819815292955
0,0.386862760503538,0.39013709169296373
0,0.3969406501662079,0.3915632015964269
0,0.3466223433416492,0.39111005331364584
0,0.5127990185840186,0.3928736177135287
0,0.42046769737638545,0.3858038298934873
0,0.3870185955818304,0.3894320871568696
0,0.381565472294012,0.39315767109976807
0,0.3554253073955881,0.3858038298934873
0,0.4299069047920214,0.3850523306734997
0,0.4043955276851094,0.3875586008189485
0,0.43454439316955856,0.3970087349413442
0,0.4015612573768526,0.39044226475549904
0,0.38448547377530856,0.38815876352131823
0,0.4061572226555001,0.39064589657560284
0,0.4985248986074514,0.39324011700281536
0,0.3983575727857107,0.40388125041382955
0,0.3603414606392991,0.3948503727334651
0,0.41153113112287204,0.4105906432820424
0,0.4613299938878285,0.4088223102048999
0,0.3854075097500975,0.4015197931810914
0,0.49271675568389556,0.40354274763287756
0,0.37788915682329116,0.39124209517069536
0,0.41219660705195943,0.39273243381444184
0,0.40108480367814764,0.3893108300337314
0,0.502625552806129,0.39157024591602474
0,0.4169613440526832,0.3977660328699234
0,0.46859753178047264,0.39821321578762825
0,0.44133339485873513,0.4006660415331721
0,0.5145813726022733,0.41772387172819336
0,0.42680700299003355,0.4149923641974585
0,0.4279960658066917,0.42953566110115143
0,0.41096435456583336,0.4325820982272905
0,0.39700234240090776,0.43297331802924255
0,0.40317367708211355,0.4375216524600725
0,0.4310055699004757,0.4343979905711238
0,0.40380112654842465,0.4234747515412043
0,0.4307229192879946,0.4307573254724468
0,0.37576079963622755,0.4346727811893341
0,0.3914653463598104,0.4459084993683477
0,0.3802929113839889,0.4530091725235516
0,0.44188197703515664,0.4456764519618967
0,0.4084906688628801,0.4678189332204822
0,0.4730798177857104,0.4630695804634601
0,0.4269167886714467,0.44482703072857493
0,0.4090162256582006,0.4340608152995776
0,0.3885367287250164,0.4364243313253935
0,0.35838922250205213,0.43841266788418026
0,0.524415141092254,0.43451353302787243
0,0.41204278415513534,0.43451353302787243
0,0.4459782894806788,0.42651148459429766
0,0.3939491766088933,0.43076887347769227
0,0.36771843773814317,0.4229809696643372
0,0.46823666144173964,0.43399468312982104
0,0.42504983346603153,0.4284693493210037
0,0.50304331724643,0.4250863738837484
0,0.38232979498595066,0.41182039043327084
0,0.40414392922384534,0.4063947651690261
0,0.36061213037491213,0.4126824396387119
0,0.3596724299365881,0.4047469782429712
0,0.3570438704939278,0.41230181213203154
0,0.39229982532280583,0.4117862551378032
0,0.35680671980337286,0.4377072644612002
0,0.417379593565727,0.42361075128940223
0,0.4133277545942794,0.42848237732682865
0,0.4559627599533608,0.4293096573678476
0,0.3798069772726786,0.4349172026797722
0,0.4138811350427553,0.4262165028672978
0,0.46923652540700367,0.4262165028672978
0,0.3683828796527861,0.4275379627501538
0,0.42771545721391346,0.4266685509789989
0,0.3955395620828257,0.4281314664834438
0,0.3934767969329578,0.43483177523994965
0,0.3417750439670049,0.4367552326654201
0,0.3481502082300592,0.4219779774361882
0,0.5279393008282072,0.4208415480970782
0,0.5228682810509315,0.4296675709703331
0,0.419953158212649,0.4282014254553533
0,0.3881111995229946,0.42175815997109206
0,0.4499987873464999,0.40923563493149145
0,0.4194874876897433,0.39373305160512756
0,0.4202407708750853,0.41467151947974856
0,0.39983292602079273,0.415497814426471
0,0.3892841052148434,0.40370761919933656
0,0.39180081230955804,0.39445816764340147
0,0.41808293994262696,0.4174090435836077
0,0.40138456822337915,0.4045093260490345
0,0.3622261698452953,0.402495654749108
0,0.38532763965967687,0.40385040869437494
0,0.49710212972632467,0.4101960807427716
1,0.7537257797191066,0.399983679036156
0,0.37572775616850856,0.40402627822729825
0,0.45770901212090986,0.3952361372520284
0,0.3976119285747849,0.3954420209286877
0,0.45933929484917585,0.3820199529816159
0,0.4601752174554687,0.3754675911972761
0,0.3574167929783862,0.37641891470854516
0,0.3739292012903856,0.3855294937095979
0,0.3894037645215357,0.3775486324509904
0,0.4968308115700232,0.37593477761030875
0,0.4522082362326394,0.37287776021495533
0,0.4506175286038849,0.3822293872727961
0,0.36637401006882586,0.37207443715077704
0,0.5328045888209084,0.37207443715077704
0,0.43617922589463615,0.37266324780682636
0,0.4034458872842999,0.383143486829374
0,0.3971501836929527,0.3729267480404412
0,0.3852400764362608,0.37266324780682636
0,0.4512299800389727,0.37280140522302346
0,0.43521489282513787,0.38131582315424695
0,0.39736592405762944,0.3695946870629735
0,0.3540934209830854,0.384599726103579
0,0.3837823054335087,0.386842135740316
0,0.5791680460150141,0.4028433817915131
0,0.41604649680706113,0.39327817192883474
0,0.4021033591707723,0.39782123849095585
0,0.3977413314870559,0.40063653827137213
0,0.3512122480280373,0.44103025357686976
0,0.43562075609695716,0.43286000604242364
0,0.418750795551971,0.41897527261885625
0,0.401386149898627,0.39221626040778307
0,0.36823458666466674,0.3920931819681238
0,0.4728646015760044,0.4021017387700766
0,0.4544011548420324,0.3947742159364655
0,0.40398896471775547,0.41106636507147487
0,0.4979859368509937,0.4042616153065577
0,0.4257989050201107,0.41209263948308594
0,0.4447423932336196,0.4009151618781202
0,0.40463602895614037,0.39980555098082343
0,0.41729508035465757,0.4002187240237339
0,0.4161262824591521,0.4082071825870835
0,0.3946350927052916,0.39891434272126847
0,0.39498490918210605,0.39642796912235556
0,0.39272872653640667,0.3941283846019536
0,0.41488449714604364,0.40463779575687386
0,0.40015614024013174,0.38903405537577795
0,0.5040960410255274,0.39165276350810185
0,0.3560672158337718,0.3887846404096174
0,0.4078958995796463,0.39128515776955286
0,0.38728640392451746,0.3903865518190638
0,0.412116062512513,0.3829332572152546
0,0.373490548951181,0.3803866406115535
0,0.44240544361032264,0.3755295082980699
0,0.38188553911701295,0.3715923471731227
0,0.4788039258682494,0.36966491426700016
0,0.4429192522953299,0.36966491426700016
0,0.40266620247202217,0.3863303025812935
0,0.3863626066456615,0.37002271982514506
0,0.3570498548612882,0.3683002118941176
0,0.5185928425893743,0.36833795068192676
0,0.42531882126987913,0.3862545311541493
0,0.41192679857957637,0.37469823554753584
0,0.38583264279627455,0.37074805358493323
0,0.3706016433720986,0.36833795068192676
0,0.4364625588026522,0.38636166407082295
0,0.41634948760846263,0.3767780786725573
0,0.3635188033533267,0.37539855215532203
0,0.3557106894918954,0.38748494910428605
0,0.4007525959722455,0.39997059096033655
0,0.39335732103686916,0.3980360826445091
0,0.35239254033565737,0.4125355843816096
0,0.4177296192724093,0.41045739280453447
0,0.47090477093582234,0.41001485343398036
0,0.41625371945608114,0.41020974632865803
0,0.35920278544063994,0.40277351722159405
0,0.46617588172197394,0.40130193852895174
0,0.376467541275807,0.4022833802032363
0,0.44539452160118,0.40866268043728515
0,0.39345562367879017,0.3923895005557188
0,0.4819788355155895,0.39268080322062554
0,0.42497225586605375,0.40562133255477284
0,0.458532478262969,0.40051588125764814
0,0.4515277415573903,0.39377276787892623
0,0.35332464012211356,0.38218929941675794
0,0.475513903427704,0.39785310494624126
0,0.4268828672650456,0.39029079821498136
0,0.3627172700321324,0.399126422474665
0,0.3939222527507596,0.4169948240394366
0,0.4118315779743799,0.4558451907813976
0,0.3480065862102345,0.45570583895333433
0,0.38097882629812974,0.46316380455083606
1,0.7537257797191066,0.45723139516775824
0,0.5173497777138334,0.4406053958067296
0,0.4156211461324672,0.4411109001200386
0,0.3950066466531518,0.4422828391310538
0,0.3953165925359544,0.45824304430476354
0,0.3807381758525061,0.5035407599113382
0,0.41105753423961544,0.49850153785352025
0,0.4007764491515745,0.4994310012909582
0,0.35533705283919587,0.498371936052
0,0.38319891663196876,0.4951761187561118
0,0.3893825324144134,0.497063886150329
0,0.3650436699954813,0.496380858316398
0,0.37406978579612876,0.4971336143623898
0,0.3978971133574615,0.4952804822400711
0,0.4620317630799846,0.49710996551234854
0,0.4575079350814344,0.5126186105575772
0,0.45008552170110083,0.5125685382250205
0,0.3743978208529157,0.5098738954321903
0,0.34853764536251824,0.5077797039375244
0,0.4998793265593458,0.5068540424032337
0,0.4218798007752537,0.5085163683726999
0,0.39668907988973634,0.5142732569904994
0,0.37782078917775497,0.508585220092334
0,0.3572928759745025,0.5087246052384605
0,0.4342060900633421,0.5153149520535155
0,0.5384230872971131,0.5075687009779632
0,0.5559993671193162,0.5055316427072216
0,0.3776864837865177,0.5135932091106238
0,0.4610458505818512,0.522584522777666
0,0.443283391176658,0.5242265156706384
0,0.40423650926991195,0.5454055409488674
0,0.4055719784859281,0.5349967707283219
0,0.40824650982241234,0.5056829656978415
0,0.39784747419862665,0.5279666609867707
0,0.38343814207533344,0.5446487336427129
0,0.4715107479502896,0.5509320298480569
0,0.42084670981084427,0.5330574384372534
0,0.38619004083709524,0.5297827802756468
0,0.4665967117308995,0.5313404798578506
0,0.386549397422291,0.523937957962444
0,0.4471238383567187,0.521079955050566
0,0.3725519073337995,0.5295505145390639
0,0.47603807158497763,0.5202161599068671
0,0.41979853200988726,0.5202161599068671
0,0.4153180940228262,0.5180681249064689
0,0.47529001711951513,0.4411555831927405
0,0.41725196643790186,0.4440219063742968
0,0.3950630834134686,0.4354434578597208
0,0.39861899509533144,0.44606581926622973
0,0.39001322738041483,0.4520006508822902
0,0.4127227665259267,0.4504306661525493
0,0.4012776391245145,0.4510420692768967
0,0.3602308837486743,0.45306103052121327
0,0.3800478223586701,0.45118784307110876
0,0.3698774853329091,0.45013261103953234
0,0.37843257335012126,0.44885542653940574
0,0.4526155854854426,0.4561078733156165
0,0.39375062423255985,0.4586547608147001
0,0.47477485550728526,0.47196894214036517
0,0.4392228981072734,0.47200959610581295
0,0.37733648448153634,0.4715177949813484
0,0.3486930010241235,0.4725407002873913
0,0.4963033674330198,0.47250000057818914
0,0.4207543529335784,0.47196894214036517
0,0.38317754150563604,0.47475496782537213
0,0.38119804928828954,0.47250000057818914
0,0.3569190821311931,0.47111480016264995
0,0.42923439567298277,0.47070696110651244
0,0.41977272793742704,0.47422820917292663
0,0.44899794719318276,0.4538187450868779
0,0.3877728750792582,0.4418770051922543
0,0.3795158958780813,0.4748703803454141
0,0.40110019454577384,0.4792709332680554
0,0.4714722969434183,0.47659852702665667
0,0.40070082139946034,0.46995100791222333
0,0.37378123750949227,0.47484663760690765
0,0.42011627079762826,0.47187662610879677
0,0.42614877621064556,0.4452982386116067
0,0.44231477293453964,0.4297022660243866
0,0.39535934292936914,0.40517788390334425
0,0.44728352440104147,0.41110521312635945
0,0.38027061360164166,0.3999415098343413
0,0.4335543560557691,0.3975020427916625
0,0.3816724681187373,0.40349071534546915
0,0.48376935431657486,0.40824371413583876
0,0.4196291518027082,0.4057680932057651
0,0.4720023859849856,0.403604337359837
0,0.43314678119089406,0.3967651413737549
0,0.47766038926470117,0.40953716903128046
0,0.4337042320174622,0.4134708828785493
0,0.4163783001637741,0.4091824881727908
0,0.3939136805020312,0.4111248068463111
0,0.4002655424332196,0.4072566101884964
0,0.3997846651097259,0.4073794183716804
0,0.4123676140716077,0.40751162582940154
0,0.40642240720955186,0.4036315720561361
0,0.36339179443686775,0.40751162582940154
0,0.37789938020730734,0.4125641560555049
0,0.43564744009350587,0.4282204886839853
0,0.39856779958446065,0.43786428525428434
0,0.3793547403263984,0.42710391902884576
0,0.45447079509655747,0.4290874158479344
0,0.3885115419395944,0.4275874816717764
0,0.4515355958881654,0.4277915931625621
0,0.4349400527486867,0.41909009387252966
0,0.3837907829086544,0.4235138698917303
0,0.39779199390424835,0.42262050110079485
0,0.3635419526159917,0.4268951915653322
0,0.513633002487914,0.4280140396080295
0,0.4251738031123111,0.42505859198901086
0,0.4537307068561342,0.43369329476204316
0,0.3953198163932458,0.42505859198901086
0,0.37502171979986315,0.42505859198901086
0,0.4443531905982927,0.4253094725317749
0,0.429077520335497,0.4304236260073116
0,0.5227390271801148,0.4333093770981928
0,0.38517551557951946,0.4323039014965873
0,0.410619913715637,0.4325015738892393
0,0.3711274717740203,0.43811450347105896
0,0.3933289955541371,0.4384750679225625
0,0.40630741869161857,0.4629420288816641
0,0.4055569900404538,0.45988278494099555
0,0.628749936845741,0.47594791727141406
0,0.4605574587576775,0.47423859173511446
0,0.4232122333555173,0.47538501773915254
0,0.4223354667738802,0.4750632443637087
0,0.42237873934276776,0.4730738046705156
0,0.36226018283086403,0.47495592238050444
0,0.4327566418994174,0.47560142254146764
0,0.3695066626355563,0.48619847568591523
0,0.3397572397727327,0.4659165329899385
0,0.3461739151009684,0.46551875892280487
0,0.516938905078265,0.46046913848329846
0,0.4862964548819528,0.47060000944942454
0,0.41714834935281014,0.47250394467167295
0,0.38505028316121376,0.4800412019153645
0,0.4517489426208615,0.46164982886141004
0,0.44310027477550307,0.4272665821485927
0,0.457110043467266,0.43698476394844105
0,0.4114589060026251,0.4273005529445151
0,0.4067355782594529,0.42764010153805737
0,0.6642705368836064,0.44332086897956524
0,0.37304530628371,0.4539202669383218
0,0.4452224107948484,0.4529387605693981
0,0.40030863145364354,0.4407665186662664
0,0.3733307790367156,0.44936095481532307
0,0.38644226434106344,0.454211140295495
1,0.7537257797191066,0.4585545043300199
0,0.3829703248501252,0.4497363894797014
0,0.4471732503191536,0.44511240668138713
0,0.3952188880677296,0.4442257338066675
0,0.43036015168598896,0.4355264774386572
0,0.4422720660622075,0.4335078567926434
0,0.4056052767238078,0.4467304596327686
0,0.38086394314280647,0.4467304596327686
0,0.39059603082212824,0.4535289711865852
0,0.4921462925564724,0.44441189348580673
0,0.43475977438576285,0.44230646868188583
0,0.45272378487819437,0.4447673882429819
0,0.3912138033331888,0.4442986628549457
0,0.515164362061315,0.44620241458030974
0,0.43981123428489033,0.4432765408528601
0,0.4071232759981547,0.4575940178577987
0,0.4206747727047471,0.4558348666661288
0,0.3790063057874475,0.454582861885301
0,0.437660287874692,0.45547658407848424
0,0.4639775904157455,0.43638526135526867
0,0.43590468678874744,0.43792027221415025
0,0.3983405151913249,0.4461390229382974
0,0.49811938418640545,0.45239961112576693
0,0.38974222630991234,0.4755950392182775
0,0.3717698852879331,0.4826900593925896
0,0.5899520987148543,0.49022668669497155
0,0.4170723490091033,0.4784481349205062
0,0.4007004768412158,0.47696585469342784
0,0.3876018370204998,0.4761397339659196
0,0.4080796194507513,0.44715887400843946
0,0.4100139074087623,0.47778083292283907
0,0.4093353463462324,0.4824018452568087
0,0.38634780763380294,0.47029437871755503
0,0.4376589156049386,0.4588125925278432
0,0.4197584583313108,0.47076159014629315
0,0.3736136973349082,0.4799138166928352
0,0.4494349556726599,0.46980559464867083
0,0.39461211721285744,0.4611929870440497
0,0.4583522227444139,0.46030165698793596
0,0.3801329549876463,0.4604168816836727
0,0.49233408803553047,0.46186646597358644
0,0.42043124840845236,0.458264158753992
0,0.4643368061484293,0.46460673713850903
0,0.38376843360124896,0.434571409278441
0,0.4330358170261009,0.41869780463046863
0,0.3912436154865635,0.42366551283014153
0,0.39567383364404207,0.4101654078139527
0,0.40391096607686505,0.40984603770328937
0,0.4285968890188773,0.4167366846126637
0,0.4055389326759515,0.4275545716459676
0,0.4011662181170971,0.43855048633653526
0,0.4886913110870204,0.44422067017439415
0,0.3650886263671656,0.4567866368318417
0,0.4079947912810186,0.44156811422136255
0,0.4227562155254341,0.455802681738376
0,0.3865724275717741,0.45503235876741976
0,0.37537331300820886,0.45373356521207736
0,0.4484776729399009,0.4416537031539502
0,0.40064154726138873,0.4295234735090603
0,0.43896549716108624,0.43726072581810904
0,0.4746521772434223,0.43726072581810904
0,0.37655867478544336,0.4365792201837952
0,0.36223251664395745,0.43354640075497286
0,0.4973692357067714,0.43021310379185224
0,0.4295211410861531,0.4312043738410382
0,0.3805660834481449,0.4510068437882352
0,0.39145573979876624,0.4306359931087137
0,0.3674424789455628,0.4312043738410382
0,0.42758196831010603,0.4315272016400488
0,0.46188245217477586,0.4577629627536999
0,0.412053771079248,0.42641135375345135
0,0.40364369975798997,0.427354280779334
0,0.41204436543817463,0.43757793470230316
0,0.4017773254116893,0.4483364059389773
0,0.640829050011016,0.45571149867992483
0,0.4716841492101162,0.45053800861125565
0,0.4194257913770784,0.4700186844923373
0,0.3805647752614499,0.457360152646784
0,0.41168728965048174,0.44660577551738134
0,0.38731619708184656,0.44474724309274816
0,0.47165539367898685,0.4504006748156707
0,0.374498572276005,0.4466126582350038
0,0.468023904552287,0.4320918778249313
0,0.4495283166217688,0.420423735654513
0,0.4152872355743618,0.4165818230093748
0,0.40387339457061017,0.4202697195522529
0,0.433946207009677,0.4216594520064492
0,0.34901410461564786,0.42417620403711226
0,0.3797043538389966,0.4159616718202539
0,0.452892129894752,0.4140104130970912
0,0.40460910779782283,0.42797781575517124
0,0.4054307250247933,0.4261784794221419
0,0.4077232791443916,0.42489233727327075
0,0.4404651745482037,0.4316351391695331
0,0.4227443998128625,0.43484155674241065
0,0.40354887539889467,0.43079984586621306
0,0.3688697654006898,0.42771516440018037
0,0.3849254631082387,0.42709546180065455
0,0.41162842569293184,0.46817916390326664
0,0.658444698356316,0.452582814058576
0,0.3830280056373784,0.45116354718450125
0,0.4344998848824213,0.4486576580199415
0,0.42773100838067507,0.45587084351141055
0,0.4259979283355947,0.4486335205569452
0,0.4850285359552575,0.4486335205569452
0,0.40191886773595176,0.4495777292167522
0,0.3680698633725478,0.45354349110945147
0,0.39904664669710443,0.44691147469212905
0,0.3534125811621581,0.4584713577302065
0,0.4854277618249771,0.4626238268486959
0,0.44044299046221647,0.44702656416359066
0,0.45871133964238453,0.44702656416359066
0,0.3848564440277391,0.45871484878416785
0,0.3566530148554388,0.4611561918186306
0,0.4579840432755499,0.4477098271686674
0,0.5595839324424146,0.4538610666137828
0,0.3754097389378241,0.4551867486883645
0,0.4633890794752541,0.4780232403814465
0,0.41733510580791977,0.48066560782573053
0,0.4394482172340714,0.4845383618150551
0,0.49456913416767057,0.48333537409528926
0,0.3754281688862699,0.4941136975116001
0,0.40367602790934465,0.4854866740483241
0,0.4101334714287651,0.47726867245167504
0,0.407655666599747,0.48774631885209074
0,0.40630610369765346,0.484052625672862
0,0.42540756553279796,0.5060320345315882
0,0.44541326616397825,0.49833422160404317
0,0.3932098994421312,0.4932123311014307
0,0.4254688496339407,0.5064783762467964
0,0.4201888047864182,0.5020853540989618
0,0.38525777006610856,0.49790501538057086
0,0.49155341494184723,0.5024647312055411
1,0.7537257797191066,0.49161098956868726
0,0.38678975824922807,0.4968729924759205
0,0.46988279646677783,0.4926640386367335
0,0.4297876675307462,0.4985272305613398
0,0.4359048188351636,0.43687035927684637
0,0.3944890369623038,0.44610966739746005
0,0.3985784300094804,0.43757027590233916
0,0.40677954612639006,0.43131211268262765
0,0.40935523026922443,0.443260959659627
0,0.4099451759004093,0.44672092130306446
0,0.40347144751279274,0.4393312881955772
0,0.36871036396833734,0.4393312881955772
0,0.38200212907643655,0.4393312881955772
0,0.3954702841592864,0.4352273796977661
0,0.3774056002014389,0.43724087378100646
0,0.4505150187166901,0.4165778995323637
0,0.3879185159132697,0.4173721764423359
0,0.4427669782071473,0.42846067836964097
0,0.5267465854482224,0.4305614530670295
0,0.3772482734937227,0.4138025945572786
0,0.3518842009202982,0.4325395879667831
0,0.4797041973437064,0.4305614530670295
0,0.4202364967077665,0.4348198356284711
0,0.3920782514735787,0.4348198356284711
0,0.38512926220662025,0.43786015810955015
0,0.3572294515451417,0.4368794106872907
0,0.4232814518954068,0.4396007946112187
0,0.41021877758939745,0.43864034905914573
0,0.4456628207399395,0.4182654539617512
0,0.4008274438911515,0.42790384059980324
0,0.391566588577882,0.43511393884026334
0,0.4032077170555303,0.4294794497797657
0,0.46708206194524365,0.43506986290322097
0,0.4360508907539106,0.42585918950071927
0,0.36180321070434623,0.4314984182230861
0,0.3630594547388348,0.4275701824282186
0,0.42598663628213707,0.41529851802814904
0,0.4083747818680691,0.4155721194363623
0,0.3725599538221842,0.4147541309636193
0,0.44492497768827766,0.41693560038032373
0,0.3736334952772478,0.41931644689173686
0,0.5196169375400783,0.4166889737106618
0,0.3871086935772835,0.3934492153973596
0,0.4690430899870739,0.3965538752375714
0,0.42368617266866193,0.397434884428241
0,0.4757318459937887,0.4038530932454476
0,0.4795745124303469,0.3975062108197955
0,0.4828930400715732,0.41336977736180447
0,0.4318691394355011,0.4186648805317017
0,0.3925672147044739,0.42318606339561726
0,0.39560126392868783,0.4189241338716234
0,0.40966930713307387,0.4121471516769575
0,0.3700474416742102,0.406977904682742
0,0.41606572519862545,0.40574488991359287
0,0.4047982511509158,0.4043321949367972
0,0.3774261593923432,0.40754735701455624
0,0.382289262870905,0.42240769087487
0,0.4190632973644707,0.4584403132324107
0,0.4017749064426525,0.4505546315155468
0,0.3757918374708257,0.4490607296174979
0,0.4407822918788022,0.43687423158360056
0,0.38328254508805965,0.4301874553025992
0,0.4306521889354761,0.41881407837953044
0,0.5167327901686916,0.4112140512080944
0,0.38129261333557657,0.41268074840084046
0,0.36373101360306387,0.416603871979804
0,0.4941040078962597,0.41352256207646004
0,0.4150720175939863,0.40788585457034715
0,0.40576545673002234,0.4220666349409119
0,0.40158034578698526,0.40755317034551847
0,0.375528119740648,0.40730523412251096
0,0.43109821542069227,0.41184527337183985
0,0.42194275595503977,0.427449775042386
0,0.5006864384591505,0.43163910787865395
0,0.3815238396259198,0.41550637103609833
0,0.4032239171094271,0.4133973117773922
0,0.36785223306513176,0.4222634501879277
0,0.35166542315445104,0.4239336181877551
0,0.37848642942965427,0.4200756197889407
0,0.42076922453052024,0.4187315214404751
0,0.45112130088833824,0.42020562556160956
0,0.4880346635870216,0.4205949935332541
0,0.3661037725219373,0.42020562556160956
0,0.433396204205726,0.4205925246656787
0,0.404492593797529,0.42161501058274364
0,0.3670341979676469,0.42108195731813264
0,0.5158586392963982,0.43374015091002555
0,0.3691461175665819,0.44306726674531277
0,0.3399598402897572,0.44462023532082723
0,0.34609294452617806,0.4473324734819803
0,0.5242468964412401,0.4359873896531863
0,0.45730894760822893,0.4463484199313113
0,0.4380506085429355,0.45065085541794997
0,0.385282664795123,0.44440725825594746
0,0.44334841081762294,0.43139834875923266
0,0.4303323730105133,0.408689666485442
0,0.3954188629332557,0.41568336605745043
0,0.3950882671615399,0.4329588463387051
0,0.4179153919256261,0.4329662736497015
0,0.3583995030284694,0.4302930136476193
0,0.41201095059883386,0.4395910769716767
0,0.4029896110211915,0.4395910769716767
0,0.369232598060348,0.44370195131947704
0,0.38700040045947914,0.44405946877431124
1,0.7537257797191066,0.45923139676226143
0,0.3844448891861107,0.4689280461063919
0,0.45719296345687394,0.48611016533365503
0,0.41099320740148293,0.47552784491673716
0,0.3985073558248309,0.4589598203123351
0,0.5170925390877609,0.45087327565899954
0,0.39064860898862996,0.42230384346502675
0,0.37147017752007905,0.4085606691889359
0,0.3694722795209202,0.4015086989583957
0,0.39285896263560094,0.4001658364588347
0,0.49666656598675185,0.3861671311463035
0,0.442612750812043,0.3931823406314661
0,0.42691299105790464,0.38178122112789986
0,0.37204943180566147,0.38602633881319776
0,0.5045182095967019,0.3853609061072261
0,0.47009580249482896,0.3895156435659238
0,0.4209575884474733,0.3868512965134428
0,0.40795108215549325,0.3862151377811516
0,0.3831845190449358,0.3862151377811516
0,0.5097430177611489,0.3867008881073976
0,0.4349202907726435,0.3768490650734109
0,0.3983405151913249,0.377436192330438
0,0.37509887051581386,0.3766550502843331
0,0.36659761158321913,0.38048033522492797
0,0.5786913263742461,0.3796106345607241
0,0.41426763509305176,0.38163590506063383
0,0.39998800273386764,0.3904930262129306
0,0.34510422879885344,0.39724229732720256
0,0.364761823176468,0.41200584348928154
0,0.44088946877507024,0.3969900803183988
0,0.4529687370184609,0.3966992509771503
0,0.4214582499230628,0.3976161828652454
0,0.39224744764836816,0.4037381974701306
0,0.39132171419366607,0.38752998178772197
0,0.3549977389493045,0.3917252295697356
0,0.5012552330288862,0.39631240116243566
0,0.37091821333341274,0.3893563036237152
0,0.44972461341594877,0.3766806272467898
0,0.4481903123677348,0.39319408741158274
0,0.37177930075640625,0.3913947751683328
0,0.4729722355308544,0.37264998897901797
0,0.39600797253249986,0.37716853431029873
1,0.7537257797191066,0.3760003372868
0,0.43058748588205237,0.37589585452804547
0,0.3974753597452802,0.38892520279510795
0,0.39638786142533156,0.38892520279510795
0,0.4436961599623897,0.39589288768515773
0,0.35314515915941513,0.38257215161992464
0,0.41455437507019294,0.3937151142590978
0,0.40546245016069443,0.40389252086814337
0,0.43010803086633287,0.41643676742531005
0,0.3772455400131308,0.4274240205211096
0,0.4082955288074998,0.4225955035578323
0,0.39287432695379576,0.4222986817748404
0,0.3972465575299195,0.42171226589386507
0,0.3849729686784505,0.43864679956535435
0,0.4565642759795961,0.4076687477121761
0,0.38432725720087463,0.4061970841389217
0,0.39841278376112876,0.4059223497018318
0,0.5123595802659839,0.3958256416559532
0,0.3711681061232461,0.38987788334880746
0,0.3591225710227336,0.3914483723327029
0,0.48283792362094224,0.3940026223717667
0,0.4159805787793545,0.3887598650665393
0,0.3779539287767277,0.41148016580372815
0,0.39282942468181475,0.388687099401509
0,0.36960749159973083,0.3920110461182791
0,0.4296495082841453,0.3926813891432014
0,0.44301541363751534,0.41617380789202657
0,0.6318459196488708,0.41133727285290944
0,0.36798413843662553,0.38080769091586797
0,0.4036725079294227,0.3876112379098869
0,0.3451277000282556,0.3875857390228412
0,0.3532812924895466,0.3882661098236172
0,0.42478826348283427,0.3902170346422254
0,0.4457266463091684,0.38808090764574177
0,0.3602916477068735,0.3886766384875749
0,0.40025764061329816,0.38855010444409593
0,0.3859782937582154,0.38620626893092075
0,0.35397809326382135,0.38546038823220496
0,0.3966691746467438,0.3816438903025051
0,0.5064056643870886,0.3948048303927455
0,0.37072700595563246,0.3850625695885385
0,0.4371357296718815,0.3877690384490978
0,0.424474812748931,0.3916515459783992
0,0.47655741138232655,0.3844827585179304
0,0.4404553039296348,0.38687727566382435
0,0.6362441308903387,0.4132966598300503
0,0.6687307665448893,0.44601883816052823
0,0.40371537940560576,0.4324395839550256
0,0.4153322299956967,0.436453211374605
0,0.34810069703261726,0.43475075954194187
0,0.41148110335041355,0.42856489605981746
0,0.4302361450363474,0.4357207958317221
0,0.39699186832193295,0.4498090270142154
0,0.3952219454288901,0.4451861344590884
0,0.44359159882609844,0.44316114827882264
0,0.35003590477460317,0.4435212020734712
0,0.4026582993520097,0.4519167519439279
0,0.4055021624460979,0.45137195134889824
0,0.3727040310453998,0.4976875463430039
0,0.3879626524343007,0.4979677128835076
0,0.39489616405755373,0.48330631730836593
0,0.3695464322923869,0.48165504388608815
0,0.3844448891861107,0.4936193262792728
0,0.38416500175206686,0.4808887512512031
0,0.4568220977906823,0.4808887512512031
0,0.39857362296214605,0.47838405641962517
0,0.5172466316593592,0.4832949205799486
0,0.37191599150326393,0.4704401453581421
0,0.35156718830311906,0.48286149648050103
0,0.4688265043511396,0.48544359229224704
0,0.4068022302840758,0.485008241240824
0,0.4437711468332585,0.485008241240824
0,0.38633891110619056,0.484243120262694
0,0.36293814956448184,0.4925272771173281
0,0.43141848833238167,0.48639600755796075
0,0.6092496312227164,0.48756369558737833
0,0.6465676657140998,0.48062613111490504
0,0.40947596599734826,0.4906499948342968
0,0.3801037559008711,0.49735365405456766
0,0.4793282852056501,0.5060898534290057
0,0.4219869192115512,0.49826796297333387
0,0.41217886168484136,0.5065477276287162
0,0.4018639899375617,0.48991864734224894
0,0.6910746996489444,0.4965975319603754
0,0.35818296872526495,0.4976790964129002
0,0.4148386714502556,0.5131396464600146
0,0.44146845108542726,0.5242246139487167
0,0.4054889866178184,0.5309901250617715
0,0.4057411688737165,0.5163920997573703
0,0.4364645768789835,0.5153299553804566
0,0.40548209241971056,0.5153299553804566
0,0.3732581135049729,0.5160079387100849
0,0.4899626559726727,0.5189587987765475
0,0.3689931394651118,0.5136837732515172
0,0.4380148067569205,0.5145023245091176
0,0.42724158011064467,0.5148505475291343
0,0.4847467126275912,0.5314634464277641
0,0.4302305458532169,0.47268977880200613
0,0.39612617729101673,0.47330317080272916
0,0.39467961953669645,0.46270149619789314
0,0.4428330670705051,0.4590142901261992
0,0.3520516969153963,0.4659542615737618
0,0.39982973844072645,0.4665272376278328
0,0.4050992480118203,0.4730485915845053
0,0.368695563100091,0.4741897516959917
0,0.3832218429700164,0.4730485915845053
0,0.37864985861223655,0.466693586229142
0,0.3902052220822075,0.47352513174000227
0,0.4388077287907593,0.450361204501728
0,0.3548583635349259,0.445515898437109
0,0.4157707162625105,0.46589522613521706
0,0.49103790259907304,0.4727554380136325
0,0.4040296622311488,0.4741065021946562
0,0.3902203378091245,0.46737890127943926
0,0.35160089785142995,0.4727678164748599
0,0.4637811628171724,0.4726980619035184
0,0.4127498431790654,0.4726980619035184
0,0.3915378061215258,0.4684117580284855
0,0.38332429077783386,0.4731646734273094
0,0.3625829053592111,0.4731646734273094
0,0.430148458443093,0.4760330717223926
0,0.41754860341463174,0.45601655678442443
0,0.42554819154714274,0.46766681702197255
0,0.43501617026027345,0.4657693878323262
0,0.4190468659243007,0.4768664729410956
0,0.40562247626600745,0.46773851062137445
0,0.4230197700705931,0.45605015210405936
0,0.35952474319516237,0.4490960056142757
0,0.4153733750226539,0.45323495478536246
0,0.4114454685011391,0.460326947257371
0,0.4270492728050002,0.4507651423688117
0,0.4034439874347968,0.47756239792669286
0,0.3660182147736836,0.4707958777225162
0,0.4254433859493345,0.4503902722426943
0,0.3720290381840834,0.4495730379490713
0,0.4973950057847518,0.4659735237939821
0,0.37795974258828047,0.4705322280363957
0,0.45056598951578364,0.44970056323464064
0,0.4252490774999515,0.4506918348245037
0,0.47692744489715694,0.4764165016812648
0,0.4300532004865029,0.4612919944436242
0,0.479536056610678,0.4698254094093597
0,0.46975803841064095,0.46540099832228166
0,0.4607125658376124,0.4516421164011959
0,0.46421198332602615,0.44180599040666035
0,0.4629535768469183,0.4414270921201926
0,0.37407792909614795,0.45184826035317516
0,0.4635931739193656,0.44932815809991045
0,0.39386269492460274,0.44840534304500246
0,0.37270862580013425,0.45749545404161523
0,0.386963927159293,0.4563324267293347
0,0.6459323076377167,0.4571929278633716
0,0.4736734278535962,0.458490837505536
0,0.39570925571211263,0.4602362641341134
0,0.4076095128152113,0.45648898550718675
0,0.40503846538377447,0.45648898550718675
0,0.39855690336725874,0.4555383200148964
0,0.41854809178251573,0.4527253249932438
0,0.48884322520500467,0.4537683243979177
0,0.3769558008435508,0.4720346445382431
0,0.38024315156788163,0.4706531542191527
0,0.4682184074280847,0.4528419935134739
0,0.42131681069204324,0.4528969594931936
0,0.3779580993423563,0.4686569379827104
0,0.4127364280783584,0.4731437009522567
0,0.385691868042203,0.47522503238663016
0,0.4460618307577952,0.46163053720746494
0,0.42617763813743814,0.4587462042098872
0,0.5880865356573105,0.4747237573401759
0,0.3905291024429023,0.47984092469305334
0,0.42390608561886045,0.4572506353767143
0,0.41413984129539827,0.45415248849249545
0,0.39762953657353683,0.44652443829862926
0,0.4110432010677384,0.4480227867546943
0,0.3508120156322248,0.4578955544077516
0,0.4146766753895475,0.4804787275150958
0,0.411256137875722,0.4830783775526472
0,0.4406830026480832,0.4776761346015069
0,0.3517619393201007,0.467218672171482
0,0.4150512290347698,0.46782580494042403
0,0.4099117917271927,0.45659484813513634
0,0.42219421484886044,0.45320830336903395
0,0.3640268940983027,0.4484044592784343
0,0.49891303861030784,0.4599546445688732
0,0.37803694600577475,0.45350847723926074
0,0.3478590087090129,0.45803336152609303
0,0.34792646797071697,0.4457298952615993
0,0.522457021449234,0.4433711021185705
0,0.47498115766971594,0.44006771406034834
0,0.4262037467342816,0.4429708805099397
0,0.3930576210885131,0.44230856341518326
0,0.42913070684782934,0.44688062234443404
0,0.44156140615336553,0.4425824060249761
0,0.4407354096491491,0.44134891145661126
0,0.4416565611093604,0.4446834635961957
0,0.44859910409077086,0.4446834635961957
0,0.3718937544783933,0.45148941293873374
0,0.43510579569653623,0.47288189974948375
0,0.4027884074529321,0.45505599542198805
0,0.3690796807305193,0.45341151212318886
0,0.3867719786186487,0.46036996057054025
1,0.7537257797191066,0.46203529852578984
0,0.40737957962584187,0.46581911235412504
0,0.4189141074087225,0.4503681069039328
0,0.40782262119186036,0.4502699598932997
0,0.41338074148617576,0.4466820702898967
0,0.49953010709995227,0.4500823496314431
0,0.40568682992670646,0.443603301454905
0,0.38105332624120913,0.4432267005095504
0,0.37511165343370284,0.4453591177299637
0,0.49666656598675185,0.44985531544350704
0,0.4601422152090901,0.45526518492246976
0,0.4282056504254236,0.4536462732556477
0,0.3839827168250229,0.45835227130144235
0,0.47310252514770074,0.4577157513348442
0,0.42352505866852536,0.461915112234218
0,0.46142170152941747,0.454603526307624
0,0.4174741018947053,0.45576207833360255
0,0.3904317401710288,0.4550797902758658
0,0.4405581592059038,0.45788305988073946
0,0.43314058420208856,0.46441489454242896
0,0.3990054229039336,0.47661521550018554
0,0.4033930413786805,0.48055488468279395
0,0.37962105905934446,0.490221197101277
0,0.578656348518403,0.48056754950327063
0,0.42035620698436754,0.47548015930960985
0,0.3968888759259175,0.47252960348073525
0,0.34442020077100133,0.4675020209467915
0,0.4063555784229341,0.4683804463946146
0,0.38396299785154564,0.49442467521806566
0,0.45747935776182713,0.5119201403211059
0,0.4141117869610697,0.5126143077214556
0,0.4229577489982031,0.4974207804582032
0,0.3983747861467465,0.5042679153053421
0,0.35394567510790814,0.5053563323539675
0,0.5119710379975829,0.5008955701865995
0,0.38772182340485045,0.5102628901064841
0,0.4579264309414431,0.5127013711838381
0,0.4249106107239983,0.5175913898038338
0,0.471209624236262,0.49193376579960924
0,0.4092236556494451,0.4703043774568181
0,0.4179044228793475,0.47433099505513965
0,0.4338991480535536,0.4747617521372337
0,0.4008447008651323,0.47823453252423254
0,0.39670822016586055,0.4823093372055316
0,0.443394286806529,0.4789901470954315
0,0.3893871127744739,0.43118679560691575
0,0.4129130717130073,0.4431586812043513
0,0.4004283220407157,0.4462293481494187
0,0.41557695299661324,0.4430158244845045
0,0.36572468869891567,0.4515444038450434
0,0.40775793452546416,0.44721293777593124
0,0.39090500964706193,0.4495685851284193
0,0.4057491393846958,0.45771655265493877
0,0.423131865169502,0.45661503607768544
0,0.4331578915535016,0.4315930887759023
0,0.3548583635349259,0.44584224517021115
0,0.40424376682536417,0.44456075448397026
0,0.5241834127453278,0.4408759057041071
0,0.37150304249516247,0.4252945772725345
0,0.367324370191452,0.4393737743950643
0,0.3641260588060991,0.4393737743950643
0,0.4472417547924193,0.45719388801071575
0,0.41018116646122993,0.4744861473533852
0,0.394308106916734,0.43927283750454554
0,0.4068949448236505,0.4311087775151246
0,0.3702027784342705,0.45131294320428583
0,0.42295228834677123,0.4654067447888083
0,0.4549935836132866,0.453119600345003
0,0.4132122610820177,0.4231987690566981
0,0.3991557860727231,0.42850534858195666
1,0.7537257797191066,0.42688997495812664
0,0.388923395869953,0.4251111885445808
0,0.39968490068114526,0.423196896830192
0,0.43439705008792484,0.4308589389640759
0,0.46105766740520016,0.41365323776908136
0,0.399365550924317,0.40798918048140126
0,0.3880373198125709,0.4136586408275114
0,0.4076000964403679,0.4047911332750426
0,0.35830325005757185,0.39895378699697986
0,0.5185441739868766,0.41258230773245236
0,0.3754435394880297,0.4153661025850912
0,0.4348113031721954,0.4222089633995139
0,0.42135753080809235,0.38339658738609195
0,0.40581102669657004,0.3697967068328131
0,0.40616367398124,0.36838425894400634
0,0.3472541153683987,0.37314031739666054
0,0.4113294509813822,0.3726452682197663
0,0.4623315580363768,0.37728372664315124
0,0.4648752682590159,0.37524523087220113
0,0.4628820354978658,0.3790655502894069
0,0.46323780901150563,0.38834716061402946
0,0.38987947153379937,0.3863302259276315
0,0.4742404808000042,0.3930586006532037
0,0.41077545322439807,0.39218936276994215
0,0.3705590454462514,0.40027340045475585
0,0.40798727625399644,0.4044132067407334
0,0.6878820648861185,0.43099889920174544
0,0.397237674635982,0.4194292772894301
0,0.399593545285457,0.41808937505713384
0,0.3705169418521358,0.41837234432254616
0,0.4047594988254028,0.41133547808141013
0,0.4950048961049885,0.40486938779484305
0,0.5071883392060431,0.4045561631064515
0,0.3789441399279758,0.40353075565387875
0,0.35656296024863027,0.4101361110488913
0,0.4375611475705047,0.4056368225240152
0,0.4032944307334173,0.41033253410322684
0,0.4044693628168776,0.40333133624437956
0,0.40648404104918595,0.40329475539672777
0,0.3573107311032702,0.40810698815506385
0,0.4293902169827191,0.4047735669089399
0,0.600909581365349,0.41381421770351906
0,0.4475345358778343,0.4103857713535926
0,0.5077041712670483,0.41357676184722475
0,0.45758295550670797,0.4250132546932973
0,0.4510703354978888,0.433761363905478
0,0.40000223011379143,0.42973197098564203
0,0.4544231207865777,0.4411641640073143
0,0.38469449375814474,0.4458744373863048
0,0.40411995997822386,0.45197966270429557
0,0.3847967745681978,0.4434121645077856
0,0.40506462301556473,0.45261641112530066
0,0.37692058192227773,0.4434919985448128
0,0.4396418459717969,0.4349189893802901
0,0.3538918599671932,0.44088282556196867
0,0.3961931610049235,0.4383055379489562
0,0.36916587548140384,0.4298985411469294
0,0.4355729208452887,0.42790929248205434
0,0.38024219844158225,0.4518780448784339
0,0.508417670883152,0.43127615929327767
0,0.37752629741619276,0.43127615929327767
0,0.43354022962734,0.44729120463780947
0,0.41698665272298097,0.4455857175804915
0,0.42430325774602407,0.432958776906326
0,0.45395764788240794,0.40714861317875406
0,0.4724869864881891,0.4160911954269707
0,0.4874585200576757,0.41460113634548623
0,0.4320444828180515,0.4232058034691021
0,0.39485531308082317,0.411877310553367
0,0.4512833336350318,0.4114919739481768
0,0.40773741109656786,0.40517847002984686
0,0.3735945986610732,0.4088432708698387
0,0.4101429199120622,0.4081610352680569
0,0.39283945366008727,0.40346513406181195
0,0.40332434705278647,0.40593279456725306
0,0.41712023249747643,0.3889641496406439
0,0.3655080683886402,0.38894566678051573
0,0.43026919860522855,0.39402023014201504
0,0.4992670492168343,0.39742048736710756
0,0.4080919480754905,0.39503909839802376
0,0.3606475300368668,0.364788778355416
0,0.42825267371321335,0.36682676587317836
0,0.39872886512636274,0.3666843959244978
0,0.39622284799410445,0.3666797870576431
0,0.40729975642028365,0.35908896503221277
0,0.3621414841568436,0.3652399509747863
0,0.4158346823569126,0.36592215717123944
0,0.43753859917712873,0.36803393616612584
0,0.42286734927522557,0.36477479535389523
0,0.413956528301057,0.3573875555132737
0,0.4008274438911515,0.3624424897783139
0,0.4021575618498572,0.3624101298273821
0,0.41573208307325155,0.3707392536969534
0,0.36200680520088424,0.3752386481815136
0,0.4001822342633599,0.370674200292195
0,0.5714113437185321,0.38045974159117585
0,0.3980888833071369,0.38829022391743095
0,0.424522906960346,0.3818357050139443
0,0.4103236675075631,0.3782673054236007
0,0.440131075926176,0.3809405107251715
0,0.37427821587482635,0.3777798057243931
0,0.49017025343627846,0.3753122927619472
0,0.39284076429671133,0.36942108396285295
0,0.4483796253672616,0.3699894385566357
0,0.4186495741629789,0.3863928719842615
0,0.4765917133578952,0.3881268339720832
0,0.4297122022511285,0.38475697250849794
0,0.47873582363317163,0.3971991632157981
0,0.45949631908686683,0.3979737935231092
0,0.4646690369373985,0.402274854427809
0,0.4613707045794545,0.40310780907666877
0,0.4380060396429442,0.4125979953871317
0,0.4111462479964339,0.4076764922176446
0,0.459955838286566,0.4172765541579261
0,0.40498146531335616,0.40409634353172497
0,0.3784355760893494,0.4212914052720479
0,0.3818108495268932,0.41913935182985584
0,0.42369759095888443,0.4125131090751437
0,0.3985886839889909,0.4449126068665271
0,0.40447344241481714,0.44313575808592226
0,0.40180937861234556,0.4419030851469487
0,0.35109998417792265,0.4619274171875475
0,0.41881281366801426,0.44497219087064216
0,0.487275931525398,0.43678399178721133
0,0.3779115020321024,0.42662650075755104
0,0.36509311943764383,0.4293652457165959
0,0.3803647590487522,0.4214913053186297
0,0.4288099903033086,0.43581508542973924
0,0.4047064163709267,0.4265813611140606
0,0.3836674261506073,0.4257161684880022
0,0.4329684421199455,0.4133556406666093
0,0.3621414841568436,0.42285361357630136
0,0.441570069584654,0.41785447301918116
0,0.421636130755443,0.414058155574312
0,0.5592980870458857,0.41863552558521394
0,0.40955026451709164,0.40910213264965545
0,0.4003569794078604,0.4224766832523159
0,0.39531292306919774,0.4081763364555292
0,0.35672262351098905,0.41372607096063224
0,0.3958036693839588,0.4301400745915742
0,0.44779417857913856,0.41893803475650226
0,0.3781514364555873,0.4109873209432851
0,0.4368997524367277,0.41010942178996673
0,0.3980499578917428,0.440734325506992
0,0.41308376662996293,0.4335353151950371
0,0.4505191748716218,0.40906787312798226
0,0.3671382938060612,0.40982442180722756
0,0.4951004320820396,0.4069094644795924
0,0.38019600922400554,0.4147219176163333
0,0.3710149862056514,0.40949467922123756
0,0.3515806523354185,0.4100866253940907
0,0.5071415391758748,0.41148890937720783
0,0.4502012408824858,0.42413752687206374
0,0.41495769694404544,0.4228024910137242
0,0.410907853085296,0.4120923903040387
0,0.42666061594815136,0.40367118616681774
0,0.48263904973403315,0.408421990103327
0,0.4439508620016796,0.4116061016006403
0,0.44292170725411745,0.4341860350198737
0,0.4471965929143142,0.43530104895596583
0,0.41898725530231606,0.42896396557676486
0,0.4092018821884783,0.42620437163554403
0,0.42940229711820066,0.4540018647031508
0,0.40903325902628257,0.43785623759002473
0,0.3706575933201082,0.44156551417508455
0,0.3806504685322687,0.45005749249523874
0,0.39182211499593345,0.46536860243485745
1,0.7537257797191066,0.4737488534791885
0,0.41707201354992085,0.4544941121281259
0,0.41279609266906336,0.44228992525732314
0,0.44608578513266267,0.45703939486930617
0,0.4956343436749524,0.44362864726862283
0,0.39708265529061926,0.4151965843625995
0,0.37480486642161404,0.4119478516433388
0,0.3707124426907184,0.4105379283870247
0,0.49666656598675185,0.4106266047977814
0,0.44682116203079775,0.39952493044654575
0,0.4538087087332991,0.4090086965815736
0,0.38563693114317854,0.4083345623902054
0,0.43826598414740775,0.41148667940207645
0,0.4150391903515787,0.40229288480090425
0,0.45809397257023815,0.40553808604818037
0,0.43452434280472346,0.40383191567769877
0,0.3793336532522966,0.4052595411846929
0,0.4301342606620407,0.3993634264687635
0,0.4321923810062537,0.40621960651236516
0,0.3985780494801704,0.40520147714664284
0,0.46498022208774437,0.4114859814981961
0,0.39130003632560945,0.4038054155596259
0,0.3720703649025685,0.41556096182332386
0,0.5864891584967757,0.4206240932970742
0,0.4175719660264466,0.4201598374833345
0,0.40029032724428565,0.4253635896244617
0,0.3459670643181136,0.4314119334752999
0,0.3940291406105197,0.4356662318519419
0,0.458127505645556,0.43588244134667214
0,0.35264721238357655,0.43106860773149397
0,0.4000376180990616,0.4291322261481851
0,0.41862329160681355,0.42397081535913783
0,0.44780198985029585,0.41959550396169665
0,0.3528218486014365,0.4372108702939735
0,0.5062776851830567,0.4283459216835536
0,0.3735086678551647,0.42086902755039557
0,0.44727528294583446,0.4259046977491126
0,0.41868475916101167,0.4441285460021628
0,0.46492790238382353,0.4081002246427828
0,0.4346910753617632,0.408487083244709
0,0.40142133282821385,0.4182456363823688
0,0.4003118050512797,0.4175080502868247
0,0.4101373990466919,0.41187015467665533
0,0.3504154061957589,0.4144057066854476
0,0.40876537532256213,0.42276211269284913
0,0.40565431111087497,0.41659646466160527
0,0.42321537666614867,0.43552042892253606
0,0.37024184441068225,0.45352172892323905
0,0.40854110134800015,0.45571513044216794
0,0.4188675002328016,0.44317492492231086
0,0.40644702946616024,0.4392758592003254
0,0.3818376333713943,0.43688887992801045
0,0.42611980900782487,0.4344191838922076
0,0.37068751646882986,0.4278261833016007
0,0.451468017281031,0.4227363851926491
0,0.5152189036037428,0.42419213785072896
0,0.3743319260325631,0.4175068798846188
0,0.361002545528792,0.414161625299364
0,0.42474555370064504,0.41410074306756484
0,0.40650187911423,0.41576241260811553
0,0.38031957360082225,0.4154393045908493
0,0.4139549110938603,0.4085504306515209
0,0.3683585432883768,0.4085504306515209
0,0.4190938039149023,0.41559415415298145
0,0.49023231012897817,0.42578333024513465
0,0.4500142263665136,0.42041300179393865
0,0.4953904311641749,0.42647245527764494
0,0.41122927974518286,0.41026614089819546
0,0.403975509367953,0.40782257832370805
0,0.36654220111437485,0.40960463538692127
0,0.39553187285321073,0.41362286577852825
0,0.42917935340283375,0.41249756969419615
0,0.409647616357759,0.40520744829654953
0,0.3888496759842769,0.39322458572611074
0,0.4628502719315304,0.40624667699467676
0,0.3788611506113158,0.405006442334521
0,0.4992467436086052,0.39497276950090987
0,0.38643599967476555,0.38033101493039123
0,0.4924648749182453,0.3995707950161926
0,0.47355807182288534,0.40847015233337425
0,0.4357543704705321,0.4007377592931419
0,0.4762280571794617,0.3933017660560599
0,0.4305482037751331,0.3964323143312853
0,0.3959267656257286,0.38314385424278913
0,0.40053691216166154,0.38361801920392363
0,0.3472874113634961,0.3804707820240452
0,0.38100777522785595,0.3823142315094125
0,0.438909058996164,0.3896707935767593
0,0.4040034073973434,0.3920457835652966
0,0.4000552435762399,0.3935664674775093
0,0.4116969594162891,0.39642410406929246
0,0.39457747020937134,0.3910191801147384
0,0.45393151808489374,0.392911736030752
0,0.4040044233364918,0.39644825420023133
0,0.40772295191646407,0.39263870314261695
0,0.38049856527232645,0.39552045421793985
0,0.4478576874144559,0.4039197462845538
0,0.6679746126729694,0.4402195074198134
0,0.37799701491970505,0.4353318380511182
0,0.3812708290983416,0.4351859844910676
0,0.35377036043440796,0.43597630250619834
0,0.42547997178312597,0.4357484960761236
0,0.4577123636254314,0.433619158166636
0,0.5025366354124715,0.43347249258183235
0,0.4077088636710485,0.43142895949886656
0,0.37474651391482905,0.4317187470831295
0,0.3512252105200196,0.43208997292696216
0,0.40600786383115733,0.44743453917287196
0,0.41806774043489714,0.44295059060154046
0,0.38382559727748217,0.42982944019128233
0,0.4051061804519253,0.43173839917308415
0,0.3583795841879956,0.4345584028623252
1,0.7537257797191066,0.45420783573168183
0,0.43226704159980833,0.43541824202372026
0,0.5508340509720421,0.4387022279139742
0,0.41080549323158855,0.44347634276478715
0,0.49177758711083547,0.4680871239466403
0,0.39334297425682496,0.4516104442183132
0,0.41864495360046966,0.463666511726812
0,0.4346328467331417,0.4669993781221857
0,0.40031943452165747,0.44921431946811924
0,0.38802381038736905,0.4476272483340164
0,0.39465720579976277,0.4480568532060667
0,0.4862155592275029,0.4411620870898236
0,0.41881574384608916,0.44334599534154484
0,0.3961163764456136,0.44112634900362957
0,0.4146785142974635,0.4389500641729709
0,0.4490972411545853,0.44205813010508027
0,0.3958217337020134,0.4402371528094222
0,0.5040730118328581,0.4239362317524495
0,0.3844827263469084,0.4239362317524495
0,0.44078728135015516,0.4379697420588939
0,0.42711781538115057,0.42944800505508757
0,0.43937210983672975,0.3600323488552734
0,0.4058634587609437,0.36666485199794946
0,0.4229569261476447,0.3680162277913417
0,0.438899415557224,0.3663129105053765
0,0.42702628699564477,0.37518045933445926
0,0.4091659903183956,0.3761883246148891
0,0.40738891203349725,0.3676022443461965
0,0.38124988781997354,0.3861262682079684
0,0.41691284173712173,0.38804066968150414
0,0.37832790661689775,0.3748736080026971
0,0.3692085860553531,0.3856780261980773
0,0.4219390028552206,0.37008855761464127
0,0.36601149881797806,0.3692438875669591
0,0.46825630559563425,0.36552181787692856
0,0.5029035425712491,0.37539599832605713
0,0.3725789218190015,0.3616302804045195
0,0.3504598166122336,0.36209101364432783
0,0.40331039296053833,0.36987779664465587
0,0.4126899282115359,0.36978434941470717
0,0.4460804581198089,0.3699617212681679
0,0.40729369783779107,0.3589040982778111
0,0.3587826481613767,0.37187947105109165
0,0.4289967320666409,0.37422131549593973
0,0.42348560850563577,0.3732111200116958
0,0.4560179745281615,0.3604356152236824
0,0.39044740674379697,0.35598216235944513
0,0.41147785693955247,0.363240998964231
0,0.4012369420703297,0.36057298356768114
0,0.4088649137609387,0.3599504187623735
0,0.36321289681664626,0.36470410885314564
0,0.393956392377255,0.36812346820366154
0,0.49376025109254174,0.36535551234131153
0,0.3579462188567035,0.3725285317367499
0,0.4595348542839086,0.3725285317367499
0,0.40483117987606854,0.3687311616764694
0,0.4085559905670251,0.3600973388484309
0,0.4784929557376787,0.3621993451552364
0,0.37027541186106466,0.3617393475760169
0,0.5029974405154113,0.3743458820872202
0,0.3905079809962224,0.3783688530001255
0,0.4435175099101536,0.3649038359841981
0,0.4147729651913173,0.36043524017518547
0,0.481739285015776,0.3708437226349562
0,0.4302108419798392,0.35749289581877314
0,0.4805452485419904,0.36213513894351324
0,0.47146495110011244,0.3678703299367808
0,0.49136938025961197,0.3693854007835079
0,0.4932030180026838,0.3703547437886848
0,0.46554583460612226,0.38204914419891006
0,0.4081026017070138,0.3833076696372654
0,0.4974535079547697,0.3843989246938531
0,0.40151105040652085,0.37475169814893444
0,0.39351667738205287,0.3785973735636246
0,0.3860269949808269,0.3886501710314289
0,0.4232028217307793,0.3970572896006198
0,0.3898930057133971,0.4131151228983933
0,0.39950283468984216,0.4013258408584555
0,0.40538210134394076,0.3966334708808202
0,0.3774460159066179,0.3946973628905429
0,0.4684465676121537,0.3841139441221216
0,0.5165570233923399,0.3754359324271642
0,0.3755291614045103,0.37293482671833084
0,0.37920393016728215,0.37396507729668826
0,0.47718987358464227,0.37834070938687114
0,0.4186304134397981,0.3697672499364512
0,0.39356226890740903,0.3675476499312141
0,0.44451148327177575,0.3694418500352397
0,0.37442367372934576,0.3747627483354294
0,0.43841072801634484,0.36401593588475445
0,0.45577567814848574,0.36100522324165785
0,0.5601574720419803,0.36105780861160225
0,0.41088277680708946,0.36050679833715943
0,0.4015672957438196,0.3602529444280167
0,0.39559049201815255,0.3590838125782065
0,0.3523101293899118,0.36431509725546724
0,0.3979457957928752,0.3871119390161212
0,0.45602491772610054,0.37631827180357086
0,0.46163961441294843,0.377447067546455
0,0.4925163774979935,0.3968081822332704
0,0.4004436930112409,0.43334731030483686
0,0.4832408782062601,0.402512471875586
0,0.3622499737251843,0.3770496709546797
0,0.5133909512246922,0.3785699794184995
0,0.3744217437814071,0.3962020989355272
0,0.3571965152726276,0.4179615361489604
0,0.38587854245192876,0.4199224635352644
0,0.5165919392363271,0.41981561293359
0,0.49067906562903335,0.43317081201575636
0,0.47492716825010856,0.42801424096535606
0,0.42063910717821373,0.4266182709645523
0,0.42656289481707854,0.42255211155487477
0,0.4509059165736781,0.45721886504509257
0,0.44285795007460854,0.446182197200302
0,0.46759816172949537,0.4296689439321149
0,0.45010471463896995,0.4218586174709291
0,0.38560898333529336,0.4194882860106373
0,0.44388715756612523,0.4284814209229088
0,0.406968104371921,0.42572541806054726
0,0.3904658500992311,0.43059836386808414
0,0.38308148162257005,0.43466884614768414
1,0.7537257797191066,0.4427175368138599
0,0.3789453249687907,0.4403729946316254
0,0.41730218908216593,0.45365331217635146
0,0.40832899595462757,0.4473978853005609
0,0.45549675205474205,0.43395898279402034
0,0.5226195221499638,0.42512285941899813
0,0.4006723258778158,0.41679229636528003
0,0.3659878081320873,0.4111050683098704
0,0.36823016259361163,0.406965496587333
0,0.3747529334997075,0.406545143088093
0,0.4968782468761628,0.401636279941826
0,0.4587528640585437,0.401001113054411
0,0.4310008104905778,0.3994433115037116
0,0.378879885189047,0.39872455046334465
0,0.4616480302264047,0.35679354851251444
0,0.47371892354003203,0.35827949457442587
0,0.4182999536009116,0.37668584508447883
0,0.44268209694164795,0.3774133696715941
0,0.3872305166140058,0.37657630444750856
0,0.5145062121665969,0.375674801762074
0,0.4405675737458824,0.3680188729136476
0,0.3983023245071625,0.36592002763677894
0,0.39453429131093287,0.3681973237129313
0,0.36536145044990576,0.36899466247478596
0,0.5928161754287716,0.3676308861165401
0,0.39468940018517107,0.36822543391753815
1,0.7642528072257125,0.3718643536840264
0,0.3991643115427439,0.3702397118325386
0,0.658688934040192,0.3841604266500895
0,0.35310651962691175,0.3869317668083764
0,0.39445303127890746,0.39252862720831255
0,0.46172846225595077,0.395597441435671
0,0.4648550920144236,0.3920266168077093
0,0.42322737998600596,0.38796048911963715
0,0.3939944272041046,0.37723332519244623
0,0.4673831792176821,0.38519720189523493
0,0.36339560251447267,0.41267240010626827
0,0.49643033997016267,0.40775228488903037
0,0.3664093273956035,0.38167663977911187
0,0.4813575926365312,0.38499830081091213
0,0.46198465160611746,0.40813659930180995
0,0.4578081765597556,0.3818435480128162
0,0.40575611771117365,0.37834204806120014
0,0.439404349869894,0.38345439445546675
0,0.4172400219625221,0.3883025775058006
0,0.42565149915928857,0.38550909180594034
0,0.43858994889434066,0.3839514757730934
0,0.387417483451281,0.39422571130669926
0,0.45107388324595765,0.3919340061177073
0,0.40664949206050977,0.37740366600674313
0,0.41242298190822846,0.3958976509006512
0,0.38870035761189276,0.4328196718004828
0,0.40775793452546416,0.42974170632662834
0,0.38619227947318885,0.43527521405526637
0,0.4044346842388274,0.4410733832191665
0,0.3697514198630444,0.44540343433728374
0,0.4184615372473574,0.4203517173680084
0,0.3666934722480807,0.4203105732261683
0,0.4654852458829643,0.4421756616361758
0,0.5133307877087893,0.44234129943185624
0,0.3636085360457923,0.4180669102606574
0,0.35836181477586476,0.42954291500887615
0,0.44736689739033936,0.43558947827550737
0,0.4130100366084809,0.43028898483048444
0,0.4034709275872017,0.4307011957182206
0,0.4274490200164288,0.41818862272612844
0,0.36956930682992173,0.424756453636807
0,0.4525389605648952,0.43201109519678826
0,0.46271323460125025,0.4340458252511253
0,0.4613553653343867,0.41208005090481287
0,0.434906900250835,0.3893024813771462
0,0.4024217927448146,0.39106527428086046
0,0.34951420515823967,0.3955110927894593
0,0.4192979907810929,0.38443787721110056
0,0.4734603475115528,0.38961053083658526
0,0.36520015759328983,0.38258565600343875
0,0.48546672408618596,0.3815751563855744
0,0.41160783948093277,0.3883588686663748
0,0.40298159895795893,0.3903864265160753
0,0.47137990585189626,0.38396200738369307
0,0.357199373205844,0.3758448077570672
0,0.504551796485182,0.3888498685084767
0,0.3654289832812978,0.38708510111571004
0,0.47256982879923753,0.3784918673634255
0,0.44456952057675353,0.38746892943349776
0,0.3959830250138777,0.3980018859668441
0,0.4201271294253944,0.38201265211193747
0,0.3688378118068929,0.3735496889755561
0,0.3996923043556358,0.3721627018085295
0,0.42524835953838164,0.3741231535555702
0,0.3800566525277292,0.3707446110437644
0,0.3515046319715148,0.37057580142409646
0,0.4507966761327526,0.37152159148945757
0,0.41877471731024296,0.376892114246548
0,0.41537184225097123,0.37737190615203847
0,0.42657665994971017,0.3763770700421394
0,0.35730100401028114,0.3772029691828096
0,0.4517306413129633,0.3838202267950055
0,0.4068375938809855,0.3796422215225281
0,0.3867491796840092,0.38702954251112553
0,0.3962968903694791,0.42959737106914686
0,0.6588005131569714,0.4211180576691405
0,0.5687515070044912,0.42458396868297094
0,0.378051088153361,0.423034396662894
0,0.3687502480606449,0.4370942205801755
0,0.3661578856319191,0.42240280765554095
0,0.4314156295671827,0.42240280765554095
0,0.47730452829198666,0.4177184306731195
0,0.5059316374410774,0.428856368823213
0,0.36106014540902137,0.4139541669382623
0,0.3483569095773576,0.42899873257508564
0,0.43359792290829735,0.42713129543336553
0,0.4129206196396979,0.425995843431415
0,0.3961697358204583,0.41336099154944567
0,0.41355557186702313,0.4315771840622742
0,0.35750102984400434,0.4309703550723882
0,0.45244716396170076,0.42792938410365494
0,0.5454205129558967,0.4221143014620764
0,0.48990157865886796,0.4292743942402929
0,0.47854971462906115,0.4558676864940731
0,0.43974497566791443,0.4544477802780044
0,0.37161143774652294,0.4425252673138884
0,0.49456913416767057,0.4539807955171387
0,0.4136486358088582,0.4672591557887618
0,0.4024217927448146,0.4500836919392484
0,0.36382943550374197,0.4374416449180481
0,0.3766252613438826,0.4418193517766546
0,0.45197183737010593,0.45035921370757837
0,0.49076442185775293,0.457962755675123
0,0.42137009596121616,0.45257015131090617
0,0.4221059894679615,0.44066662794617373
0,0.4005736546336194,0.46080042358516665
0,0.47261419309193153,0.4572293910129243
0,0.37644399270051754,0.45365096499208574
0,0.5073952802213081,0.44100431217529423
0,0.3812796221661156,0.46070254005245975
0,0.4714210834482973,0.45338802456993565
0,0.44350472224972126,0.45450521859526666
0,0.45180747933119136,0.4536052557813509
0,0.45390480430625657,0.41994790586970315
0,0.4207777805338246,0.4200757241436632
0,0.42040388546943325,0.4250105360595465
0,0.42577739544302134,0.41606010364263313
0,0.3746914278253198,0.4132361630687433
0,0.45584150308555327,0.4079100901399929
0,0.408587845017461,0.3997333505311121
0,0.40367697873882435,0.3997333505311121
0,0.41823418649783384,0.4178767581181243
0,0.4021667981657179,0.397786931522699
0,0.3768546515621098,0.397786931522699
0,0.4263245216810005,0.39069254985741647
0,0.3584121296601793,0.3958907325740257
0,0.48616415463151363,0.3935381103960058
0,0.5181383992136593,0.3935331403568449
0,0.39524671054227234,0.41560899273181573
0,0.3679267203332848,0.39400060056560504
0,0.3498161269836017,0.39400060056560504
0,0.43459975851293886,0.392909139608823
0,0.4166222297262838,0.41474415273046816
0,0.4638054727293312,0.39400060056560504
0,0.41677246610586094,0.3921467626443486
0,0.3591983206923768,0.3928407144383398
0,0.4516911111783887,0.39166589427954024
0,0.43621050637060077,0.3984579173454119
0,0.4483363192365487,0.3966426572033734
0,0.3849445284312148,0.4067372065002859
0,0.37549497267567594,0.40682230637738115
0,0.39762967789004566,0.40538215478160716
0,0.4324190760016452,0.392918277645788
0,0.3602266063632097,0.39822011127767315
0,0.3815117291353824,0.40251346967359003
0,0.41602352774214324,0.3954465342693661
0,0.45442075958211686,0.3976105413458259
0,0.43738218227196346,0.3940685613074705
0,0.49411729601298654,0.39564480842805716
0,0.37530516178673684,0.39968282315308507
0,0.5022200913722291,0.3973334705167502
0,0.36966595729582935,0.3973334705167502
0,0.5193597610083158,0.3947645318803716
0,0.441175702531187,0.3971475219570636
0,0.48385211146549106,0.402137993266216
0,0.4300512472705547,0.40447177979811144
0,0.4507966761327526,0.4086899499211816
0,0.42032168389825725,0.4117285925550247
0,0.48661964845087347,0.41404887582690836
0,0.4173933137901474,0.4068653913477604
0,0.42574352419986067,0.40296048316916405
0,0.3785201229452215,0.401970226792737
0,0.44510040056868927,0.4127198734838891
0,0.40771582482584584,0.39986021109148373
0,0.391197504517151,0.41501451847810156
0,0.3896078822675201,0.4473022878278219
0,0.39849305690918224,0.43983290231974
0,0.3907461275269259,0.43774934331654136
0,0.3752265151398407,0.43774934331654136
0,0.4191995263098817,0.4289736085886991
0,0.37198895691153055,0.42354935234821656
0,0.4855608029595374,0.4245934700485314
0,0.523690844375168,0.4185236014103477
0,0.379602376570822,0.4204118702374244
0,0.36256603177981395,0.40863168667853084
0,0.4355041556763146,0.4266262242081112
0,0.41216671786497183,0.4228674701512949
0,0.39402901731584894,0.4226399091338217
0,0.4300253069632807,0.407303831410415
0,0.36464224644179066,0.4126932228193845
0,0.42806024698360023,0.4496130957893844
0,0.43172554964339027,0.44443520080843407
0,0.5666158218303528,0.43849834347977695
0,0.37815225325414503,0.42519896651526135
0,0.40443352802906485,0.41886826133933747
0,0.3686625364327466,0.41429662552709695
0,0.35460490583368154,0.4192068473275417
0,0.37789188358411685,0.428599156185798
0,0.4359018187016686,0.4261631581311733
0,0.45139715722221946,0.4206143633972907
0,0.4816698555905398,0.41910576563036667
0,0.3452351200817459,0.4255927896982656
0,0.405753379546467,0.42443742089933706
0,0.4729026978815998,0.4167899869759874
0,0.3667074959289166,0.4157496412349074
0,0.4630576484412878,0.4188007171756837
0,0.3653754645016887,0.426380385856473
0,0.36268443961651425,0.4196155797814837
0,0.3555169115606447,0.4182437792888911
0,0.3421967564357948,0.42189296611672344
0,0.5224885297603484,0.4169978604676152
0,0.5237431690314205,0.4196317011813219
0,0.41036353735715,0.40504855278612967
0,0.4198771023501713,0.39567115648037315
0,0.6282551702580745,0.420657677694548
0,0.4251039335816481,0.41256719421425175
0,0.4514199719318794,0.4084839120462895
0,0.417563799401551,0.42581561938392093
0,0.4159694406284805,0.41755003858832884
0,0.42370469535532945,0.4163959740640889
0,0.3775949216987637,0.4175878903097653
0,0.41056028920994,0.4262078762802251
0,0.40661375775491543,0.4208685949893193
0,0.39092433817832833,0.4215810822228702
0,0.3901755107780591,0.43189404976676904
0,0.37509961334150804,0.43351572521572734
1,0.7642528072257125,0.42469481938137743
0,0.43337514407141364,0.4214707436378066
0,0.41042616188911263,0.4060095815651009
0,0.47465202659871353,0.40179879280817493
0,0.4732915943573069,0.39962736250408865
0,0.36803210114169116,0.3957580891234546
0,0.3638432536471583,0.3948869223561981
0,0.3682751281309955,0.3922084617193585
0,0.4967864152352556,0.39390111364900293
0,0.45279856049991557,0.3986974701371576
0,0.4329139016049833,0.39519316874604354
0,0.37173608457158513,0.39509430165502957
0,0.45416599948589664,0.39519316874604354
0,0.4273784096944279,0.40156652817452293
0,0.3959343773216971,0.3993106698739572
0,0.4334966722689146,0.3996809192352081
0,0.37920054137861037,0.39575922221432075
0,0.44907150510558524,0.39896731466556995
0,0.43426112507203185,0.40076977653736623
0,0.3983405151913249,0.4047914860662916
0,0.37651454611883045,0.41628111271944884
0,0.3860610469216012,0.4214240710100561
0,0.5869215786211298,0.4441091080121963
0,0.4185050068465698,0.4366370248884398
0,0.40250288928588207,0.44425792243790047
0,0.34498379451217365,0.44837944059753804
0,0.38040167790430474,0.4439283811500736
0,0.4956617654560792,0.45079468185247656
0,0.4191692385533439,0.4342164615522801
0,0.3927672110201557,0.44200741822963874
0,0.4840213090849211,0.45329304978897506
0,0.34830821109349275,0.44560644546292866
0,0.4550244267437247,0.428266313698177
0,0.36807440155044274,0.43499624106874313
0,0.5282421143547628,0.44484016231470364
0,0.4214731422263774,0.4434727435947751
0,0.46471789941814245,0.4234484926767976
0,0.4103221516283542,0.42604100440972537
0,0.48762721794931857,0.4299321740062955
0,0.4146264164690326,0.4269467521361055
0,0.40915906192445545,0.43083758745266787
0,0.41608124176578587,0.4292340309717878
0,0.3584606369522779,0.4366284640646969
0,0.4111960254988657,0.430738134796455
0,0.4067623590329867,0.43257530313572257
0,0.46835752787734497,0.43053231134762826
0,0.3895805431331925,0.4221860530255283
0,0.40775793452546416,0.443462234116692
0,0.3936945990740651,0.4664322625383376
0,0.3759476446961663,0.4667934553437431
0,0.41131621725676565,0.45683276982771226
0,0.39641365951970337,0.4506553336468063
0,0.3526909985388789,0.44710000223018176
0,0.48950783558391175,0.4402699085787908
0,0.44885571427159077,0.438602716147315
1,0.7642528072257125,0.4409920722191729
0,0.3674913665988343,0.4409920722191729
0,0.36687936678744626,0.44248143807658125
0,0.3591053278096754,0.4457675955506157
0,0.42857329537279604,0.4506202725602876
0,0.40727090641835817,0.4459675564838466
0,0.45711124862498453,0.43648871748359463
0,0.41652442236743575,0.4383169655939804
0,0.3617592179295813,0.4376657340888429
0,0.44831628883632796,0.4365007061457822
0,0.4921529334899256,0.4395349540703013
0,0.38643150562246326,0.42552446538838423
0,0.41327304991930164,0.4232255898343978
0,0.3475046097059347,0.4346043846271117
0,0.3637947516337319,0.4336005727070216
0,0.39983344972411455,0.4147322825084987
0,0.45383181388575317,0.4137899607331088
0,0.4157527849627883,0.4124973984009953
0,0.39114329026371697,0.4246004677734509
0,0.3951432874134075,0.41511119450866624
0,0.5105383455799362,0.4035523635112461
0,0.3473192531522036,0.4011662655090492
0,0.4473961206739554,0.4132734189691603
0,0.37162549961986235,0.40379382781700146
0,0.5078919083495352,0.40903789358761716
0,0.41667494611137157,0.41254821025271726
0,0.6410908517485245,0.4261240249748699
0,0.48090071862529754,0.4237321598667986
0,0.36651353067172926,0.4222796324919731
0,0.39153292124501693,0.4320919043114755
0,0.3664903430882424,0.42245601675776007
0,0.372367794864824,0.4081704028241726
0,0.40232121777730695,0.4191280865356956
0,0.48862770176937914,0.4232107110390955
0,0.4180759553694787,0.421682191636702
0,0.4127051901463407,0.42271749257867214
0,0.41608292804301794,0.42034544748316677
0,0.39276810147510416,0.4263652846209234
0,0.4155414391163683,0.4375741847239183
0,0.40844172503222625,0.4263652846209234
0,0.39676050491407727,0.43369888001097756
0,0.38982363695762406,0.4453958954370054
0,0.4036966328917755,0.5039958274448183
0,0.6800686176554266,0.4939685309294964
0,0.41151937800907823,0.49442561512466776
0,0.42124961303747605,0.49135740260663335
0,0.3675072098747725,0.49592556076380845
0,0.42899064360811995,0.4820326322261085
0,0.4686555494994965,0.4820326322261085
0,0.47592510088508483,0.48052334424475796
0,0.36698927360149075,0.4774483199743389
0,0.3513842507357784,0.4751721443219523
0,0.41664417877798543,0.4881013344158339
0,0.39041376926169324,0.4843554961609573
0,0.40237154346146586,0.4740754593233346
0,0.4081337132590246,0.472731528460547
0,0.3536951886051024,0.4809197704474105
0,0.4167153241454771,0.49036915291416894
0,0.5515631871731249,0.47681606717355335
0,0.5657585416222879,0.480531146456988
0,0.4897541453271874,0.484755707299098
0,0.4680322092956957,0.5083442215213592
0,0.36873092123955625,0.4952299421400938
0,0.4127490447158796,0.48564059649508506
0,0.3626630877181673,0.4752026470664556
0,0.36738436498274923,0.479944794587367
0,0.4368153914348156,0.4635154577458175
0,0.3526504984568404,0.4660582957219863
0,0.3889452886499354,0.4601375478412582
0,0.3763176628911888,0.46700406308914416
0,0.4678457912645966,0.47771745611758104
0,0.3664892690080265,0.47464962675964123
0,0.44830278788348993,0.47372429163553903
0,0.3844469907083226,0.47765082233542183
0,0.5173964211332646,0.47235008712154236
0,0.40177351456182303,0.47235008712154236
0,0.41021003970339326,0.479694756749716
0,0.4628474049808089,0.41031740146628287
0,0.4177768467686922,0.4247255815064273
0,0.4143067507588224,0.42458897960778463
0,0.4161010972269896,0.4329451753989068
0,0.39304366006489283,0.42382681627870167
0,0.422384736611659,0.44340102429355405
0,0.41046510809463377,0.4247746514093146
0,0.3877644726792021,0.4308880977294882
0,0.38574056495729236,0.4487517500400989
0,0.38192298333792674,0.4326960412062234
0,0.39862338872200986,0.4305874657390083
0,0.4248433588175548,0.422804319386055
0,0.36725613940622626,0.42573588006434937
0,0.48887122584389936,0.41358026224586264
0,0.4418486998030358,0.4090139664617273
0,0.37481821334197607,0.41396414621500943
0,0.35157020569852554,0.41742962484981155
0,0.4086882749199361,0.4120930728864158
0,0.4009310828678053,0.40987961691421887
0,0.41109836237684594,0.4073845661844457
0,0.4096069286262745,0.41443770114413825
0,0.35304795671338607,0.40972165305492336
0,0.4164415910707528,0.4066906740412702
0,0.42300959251274284,0.4048802098813801
0,0.43785330223277036,0.416540160281848
0,0.3955404794889773,0.41420953080431716
0,0.3807459204463675,0.41108964601305126
0,0.4054971884755113,0.416559561149871
0,0.46510480538698873,0.4171199767893004
0,0.3575205755870233,0.42887021356243143
0,0.3693217013272709,0.41719609553069925
0,0.4606568483657767,0.43444019383449867
0,0.4016128733339212,0.4291956866761998
0,0.42048511028885194,0.4216450979770052
0,0.35959905916065077,0.4146282857920353
0,0.48395875979804737,0.41420913129394527
0,0.36487442098815603,0.4212441536537309
0,0.42603227584046194,0.41693221606890063
0,0.37986654287008687,0.41440079888887804
0,0.5232541135664986,0.4232198056204885
0,0.39984549668441965,0.4212135318632127
0,0.4858918275039147,0.4216799855382581
0,0.4277462714387648,0.41883806922237443
0,0.4198691464335696,0.4134813133727924
0,0.4151698228971832,0.42867585847671186
0,0.47893593342640617,0.4402313490230747
0,0.4055065024495319,0.44277519971998164
0,0.3994174655394224,0.4397227751388644
0,0.4077775956074586,0.44593028528281503
0,0.4120750297461229,0.4570957742598414
0,0.41141645054460196,0.44413707238201194
0,0.3829851886344646,0.4453188411820744
0,0.38698122385866196,0.4506898256481317
0,0.39143535321321016,0.44971119020174694
0,0.37309924594286886,0.4656021472791789
0,0.419424192255763,0.45126238103241256
0,0.4021006608546515,0.44520742914041755
0,0.35660610447877084,0.46364708417192657
0,0.4690090548420582,0.4584617144671431
0,0.4078969739326842,0.4370394413848596
0,0.37954210297636803,0.43223243222138064
0,0.36895424972570945,0.43142377639527796
0,0.36185768580522615,0.43298311854618066
0,0.41914834655601446,0.42376399098776657
0,0.4044039862014128,0.42397526002581953
0,0.41865117936427126,0.42221727970104683
0,0.41852899371930363,0.4231459588562552
0,0.3558508935037041,0.41437698553568153
0,0.43133911239708994,0.4138756648640048
0,0.4228453831039084,0.4082575838998201
0,0.5391564125411512,0.4070039161205027
0,0.38243954894034665,0.40336032009105566
0,0.40924663644314546,0.40319297527397774
0,0.37098698324063606,0.4091816431005047
0,0.3644711219087408,0.4148334064010876
0,0.37230309266091516,0.43456102276532993
0,0.4444142916875628,0.43669409183008095
0,0.435606605646259,0.4231477485416512
0,0.41555179792270025,0.43690776692574185
0,0.4233595291638213,0.45979767017069667
0,0.44079590697583465,0.47809690715020375
0,0.36591300373288266,0.44475451637140123
0,0.39627428963059935,0.41951867785441344
0,0.36433462869240263,0.44097804542270796
0,0.3601456831948512,0.4368197126589494
0,0.3425771546100342,0.42662743669734077
0,0.5120264402999112,0.4168093677191644
0,0.5413341334470722,0.4393821282242937
0,0.4005554242416365,0.4396275031431319
0,0.4255606375834256,0.4273251532095224
0,0.4288972538833768,0.41120939224018166
0,0.43514848911397735,0.4490993191830387
0,0.4120816694585434,0.4436791255796882
0,0.4053537734174681,0.41704482506255064
0,0.41345918438909257,0.4175512416242197
0,0.41815469511558717,0.41748714900922135
0,0.41490982458341297,0.43075963937417816
0,0.40899485167794747,0.4211184852649596
0,0.38244276815211836,0.4317015838941392
0,0.39009584055730406,0.4235985851267864
0,0.3735947353093816,0.4404870236143401
1,0.7642528072257125,0.462939936225697
0,0.4278558206462663,0.46797900133931264
0,0.3965875568446454,0.46035663939118243
0,0.44039544774154993,0.4508615859485621
0,0.40651268933053164,0.4304805977521528
0,0.37397844829515026,0.4074414230668839
0,0.3644594663895085,0.39499582831863117
0,0.3672002756562282,0.3927674015084395
0,0.5591946053303316,0.3814845122879706
0,0.4527855392719946,0.3822994127031789
0,0.45243790606307116,0.37526274344947547
0,0.3711613260866794,0.37728658845232216
0,0.4222993453189947,0.3760032448643332
0,0.4142413537326942,0.3729900932961391
0,0.4174020254006123,0.37467157314047694
0,0.42650856508796187,0.3749913788971948
0,0.37102858932274607,0.37342927634646383
0,0.4371839240141589,0.3760885974770559
0,0.4390973902028624,0.3725411430045199
0,0.3983405151913249,0.3741426278675226
0,0.4590630550136482,0.3736950139449181
0,0.37033543873704083,0.3720126898431188
0,0.37716913180386696,0.37770883069004907
0,0.5893263728234288,0.3820537627848051
0,0.4123372618572042,0.37917870034056417
0,0.40756219565883356,0.39149131079360816
0,0.3469100758804818,0.3964480763591427
0,0.36963725733118574,0.40081872056431006
0,0.4541187370987078,0.39633203372101766
0,0.35390349215830047,0.3963240849757151
0,0.45243312240301287,0.39555469769719814
0,0.3970456113920986,0.3972345806446325
0,0.405348425279768,0.3866154094103481
0,0.43687511569373716,0.37766813428561524
0,0.3518379908101353,0.3759141163673923
0,0.412421026261025,0.37940598429424927
0,0.360174656442247,0.3821483279091178
0,0.5384586053953775,0.39098749967798346
0,0.4119618178247972,0.39893541387214787
0,0.3624110107192832,0.39872823267086427
0,0.469766134905969,0.39818996698799203
0,0.42089380357707623,0.3979805396998568
0,0.4371789198879958,0.40107024703041116
0,0.4150042204331267,0.40990011738329263
0,0.4086216094981395,0.4033266380014282
0,0.41329619112996585,0.4022044262918206
0,0.4250641341479868,0.40042960863748855
0,0.4534419861383155,0.41303311581797486
0,0.4098300660543025,0.38531403099410017
0,0.4511514175906418,0.3911115205826283
0,0.3849218171790092,0.38722617838804896
0,0.4081209672883586,0.38971430880926317
0,0.3962284820281816,0.3972440793252068
0,0.42946708153992186,0.41213462368440773
0,0.3734233657822203,0.4223098732612973
0,0.4268933971778688,0.402027552211826
0,0.37328220166568127,0.399932654869789
0,0.4532377389387959,0.39594368547845127
0,0.40214828946694625,0.39847995617410503
0,0.37909192458075397,0.38806625478935847
0,0.3591573228528282,0.38775283607547123
0,0.4138262409148852,0.3916143208717768
0,0.4060798676818554,0.3894329667309117
0,0.4637696086522199,0.3898612866995282
0,0.41585327200332606,0.38853417513727595
0,0.35751565743421637,0.38755081592509943
0,0.4233422431800534,0.3933554256809717
0,0.47199672315825053,0.3968223730703302
0,0.6318459196488708,0.4039978824390719
0,0.3640563047878928,0.3953439480403109
0,0.41018808334136897,0.4045442856340054
0,0.3440465236046583,0.41329087098988737
0,0.35967804377813456,0.42288962154625637
0,0.4010259852347903,0.4266428458608166
0,0.45188888512453285,0.427847411594192
0,0.4052073264844315,0.4179964627973565
0,0.41794339001362363,0.427847411594192
0,0.43631255756418413,0.4329354440716356
0,0.3540888801956303,0.4329354440716356
0,0.40959840864976965,0.4441304710302177
0,0.38728629167088824,0.4324901589463822
0,0.5093882154727671,0.4260531128374146
0,0.4190018741711175,0.4283980227917881
0,0.6362441308903387,0.4514203786844636
0,0.47125729590959947,0.42590125918446925
0,0.39607737346046995,0.417120624388709
1,0.7642528072257125,0.40757935833382597
0,0.3593351764783211,0.39809217028749083
0,0.36925942455739824,0.39858540760731614
0,0.4095340240971456,0.4021417712393507
0,0.43490974843161423,0.401491886826812
0,0.41047971901401087,0.41664771709812953
0,0.40250857077468855,0.416195345818569
0,0.4024239437049617,0.41335144082391584
0,0.34163478826815624,0.4083772689157516
0,0.41072802345633147,0.42065372358166603
0,0.4106434502908393,0.41862443061192656
0,0.38060242184323634,0.4169344152937261
0,0.38465247405235703,0.42211340772199224
0,0.4705955804881598,0.46383962016865793
0,0.692813610100483,0.4460265763752239
0,0.371935609610834,0.44643929841301017
0,0.37203176343139405,0.444959041705806
0,0.3549726368847304,0.4525197788251754
0,0.42951437425048367,0.4417909335168097
0,0.44022305948620916,0.4431611526875722
0,0.4079637246872579,0.44009974951226055
0,0.3775913217301346,0.447739321113477
0,0.3731290342370758,0.4391563860650163
0,0.34913300274396847,0.45421550425563845
0,0.40078899244425353,0.4542582582852113
0,0.422421731805075,0.44025451315169956
0,0.40829709418109494,0.44025451315169956
0,0.40314943644094875,0.45255128641713527
0,0.3464198805464692,0.4577025318376844
0,0.4318723400643492,0.4527512363143907
0,0.5490614160859238,0.4414112486351622
0,0.5320079183542247,0.4464246958093412
0,0.48844837398838564,0.46602604370430034
0,0.36257695699585873,0.45075573224856536
0,0.4828273551240171,0.4635922846471616
0,0.49674799425165517,0.47369719535085897
0,0.3850493702378725,0.4894413746508772
0,0.41006216867828904,0.4746684349320032
0,0.36000752123478913,0.455076986977983
0,0.3619067970973047,0.46658318085607814
0,0.4896145986128676,0.47022535641047436
0,0.44843434213359207,0.48373141760417343
0,0.3971586297050489,0.4830714996305553
0,0.36549363379317296,0.4828574282917771
0,0.4188315162320937,0.48166813618178633
0,0.43591033033596194,0.48166813618178633
0,0.38092604096168264,0.47986504214731535
0,0.3900569299578107,0.4833132935112436
0,0.376755779179713,0.4800865276733524
0,0.4828918191405578,0.48100519472996384
0,0.4102854753441853,0.48095731091151894
0,0.41755033096094213,0.4214012854247459
0,0.4151431137912325,0.4198784354666748
0,0.40400289206956946,0.4269081460545921
0,0.3991651373425232,0.41429017915053234
0,0.6910746996489444,0.4657253895148742
0,0.4454795200307685,0.4683983732216585
0,0.4060528106718104,0.47231881874942133
0,0.41133614987791856,0.45528499778399323
0,0.37628320598034226,0.4556015936184704
0,0.44254987743178514,0.4504588027706134
0,0.3723858526748027,0.45564354605455787
0,0.3720453669325086,0.4558122340977127
0,0.4270059883994669,0.43008924315705754
0,0.36775346013299864,0.4495673560529645
0,0.45884673511484836,0.4544327841099267
0,0.38004852168707903,0.44758702200748246
0,0.4026152070544256,0.44883093667145046
0,0.35065595723064996,0.44239118889711515
0,0.3987641109129257,0.44758702200748246
0,0.4002985388128219,0.45132112541803526
0,0.39165717842326986,0.45132112541803526
0,0.3996293699231492,0.4512338336546963
0,0.3470616223140774,0.45424742618334396
0,0.4308869519806374,0.45594271065913805
0,0.42289664781241343,0.4534347297506365
0,0.49909139213148423,0.429317593378042
0,0.3736884079844307,0.4371084555062634
0,0.4288946506487063,0.44534729846509485
0,0.40598140479143346,0.4430334547647006
0,0.4321619718947989,0.4471098662145665
0,0.3559056348843311,0.43238078359821314
0,0.3613537190703708,0.439528300790041
0,0.35948046652071847,0.43225500497534014
0,0.42308354263369863,0.4242881623123001
0,0.3973464185627068,0.42706342734067254
0,0.38589470660069075,0.43296651132070424
0,0.44820703085099045,0.435075362598434
0,0.37523514408238484,0.441744867100598
0,0.37293007752501955,0.4417847879871634
0,0.3820643415730751,0.4417847879871634
0,0.4909749287562409,0.4262997790549665
0,0.4075902883470446,0.43522501721652496
0,0.4882093159020488,0.44510837029834555
0,0.38993805662465847,0.4414797281150587
0,0.41972814652716967,0.4454864428976406
0,0.4131298753996682,0.4468099420994676
0,0.40155346418703236,0.4446188876574677
0,0.4035642161469341,0.4452584353874661
0,0.4194858939936364,0.4406678250816464
0,0.4073487016175606,0.44030178981044615
0,0.4164058566346408,0.4387166027210321
0,0.372832969485964,0.44472097136080385
0,0.4399086157044561,0.45314200597547205
0,0.44045124309800193,0.4598812498364785
0,0.41052537932881267,0.46175407932940765
0,0.3716996584493472,0.46175407932940765
0,0.41916317057557834,0.4471696630206763
0,0.3932019080543498,0.4470834067312071
0,0.36913696920525063,0.4451603541791054
0,0.44342071376065745,0.4451603541791054
0,0.3617580027567712,0.4320201564502288
0,0.38488405848785406,0.43252120930909027
0,0.364421460361937,0.43106415208682347
0,0.4077486441719408,0.44618698804805595
0,0.3980059357856073,0.44788507603303307
0,0.46502893871111006,0.4290223451071293
0,0.41348849853805136,0.43130513774529133
0,0.3598532449213902,0.4296333774956506
0,0.4303613943110164,0.46887728908407345
0,0.4234214616512481,0.46945712490788777
0,0.558013721178473,0.45297230832631613
0,0.6161448970628965,0.45954077700041723
0,0.5437892673155696,0.4757465686944569
0,0.40790718330073666,0.4782940033494797
0,0.37480607531190285,0.43762626312570324
0,0.4172235492556752,0.43188571079523513
0,0.36215527019504506,0.43625599770740386
0,0.3453271233243163,0.43578777361325566
0,0.36430290481537625,0.4373432264374851
0,0.5202034774675982,0.4363020233901624
0,0.43296893978873807,0.4442910226696719
0,0.43536307882135145,0.43326164650602406
0,0.4558622963627005,0.43302832295074384
0,0.40887175874295884,0.43511148239052905
0,0.41220181451791765,0.43160279003157714
0,0.36210757120663956,0.42819163398654503
0,0.36022253532322906,0.4303115716574335
0,0.37055479999754165,0.4376591492414901
0,0.3608001171003266,0.4330577504049035
0,0.34309614005866085,0.42688784308000527
0,0.5318751627098643,0.4298601147424735
0,0.5338215293967273,0.42961451212457086
0,0.4209967294237099,0.43480168725804935
0,0.42102724090910354,0.4353420361348565
0,0.43851547823640746,0.44023192945875816
0,0.41951577727323425,0.4359649936991195
0,0.4146810910332443,0.45272836309511294
0,0.4046618099911556,0.4448544133240683
0,0.39900470152015494,0.44641718882565945
0,0.3762207849221761,0.4522505999873199
0,0.402547187304172,0.46372600900258526
0,0.4156480493540538,0.45518931978202415
0,0.36810175997608763,0.47580827601729997
0,0.38709405466995855,0.47109104589123446
0,0.4573870562788941,0.4727450565657307
0,0.3712553536291603,0.48010106932027563
1,0.7642528072257125,0.4884395683154484
0,0.43436395935091043,0.4741644613143407
0,0.3941859904054326,0.47430500319842134
0,0.4168151183919739,0.47284184197600615
0,0.35965942628191055,0.4676918908946211
0,0.3652986749298579,0.4490829507904698
0,0.37184337410384305,0.4447247275446835
0,0.36923826691715816,0.4392771333124865
0,0.37321664373905633,0.4413112877544106
0,0.5846459597789708,0.45357850485126816
0,0.45110605257066594,0.4422449280022386
0,0.45382298815947936,0.4560962245696822
0,0.3706328970821507,0.467695976963434
0,0.42730927689508386,0.4605326388558837
0,0.49337806102548887,0.4519893552870517
0,0.42064661031566036,0.4556301893292119
0,0.422244466986245,0.4661633097247691
0,0.3690688751338669,0.4661633097247691
0,0.489390934736076,0.4537662258388592
0,0.4341622704783743,0.4647767291812623
0,0.36201337638408976,0.46901664352053907
0,0.40178677469223556,0.4725182381096381
0,0.5899434979836817,0.46312536016402217
0,0.41670518079779434,0.4657198701448182
0,0.4089889081301192,0.45688693662790725
0,0.3471781742905054,0.4525858278500779
0,0.3606406514339819,0.45423193362417047
0,0.4469795764745314,0.47592391400207845
0,0.45372405886306205,0.4937511580287285
0,0.3847119957377066,0.4897432436794977
0,0.4309701834998027,0.4914746697017051
0,0.3654659992857839,0.4938845644215081
0,0.37916809221492004,0.4847895580315052
0,0.3757516511282496,0.49332182051824436
0,0.49939524760601617,0.49273780779879733
0,0.43041336010814735,0.4997152587916538
0,0.46958223812958977,0.4691806037964608
0,0.46655214812121876,0.46830175168966354
0,0.41779494449455684,0.4623511838716873
0,0.4115144605013226,0.46634879476001273
0,0.4016489961332097,0.47272889321492745
0,0.4020301860056326,0.4671819937320143
0,0.36816565225617737,0.46372270803398485
0,0.40359019786657163,0.45524131991595757
0,0.43815856567372174,0.47630974854376007
0,0.41071444243230926,0.4944573960806311
0,0.37166677621602956,0.4945365149367003
0,0.4045380049328675,0.49721364239559124
0,0.4461836396218539,0.5023615591380023
0,0.3993315011431309,0.5022168449154787
0,0.3719393673495739,0.5022168449154787
0,0.43176878373420524,0.48300790363380414
0,0.3686303942145161,0.48877062790998893
0,0.4286471260510222,0.48877062790998893
0,0.38112571547382107,0.48276438421889895
0,0.37396813314470073,0.46881760278037343
0,0.36036727361176196,0.4755826413815205
0,0.40813143275189007,0.4734297984550829
0,0.4310307804207767,0.4706796262009128
0,0.42308766182640584,0.4602194641050217
0,0.41131843028182297,0.4726447597301768
0,0.3575973052198887,0.4764270275722307
0,0.43037743931133293,0.4782513003672266
0,0.46345079200147404,0.49900769996962857
0,0.37528487544638806,0.45757106384778534
0,0.41123636661596447,0.45279631179782226
0,0.3453058705456471,0.45236670889584873
0,0.3608022343905483,0.44220688489238347
0,0.434958803528297,0.44075889061751916
0,0.45084031328216595,0.44075889061751916
0,0.362567812730704,0.4391769003384974
0,0.42157807279240045,0.45034085162035076
0,0.363090498137111,0.44088262143701545
0,0.4174025935125308,0.43304119593060747
0,0.361790529936255,0.4266122019040897
0,0.3795518103692632,0.4254159054980033
0,0.37208393444536525,0.4332098539352553
0,0.4751534627374388,0.4320777637335213
0,0.41020303887389536,0.42796060156011795
0,0.4914189705815927,0.4253064742709769
0,0.3986509897346191,0.4241184482386355
0,0.3910033604589297,0.4258921559741505
0,0.3608022343905483,0.4259096933085928
0,0.36991876743604074,0.42418015752868515
0,0.3684944028403716,0.42132167870775533
0,0.4693839661320688,0.42115904270400367
0,0.4487552593097081,0.4233158389277688
0,0.44037700467048346,0.42641148935410933
0,0.44758986191755545,0.43769025033326375
0,0.37739484408083346,0.42788938572975554
0,0.4215963358257502,0.42976735384616455
0,0.40533092422825084,0.42976735384616455
0,0.3721120837958833,0.42976735384616455
0,0.43898405118556194,0.4442206448142772
0,0.46903591756094093,0.4614542056840141
0,0.45755493422104837,0.46034103424821315
0,0.37342790959962796,0.46018533036445813
0,0.40256436393412565,0.46336512973969607
0,0.3721000848591394,0.445933620095892
0,0.4246312532309163,0.43357911716006936
0,0.4292523279653071,0.4281595407621678
0,0.36463433522862404,0.42702092137363207
0,0.37581714311563696,0.43106125700393905
0,0.3557117880917617,0.4271958890049716
0,0.40314859603831954,0.42570850739769206
0,0.4324284375714206,0.4305614036088532
0,0.41542416721309694,0.42538665844520684
0,0.40569401207048245,0.42538735589635535
0,0.35060009572405254,0.42714474257613144
0,0.43781519118518475,0.42733133189091754
0,0.5553828423455172,0.43086366606642923
0,0.6878244153634048,0.43118322144760257
0,0.540822795275691,0.4381939177284205
0,0.4859281078201037,0.4501817213353082
0,0.4667411305771514,0.4711404452610934
0,0.3637095313069927,0.46306466740857927
0,0.4054934270781109,0.46592035917497376
1,0.7642528072257125,0.45911472023708794
0,0.43409221203210796,0.45488731426150997
0,0.36361224593345987,0.44660115849720394
0,0.43010955063293704,0.4425710288170841
0,0.4266393176069767,0.43930269905208474
0,0.3928737518650799,0.43475152447676196
0,0.4455453812334525,0.43007605843923896
0,0.3773617793170253,0.4274205674391605
0,0.38570248698521864,0.4293613712257648
0,0.40175165931786677,0.43274469897254353
0,0.4830181012254332,0.4285103753580916
0,0.4096009325090573,0.4281344464847544
0,0.4559499759266269,0.46125807253818707
0,0.38179364546042893,0.4402370804893953
0,0.45555944495934025,0.43315783282418974
0,0.45507339395240604,0.4364272328827268
0,0.45995339150525155,0.43889931237711854
0,0.43600329702563223,0.43745180419351665
0,0.39161380364908527,0.4416037491982125
0,0.44513899408214475,0.43785153049189246
0,0.4078984500317748,0.43102063535512203
0,0.3734604330432551,0.45417273179898454
0,0.3853539421945417,0.45691645050990076
0,0.400538214627985,0.430491123564146
0,0.3810454593559125,0.43019197690090144
0,0.42265450615959455,0.4195898486708811
0,0.35258076050906134,0.4160828762226047
0,0.45108301184289396,0.4167065050763409
0,0.3862787668558892,0.4123025128724325
0,0.41251301973954546,0.43174272510002776
0,0.3802187413985887,0.40662280340325585
0,0.35887404262012734,0.3973075536409034
0,0.4087300340437908,0.3973075536409034
0,0.4315874482680029,0.41745344395283834
0,0.40119469658769386,0.3959906310802308
0,0.4092681577058715,0.398201532185719
0,0.35453997910551993,0.3973075536409034
0,0.4216357740946315,0.4186163457657663
0,0.44174517738266766,0.39761236072668094
0,0.5345501192384835,0.3997896254699603
0,0.4413686535188367,0.4026879222997251
0,0.37663802063420154,0.40751744377094695
0,0.40541187733054995,0.405175555408695
0,0.41775037162460377,0.41347393283961253
0,0.40753002337036953,0.41736552423579526
0,0.36509507154605675,0.4007014788730066
0,0.4424912055891466,0.41116779582463014
0,0.4351620145449746,0.40214297107115643
0,0.4222763135049754,0.367599879031507
0,0.3982551979803564,0.36458198736647673
0,0.44991217562083663,0.36983546821267205
0,0.3673266469434188,0.3616520153284115
0,0.37627761923337794,0.35726181573315785
0,0.39930455417017074,0.35954845061278246
0,0.4941393018021838,0.3597629760872967
0,0.40458282978826093,0.3760117755033368
0,0.49095514683847297,0.37337311717190674
0,0.3902192059421447,0.37438469784198436
0,0.41698879250439563,0.3742229143856026
0,0.40886846525139725,0.37435185384436326
0,0.4008125632832639,0.37941690831951586
0,0.39939942042560667,0.38251275313952054
0,0.348479606356768,0.3836076800673568
0,0.40603915775783134,0.3908323724516381
0,0.4078984500317748,0.3867565619010339
0,0.5226031225668399,0.3889069883342482
0,0.3662264039475761,0.38902650140314016
0,0.42117112792264144,0.40633179146103166
0,0.447610860176244,0.40089260380628283
0,0.37086210481661863,0.41821434491878845
0,0.4181971243131763,0.4105912441816337
0,0.388894499029303,0.4282238762798907
0,0.3721118042305838,0.44381016018673797
0,0.4444948160918897,0.43197232562762994
0,0.38845827807035466,0.41949210701632883
0,0.3892774776309659,0.4106340966069275
0,0.36627701192410517,0.4092510839153022
0,0.413182617917238,0.4071675875034753
0,0.4275405963717256,0.4071675875034753
0,0.4554253689376947,0.39710783996026183
0,0.413713485925105,0.40169817609505865
0,0.36194698831111005,0.41717124272151346
0,0.5061841969915409,0.4003745789847847
0,0.4222408839897048,0.3970570535187603
0,0.5391838548881221,0.39200378585672185
0,0.37841446317482563,0.3816457086175637
0,0.40541187733054995,0.3883455873946614
0,0.3669956281483244,0.3916483776355966
0,0.49306978473327173,0.4062863492925749
0,0.42273203488467515,0.41826814627676717
0,0.36849568484829703,0.4094955142688101
0,0.425007477023804,0.407553865952838
0,0.3517879425773957,0.40254914075925646
0,0.4364501667266799,0.4346078145217198
0,0.43952979541557935,0.4626458024715152
0,0.4454643954690302,0.46234113332694954
0,0.36288929478421367,0.4561450002717731
0,0.41019539786150416,0.4373905098667345
0,0.375729160824086,0.4257938361445212
0,0.35688468936315765,0.420220457676817
0,0.3436687040275407,0.4091875844878683
0,0.5193928083138023,0.41822436843763444
0,0.5360112215508512,0.417084523644215
0,0.40732882043745905,0.41933911945474056
0,0.4174192273269228,0.41112750379076207
0,0.40720664324092704,0.39963275077304633
0,0.4176270385837959,0.42835774613583744
0,0.41011322468478406,0.420770505617633
0,0.3991684872133637,0.39428354717390984
0,0.40132531813230776,0.4034827067776768
0,0.349243363961419,0.3988165025082315
0,0.406260602138295,0.41320669953746686
0,0.4057549170940572,0.4071427393772178
0,0.36335943822917316,0.41657662925031314
0,0.3891991708008186,0.4126995310647713
0,0.40310844309452887,0.41513595086731386
0,0.37050551481254984,0.4204896922562585
1,0.7642528072257125,0.43150978050507743
0,0.428584470088589,0.4294736952875995
0,0.392371988227948,0.4254136626262545
0,0.42317131336587194,0.4044167821868241
0,0.4100962192761464,0.39801944807625617
0,0.369436965664807,0.3723541816029198
0,0.3771029409078216,0.3680519820355249
0,0.36995263852738963,0.3671662474970828
0,0.5840176136542138,0.36551729413538075
0,0.45522231865568125,0.3607489044563072
0,0.45520341241648093,0.36750243079004724
0,0.3708335165446641,0.3640470414603964
0,0.4306743634630775,0.36353278870158423
0,0.4613346689418038,0.3592938649819189
0,0.41737548890621795,0.36033216495189996
0,0.42007215554960026,0.36037590208484
0,0.3713689852211943,0.3597913282610001
0,0.44678782544306994,0.35903437862117066
0,0.4324631922139087,0.3585929080702742
0,0.365843832650101,0.35847905130382784
0,0.3777303477931501,0.3556990370808615
0,0.572853749490349,0.3581627247113745
0,0.3821107654411246,0.3630243400543208
0,0.4038827322458737,0.36664894120374325
0,0.44404743116550416,0.3676846065152757
0,0.36423830675218194,0.3695006011614009
0,0.4432409191551833,0.36971224188564533
0,0.4269044249891154,0.3709774069695014
0,0.46678646128553836,0.3703281030687115
0,0.4012439347793734,0.3742077127180383
0,0.4353941077934111,0.36420673020040795
0,0.3546064984543273,0.3623800095588782
0,0.40729084194488513,0.36616992561798445
0,0.37773029982570067,0.3676691008628109
0,0.5327047761939698,0.37026885084552885
0,0.4385202172216701,0.379513125527781
1,0.765546608604187,0.3680617897865388
0,0.46531989717001176,0.36829081807017083
0,0.476177720508965,0.3675639085424018
0,0.43244403843188356,0.3694611150513604
0,0.44215183217509724,0.37833594280310434
0,0.4337229860187239,0.37821021751626327
0,0.4076203551138103,0.3861579566776051
0,0.36105051870832033,0.38505575052497987
0,0.43527553374114375,0.399898309456744
0,0.4067964307804316,0.3819369021772789
0,0.4100388787407714,0.38167341875941563
0,0.36752886955913605,0.38617632121383205
0,0.40224679462339413,0.415975827106845
0,0.4193953465348515,0.45572688018911406
0,0.39740526965261125,0.4683185286201767
0,0.403469639079662,0.4568539686192712
0,0.37438996806311475,0.4506886062667825
0,0.3542539855332695,0.4550902228723178
0,0.42126635510069504,0.44540918775979343
0,0.4157399572736857,0.4346033181413017
0,0.3768010825410714,0.42424575112948715
0,0.37878960565833053,0.4302721787407004
0,0.36036738869481716,0.4307689848311203
0,0.4159009711269198,0.43143357847530994
0,0.4452322903767872,0.4230045858708852
0,0.395788095950412,0.42258467145178363
0,0.4084156567162698,0.42658672479638887
0,0.36178250729499434,0.42882514244365466
0,0.43692943776851173,0.42229237049679397
0,0.4752150653077761,0.4287985127578015
0,0.38853853770498953,0.41550588572228114
0,0.403328473852067,0.4182583991884231
0,0.37097853492670546,0.4122918337255143
0,0.36911473877770323,0.39921827933188336
0,0.38521014668408726,0.3981417026932005
0,0.4156761791418706,0.4021774244101282
0,0.4394202409839864,0.4171827606666579
0,0.41112001433003226,0.41292488199669
0,0.4180639102876628,0.4063186545728928
0,0.35038117669230195,0.4156948297668776
0,0.4182657603808243,0.4106739260198645
0,0.37764156285197165,0.4128116110472331
0,0.4853796512392722,0.41741883640530536
0,0.42331026979248665,0.40237309543768995
0,0.3733002241633849,0.4209401019583039
0,0.3709953583755628,0.42250174023721904
0,0.364787794902607,0.4045938338519607
0,0.3597330447462816,0.38760195821070603
0,0.4695663464061663,0.39354859580139495
0,0.44056139870905786,0.3922068933451496
0,0.4194935921710928,0.3894095033053875
0,0.47810429366600266,0.39861482305815454
0,0.3814674585868642,0.40406058617352103
0,0.41539869407164826,0.4135915668792536
0,0.40310063242981853,0.4004549809964266
0,0.3742842688032096,0.41768112798484613
0,0.4756127764167767,0.42964856916827904
0,0.6848154839358647,0.41620596634759593
0,0.40560351511504394,0.4263241458258032
0,0.41579285034151436,0.435445977430547
0,0.37290678266779365,0.4168882969199131
0,0.4158766301040343,0.41828405477870007
0,0.4322632413310078,0.4126616091343307
0,0.39305976259931297,0.40813225057637587
0,0.38201157427456567,0.4022198827044046
0,0.3525260869996271,0.40424583301153405
0,0.4068887636598517,0.3992100057441948
0,0.4356164481910354,0.3930019664105821
0,0.46124377319171095,0.39123711989895504
0,0.40572722140250933,0.3933090343032853
0,0.3508353834140296,0.39490142924431504
0,0.4530746812578039,0.39108910714829626
0,0.5515009759749668,0.38386609171330577
0,0.5476513876601428,0.38380725782082076
0,0.5075225836346539,0.38344327611255735
0,0.48982769110311103,0.39074830963783624
0,0.44435539711777383,0.38682405039932644
0,0.5112423595152991,0.3832877140484747
0,0.42657334182707873,0.3868977954192076
0,0.49456913416767057,0.3908905553998631
0,0.391379686158927,0.4058952220945191
0,0.4052241515195124,0.4041527679962854
0,0.38768444275746977,0.40420198742159585
0,0.4221839257090128,0.4083540763312977
0,0.45919609135885264,0.4079585583858089
0,0.4230787666984638,0.3966169360605885
0,0.3517879425773957,0.4013245840410574
0,0.42560173271234675,0.3893813058001198
0,0.4206450403236311,0.3914587612634146
0,0.4429137880414318,0.3901790912927739
0,0.3688061443183516,0.3835568905334285
0,0.4030282922448759,0.3800255167014449
0,0.37870232524373476,0.3857542241648501
0,0.48405952448614975,0.3869090866313424
0,0.4244682873017175,0.3869560496721243
0,0.39176643003117406,0.38257863672338693
0,0.4550654133159571,0.36533572806637377
0,0.4513084584146908,0.36625146161753236
0,0.4523881192649446,0.3695770490186104
0,0.4633846867403813,0.3729482917273345
0,0.3852699499452609,0.37670083750364003
0,0.426225039156068,0.3783297996905246
0,0.41134981008570776,0.3783297996905246
0,0.3676548616481774,0.37797612586280094
0,0.4219973806539446,0.3840822083447159
0,0.4087499657202935,0.3864362147260828
0,0.38148331438388683,0.38374283443259516
0,0.4003623474132014,0.3728542205011859
0,0.3685030465682461,0.36729754604017695
0,0.4476561378972031,0.36796383927966
0,0.4035581375629708,0.3644106311455866
0,0.4110543975764376,0.3644106311455866
0,0.35659711516244014,0.3600432036114784
0,0.41256022901782274,0.3639095351509518
0,0.42692554751442996,0.3630598306097359
0,0.40265335485665166,0.36238812043844576
0,0.4093601259988395,0.3575540178734906
0,0.3552461889160289,0.3616370153150323
0,0.437457398395097,0.36343934219413476
0,0.4249884713656039,0.36165711510852966
0,0.491483736345666,0.3583824709332446
0,0.4552881826257874,0.3607203920564649
0,0.4426956338599402,0.3557430107353845
0,0.4105774243597049,0.3576113990968403
0,0.40380105773268976,0.36364532116440135
0,0.38768847913522875,0.37186476688491876
0,0.42239518662300984,0.3701466621954678
0,0.3985889700872529,0.3760960616090691
0,0.43139688541494414,0.3789947679789352
0,0.4079380988938279,0.38065315312353754
0,0.43081953789776695,0.3923701023992625
0,0.3675079836710787,0.36807503739415054
0,0.39061813172850285,0.36335602079249435
0,0.40122228004953264,0.35901308779083285
0,0.49612104567840526,0.35751867442934493
0,0.4267489851728825,0.36044471475327916
0,0.4936435284807611,0.361470373247035
0,0.4408962262100629,0.37047514635308
0,0.507683034118242,0.384503633779246
0,0.41207143420468295,0.3777188883533455
0,0.39937700153977784,0.374604895625511
0,0.43187350025684257,0.3751248911436101
0,0.40879226513884237,0.3884130797024552
0,0.39571752759955825,0.3838897079564451
0,0.4119603164541189,0.38210493509316934
0,0.3644124177099302,0.387235153112285
0,0.3959888286541529,0.4046589122304189
0,0.44586346189197096,0.401645410148889
0,0.38533897615644613,0.40505150902523457
0,0.3944128556905711,0.396412449138881
0,0.3880315253573444,0.40889231933575
0,0.3579944755623102,0.42428430612533957
0,0.4402843878499769,0.4254854047009255
0,0.38801076070243207,0.42421380499432115
0,0.38771748480705587,0.40636152838049217
0,0.3719003437231926,0.4052016554087561
0,0.36446749412793417,0.40297720371383355
0,0.41839624898167854,0.40832622915101696
0,0.44322026687447497,0.3953174211105023
0,0.42748243003504754,0.3953174211105023
0,0.4143805774899833,0.3950266515115748
0,0.36447880302955016,0.4000930094825232
0,0.5360386648111924,0.3953706918719129
0,0.44683721108775576,0.3861110785272523
0,0.5490955217441867,0.37585171214760676
0,0.5398238018706908,0.37676528808789617
0,0.44358068451705196,0.3612792887562061
0,0.4087651326350502,0.36648133398065214
0,0.4225651852806331,0.36950119744467774
0,0.3712452057727766,0.36976280661070426
0,0.36917204026320005,0.36759587491452383
0,0.4795217569889189,0.3725385134436706
0,0.44142659227433767,0.3928763569712578
0,0.3617449749161702,0.39898520932944836
0,0.41460102841156476,0.3938751517923781
0,0.4429821241512535,0.41584397685896657
0,0.3881118722440436,0.46517017069136385
0,0.44203925138248684,0.4254857392787239
0,0.41614066446701836,0.3938751517923781
0,0.35869656812065953,0.39434957384532415
0,0.3831629235226518,0.39643082950004727
0,0.3784817839559333,0.4080481133040491
0,0.36320091858925385,0.39666023655835025
0,0.3432375287821744,0.3848385872917273
0,0.5116176729573523,0.38538949173022125
0,0.5152753882496711,0.4028968454449315
0,0.4204629054524072,0.39175210719311343
0,0.4231911986252747,0.3800244086287306
0,0.40545367177997854,0.3691250040093483
0,0.45875762780667606,0.36639375102148997
0,0.41296470641246125,0.3815787125788511
0,0.3998659313458637,0.37888582477708616
0,0.42763407372988643,0.36943454663393543
0,0.4112366846265765,0.3675841906092975
0,0.39350293447375884,0.37891586161698537
0,0.41363724821025916,0.37292255932467133
0,0.3616184011342226,0.37711322556815297
0,0.4212520557407014,0.37985708197389584
0,0.400953019173224,0.3796592184738418
0,0.3830500539091267,0.37664896206223114
1,0.765546608604187,0.3715598434093671
0,0.4307764906498837,0.3737755981646394
0,0.39486538142405536,0.36833991532272314
0,0.41748948322927637,0.36435797395289077
0,0.3960495883444537,0.36096694791533435
0,0.36405231017879763,0.36406350354210587
0,0.37961872325507373,0.3649470746343614
0,0.3714112818503329,0.3630343220091776
0,0.5845496360693998,0.3611818672184462
0,0.45385192818891706,0.3589799918872928
0,0.4329157181908231,0.3655352565288682
0,0.37107545600058184,0.36325091354380434
0,0.428654858560541,0.36019174147110156
0,0.4378075803322681,0.3628872896399634
0,0.4172769635230321,0.3682097393603221
0,0.4203063063516114,0.3627279151726929
0,0.37041193320877325,0.3622882376854442
0,0.4555536152198939,0.3737722688946908
0,0.4324631922139087,0.37079108272833433
0,0.46055390184567696,0.36744396009987246
0,0.36166833948855376,0.3851198849296973
0,0.3706065882579727,0.3905038819593198
0,0.518543151015452,0.3947736660919249
0,0.42092326330030716,0.388221545931445
0,0.40860015451113757,0.3885131162562106
0,0.4142335743436031,0.3839709847045833
0,0.359232506742201,0.41145744848512217
0,0.4331241290513544,0.41640702325638723
0,0.3899059511108299,0.4019498141255432
0,0.4254753220852529,0.3975053914047545
0,0.40830252670471895,0.37766267469816206
0,0.4137235045490411,0.3839948580531995
0,0.36107928229878683,0.40708510704015954
0,0.4098385185455039,0.3828557547506123
0,0.37897693060081855,0.40234974529333906
0,0.5070017869239274,0.3913355121531
0,0.42776925146710454,0.40849947945340426
0,0.45253523593616835,0.38696353825646723
0,0.4701067666214894,0.37275175682242817
0,0.42419126147121844,0.3770214616861267
0,0.4077182949934203,0.3719270039382106
0,0.39123712940776934,0.3708283892194441
0,0.4292245302974327,0.37070359935888947
0,0.4189285881389694,0.36718819907804
0,0.3873015814546375,0.36261344915638594
0,0.4056961989094889,0.37414406190794386
0,0.4145637795303765,0.3793009514358689
0,0.3583663672480441,0.39608567375956083
0,0.40454840964123645,0.3818499622411524
0,0.4273880915706334,0.3793009514358689
0,0.3824616363024282,0.3906780766290927
0,0.3947341591091636,0.3870828723206556
0,0.3868285150671555,0.36997159452756745
0,0.37683917583261906,0.36618805247557085
0,0.42283273117207465,0.37879309914528053
0,0.41486877586937676,0.3803471061664414
0,0.3790317790115332,0.36214671068521287
0,0.3566688472507999,0.3622357722967169
0,0.41268979967381475,0.3773311128273824
0,0.42929170168279,0.38232694894810515
0,0.38313671596029586,0.38417895231916327
0,0.40989409434977203,0.36049120502477794
0,0.35483343075449564,0.3740438795729384
0,0.4416661240789627,0.37910152148067716
0,0.469781661427841,0.38068846109882765
0,0.3670777855568794,0.36131364338442096
0,0.3640255258504593,0.3650743465089209
0,0.4096500260406514,0.3639727377725569
1,0.765546608604187,0.36464011630441584
0,0.3705564765072275,0.3656355685137763
0,0.35758755406270937,0.37714192310648104
0,0.4388883477978227,0.3691428840278217
0,0.4130819530447974,0.37022964040869255
0,0.44459841082538454,0.37024133060380704
0,0.4063907036872911,0.38293514648840954
0,0.42139726949396905,0.37732528181557035
0,0.349992114384043,0.38848764108912864
0,0.41292736175527994,0.3956666853300045
0,0.376337051124217,0.3843382553229941
0,0.4847398805866655,0.3854600960774828
0,0.42121914903204055,0.38538944652685786
0,0.4398917587893858,0.38237284788844916
0,0.45658614813897735,0.3766686432972736
0,0.3616461303159582,0.3756348470952571
0,0.5080244124449717,0.38455005998749564
0,0.4083483656929724,0.381193068072773
0,0.37032806467640145,0.3964172102215874
0,0.390733440873152,0.39177386127675984
0,0.39130403582264117,0.4131267679762154
0,0.41017070253503574,0.4398066550095626
0,0.3759288759591867,0.48428645324912695
0,0.43502164066457194,0.48276499222445385
0,0.41307706185185644,0.47882847098853887
0,0.40130112645219523,0.47882847098853887
0,0.4323593947993832,0.4800615157427097
0,0.44922688211749967,0.49696786103969526
0,0.3939790684545207,0.5236648493987085
0,0.4146728862556648,0.5139109693963462
0,0.46354452844566985,0.5138195074190024
0,0.6686528705123576,0.5081816939700752
0,0.37286696710217593,0.5179347555959446
0,0.3865370862049972,0.5103588975571255
0,0.3849631131237793,0.50779613072847
0,0.3766019684892443,0.5030014080824098
0,0.43393519371216355,0.517698833430993
0,0.4263526918790597,0.5206376547629783
0,0.4082025117555081,0.52648983217796
0,0.4216727851280105,0.493106960880475
0,0.3794495994663153,0.4838405875530186
0,0.34640642692341655,0.47426381820267866
0,0.40274626457549245,0.4642807111252047
0,0.4500265223824666,0.472876175801091
0,0.4547143324530471,0.47610804633231074
0,0.40226414277598666,0.4760746440418226
0,0.3474613582649995,0.46608611882159534
0,0.4421145894927155,0.47236336502121873
0,0.5866027546690024,0.46647020172783216
0,0.5395139523247321,0.47882756813793403
0,0.5011906882435938,0.4817859984717928
0,0.4788868895944227,0.4893457956122472
0,0.4114348567119506,0.5070841093596279
0,0.5244115759707505,0.5041534044387209
0,0.4078100204514704,0.48111259690199465
0,0.38825403165335937,0.47377871734944715
0,0.3984321836850974,0.5050851387853454
0,0.4420622382935972,0.5062640772429623
0,0.4320628599087847,0.48632978968074764
0,0.4464583625153739,0.48415282683827393
0,0.4188545364264618,0.4822823243839357
0,0.43676036147259345,0.475499693871046
0,0.4235007715232036,0.4722328978366863
0,0.37006703117933726,0.4722328978366863
0,0.40586426713126533,0.47154236172643044
0,0.4029084082173524,0.475499693871046
0,0.4866030816824198,0.4722328978366863
0,0.4247915693002128,0.4722328978366863
0,0.44615697437980917,0.43477012191201053
0,0.4303233686088796,0.4478571989736478
0,0.42411063240382674,0.4540742249566099
0,0.4400560457773691,0.4538966583358349
0,0.3823724497185709,0.45325392577995666
0,0.4185468029391644,0.44896623469834385
0,0.4115548235780234,0.4575104455710023
0,0.3639557027957125,0.45768942592324185
0,0.42424933391335795,0.4540063917190778
0,0.39448467261674997,0.44896623469834385
0,0.37605409736624196,0.4724258976870057
0,0.41205080619605094,0.4590662956387111
0,0.3740163519953024,0.4615956505553809
0,0.44401833748575625,0.46944169666572727
0,0.40199474337382374,0.49124502092066114
0,0.40372392307624944,0.5006713240540455
0,0.34983407254472776,0.4743063491226257
0,0.40797116363725067,0.4717303227749012
0,0.44740881999254833,0.48914808196372533
0,0.38923970491032084,0.4968119838608733
0,0.4026741926073184,0.4848885114805022
0,0.35212223085999106,0.4835429543886844
0,0.44049217481612196,0.49771111443235433
0,0.4329874518922726,0.49331089629008806
0,0.46098472555111514,0.4689537075556461
0,0.4647219554446802,0.47019265652260317
0,0.3839342567584163,0.49753698083135434
0,0.4134759057902702,0.4708783367890613
0,0.4053626352414838,0.45286024754313503
0,0.38610372634604473,0.45352831753269224
0,0.38568373993007943,0.461154943289689
0,0.4248664723933988,0.44686521307010424
0,0.39886451563180375,0.42055989238581437
0,0.38048429298600955,0.39620932482046006
0,0.4342655288816367,0.3910094403132663
0,0.3627099763511251,0.3890893269914744
0,0.4501834043064498,0.3935454738650966
0,0.376466407905787,0.38402571664710766
0,0.39292318830866124,0.38402571664710766
0,0.39343821730736034,0.39969882945704843
0,0.493720400383954,0.3877549158690901
0,0.41757873163680814,0.38670945890693764
0,0.4922827831821228,0.388094235445625
0,0.38983225903124114,0.3692193701897225
0,0.4235001988430806,0.37233964365814537
0,0.403924415310511,0.3708785820926614
0,0.38955192619315837,0.3656349357558514
0,0.42718446171792407,0.3651923516401
0,0.4184344453113871,0.3666753528640173
0,0.39101527555987176,0.3666810587432591
0,0.4159433456191484,0.36663655638302894
0,0.3534902744657528,0.3717680695258075
0,0.3822608320553161,0.3882750467642798
0,0.5340640808900512,0.3893624983742777
0,0.3759032090788558,0.38508296767249434
0,0.3960698518442795,0.38482500056327557
0,0.3886235308050044,0.3797789950410104
0,0.37452954423955714,0.3849845983677757
0,0.4295370662669497,0.37972203747599087
0,0.39235781127611913,0.37972203747599087
0,0.38415834795779585,0.3756516682464522
0,0.35813680918268,0.379835987754247
0,0.42555460373905357,0.38558297341269976
0,0.4318892152386445,0.386437527006532
0,0.3650419309629966,0.4045222027621445
0,0.4096102018119808,0.3874129479303956
0,0.365069550730615,0.3874129479303956
0,0.4911948044802823,0.3820180450089523
0,0.4390890551376963,0.38277060897006715
0,0.5383310862696539,0.37913111913167796
0,0.3844741389306587,0.3773917715534104
0,0.3913891788115978,0.3784513088035046
0,0.4082766105221189,0.3810322945391877
0,0.383924338551778,0.39913363985541184
0,0.4509438106692557,0.3938972822344596
0,0.41217639136787765,0.40260558955205794
0,0.4167042312721759,0.4254165100826356
0,0.41613753094893585,0.42215926053374064
0,0.45947316623048273,0.41385046232122197
0,0.3960192910713716,0.4281792708358908
0,0.6282551702580745,0.43943296652684183
0,0.4256185109998225,0.4355777183948867
0,0.36195019394308225,0.4348232972366781
0,0.4225783790381122,0.448450361810109
0,0.36913597310036217,0.43500336284494895
0,0.3573090343388818,0.43155350833942135
0,0.3428665765158405,0.42563667822181733
0,0.5110972451157543,0.4278447308902836
0,0.5075476732545617,0.4290456323651669
0,0.459076084463532,0.4295791417825215
0,0.4183740530481822,0.4043030399080563
0,0.41759223048279526,0.3953906323596587
0,0.4229103482338679,0.3925701891832248
0,0.4025827422972618,0.39673514357164075
0,0.3913936374702875,0.3954106555607408
0,0.42815280543993406,0.3960056157587364
0,0.39757396623494373,0.3940872986177849
0,0.39153677520260893,0.3954791580724593
0,0.4098546226216477,0.39343028751415976
0,0.3530976163117679,0.39635090982424803
0,0.4204793232365993,0.39146112173881087
0,0.3903532250213244,0.389372147940732
0,0.3758495558608386,0.39178013090676533
1,0.765546608604187,0.3980064050526214
0,0.42268329372934477,0.39050339680508916
0,0.3870090900465969,0.3885885207438918
0,0.43574818902436074,0.38434817128385423
0,0.42638085100501777,0.39351351244600735
0,0.40846320373394157,0.4103210097751708
0,0.3695329334060019,0.40542926333198726
0,0.38914458716572636,0.39762951285569753
0,0.38185844295540133,0.40286771916373926
0,0.5865010425400942,0.40792154427025734
0,0.4599660279809233,0.39262650446783015
0,0.45849722896892076,0.39558899190388264
0,0.3631533261211954,0.3995123983758221
0,0.4430282910231351,0.40428701833025593
0,0.46339769503841743,0.3942334625664427
0,0.45644660652599994,0.3942334625664427
0,0.42132644257086216,0.40117797193859983
0,0.37811053706449343,0.40535377468761685
0,0.5111532084341414,0.3946289096282033
0,0.4367448183916121,0.39108570833926054
0,0.4061949007204827,0.42123253933305804
0,0.3552063335476959,0.43151270559215754
0,0.49735683493802085,0.42666132306715104
0,0.4237062936344547,0.4173942181174541
0,0.4048496030075356,0.418278012856939
0,0.3994004361911587,0.4457281978692459
0,0.41371555867807247,0.4139927796295258
0,0.4242494157668536,0.4179037852735702
0,0.4328125893493353,0.42143659053840815
0,0.4387599315326579,0.44493643534835065
0,0.43607105821661835,0.4507311028747672
0,0.4152236950974444,0.43663639698927875
0,0.45533272253887697,0.443767091183956
0,0.43040040820582937,0.41309806093292345
0,0.4168757276775849,0.4340542930985065
0,0.37544258190047486,0.4414596737790934
0,0.5109464802266849,0.43549397976259985
0,0.4588626906696945,0.4376491195546177
0,0.4781359989476652,0.4105410300613073
0,0.4637230710324243,0.3943628008942917
0,0.42302210660136,0.39802498756016996
0,0.4024390966820209,0.39708385363760923
0,0.3925205477087384,0.3896348224959296
0,0.42662803474476035,0.3797219261428602
0,0.38784180732765533,0.3733075702373317
0,0.3901173492627954,0.3707065073876854
0,0.4143723489478772,0.37279288756199236
0,0.41533582219088083,0.3728911606264152
0,0.3520854301470197,0.37427678279475424
0,0.40457819327771344,0.38360504016393204
0,0.6642705368836064,0.4207770529820976
0,0.39136667626795946,0.426702130764659
0,0.3752125133879946,0.43110380814319044
0,0.43695114531035806,0.4116816840404393
0,0.37876054167487927,0.41015153193572956
0,0.4536553023338621,0.40978953294789605
0,0.4133917970779494,0.41059800610248814
0,0.40620308970727537,0.408475404367367
0,0.3541785774727398,0.40104411764093184
0,0.4343847478589539,0.4035321753036778
0,0.4279155789712107,0.40522564185801907
0,0.3784959759082454,0.40338032630618836
0,0.41133855841906003,0.3977595925114225
0,0.36245320909464795,0.40062446059163487
0,0.4554705132618837,0.40819937362354547
0,0.4651446004452137,0.40882389057360585
0,0.41417626179746825,0.402034569797424
0,0.42238894765869806,0.38586884724995846
0,0.4070535390890269,0.38843838878110953
0,0.39754455099574804,0.3954784368611518
0,0.4188243357442706,0.4054845913419867
0,0.6410908517485245,0.4287515173322009
0,0.42580090514630514,0.42028665716883895
0,0.38501923279973743,0.4132400611553096
0,0.4285006293496452,0.42829660290088256
0,0.3728297132147377,0.4326420084847631
0,0.44966749819431917,0.42323551758394007
0,0.3835113197868135,0.41766798485571893
0,0.4110007684006961,0.4299928741788304
0,0.3848439808518882,0.43102925484834054
0,0.4785619064785719,0.419455494221507
0,0.4640280770054091,0.41886976726764047
0,0.3959757449181335,0.4125157902124185
0,0.37673140672253974,0.40618456622558163
0,0.4123248588688958,0.4119453282857256
0,0.43826640417568924,0.41797329891179325
0,0.37297557385394847,0.42879016800574754
0,0.4331663553762625,0.4226675014430258
0,0.4044345220504417,0.4305502481453339
0,0.39871631176523065,0.42020581250269695
0,0.5220363591119445,0.4432524353268204
0,0.41816667441683647,0.44273252339761826
0,0.3939862480337413,0.43336526083269217
0,0.41779297615477556,0.4247173650809294
0,0.5738960692299553,0.44689712997047565
0,0.6536715516672253,0.4403109882436243
0,0.3719460060324382,0.43047051981597456
0,0.4552123643019887,0.460344906141791
0,0.391417325678715,0.45430310131219287
0,0.4267355188978275,0.45260964810178517
0,0.4506561025712782,0.4513141390239261
0,0.4132536448728554,0.45583070191236236
0,0.406197136859401,0.4533524422894973
1,0.765546608604187,0.4528986311676926
0,0.3449975709388548,0.4574400724306471
0,0.4214449067981418,0.46554513724422036
0,0.4314362812907348,0.45769355825512426
0,0.40188402224770653,0.4621596518679818
0,0.4030142414741171,0.4567051358720938
0,0.35405607257853355,0.4567051358720938
0,0.47240068602567564,0.4567051358720938
0,0.5438074156683476,0.45943662135904667
0,0.4924839167414256,0.45857359264532677
0,0.5319388658751752,0.45144585695786194
0,0.484959986755657,0.4576786420971801
0,0.4285766791221356,0.45716195298220874
0,0.4886308195836556,0.4748181277260615
0,0.49674799425165517,0.48191601283492475
0,0.4930612302336324,0.4843191996517504
0,0.3917091691851236,0.492395730866666
0,0.41311756457712867,0.48225658782538877
0,0.39037139322538916,0.4778997960958054
0,0.41887127998379564,0.4808565325231959
0,0.4252030869557172,0.4755525896396446
0,0.44282683383910165,0.47443414509187504
0,0.43195163122198416,0.4884933190627456
0,0.36530309600771776,0.47424443174694003
0,0.43762992601980966,0.4833986843926832
0,0.44419972316023587,0.4790585682806624
0,0.37270018824838047,0.4781989492864653
0,0.4124069364873051,0.47104169865263357
0,0.3897271197222848,0.48804187436331053
0,0.4850999722550273,0.4783666525776283
0,0.4590862325959439,0.4785285081187561
0,0.4463375594810582,0.47732406657320936
0,0.474792025249195,0.4743839552038541
0,0.42506103296872416,0.47150417580494286
0,0.3996299084426688,0.46919043290341605
0,0.3969205291106047,0.4717363875830978
0,0.4992597044666013,0.4689456187646053
0,0.40388928657466117,0.48110816455452476
0,0.39454282818163944,0.48392635042097953
0,0.4181175455832614,0.46492189670918455
0,0.454968813789794,0.4657933410315116
0,0.432029501516716,0.46492189670918455
0,0.37965858451262313,0.4713327764350279
0,0.3677925232503259,0.4667484551841742
0,0.4275481154188525,0.4540654659238778
0,0.377685524059088,0.451335782084607
0,0.4564216382389985,0.4643072520183539
0,0.4132608237928515,0.4539785060265202
0,0.3949574839122473,0.4558023540292203
0,0.3845569682942681,0.45936412720525566
0,0.3433101470159605,0.45402873183210257
0,0.4256615473415815,0.45402873183210257
0,0.4319650510364145,0.45402873183210257
0,0.40061576634157675,0.45936412720525566
0,0.40495605463062867,0.45629163863087024
0,0.352260152266271,0.45593258037289464
0,0.46493132470305065,0.4543497970676832
0,0.4444212106504745,0.45074896446889956
0,0.5208823993907581,0.4662874230877393
0,0.3939714339246426,0.4603184468617992
0,0.3973561914875938,0.4607243770959792
0,0.40922956020807133,0.44757953237151843
0,0.4095042668752171,0.45803572219020994
0,0.3905854620208918,0.4563894672854012
0,0.3783731576766377,0.4591867980045881
0,0.4250668900021061,0.45107232307026107
0,0.4095228234751298,0.4506477214098199
0,0.3937463864992878,0.4501893807055341
0,0.4570635575812291,0.45034141016294493
0,0.3692741326531572,0.4464026177761825
0,0.4127402354232382,0.4508559566426857
0,0.3865638123724893,0.4508559566426857
0,0.4976711866589282,0.45432657678999083
0,0.4545358440026746,0.4492063878632047
0,0.4936678535899996,0.43439277849897906
0,0.4005485520180556,0.4285714097452989
0,0.423287023068898,0.4323640680981669
0,0.40061433664788687,0.4350539117068258
0,0.39114176311007637,0.44667030245778966
0,0.45802977977416337,0.44271306106524044
0,0.3581168371157259,0.43580573257206634
0,0.3921941308609086,0.4404938950165549
0,0.4137502974479403,0.4250271853352985
0,0.40747462823829667,0.43758387374130386
0,0.38801623460505497,0.4416747260641432
0,0.39175538372580343,0.4725855305148667
0,0.5185823863608688,0.5040870179097366
0,0.37666041669110667,0.5009751805985766
0,0.4046486316576008,0.487352182654559
0,0.388039337450449,0.4806847698549787
0,0.37649151206354553,0.48242163329918475
0,0.45206503320533153,0.47982827495480157
0,0.4180835309739532,0.47982827495480157
0,0.37343657800910296,0.47030201915671
0,0.35940313641953764,0.47766132892325597
0,0.4391159352124093,0.4797571236736707
0,0.4278455941933811,0.47744741695052845
0,0.37397937450480456,0.4784268011677002
0,0.4225406814993876,0.47000107720085793
0,0.36877780559985646,0.47000107720085793
0,0.47264628639385153,0.47090858232422766
0,0.4583225715257124,0.47090858232422766
0,0.5370141442639219,0.4881606062577254
0,0.38808549051116453,0.47174033654281744
0,0.40924928474502675,0.4658047642609196
0,0.376556254670867,0.45989615843158016
0,0.5162213225277661,0.46585508179724555
0,0.43573672150597925,0.45922291817208266
0,0.3877942752943464,0.4622518779256203
0,0.422916759936368,0.4601989649118745
0,0.36922396804498164,0.4607756708115904
0,0.4285524121137791,0.46055705750457987
0,0.4054783253417307,0.46055705750457987
0,0.4345476789332966,0.4632216677893825
0,0.354130405985756,0.4608226257872135
0,0.4238439248816637,0.46275179210140127
0,0.3628243367776292,0.46675866936653226
0,0.5028029253617565,0.46491244863295744
0,0.3571382266027909,0.46622139800727114
0,0.34274802638620616,0.46655170558700965
0,0.4934717513887986,0.4662090344838736
0,0.512319650678994,0.4697712696693665
0,0.4541353590824622,0.47821716782972057
0,0.4178656694061955,0.47536242424542996
0,0.4185795624974317,0.47835914370374477
0,0.4227551696406916,0.47785482331144546
0,0.4022883260812032,0.48366073946798255
0,0.38998515127136935,0.47553634904311626
0,0.45810741391331933,0.48425277997480803
0,0.3537586491027955,0.4871844518581073
0,0.38961263743982666,0.4925582444835045
0,0.4128383512798439,0.4914118718012382
0,0.41103798232465144,0.49951770456178296
0,0.40987751471008005,0.49116451855698906
0,0.3948068526802731,0.49918180874741735
0,0.37601081770363565,0.4990690876818144
1,0.765546608604187,0.5095106526970669
0,0.4316376175402709,0.5033756923140554
0,0.36712813437230657,0.4923161483307394
0,0.4392165888849564,0.48487235531501377
0,0.42175676050694855,0.48184843914718195
0,0.3982758974429914,0.4632792390541543
0,0.3607341740802063,0.4541964382393048
0,0.37616988965561776,0.45691851995338895
0,0.585906116611477,0.457032565425962
0,0.45787119828272327,0.4537190949394546
0,0.48222892951744084,0.45098151110553003
0,0.3659312447362432,0.4356153309593961
0,0.4777298896610981,0.4356153309593961
0,0.4494013869400523,0.43638882399782275
0,0.4495514363624025,0.4329582699899215
0,0.4357642858160524,0.433916568232966
0,0.37815825436299716,0.4356153309593961
0,0.4827398770462463,0.43470707906895956
0,0.43501029177380046,0.4429620657695339
0,0.3846313962811022,0.43192992510518174
0,0.368472662057299,0.4383001132330056
0,0.5188945841729439,0.4426558620298105
0,0.4207183334312719,0.45282758290138
1,0.765546608604187,0.4478667979686198
0,0.4069209421643663,0.44803176849630655
0,0.4236248343591612,0.4596026360804826
0,0.3820554652263738,0.45255414279899525
0,0.41429904740729145,0.4521390005681298
0,0.44286433336775993,0.4462599508139167
0,0.4185260136685129,0.4516710916635932
0,0.4397970645767446,0.45885604853527245
0,0.35524782323442555,0.4644779664764621
0,0.4196672024788601,0.4357820732194579
0,0.36347853112688683,0.4357820732194579
0,0.502204018395069,0.44990920580944277
0,0.4725603650085334,0.44937390248095027
0,0.38414146470560845,0.4333038950479105
0,0.46372711939483746,0.44350106131072553
0,0.5355599976314752,0.44443047522326823
0,0.46403375092784166,0.42381737279411524
0,0.40573582370996497,0.43118811965732434
0,0.39595945879704,0.43118811965732434
0,0.4547127396720287,0.4443599118968168
0,0.3692770037128155,0.43071708814198306
0,0.4056381373299868,0.43647794830531306
0,0.41320825983839105,0.4487269049092609
0,0.4312033484854254,0.4666184136932517
0,0.41055695137496656,0.47191690020708815
0,0.40444607975268676,0.4749735380090037
0,0.3879112681767963,0.4666184136932517
0,0.4104205639901552,0.4812859855440382
0,0.39571383037830604,0.46153878513757196
0,0.4003872323192517,0.4543638425085876
0,0.3751511717077664,0.44861008860014395
0,0.4461133260968415,0.46693022221224056
0,0.4178922257293632,0.4501967128227252
0,0.3599689107286186,0.44364932763163123
0,0.37453444809358144,0.44364932763163123
0,0.35840565150231196,0.44071590509964886
0,0.4666685120408984,0.45902108211187537
0,0.4444149861531347,0.4467430984613429
0,0.3840276698362862,0.44071590509964886
0,0.4258867710035875,0.4469155421353523
0,0.36389413092831757,0.4685395808692648
0,0.46425936831806475,0.4473561404402298
0,0.4724940887045208,0.4465001670782948
0,0.6318459196488708,0.46552512298038584
0,0.36697428223849565,0.4545804521066614
0,0.40551117156128014,0.4490245775860689
0,0.6687307665448893,0.4948576863169887
0,0.4501988132813917,0.5008621884324322
0,0.3607506972547287,0.4967077550598021
0,0.4761761439127744,0.4902689511501254
0,0.41170375577845797,0.4815504425404075
0,0.43651166633739386,0.4827651178903119
0,0.3695812763119228,0.4790369030298223
0,0.4986809035019865,0.47879861210314706
0,0.37462113595825447,0.48365741391469186
0,0.5543526119404539,0.48566757887768874
0,0.414482190901265,0.4833737441969324
0,0.36355253194951,0.48101392323592296
0,0.4810371473313016,0.48551989645077487
0,0.46630848689948345,0.4835763087939166
0,0.4038819436493213,0.4972286651644275
0,0.6362441308903387,0.498181284712494
0,0.37192397666294447,0.4971482965729822
0,0.41790210921172144,0.489306799966899
0,0.4192673955521903,0.4827625990528855
0,0.3577826025075164,0.48213966443582384
0,0.4325665574426139,0.48320614106267595
0,0.5128828495128352,0.4840900667642604
0,0.4167456450057276,0.48453982255731926
0,0.4628921319468025,0.4895025582910883
0,0.42495229876953466,0.5017566724366286
0,0.42286769494844856,0.505768782655465
0,0.52816647525624,0.5003289301418734
0,0.4171673953770825,0.49668338021540326
0,0.3804837724611673,0.5142407234512514
0,0.3856790915590147,0.5058489388998033
0,0.3709113308700522,0.5016626548010066
0,0.4826704594067972,0.5031739548298896
0,0.5024198110836903,0.5057541479625914
0,0.4135110029489451,0.4915522208918292
0,0.38571242003916106,0.4915522208918292
0,0.3532204149870043,0.49404103295451446
0,0.450205904184082,0.5048791403173187
0,0.44090524563908456,0.4947864561422006
0,0.3706533324808031,0.49875090833343794
0,0.4259602002829011,0.4987312837169741
0,0.35558377428012855,0.497321321332547
0,0.4768052300378557,0.497321321332547
0,0.6135195053505199,0.4967515695032269
0,0.668446780437573,0.5073893865475435
0,0.4072851991947942,0.5026193573742874
0,0.5259188843951079,0.4974874964361345
0,0.5330674631952493,0.5000343516017853
0,0.38230164054738014,0.5201982704426567
0,0.5103448331627662,0.5124509886446668
0,0.47088267972574055,0.5133211431902408
0,0.5509091008304862,0.5122559588765775
0,0.40932755868782855,0.5158935027092348
0,0.4350713739684063,0.5083550633848201
0,0.3691736931952093,0.5324311785231051
0,0.4609267822649561,0.5336849801616703
0,0.3712016380850328,0.5122486800552314
0,0.43524180489878894,0.5148037630503912
0,0.3822020059619829,0.5251385512495068
0,0.48182960234001565,0.518731474163461
0,0.3915115523450231,0.518211653878065
0,0.4188274546408014,0.5049574609096594
0,0.38831319450754087,0.5049574609096594
0,0.48897861282671795,0.5121845623566922
0,0.4821938798843465,0.5121359972019007
0,0.4229616413560951,0.5013708343720474
0,0.4223485286302214,0.4472077065361253
0,0.48882426395239753,0.4578297825512421
0,0.39838424169255005,0.4493405901642289
0,0.4634562124320935,0.44691839361168323
0,0.412240608890129,0.44801124667626946
0,0.4100381621091176,0.45750662986355545
0,0.41196384654488916,0.46557338156346306
0,0.4747510407642574,0.464022603717756
0,0.4188245662595599,0.466821239682942
0,0.4414377393152471,0.4551354509862378
0,0.38016659794154656,0.46738490579286457
0,0.3889947110571134,0.46651487073838405
0,0.4455243273712829,0.46651487073838405
0,0.3702629418676654,0.4506869334713104
0,0.48074528012077244,0.4615107128689204
0,0.4130073589635348,0.46182973569484304
0,0.38703071834676067,0.46364534016047926
0,0.3505282474329405,0.44851244783772803
0,0.454244507775999,0.4643185664980031
0,0.43784965625986333,0.4626933257703278
0,0.4433415008791011,0.46738214287033936
0,0.42072083629264256,0.4517551626192803
0,0.35293588486221655,0.46656883343587124
0,0.4769964841095722,0.46565479861383235
0,0.4292048259628396,0.46373859601434314
0,0.5307347500412376,0.452742904564455
0,0.44580310877306434,0.46001105308696555
0,0.39244251861980145,0.47615154067175375
0,0.41273785923753126,0.478531078575041
0,0.6910746996489444,0.4979364912346744
0,0.40255169139088154,0.48273149675140326
0,0.47030961437825736,0.4862845400686058
0,0.37166354356793174,0.4955546423310524
0,0.4326465649641147,0.48146390037830067
0,0.4364210541753377,0.4819476081283151
0,0.3961387429428685,0.46541453987894504
0,0.469173163148168,0.46984467845433975
0,0.3574313846341162,0.4685495430579882
0,0.43771676493621525,0.45359354646146294
0,0.38840046276441786,0.45359354646146294
0,0.5323028423539808,0.4681466386784059
0,0.5046041522859129,0.47051015907564314
0,0.4840542726043471,0.47296043919617453
0,0.4958980575081727,0.4665403121429168
0,0.3915855855554932,0.4750140283094716
0,0.4206105719076576,0.4703039995033571
0,0.4433648694209287,0.47889260424418867
0,0.3935131335472135,0.4758142880929119
0,0.46007391937036357,0.47332138569705656
0,0.37838474770565445,0.4701400728800514
0,0.40325514872115903,0.46995833342649673
0,0.4134820574928211,0.46260883965305744
0,0.4286550212499631,0.4714107584086351
0,0.40478528042258904,0.4839525473826199
0,0.6459323076377167,0.4938179971242829
0,0.417953618366081,0.49710640209226914
0,0.3766202166809293,0.48814116521517725
0,0.43609728055441455,0.4848467874491229
0,0.38183473691562103,0.4898237224993759
0,0.3780881333513815,0.49068690159707545
0,0.4697100505620432,0.47292869277029204
0,0.420192893518891,0.47292869277029204
0,0.36309133295915136,0.4766024769912547
0,0.36820100737983014,0.4814922639170467
0,0.359736121579508,0.474514831884067
0,0.46494545258456715,0.474514831884067
0,0.4393211223947246,0.48356143503213356
0,0.3855909064718746,0.467114543377664
0,0.42690640782870115,0.467114543377664
0,0.36691114538295894,0.46965252322240686
0,0.4654174842139162,0.4673889116300524
0,0.48231683141325926,0.47870579554876613
0,0.5572494637489434,0.4728064077434722
0,0.5318800884916116,0.47603971515246035
0,0.4103687470176967,0.4750404860721175
0,0.3746878761445405,0.47900742717557493
0,0.39681030317022375,0.4708279415344453
0,0.41459111872365145,0.467800558885611
0,0.3663286786594553,0.4711770909631218
0,0.52870375971873,0.4749661925301783
0,0.45756223833512744,0.47503981521051086
0,0.36756256109263186,0.48669466284573926
0,0.45118523966675667,0.48500169516993685
0,0.45661374814674655,0.48806365758714887
0,0.39191559719979974,0.485511765385665
0,0.4608558481420538,0.473458845887574
0,0.35707081756348213,0.4674920016787835
0,0.40044929350817227,0.4760039660481917
0,0.3644645191544101,0.483968596296634
0,0.35398244712837934,0.4895372031098853
0,0.3429126254102571,0.48166944920771915
0,0.5100475344569035,0.48712005409354686
0,0.5054701189493104,0.47814652627314685
0,0.46861048824782997,0.47814652627314685
0,0.41953882514397256,0.47915433209065666
0,0.416578149737457,0.47280301386583784
0,0.41995352008103765,0.44500055825712603
0,0.4426383028196239,0.45932011773067566
0,0.3915935659047072,0.4509123504349303
0,0.4554202169573715,0.4531296204285435
0,0.3847872463731395,0.45164398164428504
0,0.399982755154775,0.47347041669996504
0,0.41325652174227784,0.47030950339990124
0,0.41058210032823655,0.4689360040415602
0,0.4277291713425082,0.46855851924483904
0,0.40749300411658274,0.47263756112557254
0,0.3764350206081351,0.47128040632636387
1,0.765546608604187,0.4707442543342441
0,0.42155225765833704,0.45989039203186316
0,0.3861473041855429,0.4610818856506621
0,0.46168611939739185,0.45327988525599605
0,0.410569541405238,0.45327988525599605
0,0.3649627232021972,0.4521282713299815
0,0.3637119311813359,0.45662988974809376
0,0.3673374708652443,0.4469126664667016
0,0.585906116611477,0.45598896424161467
0,0.4576428754282956,0.462098345362495
0,0.49102416678648747,0.470722157554648
0,0.36684333023373195,0.46840962116864826
0,0.47850107147430276,0.4736869662743017
0,0.453407342205648,0.4736869662743017
0,0.4127686646745509,0.4765089106890896
0,0.4341221781713729,0.46817855023637334
0,0.3791320846007536,0.46849542061946814
0,0.48785242241258464,0.4770971894526563
0,0.43262677292414226,0.4870825772314549
0,0.453473861329367,0.4917600061134368
0,0.36419195984575276,0.49207926118826195
0,0.36668510824348016,0.49393054694879246
0,0.5149506558872716,0.49421323274365614
0,0.4216332526899426,0.4860396016955355
0,0.41209637571634533,0.48616180813395843
0,0.4413805090323303,0.48578278954457593
0,0.37629805275449546,0.48958503771079226
0,0.4935950494097201,0.4978571430175498
0,0.4303199388008502,0.49201386288865107
0,0.370909552889484,0.48880494997037227
0,0.44602215643102333,0.4723249073954618
0,0.36793161779706246,0.47768140716119456
0,0.46815329408459494,0.4881840601611923
0,0.35893735859429426,0.4857548229238607
0,0.4189115880882478,0.4734231225422024
0,0.3665723863485492,0.46242378947777607
0,0.490163424799124,0.4732832631659176
0,0.4803791482635891,0.4754575407041625
0,0.46690613937397163,0.45332264959140894
0,0.5367317523785476,0.457042350801885
0,0.4194135489625385,0.4557432358782087
0,0.44427901711188894,0.46165992588281196
0,0.3919345953510785,0.46633676535772156
0,0.45742993779512175,0.43762941001789124
0,0.39496578104221924,0.4246854901150232
0,0.39913918284721667,0.4400889256520019
0,0.4035258131796367,0.4607536898814957
0,0.41326091563022344,0.45583096496601383
0,0.42583405608690644,0.45807675251315316
0,0.404509623778509,0.45378429848271745
0,0.40639756291678275,0.4532495377408182
0,0.3757634483262467,0.47427149526977735
0,0.4331146475135566,0.4658538646622268
1,0.765546608604187,0.44546929552182296
0,0.3864747549107802,0.44477226656665375
0,0.4721037218365923,0.46605040879576093
0,0.42562353473776426,0.4630949791524741
0,0.36441977965426126,0.4361212483235444
0,0.3630098106332447,0.458429709796135
0,0.3540098099679737,0.4637220507758145
0,0.46463668469724817,0.46985893059612505
0,0.44337048964473164,0.46985893059612505
0,0.39806383730986405,0.445288231898579
0,0.425443543179204,0.46708827191460334
0,0.36430730959649665,0.46985893059612505
0,0.4742258604506162,0.46985893059612505
0,0.46545478113096167,0.4621571252102929
0,0.3766500235577541,0.44581179670572435
0,0.4142379634886618,0.43127557989523496
0,0.40707567588736604,0.44158676541363256
0,0.3610286116039501,0.43095136741757556
0,0.4183434234151021,0.4299620279338217
0,0.4560855861958281,0.42715051807004906
0,0.4516341237004248,0.42368395678796483
0,0.39611119104654957,0.42039542080942327
0,0.4649475270288039,0.4339109364815755
0,0.3613340632068344,0.4225013575081569
0,0.39943031835787396,0.42732944758377445
0,0.3856806788742425,0.4261520530845882
0,0.49024150021744123,0.42450140757173693
0,0.46865082404800446,0.41964291971945683
0,0.37884274720016287,0.4339759139259054
0,0.36406202871579846,0.41929498036124463
0,0.3671199366023265,0.41504766887085365
0,0.3617080228430756,0.40783240856327313
0,0.45572190093522386,0.4078076658643394
0,0.5195105091054046,0.4117245178576147
0,0.47033782708601984,0.41770654251893896
0,0.4559657969136394,0.41567531628753623
0,0.47889216411800895,0.43763218876495596
0,0.516838649101989,0.43739547944039475
0,0.4361071651747971,0.4434550840207144
0,0.41710033403141944,0.42645516573426834
0,0.38292222574291657,0.46234556988569586
0,0.4011422183152868,0.4515464431682767
0,0.36595464214820217,0.4515057751831231
0,0.446577116626877,0.4425449563643085
0,0.5146140067252347,0.443372719680678
0,0.4037034908504024,0.42996881009917537
0,0.373238159837078,0.42996881009917537
0,0.3670456280988638,0.42760421105103
0,0.3495980291712339,0.4281618739381909
0,0.4617923519971124,0.42939130999501585
0,0.4572702779766725,0.42608593876095985
0,0.37628470585510243,0.4218682160958934
0,0.4339478700748508,0.4282658012159379
0,0.36591636010155143,0.42706354505324523
0,0.47647585395522507,0.4271868644136553
0,0.5314826994321856,0.42751199395814243
0,0.6269715077951671,0.4345294072365071
0,0.5388701628339049,0.4287172602856842
0,0.5003366911421641,0.42698264805696334
0,0.48741654234797704,0.44368784821444057
0,0.3600728411476354,0.4482282551222184
0,0.4449246228157788,0.44793212673890154
0,0.49674799425165517,0.44997270566710185
0,0.4890037299170776,0.46034655316555884
0,0.3900953474021083,0.46357502382280324
0,0.4138442520209987,0.44836683694227275
0,0.42537924607400246,0.4502816574434015
0,0.3754569466049853,0.4546204313058684
0,0.47314058873697895,0.45799093640587674
0,0.4542787919890292,0.46261710680182627
0,0.45243945570909333,0.45990618054321303
0,0.39194090177907687,0.45648726096558506
0,0.43762992601980966,0.45663528723010155
0,0.5010671507465739,0.46024513573091874
0,0.39106027557466344,0.46504295730200146
0,0.3991305800323733,0.46092726043556026
0,0.38473371270783213,0.46074962328087316
0,0.49693860443055976,0.46367846639028915
0,0.46149386738076514,0.4639771777074776
0,0.4297201870862488,0.443631439804461
0,0.47327755780027214,0.4377894134421484
0,0.4297483879896582,0.437086663359393
0,0.45444842057561347,0.4465033665350805
0,0.4877195154985721,0.4312418850845648
0,0.4279397140966462,0.43635095108897093
0,0.41464612588325744,0.44983319415986117
0,0.4886092018434677,0.4563356437308078
0,0.45430351002542635,0.45601853780766727
0,0.3883366447029705,0.4318041119090552
0,0.40463894102595305,0.4499355150952172
0,0.4338951486749299,0.44338145883008356
0,0.35965329499666193,0.4301072365954688
0,0.48697457321005416,0.41360030958854677
0,0.39311331008411193,0.427801189371326
0,0.38759607605790003,0.416129702287987
0,0.3512423850742366,0.3850324532681563
0,0.4111533637905182,0.3843751676759356
0,0.44441799865694703,0.4037929711309796
0,0.43511407697086135,0.40778986808807505
0,0.42324789563082243,0.3865051489904516
0,0.3583741598536408,0.384088937740459
0,0.45551675046730855,0.4030375356594158
0,0.4326488474464645,0.41168558888363777
0,0.5327876978140286,0.3881853254114492
0,0.43018843374776045,0.3855733372026035
0,0.45982281999054825,0.38056293930640156
0,0.37795792404166395,0.3856707333925084
0,0.4126494088066859,0.3789038623363746
0,0.4068784212771751,0.38319928793760366
0,0.4231922858313503,0.3823069707694272
0,0.3581755153110281,0.3720985393638808
0,0.5716046809667408,0.3897963702409227
0,0.43179683366007243,0.3871920570825799
0,0.37629296339059004,0.37775672002956745
0,0.4417403649018249,0.37085120192367343
0,0.40181233699866276,0.3761864722606557
0,0.4803790282985317,0.3724074543197247
0,0.37636114546906385,0.3678163623414227
0,0.3822245061321979,0.37710256015779586
0,0.38661165184524954,0.3952179453144999
0,0.5066616570099571,0.3811120328658832
0,0.4474107489881222,0.3967548489233809
0,0.49632435889508725,0.396907237448583
0,0.3986548650575716,0.39213796168198206
0,0.4256690541580154,0.40274305523984216
0,0.44623127657096123,0.41016592996063606
0,0.4015820157829269,0.41223535163387315
0,0.43513962266704037,0.4128461608330285
0,0.39628574322540117,0.4244593021432417
0,0.4061398585299061,0.4226565969778668
0,0.4152500168703869,0.41361795336037066
0,0.4357715470337963,0.41788528895390586
0,0.4066627591809354,0.42326159810186054
0,0.47680077486543476,0.4356123370124114
0,0.38299292935846574,0.4395035021994652
0,0.40343617460572573,0.44846775220013313
0,0.4231232202432774,0.43969898984287764
0,0.3638467748172855,0.4289118580634956
0,0.469083755044927,0.4193556552507869
0,0.39044998100560363,0.40982551523608146
0,0.39304387638054705,0.41035677942170096
0,0.36063406895824557,0.4002035386763071
0,0.41479116288609824,0.4076777288585137
0,0.4507483255784902,0.4088906135761857
0,0.37553851964005724,0.4087297224981183
0,0.42514281724600334,0.40206698566589694
0,0.36715127346225906,0.4020181886816892
0,0.4687104794527995,0.38865257039577494
0,0.45323996218922774,0.3952198797786528
0,0.5526015173641713,0.38846162883539415
0,0.53526828875711,0.3932069738618118
0,0.3827965973170418,0.38019171432148435
0,0.41341818833786304,0.3933257213853384
0,0.3716520825474343,0.3833271115754893
0,0.508570563792257,0.3862229187840828
0,0.41277194895697383,0.38709416445561096
0,0.3703424284176007,0.38937126113196513
0,0.4596311802288621,0.38625838701590137
0,0.44177298471265536,0.38384745116009444
0,0.4951223676367928,0.40104317425705477
0,0.3786475202477101,0.4092037690419111
0,0.4647126081247789,0.3829538807133831
0,0.36593406681133217,0.3830132717073287
0,0.3644660097696776,0.38127855935304605
0,0.3910948202053694,0.38811253780185473
0,0.36523664062886946,0.3834624070843345
0,0.34578505838385964,0.3845194288205754
0,0.5065500332368483,0.3878945050314989
0,0.5232143083618406,0.39987555119075896
0,0.46920614980178676,0.4006634954531609
0,0.42530601402667934,0.3916328874221415
0,0.4147800159962463,0.37937820395961763
0,0.46954540789604765,0.37980130258446326
0,0.426211725550915,0.40375498345588295
0,0.4460260127295187,0.4140703759816885
0,0.3980944597941924,0.4177878215811883
0,0.4347564302429404,0.41537523990557207
0,0.4606621289605745,0.41739466302208805
0,0.4062427522746473,0.43118854410261026
0,0.41536496498426917,0.4330415800802869
0,0.4102205933988372,0.4206293105179355
0,0.4363756715673828,0.4267953640644198
0,0.4129405665834398,0.4397751792319757
0,0.3823519592833904,0.43752773651444765
1,0.765546608604187,0.4501501300494408
0,0.43030443860756246,0.41911830741863676
0,0.4134494270857247,0.41574895984239796
0,0.4737165859304885,0.40954510834067287
0,0.3712626719871416,0.3875099774528022
0,0.37670673305046715,0.38262168531218277
0,0.3742762332485871,0.377092811770769
0,0.38111803452851606,0.37654651073739975
0,0.37365991699118456,0.3752928782017445
0,0.5869699029431414,0.37782471070688495
0,0.4780069345938631,0.37765494211821143
0,0.4978381935762537,0.3770705272379026
0,0.374379293586428,0.37576303240799247
0,0.43235201734545003,0.3762615780879645
0,0.5620470282554758,0.37440189131318713
0,0.3859233507088536,0.373329097675799
0,0.4315334193463115,0.3747851108546971
0,0.3809453465730923,0.38450723969642164
0,0.47979682599961765,0.3849081238713969
0,0.4371886993166471,0.3718764199072541
0,0.3675443320511707,0.38167482432936356
0,0.35627241278473143,0.3778009516792975
0,0.5082787358444556,0.4011587951868744
0,0.42827256456929164,0.39208993714107643
0,0.4123504005320471,0.39348583757244754
0,0.4124050359640434,0.3911267866212453
0,0.36746215070122945,0.3962594086452024
0,0.4514826989297203,0.40528438196518474
0,0.5600165918316318,0.45125049164442343
0,0.3972777136050292,0.4424050854081478
0,0.4720493661936594,0.4389030787263886
0,0.37589876999764205,0.4329189479846731
0,0.38910082475543056,0.4446024816645358
0,0.39157707208637926,0.4578171321043754
0,0.5160656003396861,0.46151444899055233
0,0.4695721204006469,0.4744565466717227
0,0.5377172640982643,0.4468961249933295
0,0.43794640098472915,0.44915904902750414
0,0.473091974835309,0.4525302369967171
0,0.43003670474928796,0.45625818530217954
0,0.4460529875832169,0.4479092017353086
0,0.4500431184781784,0.4253204139442698
0,0.4108360094665706,0.4106018227755013
0,0.4294813495860019,0.4157027104030896
0,0.4150107896680105,0.4165231738431913
0,0.43535906954427467,0.4501025867268047
0,0.4071976242148529,0.47238877531593465
0,0.42113987273056386,0.46973352247680056
0,0.3999734194196183,0.46973352247680056
0,0.4369830945646774,0.4639826228477893
0,0.44885915115591607,0.455558913580226
0,0.4825719625954162,0.4562372377141995
0,0.3887867666317444,0.4575132586523241
0,0.39200529020145836,0.4525468889736493
0,0.37357881415892613,0.44162403856427807
0,0.3640369695340777,0.44580950665523955
0,0.4214615302822772,0.45010315811150164
0,0.5470003673460159,0.44940609804980086
0,0.43893909465522535,0.45180806648753885
0,0.41617945281025154,0.44749634299712937
0,0.365353013499696,0.45211908901568093
0,0.4712149707351378,0.45211908901568093
0,0.4682783001055923,0.46054941388160864
0,0.4967269464543925,0.45745864073802484
0,0.38036950999763497,0.428532666033669
0,0.41308819624847976,0.42733805294584865
0,0.43795449408478443,0.43061720396725445
0,0.3685710976959844,0.42509333210729183
0,0.4654759674612198,0.41872085125855646
0,0.44975496608064447,0.41704493822494026
0,0.37841646603435586,0.4193090938386643
0,0.5417300828995738,0.4057076338352632
0,0.40275093719669103,0.3863202749006909
0,0.47606555314400023,0.39149933003374665
0,0.3770922349618323,0.39017742006122136
0,0.39117997519503966,0.38332219893115677
0,0.3956625953837667,0.3911100634730398
0,0.4705394495900542,0.39201640845833646
0,0.45710855964225233,0.39220567659736066
0,0.5298634575556127,0.4016811166417327
0,0.401091339258879,0.3978138671877103
1,0.765546608604187,0.4081913046936253
0,0.39246866921417045,0.3996420027298078
0,0.36556005549598974,0.4004327402586388
0,0.3726818197123509,0.3925375837702168
0,0.36120118805860474,0.3911328611237798
0,0.4622745113247478,0.38592133795902
0,0.4878764669920173,0.39109169819543804
0,0.4903719588820187,0.39811674771802785
0,0.3678260119020286,0.39199018013035225
0,0.45423184649635795,0.38544375565074346
0,0.5408032239887395,0.4018296024556451
0,0.5033911120243373,0.4029930484582645
0,0.47021151120539245,0.4029930484582645
0,0.4234693488174937,0.3987907225610536
0,0.3832269158390681,0.44149169429952434
0,0.4079739556877019,0.4322330433053223
0,0.38342345090403435,0.43142438633595387
0,0.4746672119636288,0.42284342481994897
0,0.5343327993694427,0.42812232376562337
0,0.37394527434171826,0.4206128189319672
0,0.37052707869662854,0.4206128189319672
0,0.3523050440120171,0.4207765479952546
0,0.4072801750702821,0.4297146030094246
0,0.5479729040319208,0.4190036524884869
0,0.38371059505728494,0.4181085437825165
0,0.41172557154198636,0.4231699184903944
0,0.3589745162963811,0.4181279362753545
0,0.47462338528851206,0.41869540177426856
0,0.5234969536627582,0.42255827790336775
0,0.6275779761488401,0.42688613584683427
0,0.5378339425872026,0.42209517022998194
0,0.48680195293895623,0.4216386818810181
0,0.4620362405312661,0.43041415455845505
0,0.4171923674295237,0.43527706422092316
0,0.4347694814927936,0.4349647590156613
0,0.5532528197053854,0.43691047085699647
0,0.41584597920559785,0.43751230124203266
0,0.40791883886371316,0.44637581301572443
0,0.4163109492642625,0.44315932750108405
0,0.5076954620646579,0.4563187067777281
0,0.5525184741703838,0.4442184421983668
0,0.3812837149486731,0.44715950898179163
0,0.43878696202419804,0.44516698179387776
0,0.48365130986861893,0.45207389257856845
0,0.3889638005537582,0.45034611321042833
0,0.3828700211367236,0.4401811817382667
0,0.3880877835588258,0.44128617418299493
0,0.467795606188542,0.43636703708648117
0,0.4532484609525733,0.4359416050836818
0,0.4463375594810582,0.43148533937992284
0,0.44467603732857186,0.3841415838749945
0,0.4580083403519038,0.39015467458498326
0,0.45932734775830975,0.39257113597828913
0,0.4647922285217593,0.39457269709813014
0,0.4511118038473816,0.4040323150983883
0,0.4478598823595316,0.3978930587083022
0,0.42075558980763333,0.397014317846591
0,0.4842146471637794,0.3981192886513603
0,0.46111367805666864,0.40178473273500775
0,0.3936787964698014,0.40855639176176506
0,0.4150607549998521,0.4017556206571123
0,0.47310370477498187,0.3927312086578546
0,0.3551430136397542,0.39275397519147875
0,0.4842381853767107,0.39568906278699256
0,0.383170628714758,0.38960056465497905
0,0.39288130819044537,0.3899892159354581
0,0.3758632374720143,0.3870669114648304
0,0.35002150221066525,0.3891400933701375
0,0.4014606306485973,0.3864188981209513
0,0.5434174442240303,0.38467527450806294
0,0.40343025800129434,0.38602846175098315
0,0.4103783179747279,0.3890789068436765
0,0.3565672296655137,0.3858716352177748
0,0.4515291855445097,0.3860021950341573
0,0.4443912131484712,0.383835473657015
0,0.5212280929902576,0.38862534060082554
0,0.3954435862588637,0.39084968447439616
0,0.4328592426606003,0.39085681122525023
0,0.41366365580996367,0.3946002600071603
0,0.4019569272946333,0.40289724196254084
0,0.3776242135053021,0.39069034117436063
0,0.4271086194893852,0.39006319565379344
0,0.419235917337043,0.3886515405292515
0,0.46281915548984637,0.3957790720309933
0,0.5432984261695325,0.38893272242397353
0,0.46969540314543506,0.3881945464911275
0,0.3657102924267304,0.3770104455366171
0,0.47803338008159174,0.3792404977333498
0,0.3784930704541492,0.3767753586431949
0,0.37830168707404405,0.37214544447230835
0,0.3880133412080912,0.3837912462502852
0,0.48210098036827814,0.3769784816524814
0,0.44204946470805806,0.37483001379991177
0,0.4831854068668525,0.3728335117848108
0,0.41969818022316663,0.3653606839443725
0,0.4271815244354409,0.36984361076926303
0,0.4613368470187131,0.3795475536111515
0,0.4241652919721066,0.38331441243613273
0,0.44089922180864255,0.38734472952759375
0,0.43345726083344605,0.3978372345885142
0,0.43677016787879464,0.39813861537877193
0,0.42126430499088835,0.3889527672719738
0,0.44876506689964696,0.39714685646163866
0,0.43474083159800603,0.3972041125825823
0,0.420318128540027,0.4134009349533655
0,0.37887221548789524,0.4213168640229601
0,0.4603920548621035,0.4224651162319569
0,0.4018687111862443,0.41858963119499837
0,0.46575939779721465,0.42027224076830044
0,0.3915111704584141,0.404904102996058
0,0.39441284222551176,0.39711854765410687
0,0.3640117630008741,0.39645536991177166
0,0.3616652889503861,0.40000808006890676
0,0.411617864962899,0.3925282565729294
0,0.5339818336786308,0.3925282565729294
0,0.4011160283265055,0.4046006171091343
0,0.41998766447556884,0.40849862763573414
0,0.36715127346225906,0.4047516988051695
0,0.4732794140068517,0.3886361469885343
0,0.4627886350665283,0.3832876467952997
0,0.5739566493141101,0.3759334265486214
0,0.5389582486202359,0.37209534421975327
0,0.4338070931494434,0.37704320436213606
0,0.42409589307683276,0.38312427609087757
0,0.39480882745797563,0.38895128975634696
0,0.5005253228468438,0.3909401582872252
0,0.39588087566985947,0.38877188407245533
0,0.4214798811554492,0.4078381349276916
0,0.47738738981231754,0.3983810122740227
0,0.36748666545566316,0.4038351967168596
0,0.5510026720392798,0.42689269309766925
0,0.4202399191949379,0.4463035666699031
0,0.471012117273327,0.4622896475356617
0,0.36618412236777614,0.4299469907987985
0,0.375492625832152,0.4081926284032939
0,0.3882034097790086,0.41031498275101896
0,0.379846283236764,0.42348828755187196
0,0.34983780551745597,0.4050464455446838
0,0.5029273970734683,0.39952722020435755
0,0.47557070401495655,0.3986113432988859
0,0.44531358068844956,0.4318599964630126
0,0.42766525079603973,0.4141656833984176
0,0.4123367645903433,0.40094611281429016
0,0.45360384330282844,0.3963014782452538
0,0.4444361458608304,0.39638148534108725
0,0.4087378603319141,0.3899517142194845
0,0.434687244499105,0.3881116692265494
0,0.426908337383511,0.3953037924214997
0,0.41809085365665793,0.3908455128589721
0,0.41023495857416226,0.3889723445985019
0,0.40298057255151676,0.3794607779155765
0,0.46027088190524074,0.3955974360677467
0,0.4285326218902816,0.3999807979322843
0,0.37680791184702894,0.39826923293935473
0,0.4612423462544069,0.3864502066815698
1,0.765546608604187,0.38365433369515417
0,0.3791078504058304,0.3900646326627106
0,0.46796750792261615,0.37809810780514386
0,0.39227266352110557,0.3749944523803744
0,0.426595453953783,0.3700395939375597
0,0.38272496476288925,0.36991252075516806
0,0.3642359551122396,0.36696638275112375
0,0.5881198931455488,0.36346811124426953
0,0.47966447585280103,0.3630408955467141
0,0.4866583878309163,0.36956114922073313
0,0.3995428402801677,0.36175852537308384
0,0.4550065374981415,0.36175852537308384
0,0.5499994514367398,0.3627075648034496
0,0.4006610801932663,0.3660087878124056
0,0.43000131164390776,0.3627515902625209
0,0.3985606609549644,0.36175852537308384
0,0.47529925547121815,0.36180243563771025
0,0.430641213146983,0.3643477277911344
0,0.42182928655942986,0.3641526086417075
0,0.3629142511682423,0.3675807497680197
0,0.5052239914276174,0.3797607834259107
0,0.42323690857562435,0.3778288971758467
0,0.40209914145173087,0.38278335115195894
0,0.4090721722282478,0.3841579475136426
0,0.4201717309966232,0.40010227571721924
0,0.45979101758544755,0.39591352600208946
0,0.4593869844113489,0.3886459852711897
0,0.5543534425883017,0.3783544456187287
0,0.4091119178270919,0.3700376992450535
0,0.46622695672438164,0.3708439920031175
0,0.37842031543594934,0.3882949588462401
0,0.3944379068468485,0.367710688408945
0,0.36657364130733006,0.37157560226003694
0,0.4755161569487938,0.36756131854186574
0,0.4561453888067831,0.38658849348583674
0,0.462262370033412,0.36914753815436924
0,0.4964031264111355,0.37162300750254856
0,0.4757794719397994,0.37274932981278325
0,0.4665476961513794,0.38629856119722294
0,0.43389713232431387,0.3774520408182452
0,0.44935692213320144,0.37805680064609487
0,0.3984761654912043,0.39553237191254437
0,0.4057461720630318,0.3944743343826973
0,0.4457928831442173,0.3878824160059198
0,0.4073816868965255,0.372534840528565
0,0.4495471432327685,0.37527413346568633
0,0.4052689669753112,0.37080129360866726
0,0.3993105556956114,0.3781112050859366
0,0.3962194955572419,0.4034437275968958
0,0.49938322310935807,0.38828352521177106
0,0.3940608918552139,0.3886185643057543
0,0.4894445406411145,0.3831069471731608
0,0.3870798823417005,0.38087614317083623
0,0.40126283032572196,0.39733994979449133
0,0.38795051842503725,0.39496547408782723
0,0.39217989042888235,0.39451518162574045
0,0.44012814599426703,0.39451518162574045
0,0.5353401179992578,0.3896370142338425
0,0.4504167987619959,0.38719515544050886
0,0.4234129516031341,0.3906171048861072
0,0.38479809815246147,0.38963935682390927
0,0.45758128544518734,0.3928780926372428
0,0.4899861541862041,0.39560726629706255
0,0.4531373317304132,0.3950795973137362
0,0.43427098532135955,0.3748811538916971
0,0.40469716269152717,0.37792252556536
0,0.658688934040192,0.3993674913390602
0,0.4269639916127466,0.40940919613714977
0,0.4215159876326507,0.38977239496852717
0,0.4234518873985995,0.41671031595658553
0,0.48122436739687713,0.419330138378715
0,0.5499433869853613,0.41461190134033193
0,0.4181629603999893,0.40484170014409365
0,0.46122759199280755,0.42203315709672545
0,0.4456223959388547,0.4168709592769807
0,0.3996545818656647,0.4026069332260741
0,0.36714650754649625,0.39269830000286143
0,0.4372695428989217,0.4079800974364433
0,0.48654782767061877,0.4244729207372311
0,0.44157221677226255,0.41109987755028726
0,0.4162531593672069,0.39076890365692657
0,0.3843775037316078,0.3805106332028231
0,0.3827335815582157,0.3823874080688272
0,0.41990310984288665,0.3857076158508632
0,0.4198394671084924,0.4039894981044096
0,0.43739174435797273,0.3935354033109067
0,0.5060979679920726,0.3815206693411037
0,0.4443729274930533,0.3848949411228444
0,0.5459394739445385,0.4027514097545093
0,0.5013025843421626,0.39525586480282876
0,0.5675624823366748,0.40660229414826315
0,0.6752892583067722,0.40635638825892506
0,0.4625997529651145,0.4031214169709105
0,0.3861189412442463,0.39657678810622554
0,0.43130072168905254,0.3894573561588949
0,0.3717967076942024,0.40996797113629585
0,0.4739159409985279,0.3960137203936662
0,0.4375896947291466,0.3925731733143646
0,0.39250453182402756,0.39422043207329993
0,0.38773772104060983,0.3953478690121482
0,0.34564644873425826,0.3912557522194003
0,0.4039800654482001,0.3932523278855115
0,0.5589816154645646,0.39820796215306675
0,0.3977391310324966,0.400045566899637
0,0.4072383549827175,0.40032689090119045
0,0.6211649525753836,0.3997739469503156
0,0.5343656199923024,0.3916008072801824
0,0.3933401540911238,0.397071737032988
0,0.49041526664545204,0.397071737032988
0,0.5387493626832267,0.3962130892938723
0,0.5710277137859456,0.39745380315664663
0,0.497933608804119,0.40431910621108347
0,0.4084865118741892,0.4112132563399146
0,0.4329285933714611,0.4191878270758471
0,0.49674799425165517,0.43068658921313646
0,0.46599906028980365,0.44488381714284175
0,0.37848754203679086,0.4469620787315213
0,0.4858594268007483,0.4509216471011209
0,0.5286031453691723,0.45663511798332
1,0.765546608604187,0.4390232065818034
0,0.40360405553039197,0.44839583049576265
0,0.4186355150745758,0.4400519644382533
0,0.46604446477408373,0.4389446570064689
0,0.4645364831979085,0.4371911963128965
0,0.3676194431922793,0.4401708913869765
0,0.5878355644904879,0.4468266157340393
0,0.36984669150967614,0.43498802190041336
0,0.3745640098455236,0.44354413370608625
0,0.45528155941768816,0.44653383608590613
0,0.37732300331777957,0.44653383608590613
0,0.39134622186590307,0.44653383608590613
0,0.47596406348892123,0.4469645712896231
0,0.44212282887361903,0.4471271447708286
0,0.42800494153434215,0.4516728903598614
0,0.5090475967007426,0.4052811497232258
0,0.46671602305004983,0.41141022259854704
0,0.5021580240597042,0.40881573752786127
0,0.549705996314712,0.4158798592662714
0,0.4207627941104105,0.4147631804442448
0,0.5892868236810123,0.4125690135676208
0,0.508299191398892,0.4329924928835153
0,0.515082774013358,0.44681344871356193
0,0.4604923097871027,0.41448565200760074
0,0.40933863995075925,0.4436833978115927
0,0.4122356943844647,0.4456303040444882
0,0.45905282749814114,0.4419354359684205
0,0.3710101794729034,0.41260695821693183
0,0.4354664980140312,0.41844927949814464
0,0.3969758436578465,0.42880042857166856
0,0.4144022117808085,0.4426863198458487
0,0.38103550372943207,0.42642324754952743
0,0.4312131498337311,0.4409371114652077
0,0.5836911524980438,0.44332923991193984
0,0.37281321373754606,0.4441585155333327
0,0.41190960815561267,0.4414188841656439
0,0.37976700546444647,0.43039309070838166
0,0.4732581109174994,0.44156823841510023
0,0.4265659167678088,0.44795355114167945
0,0.48193529757568637,0.41838218093638285
0,0.43229825540180805,0.43749209300680664
0,0.43093768071790417,0.4256071072082988
0,0.5083014454462609,0.4197890363268396
0,0.3921001793256132,0.4080335709540749
0,0.4208073572403152,0.4006298501966342
0,0.42167567467780814,0.4088580088023546
0,0.5890243488757239,0.4015655624096549
0,0.4647860904035105,0.3962088302337997
0,0.40049153224290895,0.3804600664570686
0,0.4459967488515408,0.3776275472158643
0,0.365373188877513,0.38030107426832377
0,0.39389339773388093,0.393593690942496
0,0.3920512432133766,0.41193220513068696
0,0.4850684160419293,0.39717288613450624
0,0.4680372074848519,0.38635634753946524
0,0.4772630415101349,0.4045181198661915
0,0.38568836988767813,0.3811094220335059
0,0.42271500193204736,0.38873707397367036
0,0.42484160727869347,0.3935523669506168
0,0.4438142088672436,0.40129037784989346
0,0.4437487142795303,0.40161905687825866
0,0.4992907756668242,0.4078487762104249
0,0.43167067795078234,0.40373944187197874
0,0.5436346864244849,0.40093560096218606
0,0.5079553994376124,0.3917071366676742
0,0.4193810626433729,0.3903520544777075
0,0.49197426179001313,0.40529001591418795
0,0.4047192337804857,0.4105090581189766
0,0.371986768666606,0.41674340240317426
0,0.46040381255993007,0.4127577260440669
0,0.3963860310131221,0.40672386219092554
0,0.428795334026153,0.39654119987445646
0,0.4003752302486373,0.39725466609106963
0,0.4307240354872698,0.39514774920616197
0,0.37111036903434585,0.38719090821181346
0,0.3875175934884315,0.39136537540750105
0,0.4404671243102555,0.4079734556722853
0,0.5855480104735548,0.40342153017041027
0,0.4447111120169859,0.40216756019442973
0,0.42470932937400185,0.39725009949122375
0,0.3702535604060066,0.4058725218544888
0,0.4742113562791428,0.4104933518703894
0,0.48540142359008387,0.39565983666840526
0,0.6073773244431079,0.38742748108797165
0,0.5439055949776116,0.39446370782941703
0,0.4795700608673239,0.4114478289182175
0,0.42755018312895826,0.3942978955833102
0,0.4216341271023266,0.38239321142367416
0,0.5012354105950667,0.3900993108421978
0,0.4958196647508231,0.38984760451236605
0,0.4094369563491643,0.3876215817492503
0,0.41973101633782456,0.3927943198733472
0,0.49704491314058385,0.39470455563503604
0,0.4527752280525605,0.3944484274535014
0,0.6019555541970875,0.39405803098163966
0,0.4253940600165148,0.39093112946215436
0,0.6282551702580745,0.4167897444406821
0,0.3650276033738848,0.41098072496306437
0,0.42488977207900697,0.41351061620807567
0,0.40421355132803605,0.4110449778753425
0,0.4381144876472284,0.4203378375858038
0,0.3635597057056317,0.4131804819394858
0,0.3482576252575528,0.41821542928190714
0,0.4808839787916512,0.4103677295957286
0,0.518435031837024,0.41201413036970175
0,0.4591959714469923,0.412600829221943
0,0.42987623116471624,0.40654602269574336
0,0.40007412296749795,0.39991757197285827
0,0.4210363146639924,0.4032954119227033
0,0.44285712002261385,0.40995027322090866
0,0.44373708592999145,0.4102240591974309
0,0.5613218164082451,0.412475693477552
0,0.41058210032823655,0.41408405167871953
0,0.43631476732098884,0.42421205424976716
0,0.5420838131446545,0.42421205424976716
0,0.5096481395907538,0.42078470882404906
0,0.48205530380272166,0.41500164162201525
1,0.765546608604187,0.43013628540634574
0,0.364779289834333,0.436103375420526
0,0.47965930994889233,0.41664932331326215
0,0.39065951417321904,0.4143258158143759
0,0.42471073719691443,0.41201943284872644
0,0.4323980090157673,0.4149106761378312
0,0.41936264108349275,0.40553140254839265
0,0.4207550063163356,0.4027417242931654
0,0.3688258395405378,0.4068905413259225
0,0.58647161043253,0.4065113349230625
0,0.47741505731624856,0.40663781229733464
0,0.5202684732471633,0.4052044414867432
0,0.4014508528346602,0.41051253740416516
0,0.45834628414111034,0.4118443334377647
0,0.5837042580971868,0.420050653280861
0,0.40833782285323583,0.4100854354542706
0,0.4249213342406534,0.41195307234543677
0,0.3972086270203419,0.41470109438096914
0,0.5113911594048264,0.42238773749590774
0,0.42558531329660193,0.41393595048088005
0,0.4540411366739294,0.4299962423501405
0,0.41796253733414895,0.4443383035577035
0,0.36286694425267374,0.45387352654176455
0,0.5090714670419937,0.4484085304838887
0,0.42634970727401234,0.44299226178678597
0,0.48222996373646543,0.445817403117719
0,0.5063958855422924,0.4384190855607691
0,0.40844907199920405,0.4345671815701811
0,0.41838327776561474,0.43645012518969944
0,0.46725031885338336,0.44386728003257164
0,0.3700453151879237,0.4329967335495182
0,0.5857147187169591,0.44810260154456566
0,0.3923694315567778,0.4364767001952815
0,0.4157120241888451,0.42529713355583765
0,0.3757497622528214,0.4258586259365964
0,0.429543939647546,0.4258586259365964
0,0.41491580793628896,0.4161828747439205
0,0.5049239433898401,0.416543191075449
0,0.4865963428958766,0.416543191075449
1,0.765546608604187,0.41726166201338805
0,0.46599054109782767,0.41131798769811045
0,0.5162739610494861,0.40162069022378105
0,0.45197564923050093,0.3970170259009598
0,0.43957160125758976,0.4031606638987796
0,0.44038518464327525,0.41734300308122096
0,0.5172690102436822,0.4117099594188457
0,0.3890808555166568,0.4206447844210904
0,0.42930098363441604,0.466483673318329
0,0.5409420746431167,0.4966732184260439
0,0.512952889911662,0.4638570178523794
0,0.4578404537864505,0.46848348750035185
0,0.39621391928117244,0.4774228441952567
0,0.35994910248309564,0.4826936085174301
0,0.4818129310500736,0.46104674680963365
0,0.3771877475050185,0.4663266706938594
0,0.4172838328799073,0.46496033759500704
0,0.4522950453581698,0.4608068053128292
0,0.4796086595916439,0.46237798721210877
0,0.38998542438980777,0.456111416974925
0,0.4495426560676793,0.456111416974925
0,0.5806870853710792,0.456111416974925
0,0.39972375800312965,0.456111416974925
0,0.416599500305197,0.4573621318189576
0,0.37492312559944013,0.4661834594968775
0,0.494764442475534,0.4641207857893674
0,0.48840933149438565,0.4660232298370353
0,0.4774402443417204,0.46478285844132594
0,0.43833257093324873,0.47603220663136364
0,0.42594152890701176,0.42943514497551677
0,0.5225734552917085,0.4200220732765986
0,0.4008349258468946,0.41811764077546304
0,0.4132101031265856,0.40024343563126935
0,0.4279696400045642,0.41058579259222805
0,0.47971550350743314,0.39754169933282857
0,0.5845069850051328,0.39069426045554473
0,0.36379978421341524,0.38816380118469684
0,0.6410908517485245,0.42041062862568024
0,0.36003052475144093,0.42173607900253124
0,0.45870481949959374,0.41120084535594076
0,0.48160304814545296,0.4091266197135985
0,0.448283887833297,0.40561357850564483
0,0.4737974800123979,0.40508118107298857
0,0.47434729748144716,0.40545607848011794
0,0.533201507839743,0.39861990407346587
0,0.3942770223697263,0.40238114623358334
0,0.3731839185991682,0.42105844688967453
0,0.4195081820630667,0.4240500335920944
0,0.42074836225690765,0.41324049548256525
0,0.3754156845149467,0.4008403665806508
0,0.43902170250915995,0.3953535854110099
0,0.43921523837261045,0.39601235914217514
0,0.5504375426934193,0.4055928458924681
0,0.49331223328806867,0.41151715862522037
0,0.6769063552104128,0.4136184696453115
0,0.5858435390028424,0.4247460041496734
0,0.495613257340757,0.4199332660991079
0,0.3641105153478213,0.42865251671227367
0,0.36315502683999945,0.42200822251667397
0,0.39030704806854666,0.44312501178035263
0,0.48747632380339057,0.42568787599296437
0,0.4192681869427412,0.41261343421599483
0,0.477046532204483,0.4120534329328173
0,0.42028696772821916,0.4103997965848636
0,0.3733865430415295,0.40836387345256053
0,0.37897844056865837,0.41633734369585007
0,0.43820742931596773,0.42301419770109455
0,0.5860642428011464,0.42308442254492357
0,0.40661071332335214,0.42057230722039546
0,0.40583231007845977,0.42026466018193476
0,0.633549625082585,0.41889971863301717
0,0.5962871289361628,0.41160174824149276
0,0.39698551362432,0.41225245258595866
0,0.49728323227524696,0.4125648070614813
0,0.5771127597541132,0.42249720618496467
0,0.5703315579348849,0.41433394501674026
0,0.3669077610540125,0.41592987372611684
0,0.5159128385720134,0.41860364456912014
0,0.43022261514978904,0.43219043815852765
0,0.4469960075907117,0.4422888438620376
0,0.485175197215748,0.4463771516877158
0,0.5539647372637417,0.451441993755984
0,0.4065999210269075,0.44827009838796966
0,0.3690596922768239,0.44268924858591635
0,0.4767192341296399,0.42945311073135456
0,0.5859537083544347,0.4266938702366532
0,0.40338251980475814,0.42414533900755
0,0.4378061086182242,0.42235106236091835
0,0.4103522759776156,0.42227480068746315
0,0.3625534788745064,0.43916708975022006
0,0.45068300371125886,0.44051328188544203
0,0.4140057549700451,0.4199523802456111
0,0.4770218974512019,0.4377477191002443
0,0.4539106294233018,0.44050796331337383
0,0.41657372951002886,0.41104358142279046
0,0.43952450120592956,0.41125601349149515
0,0.5189825331205938,0.4200638043356861
0,0.5615310013745946,0.420103008643191
0,0.4808617923869906,0.4296889132905748
0,0.5743594303013635,0.4212374827164585
0,0.5340297295906115,0.42365942132004236
0,0.5203891702345478,0.42957221651038846
0,0.4665461553726724,0.4334046799330255
0,0.3888530111673971,0.43611981086849705
0,0.36209243709851824,0.43578120937245124
0,0.4909946037086816,0.4178398367521486
0,0.36980078586791243,0.4215513280877776
0,0.41810982223271265,0.41429637676950914
0,0.45047961840535233,0.41429637676950914
0,0.44313714000645016,0.4353441277207009
0,0.3746434980988036,0.411120211652856
0,0.43415331904615395,0.41136421785162663
0,0.5824695992728635,0.4099243336166039
0,0.38616555050082535,0.4330784602302848
0,0.40728708207400766,0.41511464397929476
0,0.3739650327817052,0.4196997233907156
0,0.4667555502868356,0.419132181289964
0,0.4328109846016244,0.4373270107073046
0,0.5061801075005347,0.4161099347574343
0,0.4018892261809243,0.42185711743619003
0,0.3795343944579437,0.4133621264456286
0,0.5346283625917152,0.41608720816028344
0,0.3900542833763039,0.41127478708490195
0,0.4293271948854125,0.40748321588248904
0,0.3707454852654753,0.4127434847662242
0,0.4136708805788024,0.40786724059096335
0,0.37995581849170484,0.40807834091826306
0,0.474432015974656,0.40123901524361344
0,0.5823833815639208,0.39179938980600937
0,0.3972137045013583,0.39443159100304787
0,0.4207887088494422,0.3910609449321227
0,0.3669229501030793,0.39363552551793235
0,0.4534625672669578,0.39662480212297
0,0.46229819390411686,0.3903697554472335
0,0.48787540031826554,0.39301164428238977
0,0.4410615795902112,0.4114990723645665
0,0.48573996728649443,0.418122021263181
0,0.4260891878447438,0.4109982590604663
0,0.41623021086412787,0.4149835613050238
0,0.4413582776251347,0.4194345409760823
0,0.47453391538741896,0.3976788325182842
0,0.5276672238586477,0.40775551515796743
0,0.4751399285501139,0.4112546864260057
0,0.5442714543212096,0.40828778452443676
0,0.37768068771048247,0.41044644011670134
0,0.5402204019765425,0.41119135046738375
0,0.4818567346921486,0.417350461608069
0,0.3867709636206497,0.4088730756189162
0,0.3631063135874537,0.4066051978958866
0,0.4866893767337546,0.4147297133379078
0,0.3637014204750056,0.42110174155470914
0,0.4093498873271916,0.4211712463723381
0,0.45084478130504213,0.4156522665736626
0,0.4204099533292611,0.39998653607621376
0,0.36288079831689013,0.4005753806758439
0,0.4333659094874841,0.39963888217322324
0,0.5824409683998335,0.4142083158128844
0,0.44908747597624254,0.4092606674490774
0,0.41551835650081065,0.4095078350732014
0,0.36418212169826336,0.4118313564987072
0,0.47578184292119413,0.39690113966490315
0,0.47118440743821927,0.38841022704648076
0,0.6465312289429417,0.38696627984272863
0,0.5467872863078133,0.3858445341388782
0,0.37556113668080815,0.38837950810668764
0,0.4666531643126553,0.3912053099462343
0,0.3806932389119496,0.3794323769250692
0,0.5350528239273551,0.39198424527541165
0,0.37265458798057843,0.3823576089889025
0,0.5176985174470503,0.3883521252910631
0,0.4254305619613393,0.409147676203025
0,0.3725559293479139,0.39264553975944944
0,0.4794952827676325,0.3945277403196778
0,0.5829319153436384,0.42295090395315826
0,0.4058311859421584,0.4244043615142457
0,0.3987055174670991,0.3988899107350085
0,0.449817369080672,0.39365176037733945
0,0.41649021757816307,0.4108215185337135
0,0.40829040009865464,0.41331071383592477
0,0.35896668662415965,0.39481274512121106
0,0.34651235451247214,0.3930620870212569
0,0.48688296880013426,0.4085008249360891
0,0.5138400185879121,0.40643670657341024
0,0.43835327702140214,0.4127807685082599
0,0.4275284239986793,0.4015725711722625
0,0.4105375162041379,0.4102763367079231
0,0.41688242819991206,0.44281316664986353
0,0.44302878227614756,0.4287015127783632
0,0.4739878556701253,0.41304484734139735
0,0.5282316049079966,0.4318816970696323
0,0.41058210032823655,0.427652965566952
0,0.42127169867650854,0.43275859055872534
0,0.5432495777579514,0.42516465645577284
0,0.5396574043746896,0.43461094078911205
0,0.4713957458868028,0.4437412131928545
1,0.765546608604187,0.4500107311138589
0,0.3629784067561809,0.4469493645956391
0,0.4952943259727013,0.45796398148345163
0,0.4106181281925428,0.4519465814952908
0,0.4177915737156327,0.4503890791450361
0,0.461653271689822,0.4249463850792718
0,0.37482413463999653,0.40925404244031127
0,0.39477050435099054,0.3887560839283186
0,0.4080000652587317,0.3834505964252634
0,0.37510857705666156,0.378376573083855
0,0.5855098346256621,0.37740476710736515
0,0.4891819879230701,0.3747172616474996
0,0.518481716513368,0.3793597986916803
0,0.3911537626583406,0.3784102286308538
0,0.4649666944157309,0.37670380390803143
0,0.6042385816069674,0.37683125777930715
0,0.401790082759435,0.3778914065435023
0,0.4250048482303653,0.37939544728176455
0,0.38618740333370954,0.3763425910501046
0,0.5111685806935188,0.37815596615363545
0,0.42558531329660193,0.37850990416320274
0,0.3710039227866501,0.3764242924140592
0,0.34615989045409157,0.376687577701692
0,0.4886218711856534,0.38239003132555055
0,0.4280868761820622,0.3804329861146683
0,0.4463016198279297,0.3805818524368417
0,0.5326409264373672,0.3862361888911646
0,0.4358257531675943,0.383639952856192
0,0.3690949535256132,0.3879258673645599
0,0.4182648724702255,0.38600905600887003
0,0.48926662281851907,0.38587849387185924
0,0.5798277416215228,0.3749902585736503
0,0.3759211882678134,0.37665332020404096
0,0.428429905976193,0.37928621739003315
0,0.369639145928817,0.37082022027317224
0,0.4667744948879333,0.37142156745049915
0,0.40630941804663073,0.3804991079627826
0,0.49721965988966565,0.37890644746449953
0,0.44134387328301017,0.3845523059720962
0,0.3727199269243228,0.3831246386127373
0,0.46617718298725663,0.38250995422842404
0,0.5099517038626608,0.37670490332224393
0,0.4512244623271502,0.3627173573101295
0,0.44760172497297895,0.37201692771940686
0,0.4797781736576636,0.3663846577735611
0,0.5056899398524745,0.36569689044593884
0,0.3889133136260619,0.3714635328266333
0,0.47360471786297675,0.3705695882295234
0,0.5495190279763451,0.3761953242698092
0,0.5392924030514364,0.3708744363043328
0,0.5035715290033077,0.36779901483159844
0,0.38609688465258907,0.3651189403301416
0,0.3594039041577473,0.3697400958944709
0,0.504602250365172,0.37208578518903057
0,0.3743660924218041,0.3882656633616252
0,0.41985070814054565,0.38794701742763843
0,0.47522438690253205,0.3882926758585051
0,0.4567809598765917,0.38559471418043295
0,0.35996648938007175,0.3757177656719047
0,0.4355103146992226,0.3864904207639751
0,0.5778614063591356,0.3846287547848511
0,0.38002253982492673,0.38377134555035436
0,0.41714232823428204,0.37891009254964886
0,0.3715970185696473,0.38403225746636194
0,0.4484991707115367,0.3897890480272399
0,0.46454158569803305,0.38672231038851873
0,0.42734929648375225,0.3798172796499891
0,0.6318459196488708,0.39413977387887006
0,0.43925488402723695,0.3961172860770425
0,0.37237000824275146,0.37768948028021393
1,0.765546608604187,0.3793822763036644
0,0.5400398113665906,0.3954465645199621
0,0.38286443106534584,0.39865214968826196
0,0.3667295434046601,0.4063019858207049
0,0.4306415380669853,0.4043190967630023
0,0.4942029563432018,0.40116435450502425
0,0.3817447021178023,0.37840490008481653
0,0.5654990326689027,0.3885185989022204
0,0.38091385403361444,0.3866596799810435
0,0.424724290027638,0.3861062095936708
0,0.3665982183335337,0.3823631789333201
0,0.4628716749819303,0.381812271209519
0,0.4161242534816521,0.3846643370441382
0,0.473463470174709,0.3877812026299444
0,0.4357231883952265,0.3964871131714127
0,0.6362441308903387,0.3955015143679005
0,0.3723716580606608,0.39469247802041907
0,0.4473268808921262,0.4013301435151109
0,0.5034763240553819,0.40941305425944685
0,0.3699371751264309,0.39961491060044013
0,0.3762105053780287,0.41099955558780843
0,0.4299799052275193,0.40090919902063554
0,0.5372116550264444,0.3964197824611234
0,0.5155766634504182,0.41187328234733717
0,0.6562261444128502,0.4131263733219711
0,0.5536004358310969,0.40494056600573614
0,0.4772331365993337,0.40306352492701675
0,0.38318450268971815,0.4121615693110824
0,0.38007665559115755,0.40951547318066933
0,0.378270516113666,0.4409113634810706
0,0.41285627004963393,0.4235274863278839
0,0.47526483408566184,0.43057296211127816
0,0.4551606217485504,0.42172282324223914
0,0.42780720687670654,0.420148158124109
0,0.35495103831822383,0.42063086171087427
0,0.454851451620721,0.4302019539557951
0,0.5827286718969077,0.42759403242339905
0,0.4499261226415154,0.4299509841446694
0,0.41486792336037215,0.4289986680808024
0,0.6341533151264861,0.4292279481661578
0,0.5944057935216791,0.4211594786998658
0,0.3715402262998951,0.42130756962431365
0,0.4661163106295631,0.42030549346589224
0,0.5725079841596623,0.42231928280489633
0,0.5534602537525853,0.4264077647207367
0,0.5160307901696781,0.42020033885682284
0,0.4291585081009606,0.43053271327497555
0,0.36792428554559875,0.4290375940501335
0,0.4174301534395969,0.4441282615689789
0,0.5053468863875391,0.4448329970968354
0,0.4814786722964097,0.4503473815459358
0,0.3709424968431112,0.4625683152156044
0,0.5572342535832735,0.45623909463636203
0,0.3996732740203888,0.4519566689983431
0,0.3696905779905936,0.45254910169328244
0,0.40338201056657563,0.4458312312252439
0,0.4251691066267864,0.44439503495271787
0,0.5759730928383,0.4522778808246177
0,0.39741414706549116,0.4338045530587705
0,0.41204012667603773,0.4532522407015062
0,0.44292902760389835,0.45219838483645225
0,0.38537838377255046,0.45240124916000424
0,0.46672979743607396,0.4347310141941495
0,0.42049233998291646,0.4546588681393262
0,0.475943898507846,0.4496967056321892
0,0.42944758340821415,0.45080182312317785
0,0.4463375594810582,0.4492245966233949
0,0.4299783579596127,0.420377028722478
0,0.47638511270259665,0.421456056016683
0,0.5033815919228183,0.421456056016683
0,0.5356520469448318,0.43395849304413053
0,0.45833897162411585,0.41672668251237155
0,0.5850489211887567,0.41535891763997923
0,0.5400100776411344,0.4242155628685804
0,0.5067659575814943,0.40853716091349257
0,0.46556889479306374,0.42359504985097246
0,0.3913897563487389,0.42551458333821585
0,0.3717096435006034,0.42556623231576923
0,0.4192130406426553,0.4052967225676641
0,0.3934385870781234,0.43365154417065116
0,0.4377375143103305,0.43560114514094744
0,0.46310106914957694,0.4337457950439901
0,0.40599333893609624,0.4106591971001609
0,0.37929839827046685,0.42895791481558465
0,0.3754832135926918,0.43278208843035704
0,0.4451539379617596,0.4324068087655832
0,0.5808749874495008,0.4324068087655832
0,0.3981898350914059,0.4308105115736035
0,0.4127013938937333,0.4358411292945766
0,0.3681228113903947,0.4354270098068003
0,0.44845777266008713,0.43183060422998776
0,0.45011880961194256,0.4179493273506009
0,0.5120089964937116,0.4373386853131137
0,0.4132388186318762,0.4441492363611158
0,0.38550174854258407,0.42233572079661424
0,0.5389360534728502,0.4149363601355928
0,0.396685109342138,0.4209327969242159
0,0.4224779941385631,0.4154036496440928
0,0.37259220346276845,0.4064045770257917
0,0.5701653661068014,0.41629755391736273
0,0.39799895717382183,0.41620662826905325
0,0.39519974748809966,0.39940366132552746
0,0.4381078846847981,0.4015363105364499
0,0.39131323469945967,0.3988129246447873
0,0.4545080829912924,0.41118947202055306
0,0.4093690609804066,0.41332368147846493
0,0.48857469919325114,0.4022383689790239
0,0.43402161777899095,0.4166867126154237
0,0.46876719297630787,0.42898344860261445
0,0.4220164774713625,0.41058750281790407
0,0.4478679139310987,0.41562328883927346
0,0.44709762596255015,0.4187719263105559
0,0.4785652168002185,0.4169501699054765
0,0.6910746996489444,0.44156111941298265
0,0.5283816796669604,0.4420928893465448
0,0.4514051874908016,0.43612582264600563
0,0.5759326607550317,0.43413195576131897
0,0.5446852337291116,0.4287272068778301
0,0.4375246196263622,0.44181637289642123
0,0.4024997301966497,0.440498786107143
0,0.3671103085270739,0.44201777593483965
0,0.3682239359533345,0.4439774092953425
0,0.4148869680142681,0.43022181596626324
0,0.42859288920009725,0.4278519034897528
0,0.46277390019116116,0.42374638898027334
0,0.4221412228034561,0.42335955709161593
0,0.3631989985987429,0.4193578660739661
0,0.4452883885608047,0.42185782611274186
0,0.578821464383879,0.4227236806512177
0,0.4069800265116116,0.4230539612182216
0,0.41724885041748794,0.41868836155818534
0,0.36679359167006553,0.4200109448158646
0,0.4691099715127002,0.4211610942294831
0,0.4474570651563689,0.4195011235002054
0,0.5408832716689057,0.41646305354684143
0,0.44095847629201135,0.4245823337171293
0,0.37868407112593233,0.44529788502535045
0,0.5416934522019184,0.4440428035464653
0,0.4276501800815665,0.4487531553924075
0,0.38381627133533824,0.4279120316935041
0,0.4908406854784877,0.4272964996596235
0,0.6492980602353061,0.42613593545360134
0,0.5410355510386503,0.42130734845182005
0,0.37340605008586336,0.4187658130337511
0,0.6161448970628965,0.4251311887056142
0,0.5100009816286097,0.42596728669833944
0,0.3870972596141202,0.427189413515808
0,0.37213146347530474,0.4293850459207033
0,0.41474058010363296,0.4364873804334702
0,0.40744133767836876,0.4324867341759115
0,0.36858289581260395,0.4274145808915578
0,0.5690713248447162,0.42693486818220405
0,0.36938941456056484,0.4327355609210082
0,0.4216442555692201,0.4213857119704562
0,0.37707309419099816,0.42283581516587904
0,0.47896840650939565,0.426456960230419
0,0.4373324116392476,0.42308485578584965
0,0.34930076754870004,0.4223156032924709
0,0.3556859883920939,0.4230125959346397
0,0.4914319755258733,0.42225147699785776
0,0.5157524909912404,0.42605551365649097
0,0.42197483845239686,0.42845898270806726
0,0.4171766235008298,0.43217956499482546
0,0.41229248637642524,0.43996898651244565
0,0.4477699778787818,0.43618154797031294
0,0.44533619212087727,0.43855933363353017
0,0.4788387546026772,0.44589778072903113
0,0.41058210032823655,0.46218563635244686
0,0.5253813240940792,0.4607144748690595
0,0.437770743041477,0.4825132515993829
0,0.550221487971677,0.47739939015212235
0,0.554173991453639,0.46874820743507317
0,0.5036502510034931,0.47516858466695133
1,0.765546608604187,0.4825109707205033
0,0.3665379353763046,0.4994435750681782
0,0.4227717850673868,0.47218641906551767
0,0.3951880465485644,0.46525448350084053
0,0.4247979679655958,0.4640274315627641
0,0.47452045977431134,0.4744682612812733
0,0.37482648173053035,0.46650697655719464
0,0.39385106123966307,0.4407578503973102
0,0.371702475197216,0.4407578503973102
0,0.5861043581716762,0.4680880187779837
0,0.48902062531426094,0.48890461634902216
0,0.4820203712155156,0.46233318703167675
0,0.3913206233863577,0.4616409171655663
0,0.48193761879500524,0.4691110631048089
0,0.586765319374643,0.4863816606219861
0,0.414432852683682,0.4616409171655663
0,0.42616001281137667,0.4630677572837026
0,0.3839149111094228,0.4691110631048089
0,0.4689552821422733,0.4868082560556623
0,0.4262554880343469,0.46754962899352503
0,0.37241125958594395,0.46244288074707046
0,0.3592432503324428,0.4680044587300134
0,0.5140198701844665,0.4848549760384176
0,0.39202314153706497,0.4663755990468976
0,0.5246251397983154,0.465954890394464
0,0.5436481206151513,0.4530080135802711
0,0.4268700338850617,0.46042172807012943
0,0.3705210149752614,0.4525605273706161
0,0.45434275863521373,0.47524189306930087
0,0.5839540503286461,0.4902436110584762
0,0.40170019738324664,0.48232628648099884
0,0.4303095269550591,0.4936109059780647
0,0.37183222673033345,0.48706800456055305
0,0.46376442298040393,0.48881701367855296
0,0.4105550584297634,0.49706586855926616
0,0.4951930246871541,0.4963366531570302
0,0.4401031672160443,0.4975339922898964
0,0.46976514016240134,0.4765478831346508
0,0.5284647175355172,0.46231688354069916
0,0.455314189961515,0.46603721582221597
0,0.48968380672498,0.46137096032008257
0,0.48953174818608575,0.4663045667860667
0,0.5476753698795183,0.46822248503442854
0,0.39504768061522044,0.4786172704176904
0,0.4284147704648955,0.47936557008087904
0,0.5825484897833437,0.47936557008087904
0,0.5540758037369419,0.5046470872325373
0,0.4928495204674661,0.5099702841868041
0,0.4523304975122087,0.5089867273568681
0,0.3940099224577822,0.5260066674909147
0,0.39993135759832116,0.52190749323386
0,0.38861703795717994,0.493098931147863
0,0.3923383926586022,0.4916403884853478
0,0.4433818627928738,0.5064267617172972
0,0.4621023864975068,0.5132266441805788
0,0.38777247143361043,0.4827647759676199
0,0.38249151860696,0.4827647759676199
0,0.39067433957125797,0.506833379731787
0,0.44997423399067416,0.5106205016253881
0,0.5818852022808731,0.48989920156722777
0,0.3898943481124462,0.48989920156722777
0,0.42425995122014976,0.5105033154595114
0,0.36926304786397157,0.512528219630603
0,0.45351860871878835,0.5147308134692836
0,0.480859695781043,0.49722372888663774
0,0.4399153107860362,0.5137810371758865
0,0.3840765935027511,0.47135244446756014
0,0.566569100465206,0.459909523699953
0,0.37830593535186924,0.4598372116755549
0,0.3691110618280672,0.4563641238626811
0,0.3958468995884207,0.45221479673219256
0,0.44169882535318755,0.4471758592669958
0,0.5703175787389989,0.4341359170264751
0,0.3946754709081373,0.4277450420278625
0,0.5400335903925647,0.4442609108764924
0,0.4223189081400143,0.4390662337232665
0,0.3679328256996548,0.43216063940691174
0,0.47033072719294017,0.4326075606489199
0,0.38604503097084397,0.42674119157670987
0,0.4734899277189965,0.4300705895400806
0,0.44471236783908513,0.42943596859452055
0,0.41107118323084324,0.45357167506461765
0,0.371410031974657,0.450187229297893
0,0.41850399647889647,0.45512912940032885
0,0.41834206535712004,0.4648093410338191
0,0.48380009169343563,0.469631134038113
0,0.3690583946805792,0.4441821724760641
0,0.3767861021504283,0.43036737909853595
0,0.4202776777344849,0.44517040809599445
0,0.4976047727956213,0.4391150345847517
0,0.6570092871005655,0.4490200778681785
0,0.6112506975151901,0.46583712334441024
0,0.48307568393291805,0.460992247320095
0,0.39479857457194995,0.44957670127233096
0,0.36642665974678695,0.4644253655765585
1,0.765546608604187,0.46687498079855766
0,0.437642452354027,0.45929106885873355
0,0.4527238004985251,0.44333848853266133
0,0.46255892994640163,0.43609804354260906
0,0.38989710743694733,0.4414151238190458
0,0.3669837816166052,0.44138154724431183
0,0.34741121676169023,0.4447990551171554
0,0.43547410798776365,0.44741408424053997
0,0.56734322835988,0.44814716865881793
0,0.44725985587000894,0.4468912679251782
0,0.40842245506517966,0.44491630413698763
0,0.6415460398304956,0.4444613536056518
0,0.5997432016056514,0.4424902959208502
0,0.37901372523891397,0.44649369709421455
0,0.46865114888414566,0.44328277843743685
0,0.5679747390812273,0.4472299129930355
0,0.5459991903644165,0.4531357005908372
0,0.3671300634972112,0.44692172941167835
0,0.5202426241851075,0.4523492076821261
0,0.4383662865461427,0.47279610543921674
0,0.43932583555312155,0.4732358514095955
0,0.5148380382178476,0.4694135195175405
0,0.5602112978271935,0.47550558246105357
0,0.4151576199353145,0.46741384265659625
0,0.3699289178047811,0.4727530188429157
0,0.4428021096314866,0.4699831310577537
0,0.37064152307248455,0.4585652405067391
0,0.5572905442573312,0.4595787679503213
0,0.4012390561328729,0.4520096537638557
0,0.4079690183214201,0.4497302620917698
0,0.37080705650976903,0.47638362456605043
0,0.5425212446357716,0.45880207749950647
0,0.46036557625902913,0.4580230186976222
0,0.3941062081482768,0.4778400215150469
0,0.4668163107711389,0.47950237608928553
0,0.43361632381031795,0.48083880163727966
0,0.4174939165613677,0.45899072459499285
0,0.4138180048288358,0.46165278574782936
0,0.4760412569619212,0.4660013505844388
0,0.5765969286796823,0.4750190839862957
0,0.4456770476410248,0.4649190152373886
0,0.5937622178569598,0.4643844318463187
0,0.551211794023002,0.47646518518131864
0,0.5097654401631938,0.45737052183617954
0,0.5076805288311207,0.4732519551219875
0,0.40178929988114226,0.46185714300444936
0,0.3702863730381266,0.46185714300444936
0,0.4408657209977748,0.42418989647260447
0,0.37170703917225995,0.44121934632309107
0,0.5219713857413008,0.44854612500125723
0,0.4616680434373854,0.44537453800919435
0,0.3931542230752563,0.4168069358258094
0,0.351259534694048,0.4354937192144918
0,0.44280288606204526,0.4446977450730469
0,0.5419202096670601,0.4436275588732604
0,0.38790810669253334,0.4436275588732604
0,0.4075072351997999,0.4199801296054982
0,0.3736739794592391,0.44158718410483566
0,0.44813256516155175,0.4462979334613894
0,0.4357452951495944,0.44235331735383177
0,0.48766232301245477,0.4219837053037311
0,0.40803836368087376,0.4577179355107654
0,0.3837189205914654,0.4220324791982222
0,0.5423253265103735,0.4183752127176696
0,0.39940477014433695,0.4135853788984907
0,0.39872724683719546,0.4144390214623793
0,0.37181614178116695,0.4105780640192732
0,0.4087605353904949,0.4104233929247205
0,0.5485055154655724,0.415588268371264
0,0.41030070555963893,0.40742014320177083
0,0.3671291588808629,0.4051386309951722
0,0.4803636302174874,0.40581762439931957
0,0.384315695428414,0.4044365724409803
0,0.44988887986913617,0.4056640158309252
0,0.41060096279025465,0.4058142302756895
0,0.49810017245173016,0.409579327188413
0,0.42449328700255606,0.36284719658982045
0,0.48063520444889984,0.36255494946454686
0,0.41897368240801536,0.36369089948926414
0,0.41572975243282845,0.37690549766690984
0,0.4143407707227346,0.3882092679961517
0,0.47908164279550186,0.38825083568839086
0,0.5614071260975197,0.3853090375533582
0,0.4235687731709382,0.39225599870327843
0,0.5588239588451889,0.3984550487741382
0,0.5460043989415052,0.4000328412928697
0,0.43328319628301787,0.40812122628574965
0,0.4686402685359971,0.41194608710361125
0,0.40195344527501825,0.4162136481336787
0,0.3703218774503587,0.41964374713293606
0,0.4244123393283807,0.42774525235638955
0,0.39408070174612636,0.4285009816703523
0,0.4734298922162182,0.42267359761255463
0,0.4514760102665114,0.4198645790519891
0,0.4549055007842541,0.4329108056667492
0,0.37035318188629085,0.44586737952794575
0,0.36500611869831656,0.4429171773555968
0,0.4611479604736263,0.4372143098232378
0,0.5547852229795668,0.43789932753056615
0,0.3875667360668488,0.44131606769015796
0,0.42137742555417085,0.44131606769015796
0,0.371726714506878,0.44131606769015796
0,0.4647010440250654,0.43173999653638523
0,0.4567822025012799,0.4262572579094451
0,0.5407122114321077,0.41731110582949804
0,0.6531322692051201,0.40392267993422976
0,0.5075538578200924,0.40706281315341664
0,0.3831723474682015,0.3911067757553078
0,0.556197625884288,0.3946940805321354
0,0.37142359011316284,0.39469075631367206
0,0.4516413790422037,0.4139078092416352
0,0.36176590095918065,0.40909592039472703
0,0.3727412484352737,0.41311335748658257
0,0.3942154222816782,0.3919605529188994
0,0.45876229217712766,0.40102172438971556
0,0.5654493654004766,0.4118958126579588
0,0.3897943495865359,0.4514856613023951
0,0.4689946401003183,0.4511289593855283
0,0.3706139071987028,0.4511289593855283
0,0.45400314257815144,0.41632928153811966
0,0.4173938595058266,0.40926276916798376
0,0.34838044635583004,0.40145698324688756
0,0.35512894620220625,0.40403884488559316
0,0.5099341830801954,0.3847407695145097
0,0.528028473804027,0.4002385207342255
0,0.4217301144183192,0.40282347999371865
0,0.41483865475547016,0.40282347999371865
0,0.40151555510010273,0.3909016264283429
0,0.418373597431596,0.42616476812282067
0,0.41245083011282935,0.43613319760526587
0,0.47494274205874526,0.41847388156612847
0,0.41058210032823655,0.4073257822004991
0,0.5883699488194853,0.4132456499718344
0,0.42223712417443654,0.4127193198091129
0,0.5577158145202248,0.40996023083005373
0,0.5527375029067451,0.40316441944469755
0,0.4804007136711765,0.42753480470796756
0,0.49311401389601056,0.4197385455088414
0,0.3706614150159174,0.41785649258598423
0,0.44020911854842043,0.41785649258598423
1,0.765546608604187,0.4433474186127143
0,0.3895642817595594,0.4320696034521371
0,0.46926763966511464,0.4245824127016663
0,0.4544128066238645,0.40966015423064994
0,0.37697472220976186,0.38822567942872177
0,0.38163187308478597,0.38428836560871127
0,0.36056453193220284,0.3818907543332581
0,0.5855098346256621,0.37139152393377484
0,0.4969001594027389,0.3659720793564548
0,0.48185347708001536,0.36664440880490684
0,0.37312988135737396,0.3641890763952958
0,0.47559776055803105,0.36287344823120454
0,0.5440452618279293,0.36076074442312084
0,0.4571841140859672,0.3613727875414423
0,0.4374085676213581,0.3613727875414423
0,0.38244484333540857,0.36020271982237106
0,0.4629346365741897,0.3664588569574294
1,0.765546608604187,0.3654107069341339
0,0.4286527869317317,0.36374876240969856
0,0.45181115665090776,0.36376908476385317
0,0.37142359011316284,0.36573708302980873
0,0.36026930456312106,0.3627003342377769
0,0.5046291375201319,0.36197934057903347
0,0.4209571542276995,0.36225784950000095
0,0.5558540900690477,0.36268393217421663
0,0.36965266219591864,0.36367767286147074
0,0.3682387268373199,0.3676456302211885
0,0.4023820592715003,0.36969834423972037
0,0.4780764713553113,0.36686286599093965
0,0.36975053232064664,0.3630414751834457
0,0.5240098289087474,0.3604131490252322
0,0.4000543385529201,0.35697685694798675
0,0.4828844360800718,0.3613885775679663
0,0.3716375823230109,0.38574911053912575
0,0.4698724020141787,0.37297553715701026
0,0.3993572818102449,0.37187359933396263
0,0.5022147455121813,0.3717349726998652
0,0.43258351737300205,0.39019007920040644
0,0.4688731928847495,0.3661036420876028
0,0.41380750668132926,0.3637823048561085
0,0.4354514165810006,0.3699921721065094
0,0.42974407947986876,0.3731880363234497
0,0.506078593848625,0.37731759002764215
0,0.5379684693105055,0.3896511992200151
0,0.4054982263987846,0.39675519325356146
0,0.4223092143843008,0.4076721466828916
0,0.5799729197710138,0.39803441037528065
0,0.5550981524037341,0.3864992765150111
0,0.5063858896915965,0.3966238479841282
0,0.402170977477638,0.39730836214828597
0,0.3893279540210471,0.39617432952335435
0,0.4778472313415893,0.4017883688796761
0,0.3699267285540639,0.4377054823474157
0,0.48044978303912,0.44292649880976304
0,0.48204344689999495,0.42845150836270723
0,0.4478804809004564,0.4441836370346747
0,0.36598663381636487,0.4271775212700625
0,0.4604341147092474,0.4281138154493518
0,0.5214659465705742,0.4231145863396672
0,0.3806587566448102,0.43450379671251327
0,0.42961681376192723,0.41630132967963046
0,0.3800426055071806,0.41522689089163034
0,0.4504432040736524,0.4171069674665825
0,0.47287159560063646,0.4353275354687329
0,0.4854191003420406,0.4197121627188764
0,0.5013888408821158,0.41957020097979036
0,0.39230833121627845,0.38414655248256985
0,0.5808402614854892,0.39100936113726037
0,0.368725595453351,0.39167590926292933
0,0.37326132522468175,0.3890033343798639
0,0.41159823064896817,0.3898615994059526
0,0.4945029993998999,0.38626573812510434
0,0.5310875677941737,0.3705819823661945
0,0.37248583083975734,0.37356282640574173
0,0.47760553800232547,0.3726277666629435
0,0.36942216646732834,0.3699676156522909
0,0.47234606434111226,0.36855824552967
0,0.4062092183260057,0.3779573434212222
0,0.48363554383625645,0.3815648970316381
0,0.4356957070350701,0.38228399659021167
0,0.36906800112350635,0.38995911656826654
0,0.415212544907858,0.42349754419898744
0,0.4105712555891185,0.4197207453094543
0,0.4748347427971373,0.3956800376789748
0,0.37679879363929275,0.3915407346514363
0,0.3748416207901876,0.3802784356025335
0,0.4226701554786452,0.38261089708606444
0,0.39611657833317493,0.3834060301153769
0,0.6562167853632004,0.3805561856355326
0,0.6194369305555719,0.3957913195925829
0,0.4732915033412278,0.38492991435174945
0,0.36833925047293326,0.3818058358272416
0,0.3707068415771358,0.38632284981616427
0,0.3927757415755424,0.4104176419058866
0,0.49372744529941026,0.3996854491099822
0,0.47807465298857577,0.3812396602975889
0,0.4764260729065012,0.37469810347052523
0,0.38545690700196517,0.3672606833851036
0,0.374569807731791,0.366506919652625
0,0.350246524864616,0.36256211087936957
0,0.483316523770079,0.36250064030571644
0,0.5327173632432667,0.36404710457812645
0,0.4111170368657316,0.36435563555177536
0,0.41881379573883976,0.3624119751766638
0,0.6390191362266503,0.36820937078409555
0,0.6043953237483478,0.36724054596125183
0,0.38048705289055024,0.3639032476951263
0,0.4638246270621616,0.3612685951128903
0,0.5440305663840479,0.3674208528635824
0,0.5562328895424866,0.36771905703760155
0,0.5241951495630587,0.3738924369392732
0,0.3714998505006427,0.36575439977186147
0,0.43165981948609194,0.37386184613829393
0,0.5006821015401433,0.38000675159063557
0,0.41128884826110507,0.3855282808540112
0,0.379822098683536,0.41054347589450346
0,0.5175836001821794,0.4304680305048731
0,0.5629012065011041,0.42324794224225704
0,0.38002493945073246,0.42297107961986496
0,0.3726167955263083,0.41278668706314353
0,0.39831400082140256,0.4037658426983232
0,0.5266678042766039,0.3942428699852297
0,0.522657763137738,0.4032703555188181
0,0.3525515430623608,0.4049276172541281
0,0.42682934155758834,0.4051334266188653
0,0.47859992689493963,0.40347898097746415
0,0.38750664356425446,0.4224304687836086
0,0.4778033967684719,0.4085365826619107
0,0.39647426128409513,0.4087429032555006
0,0.4845512906974514,0.40578681036526104
0,0.42859882663213394,0.42385172874079385
0,0.41806264370584384,0.4026692874766909
0,0.4157325891493154,0.4080812010940616
0,0.4790837305548298,0.40455637690831336
0,0.5917073584939277,0.41628995950861786
0,0.4505185464372547,0.4147537154971919
0,0.5941939446846384,0.428747606047685
0,0.5508430123851502,0.4071141136876346
0,0.4996365338050059,0.41103229055756957
0,0.5022010165444456,0.41775330554819073
0,0.3693688489853764,0.42202515059445256
0,0.37192947773597856,0.41875584716150355
0,0.5049498234585788,0.40368358340096205
0,0.3667914538804822,0.4086751738650863
0,0.48642563883203643,0.4032171717951426
0,0.46855164536491695,0.41894030358811557
0,0.3754827325899684,0.4005334992786368
0,0.34827750003580027,0.3839122987269955
0,0.48057809761424675,0.40025976721822937
0,0.5230559014556893,0.41760771596239576
0,0.3874521377491188,0.42802357406895164
0,0.42310294215706273,0.40234393118030765
0,0.3723018445458996,0.40399229741091336
0,0.44496467777901855,0.40356226522737154
0,0.44017619498794136,0.42059079635837626
0,0.37273069351198024,0.4058624018493089
0,0.40083977645812413,0.40981462274317143
0,0.3991683235984198,0.3945388675876229
0,0.5565740689201797,0.379198440204316
0,0.40045075727471424,0.37976701924785333
0,0.37057906612440866,0.3699956356683481
0,0.37520838211888863,0.37482173281766884
0,0.3803168476436666,0.3653471232879457
0,0.4979277685772342,0.3647611607470685
0,0.5213991842487641,0.3612739625800199
0,0.3777111358524284,0.3681203955578761
0,0.49400111745054,0.3645331159740664
0,0.38242085951163424,0.3581387519252174
0,0.4604908305586049,0.3586828827609329
0,0.37634868849964886,0.3586787137227008
0,0.5132472600752964,0.36881999016431694
0,0.4196460021115027,0.3778442101920239
0,0.4767684192715749,0.409965256259513
0,0.41841229818550235,0.39209551213661803
0,0.4628932093792248,0.40020811896020136
0,0.45410325351816916,0.3984233396632313
0,0.5060570731088475,0.42071635363807125
0,0.583792865511108,0.4258376346808925
0,0.4434027143546875,0.4258376346808925
0,0.6052147708410213,0.43533760346691247
0,0.5550468014738908,0.4308059936131819
0,0.43067818607246594,0.43997318068859553
0,0.4651612708791075,0.4401407783148391
0,0.3901124290396887,0.4508259061231033
0,0.38558572964323146,0.44792919918720076
0,0.485603070742777,0.44792919918720076
0,0.3779407009864993,0.45748378837864634
0,0.5148863460486185,0.4641232920331108
0,0.4645053427006987,0.44745587893009064
0,0.37997186483311113,0.4369222286299873
0,0.37704350161990796,0.43967250932758273
0,0.512622145340926,0.4627860661680015
0,0.5267545040271613,0.4454993001551555
0,0.37928996676903026,0.44082916758472246
0,0.4514710585096332,0.4397229452502199
0,0.3789307703143369,0.44818727943413
0,0.5040463214934557,0.4369274106235083
0,0.4513860393515025,0.43508383030781894
0,0.5714187627849027,0.4237007484018459
0,0.49960330927286495,0.4267675319091131
0,0.4029795722323159,0.4034146007649993
0,0.6453524168898882,0.40462485572359286
0,0.5549470240878898,0.40879968826073193
0,0.37174371827581043,0.40666623172012895
0,0.37512558339471075,0.40563661844921944
0,0.37397132955429924,0.4087206306786843
0,0.37161414308830654,0.40915686116196925
0,0.3627013740949304,0.41091434080476147
0,0.37006533713385076,0.4293919191593933
0,0.40018174471180484,0.43728571778952496
0,0.5005727776385412,0.4364508531922767
0,0.5313071347888408,0.4511747558190255
0,0.4091909243103509,0.45210643580342563
0,0.4914065188195739,0.4334572649105273
0,0.3719326313618711,0.4184284049223535
0,0.46788878538020345,0.41893150729869705
0,0.3727806228766152,0.40992836952408024
0,0.34838044635583004,0.4192292522336748
0,0.3981263918000417,0.41897851350686044
0,0.5165247861583225,0.4175273342783747
0,0.5294106020566357,0.403284117820835
0,0.43289257378451407,0.4121844107987728
0,0.41552508615367095,0.4080682571716028
0,0.4175677617738342,0.392196372874445
0,0.3917369829532008,0.37856539349620766
0,0.4445716057028893,0.3839563713777332
0,0.4448006352019163,0.38929404076627194
0,0.49567650219968373,0.39149023599613864
0,0.5769517857822359,0.38985862606866595
0,0.43264347380464885,0.37760036805849206
0,0.46086923028240356,0.3826395342609607
0,0.6068327954570507,0.38477186713610523
0,0.5555130702781674,0.38477186713610523
0,0.46103727324819804,0.3970582567497392
0,0.4880358602425414,0.392802668218052
1,0.765546608604187,0.3923415329661278
0,0.37361520223007005,0.39048467439362444
0,0.4924054816558993,0.3888006658860479
0,0.3771298429078817,0.3762039983450136
0,0.4822676069047552,0.3686216110666987
0,0.46483916211197257,0.3703177755411924
0,0.37167869835433814,0.37287157236200846
0,0.37628417359524463,0.3736556256419709
0,0.40859797259408814,0.37038206563123427
0,0.3732566598966176,0.3760936066872896
0,0.5869161663898448,0.37107409098295613
0,0.4985270568692739,0.3700231549284313
0,0.5227696100924378,0.36923706889360663
0,0.3719261497665022,0.3676853004651235
0,0.5030766933743691,0.3691922563224132
0,0.5252279088477545,0.37392880584138927
0,0.45835951352170673,0.3733657933276604
0,0.4488824466788118,0.3749415355442476
0,0.37706103329058693,0.3691922563224132
0,0.506190037371636,0.36939825110160096
0,0.4268168867529663,0.3618997851411788
0,0.36919970149506637,0.3810088046105005
0,0.3653758902710333,0.3906946253661992
0,0.4781274371777009,0.3908108679878429
0,0.4219760978364683,0.3756687847164916
0,0.5599304979819071,0.3848786099949561
0,0.37067236658341446,0.3814613310067583
0,0.3654143192065618,0.40011765445528014
0,0.5266578182256145,0.3919363620297505
0,0.48354903159480506,0.3923636628492498
0,0.4166721955574734,0.3958379778663686
0,0.48425071593728025,0.3793937012193386
0,0.37200524085506453,0.384311814636545
0,0.4689151532805267,0.3912402291748614
0,0.39517990934723946,0.3932208060997909
0,0.5072832705989089,0.3995365119077937
0,0.4463147239831824,0.4002287118878252
0,0.4514916662862432,0.39302211150719585
0,0.38392798070272843,0.3756943300218711
0,0.47068430786531534,0.3702716307669862
0,0.4256537455801262,0.37502900895943564
0,0.5109566769819776,0.3682666446815178
0,0.5627932597334444,0.36762929206179573
1,0.765546608604187,0.37069282364429773
0,0.4065926908642311,0.40715061228214516
0,0.37327510181508344,0.4145592004647538
0,0.600657839437772,0.4412261142778678
0,0.5603307116500855,0.41830863727385426
0,0.5186405672076896,0.4185995205068432
0,0.4583474632518071,0.4273406255511242
0,0.3793610589953638,0.41049439436740676
0,0.5055050245725446,0.4041801821106129
0,0.37254279283636693,0.37875941488342574
0,0.4889854793686944,0.3954662801806473
0,0.4737422209560024,0.3936302697171545
0,0.41360815712939014,0.39342511703147465
0,0.3803598602365379,0.37108455568464754
0,0.3602955133748096,0.38919841200922234
0,0.4899003091491214,0.39525004180799905
0,0.4803699821496313,0.3942606971079657
0,0.39667845609780406,0.3714206042720082
0,0.4312028082343882,0.3903260483701944
0,0.36703077701713827,0.3956996950021139
0,0.44993158369440656,0.3942159586095537
0,0.477699402668875,0.37751589799509294
0,0.4941669635685861,0.3967766187559549
0,0.3770684086058419,0.373355155569135
0,0.37680101192979526,0.3714751228006192
0,0.5801019862869546,0.3888799913153029
0,0.35869132423960454,0.3901338780228011
0,0.36836567787801283,0.38170074923352654
0,0.40753471529020074,0.3765963314293041
0,0.4952083619774336,0.3765963314293041
0,0.3831862782297659,0.37464431747444615
0,0.49407640838788813,0.3782805991078178
0,0.3738565536290914,0.3731066437229681
0,0.5116830596071719,0.36600529526975095
0,0.3701520953715781,0.36677143305763127
0,0.4694655842876206,0.3699000560637598
0,0.40006333503327546,0.37685181965370357
0,0.48420541961016117,0.384444065066832
0,0.4264390323351967,0.3882984512979897
0,0.4763882412536452,0.3780822711346882
0,0.44774860199865735,0.37095580682485574
0,0.371557426965233,0.3711307687261086
0,0.541277397105258,0.37345418908668226
0,0.3769828872734321,0.37009808162288615
0,0.4516214250314666,0.3686421087308348
0,0.3899432327129569,0.37571563681247533
0,0.415158744217765,0.3802620302680271
0,0.4223543390030422,0.3890252104209915
0,0.4734578730484138,0.387598350113184
0,0.5496957903431702,0.3817573965373978
0,0.4038707694970966,0.39927961738819184
0,0.4183908544434687,0.4266515709440409
0,0.42254676034031075,0.43096711273131133
0,0.3737976337463626,0.48940017516748124
0,0.6905608978334445,0.4775561403312748
0,0.4746713537958472,0.4784171923396834
0,0.39194329297388086,0.48645954156021276
0,0.3631714380011134,0.48630771216391055
0,0.3816704706911225,0.4866321554206263
0,0.5076591878043988,0.5031112645431755
0,0.4920074972906031,0.5168415721018659
0,0.4793450958096251,0.5268197013203875
0,0.37742279386450733,0.5196456438503848
0,0.34676313541949305,0.5284979161771071
0,0.4746684689956275,0.5274129749757868
0,0.5250934711506533,0.5270378340667139
0,0.38163848989242816,0.5270378340667139
0,0.4198620171919906,0.5275648096409039
0,0.6583962639107115,0.5161064582094577
0,0.6058988552289902,0.504125787325908
0,0.3540117675195547,0.5058298130058845
0,0.46585255243070706,0.4962120680714348
0,0.5893550517638764,0.5017368452401617
0,0.5503690438000358,0.4937829434366321
0,0.5175104856169245,0.5044274885124969
0,0.4393436426472515,0.5014250992487956
0,0.41507905089348024,0.5260843030381767
0,0.41686939579604226,0.5344785274738615
0,0.4932993383364678,0.5287031179412994
0,0.56874205835343,0.5072243122016297
0,0.3681647527973043,0.49653276001381963
0,0.40703505208249746,0.5339316027486317
0,0.5233489028517091,0.5416861107036818
0,0.5304591054940497,0.5240393673332365
0,0.39264424869592474,0.5325754773366019
0,0.42682934155758834,0.5209108536238487
0,0.47201319416012216,0.5223909483024742
0,0.38531520809754577,0.507920807642337
0,0.4792626031358541,0.5123465740616704
0,0.3746420955885125,0.5202720888187947
0,0.49216302613648477,0.5141443758969247
0,0.42904831951086486,0.5097488155226673
0,0.4537476930345939,0.5181036377951638
0,0.4168708066104741,0.442407577795318
0,0.42026275941802027,0.43287940379716605
0,0.4722158851568695,0.45005484817404295
0,0.5462462336606583,0.4554201335139471
0,0.43909163917180805,0.43974378975303774
0,0.606081614783541,0.45420432577684644
0,0.5572110043984525,0.4603727297793885
0,0.5291977829411608,0.45981786357425636
0,0.4920395983091993,0.45946531259353085
0,0.3953416085519386,0.45479526309350155
0,0.3573895719372432,0.46589354132997585
0,0.5086646571607841,0.47389427193076245
0,0.39333610445965345,0.4680342178942152
0,0.48406866342334276,0.4774418637768013
0,0.4751147900008552,0.4773348115074772
0,0.3966857328378567,0.47206983905659605
0,0.3837209811907171,0.47802582407030025
0,0.3468715413316825,0.46862482819915663
0,0.47535106358656626,0.457559694669905
0,0.5302590460212185,0.46928935732167476
0,0.46124933423675485,0.4785960807388939
0,0.42089557923292054,0.46864445873836574
0,0.3482737248071391,0.45894524291011923
0,0.444179629717569,0.46928935732167476
0,0.4565692508875247,0.4720149788842144
0,0.3647387967546253,0.4586008311445823
0,0.4048300399996407,0.4635321845773152
0,0.3806998784121902,0.47235278146217846
0,0.5617166956519728,0.46685325833203917
0,0.3999471979372868,0.42167440376914483
0,0.3568046862215677,0.419873154496456
0,0.3984783246654205,0.4568727766685259
0,0.4096497765579745,0.4192657787154564
0,0.5193251179901742,0.3994637341622872
0,0.5315826585669302,0.39557345907874386
0,0.4130614066182866,0.39899459955570266
0,0.4889222159153311,0.3999624974951224
0,0.376532595062218,0.3902808677542908
0,0.46928830037203606,0.3926719094013818
0,0.41800189925204667,0.37501815540024314
0,0.49240398968368165,0.3878109061850469
0,0.4214051630781603,0.3902349380452897
0,0.4705464694088095,0.3909766392749665
0,0.421983933045726,0.3712495882135779
0,0.4159306575497431,0.3747306396299935
0,0.42028015950870795,0.37399848850885653
0,0.4723565128966313,0.36957375646432045
0,0.5513731133472809,0.36882756644273224
0,0.4569953738740111,0.3697822668457166
0,0.577369117343596,0.3698214064752376
0,0.5571493643091517,0.3695644189702978
0,0.48683657667356317,0.3794641022429975
0,0.3954999883011365,0.3860198451791261
0,0.3586435430182361,0.40454055851613957
0,0.5020464638400826,0.40539835016684805
0,0.38343523478124164,0.39784240236150176
0,0.48552214712854247,0.3929435159207054
0,0.4739781154782879,0.3907409170288296
0,0.38659442739279565,0.40809078627290146
0,0.36174207020438354,0.40554032117566097
0,0.4877127905289505,0.40351415214066
0,0.533403917450577,0.40948036148754186
0,0.39533923522307585,0.409223593681717
0,0.43520005168855924,0.4045621214340847
0,0.3622136120836508,0.40878187077843875
0,0.48265897549039055,0.4072970579231408
0,0.4406840813575845,0.4066896710623202
0,0.5785164332523902,0.39861497243581595
0,0.4208694006052535,0.3949214956054559
0,0.4986603694566007,0.39672412866045087
0,0.3940110993790501,0.39201744977925784
0,0.6484205890874276,0.3870234533415576
0,0.5634006763693314,0.3947192373702585
0,0.39985962742611375,0.4086202253346948
0,0.36702604038918984,0.41408891820178967
0,0.3531868065489623,0.41075055375083247
0,0.42234627031038596,0.4466804875036699
0,0.6282551702580745,0.45692798614743124
0,0.5540896868514158,0.45320606577373634
0,0.367331189677586,0.4448792993478961
0,0.5231276081543316,0.45237802559732576
0,0.39723754263342415,0.4522959263870403
0,0.47503715247616196,0.4468141448630512
0,0.3784572483442091,0.44597333306640263
0,0.4684256428354345,0.4555312531180912
0,0.38471778755987096,0.4377257680062301
0,0.35074772881059735,0.43613012937600154
0,0.3581114772687682,0.4337015262359983
0,0.5061211652904376,0.4368074988103033
0,0.5148521655106969,0.43829792378071225
0,0.416708305751124,0.43698800508101254
0,0.4178736545593259,0.4164559319684035
0,0.41654952256992384,0.40904775831905194
0,0.4177520628315584,0.41225182999753407
0,0.4231969742313906,0.4185360551568708
0,0.47227810736525294,0.41437439003738014
0,0.5476315239535247,0.4139337694116039
0,0.42018535615667074,0.4089126856401679
0,0.42350335382879356,0.41500977502629427
0,0.6642705368836064,0.4345821222441885
0,0.39139288137353456,0.41427980591104346
0,0.5729959581950613,0.4105018429820931
0,0.5615085966979315,0.4121574889306423
0,0.490537508312866,0.41529796488834086
1,0.765546608604187,0.4158932005825515
0,0.35918500118423413,0.4243448101180288
0,0.5390571912930474,0.4137556241961176
0,0.405099355950881,0.42706067376543877
0,0.4785678202342996,0.44395706685853087
0,0.4805014179444285,0.44186251782317626
0,0.4202674554849973,0.45636186571087506
0,0.3821108520533913,0.46797592164951995
0,0.382223299322351,0.46638046485451773
0,0.5877221138554113,0.46131322146794446
0,0.49391809319454727,0.4656455771273936
0,0.5403404906178382,0.4567301684024271
0,0.365232061619935,0.4669701094017144
0,0.4989017058611003,0.46699365726168024
0,0.5251773987520587,0.46699365726168024
0,0.42394090178226856,0.45327991739277174
0,0.43899503970022913,0.45769967172180703
0,0.36746845028823255,0.45775522732670665
0,0.4514051012144652,0.4682178131004341
0,0.4294661949232468,0.45984376061526905
0,0.4227506433519574,0.4913858730356479
0,0.35906052720375226,0.49563992686222536
0,0.5067779391584749,0.4984994991660355
0,0.42378331778591044,0.4880819553525261
0,0.4850154449736512,0.4773721360496752
0,0.551622629572144,0.4833047249022846
0,0.40603500447808494,0.4781575975156785
0,0.5424895310119962,0.46065742369910273
0,0.4370755038499711,0.46968021920251596
0,0.43049423874078785,0.5064644523839531
0,0.521220227072602,0.4788978342716969
0,0.487037881565553,0.49282300836262966
0,0.3838808406641114,0.49168695224636
0,0.4506729954944485,0.5022942490283621
0,0.4132929320752769,0.5112058741410744
0,0.3653928320081351,0.4897633711561888
0,0.49528107725150583,0.47522187249476266
0,0.49094736762472846,0.49144757403424477
0,0.4304321825624187,0.5019107552753791
0,0.4677012141980714,0.46523363272200935
0,0.37077144435812476,0.47211609895820567
0,0.45653666983120733,0.45623796143343914
0,0.42937779747673166,0.44638124894911924
0,0.509158044656788,0.4262819381583015
0,0.5917891351802312,0.41312324984296656
0,0.4699121042346202,0.4065929136915277
0,0.40235070446973487,0.39122050984944806
0,0.610264868628781,0.406924575203767
0,0.5564160873199421,0.40698007485926996
0,0.5260575646491544,0.40985894914769466
0,0.42013367992052547,0.4242678864127663
0,0.39274200962119515,0.42308335642447414
0,0.3868877718594975,0.41197469981963936
0,0.5483067581190293,0.400765418930766
0,0.39288576432470934,0.4212341753320227
0,0.48492387524452807,0.42214366664032155
0,0.44623982896083,0.43891879473733736
0,0.40292766135913566,0.4219866646616804
0,0.38157822053095236,0.4219866646616804
0,0.35870087248988275,0.4338341141684636
0,0.46914663264506734,0.4386889827171486
0,0.5154003311983628,0.44679346768535355
0,0.39361794895556024,0.410981654397189
0,0.4284628828754835,0.4124493737792646
0,0.3660623423000498,0.42968408764944444
0,0.4452094892413226,0.4365903004041926
0,0.46487353225349765,0.41728566524114563
0,0.47939359234567996,0.41728566524114563
0,0.4305024753728856,0.3958148227229082
0,0.5809517621145001,0.4067907311088162
0,0.4252583032609644,0.40634126929351916
0,0.4250063687885783,0.4163761639981817
0,0.6410908517485245,0.4232629869041739
0,0.5692776916102587,0.4187865594706979
0,0.5463469902930241,0.41605787516046017
0,0.3998156746232167,0.42094096515194396
0,0.4690915372150101,0.42330532440159735
0,0.4012327484523159,0.4144754770920239
0,0.4536833460742625,0.4200008653547359
0,0.37987896324055154,0.4227501717502136
0,0.48317370627704936,0.41987795468568356
0,0.43213011536000323,0.41639878865327123
0,0.43575778244171454,0.40831163248366054
1,0.765546608604187,0.40978036037459514
0,0.3744906312636229,0.4187158464163317
0,0.4124772417396318,0.42247230781372846
0,0.4365442089563945,0.4314217825189394
0,0.46700107649993794,0.4338405592774555
0,0.5569572148372284,0.4336729224593537
0,0.4235209343175508,0.43833178910258047
0,0.41783391542766485,0.42271955032160485
0,0.46703885298426684,0.41832804031348403
0,0.42290381077923217,0.4204589983814401
0,0.4270420280872342,0.43254526169717955
0,0.655994829260084,0.4367512540559025
0,0.3707765534380124,0.42505893819562307
0,0.36126436077288576,0.4665478781991744
0,0.3825527709240842,0.4644366339038187
0,0.5580598454059356,0.45563921131622437
0,0.5048423244179581,0.4539454513541315
0,0.44429464865253415,0.44411068892413397
0,0.37791537459793145,0.45157689029769305
0,0.3466600703658872,0.4557118514186318
0,0.45670966945015834,0.4536707035495179
0,0.5321359924725738,0.4578499682330639
0,0.3838848773312748,0.46274013969263156
0,0.42723746590453426,0.46398018111198197
0,0.6552799079735585,0.45265450642040933
0,0.6095288209351031,0.45266417838306433
0,0.34962336516973175,0.45221354358604543
0,0.45512297773869087,0.4596930784308608
0,0.537146536408107,0.4524866014373047
0,0.5724095950292438,0.446527308320697
0,0.5070215075944955,0.4497300296252211
0,0.419979804572951,0.45776083689758457
0,0.4319963403324249,0.4640322071765498
0,0.4142381330681783,0.4643980215901655
0,0.45688737318590444,0.48079329647617586
0,0.5123697858397096,0.4879379330933731
0,0.40044270764764384,0.48866361613422804
0,0.5682438529806757,0.4896250523309116
0,0.4025883693689535,0.4941900323179043
0,0.4227816246053811,0.4912089075800048
0,0.4981761246942418,0.4835894574757034
0,0.5783877903041913,0.4762949008649246
0,0.36673621166323306,0.48596747657573924
0,0.5250463352106634,0.4719860130152488
0,0.39628266423098174,0.48778584084187326
0,0.42347127531160267,0.48614822772666094
0,0.3927063517779506,0.48643833686665305
0,0.44062092603407854,0.4699666088199452
0,0.37532486195512565,0.4883415321037818
0,0.4812294974539092,0.48594553597044604
0,0.4272934707480965,0.4872320318862915
0,0.3968881430240497,0.48970356215047284
0,0.4149952255552106,0.43319683849246904
0,0.430074319353854,0.43493095194282044
0,0.46624738095705653,0.44331515563788937
0,0.5471680987782922,0.42767685804613564
0,0.39747438291498977,0.4463718287135572
0,0.6039127174396942,0.4467160426209523
0,0.557324599930948,0.43967126928384104
0,0.5257146469459513,0.4188296188649787
0,0.5185073814996622,0.4185385757375058
0,0.36688842845601666,0.43566144885084807
0,0.36069201158785597,0.4383715776168766
0,0.5639805296525767,0.43566073455463394
0,0.3826742855181091,0.4370609791600141
0,0.43049892496299375,0.431511464419
0,0.42361879568879024,0.441110748424245
0,0.37542045265788515,0.4318963803838557
0,0.3478628811380994,0.4318963803838557
0,0.45748780782866255,0.431511464419
0,0.5389557122536441,0.4408976694174244
0,0.43856332174688856,0.44443416064857016
0,0.41902771781336356,0.4354901449822741
0,0.3509772482734693,0.43308302645893126
0,0.44109553742897295,0.4354901449822741
0,0.4414951470921479,0.4496872780289528
0,0.3878464179760674,0.4417825046159296
0,0.41858556167919153,0.45321099453583175
0,0.4125891290722674,0.4207588831073418
0,0.553267063270051,0.4192339750699307
0,0.3882997177391807,0.4123392745720003
0,0.38835971560229,0.41671848103362213
0,0.36781440015644895,0.42758686919494365
0,0.5784914158453238,0.41604131734488464
0,0.5388793127526145,0.41219407174648004
0,0.42585140743185296,0.41086686066012623
0,0.4375452455240284,0.40880065563707885
0,0.38621590849972826,0.40760509763331204
0,0.41863216225247,0.4216770569270123
0,0.3986567360809953,0.4100778200095482
0,0.5071113854544331,0.39234774546350853
0,0.42944782263061265,0.39234774546350853
0,0.4747442072232479,0.4103244729329276
0,0.41924138109184594,0.3948019213252005
0,0.40626895683260905,0.39661775779800473
0,0.42484766027628457,0.4091748956772196
0,0.45839920858333577,0.4060883060968203
0,0.5745097946492148,0.4034831995252647
0,0.3892662023172093,0.4111607390994022
0,0.5470131045059579,0.41634860868249796
0,0.5577483736155171,0.40030760184644765
0,0.44053760712742346,0.39916576415209554
0,0.48735912242921264,0.4063819601235964
0,0.5004868487742162,0.4196836811464279
0,0.3632071852448342,0.42401456822987704
0,0.5672262493290754,0.42095724042422533
0,0.386733543315122,0.42405675799306286
0,0.3921719497204596,0.423715429456764
0,0.4355928916443266,0.41044710669456635
0,0.4158024036626025,0.4049845704777806
0,0.3613571728873807,0.4068772499364002
0,0.37902789843198487,0.40457221592457204
0,0.3623292889546259,0.40446467788742585
0,0.4651536535880788,0.4268820956506744
0,0.5545901332730879,0.4210201670620999
0,0.3872323642807465,0.41913752756823996
0,0.429806106097777,0.41767820301603603
0,0.3638274960857722,0.40676157895779513
0,0.5078329770561246,0.4027236049513533
0,0.44451930894747094,0.4016252172255151
0,0.5476512867473144,0.39779089839283993
0,0.6541074727302656,0.3980106553304597
0,0.3835172876714154,0.39741079902458704
0,0.5521675596668442,0.4022656663245658
0,0.3719150434740758,0.3997999244113307
0,0.35218093652675103,0.40658721731513564
0,0.38678045898748303,0.4440265923020124
0,0.3937310121500201,0.4672351674337287
0,0.45209112836008497,0.46603224951251404
0,0.5726495084820766,0.46394448012298045
0,0.5671434594546839,0.47883776992349514
0,0.3844975159879927,0.48699649756286334
0,0.4340546867107545,0.45989024925953303
0,0.3786727468899747,0.45989024925953303
0,0.4121629641785534,0.4614295927129165
0,0.3599207716264676,0.4689530223563766
0,0.357236501500327,0.46427678062196126
0,0.3582996634935878,0.45443347995903977
0,0.521539274415769,0.4540781108844367
0,0.5270296300984433,0.4688267561073025
0,0.4164412006046929,0.4639724528469109
0,0.41725171297935604,0.45802956746292867
0,0.41584702195581946,0.4405697692121478
0,0.4059783790192676,0.42885528504670567
0,0.4251956344930859,0.44087278205108293
0,0.45766272436975014,0.4421487495947455
0,0.5738867672460279,0.4482443220935374
0,0.42069793969830693,0.4459594004918854
0,0.40359589702612136,0.45872967951167815
0,0.5456226858471489,0.45891273491696777
0,0.5563722817497044,0.4587575141353837
0,0.4552098101925941,0.47305712919609727
0,0.48324386095802996,0.4811063006041408
1,0.765546608604187,0.48438456408151487
0,0.37095460153344434,0.4803275192306766
0,0.5773179091550436,0.47497931971972707
0,0.3908924367209865,0.4802271906290539
0,0.44283575215870963,0.47579952177084406
0,0.42467911401071784,0.46449680332942234
0,0.40882706813667685,0.4365301538981422
0,0.3614334356625004,0.43352359003800833
0,0.37536993739357344,0.430466455126077
0,0.5858767143588024,0.43186467281714214
0,0.487896798025747,0.4288132196050812
0,0.5156141952954097,0.42757077006348465
0,0.36814684477984955,0.4306468516234288
0,0.4797845439609827,0.4283293651162713
0,0.5580310179457464,0.42556046831193306
0,0.3860286999346752,0.4212597672333617
0,0.434167845924566,0.4236482596083061
0,0.4020546620978807,0.41670452614850534
0,0.36934805221408035,0.42293661621405226
0,0.46678874804198517,0.4234983042770599
0,0.4285940140786113,0.42279449057944996
0,0.4488742702045779,0.42309195857491005
0,0.39430455701518213,0.4210484216185108
0,0.3634136571696888,0.4285773459321877
0,0.49521297936973757,0.43171318532156516
0,0.397254669465355,0.42959387290839884
0,0.5603951312337787,0.4292071839059818
0,0.39474476109365414,0.4291800222248617
0,0.3692584084637077,0.4408701351960892
0,0.5919732288058265,0.43945333228291156
0,0.36731934971548214,0.4253586770716959
0,0.5485341613466845,0.42698168925291263
0,0.39839899897196623,0.42109595497884955
0,0.43336044844412563,0.42712087252676706
0,0.3778695519901769,0.45046691665972055
0,0.43387124736947624,0.43238425942268144
0,0.3837131764842919,0.42003031636085436
0,0.5052170364406829,0.41590088494151345
0,0.4423983717025558,0.43312364742465154
0,0.37602235035205395,0.43524947296648825
0,0.46826502987311786,0.4179907900040391
0,0.37154333513861615,0.41699220358375133
0,0.4050433662650328,0.40939775665074085
0,0.42636830317416513,0.41258742508348567
0,0.4795762872162155,0.4122219031059254
0,0.5901779254373131,0.4203633762615254
0,0.4600825716469265,0.413523182604221
0,0.393011166941875,0.41372732914870514
0,0.5941055937927331,0.420640192035755
0,0.5555798234025425,0.4364282899481792
0,0.49138450830405694,0.4187064742902815
0,0.4199218466363152,0.4265301054853108
0,0.3861605881508918,0.42390273385094246
0,0.369348445577396,0.4418553303986612
0,0.5824688811102842,0.4268740206596692
0,0.38131376874268424,0.44174843646255346
0,0.444905506302843,0.4502875218616666
0,0.43230939944750363,0.45033040928576346
0,0.36191916484252634,0.4270523391934041
0,0.3571795885204489,0.4270523391934041
0,0.4634252082676469,0.4466964280959335
0,0.5496203889687652,0.4506616275651824
0,0.44165391231371304,0.45020449233809023
0,0.4180936280803011,0.4274859658483572
0,0.3693442020008667,0.4481487495278458
0,0.4405734674064184,0.4510656631744601
0,0.4746141060104405,0.456021484498232
0,0.6318459196488708,0.45482007971512295
0,0.4962620618496742,0.4710134968290146
0,0.37078618452226103,0.46543372802661764
0,0.5809772932748191,0.44426302505003334
0,0.6707699125838672,0.4861840276695457
0,0.4215407582736061,0.47816820922867925
0,0.3584238026854513,0.474517857552815
0,0.4664323063971446,0.47504884228102046
0,0.5793434774019092,0.4710100736365729
0,0.5622954939764334,0.4771577637410626
0,0.40908869664597997,0.46128768815974935
0,0.5324891201383165,0.46164682894399306
0,0.4872284647838461,0.4711517375181949
0,0.41933909873453074,0.46455552865354927
0,0.43199045693280747,0.4625529744588598
0,0.37660859408735786,0.462648200392158
0,0.48471355337454913,0.4581802227824224
0,0.4100092570768251,0.4601390781669792
0,0.44875325723516846,0.4620730563452417
0,0.6362441308903387,0.48309059530640824
0,0.3696508680514704,0.47803684993303774
0,0.4059783790192676,0.4789340299339004
0,0.42849730113120105,0.48407571128430066
0,0.3935688909092243,0.4899071601648917
0,0.5724245139784154,0.49363739975554877
0,0.4083548348219358,0.4998949618693311
0,0.536452460689826,0.5082462539335046
0,0.3691680435219732,0.5015076392687429
0,0.3757060588065155,0.507262583917892
0,0.3696611233177567,0.4849222752131914
0,0.3929132370195885,0.49070125374810447
0,0.36706157573983555,0.483412755451422
0,0.3658870178689458,0.49826471386140675
0,0.4050716593940943,0.49537497099685124
0,0.5824215422697802,0.48853037318810183
0,0.4666307906078424,0.4877485558002506
0,0.4312403664480925,0.49059583339077584
0,0.3746718718557177,0.48918416464261233
0,0.3822815632886609,0.48997091142707694
0,0.34460769999013074,0.48902091332132736
0,0.4543792626476096,0.49491134389801783
0,0.5596028490796584,0.4533475738125775
0,0.39064741599050484,0.45463370324187624
0,0.41168565205002694,0.4533475738125775
0,0.6092940135336447,0.4509279490710239
0,0.34828969367082424,0.4503820992076111
0,0.4459512058692631,0.45287118840185064
0,0.5813908598640297,0.45391698549408127
0,0.6343278844824549,0.4534578482229117
0,0.35877151209775443,0.4667573789510445
0,0.5531030821426944,0.45804241729573636
0,0.3769386554672406,0.4757077195471996
0,0.5239939603492139,0.48125996976811397
0,0.4555828267034313,0.4900937795102043
0,0.4572497744978644,0.48269728487060926
0,0.5152227347793913,0.4713553133471773
1,0.765546608604187,0.4668204280989855
0,0.5602858645159616,0.4600617067853479
0,0.41629133176490873,0.44760218623170245
0,0.3684176880534063,0.45849407731488845
0,0.5959169757706271,0.4956418239812803
0,0.566571758185645,0.5105198091240424
0,0.3849254951641968,0.4943750742005239
0,0.4212116690820076,0.48858647165866287
0,0.4280483851429271,0.48858647165866287
0,0.3824234690167647,0.4743046435516725
0,0.45312480557199036,0.47249166830498346
0,0.36720770345223336,0.47564486053795163
0,0.48272132686337205,0.47599381594173823
0,0.41605098750857233,0.48997924497834117
0,0.4050526756642318,0.47661189993993824
0,0.4277225420392445,0.48097733111994856
0,0.3938876046535838,0.466076245893019
0,0.5720419298711783,0.49816042232994584
0,0.4199677377427818,0.5100702331239803
0,0.5346834413824733,0.5057035234342715
0,0.5501044807895262,0.4902447298313138
0,0.5015232647689051,0.46164149981765734
0,0.5170407068529209,0.47643054961097536
0,0.3670716200996331,0.4888517146198555
0,0.36605010676476557,0.4925218016598287
0,0.5699555200202184,0.48060889683464814
0,0.37804816646589123,0.49409396440290126
0,0.44296582384956434,0.4940090215785112
0,0.4505573846881943,0.4953580006773515
0,0.36634245867648874,0.47734960994758524
0,0.3434171100823016,0.4846578140910646
0,0.45069282635709096,0.4930446360671051
0,0.5627487038857089,0.4930446360671051
0,0.39453485940540906,0.4993534959689156
0,0.41056555523461047,0.4921784891840137
0,0.3476790146512777,0.4921784891840137
0,0.4371201875749802,0.4942340336932083
0,0.42965115516788505,0.5055420153417511
0,0.3777760433862605,0.4921807944905888
0,0.4289847357959525,0.49763043951978675
0,0.3690626657702368,0.49504644901091177
0,0.5503393298055409,0.49067362684872606
0,0.39856743140433554,0.47585688200508014
0,0.4338806902718453,0.46637004675718596
0,0.3486308113631064,0.4878439576893328
0,0.43803671371914465,0.47092388685067454
0,0.42509854163225363,0.4498504239816874
0,0.5644447360611776,0.4619857303219953
0,0.5734552483946476,0.47503927444356653
0,0.3634085881973618,0.45675145475794754
0,0.46780425638732326,0.4700416575723793
0,0.35317358167848684,0.4705955611022701
0,0.44843380778169756,0.4699179689180354
0,0.3733532493227209,0.45043470635756716
0,0.5035381019126401,0.4658225715364026
0,0.4129621382015228,0.47322583078878777
0,0.4678857286188474,0.47920063095348797
0,0.41907181070705246,0.46044295043062056
0,0.40692046797589077,0.4607050682494562
0,0.4279853123914641,0.46050627593474697
0,0.39665828440025763,0.4488249718803082
0,0.5767648668466251,0.4461377242616562
0,0.43235827201939,0.4450298097389677
0,0.5366359312361948,0.4435418723820492
0,0.5453162596486812,0.4435418723820492
0,0.6459323076377167,0.4501869209245156
0,0.47156979298777707,0.4553410212224398
0,0.3966541342599686,0.4533599300756898
0,0.36605010676476557,0.45710907593890737
0,0.3762355594101996,0.4486485273291993
0,0.5345058924569305,0.44126476686596605
0,0.43448328628266075,0.44603807019281755
0,0.4446893460882194,0.4484572729348152
0,0.43070900509013205,0.44500193235696667
0,0.3595815530676312,0.4431605553760454
0,0.4651298274096077,0.4498203829503529
0,0.5661982689230918,0.45357897880324
0,0.38839308580819587,0.4536423688730783
0,0.42184397852480604,0.44906931858619603
0,0.360035975168267,0.45281300345293146
0,0.4595498875089792,0.44831417790362016
0,0.43650725847832733,0.44801095725503565
0,0.546532384687271,0.4443465727052246
0,0.41141820426062475,0.456476978607432
0,0.5544800778058956,0.45383964820190204
0,0.417046489800746,0.45111867569910785
0,0.5088156579486947,0.4374729967566698
0,0.37668619091559863,0.435388964893544
0,0.6509473869728688,0.44116967658356027
0,0.542870137128315,0.43210320547740205
0,0.3676716755327153,0.4369547498980588
0,0.6910746996489444,0.4446537003094548
0,0.3777584320550402,0.4436838164805361
0,0.39210404098963253,0.4443380735215133
0,0.36900107573862523,0.4548490575978164
0,0.5457268984292132,0.4571558624230767
0,0.6207145327924991,0.4603534286421487
0,0.42659821231691125,0.45946360883063575
0,0.4260474367796075,0.4519814829276664
0,0.34665439042816837,0.43767863378850286
0,0.43801679550828104,0.4432566786636389
0,0.3930624804988686,0.43869589596927466
0,0.3656891238792503,0.4490789515829818
0,0.3619272449199575,0.4437491776943268
0,0.5198417181721187,0.45662916980721746
0,0.5245629622764308,0.44615265940292526
0,0.42140841346874464,0.44615265940292526
0,0.41451186004103496,0.4547350206554531
0,0.4168152359296906,0.4607218243647564
0,0.4070686340831842,0.45862528277015563
0,0.4287654757101192,0.468824207781612
0,0.39316791810835705,0.4633146161026121
0,0.4209826744800522,0.4662247485952491
0,0.569949021251178,0.4681415587542805
0,0.4282780340138898,0.4730873140362111
0,0.5374609141784559,0.4835034736115653
0,0.547168764992333,0.47814356867890134
0,0.5022969762935754,0.47645051635660424
0,0.5094174059042129,0.47445192470077735
1,0.765546608604187,0.487878205382283
0,0.36237767081122363,0.49427725170903136
0,0.5080262333331192,0.47323981060719644
0,0.40881918315017013,0.4703059508709518
0,0.43581747675433935,0.47382963794273203
0,0.44703760985746915,0.4781241798327309
0,0.3670263723467605,0.47827297036180966
0,0.37300735748653024,0.47346396262711377
0,0.42180932069003374,0.46730720050993996
0,0.3817495245108192,0.4709296333383219
0,0.5868685433628792,0.467903675633318
0,0.4947784799699839,0.4716137639141324
0,0.5279265077856115,0.48182161180197036
0,0.3699093271368552,0.48182161180197036
0,0.4770958990700077,0.4803056446413148
0,0.6128781815321057,0.47558776100390776
0,0.40884065721975615,0.4803056446413148
0,0.43010176951848117,0.48215405749920287
0,0.366899509789462,0.4803056446413148
0,0.46602212128702997,0.4705373539781709
0,0.4287108215219091,0.48696938147601126
0,0.36438563584443856,0.49387603211518394
0,0.3741657884045822,0.5083189490342008
0,0.4748015101594266,0.4971593082281341
0,0.4324305232503285,0.49723021389286853
0,0.5515027165898482,0.48106058619242226
0,0.4140589328971006,0.4926184516828341
0,0.4270311069182492,0.48786196148951494
0,0.3708607048741957,0.5088498394395067
0,0.45904334690352766,0.4978662659254434
0,0.4998802913107562,0.4898748111962025
0,0.5908998585707181,0.49113133102875206
0,0.42471053496280836,0.48975288226938357
1,0.765546608604187,0.5018635834234471
0,0.472063271708989,0.5018987951143211
0,0.38420427632167636,0.4923875224468137
0,0.45633907299267834,0.4830442962523393
0,0.381380093842139,0.4909809701121446
0,0.5202824593138465,0.4925856404971445
0,0.41757589489784436,0.4787841980326493
0,0.46855506121173685,0.4637821005252918
0,0.39644703417302224,0.4643081315679224
0,0.42923434724232234,0.4653266615411788
0,0.44954554519840473,0.4626925032661885
0,0.4324066515622825,0.4356170906579774
0,0.5831520598385723,0.4530568990977659
0,0.5015630488848489,0.4651261848040965
0,0.41333373499223697,0.46577118586112287
0,0.5749613287894321,0.46577118586112287
0,0.5460369571784113,0.45039172732894217
0,0.5219101498617983,0.4438487077356893
0,0.4204899508997487,0.45748541684193283
0,0.39403252145387485,0.47052139727338094
0,0.3720679863683775,0.4712006527477328
0,0.5375139172726274,0.4733989578162986
0,0.3799862145930052,0.47803785298064616
0,0.458535373466279,0.47520748288322656
0,0.4514539170719695,0.4737451368018133
0,0.3785977645304668,0.4632948550107734
0,0.360884208956495,0.46581654855052246
0,0.46118326743113675,0.4739199094344706
0,0.5825229085447156,0.48018650230085336
0,0.4487953071288071,0.4886632981573939
0,0.42023889000011094,0.47458559039562515
0,0.3638546278079008,0.47458559039562515
0,0.4154436253847666,0.4675120202701787
0,0.46269889415696713,0.4802406970670335
0,0.49459872024560686,0.4804352575963181
0,0.3761261189942767,0.43237680721899013
0,0.5712757704335099,0.42253390768686333
0,0.4217477732263839,0.42307684888677605
0,0.3626938093334933,0.41732240497429535
0,0.42238635456642354,0.4165344387109858
0,0.5334791226617673,0.40767095794242897
0,0.42535372001954924,0.42058634464510014
0,0.5838750481281199,0.41354589778771167
0,0.4129241716339082,0.4312622038743617
0,0.4382511642263384,0.4259919954262797
0,0.36903098991848193,0.4306870954531262
0,0.4650633130341151,0.4314200505566276
0,0.368430362465541,0.4273827777852751
0,0.5008310477341743,0.41901423799947496
0,0.42372402850082064,0.42188226759894504
0,0.371569612369526,0.41889880577765143
0,0.4065204789210022,0.4495826192343032
0,0.4310857601527045,0.46306532970861525
0,0.3968834513627562,0.4641554419186231
0,0.5740728207806156,0.46951547509498753
0,0.3892751622112234,0.4651942968627261
0,0.5315406735878309,0.47865972757436376
0,0.544731985852217,0.4721687423977186
0,0.38652223197224334,0.47654626821585616
0,0.3695348835902449,0.4597475458553797
0,0.36759636368436127,0.4452722826838611
0,0.37431142049754595,0.43324032032497745
0,0.36776017025165064,0.4380741105634019
0,0.3605870919780541,0.43222838021735044
0,0.3762628923813791,0.43206880496534933
0,0.5146836829835428,0.4236043261943858
0,0.4414012435279701,0.42073621655665094
0,0.46688707900391313,0.41283583804440294
0,0.36802130817481227,0.4165405572719801
0,0.343842788850378,0.4131213141961023
0,0.4452004198682373,0.4155027540629119
0,0.5798922846846083,0.4132855017820984
0,0.38713091171058106,0.435066493525734
0,0.4085063525220409,0.4212325589232067
0,0.3465512815272104,0.4212325589232067
0,0.42042682922265645,0.4212325589232067
0,0.6031351808311264,0.43950489023258404
0,0.6068363533830459,0.4273282079864744
0,0.5676035772864909,0.44335489089564395
0,0.5207220316854205,0.44316541422817296
0,0.44065680171913335,0.46041333388303823
0,0.3589661463722509,0.4453985320374589
0,0.422425255739772,0.45366939195114997
0,0.45688737318590444,0.4578272288640143
0,0.41380770656241334,0.46462374381219335
0,0.5175402643977521,0.4699387266473482
0,0.5397639335278197,0.45953736485167473
0,0.4055394634714236,0.4474054878177433
0,0.3704325140796425,0.4507489048986987
0,0.4726012665281881,0.4719612209507501
0,0.5332422272772281,0.4817960818488809
0,0.5938875987678206,0.4814964693351205
0,0.38315600627262936,0.4854589275001696
0,0.45310693339982466,0.48426915674644133
0,0.4437453980341343,0.48747566567257816
0,0.35631903889664784,0.48569327234341436
0,0.47836413169547615,0.48373616600751934
0,0.3691654691721858,0.48569327234341436
0,0.4840714729348257,0.4867538476641185
0,0.4140386929248275,0.48859884007343757
0,0.437971018410293,0.485554842954146
0,0.4071188263668582,0.457363114978424
0,0.42976812606597303,0.4569767047869597
0,0.3962491332275901,0.46554886624907577
0,0.5685974386610935,0.4697330071458096
0,0.4414785218027059,0.4918064231717405
0,0.5344380173316224,0.49436349426751336
0,0.5441937753611177,0.4896230594332618
0,0.543610571598643,0.4667197004262642
0,0.5257781786818908,0.46603701531275676
0,0.3667892361837481,0.48484840504664684
0,0.3634017158680749,0.4896230594332618
0,0.5113510124283067,0.48452047420017913
0,0.4075891641983168,0.4674565055315476
0,0.45320069447823763,0.44907133552762324
0,0.4624320989203071,0.4484365204404071
0,0.37042045459507456,0.43942658482208014
0,0.3840561776061827,0.4456611882915796
0,0.3468715413316825,0.44879057624955737
0,0.44655097516542064,0.45044671235341704
0,0.5861303375346402,0.42496448917030405
0,0.38791888645032535,0.444145161512903
0,0.40774325223247626,0.4514698508381786
0,0.3471932667147329,0.4514698508381786
0,0.42137823465105767,0.4514698508381786
0,0.4554317310800647,0.46316422470306773
0,0.36806721627201094,0.4713358090697139
0,0.4252297004408816,0.48088226299649794
0,0.3743927044590591,0.4292485079142444
0,0.541412536429556,0.4253457904610994
0,0.4303932740198238,0.4271062078520279
0,0.40384787145261003,0.42427654324606034
0,0.3662734390111046,0.4258222347001493
0,0.5716046809667408,0.4271019550878335
0,0.5168479217626079,0.42600086806541315
0,0.5856628688150609,0.42141935131451214
0,0.4013884717349577,0.41933634473970144
0,0.44748259443137856,0.4208062063561043
0,0.3552632060945641,0.4258978234306182
0,0.4673781792915149,0.39908689388466595
0,0.37160024434771904,0.3960278627254411
0,0.49439587064497587,0.3996952013218341
0,0.4118665419171994,0.4167035353682117
0,0.4655714893337928,0.4173274239631858
0,0.46613680130616225,0.41925829605227743
0,0.40741611216441664,0.4269376976207913
0,0.42836735744830984,0.43152881518314223
0,0.39629531735984624,0.433302111139422
0,0.5697527264796933,0.4350666623188172
0,0.4271082097341761,0.4412781600724663
0,0.5359399600498204,0.44248927429179186
0,0.5457605968799412,0.43123132072178444
0,0.47604787732847137,0.4349435824032414
0,0.4317619020938305,0.4431794101005832
0,0.5013996469963946,0.4576739085126652
0,0.39266596134275766,0.46007007543649003
0,0.36346889116686176,0.4709179654171507
0,0.5084107337158201,0.47126576728414005
0,0.3812133399748313,0.46511401120273865
0,0.4371704961096984,0.45530680633356346
0,0.47459170763837405,0.45528057800860056
0,0.4231616179973,0.45120228441529514
0,0.35935889147493644,0.4469439224948325
0,0.46073099514199933,0.44566821566882103
0,0.5776415598649414,0.44566821566882103
0,0.44325539144197923,0.4365791904113663
0,0.4199788706458765,0.43464585293127905
0,0.3595430980261593,0.4250774493567845
0,0.42615770056487506,0.42368033359899265
0,0.42293039076721095,0.42152296303834447
0,0.5500644879837621,0.4219419148692059
0,0.3747347720360034,0.41098635592271865
0,0.648375110856081,0.41716197700039215
0,0.5514157697047183,0.43542974104492144
0,0.36885471361349886,0.4262053632974112
0,0.387880241360145,0.43587474224614575
0,0.3973872024511085,0.43587474224614575
0,0.37034810187909245,0.42142917777780214
0,0.42210651634293483,0.413171116641906
0,0.5219191980909362,0.4106845737520879
0,0.41485902924514134,0.4016329823010945
0,0.583148519641517,0.4274629296706519
0,0.4203531681486102,0.4197377627719465
0,0.435124157221463,0.40208235202437326
0,0.34511100073992923,0.41122425149600184
0,0.4903319288390571,0.40552236920372353
0,0.3907785779484154,0.39932895946350977
0,0.3571603358866737,0.40319465600936677
0,0.3589431313544695,0.41153457332484994
0,0.5604123274797834,0.42067869391547175
0,0.5231941357800639,0.41355187484047545
0,0.4128059038351922,0.4257061227823823
0,0.4152828332891441,0.42799365464632405
0,0.3981846113021824,0.4333203856761749
0,0.47483878665606416,0.4372201524621129
0,0.4266180594661358,0.4493651124238289
0,0.42758661805957865,0.4463722695687895
0,0.39347670353216463,0.4529674533647256
0,0.4209826744800522,0.44916713391449953
0,0.5400063226558401,0.444049672626583
0,0.4135877569439748,0.45708155632841185
0,0.5341857031115208,0.4588877518043309
0,0.5461551517743026,0.4459782876678385
0,0.4829409892106752,0.47361089660670685
0,0.4847603127186127,0.4817059853783342
1,0.765546608604187,0.4659652742299077
0,0.36434449511369127,0.4668972734410081
0,0.5064139886596832,0.4381493453770786
0,0.3871893645218953,0.43934122234004164
0,0.44864202480803045,0.42761087143334314
0,0.5174903689038605,0.4339305976150914
0,0.370299063752524,0.4199057733763698
0,0.3839697107944375,0.4174909329209762
0,0.3797850141915924,0.40130370132571347
0,0.5858767143588024,0.4164340703158072
0,0.4790944246962318,0.4235066087385085
0,0.5165685720205601,0.40806913043997084
0,0.37109028326311233,0.4221412253073184
0,0.4702404253111614,0.41978189389464143
0,0.5810650574188466,0.42165991074003645
0,0.40061533682556677,0.424559734045494
0,0.432524245737484,0.4206722608331519
0,0.36879236223870426,0.4206722608331519
0,0.4321296857125326,0.4213027682988848
0,0.42709730861636097,0.4220396526040181
0,0.3648408912283318,0.4173857342257375
0,0.36210372984535283,0.418650228393697
0,0.5026677985024364,0.43367091530250007
0,0.4465610733191819,0.4249666183290389
0,0.5409369007802872,0.4183458650320807
0,0.40266641326105507,0.42343116128325603
0,0.36545867799706594,0.4167824126098948
0,0.5343038816232304,0.41661114280886924
0,0.5775063216505208,0.40753180985467413
0,0.4009606385117723,0.41560504914460483
0,0.4476280298920967,0.42052188355298337
0,0.34361802493797916,0.4268368263057939
0,0.5301258193205716,0.4373268722427052
0,0.3689302118689276,0.43104037965676656
0,0.5129745286102471,0.43984321253333436
0,0.4211859701976738,0.43984321253333436
0,0.4011276694792398,0.4392798638767856
0,0.42305205344759217,0.4320783443718853
0,0.425509965966728,0.43429565655035635
0,0.4284893818235204,0.43943560075557314
0,0.3930476297765195,0.43619733611499384
0,0.5483701233012941,0.4326104598215186
0,0.4536177095630953,0.43470552421499487
0,0.45373572299321807,0.42575337049909223
0,0.5703606765631885,0.4172533339946517
0,0.5453107407618735,0.4147435955230276
0,0.5249351553410567,0.4585824059264848
0,0.42171844943371944,0.44368335512925616
0,0.3856351042459932,0.44333421839498793
0,0.3608384179441157,0.4425849675767652
0,0.5149039785864439,0.4298807369810775
0,0.4020477805256466,0.4360169388758221
0,0.44888473414645563,0.4360169388758221
0,0.5430309889995095,0.428878103584024
0,0.36830675234130866,0.45613437592014033
0,0.369965067985628,0.46108124536824263
0,0.3576223264119506,0.46052481138671414
0,0.4507908990590559,0.46184304460321585
0,0.5738652456763984,0.4741673373444233
0,0.41255644502858463,0.458551241189017
0,0.41489472338903866,0.4602385319494595
0,0.36842328278974695,0.46184304460321585
0,0.42592835468053347,0.47734807553950626
0,0.4878640489678074,0.46742983496325197
0,0.5060202678824895,0.47391555748396164
0,0.49807276755437435,0.47391555748396164
0,0.3812084268773095,0.45808184441811883
1,0.765546608604187,0.4789838638434195
0,0.5686651297878624,0.46012211731564157
0,0.400032562256012,0.4670816471040931
0,0.36893356040733755,0.44611964128522186
0,0.48582553135141054,0.44474725453703984
0,0.5292660000505969,0.44631145619727813
0,0.578546271800464,0.4404750764834824
0,0.37656381764734753,0.42386022173399457
0,0.5391669950910709,0.4412052411139747
0,0.440211977138221,0.4549317818333659
0,0.3436729176902935,0.4496654523863421
0,0.5534698278855316,0.45103319948189385
0,0.3661090179074856,0.44172190135271766
0,0.4926998981180797,0.44196725237771195
0,0.42748218910768176,0.4337090178797368
0,0.45585732041109145,0.4415909591872871
0,0.3816041306109094,0.45371513341264935
0,0.4075730482570764,0.4524458959737894
0,0.4246774856331103,0.47583052206886034
0,0.39410951196570315,0.4804092653906354
0,0.5217943463745969,0.4810593041423224
0,0.3877332336389237,0.47373370170698365
0,0.5296364836273927,0.4898897200956742
0,0.36847873021655264,0.4521894247874802
0,0.4287483465036175,0.46741998497934883
0,0.5288667857673575,0.46741998497934883
0,0.4271066291021728,0.4439282393598791
0,0.3726065712642645,0.4211572844071751
0,0.3729922354879678,0.4242370660516713
0,0.3602667435780202,0.47374124698493425
0,0.5145495416024113,0.4608864571934678
0,0.41348231993515705,0.4587064428625068
0,0.4490553942050221,0.4555118472334149
0,0.543582379753487,0.46171937375476274
0,0.368896265818971,0.4566034635621856
0,0.37709890309672145,0.4558056754442938
0,0.34697169882053136,0.45202616512470173
0,0.4416042227809027,0.4577873072074443
0,0.574409455855713,0.45145722387683523
0,0.41254831795871755,0.4555187902174467
0,0.40826756699148775,0.4519325847790648
0,0.3471221762448912,0.455785195011505
0,0.42936516268522934,0.4555079166881439
0,0.5635000985701711,0.46069105314408265
0,0.6079251700474436,0.45755527552751357
0,0.5791920236820678,0.45107667741205104
0,0.5099982769101791,0.4573186443962386
0,0.4450520363602043,0.46810989977316764
0,0.3659737620382011,0.4640734650323472
0,0.37933532157309097,0.46693331836177215
0,0.4968141422182034,0.4665635419771856
0,0.5309824975313322,0.46628325243576374
0,0.40648708736439304,0.45191940204757214
0,0.3683859829029636,0.4466325313208424
0,0.5331203668177336,0.4537685999109858
0,0.4171222268542908,0.44574104611491433
0,0.571843673165054,0.44065969205499494
0,0.40384720100957033,0.45661735366944595
0,0.4591871812402882,0.4580341370064305
0,0.4477936314182638,0.46791049249619415
0,0.4349574894593045,0.4492224680519894
0,0.5397981156135695,0.43803695508565466
0,0.36777685205397986,0.43803695508565466
0,0.4896307385177272,0.42271443812309495
0,0.41896964128270686,0.43943135642567616
0,0.426386839016247,0.3706994010392933
0,0.4235975329814765,0.36707209854578227
0,0.3950871827728623,0.3689390652228897
0,0.4912484722836318,0.3685310861756294
0,0.38601573948543394,0.3667239537396547
0,0.5231000131656334,0.38167648774243496
0,0.5286794892643216,0.3737582141153112
0,0.5217208728179114,0.38052319790178313
0,0.5077285496443794,0.3820934588328314
0,0.3915747491620823,0.3836920325150914
0,0.3600501885748973,0.38899549792841
0,0.5041274485139725,0.3682946052854062
0,0.3832487032928657,0.3758301307321682
0,0.4591406208902527,0.3733982885416368
0,0.5261261588052422,0.37244380316302506
0,0.4268752398048074,0.36876759997364894
0,0.3415614421946486,0.36202455090296026
0,0.43554491683311397,0.36633923573339655
0,0.5681320087608047,0.3656826812621361
0,0.3881730128665119,0.3835353452229662
0,0.4103783200833092,0.3656826812621361
0,0.34694174887403506,0.3656826812621361
0,0.4289369015515866,0.36624795327684423
0,0.44404077463609387,0.3684010065386571
0,0.41768575532292296,0.3650556316796858
0,0.42086566252619945,0.36815852631266927
0,0.38027360536742255,0.36390155387705786
0,0.5309824975313322,0.36496698151084056
0,0.4434956333051245,0.3666438718474656
0,0.4074820734918455,0.3650192749567892
0,0.36753575594436366,0.37919628768812014
0,0.4569013768674547,0.3826495227677697
0,0.48652333138354487,0.37552705933468794
0,0.5865083465911397,0.3692461310171837
0,0.4179702534439071,0.3614536628064419
0,0.4604816622853986,0.3690835878549427
0,0.3938643566494358,0.37000770104996905
0,0.5226197031895826,0.3679060618946686
0,0.4065210134565836,0.3600600684462876
0,0.4996498641948294,0.3674656206698893
0,0.4290171652556099,0.37406854212077445
0,0.46791395168928973,0.3688102553891548
0,0.40719891140565817,0.359171003007689
0,0.42561267281238835,0.36398435700097975
0,0.42053195016586414,0.36800202294626416
0,0.3939198401733421,0.37167890155507494
0,0.5189074535369986,0.3751435657533221
0,0.3901302937069083,0.3734533302536992
0,0.5216076490751055,0.3829265130735078
0,0.5285587346720252,0.3829265130735078
0,0.4913799004470397,0.38936775606801877
0,0.4882590981940383,0.39961183006502676
0,0.46945340872020075,0.40801465097446105
0,0.39747043364743206,0.402855982642061
0,0.3632545145767864,0.417607162270863
0,0.5575005645915463,0.4292536024400208
0,0.4137104504745677,0.4264342887937749
0,0.45259090139482194,0.4196591824831199
0,0.5177694969663769,0.41581539802553746
0,0.42521593421879245,0.4048555014947469
0,0.3797981783349931,0.4033526601409627
0,0.3567073412164516,0.41516218686166306
0,0.44972972653206045,0.41661474651078584
0,0.58316956716248,0.4122225852132939
0,0.4586724895713726,0.3998465739410481
0,0.42578934713825745,0.4094017876873801
0,0.3607770215592861,0.40525166343763097
0,0.43558267403925444,0.39331468920022433
0,0.4338366607802225,0.3841973769423741
0,0.545624818899951,0.3758245731969713
0,0.36141057312668684,0.3764944500829502
0,0.6467208271244463,0.36526252220951144
0,0.5303652490948777,0.3682522147778657
0,0.35074112982589833,0.3740372546567298
0,0.4241948546450917,0.3749467644413934
0,0.38088400867975036,0.37841960344647013
0,0.352042671780239,0.3888324726817485
0,0.5513814959521021,0.39738725369884476
0,0.5959345188993429,0.4189023639818485
0,0.45275652888669626,0.4438871512256298
0,0.4541426510995041,0.4539882358023909
0,0.36920957581216424,0.4526924224750517
0,0.5246118953666811,0.457511387761721
0,0.40579561948928805,0.4449999042583662
0,0.39092868422206944,0.4395882029787976
0,0.3600254128056569,0.4420435758287196
0,0.5309823736216414,0.430020389288096
0,0.4961126594280662,0.4290575436915203
0,0.4277369687751761,0.4410324842697709
0,0.4356937412458172,0.4410324842697709
0,0.40522911113909166,0.4342209143620548
0,0.40773467587968987,0.4615561293272131
0,0.42103346747605225,0.45421097540281824
0,0.4209826744800522,0.434547595780999
0,0.3949842274342563,0.4262025128594382
0,0.5118041311350493,0.42368359559750884
0,0.3820001744279681,0.42740655539258343
0,0.5244337158896012,0.42872395475912484
0,0.5275206001275852,0.42872395475912484
0,0.4883613973074877,0.3907253947514155
0,0.4265602804880304,0.40051974153751796
1,0.765546608604187,0.41481842542611114
0,0.3610416028657609,0.412857913534599
0,0.5571014652407796,0.41170836862447824
0,0.41388591142140707,0.38941172192795936
0,0.44883336189591433,0.3948253345814035
0,0.5282634614877117,0.39463731412516234
0,0.3553462137279271,0.38156543925135566
0,0.376647144564373,0.37734724906630907
0,0.37735978531045306,0.37643914502721204
0,0.5880791617887099,0.36516984489575743
0,0.46310655351033236,0.36665790229891343
0,0.5408847187580963,0.36991837281955386
0,0.367424621062902,0.36697900276188977
0,0.464187909959621,0.3640715682873217
0,0.5883155628873534,0.3621436425275728
0,0.4164386695204701,0.3631064947322072
0,0.4341067431677547,0.36421689430856585
0,0.37013670257060366,0.36266235762965243
0,0.4628828644047808,0.3665833618513927
0,0.42780790045903105,0.3631855367280748
0,0.4443172686522912,0.3651539104511655
0,0.3499825182064373,0.3694444982236826
0,0.3621297139846051,0.3687707515332487
0,0.508674387712961,0.3736866824749291
0,0.45349400712382226,0.36966089525475365
0,0.5300575485720462,0.3685425526227091
0,0.658688934040192,0.3885186676597737
0,0.3907234739540698,0.38851326790484253
0,0.3491671851043066,0.40033702278687605
0,0.4737421409291733,0.3990865295067962
0,0.5474297288033312,0.38915648915409273
0,0.4071408305416186,0.38506178921447554
0,0.5821209705603467,0.384747269279245
0,0.38734743262651206,0.3769217804110853
0,0.46362355542308215,0.3815496613701425
0,0.37781411975722673,0.37709510471528024
0,0.5175449694655461,0.3968105716835482
0,0.40385606539387975,0.39742017501166155
0,0.5059411434201095,0.38514670604035744
0,0.441133226894377,0.3862768943003291
0,0.4940694503484476,0.3815786306351004
0,0.47824119147939015,0.383432418349359
0,0.40728045901353666,0.37741962053887657
0,0.4215286993913035,0.383695627461165
0,0.3931990311507033,0.3837569116565023
0,0.5198207686886638,0.3815504401693613
0,0.4377652142825774,0.37628342449405083
0,0.4359554422561684,0.38724126948816556
0,0.567860149089426,0.3906112661725039
0,0.40614026026557004,0.3855003352974239
0,0.5263057597380599,0.3812794568820372
0,0.5376672173282214,0.38357353080941897
0,0.42013367992052547,0.39123348454447704
0,0.3915747491620823,0.38823037523265247
0,0.3634729968468553,0.38482988632101556
0,0.5450459772913856,0.38630308804704266
0,0.3832487032928657,0.38516918742422507
0,0.505891803591981,0.3882693805629523
0,0.5086108115653689,0.386818240466506
0,0.39528973988665783,0.3838320251367285
0,0.35369786752983706,0.3958831986411301
0,0.44649494800261524,0.4162906341491951
0,0.5750813761654422,0.4163741408207955
0,0.3756655966664852,0.429185464202019
0,0.41459994770645425,0.41712762390245267
0,0.36903549270931985,0.41712762390245267
0,0.443607662348475,0.4176023330834086
0,0.47338754584434606,0.4365573010913885
0,0.43802520148549073,0.4247800983633657
0,0.37657150509330267,0.3887116737172534
0,0.511242450957797,0.39396091661582816
0,0.39087101442087224,0.4011951325713189
0,0.3657784954040922,0.3988972486136298
0,0.5503207957199217,0.3920930552373743
0,0.578381050176298,0.39606679153827234
0,0.4084685573426401,0.3970312983775797
0,0.4831254171149406,0.4062048294377799
0,0.38248177296989194,0.39420668479694415
0,0.5121411178616285,0.3967586612330357
0,0.3983653660562626,0.397871309165221
0,0.5069163750792356,0.40009835465301263
0,0.4467388273751984,0.39670634190014137
0,0.43147150202345036,0.4011601031161597
0,0.4310258304433178,0.4028656343206483
0,0.36232367747467026,0.39747063684476414
0,0.48123270272043417,0.37797238384796544
0,0.37449242985872144,0.3807180756583609
0,0.40638357952697163,0.39587973787220754
0,0.42210444820118065,0.40719165604336816
0,0.3952123451749227,0.40572864391433533
0,0.4312649155795328,0.4029963410792445
0,0.39671805423182216,0.4055234082264462
0,0.5231085574039126,0.42107060303648675
0,0.4259849678358789,0.4138820477307075
0,0.49436233139302915,0.4156868416596206
1,0.765546608604187,0.42520762681325414
0,0.6065920821633544,0.4320034517639839
0,0.48455852253464393,0.43509615756749426
0,0.36426548978450113,0.4084929349510078
0,0.3678967270072527,0.4093219384717935
0,0.42677852852624776,0.40121785937660576
0,0.4292835664477371,0.4011959801128489
0,0.4766283174173218,0.3974457355315064
0,0.5569524478997017,0.3999502083362545
0,0.5155689090438842,0.39364918682060634
0,0.5113604531340882,0.3949738642454614
0,0.39316100679323035,0.3917911762422062
0,0.4201898090297847,0.38909497482635813
0,0.3851313813543442,0.38909497482635813
0,0.36558782404374596,0.39142774977265044
0,0.46221178325797924,0.3888173454586444
0,0.5824626673927459,0.38909497482635813
0,0.451806972457888,0.38909497482635813
0,0.42880855631292025,0.3897816828463405
0,0.3691103440410222,0.39234462243068097
0,0.47316705177285767,0.3897495266860915
0,0.49527946757859587,0.3976044933758243
0,0.5341846271225975,0.4021083405012492
0,0.3590240130332217,0.4061905770671559
0,0.42456135462453065,0.41397740855103043
0,0.45688737318590444,0.42717090700355687
0,0.45361879804056054,0.43196134224162785
0,0.4006749664653227,0.4347908453439359
0,0.5096452546831889,0.4303539662310984
0,0.4174132998800197,0.42915746190545473
0,0.3885622984028922,0.42975053577887506
0,0.36412869179398194,0.43251505161361664
0,0.46989503066404076,0.44947151592081314
0,0.5588177691368789,0.4579513647585365
0,0.5761586826764935,0.4584027744710271
0,0.41709985552413015,0.46230110209551745
0,0.4591871812402882,0.45953854153308255
0,0.46159387218377035,0.45891712709151233
0,0.3807310867620869,0.4555167190044909
0,0.5208794372352555,0.45231930800187675
0,0.37890122644093266,0.4589110955541667
0,0.5050933953578668,0.4580675185865825
0,0.44998935345908236,0.4581186812090617
0,0.45914373215085125,0.42524354839099426
0,0.4494855319446341,0.42544796584178557
0,0.4304848561844336,0.41977821003868526
0,0.4637660467445718,0.4348322352269216
0,0.3850328840021302,0.4518265309597221
0,0.546831235677176,0.44150671184477797
0,0.4273236656155559,0.4285714208694934
0,0.4971370510202284,0.4314525625578237
0,0.49526257847519717,0.44093816512537404
0,0.4870164084104091,0.42794453640578833
0,0.41209222065144957,0.44086090653719234
0,0.5563373711546986,0.4022028240923514
0,0.37891998028264556,0.41776681985356223
0,0.46973490071205193,0.4233058775939918
0,0.4460053017507315,0.42335725847875155
0,0.5066064499010376,0.43453769583755875
0,0.38070910999574575,0.4277074004743542
0,0.358412400365011,0.430289022343543
0,0.5708124764031145,0.430289022343543
0,0.3923022896407974,0.430289022343543
0,0.4178961201389767,0.4219199627216459
0,0.3597431940823281,0.4293769706873877
0,0.4473311367041311,0.43110390704884644
0,0.46265897891785707,0.4445573954687885
0,0.4696083381240447,0.43863974111324777
0,0.4191912586284861,0.45712587438851016
0,0.37148636049205264,0.4344098850572749
0,0.4190140980620722,0.42314553075363964
0,0.40457973504358047,0.4106004143879521
0,0.3807128113743692,0.40763269189384804
0,0.3669650705470453,0.4015383965090177
0,0.550299570890006,0.39095335220898536
0,0.4309918854988815,0.3885668386773571
0,0.5735273465494101,0.3979562025349614
0,0.3862721364356304,0.39030486461698133
0,0.4646009924818226,0.3944672574856091
0,0.3698237012012063,0.4107642570199789
0,0.5090747779279222,0.4219832936740466
0,0.4050406077787848,0.39576814919757897
0,0.521780711721817,0.39743914943113945
0,0.4396521589206755,0.4154584546240188
0,0.46556551955086106,0.4341614082885828
0,0.4065197287259164,0.4194823530878491
0,0.4408382380558189,0.41883948277257754
0,0.438203974368581,0.4249891732370194
0,0.41370934601716186,0.41584440084770724
0,0.4556046161041669,0.41055139721355965
0,0.40614891909336576,0.40529305639227925
0,0.5270288173531033,0.4048306979585067
0,0.42920978275058563,0.40529305639227925
0,0.5052396284229258,0.41265901706885705
0,0.42376543709660847,0.42222372265167063
0,0.4864831200248222,0.4237757275313877
0,0.45651982997059914,0.42260497627858445
0,0.3756775315091109,0.4336146755110311
0,0.4916825772607167,0.41481440659966357
0,0.38657787657967263,0.4102736579638621
0,0.4651731768180146,0.4077709875210649
0,0.5060588005947579,0.40194229404526416
0,0.4198868543749394,0.40194229404526416
0,0.3623030277223124,0.39233071107926354
0,0.45353681359763404,0.39900677894867176
0,0.568803228012789,0.38728642020691567
0,0.4050634425112376,0.4005090496740878
0,0.4222533493199588,0.38702447613886887
0,0.36785132733534076,0.38702447613886887
0,0.43497476205230334,0.39002436117132855
0,0.44757447882724266,0.3922372249164462
0,0.5469701156849637,0.40580258466212915
0,0.37949370094722984,0.3853151683843791
0,0.6428900475475023,0.3816238959711187
0,0.4165520436231267,0.3852067995900838
0,0.371014360032688,0.377418912336359
0,0.464210322096273,0.37927753586084184
0,0.3857936368326476,0.37927753586084184
0,0.37396628190531045,0.38157170811724755
0,0.4953497928964344,0.38397398403182675
0,0.5026859186811071,0.3825844924886498
0,0.6049183260528247,0.37927098586476066
0,0.39541946394511585,0.3834813999025214
0,0.6282551702580745,0.40456135409926514
0,0.4666512367666402,0.40183416018581564
0,0.36878583395914455,0.40326771928953525
0,0.46030117333148896,0.39877453007463654
0,0.4099435702657844,0.4055089179431168
0,0.3953617338596937,0.40155540976536125
0,0.35096389471111594,0.40165840626294586
0,0.516833960122404,0.40070837581972196
0,0.5128992920381158,0.3840376785947314
0,0.4708604057700289,0.3838466341798286
0,0.44492611944651644,0.3854500495188296
0,0.3509914488798106,0.3811105846599052
0,0.4417016937491482,0.39148030632506564
0,0.43369327450814815,0.41050393262161394
0,0.4204697440140576,0.396281799518775
0,0.41329424917287755,0.39523457775507637
0,0.4556046161041669,0.39548739968844826
0,0.4154202889382878,0.40510479295097507
0,0.5252016515098079,0.4071881057881202
0,0.4247393713464034,0.3989252433992323
0,0.5083686809557045,0.40257868028403326
0,0.4465602154898972,0.40893970931455503
1,0.765546608604187,0.4125131155058585
0,0.37547257345394797,0.42037469797280436
0,0.4918964271773446,0.415350289875475
0,0.4504061038600179,0.40664673855279926
0,0.48314770312048466,0.40145211699355626
0,0.3711823742084848,0.3925237421311984
0,0.44446079788780596,0.39696918570998174
0,0.3873724479295157,0.3941800857924622
0,0.4232773173462515,0.38601140097077075
0,0.39057023992489676,0.39190821993726405
0,0.5879097550792741,0.392915698576095
0,0.4685496114471179,0.38577611999830236
1,0.765546608604187,0.38973829826849904
0,0.5147008334903896,0.39100687940759715
0,0.37110849148535024,0.39580504535649214
0,0.46328391466402685,0.3916642392145027
0,0.5900801797925512,0.3916145644610411
0,0.4252796708403961,0.39100687940759715
0,0.4330069462247423,0.3980288451508587
0,0.42712778155142883,0.392736150884932
0,0.5107815319321488,0.39361832107868383
0,0.42862174915880874,0.39004678878696397
0,0.3693992665767366,0.39543279124032377
0,0.37407431791582596,0.39466638319301406
0,0.4904433288910334,0.4045783612235646
0,0.45349400712382226,0.4028140962667563
0,0.4174357234763636,0.40041691175753064
0,0.3853950449683743,0.39310159357054303
0,0.37032297723030827,0.4069537764190291
0,0.5151458357311178,0.3926812820738335
0,0.5682652209886626,0.4233868145770578
0,0.4048076165559605,0.4259318531075713
0,0.4785179100769435,0.4291327958699237
0,0.36906219907497895,0.4286394090301007
0,0.45865888646455744,0.40005863964014154
0,0.4076273978052453,0.4199434520554879
0,0.5042732868423226,0.43159950297737343
0,0.46017969084627885,0.4317971804210424
0,0.5439719398060386,0.4064189418801888
0,0.46636490387454127,0.4096549534227419
0,0.4393072482427322,0.40767452486505484
0,0.43853356266212284,0.4187415895823414
0,0.41317532482531943,0.40875269588516333
0,0.4562976315343045,0.398421187206953
0,0.4719271981592916,0.41266448392363936
0,0.4107334820793475,0.4153998405832839
0,0.5685793677696457,0.4266689024472298
0,0.426271979521436,0.435740210479917
0,0.551195785798991,0.4444697269842297
0,0.41892757986298634,0.4147734644784024
0,0.45470711494271127,0.41377529247811595
0,0.4528742838545072,0.4296594048797872
0,0.3901517466411375,0.4329668119600606
0,0.5001740064641504,0.410884544500778
0,0.3927396675445866,0.41213673575441634
0,0.47668203768383394,0.41078975618564234
0,0.45137513757369985,0.4141007708575
0,0.3859457725105876,0.38789595279156364
0,0.3571751366807811,0.40823702829839387
0,0.4335393797132526,0.45127402469762745
0,0.5540544136364475,0.45221243066806394
0,0.38136962950040637,0.443210299684693
0,0.42114454171434307,0.4311730308802762
0,0.381275617408526,0.45073646779897547
0,0.4521151207886156,0.4556875444607699
0,0.45757722007392776,0.45806814452411926
0,0.380804880579811,0.43511674010166224
0,0.3781039967605522,0.3951059229162354
0,0.4210764505556271,0.3936662957409339
0,0.3762574464807256,0.3945366870658826
0,0.36624161899811614,0.3872906093551733
0,0.48629337945385637,0.38580264785030133
0,0.5102856560012139,0.3845862684356731
0,0.42135258749766674,0.38348904068551437
0,0.5492199503927553,0.38579307397199
0,0.3973924847928194,0.384864644654971
0,0.4701730235123178,0.38126761196170317
0,0.36352370984760407,0.375032948349234
0,0.46049828913248053,0.390609658943306
0,0.4066107785876271,0.38561027142150606
0,0.4727241238171565,0.38920048224777454
0,0.43038876813060395,0.390834515051712
0,0.6413077650851101,0.405173599878802
0,0.5537275262156891,0.40164849614827924
0,0.471006018888872,0.4045973962783329
0,0.35730563371379964,0.4012720131740271
0,0.440387541766312,0.43029928210438073
0,0.4368449501360142,0.43582596490973513
0,0.41155149904012717,0.44240469024188067
0,0.4560216233503329,0.4435126539891685
0,0.43170130276083,0.45042038102389825
0,0.5240077004512754,0.4527064272557316
0,0.4251925452136394,0.4539940960211255
0,0.4532867960240499,0.45083750106609505
0,0.589755722106418,0.45406268037922987
0,0.5151691615391356,0.4747234657258902
0,0.371519625857174,0.443840311283008
0,0.3767404463459176,0.42220819492057676
0,0.3993580073661997,0.4427725638744258
0,0.46918984350271553,0.43633401690125306
0,0.5003027401459448,0.42583819127151984
0,0.47471876120963596,0.4241047935037708
0,0.4585860161437425,0.42232988744105954
0,0.5348723191457501,0.41877273742592513
0,0.38307284325091434,0.41877273742592513
0,0.39265869768895034,0.4143779664952168
0,0.3455545274191241,0.4157966487632214
0,0.4094861697625169,0.41185757092157893
0,0.5554089961104223,0.4157212035365048
0,0.4554838893237968,0.41065901451358283
0,0.4115852156770357,0.41226426339710626
0,0.35373637906012123,0.41315318935284123
0,0.45438254143291934,0.4173543461889171
0,0.4941784731564019,0.41674874772844733
0,0.5277897277984818,0.42053019329561325
0,0.43183930646132956,0.42296714388775325
0,0.4201607053752435,0.44246243488916276
0,0.3674969059785413,0.4406973102107607
0,0.47936363224821515,0.4387717114974173
0,0.41886584757169154,0.4488769623003101
0,0.38230721435470694,0.43971076578512097
0,0.36956097587001974,0.43050228325837303
0,0.5056283348849021,0.424535119368864
0,0.5679217801889452,0.4248874185919195
0,0.424251619095061,0.42466317541593673
0,0.458611752995422,0.42644299769543265
0,0.46399767268054715,0.4160097229077761
0,0.37042804305821453,0.41233322761362423
0,0.4712976392151485,0.41809245579470156
0,0.40224466754860544,0.4149591589917945
0,0.4750997574427629,0.4112760128420984
0,0.4191419295871574,0.43281550340405184
0,0.44610794270373666,0.4363076188050745
0,0.44114983520533674,0.4077811242548348
0,0.4372073652049639,0.40970779925649614
0,0.4132968274645094,0.40846155234182013
0,0.45576241871876133,0.4174925525931478
0,0.35477474948631516,0.4166087153442202
0,0.5250812926711619,0.4293738159036266
0,0.4267267885984513,0.41198464347765923
0,0.5207309863656787,0.4171182280521267
0,0.48783057429050447,0.44130381685314274
0,0.48572324230942315,0.4206947322314355
0,0.43212913815506765,0.41980411592591277
0,0.49521724972618125,0.3998241853581612
0,0.41159809158993155,0.4012655123756935
0,0.4692303385547792,0.39898200588624394
0,0.44895826238814,0.39898200588624394
0,0.4642092355166,0.39672893605238724
0,0.390057734950866,0.3916580670716932
0,0.3454746402268668,0.3962629513685401
0,0.4046648473630511,0.3962629513685401
0,0.5592991380040242,0.39650041834544225
0,0.40054147377270294,0.39249534736200703
0,0.40886784778460766,0.39751655513899364
0,0.3550221328601299,0.3962629513685401
0,0.42859729764091514,0.39714410572927317
0,0.4800440664984719,0.4009498499301646
0,0.4115826926410288,0.40564971413523476
0,0.4061413118596698,0.41134476385347235
0,0.3816421077521926,0.39943923805488746
0,0.42030491022254524,0.39792980319425475
0,0.40400451114318103,0.4048805339634402
0,0.38224286389487716,0.40265393179648534
0,0.36898115404107606,0.40144282698671896
0,0.4939186025380214,0.3971355288481469
0,0.5625215661417441,0.3883865372838804
0,0.4983217459354813,0.3849102077481766
0,0.3878741676499935,0.38679644540055313
0,0.4709213460086892,0.38679644540055313
0,0.36532826408905994,0.39571263835825166
0,0.4441760043492059,0.39774101932441996
0,0.45157323209543937,0.38818918107024614
0,0.4894044470312862,0.40705808158429985
0,0.41127076317840117,0.41094485189228785
0,0.46540862680605366,0.41254940368580695
0,0.38701280847167074,0.4112061236556588
0,0.439977795239578,0.4117907901546631
0,0.43903754981320425,0.3944817756883774
0,0.4137029607186112,0.4017387049579837
0,0.4568698028743822,0.4017833040307673
0,0.43511400389944754,0.40289247212084445
0,0.5234953889865039,0.41558299491413586
0,0.4283203920925555,0.4090827391893838
0,0.5207951477608274,0.41750964656584133
0,0.46791392812297466,0.4168977706437438
0,0.4846619635973048,0.42320346364123146
0,0.47201695686089823,0.43717246399615206
0,0.4053611641889181,0.4402401359956406
0,0.491713493399813,0.44164126009351584
0,0.3934866070300697,0.4411280942352906
0,0.46488494613565173,0.4329144321529498
0,0.4434835899507054,0.4475374756094178
0,0.4589512964573834,0.43791456259192635
0,0.40305703612474364,0.4265356870530756
0,0.36316516594847265,0.4261855825023513
0,0.5568663479826539,0.4155008753094084
0,0.3824990486088348,0.4155008753094084
0,0.420833293510827,0.414969952109654
0,0.3662466394221107,0.41289221266560006
0,0.4367590452080779,0.3929751582567816
0,0.4330689837833692,0.3917789730423098
0,0.5374293775603006,0.3873061264597606
0,0.3800504545422988,0.37300692987564243
0,0.6579890215763938,0.3731402025060135
0,0.4188159242399873,0.39047904268095457
0,0.37163560337898116,0.3816664110461227
0,0.4207796114034756,0.3877147708861445
0,0.40580697571785734,0.38481341325659707
0,0.37361016529434593,0.40122957537213183
0,0.40727359441380323,0.3893361176850577
0,0.4893773548260461,0.38450177471695246
0,0.5653043526415971,0.41207687536043647
0,0.40643133969360584,0.46302319525121594
0,0.4814545649013718,0.4588682297098585
0,0.3623817885458459,0.4503101447255669
0,0.44605583951212824,0.4231291212120105
0,0.406360293962211,0.4242714534519371
0,0.3931913993140989,0.4056059508622781
0,0.4473894678036655,0.39584335596025516
0,0.493198289363899,0.394192363978243
0,0.47936872236595396,0.39532449340933434
0,0.4076315945949229,0.4004393022237176
0,0.4450400532246891,0.39343478516852093
0,0.364693528703822,0.39117328032601634
0,0.44243280832991533,0.4343189375800523
0,0.439224401755084,0.4306081894806914
0,0.42069793969830693,0.4091049738087415
0,0.4121805964614593,0.4174064421627475
0,0.4553520028089596,0.4156354125895057
0,0.4366395202845837,0.4223495634263493
0,0.527483133167654,0.42288084236001455
0,0.4262187236573213,0.4241336909913466
0,0.5330178582263364,0.41826145271634174
0,0.4463024706828072,0.4290481835664015
1,0.7642528072257125,0.43044209909146125
0,0.4062477803561455,0.4277261463277667
0,0.4741289217270184,0.4165372158598093
0,0.4772982936653821,0.4209197697844608
0,0.4781277171868829,0.4089451024085523
0,0.45533633330372436,0.4076929659797416
0,0.37549077199740416,0.38743001439654806
0,0.40590244973508627,0.38071576193005907
0,0.39132147258597,0.38138703150062164
0,0.5868685433628792,0.38052639401296656
0,0.44830794450831785,0.3814738455861785
0,0.5144239924560347,0.3806176751373511
0,0.37146668473958894,0.3779402062519238
0,0.43918014778468845,0.37481884691253947
0,0.5675537974617018,0.3767502400923961
0,0.4582700752294195,0.3761413866322012
0,0.4335722166890851,0.37799492604069623
0,0.3751118524021874,0.37565555181989785
0,0.44648720635598355,0.37786792399706404
0,0.42850780115218523,0.38093421684557477
0,0.37163560337898116,0.37878226783979146
0,0.3797788319782073,0.3777532450615854
0,0.50900783794355,0.385125119178785
0,0.44842913729459954,0.3817102618286717
0,0.41931234151195124,0.38936623742660875
0,0.35264258064117626,0.38658288776710364
0,0.37035624400778294,0.39190471228167106
0,0.4865717765935522,0.3849279814972847
0,0.5633082831701857,0.38840164238451624
0,0.5024578075636013,0.3883281903976818
0,0.4263480316336764,0.385513963961596
0,0.481514174583203,0.3788309991448037
0,0.36997738650104695,0.37099762979175516
0,0.46556632860497116,0.3700185764105467
0,0.40286185273418296,0.38157153064865856
0,0.481843039997956,0.3821839642269936
0,0.42005900680695885,0.3884792031840486
0,0.37349556198183786,0.38103611116803976
0,0.41824575274971654,0.3832001293524813
0,0.5436378084520137,0.3864936466989657
1,0.7642528072257125,0.37970775448246313
0,0.4666092863408222,0.38211584544410254
0,0.5068473605612005,0.38233117532137006
0,0.46112746675301214,0.38682924923700224
0,0.4707954526756781,0.3855793830289327
0,0.4005881673367379,0.38355887511402953
0,0.38928495360072674,0.3932786858312993
0,0.5726624275926877,0.38029224323491245
0,0.43260898654750635,0.37137042000127723
0,0.5656711110625252,0.37080392769031195
0,0.42707109806234606,0.376583254527838
0,0.4588998811545122,0.39195476146542985
0,0.4604756151680761,0.37624480632095825
0,0.4169734332055151,0.37530303335277343
0,0.48819997797930975,0.3695307145924782
0,0.35487720850321397,0.38208416572490794
0,0.5059248903086039,0.36992000575453826
0,0.4522060319070194,0.36798332091200864
0,0.41618824889870204,0.36904066322098406
0,0.3887589722967967,0.38102186295691853
0,0.35645044920146507,0.3659772268358186
0,0.4049170755744696,0.3718289531611363
0,0.5594151571804884,0.3875035848644922
0,0.3911148874816369,0.3928916437122045
0,0.41841608458997176,0.3835552241155945
0,0.3636934359958048,0.38660012409742733
0,0.4365047911470139,0.38686895788174575
0,0.4573402813393818,0.4029039367861177
0,0.6318459196488708,0.41837778026475414
0,0.3724225439997713,0.3858946030391338
0,0.422306251276288,0.38055352490473454
0,0.4117445817936052,0.377635649037398
0,0.3710508342818876,0.3762984572512212
0,0.3663515768164855,0.37357213357074
0,0.4934617355768497,0.3790020771235058
0,0.47762198313425025,0.38176781349656175
0,0.5575642782482569,0.3807735743220405
0,0.4014375537396973,0.3776991005383302
0,0.4699631067141457,0.38693693502711823
0,0.3865532851081834,0.3801922287131418
0,0.4480961035921687,0.37927625095595624
0,0.41819213010913797,0.37917071584147416
0,0.4991448406032876,0.3887284604518553
0,0.4117531018870104,0.3825416819926163
0,0.6362441308903387,0.3902987459990559
0,0.34887541932530364,0.38663097912909883
0,0.4209699269816078,0.40248557254466955
0,0.46107727096020507,0.4144560164954995
0,0.41957369156826185,0.4097339208169668
0,0.4469796575852732,0.41587091032770745
0,0.3796057583950319,0.4129936637247003
0,0.4203357600564685,0.42813131411948213
0,0.4147425519447663,0.42720263220812577
0,0.4275578480391389,0.42599472101762254
0,0.5564645703578087,0.42521222901274025
0,0.5256789183352322,0.43777611438326736
0,0.5902051609622394,0.4472595984381616
0,0.45229165641027946,0.44186994191325674
0,0.4129608846977712,0.45840198997658643
0,0.3852500612790516,0.45514180689955386
0,0.37776798525554256,0.42835965512665203
0,0.47823146176841375,0.4165460000645601
0,0.3794872657810203,0.4125454032597065
0,0.44778551843201575,0.40794820522701924
0,0.5481593895611915,0.40824559498071195
0,0.42170896777889166,0.4010207321741895
0,0.569436923303173,0.40444229107075114
0,0.36999691921577355,0.4038504587226335
0,0.4142572461679902,0.4041612456432703
0,0.5590830375732739,0.3997806839562118
0,0.41186130042583696,0.4019148084107305
0,0.4137837770835897,0.4012375592254258
0,0.3708801472466282,0.40475856855992576
0,0.44467860712395385,0.40586613326080173
0,0.4937725433847812,0.40080247831663174
0,0.40324971803329984,0.40918457527275104
0,0.4027377339738271,0.413562543626711
0,0.3730922379343069,0.4211498626357653
0,0.49160341489915504,0.41044246960762715
0,0.45688737318590444,0.4242153538281698
0,0.40077053000464585,0.44237166884521245
0,0.4184483862858732,0.4477605893189215
0,0.36402535304823813,0.43444357996973565
0,0.3700383378021838,0.4468283531804639
0,0.4892581007721075,0.44072618514233286
0,0.570040216237888,0.4216500109537338
0,0.3861253976799827,0.4170504588841559
0,0.5625637190898296,0.41705264195752106
0,0.3742944410707039,0.437498288804612
0,0.4852285317761011,0.43494453263522415
0,0.382151225401444,0.4398620863674921
0,0.4632515005417499,0.4171609000706524
0,0.4239976135944176,0.4174109335081447
0,0.48285684962588205,0.43311731109960794
0,0.4114915377620716,0.43492040858020253
0,0.4473883103608636,0.41452975097443034
0,0.41122088486805947,0.3978994243100868
0,0.42228965324031187,0.40055156161200667
0,0.39023160006874735,0.40055156161200667
0,0.43064841554343464,0.40821068185370996
0,0.36095207779453614,0.40291444812217664
0,0.3968702167212297,0.4069066995983551
0,0.42769276418729163,0.4150087365479555
0,0.532135059737834,0.41945687520045893
0,0.46252458526589557,0.4181644122985398
0,0.47127572641793875,0.39321831222792225
0,0.4054902752616203,0.41295968135355315
0,0.5403071590206033,0.3923954813280517
0,0.38741154133272065,0.39244704113661866
0,0.4885638687993935,0.3902571630218348
0,0.43762349292903613,0.4063262797436345
0,0.453682159809432,0.4100354015083037
0,0.39296633527785324,0.3901260310635584
0,0.3607059759876762,0.4091217590809397
0,0.5513038054412902,0.41294190192469354
0,0.4055105514642596,0.41434011376544255
0,0.4134554583859044,0.3901260310635584
0,0.36357924268795555,0.3901260310635584
0,0.42359148052722195,0.4077930040965455
0,0.4621057975574265,0.4175224042500479
0,0.40778086904517213,0.3960409398942274
0,0.40418322250435473,0.3974697732720051
0,0.3827515609627618,0.4027420887495229
0,0.4207603883030878,0.4009127117267003
0,0.4151359172826779,0.39962004477072777
0,0.35474831543335755,0.4002820141029069
0,0.36978973044766805,0.4080224910525524
0,0.5633973718077933,0.4004026757194434
0,0.5455462049598288,0.3860215786442439
0,0.4138596725556054,0.3869330787787282
0,0.4627729208148928,0.38778100920090347
0,0.36864535358484923,0.3853322980286475
0,0.4402694947892714,0.3821796452274952
0,0.41956776078971475,0.38465166313423244
0,0.5019430158194141,0.3870064349728528
0,0.4193190287429951,0.38822844463982836
0,0.45804998141784203,0.39054705715521304
0,0.3925157191566582,0.3923826904376869
0,0.4113792865536198,0.39498123971548804
0,0.42636631878421394,0.4033931664335361
0,0.38989931722127147,0.4036661890808168
0,0.4314593344975973,0.40067640916312935
0,0.3791533898252628,0.4089928026135801
0,0.3969395654441916,0.4085812631233227
0,0.4277040995407421,0.3970938960881009
0,0.5215953171366735,0.4065434086708893
0,0.42767032580753783,0.40332768094690974
0,0.40543152854901116,0.42138254019987803
0,0.4147416507171881,0.4249072135667545
0,0.47228551942349606,0.4321301470401333
0,0.4055956616604928,0.43607535075815906
0,0.5372447295128431,0.4189805716514739
0,0.36317738684191,0.4183721063777398
0,0.48314772575946113,0.4163791542983075
0,0.447328537895553,0.41318627062975155
0,0.38912942328080835,0.4051495754580686
0,0.3927854926120934,0.40386211134126265
0,0.363351853975394,0.4070616816698755
0,0.4272222931667552,0.40828550536702723
0,0.5579969194864386,0.40050501632775587
0,0.3948690134260683,0.3972416921353239
0,0.42616669894054976,0.3972416921353239
0,0.36639569667152955,0.4009445781078751
0,0.4319075163776862,0.4046338093723256
0,0.4296222490104555,0.39922045097245
0,0.4816008999307019,0.39799787977742834
0,0.4843036944662253,0.41892817494939844
0,0.35713377100701726,0.3979669351410011
0,0.4209867350273284,0.39976405975061957
0,0.3442568510254711,0.40062799082737244
0,0.4049722428088209,0.40687858958422246
0,0.6471202347886438,0.4010722155483307
0,0.3537756297848442,0.4010722155483307
0,0.3475002348412925,0.4149933198835799
0,0.48580463310030364,0.41289342865455486
0,0.5507108550836706,0.40650203981099337
0,0.568873419677442,0.40348486250839277
0,0.4146569925686549,0.4137797627575377
0,0.4572294670810808,0.41035951462433073
0,0.3690896036599488,0.40925921339613536
0,0.4435596532455497,0.4047134187624736
0,0.38686454067243936,0.4225399953197088
0,0.38889320287098694,0.4153309509719443
0,0.48020375001957516,0.4098673834917034
0,0.4879488534673882,0.4041679943954901
0,0.525259937017628,0.40578601804934417
0,0.40721726106701633,0.4067658912363216
0,0.4427159836005163,0.40020425720759745
0,0.6161448970628965,0.42489618481766434
0,0.38270077328390245,0.42546112681237536
0,0.4111598713867628,0.4226981286131117
0,0.4209826744800522,0.4433003073261945
0,0.42927770984786173,0.4363060381843446
0,0.38954606937976466,0.43274951725643396
0,0.431121233330097,0.4420011270703506
0,0.3866433693511528,0.45174393878344477
0,0.4012331962636659,0.45624810313642117
0,0.4297681114292159,0.46450654234628624
0,0.5270181009833621,0.465816069755075
0,0.6910746996489444,0.4762030686941452
0,0.45118302322523407,0.4763867798866666
1,0.7642528072257125,0.4755613266027029
0,0.40624727632008556,0.4771336897753412
0,0.5395249852726298,0.4647815277201968
0,0.4788935200177712,0.4610700790013293
0,0.46771039520755603,0.4573672223608143
0,0.45237428020833914,0.4567861516197074
0,0.3527476124339746,0.4407737949038094
0,0.38116525410130336,0.4392803668778093
0,0.38844085463695516,0.4395776785296744
0,0.5866994853937104,0.44121649316670253
0,0.4340785173741294,0.44598694539831957
0,0.5149004919398632,0.45319356146919004
0,0.37083517298418944,0.45319356146919004
0,0.4217070732642598,0.4518643783163491
0,0.5583745803116816,0.4603193963405482
0,0.4552238887750546,0.45739915305753553
0,0.43740463921839257,0.45413497221066956
0,0.3729865759012634,0.45279549100512057
0,0.43342787637067925,0.4578452932273357
0,0.4284490481781563,0.46651666437881056
0,0.43985280180960046,0.4714109188657422
0,0.3440389279901228,0.46952065182766717
0,0.36298813094751925,0.47413996083622423
0,0.5033753017549657,0.46898670061616643
0,0.44940746001052795,0.460484318222878
0,0.41911155661338484,0.4596998342054307
0,0.376501171826102,0.46159424153445794
0,0.3425676188635155,0.46667418815189343
0,0.3877755893249581,0.45746088976893
0,0.5600720159809913,0.4627151963531265
0,0.562371778247375,0.45955611415249104
0,0.41764099266275856,0.46203952310116714
0,0.4647178976128278,0.4611643027826656
0,0.3984631508241321,0.48317429211480417
0,0.47308478794249564,0.4658440573353759
0,0.3891852769578613,0.4658440573353759
0,0.5319067613729844,0.4851703357331616
0,0.4132226344167624,0.4880281839251713
0,0.42372801192471743,0.45982005556435934
0,0.5439868520537979,0.45191655086279564
0,0.41274983198967913,0.457204419450731
0,0.42847241494507615,0.458400565451265
0,0.3915970278092598,0.463150216916385
0,0.43175135275546717,0.46441128242683416
0,0.377003967828196,0.4828862234376762
0,0.42890176085273635,0.4966408615153071
0,0.4061470562242395,0.4936404857666177
0,0.42773238568965644,0.48462502786855327
0,0.5617169739613532,0.48462502786855327
0,0.4268636613126686,0.49203099662074434
0,0.46188102477761783,0.48950667355076605
0,0.4201364230607014,0.4889758278201877
0,0.5233330115136529,0.488645105360445
0,0.46386093041480986,0.48740359312243936
0,0.3967362788105369,0.4811202864499399
0,0.4839526480327891,0.45731882399912377
0,0.46713114152402735,0.4511243070930595
0,0.3754830882832492,0.45616824495644315
0,0.364002040233826,0.4539358021135028
0,0.4067833884614466,0.4692636970540529
0,0.5481739873322877,0.4692636970540529
0,0.395409462361126,0.4935961688808966
0,0.42501021795934735,0.4909774284040243
0,0.36143871021921786,0.4898158875341593
0,0.4369418467901328,0.490147402397133
0,0.45624948035178037,0.5016230299479509
0,0.35842028661482467,0.47016495106122214
0,0.4208237190448683,0.44591034821978265
0,0.3533053131950988,0.45035524816162703
0,0.344041697456898,0.4478320455557364
0,0.4887599250496726,0.44382941208801735
0,0.549574497865182,0.4380909541753209
0,0.5679410909700968,0.4380909541753209
0,0.3804069324077479,0.43944240505856275
0,0.560730585073514,0.43832713500609066
0,0.46399571964400826,0.426538994785437
0,0.36196569376823956,0.44232803216146344
0,0.4844810930927451,0.4516595139624043
1,0.7642528072257125,0.4474685200571687
0,0.3921238130769314,0.4389546384775171
0,0.5033566022153066,0.43931341991701256
0,0.4021244930746854,0.435998643286762
0,0.47438473582884055,0.45868055497986654
0,0.35557489312237484,0.450769393550971
0,0.39413432658976144,0.46441912132348717
0,0.4126945850668896,0.4671220377186354
0,0.4284294293590196,0.47406597724351546
0,0.38954606937976466,0.47799546533459564
0,0.43182940584492596,0.48321286375322275
0,0.3606120763253065,0.48265086610332214
0,0.41031759587193106,0.4929321001803506
0,0.43963073365034894,0.5046105641771321
0,0.42977248509758637,0.49172440232594744
0,0.587311651625618,0.497669625085005
0,0.5174603226888603,0.5000190013888044
0,0.551005795315649,0.5341700253827006
0,0.4618415106771525,0.5252820829713427
0,0.3477697434603284,0.5054184415539527
0,0.3635090376380741,0.5153474932939017
0,0.35017324116368415,0.5050156321179119
0,0.45830420115780707,0.4863920691998009
0,0.5074323380613422,0.5028483800759916
0,0.46822830798657394,0.4914240804729711
0,0.5475815069055575,0.4955308532182321
0,0.3648409590323362,0.483990320720653
0,0.6209104616758584,0.4957484878070531
0,0.3996700994072688,0.5061103741168171
0,0.37223749258790134,0.4831178882825466
0,0.4261175720373163,0.49689671931128215
0,0.5620964714398856,0.49135021415016356
0,0.38654428699455357,0.5057134631288026
0,0.436435694923612,0.4968618585508121
0,0.37329008883628084,0.48853718785161504
0,0.44942423340961124,0.4968618585508121
0,0.5411217822411184,0.5222268403943581
0,0.3456308941938307,0.4954992759514451
0,0.4457239960345415,0.49828556670182417
0,0.40266161798907824,0.5098737339933664
0,0.4830367288930408,0.5152652490150068
0,0.42190186418080855,0.49850131604811854
0,0.3518645888894694,0.48544391675794435
0,0.34464403890453493,0.4884847954617721
0,0.5919396017846345,0.4840034115390003
0,0.5613536287197004,0.5107662432360232
0,0.3951932800473907,0.5139130834038329
0,0.4580185858951326,0.5107076970926232
0,0.4642095031502192,0.5197012828411353
0,0.37002510533769356,0.5195912096209636
0,0.4753661285759665,0.5215542442963156
0,0.3918834126708288,0.520736540640198
0,0.5060548598434913,0.522227127440182
0,0.41085570433410956,0.5226172439587796
0,0.41095637606434365,0.4961026833063998
0,0.42516514728231464,0.49273162900369116
0,0.3902042226081823,0.5022939264402109
0,0.43120489326011047,0.5030123320666268
0,0.36419094904991517,0.5153534147440698
0,0.4085264083963822,0.5157893705398856
0,0.429953019694641,0.5103367280424537
0,0.5580029773389349,0.5121274342956345
0,0.49464761286851444,0.5096466213719418
0,0.5362348743066311,0.5064562862724246
0,0.4470600269831427,0.5103367280424537
0,0.5440926826771855,0.5101897164300392
0,0.3918680184526719,0.4853400096955493
0,0.4437806703156841,0.502384354533207
0,0.4661478882230327,0.49103239763355755
0,0.4677358361686443,0.4826267597307606
0,0.3913728513999911,0.4596563684355044
0,0.3635050261898869,0.47539823820640137
0,0.5535525796324959,0.484924041289444
0,0.44372723690244326,0.48438994912118705
0,0.4292580896098257,0.46026514720873213
0,0.36060631113749475,0.47950429131595285
0,0.43835908328585704,0.48722157962054524
0,0.462659829889301,0.490053353590558
0,0.4181183957820302,0.46865985710475055
0,0.4009825561317005,0.4881857107651501
0,0.36070670845840075,0.46947671775041777
0,0.42261576104434023,0.45943796582967134
0,0.4184996351250256,0.46002292560870944
0,0.35616390676178333,0.49964803286607823
0,0.3443362494118442,0.49749279103156774
0,0.4812454311319252,0.49261986739609775
0,0.4004014669072525,0.49380078961154245
0,0.5512739101830852,0.4835674170312133
0,0.5495487279222878,0.48446092596064383
0,0.4005789241529143,0.4881973554890413
0,0.45071119820840067,0.4976502409349764
0,0.3677908262990578,0.49820114775475133
0,0.46908757812084156,0.4952744111472925
0,0.39405624079679974,0.4933288094738639
0,0.5215000763563957,0.505102426994135
0,0.4064819481254592,0.5064190991476911
0,0.4662120037271171,0.5083328669914776
0,0.4425873814878292,0.5007154660874925
0,0.41151847689365534,0.5057129776874073
0,0.4272756573514573,0.5091190652331967
0,0.39139636143568757,0.4987184441644533
0,0.42994217977691523,0.49977702031300936
0,0.38512129229459774,0.5252991006480228
0,0.41457950823361905,0.5127923541180369
0,0.4300294633088391,0.5057118442240244
0,0.5038748428889052,0.5081706884799599
0,0.4239738031497679,0.5184367843407329
0,0.4703969172729135,0.5335645305412917
0,0.4842152952749156,0.5287042123010868
0,0.4694007433300973,0.4976813344917675
0,0.5545388053290748,0.5135281530132241
0,0.3875804208738878,0.5110537664822441
0,0.4450389611209274,0.5253167194769391
0,0.4671628897268169,0.5219384461603975
0,0.5076948428787204,0.5139862882622611
0,0.39345548347532244,0.5007502385681936
0,0.36894782949937105,0.5057056535594852
0,0.5527337582142958,0.5011984322935213
0,0.3934029365522367,0.49843321369807364
0,0.43177270001291274,0.4932459020040248
0,0.3697120006107546,0.476369519949635
0,0.4243501447625077,0.46183354610459665
0,0.4382537055823096,0.4543068979018445
0,0.48590278281817745,0.423926522312474
0,0.35960654087346255,0.41347681148667453
0,0.42182646005058844,0.40514871295820354
0,0.6440551592020599,0.4081710809361915
0,0.34558174948124143,0.40822310026144487
0,0.3897700443223344,0.4120786379262624
0,0.3684977456735333,0.4138531548831494
0,0.346644572316917,0.41783976348968854
0,0.5478300375431295,0.41423314984478526
0,0.5967271587134675,0.3937990883973278
0,0.41696189708766557,0.42490302156088455
0,0.46309281558188053,0.43082072757969747
0,0.3810966941692818,0.42915527903212686
0,0.5145453778616017,0.4014570938795787
0,0.36155634483176535,0.39407576913658326
0,0.3805633664523931,0.38437702847384814
0,0.4761797610857767,0.38646376540358734
0,0.4955374220973852,0.3785852186130271
0,0.5343737815924482,0.38305366231378934
0,0.41769625989740494,0.3946935670069029
0,0.43653643922183966,0.3832128285569168
0,0.38424562300103204,0.3759000919975142
0,0.41182402839302346,0.42549518260803415
0,0.42018535615667074,0.43470253037055495
0,0.431574477716319,0.4131357577296471
0,0.3914962592770226,0.3956199607357818
0,0.42940984678950717,0.40394053473179575
0,0.4061701467547744,0.4183101188108735
0,0.41668349935931664,0.41057087260899927
0,0.43028033552520434,0.41055491075079886
0,0.5102882379466138,0.41310953918875354
0,0.4441453146959934,0.4298493595212429
0,0.5529095371694945,0.42161793909243483
1,0.7642528072257125,0.43007817560630723
0,0.5497133519737214,0.4287926921568837
0,0.4768004079533075,0.43927333216078496
0,0.35194455988258766,0.40855483295591605
0,0.46766864827006766,0.3896125061628572
0,0.5429963674384153,0.40089399368223877
0,0.36182246495994125,0.39358862723525756
0,0.3795662752925852,0.39558192474377946
0,0.4006212886362113,0.3926657063403899
0,0.5865010425400942,0.38148084133221605
0,0.4507680652635989,0.3727849525560089
0,0.4765181864014034,0.3772251940540483
0,0.37301386518366314,0.37457686214169655
0,0.4556685252652699,0.3733086984205895
0,0.5912658902058351,0.3662287636609146
0,0.4343160481787929,0.37059177663555026
0,0.4385627250271953,0.37202995429826313
0,0.3742902436955248,0.37059177663555026
0,0.47950162453959383,0.372449062937166
0,0.427574719518106,0.3737904633005303
0,0.34536298775265534,0.3737857623726009
0,0.3441374213287245,0.3715974352899545
0,0.511747984292318,0.36681860380614567
0,0.449500328724087,0.36801713539086667
0,0.4191118906286536,0.3700097656148466
0,0.36966114603736155,0.3662833328632593
0,0.3450359587531114,0.3756349762011698
0,0.48153449778052476,0.36930156215594456
0,0.5667894001800142,0.364674874148287
0,0.5699540751578749,0.36715272048951236
0,0.3809334637013695,0.37731809884325274
0,0.46717686919186596,0.37100321252398755
0,0.3619261016952488,0.3641180802288919
0,0.5552059946050188,0.36073527006242473
0,0.3653706003473586,0.3725952693293135
0,0.5190520652923185,0.37724150782885524
0,0.43889800414153624,0.383841379989357
0,0.41594581725070984,0.368390607803243
0,0.5400595370505968,0.36909179589473984
0,0.4110457427310931,0.3714529872140043
0,0.43227337144039735,0.3710054906363747
0,0.3919381851618273,0.37605929390952314
0,0.4315346188586132,0.37309308433563054
0,0.4072637000222252,0.38029277615332746
0,0.42809130079709234,0.3810465985073538
0,0.4171639532707089,0.3926764764163837
0,0.42926520936137197,0.37987857666617686
0,0.5448605993953044,0.39320257917011503
0,0.41839030991817,0.3863149882080415
0,0.4539855928671553,0.3895628783658406
0,0.5536599509833613,0.39237546730335815
0,0.5433197796997035,0.384783741224529
0,0.4625042588464694,0.3763686333448247
0,0.39289813529928175,0.37384818006306125
0,0.47237083895587,0.3706211922105142
0,0.5484207151820513,0.3759811892002886
0,0.3617470642180371,0.3713157689851812
0,0.36401642067670936,0.3670625578894304
0,0.42032053276649284,0.36222618738834117
0,0.5549630550818365,0.37376249621610125
0,0.4061950836844007,0.37699115385991955
0,0.42788261495650665,0.3651610167544805
0,0.3649001693858406,0.3651610167544805
0,0.47305989413648236,0.3873870637526626
0,0.44113292666211007,0.39435426481393515
0,0.3680264197697398,0.3808251714720235
0,0.42208572599343164,0.3822214648972388
0,0.3655834499760606,0.38033526774679344
0,0.34911491513583187,0.37461466055451387
0,0.44903572586805035,0.3715236711362911
0,0.5625688788375292,0.3825180327256994
0,0.39871795107249763,0.3762798539394582
0,0.556535174243738,0.3863166499755149
0,0.4083676957418124,0.4084810165247404
0,0.465106480805924,0.41177458320427385
0,0.3572449876032434,0.38184158016960584
0,0.5519026670460221,0.3810898110353604
0,0.3642721448704455,0.38366385159483096
0,0.5033953316805589,0.3856176718302504
0,0.4633213174240655,0.3856176718302504
0,0.38200034368678343,0.39011691313006847
0,0.41125417392126434,0.4385055619743369
0,0.43085888310295783,0.44798627647505557
0,0.3896669792338586,0.454182120054415
0,0.42974281632695477,0.4496388215595054
0,0.392269967584019,0.4360402924973136
0,0.4186090156202553,0.42925888585002675
0,0.4316510837978666,0.44615935803068885
0,0.4196982875274953,0.4518645962433402
0,0.3975877631610147,0.43986776412443224
0,0.6215940116807748,0.4465527389047538
0,0.5127290496842544,0.4472174573957425
0,0.46444919500816384,0.44988929669917327
0,0.5530952601735225,0.44276655233382717
0,0.3875804208738878,0.45697676203059573
0,0.36267513358764236,0.43652530105658954
0,0.4594282116882497,0.43085218330933167
0,0.34888038027430196,0.40095060844307506
0,0.5355233074597947,0.3783343736453979
0,0.5216439568872757,0.36759714852654607
0,0.36003474009210296,0.36477166827280016
0,0.6236247803964738,0.364195587044439
0,0.351625609899106,0.36170833565068766
0,0.43829556541921766,0.360902718124703
0,0.5548524022655937,0.360902718124703
0,0.3961293229230102,0.36019500580352876
0,0.4208912570781369,0.35869976098650486
0,0.3744274936377151,0.35751911543499126
0,0.4938667006820107,0.3607882374078289
0,0.5538645370298048,0.35780301209644266
0,0.5678485244100093,0.3592423233424997
0,0.4265646565217765,0.3669792155049305
0,0.35012794567399974,0.3670639182253221
1,0.7642528072257125,0.36008697869037076
0,0.45688737318590444,0.3579959372404993
0,0.47489860138054973,0.36896480748267013
0,0.40042408293477466,0.37241171421715863
0,0.5057055156922279,0.37948624810683745
0,0.4224345619178077,0.38044726516850225
0,0.3810706282995643,0.3799944895130982
0,0.34949460355046763,0.3873279555018274
0,0.5694783921057739,0.37342370042163414
0,0.5557910753650259,0.37177597986384137
0,0.4190514337610754,0.36280940876669904
0,0.47924435179009556,0.36531512793416665
0,0.3748158459841659,0.35981171833034437
0,0.5333607546392011,0.3624171816208727
0,0.3925899802225888,0.38746550009921804
0,0.5120204778987077,0.3647659730008191
0,0.5058840151495037,0.36837786138175166
0,0.4361061494045148,0.3756215315592084
0,0.43246551022110685,0.39098347761749835
0,0.4344723265628862,0.37119800459362234
0,0.41151847689365534,0.37138167972687885
0,0.43045735168072946,0.3769643987088086
0,0.6422769064726895,0.4151292573052561
0,0.3883749949452679,0.41021132640800906
0,0.43044872461316275,0.41951105612157247
0,0.43941997571622066,0.42164341050428356
0,0.4137946012564481,0.43454533672142653
0,0.42947312393787174,0.4146071249670294
0,0.5131923707925472,0.4224847299880971
0,0.45531549319547393,0.42350204427123567
0,0.4842152952749156,0.42623373265966635
0,0.445845886910943,0.4258013762258017
0,0.5513331757108471,0.41112692745079854
0,0.3648075509466203,0.4074633414451869
0,0.48041747307927274,0.40518150241992656
0,0.38325611293077605,0.40861059264029065
0,0.5334965976388415,0.40279146255418996
0,0.4066814855870512,0.39717652395532754
0,0.3519363736380925,0.4015061050939088
0,0.4240534369406605,0.4011943775262352
0,0.5504487564386898,0.4020717128325886
0,0.4647970479100202,0.39849695566589916
0,0.4215678849370103,0.40296578390803556
0,0.36365817046375076,0.4020717128325886
0,0.4478569013283087,0.40296578390803556
0,0.47996728462559113,0.40371947394104385
0,0.40198034623721884,0.4073558741376917
0,0.401651432724688,0.4139003075532682
0,0.3710612615723574,0.4049350346109037
0,0.4243383175878764,0.40095865298074024
0,0.4178412784625397,0.40664250558421255
0,0.36679395004041154,0.403523260202766
0,0.35065801106490546,0.40733052240684847
0,0.5558972340183453,0.3987958604536964
0,0.5637845206405584,0.39096615284416
0,0.424228236357857,0.39328069604815896
0,0.4467999471661478,0.3935381822546486
0,0.36643753576047283,0.39518120329190615
0,0.5366214860701596,0.39798547900545045
0,0.38624952051060546,0.397645840787571
0,0.5190470870024653,0.40092994069448074
0,0.4335617358274961,0.41605092596894544
0,0.45869652640816305,0.4151320692965301
0,0.4257726006298756,0.4150523322695629
0,0.4334259170415012,0.4186033287796474
0,0.5160850328877089,0.4236011993585721
0,0.4279606196634127,0.43181869364754316
0,0.4453055801975647,0.42847783894687674
0,0.3621528492195364,0.43897400569060535
0,0.4748511220065852,0.4381421965917053
0,0.4348632945483354,0.43672705227287967
0,0.5079146167692201,0.43787235959712373
0,0.4227472683799382,0.437530493413751
0,0.45549247195857534,0.46076660328607527
0,0.4879859217030176,0.47446839679511116
0,0.4616532192536485,0.47718695965416236
0,0.5492288052237564,0.46061494132411973
0,0.404457746375742,0.4792242508512392
0,0.4769301354914301,0.47623432565407237
0,0.4642576172307789,0.45474068964670855
0,0.542192799313598,0.4485606123645078
0,0.41594007359565227,0.44295648218646344
0,0.3850455783282966,0.4422078697560564
0,0.5559469981288045,0.4308890900295811
0,0.40259486465669,0.42352587018696
0,0.4476868079826625,0.43202180200786194
0,0.37892438302937925,0.4300962992568723
0,0.4412591087449893,0.4061575509689289
0,0.44593163321675366,0.4114210614973925
0,0.5655320398752205,0.4159486144136612
0,0.3686600246879174,0.4069562884912394
0,0.42503644917062017,0.4030158701888647
0,0.34908258630096445,0.3949403464385668
0,0.349662495812176,0.3900136439710239
0,0.34904467791739135,0.3947781357912169
0,0.40216447461749577,0.4037537170549498
0,0.6465770036105773,0.39978938478296033
0,0.36091757306533995,0.40039604616844726
0,0.34456557970143875,0.41617156075355
0,0.4511571682175229,0.41607365833266635
0,0.5515350056743487,0.4102998963611716
0,0.38475090716024407,0.404996347241773
0,0.5557405147441872,0.41228441406537913
0,0.39769329634680856,0.41482870036113745
0,0.46908759819869406,0.41352395330138575
0,0.35841097863850185,0.40722296636031957
0,0.5587901200586955,0.42216522286673874
0,0.3975595808935899,0.4149354805823278
0,0.3791478046333966,0.41669895720280076
0,0.4768014770866282,0.41184555482943386
0,0.4851364454209089,0.4068241237720235
0,0.5249829048933504,0.4034650850956389
0,0.42918209770129023,0.4096634500742837
0,0.43556347967848946,0.4042988864720709
0,0.37285069885483435,0.4051255769115552
0,0.43808058617064605,0.414248855540066
0,0.47384042066056353,0.4479780586149249
0,0.4709522852536144,0.4431504203001405
0,0.41979021523920995,0.4408362180867378
0,0.4424853202342115,0.4417708369987104
0,0.43937082222406326,0.4402099049075115
0,0.4311867148248196,0.44429443292583953
0,0.43097239415430655,0.4402099049075115
0,0.5016500660219612,0.4412399885541522
0,0.4429402351574312,0.4398122568322273
0,0.48468031409662166,0.45435555272505274
1,0.7642528072257125,0.4677642519519621
0,0.5470878737200922,0.4361482980151228
0,0.4637122707125645,0.41910493180028136
0,0.3474965085930337,0.42194052360978956
0,0.448122697537546,0.422361804597359
0,0.5532856951440304,0.4353272567348685
0,0.37946515706331324,0.4259591504489993
0,0.3877215115877053,0.41648166938431325
0,0.585906116611477,0.4177694217478884
0,0.44488250051040074,0.43245559859685107
0,0.4452628968243662,0.4220898334588967
0,0.3798287656389152,0.41222756299820085
0,0.5006912808466579,0.41580233424500546
0,0.557445662020179,0.4320652551447745
0,0.39805636400691946,0.4137573892205039
0,0.4471764342705327,0.41333450946679917
0,0.38121434142321164,0.41634435899888544
0,0.46497473036810044,0.4216564299794802
0,0.42850780115218523,0.4112516770536151
0,0.3585125419544076,0.41799748208988036
0,0.3428596615319443,0.4326374218375421
0,0.4960651916600012,0.4369656812833642
0,0.43252222823503356,0.4259417128282953
0,0.425220550797638,0.42534849291667887
1,0.7642528072257125,0.4169293362248822
0,0.3826380384707871,0.4075471444966421
0,0.34465192918646886,0.41368465333706794
0,0.559502399886541,0.44323081222096133
0,0.5578200381330678,0.44971100024253113
0,0.4159638164218533,0.44614750881246357
0,0.5119674805983694,0.45092767903532277
0,0.38724091094718494,0.422166632395831
0,0.5434974082441847,0.4582106261936324
0,0.39293868241559726,0.47299351309375787
0,0.5198882075432817,0.4732868563880356
0,0.44384345383415813,0.4485520218757609
0,0.4032411155194773,0.4345895474943652
0,0.5203340563020903,0.4473551775220289
0,0.45632629289680154,0.42980741360926294
0,0.4325526796392531,0.4182057896633383
0,0.39157988121500353,0.4203387557392901
0,0.4265217462090391,0.449433576931116
0,0.4195185254766397,0.46397337715821224
0,0.4469729860255751,0.4555460210848074
0,0.406947432572503,0.4555460210848074
0,0.42874414157681023,0.44990915979872764
0,0.5305527892477542,0.4632066744154985
0,0.4191389115805416,0.457660528044016
0,0.4533042428487297,0.4592703349801376
0,0.4729559064570358,0.4579502477449787
0,0.5510883175780608,0.4594030729917843
0,0.4374523318547777,0.44945628674092225
0,0.3622794945470312,0.4447316265745029
0,0.4911786212525243,0.44672024877248656
0,0.5331081164256538,0.4466227136699743
0,0.3996961442361394,0.44031914690142887
0,0.3743545357592918,0.4319554243689642
0,0.3652391033317856,0.4320129105682171
0,0.4553462535833337,0.45902858040021766
0,0.5556897108905322,0.47594401832961597
0,0.4588429967619081,0.4439641207486762
0,0.4255370519370245,0.4579873396874126
0,0.3621358901709262,0.465409398960491
0,0.44676469516076184,0.4556388133274292
0,0.468529301169616,0.44975618808955825
0,0.36517107167485585,0.4222835148124185
0,0.35851588017498626,0.40855815068126977
0,0.4175664207577132,0.40539414127157397
0,0.3663684436863495,0.4055215776256047
0,0.35280382543957084,0.41170968690164345
0,0.4136693742828171,0.4132004327016242
0,0.5861539789022141,0.4161907063932208
0,0.5709687661900348,0.41364258802088466
0,0.42666966819936675,0.3985671544843749
0,0.4342119520601063,0.40214442194555566
0,0.42111055382161083,0.40053443711047154
0,0.5665176619609947,0.4028032593667473
0,0.5491596267683092,0.3995333310491862
0,0.3856134220136826,0.4022464780564259
0,0.4831817551604109,0.4099171990339418
0,0.44206030427154097,0.40911946173837566
0,0.4571122465296298,0.40866977218277833
0,0.3536762900290465,0.41441142750423327
0,0.3855157362145229,0.4042076026515147
0,0.5559123620274891,0.41218521951044623
0,0.48015741320624483,0.41364772934692023
0,0.36013853826507763,0.4181197011736683
0,0.4148417418787251,0.4153375995444623
0,0.4340508879287142,0.4212147862938385
0,0.38936281437962506,0.4154427244122898
0,0.42631665821670467,0.4154427244122898
0,0.38072268690109307,0.42147295194277173
0,0.40656157243711416,0.4213545435223021
0,0.4143612089088703,0.43527095934368665
0,0.42732957561761015,0.4566470411456488
0,0.5981261070539781,0.45292025959671284
0,0.472801151962659,0.3881035598570246
0,0.5902051609622394,0.382998202143744
0,0.45682914139070213,0.3957060976747148
0,0.4729559064570358,0.40866181414036845
0,0.3798246383506821,0.38136397849495984
0,0.36801845489770074,0.39447877219648286
0,0.5270921148493013,0.4222354679931009
0,0.3954462952503316,0.44949195080741344
0,0.5416362199258754,0.4388206600101065
0,0.4923221334254314,0.44304175917003086
0,0.3899741342668507,0.4586186666319163
0,0.624073119871889,0.47556119786821177
0,0.37461243382483134,0.45002815711610394
0,0.4730461148597188,0.4509199040231709
0,0.561613295302472,0.46284083816202215
0,0.40523245721622786,0.4729116660074329
0,0.41957318080422,0.47225797114177603
0,0.3759395951193596,0.4619544925583739
0,0.47779262092389546,0.4739698920387103
0,0.5295520382870647,0.4668349449022951
0,0.4275175426352922,0.47959166893075644
0,0.4334728529644563,0.47799145170903945
0,0.42679772197123245,0.48017793540269643
0,0.41542722719173825,0.49953476509938477
0,0.505917963694262,0.47260558700390787
0,0.41765328463383294,0.47154582436633796
0,0.34729182109891465,0.44649332280259624
0,0.414745020453493,0.4639537176436003
0,0.5903134759370454,0.5073669134617399
0,0.3866540885768919,0.5072423228579052
0,0.5502517828120215,0.48473742958411425
0,0.394786106063903,0.49197288627862423
0,0.4249681173779411,0.4750304861861334
0,0.484005850264597,0.4785638486766053
0,0.4349018791228831,0.4664846743277462
0,0.5487931916408643,0.4752245532413816
0,0.38824725115754205,0.47835403818643235
0,0.48190461092571196,0.4698937575953199
0,0.458795815135813,0.47893419873229975
0,0.4163019662723651,0.4538779065233966
0,0.4337794013685639,0.45212980962909993
0,0.3894220779995838,0.47125452691506214
0,0.42667842938988615,0.4783546754154606
0,0.37277182999401137,0.48067624981521695
0,0.4087137901631126,0.4785396467316582
0,0.4266658838273077,0.4816239364727327
0,0.47115941920549465,0.48327601760574795
0,0.4706475733536986,0.4847281071361314
0,0.4718929232564861,0.47759782293325115
0,0.4355961119655508,0.47952153194652575
0,0.5463933445675123,0.48261215014651854
0,0.3791360580681199,0.48283431711308716
0,0.485057945725636,0.48622125299002567
0,0.49110268652362743,0.4984045139007858
0,0.5382522777608618,0.4984045139007858
0,0.38903205224258963,0.4805822936233636
0,0.367174796052894,0.495884231362086
0,0.5534123385964574,0.500409280669906
0,0.41356110350003167,0.500409280669906
0,0.41981290214019257,0.4791617864320888
0,0.3650785610881677,0.49443066921735607
0,0.4574688045776278,0.49837492953204726
0,0.4642629631716349,0.4953100874868639
0,0.38806144296617323,0.47000499619720937
0,0.4034588460600873,0.4914067340905921
0,0.38598987153670494,0.5039787625800225
0,0.41818317547840295,0.4719783472628713
0,0.4461668499479745,0.45078270322815717
0,0.3496499948430559,0.42395208443629706
0,0.3790805071780309,0.4443798379591494
0,0.40830469855084905,0.43193943163350806
0,0.5626144087521305,0.4125233556821861
0,0.5668265386641421,0.4133339730612902
0,0.3732237497903288,0.3962487741732252
0,0.48396383464985887,0.38393801344114364
0,0.3977624418952822,0.4136526983926867
0,0.5421164439871433,0.41926600721994545
0,0.3878165763018788,0.38679820973902634
0,0.48023939608871685,0.3865302285406646
0,0.45758934403692736,0.4138206609033465
0,0.451851701730772,0.42794676858884756
0,0.42560039286151663,0.39591152401347224
0,0.41516413405955765,0.400202974252943
0,0.4325626356055439,0.39115360658242754
0,0.38955248108089474,0.4022753602043419
0,0.42701425022171924,0.40258328080161315
0,0.3793863634918133,0.4007660968300656
0,0.41106745931985567,0.4027524603055622
0,0.428539565394668,0.40096211315551855
0,0.46130441008087786,0.40203377469405444
0,0.4315731820351397,0.40105646276654905
0,0.47048238832376876,0.40716473706064016
0,0.4748825265955442,0.4144300115158941
0,0.5469447932669337,0.43489087856186476
0,0.4522008436858304,0.42435998833266303
0,0.36401105367021724,0.41963754033680234
0,0.47991177576895827,0.41852980183477534
0,0.5394374197067539,0.42346237074719395
0,0.38661409167210187,0.41366292091104223
0,0.3845895236146918,0.4127254619571004
0,0.3701232471613602,0.41198822850358774
0,0.4698623806263171,0.41868799672909346
0,0.5595822064212217,0.41644031022005495
0,0.41354203000769846,0.40664569168389597
0,0.4329861009928746,0.407761774748811
0,0.3705332474560271,0.4147197796737999
0,0.42814951129450407,0.4011179929808019
0,0.47044163719021975,0.39001889116564853
0,0.559682095252604,0.3885985631554187
0,0.3722489394425966,0.39382012212679735
0,0.41800575132164175,0.3922983245707707
0,0.3664517006921678,0.4081127458938119
0,0.6460670376342386,0.4078749534102493
0,0.38483167960107983,0.39629217596165955
0,0.3456845619582115,0.40263013896272803
0,0.406880869551452,0.4288000085187158
0,0.6282551702580745,0.4274584291072132
0,0.5632809762802266,0.42282816740824897
0,0.5721480531108057,0.4176988654523423
0,0.41854770935987584,0.4260190395663745
0,0.47825082475015823,0.42477326513364183
0,0.3716853225065371,0.42102251224457704
0,0.5386542731768125,0.42394814880585946
0,0.38591990644967145,0.43840224738091044
0,0.3797214223420251,0.41992728311012645
0,0.47592463486507414,0.41641260246473916
0,0.4915610630140305,0.41481197933038993
0,0.4947507607485556,0.4134209538075872
0,0.4443551995758478,0.417465149983041
0,0.4370084369691254,0.4113643065260037
0,0.3732544463238584,0.39227309901765134
0,0.42807087856522325,0.39108070228515096
0,0.5011573471774265,0.3966912900158975
0,0.4397887745665936,0.39732734235169226
0,0.3968763199437596,0.38902480408343826
0,0.4307822308303217,0.390531476238224
0,0.37469376854903114,0.4002212480210883
0,0.41547024192490734,0.40028781899524896
0,0.4240071728512684,0.39193911712896257
0,0.46640152482808445,0.39137844698783003
0,0.4511939839455632,0.3909739706468005
0,0.477414874295047,0.4029868494439572
1,0.7642528072257125,0.397829602754149
0,0.5596398796758348,0.38890708545828095
0,0.4550609229138058,0.3887407499084242
0,0.40219660243110267,0.3966582925684359
0,0.4817224592543782,0.40818925692972136
0,0.5410989153767832,0.4328373280739649
0,0.3862972018629888,0.41322043861189806
0,0.37997977777219033,0.41545834248417246
0,0.5833200638898388,0.41997265909242126
0,0.4406396853990269,0.4346797595842266
0,0.4495261442326576,0.4193023695030603
0,0.3731403082955298,0.4055759122337374
0,0.4731303093869955,0.41934657716220075
0,0.5662281284360873,0.43841690215337215
0,0.4037326241473624,0.4306605331693196
0,0.44114525730815024,0.4259526329164583
0,0.37504124565278074,0.4413418435640377
0,0.47630110398108155,0.4431956862198109
0,0.43227649361784243,0.42779718664367294
0,0.43886897493777394,0.4237283703908863
0,0.4056710325610031,0.4508162302905478
0,0.359631069157041,0.45823149656668344
0,0.5078848230746421,0.45375609954100166
0,0.4127380173902553,0.4453577247613242
0,0.41806433074225124,0.4442425936509574
0,0.4020626409051489,0.4642966487129953
0,0.36378866286667383,0.45875696481442363
0,0.4090433434655852,0.45964409010556556
0,0.3861290907454253,0.4335421476251931
0,0.5575885980610122,0.4586613832551019
0,0.37050626994025854,0.452906231778046
0,0.5570227503538613,0.4455621129686489
0,0.4128264961032423,0.4536952237117393
0,0.4991674665615819,0.4540845498690188
0,0.40139078101089637,0.4378978882597637
0,0.5560811423520179,0.4449230223068637
0,0.3953525573649562,0.44315553193886764
0,0.5087336606665365,0.45023476646791916
0,0.45089080394426706,0.44510942682111604
0,0.3885336765512842,0.41550704546667605
0,0.4733202630956487,0.42009383008247686
0,0.45734067250875743,0.3983236870115777
0,0.4456285623072142,0.3997026074429342
0,0.4024480549646432,0.39106160466371104
0,0.43294609634135506,0.38613843602929465
0,0.3659668318539894,0.3825089984585973
0,0.42535661239170625,0.3812361132120238
0,0.42165549751159404,0.37824943061920635
0,0.4274551262080445,0.3952736564365261
0,0.4721214649023086,0.4200202461319522
0,0.4202758323129281,0.4021815383591809
0,0.4643220089795865,0.40117275932243535
0,0.5071089264515807,0.40117275932243535
0,0.5472695125572807,0.41878274543169125
0,0.4525487948620229,0.40008837093013716
0,0.3846749890761581,0.38781182237380385
0,0.4928666867489791,0.3852221035828331
0,0.5403051013836505,0.4099611303416065
0,0.3936974982502696,0.39146570501920114
0,0.3783962159129253,0.4039210119190629
0,0.45808640849047466,0.40397003986803304
0,0.5587674225902197,0.4205395058167428
0,0.4552254275599876,0.43316992731854165
0,0.4403422700283811,0.3970910551858584
0,0.3705979131422125,0.3934777973848047
1,0.7642528072257125,0.4369493870282114
0,0.4518442922433055,0.44549691199268215
0,0.4535626288845605,0.4095703890792728
0,0.40489537274783194,0.37507591343142405
0,0.4181437691845905,0.37312741532745675
0,0.6645419153124229,0.39107150537680047
0,0.35835860146779486,0.39140312177830816
0,0.40504485111512173,0.38600619343030357
0,0.6413077650851101,0.40561243556126675
0,0.5685377614324979,0.4092578946948122
0,0.5686989228249407,0.4098706040908221
0,0.4348522107283365,0.4093215971139539
0,0.5147174606576211,0.42120561334126344
0,0.3982217423815938,0.4097567293041286
0,0.545554811528817,0.4049740971688
0,0.4070822689044956,0.408063910218739
0,0.5045871378426103,0.41623963215968257
0,0.45781743109428163,0.4081035153778314
0,0.4666803941804478,0.41311698770922795
0,0.3768735667348036,0.4114227204891152
0,0.422153714015111,0.4324486467627047
0,0.4395775701251863,0.4441781682229189
0,0.392210891474693,0.44171152691282
0,0.4274434698730337,0.4445427844236263
0,0.3495479695675034,0.45299726705652515
0,0.40676259494059336,0.45883518046972055
0,0.40093454390273725,0.4613618139804036
0,0.4289412869730368,0.45776035648171626
0,0.5860559214084016,0.4553510020855366
0,0.47494121230172637,0.46969000081785817
0,0.5503859826871332,0.46747498909648605
0,0.44411880324535863,0.4695429720760214
0,0.4706004719134275,0.4609179656906123
0,0.35736933129630677,0.46010245604725375
0,0.5612396586818443,0.4416781675098552
0,0.5089142195568741,0.43648152877748675
0,0.40237140931755383,0.4174530126814975
0,0.5526796687355033,0.41221016795896365
0,0.42029795337740466,0.4075530731886858
0,0.3994509268203607,0.4063235714498576
0,0.4923221334254314,0.4136041754929131
0,0.38827660513148105,0.41490101309615
0,0.3779232643275302,0.411797214144197
0,0.4897594826340234,0.4113733497075495
0,0.5714720802319048,0.41498015769258584
0,0.40615209450839007,0.4160370927381185
0,0.44554621725915355,0.4118757666743141
0,0.37594709265613596,0.41282060875738363
0,0.47771052661389785,0.4140538888872223
0,0.5722671912257405,0.41990815104076634
0,0.43927190199974775,0.42026061768973866
0,0.4155683354012929,0.42794276633711914
0,0.378551000532792,0.43579030081770936
0,0.45688737318590444,0.4525080685577794
0,0.40053168909767906,0.45286386035008885
0,0.5158459426025069,0.4535063849828799
0,0.416266089326118,0.4500378818645466
0,0.4656648795089031,0.44487116390564213
0,0.3493130209258246,0.44493532559823223
0,0.4106180692906608,0.45496057062729195
0,0.3857738934768543,0.4602073665321961
0,0.549630061359603,0.47559986641548874
0,0.5000286549534462,0.4725922751401753
0,0.39097789391908877,0.4779254388740008
0,0.40921535344170956,0.46230873382384846
0,0.4914830277945978,0.47338197721018793
0,0.400213659828365,0.4685919445562259
0,0.5441674345418028,0.4685919445562259
0,0.416279498855865,0.4740575849466521
0,0.47671066302646514,0.4696864248480145
0,0.4607453687948743,0.4709549706795505
0,0.4211641025617206,0.4470005807119808
0,0.4377021470670353,0.4490078772504244
0,0.3907933916409051,0.4424031435903422
0,0.42638672511062004,0.4615702853727635
0,0.3563168864309857,0.4757527686069616
0,0.40675777215168385,0.46962413979650847
0,0.4287809538728555,0.45449278120579273
0,0.4726550340007583,0.4564832250091858
0,0.47084691587472277,0.4634647208261283
0,0.4700460510935408,0.4560654429393821
0,0.42276651034920876,0.4688682895367607
0,0.5413402640304285,0.4539292757457407
0,0.3813790498652239,0.44394624300683905
0,0.477010112233903,0.45236575863981526
0,0.4963625728487718,0.4496190217838371
0,0.5306977126532468,0.45640412696971
0,0.3819818853628578,0.4502526853179452
0,0.36562614859548404,0.45477161237648056
0,0.5014592887297715,0.45482681257341695
0,0.389762819773802,0.46319635419934
0,0.4286906536320781,0.45658767132243333
0,0.36257847453899283,0.45658767132243333
0,0.4648457853157086,0.455647192419595
0,0.4642134119184455,0.46612746009095224
0,0.38790348412673537,0.4583992264695927
0,0.40087247365539586,0.4816561754881326
0,0.41417927292726114,0.45871288244894154
0,0.41918707624723167,0.4436356807894721
0,0.41297643731799094,0.4321012003921101
0,0.35085462865152334,0.43076811717825
0,0.3816369871193031,0.42805608810319096
0,0.5352091958608641,0.41595630764214425
0,0.3876907936262617,0.4229690083902906
0,0.5714948523085783,0.4256029956606797
0,0.40244418870127957,0.41663158564190067
0,0.4923913769984728,0.4209612724938547
0,0.41807480500145583,0.4378459987034016
0,0.5302429605032346,0.44745819332499254
0,0.3627206326171401,0.3960136990970258
0,0.48933444932721604,0.39762775583543897
0,0.4582636828141171,0.4165018933075698
0,0.4579209081981461,0.43213870712243857
0,0.37692321909667714,0.39862506979920403
0,0.4231563157899458,0.40367624887991505
0,0.4396204695372104,0.4074200922249912
0,0.391184825954392,0.4181470487394229
0,0.42624456754711837,0.41792202991836763
0,0.37674356502748674,0.4111726412868987
0,0.4076291837646664,0.4141162213236177
0,0.4285268279456748,0.40288462119648555
0,0.4651655629210096,0.41524290264190405
0,0.4347645036018205,0.4155328128613825
0,0.4544741413367224,0.4396348424916141
0,0.47198533553327093,0.44938447219878513
0,0.4445039192715847,0.45049331046400143
0,0.5332977609375922,0.43548544280546203
0,0.37911503475467234,0.4270394765148775
0,0.49963704058219627,0.4320956744981682
0,0.48087846959761504,0.4202513938388151
0,0.5314501599466819,0.41496458157826754
0,0.3622970916019843,0.4065167548375162
0,0.3692294198181167,0.40768255308830226
0,0.5618385267564152,0.4087824948893603
0,0.4521110519174589,0.40455776594248205
0,0.4410062943949133,0.3954669961543329
0,0.3858387537857914,0.40453893556140397
0,0.4340540367472708,0.3938114239285852
0,0.46275406997344837,0.4105233697869735
0,0.5535082280745582,0.40097689581103424
0,0.3940871475462359,0.3909665058908876
0,0.4209793925978462,0.38804902952670356
0,0.38455073519225647,0.3880205349544016
0,0.3796466012045829,0.3983195346421945
0,0.6456636855570211,0.39327986756917727
0,0.3496514202148136,0.39235547197558335
0,0.39437690528785024,0.40371938885698416
0,0.38368034547180513,0.4041833951046806
0,0.5405682648280716,0.39864104956902663
0,0.6074434705062375,0.39598939924860554
0,0.42022004553225734,0.40142567193471246
0,0.48741589164571375,0.40405748128999214
0,0.40981301710184304,0.3970454148728296
0,0.5529774580860862,0.405244906779425
0,0.3617620861436435,0.4163137912212352
0,0.3891993737324098,0.40220104346794705
0,0.48090030340729856,0.39869103142651735
0,0.4643972421254271,0.3948335834843053
0,0.5107919270406988,0.40174777658065586
0,0.45867314037439866,0.3982074900160266
0,0.43842070205299005,0.3927256401454621
0,0.37125533233718916,0.388273534596192
0,0.42855294704948804,0.4073146550735132
0,0.4936266030969614,0.42347349163770925
0,0.4464572404963224,0.4129880531272907
0,0.4009304009298318,0.4204417540328205
0,0.4356039657362763,0.4186617672107026
0,0.38644560916761306,0.4318935238582299
0,0.41525067927203346,0.43200768705599213
0,0.4262980429323128,0.42646001480469525
0,0.4658755049838079,0.43274598337526415
0,0.4326380915929126,0.44774656658358936
0,0.47592631784704825,0.440056028019942
1,0.7642528072257125,0.44357338088215603
0,0.5546094433644366,0.4405276619536649
0,0.44902632103472134,0.43699601653406395
0,0.40883918719012413,0.4151074994144842
0,0.493849604435201,0.40663599805434114
0,0.5248317765912219,0.39695724552566375
0,0.36333862538629286,0.3938294733580383
0,0.37718199005302067,0.39287252125312777
0,0.3836489588172545,0.39786114196362143
0,0.5638545821252126,0.3929667033990823
0,0.45241805970467047,0.3925347712321099
0,0.4613163472985009,0.39120116719207826
0,0.3727121526067569,0.3952115674376454
0,0.4732833816458575,0.3943423216059814
0,0.6175252496868306,0.3869612730020416
0,0.4084085260902536,0.388044896088168
0,0.4447048070252691,0.3924927875346635
0,0.3721436742558936,0.39151034447818095
0,0.49205174867987905,0.38933079099130036
0,0.43614532193097444,0.39354528774445596
0,0.39422791634930604,0.3908811906530457
0,0.34501836985051054,0.3994312953937901
0,0.4965579289876098,0.3962660687139068
0,0.42552643000374785,0.39457347024170225
0,0.41978733114302746,0.3947567232506399
0,0.3616571719372662,0.39482019744254226
0,0.38084361716017384,0.40118796472807505
0,0.5422304235782326,0.40680584189740476
0,0.5794239684108435,0.4049821110267026
0,0.418213473106243,0.40096145998120397
0,0.4919403401069877,0.39935710471649777
0,0.40826682492231364,0.39706901576239195
0,0.5434464661720744,0.37656943112179886
0,0.36477945858241156,0.3875549772475252
0,0.4929860488664135,0.38368798933466985
0,0.4397617342812457,0.38070298815533843
0,0.38950093073352576,0.3834677012892624
0,0.40973535209245915,0.367776556892576
0,0.4906650901406603,0.3684795674659229
0,0.4517967887834061,0.3649651358329426
0,0.4511675118927796,0.3705940836608062
0,0.40202929328198717,0.3688486352819012
0,0.4321869815353845,0.40778600522201713
0,0.3853131247254014,0.40502714230049297
0,0.40653650149774506,0.415511434623421
0,0.4247959816878974,0.41241413132847765
0,0.42945903646267636,0.412738482565315
0,0.47897735770218186,0.43877054380424807
0,0.41961521666204166,0.41726155053982966
0,0.460179651428743,0.41799725683269023
0,0.5090481430843468,0.41799725683269023
0,0.5379322262086673,0.4330138431306043
0,0.41699759474874387,0.414724203700313
0,0.38425940657271096,0.41476028243175755
0,0.4913266541035009,0.4127646025109925
0,0.5380326840003224,0.4275209823103454
0,0.4100106838914658,0.4312047943574511
0,0.36115363917953336,0.40975001061895056
0,0.4809590959584789,0.4097997460920217
0,0.5655455069996219,0.4295047097076177
0,0.41032409216047494,0.4362253808685336
0,0.4367348006150273,0.41313708626003
0,0.35913951275596495,0.4101454525716189
0,0.42963719273300305,0.4310050575044102
0,0.46276302157924876,0.4363678568779578
0,0.6318459196488708,0.4428078742507226
0,0.3765629772542388,0.4223123623479087
0,0.41834920139867343,0.4218743180402981
0,0.6719054570389678,0.471833463500901
0,0.3778781682738598,0.47340168995472454
0,0.37885128743538976,0.47120835577526654
0,0.37862135322669216,0.4832426286191824
0,0.5635405137106327,0.4738584827286374
0,0.3755945775305075,0.46825574402713427
0,0.5819926928486745,0.4700472814224122
0,0.3727173117183388,0.4846810492602946
0,0.49958535823526595,0.47385014727969416
0,0.4279629988765016,0.47019171773892215
0,0.538438892241865,0.4673825619073757
0,0.411290064962213,0.4753564035181289
0,0.48420628755982653,0.4692576689143598
0,0.44627554161161165,0.4724515558959016
0,0.546781632387446,0.47085615077496046
0,0.45677978679749875,0.4669500365876611
0,0.6362441308903387,0.46211189655091056
0,0.3706967689904934,0.45934810824437167
1,0.7642528072257125,0.47068877384934493
0,0.4945007219451797,0.47844551170762856
0,0.4474008561575531,0.4870714146133868
0,0.40122645986240024,0.4922098453472892
0,0.43515501001126383,0.4915567987233329
0,0.4040342965777437,0.4980189393414304
0,0.4248457180658043,0.5016035185567628
0,0.3924353663014115,0.5065074086616523
0,0.4266119699797706,0.5059560036466324
0,0.5878483957759346,0.5117437941906923
0,0.42677362792727547,0.4873453566328487
0,0.4747430798624525,0.49383618385629935
0,0.5423566870485179,0.499961163614455
0,0.37910777898481823,0.4914044165731616
0,0.3845156607638937,0.4914044165731616
0,0.5451928403528703,0.48799230653324305
0,0.5407840031494163,0.4879659908778829
0,0.38140394462427785,0.479095269939831
0,0.35778758891447227,0.48047591374146187
0,0.4805497548771162,0.4828850394004599
0,0.5698654526852682,0.4898208427503537
0,0.41053793799085003,0.48002765503719724
0,0.43581056525475587,0.48261974365735
0,0.3565576951850751,0.4869037452496957
0,0.4491557730793805,0.48332169141870285
0,0.5422177420522467,0.4806238287306287
0,0.582703087692497,0.47845537878723354
0,0.5774058997240921,0.4834046455990163
0,0.42602766243827217,0.47801868225245925
0,0.43214653792675195,0.48433226575601734
0,0.5602226391832056,0.4876643768469426
0,0.3940017863242419,0.49742681349155254
0,0.4455224804713579,0.49466991042276903
0,0.44500373666319376,0.5100933527135443
0,0.5180743097289789,0.5034768389797359
0,0.4184051636479551,0.5011320673710954
0,0.3816077473526632,0.4972616336299346
0,0.38524593762212006,0.5163077922355691
0,0.5412998758473708,0.4986923276784038
0,0.5746982512782223,0.49409610512129387
0,0.42770317600471947,0.521731040019388
0,0.42454518707781363,0.5140707905796272
0,0.48866763950196923,0.5019758808818978
0,0.4195488698472316,0.500129740674199
0,0.5479850305527323,0.4889524241382356
0,0.37007118719839693,0.5069454968124706
0,0.4676632042059465,0.5040275483604415
0,0.44402088344523605,0.5040275483604415
0,0.43048014629985226,0.4902585616599186
0,0.44466182456927567,0.5046728226640499
0,0.4612658885568493,0.5004510539834401
0,0.4427230954241559,0.497754530244375
0,0.3979429253268175,0.49392323774745706
0,0.432215469994829,0.49220774481375656
0,0.40322043852964756,0.5032476589895671
0,0.4303976275671297,0.5089935247829451
0,0.430277643611927,0.5078719780404602
0,0.5569343885925714,0.5113810801209291
0,0.4748212573174397,0.5101715357760831
0,0.4697590036076765,0.5094602393187319
0,0.3743052709611033,0.5064522387426503
0,0.534521589108002,0.5064522387426503
0,0.35998825124068556,0.4847561465852447
0,0.3764106357763283,0.49848572073558056
0,0.4831034332210318,0.5040964765276027
0,0.5306416216819004,0.5052599297653019
0,0.37034107516937603,0.49300877501037416
0,0.3565121077930124,0.5035524406406207
0,0.4721638727040305,0.5052599297653019
0,0.5629623297126528,0.5104996473613561
0,0.4055201536654434,0.49300877501037416
0,0.43778094214917107,0.5033922311419459
0,0.35429882926401995,0.5026872915192564
0,0.44209912437486815,0.506116543891013
0,0.4793478781605851,0.4911994775925006
0,0.3802969266596322,0.5032560371976786
0,0.42324761489720675,0.5191185824934444
0,0.40338676135365265,0.5131560427723024
0,0.43012259691352406,0.5080734750848156
0,0.38729849661224314,0.5023239598626286
0,0.3786596378329406,0.4968302272511666
0,0.3781374183668644,0.5010746138162212
0,0.4154793790907189,0.4953589516640148
0,0.5360118592109696,0.5000576625628719
0,0.5750034453539551,0.49975033810587216
0,0.4055407299687515,0.48116649275192114
0,0.5017852839540708,0.4968710755636404
0,0.41362621574426417,0.4929517455973703
0,0.5469956735232219,0.4789471045264633
0,0.38030908324542256,0.4789471045264633
0,0.46690456266211355,0.49284989587436745
0,0.44400868588430414,0.4944295025922451
0,0.4574850519048863,0.49581067915503435
0,0.3788578067745871,0.4831637637480424
0,0.429240050861353,0.47970793933404116
0,0.43636429264682225,0.48204865521408224
0,0.3878245710007151,0.47853443353356045
0,0.42680527640867766,0.4774393746336714
0,0.42354812706840306,0.47572842343887317
0,0.4178658643037459,0.47596306651257403
0,0.43458216320566323,0.4736574385623182
0,0.5313333011635989,0.4838903633107066
0,0.43972209801015516,0.4960325227403021
0,0.6459323076377167,0.5246847569450691
0,0.4541913734425637,0.5208424426611717
0,0.4618461556318647,0.518458975896962
0,0.5310963070386326,0.5165190124473678
0,0.3850641204398093,0.5221182197957672
0,0.3821401021781742,0.5131482189956249
0,0.48116612822022803,0.5073407961626167
0,0.5423366628366769,0.4731546261699842
0,0.3694675449889988,0.47853106722265404
0,0.37153398094397555,0.4676218447397895
0,0.46765894737958463,0.46674218849895693
0,0.5617964132967784,0.4748401175612273
0,0.4533979991176777,0.4703447025397351
0,0.44909086266902126,0.4653271913260649
0,0.3678021345941152,0.46963374097637267
0,0.4261266632567745,0.4781167070653643
0,0.44361862332538454,0.4747134046462139
0,0.5515510984003938,0.4685885688087429
0,0.4024883905603994,0.47261586456298177
0,0.44026732215096703,0.4812383902427366
0,0.3815273449712634,0.46884666178969153
0,0.4219728261518429,0.4679193674987073
0,0.3811989803102909,0.47962137187162424
0,0.3805568215864044,0.478345247449687
0,0.36399254441050133,0.4804467221946335
0,0.38352081019579576,0.49231083303743634
0,0.6442439818490637,0.4894802363517122
0,0.5312074067319541,0.49275241307627693
0,0.37166805998204083,0.48593463127448566
0,0.5666220137526667,0.4844868240330555
0,0.4346582811912141,0.4845237444047593
0,0.4750147120088383,0.47477752198248047
0,0.4098446353192844,0.4686048116351229
0,0.5557150519367101,0.47351256766225785
0,0.3666726742807175,0.48430600077000835
0,0.3791478046333966,0.4808276749985615
0,0.4758719868793704,0.4818508032692555
0,0.4915802185222865,0.4677552233170521
0,0.525708203429709,0.4709482882797889
0,0.43641270371626184,0.4709482882797889
0,0.4353593853324528,0.47380663525547984
0,0.37299432040066105,0.47443054504589394
0,0.4321234771778579,0.45221723137455183
0,0.46711449388460663,0.4550794583894639
0,0.4501171434320021,0.45850761278256785
0,0.449649672888202,0.45850761278256785
0,0.46275207895944515,0.47660281038807806
0,0.35960986399907674,0.48484125462914546
0,0.42922424685115884,0.4743266978743146
0,0.43004670335348183,0.4702411225514881
0,0.5199965407930908,0.4898230187379801
0,0.435022861293234,0.470431271882926
0,0.4873949803101967,0.46952397217385816
1,0.7642528072257125,0.475126730219394
0,0.5537065852986784,0.4659386717672965
0,0.37147047274661626,0.4599869187623946
0,0.3742892042831771,0.4529395097335181
0,0.4851861606503882,0.4529395097335181
0,0.5284421990324563,0.45168992938819924
1,0.7642528072257125,0.4555880700146907
0,0.37270282222766177,0.4525733209025694
0,0.3814793679492644,0.4525733209025694
0,0.5446866077065179,0.45684486017221837
0,0.44428109485889694,0.4556146827403544
0,0.472395533496135,0.4664966873770902
0,0.3640202323785513,0.4693530360364401
0,0.4932445189556916,0.4743680194999126
0,0.5737564956340884,0.47300287791059237
0,0.4069763690574991,0.4693530360364401
0,0.43941659465404503,0.4693530360364401
0,0.3913260109237215,0.4743680194999126
0,0.4579469954487085,0.47300287791059237
0,0.4366473187599985,0.47979789670259504
0,0.37083944921165385,0.4857928547394369
0,0.3603338313134302,0.4845870469390893
0,0.5195864941200196,0.4837005540070226
0,0.4231619550793869,0.49457581782358956
0,0.42245782727702513,0.4942930997584456
0,0.6910746996489444,0.5112222155663875
0,0.37955211286242035,0.49955020753452034
0,0.37458037591287374,0.4962705444338444
0,0.5517803559526988,0.49594288606707826
0,0.5692025851506657,0.4951177183760224
0,0.39593366787140194,0.49545282159896936
0,0.37485226120640386,0.4949472601250514
0,0.5403419396686426,0.49261156378297816
0,0.4243496530175158,0.4941892758137918
0,0.5336135306888886,0.4941892758137918
0,0.3753195981577985,0.4938445381998617
0,0.5108331896514957,0.4979090457487254
0,0.4344706512410716,0.4961376068092269
0,0.408667780679404,0.48116618613742357
0,0.4748543210433885,0.484717643710432
0,0.45367202945864843,0.46548374161478756
0,0.44784893309225215,0.4682150047352964
0,0.40599388087055965,0.44778300115107594
0,0.45271712308751244,0.4536215781880123
0,0.4276999045521487,0.4726092270991316
0,0.3972507100348035,0.4633342618410102
0,0.4341341897375818,0.4612458194029686
0,0.43261257653243723,0.4471769030999797
0,0.5183443145054936,0.46025518403433074
0,0.42013367992052547,0.4666239328309059
0,0.46466322346310124,0.4666239328309059
0,0.465362085326772,0.4585737943203086
0,0.5427665579549819,0.4699839573772813
0,0.4036126360670318,0.44405819937754737
0,0.3625241489763092,0.4659463355292974
0,0.5331381861662303,0.46367488188266126
0,0.5322399641147767,0.46336607942887875
0,0.3816423062827476,0.4468298829896705
0,0.3825907388821427,0.4468298829896705
0,0.374713086764535,0.46302542577162215
0,0.48943478601748736,0.47633288004456936
0,0.559181578622257,0.47633288004456936
0,0.3884625035589465,0.4557997703785322
0,0.43469856923216343,0.46577432270150937
0,0.3733427496393781,0.4768165458964132
0,0.42385209074421343,0.47881348320311046
0,0.48279747046604443,0.47013213405159204
0,0.3761925782973391,0.44662474465207164
0,0.4225023921756567,0.44427157573644044
0,0.37489251357299985,0.4287184487073582
0,0.3620915248459736,0.43435295567919446
0,0.4486728932421049,0.4278381920774386
0,0.535910401176246,0.43171126338679194
0,0.5785445148905921,0.43305144522855754
0,0.3994311064865901,0.4325360626051639
0,0.472522018176952,0.446195236721162
0,0.43015428747803164,0.44053241186966663
0,0.5468855510893309,0.4459495573803252
0,0.36634917407173195,0.4449753915993636
0,0.5156278056119478,0.44380056723295097
0,0.43676243230896905,0.4382863639122033
0,0.3699580852868824,0.45451933714371845
0,0.4312710440962886,0.44493057814016823
0,0.43049110342806285,0.4592083773390155
0,0.38925687500969264,0.46272723031820284
0,0.4259046336553484,0.45889737817971377
0,0.3945626497554769,0.46360474088884385
0,0.41172185827813146,0.4707678300194813
0,0.3939333480009336,0.4757583948889426
0,0.4322369187305148,0.4757583948889426
0,0.5823239226243093,0.4709302249582385
0,0.536589665116854,0.4848892646229372
0,0.5902051609622394,0.4793429638572333
0,0.4017575110488659,0.4809735707679797
0,0.45839197672936477,0.48622556560244623
0,0.38268739289503056,0.48016295458288316
0,0.49497311662010385,0.464994878303344
0,0.47276383347130385,0.45660187671509195
0,0.37029490063724807,0.43538120919059325
0,0.5295099003502469,0.42421397023475826
0,0.36797373483774387,0.4076048526829398
0,0.369199504956863,0.4038194997181953
0,0.5454982403604017,0.4037722716181138
0,0.352475420529406,0.4049847026107738
0,0.4981564611025941,0.40156198162049234
0,0.5665771532900931,0.4037722716181138
0,0.45320487938836246,0.405207660632243
0,0.4296441833439073,0.405207660632243
0,0.3588135639556743,0.4046622700835811
0,0.4377612237482929,0.4087514729028701
0,0.5333076133486151,0.41496546502739085
0,0.4170215360942045,0.4175626908336617
0,0.36436507558813697,0.4058533892419505
0,0.3921393852032457,0.42369732894092593
0,0.5006821015401433,0.43878689221320555
0,0.40053168909767906,0.4293043983559539
0,0.5410005218415531,0.4294340959669987
0,0.4199251739062122,0.43116853936004745
0,0.3776159660290979,0.4306479238084957
0,0.356336230588506,0.43303314103885265
0,0.37506031778071275,0.4242999038955982
0,0.47805021593663766,0.4204967642330624
0,0.37348031555611394,0.42608489252037784
0,0.5610025689903253,0.4214375331789845
0,0.4104164553318108,0.44482285701506014
0,0.4246888321053619,0.457737214171333
0,0.4160921589615174,0.45722283865574115
0,0.5475999554420369,0.4270628952843026
0,0.5365991798293636,0.4491668438871447
0,0.3697026632656208,0.45645830998720605
0,0.470315844974902,0.45753703329853274
0,0.4141503599428868,0.451287338833059
0,0.432323480218545,0.4382583922152145
0,0.43120777593127907,0.43822479342070325
0,0.38941174340155105,0.43822479342070325
0,0.425182034546411,0.4523926200679428
0,0.3780634432849959,0.44626349099342805
0,0.4110007404639838,0.4474710443576399
0,0.446007147009501,0.4797163890340767
0,0.43412981534582407,0.47630202831409435
0,0.5351092318802171,0.476677128019443
0,0.49323408518628864,0.4482287986225061
0,0.46737357875297014,0.46769977003460594
0,0.4670319545916736,0.4649862587309821
0,0.38460559304345404,0.4764631852888075
0,0.3814038157670448,0.44551401148501674
0,0.5126161733883636,0.45293772636132607
0,0.49806336442880317,0.4377224527847329
0,0.5313903752057226,0.4285661845045792
0,0.36809878856498945,0.39964419933469725
0,0.3517794109969619,0.4167294661271176
0,0.5563779489465936,0.4277497459456266
0,0.39563170644029033,0.4261343011531091
0,0.4320721385923288,0.40101505765361506
0,0.348334541324607,0.42053141986573866
0,0.4160505947988637,0.429600037355193
0,0.463305666474351,0.43542967699565704
0,0.3887486412360182,0.40719130986381696
0,0.42510218882333234,0.4209046843797893
0,0.36326099626736674,0.4126464932173467
0,0.42261555743977336,0.40847409552004077
0,0.3767607609569159,0.4181941097261723
0,0.39093752426528067,0.41121556682577765
0,0.35444239514314985,0.40667239164302055
0,0.4688109641331651,0.3991579745413336
0,0.5639553351419785,0.39485881693558117
0,0.40319894097037856,0.3950558110833147
0,0.4957398664608777,0.40059925602400603
0,0.4409103715077348,0.39004584633563355
0,0.5379097998984712,0.3910121350593369
0,0.38396207547825734,0.3960189507248056
0,0.48555817178253685,0.3944265331405765
0,0.43136447429922375,0.4095783612239735
0,0.5732744343560096,0.41872152408741153
0,0.46299732941944965,0.41731006514193475
0,0.37651149526809874,0.4188459904164113
0,0.4338009176820373,0.4225677532149118
0,0.4321149195514211,0.42938641830808844
0,0.3893583819405702,0.43466807220657155
0,0.42579984013499317,0.43253061369361656
0,0.38835197269489796,0.44051917474420205
0,0.41012266452919066,0.45887887734020644
0,0.43452747152898297,0.4478417232823686
0,0.5267831832776216,0.44619250794021037
0,0.4422269856325144,0.4515265861763146
0,0.43756896809842866,0.45555358348503
0,0.4388865286577478,0.46948393714968234
0,0.40013878289950466,0.4729269564536363
0,0.4599601258030528,0.4723465266253945
0,0.3619209161535156,0.4815782238859592
0,0.3821599186925716,0.4825639024784562
0,0.49437276730808893,0.4725253469382655
0,0.5268921932048197,0.4614725199267628
0,0.37472051076961166,0.44859685318997605
0,0.36451723741646186,0.44783512314533475
0,0.4899268223129481,0.44496236539989487
0,0.5579545406141427,0.4451129185875915
0,0.4128761434831054,0.4314241951236457
0,0.4450133721341994,0.4326524389092921
0,0.35262927071341943,0.4322135715666668
0,0.4301938031008881,0.41917025623514176
0,0.43358024680382395,0.416019391882991
0,0.5387406012045051,0.40894409009406574
0,0.36281550362035253,0.40768741704979516
0,0.42097595952309175,0.407342411096599
0,0.35251238288144277,0.3960694559369353
0,0.38470468608242037,0.41550995177213224
0,0.3708045005937373,0.4146653999427324
0,0.3537784587936662,0.4191000146743461
0,0.4074423797786273,0.41905286415510157
0,0.4721286202639812,0.42794239741985085
0,0.5782659832154843,0.4563590232721585
0,0.3832142969705357,0.48846066788270454
0,0.6459211387503384,0.4716063256875174
0,0.4745383091465457,0.44578299123502524
0,0.4202666036146127,0.4266374298897161
0,0.5573323052982376,0.43032473572185737
0,0.3641524930219577,0.423910584488208
0,0.3765690804863887,0.4120452835108973
0,0.4697700754923174,0.41090979075238265
0,0.4742115745995035,0.40650280496100805
0,0.5247279222264517,0.418000866784613
0,0.4249828736331165,0.4308117857195796
0,0.4374451792833128,0.4145172609023578
0,0.37294760226995094,0.4041992384591659
0,0.4321234771778579,0.38560556280133496
0,0.47354480376625613,0.3935893753913531
0,0.4780306440281665,0.40867970256532893
0,0.43807538197769874,0.4018586901202963
0,0.4643572379673871,0.41333341668554113
0,0.370287342783503,0.41556928844781965
0,0.4358601451461724,0.408913028450561
0,0.42892207316878367,0.41095909962560584
0,0.5458329745048314,0.4224469556596715
0,0.46015624137418276,0.42442439353288064
0,0.4587633746560519,0.4326928586750764
1,0.7603845077409477,0.4296521702351029
0,0.47927701959230773,0.4165204766202524
0,0.40453458087582495,0.407340196664371
0,0.3547430004931442,0.3924346186763539
0,0.5465275606078706,0.3892295024324298
0,0.5272752618848383,0.3826324912961104
0,0.3697960408707042,0.37829249731007364
0,0.3833804189023156,0.3784204927222262
0,0.5240360007232285,0.37617165183596174
0,0.4347040150794793,0.37853328289366905
0,0.46849433736940577,0.3768877732062512
0,0.36402594652988407,0.3749951828399669
0,0.4805939382636561,0.37220951592134977
0,0.5696518380098083,0.3726087870839772
0,0.4191042817387658,0.37219415288270313
0,0.44231460059564304,0.3730920165029615
0,0.35153726364976995,0.3733738519610348
0,0.43895613620646484,0.3747065219497499
0,0.4338147145715752,0.3793571730742695
0,0.5520917913875907,0.3798076098958653
0,0.4328242308701193,0.3861484392844464
0,0.34891580487481727,0.3815168199605231
0,0.3446711421063122,0.3922170481597104
0,0.5175522558439671,0.4123987595046783
0,0.4231619550793869,0.40637469849685487
0,0.42568672859610485,0.4041492443911337
0,0.37610036134298286,0.403019885158691
0,0.3519232300674965,0.407714493264247
0,0.4599219936960907,0.41582844547175246
0,0.3900496479816181,0.4097234926957618
0,0.5757562351622364,0.39477060861052876
0,0.4071356314353574,0.39441681230808556
0,0.5109823557037256,0.39779835206809017
0,0.4152396562337323,0.4205104817213041
0,0.5432055667582905,0.39873650848338504
0,0.3676008825196215,0.4101226183220498
0,0.5218104515909338,0.4034126394392035
0,0.4262155365916533,0.4213298461732398
0,0.43504983372553624,0.3941477057743397
0,0.4585522124898823,0.39656917316957546
0,0.46643755369717904,0.4003499962732153
0,0.430403967870088,0.40037104957438585
0,0.4597804307640898,0.4073726664575013
0,0.3535217688355054,0.4067767900571986
0,0.3851619370193973,0.4116322773713149
0,0.44461033974784203,0.4133729378030221
0,0.43223347867087697,0.42131037125567544
0,0.5393498512973295,0.4282382341536776
0,0.41892757986298634,0.4092545339974195
0,0.4838142432296901,0.4092545339974195
0,0.47349918431676197,0.42980048629266177
0,0.46337122271218545,0.4255288632203398
0,0.4365073975068905,0.3961245061897147
0,0.3842718395409861,0.40210253727941436
0,0.4997649130320135,0.41048225275150946
0,0.5345218510148712,0.4116181365935746
0,0.3742548436065327,0.3800469289150788
0,0.3666724342444958,0.3800469289150788
0,0.47789083450891306,0.39899040838080646
0,0.5588821662025208,0.4050537529005188
0,0.3868005753296772,0.4044612684456673
0,0.45181870839618343,0.38075043867757175
0,0.35437391653285,0.41579399059139915
0,0.41303764858577074,0.4219706340093441
0,0.46016895476965103,0.44934331411068884
0,0.36225674827467647,0.40507970547847905
0,0.4229018520807908,0.3900873521422954
0,0.3846197467267242,0.3914832458718827
0,0.3523822519054148,0.3834071870386685
0,0.37233300824178756,0.3797555244121217
0,0.4840894738573904,0.3817103588309114
0,0.5747781246800584,0.3784863212086031
0,0.40795073754125555,0.3834714953463841
0,0.5459748526015357,0.39056035215619217
0,0.4393683532433304,0.382914191742006
0,0.40975111685974724,0.3745226786049512
0,0.5647625024615929,0.392132262229301
0,0.5466942478135601,0.387664961068714
0,0.36585322207043103,0.3833276791392277
0,0.5106562247242464,0.38454148709906505
0,0.4098818482492057,0.3875587756181409
0,0.3741995739729763,0.3785540093108601
0,0.5683741967012929,0.3843839603213518
0,0.4423036958885753,0.4129253417724414
0,0.43996827755972356,0.41943783888961417
0,0.39778512956419737,0.42591704893398696
0,0.43261829467504287,0.42299666935854324
0,0.34417116304756556,0.4254834260899392
0,0.4226502047149617,0.44112854772774135
0,0.416302260674486,0.4379378530116394
0,0.4294392883356751,0.42881024620747193
0,0.5581790329251157,0.43404696431200396
0,0.5541822491022609,0.443816072723846
0,0.5247201943598703,0.4503080159423193
0,0.4329922947601013,0.4430444930690082
0,0.3671851755459338,0.4581216971307444
0,0.36304947152096056,0.45660001057731225
0,0.4887044873101499,0.4385677400097313
0,0.5333099928928082,0.4304942771395085
0,0.533169173339843,0.421149376802944
0,0.3867193840277914,0.42038922866408507
0,0.3924469546983323,0.41898017649147473
0,0.35149265608227664,0.4177290223021966
0,0.4668718794974017,0.4207483153564799
0,0.5560023899304933,0.4199644559797147
0,0.45935321579732535,0.41262339314265944
0,0.43189010892990154,0.41367285483174276
0,0.3413766549292208,0.41755867138554226
0,0.4130791710070127,0.41876338624420417
0,0.5032171122051183,0.4118148155636158
0,0.40429581059648195,0.41652412378018755
0,0.40282851866095076,0.4195348439383011
0,0.3673950086488193,0.4071549504347685
0,0.36136761467338396,0.38401723095328283
0,0.5765997015288506,0.3940422487599381
0,0.3631654068494551,0.390969197911528
0,0.3631654068494551,0.39822033859973466
0,0.5471879037113989,0.39110076609871747
0,0.419600066924864,0.3960353813671554
0,0.3874635830235974,0.3982549535034861
0,0.3562755933213826,0.3986055403202643
0,0.47735680516680784,0.40068341199831997
0,0.5734646491218438,0.39029663016213945
0,0.4175175911273183,0.3808629353300671
0,0.4052277535306063,0.3809723304531617
0,0.4135381083237066,0.39599490382414554
0,0.49676330112159744,0.4315064532300519
0,0.5481851255768111,0.4048863155330348
0,0.36919123230316225,0.40584181168042294
0,0.47586239342633596,0.405457947347083
0,0.42006296218859135,0.43700393091619016
0,0.4379856474173644,0.4230827065862949
0,0.42946629717074647,0.4247712805706396
0,0.3905791248076886,0.42149648551733215
0,0.4265371785505012,0.4193498526041447
0,0.34431788688422715,0.42364590995034124
0,0.4175344727950651,0.43132633377034046
0,0.4289179076842973,0.40565097724220284
0,0.5568594176887609,0.39315232016206897
0,0.5085718916585835,0.42240790533468486
0,0.3602062672462432,0.42016945074767154
0,0.4663596959444086,0.42343930660357465
0,0.413518405421956,0.42074658533266884
0,0.3834673676564657,0.386620166700988
0,0.4729865704513049,0.3948138934183691
0,0.4906137679849434,0.4126759455661958
0,0.5334937376726949,0.41238917860316215
0,0.36946718138200424,0.3798173231578932
0,0.34827652596832565,0.3876062581983291
0,0.5618367087418918,0.41205847079848323
0,0.3890761407861592,0.41586242099551685
0,0.4346355793915044,0.4000640454621173
0,0.3388843392257806,0.4027309529807324
0,0.4229002238739499,0.41641182717951675
0,0.46513958495910757,0.418425803516027
0,0.4002823205533929,0.40125756025595744
0,0.4637831080212983,0.4063767186861637
0,0.42426214467611234,0.4159067537067548
0,0.3668356972401613,0.4094653022638336
0,0.4226577623645518,0.4008244242403988
0,0.38670928148294265,0.3748172023376807
0,0.3632884515040114,0.3722950911633038
0,0.355932061523711,0.3811976331881561
0,0.4084698873413746,0.3827022287551311
0,0.3868378112894785,0.37471074626379475
0,0.4650251868065603,0.3741844249461624
0,0.5567545379059342,0.3752115031847374
0,0.373554579686844,0.3801930219463793
0,0.48795075749386496,0.3976530256156501
0,0.4105570889807347,0.40451895912504154
0,0.5616851603200695,0.39970259893249976
0,0.3722298416399931,0.4077629977066473
0,0.48940936738731966,0.41629558579618553
0,0.4211764471759231,0.42369659268664195
0,0.4619039469983295,0.4090775156294542
0,0.3761978393099075,0.40327677119238325
0,0.43699640617485347,0.4047921749039133
0,0.4296450507417746,0.3996164966728788
0,0.3885227926379063,0.3866607235559765
0,0.4254975493666163,0.3851937332014828
0,0.3700520439384006,0.3967181178289041
0,0.4141870298599853,0.3920381144916469
0,0.43098885545467597,0.38340069329301424
0,0.4645910634667184,0.39581066204380744
0,0.5142291636038611,0.4025112223383242
0,0.4445256702487666,0.41039834754827803
0,0.3548737970381023,0.43317432167289494
0,0.4104209910835068,0.4384490183679534
0,0.4633056820412088,0.44244239321431766
0,0.382966616459805,0.4477324843977238
0,0.47739318113264734,0.4541102824605387
0,0.49423985564197775,0.44887058563217364
0,0.5725291883831162,0.44659311587197914
0,0.37095948708826637,0.431314590482205
0,0.36464939601766194,0.4303712961386502
0,0.5500763245495099,0.4251262976299946
0,0.37898953135388913,0.42863152071621047
0,0.4503029285867554,0.42348286236888355
0,0.352046205417564,0.4221774174782531
0,0.4239806760538797,0.4084585242764681
0,0.4235381117960784,0.42457531420262423
0,0.6051095114778443,0.41269586037106926
0,0.36266434909382983,0.39722373517776793
0,0.420343509241727,0.39989955600310834
0,0.3564988445249004,0.39767113119946373
0,0.38789941100739406,0.4021535491739033
0,0.35444535467864524,0.4025961892665615
0,0.35851085107108777,0.4135443509812313
0,0.4708332279323152,0.4153545493316613
0,0.5796040989337675,0.43976260199739714
0,0.4204084261520548,0.46713847510808126
0,0.6457771044840012,0.4670876675911392
0,0.49840755448247626,0.45833723931284504
0,0.4103552341967648,0.43746513782627594
0,0.5538389029472712,0.4287262311055796
0,0.37295905636134813,0.42827359272282567
0,0.38050222774954423,0.4173583184329594
0,0.47654159171064003,0.4049945149172149
0,0.4779218693655215,0.4065662013430795
0,0.5226059249324402,0.4209225166194798
0,0.4291597185374886,0.4220669588246893
0,0.4346401884378444,0.4119485774965692
0,0.39929751235055444,0.4119485774965692
0,0.4313419979671188,0.45504051836782317
0,0.46796829479070917,0.4569471114607502
0,0.48782430754560724,0.4365628207920572
0,0.457465655135971,0.42599580385405483
0,0.4508988864913774,0.43200925640033305
0,0.36615898797863455,0.4265212782332352
0,0.4635315404452995,0.43492811102017664
0,0.4241950314473646,0.4297801038789236
0,0.5458329745048314,0.4354640390635009
0,0.4696366441151498,0.4391584776786454
0,0.37490297227229485,0.43325792725052503
1,0.7394552883682861,0.4352078879757537
0,0.47351927637841285,0.43394495738773714
0,0.4305207565986693,0.4326479163093418
0,0.3584074706028293,0.42087338472582986
0,0.5480126375812965,0.40868513433552506
0,0.5534471013852508,0.3984224597332039
0,0.37212516408323676,0.39302594020569515
0,0.3819115768136459,0.39483496839278914
0,0.40069158132692057,0.38701574396584504
0,0.5190258201907697,0.3919493153906025
0,0.4383827733760946,0.39670212592182114
0,0.4807617500593375,0.3947558528465343
0,0.3920916267383475,0.3883291945946715
0,0.5168468006466923,0.3831191420923264
0,0.5801575433828278,0.38996839748656503
0,0.4625318411393766,0.39133149017469004
0,0.4487674897791336,0.39285015368361853
0,0.3777601496389004,0.38583301161020606
0,0.4608185496942662,0.3938359588128265
0,0.4323476177286694,0.40442956682697506
0,0.3564988445249004,0.40686408250819955
0,0.344626075074069,0.3970972405644826
0,0.515671508729878,0.4009341722434352
0,0.3972909568511976,0.4032665667344914
0,0.4210757713205909,0.4117971125066545
0,0.3630156932208951,0.40430863947326884
0,0.35537242457778423,0.40645820915773306
0,0.3701090398499033,0.4005983176856496
0,0.4674584270672523,0.405570296495933
0,0.582307845646516,0.40552107433132173
0,0.4046637896112717,0.4050970523552873
0,0.5414608722575331,0.39994770434028176
0,0.41361578357912926,0.39659427263557745
0,0.5487524066036626,0.4067454757880397
0,0.405140734577632,0.4100356893194164
0,0.5256347099986857,0.4156898757303045
0,0.4370752879740904,0.415830524559848
0,0.42402988750107423,0.3995442495702393
0,0.5426724738349167,0.38716582209144523
0,0.4483255148116111,0.3896051002170133
0,0.4696976271284926,0.3962175643795757
0,0.43797155783005015,0.394040806401583
0,0.44644319549695183,0.3932419153185838
0,0.3678855211124738,0.387714000980648
0,0.3932058988343994,0.39830743087945597
0,0.433503466420943,0.39612011657902346
0,0.4291969066773256,0.39551381315282425
0,0.5255827310418436,0.396331080556953
0,0.4133263790439669,0.3919886625384608
0,0.5000171746012988,0.3976262985743762
0,0.36962918346179297,0.39881327094670077
0,0.4690189863950594,0.39668076863329965
0,0.43974433635446714,0.3887740840927535
0,0.3715272225216913,0.3927768567744801
0,0.519344127923741,0.3940138807027129
0,0.5590028116614488,0.3968568369546529
0,0.3975238645435666,0.3891959118917636
0,0.36376794995989425,0.3907755867023369
0,0.4849792039121408,0.3888536235557978
0,0.5641477048541325,0.3904088918663871
0,0.38666253400832035,0.3981024752439232
0,0.4385582833247207,0.39697519062300474
0,0.36784177772670495,0.3945174676525535
0,0.42630369858587913,0.39604849517474794
0,0.45877533317181324,0.39420210395558825
0,0.35492501114645747,0.3943890138254124
0,0.41694825972451754,0.3915702367808089
0,0.37820614560741667,0.39496279079888
0,0.34235114615899087,0.41453633112229227
0,0.47132139131193795,0.41955171822132487
0,0.4759008348132864,0.4096413818460266
0,0.37610229966889336,0.3988791984463335
0,0.5693143181018945,0.41551864738618627
0,0.38819471822595425,0.4194305684688906
0,0.5093714649281614,0.4100282230789331
0,0.432168038753718,0.40086489891202515
0,0.5711692562508641,0.4148637171918271
0,0.3915913233017059,0.4198677404593284
0,0.4801011956357403,0.4056288564355813
0,0.41533562658977546,0.39980022859827336
0,0.4181816509579409,0.411495987049914
0,0.34072292297532747,0.411495987049914
0,0.42701378201927764,0.3963243483464985
0,0.37583617414555975,0.39163851010370343
0,0.4378409275734007,0.4181060186972484
0,0.43465072326016546,0.4181843359710729
0,0.3942586621028246,0.42312014263727743
0,0.42435587084634674,0.42896650673359793
0,0.38823928926770485,0.42021840160227847
0,0.41097442460076866,0.434910785362544
0,0.42648157418281074,0.4345358103245584
0,0.427069326308111,0.44070175259083455
0,0.5469202142100003,0.42754101434145003
0,0.5524415444946439,0.43844213227887396
0,0.5506673434599705,0.4390971239050514
0,0.43676752121969065,0.4372354896041882
0,0.3545017375302136,0.44525726644366037
0,0.362480950946315,0.4247848773451349
0,0.492262455500394,0.40764873895896375
0,0.5128909838587948,0.40402028357227143
0,0.5701410049682184,0.3970556905119034
0,0.3924687355426795,0.39585253689970884
0,0.3411362050360937,0.3916817105130076
0,0.4626230689038029,0.3960194704108586
0,0.5669037262552481,0.39066188563108506
0,0.4049271872549256,0.3991288690645095
0,0.4356967010457338,0.3948053223048786
0,0.34858483832034654,0.3935057841208807
0,0.4252976069268336,0.39990013853794265
0,0.5605788856529784,0.4061621907196113
0,0.4055936059212835,0.39802823778840174
0,0.3844455174041733,0.405335529577393
0,0.35045152859748596,0.39514346843815795
0,0.35144234367874205,0.3977240962045439
0,0.533031672448908,0.3995068067122402
0,0.3471384656194977,0.40464285346285384
0,0.6589580321833028,0.42758159440720866
0,0.5006821015401433,0.44430092389898473
0,0.5559975906020964,0.4435986745115413
0,0.4006749664653227,0.4417803033088362
0,0.417397287149139,0.44313610103021284
0,0.35268910608061804,0.4460117197061873
0,0.34207972219264754,0.4417325738557228
0,0.37566495286300633,0.42668710408134414
0,0.4772271790550099,0.4156694684811362
0,0.5781648081925218,0.4191763792689163
0,0.37253904175659935,0.42762112370961236
0,0.41456991257317516,0.4481728513026072
0,0.5188798494359331,0.4472259105910595
0,0.4122462278694452,0.4503547202758812
0,0.5804803619264792,0.43286001601315205
0,0.3918941514280628,0.45056766125784764
0,0.47326492876364923,0.4488925136569167
0,0.41482053198903057,0.4488925136569167
0,0.43044456328667824,0.43700461248910916
0,0.44808430523518167,0.440074346148589
0,0.47270830463150554,0.4474720137033169
0,0.41499547642478013,0.44836028994258487
0,0.43318116160410713,0.44836028994258487
0,0.3751369114488731,0.45016871602017094
0,0.44158778566487006,0.43401907311508864
0,0.4272267102827827,0.4268945792453584
0,0.5246078642099419,0.4446270889439348
0,0.5245437542138833,0.45710021875504947
0,0.36725127665108537,0.42989299423254335
0,0.46251044581499207,0.4289531278910027
0,0.39170589450346005,0.4425093280226969
0,0.362003178170431,0.42289541498457983
0,0.5145795383896252,0.4224152138652207
0,0.36679343965692895,0.4224152138652207
0,0.5764228039136728,0.434547838518123
0,0.3904053102554986,0.42374767712952005
0,0.34913125112303894,0.42294746218330187
0,0.4768263203694128,0.42374767712952005
0,0.5685909805096122,0.43830660181860664
0,0.4059664635876635,0.4266862426703894
0,0.44670857503356354,0.4266862426703894
0,0.35351335224458275,0.4237991116399255
0,0.42308335920182627,0.4382115344504422
0,0.3848867493897962,0.42255489792910594
0,0.4833351662054577,0.42928904036634946
0,0.4240826822544894,0.4435203358249411
0,0.35623460908445626,0.4448466285191426
0,0.4186157298250461,0.4416195088646671
0,0.38222010859430333,0.44149080347949
0,0.469799127735031,0.43516575529359347
0,0.34806028913338644,0.43160168734267773
0,0.34201111176546445,0.42722524772819
0,0.577782968014589,0.4161372413476019
0,0.45985414776908246,0.42234187527734796
0,0.39791278519404893,0.41860127249500445
0,0.5102157744018734,0.42186764475579663
0,0.39937568078878644,0.43734939052853555
0,0.5804601592312982,0.4244570982140838
0,0.3879986329051786,0.4244570982140838
0,0.4895803521454423,0.423423610187889
0,0.41821209623503075,0.43921678072560505
0,0.4749973600266602,0.44705937829232556
0,0.3778587886946639,0.4312489333371391
0,0.48270883957141336,0.436137014004741
0,0.42367956709735854,0.43869576999568716
0,0.3928587832456852,0.447492325612034
0,0.4247483097230975,0.4327625057355009
0,0.40283957030626705,0.4307257413299537
0,0.40768503038216053,0.422713971504077
0,0.42677637053829515,0.4162238620610862
0,0.5103597521678498,0.42629443048307875
0,0.4782823770268345,0.42824715986713546
0,0.3699262983577071,0.43273652428911624
0,0.40760306238869703,0.4324774781737274
0,0.46315724935944785,0.42219291009923393
0,0.3698424439864934,0.39921870448874747
0,0.4915847116512531,0.400417948670586
0,0.5059759017915901,0.4127728392382023
0,0.5764627307949135,0.4096150392828551
0,0.38843617983475787,0.3886685979567835
0,0.35765998646290964,0.39079057803237977
0,0.5688925792042533,0.4060168161238676
0,0.3754747985073243,0.4058455012287466
0,0.4459905695462894,0.40419740491725903
0,0.35263552619668626,0.4133826782322827
0,0.43160242595791454,0.40713295948979683
0,0.4180036738727911,0.4098955070693297
0,0.5681276982818898,0.42727254363997275
0,0.37879757511869183,0.4245903365921669
0,0.35643069809786426,0.4041622542205618
0,0.4152507926304541,0.3916738234725121
0,0.34564072782627775,0.37938392153506856
0,0.3784090616966083,0.38106364239309626
0,0.3621202472997022,0.3800332444005128
0,0.3459091842547881,0.3967597015860968
0,0.43522952274269117,0.39206348169750965
0,0.46755477491104835,0.3881766574490572
0,0.37092575709099407,0.38688683741830565
0,0.5839884193434444,0.39413204456556333
0,0.4119623222198228,0.39413204456556333
0,0.5157009977642694,0.38805727610899865
0,0.4242801866875144,0.3866243827222009
0,0.5775288313432613,0.3920578678893106
0,0.3949578783255064,0.4043362239232732
0,0.3792749942498923,0.3841930908578578
0,0.47592463486507414,0.3850046872256071
0,0.4680626671084975,0.38469433217687593
0,0.5395728250105687,0.3915808709775447
0,0.4177203836136116,0.38907249578507985
0,0.43770730346112546,0.38470671378343696
0,0.6449924894586728,0.387792528085625
0,0.6282551702580745,0.4029751922255806
0,0.4091688077891252,0.39416485328481626
0,0.434241265098992,0.39633556775843837
0,0.45517523204863536,0.3982112411053602
0,0.5074398518299152,0.3995047752598426
0,0.43220627795038014,0.406480316992481
0,0.443036613477657,0.410801397387626
0,0.4109563925889286,0.4159976585767487
0,0.47947841415512193,0.4159976585767487
0,0.4285378440884241,0.4169451137774551
0,0.5145344003456908,0.4149350696985968
0,0.49369721309571896,0.42753777339530596
0,0.3799467972820724,0.4281480203517085
1,0.7373873987357481,0.42181743546296924
0,0.48109982044987565,0.41171112429292805
0,0.4039732719115312,0.4097715455772326
0,0.34761011852250023,0.4148234588053578
0,0.5185541156817178,0.4077649681627397
0,0.5550880639494168,0.4028124482644056
0,0.4030053742277422,0.4028124482644056
0,0.3708885581676825,0.41050118948196807
0,0.5003702762363201,0.3991418972484332
0,0.44060725847418314,0.4061314180773222
0,0.48206104355639184,0.413509846592276
0,0.3522904981008275,0.4186186499819849
0,0.5129846109363558,0.4113401793971022
0,0.5751690515800381,0.41626833555208437
0,0.46201575526063376,0.41626833555208437
0,0.4430297462703539,0.4229684901419294
0,0.3740920783481636,0.41020824223771385
0,0.4450867570961443,0.4123722294848391
0,0.4351717332616799,0.42501107157673135
0,0.34558330273131765,0.42933432908533786
0,0.36320334915384406,0.4297970574349312
0,0.5299019218613579,0.44092846187390006
0,0.4322278686200542,0.4375353437945249
0,0.4176534918702309,0.42930110095026225
0,0.3534141092054936,0.42759336304783563
0,0.34214331341629994,0.4287076721859132
0,0.46031806229269395,0.44732243433403435
0,0.5837456367856092,0.4679887089592759
0,0.44666292079077163,0.47053709585269693
0,0.5247122078965966,0.4428728396448744
0,0.4047748767368583,0.4392689089459185
0,0.5528936480534404,0.4385783861747421
0,0.40740610454746184,0.4432042590988657
0,0.5070644114614304,0.43829628897381473
0,0.4246982790042331,0.43829628897381473
0,0.42043294535845843,0.4317970967309875
0,0.549555941807823,0.43167016925632096
0,0.43830406259290877,0.42670421734287617
0,0.4807324759349205,0.42594050511875386
0,0.4210241943090192,0.43238391644717533
0,0.4361131530228672,0.42367118537811777
0,0.34860865479844116,0.42861077594328995
0,0.38512057846408826,0.42709344078910805
0,0.4324357735587346,0.4273912231362508
0,0.423369261011299,0.4506919955930995
0,0.5190412912805472,0.45291059864632166
0,0.41892757986298634,0.44698586942900187
0,0.5130128982827743,0.44698586942900187
0,0.3761906274475438,0.4638764735597245
0,0.4656451656812241,0.4476724454794165
0,0.42668782935107624,0.42633130757658355
0,0.36325000375956784,0.4415873711204175
0,0.5128159300526869,0.4339995873068465
0,0.5676943401199471,0.42868703155219795
0,0.3957415056382723,0.4095257851831644
0,0.37403542984065774,0.4106980357974512
0,0.36409748817928456,0.42684598453500616
0,0.48295255036256707,0.42655494821609563
0,0.5657882962216912,0.42655494821609563
0,0.394565326940383,0.4095257851831644
0,0.43768846325601024,0.43175835416306013
0,0.3664051687911255,0.4294587768855318
0,0.4207235506368277,0.43104190580232926
0,0.48318121163175926,0.41407765251971224
0,0.3591968069360877,0.42140194632231864
0,0.4150697604862426,0.4268466413835981
0,0.35667122405580176,0.4227246926581531
0,0.34424166302386755,0.43234005994181635
0,0.39112330406016604,0.431573945299453
0,0.48608427188315306,0.4228873926257828
0,0.5888309711858697,0.41094798827570583
0,0.3829860951251719,0.4190497977681873
0,0.6413077650851101,0.4394411024611059
0,0.5435188118482356,0.44504625243938584
0,0.42751245181256486,0.43328787487451753
0,0.5929222625577806,0.4590408987498565
0,0.5730123219493252,0.4285131340690056
0,0.39060312603845626,0.4262009334282464
0,0.4919278649383909,0.4188660845607903
0,0.45308414754712684,0.42561332066469826
0,0.39679157514497104,0.4218211167991461
0,0.3733996105741709,0.41996642545143936
0,0.4336070987878651,0.42155489411784824
0,0.4390748115472885,0.43387623308538625
0,0.394602742829691,0.43551089465570203
0,0.4234278003149599,0.43088003208576775
0,0.417136658453066,0.43282543505976273
0,0.4173541298655858,0.44648578203925904
0,0.4259460339447582,0.4509429923030806
0,0.42339753053430473,0.442796706418344
0,0.5532801093418946,0.44478685897654907
0,0.5263924143408839,0.4588025723065825
0,0.550438755708878,0.45615184670451775
0,0.3687915154846897,0.45641882432431075
0,0.4642075694416399,0.44559967863920363
0,0.4234240677926254,0.4598792014308232
0,0.36900494730161,0.4502194547541423
0,0.5885433056942213,0.4446719992725292
0,0.5807316556273905,0.43889583483606054
0,0.3978556556041878,0.44369939864397506
0,0.3476631391192656,0.434200822401142
0,0.4578960292530576,0.4365542401693282
0,0.5673018582224838,0.4316114406175411
0,0.37510792346543675,0.43232276628913185
0,0.432110785905434,0.43123389689413233
0,0.34061380007442993,0.4366755489642389
0,0.45118545213833944,0.43295606430426464
0,0.4890281638604694,0.43047082067162445
0,0.4081992343018973,0.4409020841109579
0,0.3945181612559186,0.4415794884042012
0,0.35657558844692006,0.46569907492928053
0,0.3519198413742375,0.4529568846121387
0,0.5315105741724853,0.46338686757047487
0,0.34916795706141013,0.4663672751585245
0,0.5433466514023181,0.4706714646998265
0,0.41572598835574337,0.46331274870153855
0,0.35935484463347017,0.4703101091815984
0,0.34640205915117966,0.4809158517044736
0,0.4578378879875673,0.4781960944000211
0,0.3739897047882928,0.472833915480103
0,0.5109432674779363,0.4203719986087375
0,0.3926240763641723,0.42498204832830144
0,0.4428799800148681,0.41520001816235164
0,0.5143699336309216,0.4101052881579321
0,0.3830856140210761,0.4030947310365939
0,0.5812782239222982,0.3957685721702192
0,0.38908401349585614,0.40618778604285594
0,0.48906842580379356,0.4018307616412945
0,0.4527906851062923,0.4018307616412945
0,0.4333356209247358,0.4023754004380281
0,0.4395281713033966,0.4030695290675669
0,0.39453018380686367,0.40349907873259483
0,0.4260840233274782,0.4018080259380585
0,0.4139488454690944,0.40013424738630265
0,0.4131629225426042,0.4123541792704927
0,0.4231559741469414,0.40462217330668476
0,0.5200771183322309,0.4129300356255677
0,0.5093546453419061,0.40607213887582333
0,0.3697504730237885,0.4151713598204469
0,0.4124455179104818,0.4174169251178581
0,0.4604115256021023,0.4096977101194985
0,0.37235608950402943,0.4000659161541237
0,0.46786224498236995,0.3978348885147627
0,0.5254769713201362,0.3974730948444504
0,0.5782685337986557,0.401408512491838
0,0.411522535232531,0.3923920187661779
0,0.34743710490106267,0.3896502756037618
0,0.5053429615983224,0.4032578810539294
0,0.44081928233881634,0.4229716235561442
0,0.4318396272377605,0.41351580277145406
0,0.3401530155202698,0.4171580586100655
0,0.45719458728339674,0.4241061564766135
0,0.46698504128130036,0.42466687379042495
0,0.4227884240423816,0.4231083895901189
0,0.44964715687435974,0.4072810204753461
0,0.3584501989023223,0.40342949810974965
0,0.4168267044497993,0.40900512304158027
0,0.39696694223843865,0.39415465934017874
0,0.35780455213240386,0.39115215435827494
0,0.3464577693900167,0.39511021448917194
0,0.38731368584101133,0.39368383024806347
0,0.4659405006545785,0.38984180744978647
0,0.5056915818126143,0.38984180744978647
0,0.4116455112633282,0.39767976900094576
0,0.5025098333350491,0.39039060453603175
0,0.37108992705598565,0.39768060845852804
0,0.5865561495396662,0.3968318847245274
0,0.3907880111372139,0.4103470729486182
0,0.5053663395443598,0.4146697947358466
0,0.46972065282135295,0.4184610728985356
0,0.46002423743627535,0.42809898343247155
0,0.4635029489388268,0.42954732553314867
0,0.4658472896729982,0.43562540382560877
0,0.46802496591977927,0.43983063150766677
0,0.44369672801638005,0.44721540638081453
0,0.40238537402539504,0.4485730474087882
0,0.42534270740548386,0.4452639216078417
0,0.41808580602939094,0.4288173504255658
0,0.4209045537285016,0.4349242729006841
0,0.4229117377569938,0.4240211511608013
0,0.5094794956261933,0.42098422778020267
0,0.48906500031941086,0.4252777772593937
0,0.4279421436114116,0.4367572136952391
0,0.37988400019165247,0.4435329459012879
0,0.3925190053926797,0.45354698890837625
0,0.4669563840305775,0.44244380224759033
0,0.3664887783302365,0.4384730774186073
0,0.3684096250425282,0.44322227162207367
0,0.5054682197597645,0.439377093323612
0,0.5918101257720457,0.4543859578194845
0,0.39221849119510166,0.44579391754017744
0,0.3549406060495438,0.4573280923934026
0,0.4678746393086553,0.45982721096375906
0,0.505554913706506,0.45089017526527014
0,0.38464273596660814,0.4465376460767782
0,0.4463572082306104,0.4281252955434478
0,0.34653456000699884,0.43384882026899185
0,0.4407747575815222,0.41358609649780953
0,0.4591616633883847,0.4303923302947306
0,0.5899590258395254,0.41506624733686076
0,0.3592028356620953,0.39774211008456195
0,0.4120011814246092,0.3934246473197697
0,0.34857835997420805,0.4027078486597334
0,0.39776152691633115,0.40759907264007766
0,0.3851421340019984,0.4022653445521719
0,0.3499245203288108,0.41568897609269906
0,0.46555185106823704,0.41568897609269906
0,0.5284189990225567,0.41973687729288384
0,0.4128566269158656,0.44701759231784055
0,0.5423060659540544,0.46783883043987523
0,0.4010068460087053,0.47425741568331276
0,0.5328313824249001,0.47123579601081234
0,0.39981509067061677,0.4756574435925787
0,0.3754360906648833,0.43861742478586135
0,0.4688179065448966,0.427467129990781
0,0.46634314335597454,0.4131218940284891
0,0.5197913400856807,0.42352496697759556
0,0.4750024266066337,0.42352496697759556
0,0.43759584646603167,0.42327918094110006
0,0.6582260139386833,0.4073066174480294
0,0.4019414780939417,0.4154593120402335
0,0.3563250993158746,0.4360209197876963
0,0.4378755332336807,0.44956562157183394
0,0.5477914595265062,0.4229011855827821
0,0.41477701170781195,0.42310498743987307
0,0.4347738948550822,0.42433604920632395
0,0.3773482662688813,0.4249268663677582
0,0.4873899576695977,0.42928078791648233
0,0.4233065648082419,0.4347457733950433
0,0.5068088434698794,0.4350217279724425
0,0.48713770291949177,0.42647397280337745
0,0.3817151563684342,0.43911012124689114
1,0.7373873987357481,0.43820026261010775
0,0.4701915814151498,0.43202335966742667
0,0.39527322622834304,0.42747115016343296
0,0.3550218504881751,0.4031542114984838
0,0.5175386864319707,0.4013345457236492
0,0.5372274992851763,0.39874817265778534
0,0.4265727349022478,0.3979700089353516
0,0.38202660625147483,0.39682288641694996
0,0.500305661139017,0.3943527866456933
0,0.489967522281566,0.38953826461125274
0,0.47611033868067876,0.4046525306626317
0,0.35322073282072036,0.40105775231035307
0,0.48236494708403915,0.39020113407508794
0,0.5231854673049293,0.37626345721247395
0,0.41524215680120863,0.3872184986910708
0,0.4490423639051731,0.4027415962913012
0,0.36455863815795747,0.38871215098462025
0,0.5022681889937098,0.37997437004313184
0,0.4593650305934635,0.39137140973539375
0,0.4331344047696138,0.3943784280847499
0,0.3516445130541828,0.38466788260553714
0,0.36460884183857795,0.3825165715172557
0,0.5353634708675025,0.38617284791548323
0,0.4374725200949566,0.38303962903469463
0,0.42124578746609315,0.39372168276568253
0,0.37656657467080745,0.39699572959665536
0,0.3490722649154819,0.40202612294992596
0,0.3967593724711998,0.39098852048312116
0,0.46117539379006395,0.3916679129191446
0,0.37317084406736484,0.392312480892891
0,0.5117441387838016,0.39840323209467005
0,0.37334171610336914,0.3832222298725062
0,0.5234269319067878,0.38056014750636574
0,0.3945799030041446,0.379997753401145
0,0.5770602812872476,0.38125573939610974
0,0.38732594582995106,0.40064643743542316
0,0.512135371412478,0.4033965982076198
0,0.4864750773196873,0.4177154845445135
0,0.34454433569680065,0.39804366130685787
0,0.37205392582330665,0.39380024701807403
0,0.5539723089766455,0.38394205118764657
0,0.42838061518593323,0.36997939610066927
0,0.5195074703867534,0.3755357203229308
0,0.40674117632327,0.37152751011866314
0,0.4294809976608525,0.36953940922870093
0,0.4120207007458994,0.37732517441432334
0,0.38462637649785847,0.37888705390402366
0,0.4682831808009783,0.3834924956817072
0,0.42525129015269403,0.36840731986193376
0,0.5295677634794473,0.37431905783671804
0,0.42013367992052547,0.3821888069514425
0,0.5099567206826532,0.37889123592320745
0,0.38248907897032536,0.3887203815783569
0,0.4649306656700357,0.37909734042346827
0,0.4293445743457963,0.3793629072173303
0,0.37409536417015926,0.3852504348659315
0,0.5505348341544878,0.3757642022366877
0,0.5411619586515122,0.3748236322616801
0,0.3692769202250658,0.376130110119915
0,0.36346004085340305,0.3714864841548895
0,0.47188729075255315,0.37934713984347784
0,0.5126370230448304,0.3805777218579049
0,0.39418637954135893,0.3880167149903166
0,0.4717399218479454,0.37456441132085927
0,0.35660010170195816,0.37456441132085927
0,0.4712509630683753,0.37546799284078297
0,0.4534525952888556,0.388544171415032
0,0.6318459196488708,0.38229775813483574
0,0.35117847914761796,0.37854346156118557
0,0.41830219636308597,0.39141526912984825
0,0.3554342544846712,0.39230403778621686
0,0.34305646155751385,0.40875920075041017
0,0.4369291258084752,0.39575107968689915
0,0.4789838866060547,0.3963229372369511
0,0.5198974931821819,0.39605488125299837
0,0.40199252576833633,0.411173814547146
0,0.49049093009929123,0.4004324788527731
0,0.34934717790803144,0.40052221785782793
0,0.5254512406198997,0.39699916166554927
0,0.36992717353224663,0.4088153314892198
0,0.5016963329864604,0.40052147156422496
0,0.4674539590454978,0.40194082974070533
0,0.6362441308903387,0.407722299499058
0,0.3663636382811348,0.4040810422024302
0,0.4245807936224387,0.4030970723628423
0,0.4765301830277731,0.41966220946151567
0,0.39375409232421477,0.4226356893902146
0,0.4241487977087495,0.42598689298150494
0,0.3755431409636519,0.41301236109893696
0,0.3854912536471844,0.4294894360790211
0,0.4235729436738131,0.4336357820897906
0,0.4273642169065914,0.4354820897780133
0,0.5813046457642874,0.4209699602131435
0,0.5182838537277202,0.437871391585792
0,0.5514174102075243,0.4402281646999398
0,0.36888425204529723,0.4389123434102544
0,0.4640389185235214,0.4294236547741244
0,0.39348281523693157,0.4618517712149813
0,0.3653658668789249,0.4501008925021278
0,0.4934364954559814,0.4473597548892844
0,0.5398459325086455,0.4456133479765343
0,0.42119549495537056,0.44988837195513537
0,0.37549879975261374,0.4473825045548838
0,0.3541326746929448,0.4455841907886184
0,0.45556811253805723,0.44401185103645496
0,0.5161288546914157,0.4463171178210434
0,0.3853256778512904,0.44382161877424586
0,0.46248374184579427,0.4436715023505592
0,0.33744303734208125,0.44661919205326583
0,0.47156022340534476,0.4397009797270838
0,0.524311048299655,0.4450914575465376
0,0.4227082769884235,0.4508642426936902
0,0.38562951747593527,0.45980122895985587
0,0.35817494068186667,0.43489132166274036
0,0.3530070347573549,0.439717939274561
0,0.5325813900441684,0.4517367711193359
0,0.35697266822494267,0.44961405550206124
0,0.5422913999853417,0.44624964738883116
0,0.5218597822392385,0.4712707812883346
0,0.43810867577324336,0.46451962317811474
0,0.4208160012408737,0.46385378710203984
0,0.3523713061513996,0.4740430920927818
0,0.35005475024146554,0.4617369360664982
0,0.46324328604538434,0.45070165588297295
0,0.5198974931821819,0.4509530302728349
0,0.41136392696986035,0.4706256189689559
0,0.43117656954532496,0.4676765141971425
0,0.4392601462567974,0.45660336841984167
0,0.49978159315994797,0.46517191497491756
0,0.3404320779120535,0.45942607419808856
0,0.5560559887222628,0.46448868553630424
0,0.38223645547059776,0.459370315810341
0,0.4995576022207019,0.4568631019739571
0,0.47115746886982757,0.46655629448356795
0,0.4242029434143014,0.42186158586200634
0,0.47796407575943367,0.4125105889233834
0,0.3976783274545337,0.4135057100124629
0,0.42677499162068583,0.4243141688094158
0,0.34362023841281764,0.4107969550064237
0,0.4233822024740167,0.4045726063622856
0,0.42655864532121757,0.4008054782991796
0,0.5157039647089716,0.4228366634977402
0,0.5093546453419061,0.43047162181898413
0,0.36887146618831007,0.40265239806187775
0,0.4006572626604991,0.4005288317024394
0,0.4640506673571487,0.41808725694454296
0,0.36642565907600194,0.3987099461103695
0,0.45796052693790373,0.3988563004330561
0,0.4930077993945784,0.39601395594577476
0,0.543423711650122,0.41447750465688293
0,0.35750766284768715,0.40321822182103156
0,0.35397489545501526,0.4016347945825779
0,0.510377326186364,0.40685023891307204
0,0.444760814235199,0.42512293987307925
0,0.4632115738555325,0.41128198937563404
0,0.3401858938262752,0.41128198937563404
0,0.47129479008016467,0.41128198937563404
0,0.46513958495910757,0.43257707193525013
0,0.40009987279475306,0.43444721386662283
0,0.44977672309535727,0.4174278179256166
0,0.3594577423448561,0.42252241366928456
0,0.4190306139496324,0.42387022512347117
0,0.4142229260704145,0.4115273124836729
0,0.3533031286047835,0.40820220085182146
0,0.3498449988100468,0.430453576529105
0,0.4638937087421415,0.42415768512732904
0,0.39514671478712665,0.4120834453618223
0,0.5160476181763334,0.4058630893086144
0,0.40939611328854525,0.3917311827664554
0,0.49361053157578655,0.392585574821917
0,0.34004452791803386,0.39362525922735286
0,0.5528424507260558,0.39301370080327175
0,0.358688992760189,0.40236094413754625
0,0.5047289000622085,0.40113516015278605
0,0.4671399782020055,0.40113516015278605
0,0.4657505439700095,0.40364825896010503
0,0.4278747347826685,0.402964586483635
0,0.46171329091777796,0.4072142889404989
0,0.4822702832290734,0.4138727089292927
0,0.404599368720522,0.41317336271065286
0,0.4290838299657646,0.4195031223631578
0,0.3582016190071608,0.4120126541255143
0,0.47514092743666025,0.4144397415530282
0,0.43005705353177076,0.4079434512298399
0,0.42597639533760034,0.39908796264516416
0,0.5090269076181245,0.40923689691282455
0,0.4512952141954582,0.41962874064314976
0,0.4145057213792185,0.41917425823131804
0,0.37167276950405603,0.43101833064503214
0,0.4641511427152758,0.43939394391973396
0,0.40016591454757905,0.4347029573704772
0,0.36688938135995774,0.42656194369236844
0,0.4922144293183338,0.4228732180599918
0,0.5457343915155588,0.41894085166131484
0,0.3623619599036108,0.4144729585626387
0,0.36506912533605035,0.41565604001291623
0,0.46662856736674063,0.41688415492394876
0,0.5144722886260014,0.4149622561696853
0,0.38544619899967814,0.41963043728428634
0,0.4836777466324504,0.41662966759221826
0,0.3448666526243447,0.41672660032201125
0,0.448132615567344,0.41696129121813597
0,0.46439650652146275,0.45902471218688284
0,0.5396561941149588,0.47008454437377006
0,0.41246646596190284,0.4674217950386275
0,0.5258420004063356,0.4691254634835005
0,0.3598622034228408,0.44959709248083124
0,0.41695279747318376,0.43917976705027
0,0.3516345130256408,0.4328114754666671
0,0.3926877583252433,0.4356201328051082
0,0.46514685747010226,0.4458798405465892
0,0.4359424133482955,0.43785806684448003
0,0.35266941042998573,0.44416822456572025
0,0.5388680554424105,0.4524816781126434
0,0.38761857280948014,0.4524816781126434
0,0.518784469206728,0.4474148481220686
0,0.3401749395746781,0.4474696756762691
0,0.5488107271431153,0.45415321226277394
0,0.3682086930115376,0.460337437661004
0,0.5018790310684256,0.45511874324936497
0,0.3740605480469338,0.4375372748923383
0,0.4699255215639089,0.43964600283299965
0,0.4876679247527328,0.4470459540722479
0,0.5185003143244038,0.4427305931980718
0,0.47773876862289366,0.44402750286647874
0,0.43628668183248004,0.4419495002776433
0,0.40144779521263135,0.4381478055068637
0,0.6393960288958721,0.4382272417804191
0,0.35783798466910904,0.4374515532447915
0,0.43163546586483326,0.4481569048743469
0,0.5679661846126384,0.4439949663342405
0,0.4212738115843022,0.4557032261416512
0,0.440094658523036,0.45657558673851606
0,0.3564764255432369,0.4511253445300769
0,0.6507398789512665,0.4718042516687553
0,0.4465074198613387,0.48926640470218263
0,0.4363101979160386,0.48444747671832167
0,0.5081461596419784,0.48471812665928315
0,0.5107463994973139,0.49648752840218313
0,0.3762252012538267,0.4985432289837198
1,0.7372714525146099,0.5028586593932818
0,0.46874854761249307,0.501657674512836
0,0.3948991360965105,0.49847412574146843
0,0.3566418507560966,0.47757003896349165
0,0.5046860306283611,0.47172642401398135
0,0.530398167403582,0.48255387876628775
0,0.3840931074786033,0.4836829247004516
0,0.4257716529087612,0.47154702594095554
0,0.3808853333701271,0.46832844690586883
0,0.5001074216003638,0.47940090245594935
0,0.43990027864856557,0.4795429727798327
0,0.47458245131360927,0.4817035255241514
0,0.38839322070830373,0.4756665194741484
0,0.4743292770973265,0.4830962633669922
0,0.557719103215889,0.4821926447006127
0,0.38451015786494297,0.48156549837706475
0,0.5053419366259783,0.4773660566468105
0,0.3659457152910182,0.48400297946172544
0,0.5125429013787559,0.483396883860851
0,0.457744033086798,0.49349633000587106
0,0.35355618854741605,0.4835666172325679
0,0.36282967887156337,0.49308593715238697
0,0.5248219779635076,0.49894341550171856
0,0.4317645840783824,0.4942767103908169
0,0.42001951184940434,0.4890196415541669
0,0.39275344874431334,0.4813027925465852
0,0.35318883141657026,0.49141582529001354
0,0.46009950505724373,0.47813211913527515
0,0.5523662207951151,0.47937759339987135
0,0.41295200282718264,0.49746891274231103
0,0.5083156947661926,0.5008179018464596
0,0.3457977881538186,0.5077617936730696
0,0.5475902735720247,0.4903576063011824
0,0.377763771858376,0.4905235189861205
0,0.5024847255321188,0.5031660101056417
0,0.4990819690192798,0.5078290907605088
0,0.4188080443967686,0.4862816266546631
0,0.5531427799704275,0.48992378094990996
0,0.460928929837992,0.4877134615557053
0,0.5334296753686795,0.48932966309911236
0,0.41437329484064,0.4894363240979021
0,0.43563552894121116,0.4887790335795859
0,0.38340627566332897,0.47130736245906446
0,0.3731649257533784,0.4771547545771965
0,0.4407392405906093,0.5025313993331443
0,0.4231795038791047,0.4944480282861436
0,0.5561527008562801,0.4942807881911021
0,0.4199218466363152,0.48070157706517286
0,0.6910746996489444,0.5214034231120305
0,0.37696659163736984,0.5205611971178166
0,0.4619252636046574,0.5208464610046355
0,0.3919827159851484,0.5027956944418077
0,0.36956700670862735,0.5120505175046809
0,0.49412204213408917,0.5077434107213797
0,0.5427975824104284,0.4973289148420608
0,0.36741188885306064,0.48557048106072037
0,0.3700273387671017,0.49621582145105253
0,0.4659937609398488,0.4973289148420608
0,0.546213295563993,0.5007867596266238
0,0.44148348987735153,0.46233619966210426
0,0.4534149050651277,0.44406194761288303
0,0.35427350046234996,0.4632385113796838
0,0.48765669187041866,0.4631914937788344
0,0.45490380002322944,0.47532859923449233
0,0.5199660325499724,0.45669829025393627
0,0.36246496503221537,0.45586135929663874
0,0.42351692084252485,0.4514967426343302
0,0.3505285392439603,0.4577634394637319
0,0.3521866022421394,0.47081332830080347
0,0.44993418448646333,0.4653626387082485
0,0.5204831455040557,0.4476358766323288
0,0.37858014891672687,0.4386247295710257
0,0.5326917964931069,0.4463869290347378
0,0.40283217469953675,0.43912578326178847
0,0.5008949254569977,0.43447758797481917
0,0.3406073255290978,0.43103400484809107
0,0.5484771672382002,0.45252215930755724
0,0.36608397761558215,0.4475931279272597
0,0.4890303969411529,0.4404006630046953
0,0.4879451154459404,0.4422440176728122
0,0.4950982987615617,0.4440989128728198
0,0.36390187657905615,0.4405854197956686
0,0.39971699694993384,0.4645341838372299
0,0.4113487317832451,0.4676342687514749
0,0.4868699980902341,0.479878401054965
0,0.3955173074472712,0.48387230964121025
0,0.42434422863884586,0.4762915351907347
0,0.3924077800776434,0.4763741435853231
0,0.4003004339579589,0.49017336907300535
0,0.41737037813011907,0.484949323036223
0,0.4258347895566431,0.4805747460237945
0,0.5442475659108869,0.486046742285198
0,0.48389589629319407,0.49689079042477696
0,0.531091345238813,0.4995376392907987
0,0.36937424383530193,0.517775438549691
0,0.5138259182998073,0.5042223692487757
0,0.39739042595867463,0.507686058634089
0,0.3606573934325505,0.507686058634089
0,0.49500470791281503,0.5041794382722309
0,0.5423792488576424,0.4878650207484734
0,0.36742702514753633,0.49433367723811633
0,0.3472610258069401,0.4909614098429634
0,0.448037697334876,0.49841548819977055
0,0.5468688955108063,0.4851352140010484
0,0.38627646282246836,0.4795665824767532
0,0.43676430760793244,0.4944076759743458
0,0.34201254981095786,0.4851352140010484
0,0.4892746190236895,0.48192931064075756
0,0.5301034336375239,0.4835867799957815
0,0.4164197169953237,0.5081341208701102
0,0.38472137383403066,0.5060956631541877
0,0.35749376247272463,0.49415768557869155
0,0.35746228960626236,0.4767449429642418
0,0.533031672448908,0.49215186551684587
0,0.3535278798789093,0.4760298191209929
0,0.5216098643473862,0.47805628618318596
0,0.4236602179557964,0.4815361953742707
0,0.3528400683417115,0.48181688641319026
0,0.35078476029788613,0.49358058525311255
0,0.5135566276512206,0.4823054420697598
0,0.5463578809119556,0.46990250023793584
0,0.4064372521774756,0.4654205087268571
0,0.43638903743942553,0.4656149635627237
0,0.4938880111392173,0.47728366873895023
0,0.3406419857368329,0.47964172768734925
0,0.551367593934628,0.4597725383466207
0,0.36451500287235983,0.4602490851337731
0,0.48729950243671943,0.47150276168761984
0,0.4882103812572739,0.4747531131109746
0,0.4405802500028718,0.48648818110010583
0,0.40978112807001726,0.4733838517531453
0,0.4893379666783685,0.4754878676483261
0,0.39514759159611207,0.47737303502142253
0,0.426892454870943,0.47737303502142253
0,0.3687083539546456,0.47861801078777105
0,0.4147628952001277,0.4748108164123614
0,0.427555743406179,0.4620200742134349
0,0.502575934122735,0.48508579293899834
0,0.5163530186181872,0.4926687192116254
0,0.3670257488568622,0.46656509878126157
0,0.4247632471912979,0.4622440354190771
0,0.5121594189994717,0.4727933591616819
0,0.3574051442923233,0.4418418872945473
0,0.3629817515485195,0.44014801743505716
0,0.49702745815465393,0.4399991435553831
0,0.5499186290987812,0.45162163349778
0,0.3666396659103054,0.4288297160055649
0,0.3471063081433923,0.42698897104232675
0,0.44783807992733093,0.42698897104232675
0,0.5505583455656584,0.4439553661141769
0,0.40918398542340423,0.4248350667520004
0,0.43723893175280687,0.425215267152251
0,0.33943567894240956,0.4280190190975719
0,0.4878476981267631,0.44542461341077255
0,0.4090056486231113,0.4566745185633597
0,0.48470168998418856,0.4331541398105755
0,0.4405220559792858,0.4360061447565383
0,0.3606313380847209,0.42826904755497586
0,0.42409379536236547,0.4274102613900296
0,0.38370631276461753,0.4326739853631404
0,0.35153735221790394,0.4284657554562373
0,0.350390501659604,0.43282777376992787
0,0.40207025588631384,0.4273347634025272
0,0.5096418960577538,0.4237239034989558
0,0.5452860823685528,0.42355172108735806
0,0.36997737613267623,0.4290669552824469
0,0.49216176277197443,0.4241893962124672
0,0.3406419857368329,0.42151482723278527
0,0.5558636728783486,0.4216671480864484
0,0.3643525979222463,0.4228211767561168
0,0.5023051956057816,0.4306804044312298
0,0.4856014635020996,0.4261362846394371
0,0.4576898169256469,0.43969172120065414
0,0.38318016476307054,0.4386592814114638
0,0.4545086987967019,0.43772374111962753
0,0.4931972788813121,0.44833974301739987
0,0.40697731816167754,0.4495026651172457
0,0.4501997571064884,0.45280075356793703
0,0.4126552189909487,0.46427704348942006
0,0.42162234041360874,0.4661230016824304
0,0.42828282549419916,0.4533109463318104
0,0.47941960882727125,0.4535119583002384
0,0.4874756797297265,0.4580053217704914
0,0.4337378334568371,0.46091502285271213
0,0.3744853438990982,0.47410232207994163
0,0.3905873770243173,0.47663400698737496
0,0.5094034138321053,0.46840288089678483
0,0.3678403244096469,0.4777484297632751
0,0.4995413832990949,0.49215320283056274
0,0.4916821822227299,0.4849920648686769
0,0.5526577550197831,0.4747489957086701
0,0.3666045145281382,0.46708382262028836
0,0.35695488972999223,0.46492780737045464
0,0.5451409514851965,0.45983307615002744
0,0.39204799653928185,0.43631014474436364
0,0.4486831742055997,0.4340576282718926
0,0.3685451454375492,0.43672688604428933
0,0.4492364667881837,0.41829892959647486
0,0.4871964041986959,0.4185956058492094
0,0.6064133945760686,0.41333639494956226
0,0.46041760495432543,0.4122181524835971
0,0.36020276813542035,0.3961960000156989
0,0.42924853280286107,0.39798928374126974
0,0.35194762742210106,0.39979559106494944
0,0.3997021256042046,0.4133341756893247
0,0.36576911747758123,0.4123856654684055
0,0.35330679941134097,0.4120043099800082
0,0.5159636206013389,0.4074421198908825
0,0.3628496425429886,0.4068378197082824
0,0.5567562312299548,0.4267517787059111
0,0.40511124457150394,0.47051354198283185
0,0.5060635361990771,0.47028829014328133
0,0.3623489295192921,0.4684530782086136
0,0.5306070568546692,0.4666572552119879
0,0.37407256238918696,0.45530634008760656
0,0.380190836136376,0.42867865000974714
0,0.4748115123506218,0.4209377117700331
0,0.47595656688878324,0.42156982968988554
0,0.5105160059059739,0.4328084181184662
0,0.4899308211874809,0.43199380031363094
0,0.43770730346112546,0.4160776415554293
0,0.6530950149040841,0.41396434768920176
0,0.39865243727533883,0.43315493190889737
0,0.3564634389594809,0.4478251650860027
0,0.41754700902654796,0.42737103782953595
0,0.4828545453696766,0.42868403611099537
0,0.4025249242778071,0.43121025333339524
0,0.430568361978885,0.43226207699123614
0,0.3909936437524955,0.4346329839587603
0,0.4213038897573964,0.44286771765413263
0,0.42634656983704106,0.44038258282011006
0,0.4801974958365284,0.43412313355577675
0,0.48787919433175164,0.4363140661892959
0,0.3699262983577071,0.4508512257400988
1,0.7376368940460925,0.44021585896393123
0,0.5315267055626198,0.433962948190321
0,0.40003058345643594,0.4301252353176189
0,0.354992335496126,0.41656232869959603
0,0.4936653354889854,0.41084408897595676
0,0.5438832075275032,0.4079097180189769
0,0.4012643005091687,0.4065118591946826
0,0.37147275926851714,0.40258172270118786
0,0.5049186068364702,0.4023462992929048
0,0.4884489728415931,0.4009818366980457
0,0.5200503295977583,0.3963304609640857
0,0.3753181244131833,0.38895896156104937
0,0.49846664568050175,0.3848232837830249
0,0.5625895707909713,0.3932151080664147
0,0.3957280558350884,0.36567851048810146
0,0.46199167351476716,0.3650580832914418
0,0.36292184299489033,0.3609620858833641
0,0.5115989430479935,0.36567851048810146
0,0.4808120199455169,0.36707904084182724
0,0.38499374224804334,0.36746863294201826
0,0.3506110196782463,0.36334201193562815
0,0.5313205043767728,0.36591917103707505
0,0.4271306848981126,0.366879841955153
0,0.42300407044755656,0.37081892459051075
0,0.35321961833125176,0.3709481783393439
0,0.3502952052225785,0.3747355285745983
0,0.38358459308638837,0.36749523780384447
0,0.529217622437974,0.37135703136643555
0,0.5436264877037063,0.37135703136643555
0,0.4074071700395848,0.3724310543226369
0,0.49888347242681536,0.37001786474795195
0,0.35879833993401156,0.36155092576047176
0,0.5506526030064215,0.3605801240288235
0,0.3800822823488323,0.3773159612095005
0,0.49154959984810115,0.37386455570768223
0,0.5092931775543091,0.3832436378767246
0,0.4129554189747279,0.3705087671184705
0,0.5485407189486283,0.37113040051137763
0,0.40943482701170353,0.3715413170364039
0,0.4800896878464255,0.3814451834152946
0,0.3947770516149081,0.38028676824736374
0,0.42710856483526144,0.3805939432721133
0,0.3833691328025555,0.3774509178690134
0,0.43081772244057503,0.3890840967484601
0,0.41289474864729014,0.3890840967484601
0,0.4255127033422109,0.3853136091497792
0,0.4964774845079813,0.39149369329836237
0,0.42013367992052547,0.3978823025191683
0,0.5126558307021283,0.3847832631731462
0,0.37055933075164527,0.39122694144636916
0,0.5324567636685484,0.37877291911031
0,0.4396249319628921,0.3707197780990063
0,0.35760832596053244,0.37273570177059645
0,0.5298203636859257,0.3762591274018572
0,0.5484134109707399,0.3763292926494658
0,0.4032729935614419,0.37645966967440664
0,0.36957234594463384,0.3727448848473138
0,0.3540820412018013,0.37455175166075194
0,0.46921668588379556,0.3703506742759632
0,0.5451580590620249,0.36955719736400267
0,0.4465798199755522,0.3685408545713914
0,0.44071575615205894,0.3690404208517389
0,0.35754310525845895,0.36955719736400267
0,0.4935016782659406,0.3756499525113689
0,0.4890302014442295,0.37379970025014186
0,0.3829419369640403,0.3685366124144508
0,0.4247099241681165,0.3716066996500148
0,0.352694700662468,0.37716369730396637
0,0.36085610979363564,0.3978206789523735
0,0.40990219210580053,0.3941850482963616
0,0.5315156096984585,0.38642244909417256
0,0.5372078810719499,0.38023388964433885
0,0.41390476882349736,0.40317366815481004
0,0.48902670689841093,0.40317366815481004
0,0.3547106868267989,0.386357377343205
0,0.5508805493727699,0.3959874276909937
0,0.3810362452249806,0.4000010738342991
0,0.47389156967686014,0.39420807837923616
0,0.4996811346231932,0.38826234348644195
0,0.37154972160709737,0.39488201707028114
0,0.41183877163898813,0.4404631567416425
0,0.4848848118377186,0.44400309760449475
0,0.40215810903046395,0.42927441187236376
0,0.4675613648096211,0.4063736569787578
0,0.3858963499311085,0.4149721773438879
0,0.4215720755536084,0.44223341393514015
0,0.40943523338044713,0.44593169127837773
0,0.425742856394979,0.4362686683742937
0,0.5503747020837575,0.42090908244538366
0,0.48722684775316477,0.4455776576492421
0,0.5293819367048246,0.43142154380737635
0,0.3694193557900458,0.4284851220563188
0,0.530156222528998,0.42821746805706035
0,0.3951373075765065,0.44083096178564635
0,0.36824986538774573,0.4457509415334316
0,0.4839042882054372,0.43486302122349785
0,0.5523655174195592,0.4422086180611902
0,0.3673821609187786,0.43720722756306835
0,0.3451394310847628,0.43309000609905196
0,0.451223312721308,0.43160597539790974
0,0.5436211943274027,0.4310169567058492
0,0.3811266573099345,0.42429675114891646
0,0.4286640335536185,0.4284377754767871
0,0.338433936389976,0.42306718811664207
0,0.5258514196043457,0.42528403321909947
0,0.5020797991735467,0.4189286066295935
0,0.41710423814926234,0.4253431337647815
0,0.3767592462353624,0.4303277482974782
0,0.3845518895753071,0.41064913965123667
0,0.3680158402304051,0.3975107489746619
0,0.5389064867670726,0.4048544042526149
0,0.36506339675278293,0.4041749620214268
0,0.5211400500913517,0.4004672739343897
0,0.5512701012922012,0.40758187031087695
0,0.4272987273365953,0.4189311849502611
0,0.42571123027642394,0.4234775467001211
0,0.3713064135062751,0.41252486022666424
0,0.36156126628142,0.4219219273227889
0,0.36335908691563346,0.42119366335466596
0,0.5307009034355917,0.4188093438803468
0,0.36425584466142213,0.4166883113237463
0,0.5373414489317958,0.41125638495756595
0,0.3744149484311823,0.40418563411598313
0,0.47973189054575316,0.4042227681468667
0,0.42203819557336064,0.39832176667573804
0,0.5540439940340081,0.40160939603983314
0,0.36626250550529116,0.414783104436083
0,0.48292579972283134,0.39575907487495265
0,0.49648197343164246,0.41174837557114735
0,0.41716448911226106,0.4041013822406811
0,0.4265281917214796,0.37783616222219496
0,0.47647607567020533,0.38475978067547467
0,0.3939780381894184,0.37955137815686496
0,0.42789122416259007,0.3785862159610966
0,0.4074567440588839,0.3726232171239086
0,0.4072516396746675,0.38580409816257266
0,0.42508475344243074,0.3809414101330534
0,0.4911582978907914,0.3850819974507887
0,0.5199741769595188,0.37885581594568346
0,0.36731213380744293,0.3818654293503502
0,0.39891998688044933,0.38634797491688244
0,0.5283171946681936,0.3719235014276358
0,0.3622460287628736,0.36670783695073206
0,0.46691882820952013,0.36670783695073206
0,0.4772213980557982,0.3660034116367251
0,0.5560464151986673,0.36622565130739565
0,0.366682088307901,0.3615342611631914
0,0.34432849150470485,0.3579791356402284
0,0.5494041529556015,0.3633741740403019
0,0.3732515324250898,0.3665551044210141
0,0.4275760194994054,0.3617421908645404
0,0.3393724576784407,0.3617421908645404
0,0.5244038958472438,0.36719384407148553
0,0.4672607960357657,0.3745448363601718
0,0.42049939256004637,0.3703948743125232
0,0.4301380791003417,0.36832518579078966
0,0.39375059382000593,0.36701403924025766
0,0.42531916575350687,0.3684237321354508
0,0.38368918188899886,0.3753469311267535
0,0.3573630762856396,0.3807365869248159
0,0.3617999877396791,0.3909235587868041
0,0.524943983771771,0.3823072609970545
0,0.5465764264962132,0.38760399058010475
0,0.3923612175227653,0.41176606394881254
0,0.471215518445302,0.41059076487422785
0,0.43830100479429285,0.43988970923576864
0,0.5541670454581832,0.4349395715559552
0,0.36595875070811607,0.42171860981128256
0,0.49091276907011616,0.41109934444875834
0,0.49690286729575495,0.41202596018086235
0,0.4643064623646233,0.4116009916910467
0,0.47540830571432047,0.4158021048455105
0,0.4511351393220667,0.42594116255651393
0,0.5146651796676259,0.431558150115596
0,0.45495756933166853,0.44004116628256873
0,0.4415466660056003,0.4279117891416917
0,0.3931701197178613,0.42071710090767833
0,0.47044529378666095,0.42146490801346603
0,0.4256392882014366,0.43819443906033545
0,0.4817992181939333,0.43546040431838795
0,0.48547287546918744,0.43153653851150564
0,0.47205545600750404,0.43436464473600206
0,0.4026216079058632,0.4446917331110279
0,0.38519417218609664,0.4445431937619743
0,0.5270812648134995,0.43035173465980747
0,0.3496181166591316,0.43920242044243935
0,0.3638534961248216,0.4553359489410786
0,0.48793249844294734,0.4536698262816247
0,0.5417031234194306,0.4547648843788524
0,0.39256440392171044,0.46662809408654266
0,0.3496037250247545,0.4629410772160642
0,0.4662517769173606,0.45764207001735535
0,0.5541980937891567,0.4520716683068676
0,0.4435496961187142,0.44450285470377165
0,0.4333173289870647,0.45059847217696164
0,0.34338632299465766,0.44626055605836
0,0.48346796171514916,0.4388467127250977
0,0.5242261766713857,0.43239186715500755
0,0.5969088290946213,0.42578072824503305
0,0.3858174930864749,0.4121377977626842
0,0.4311010364191021,0.41997634928278016
0,0.36020428524445514,0.42757497995677024
0,0.3671112521878456,0.42100998422320973
0,0.3702876879546918,0.4210894653034108
0,0.41771023708626265,0.43103006439666963
0,0.4615701373226642,0.42391603229171676
0,0.3596923588436473,0.418873304920918
0,0.36539658762665933,0.43078823241332054
0,0.5336457366561115,0.4332488924864618
0,0.5730969358908367,0.4533595627428494
0,0.4330451283505002,0.48670917333482644
0,0.4003442515151225,0.4949486665111271
0,0.4856768674303233,0.4917590738537517
0,0.4346652102310592,0.46802669647969164
0,0.5515333885234225,0.45573404912242865
0,0.39092766120209427,0.448911306019783
0,0.37576863671279476,0.437313610066127
0,0.4697855030495277,0.4351806114115668
0,0.4920217721079717,0.4284242979256413
0,0.5026848104854322,0.4375523815367512
0,0.49379662169253985,0.4396667816673557
0,0.43553724531479715,0.4366555344954728
0,0.39489838300582797,0.4280194361569294
0,0.6338654073936256,0.42034888896067774
0,0.3553948810782615,0.4162411871466645
0,0.4294137218531216,0.4129981215063157
0,0.48301472329288575,0.43245959409173845
0,0.3997275002304614,0.4294487394410453
0,0.4301001956865363,0.4213337035889704
0,0.3726524196312037,0.4166305500016279
0,0.4697356561329294,0.4301415492934319
0,0.4249666813583576,0.42482496927987723
0,0.4719709734340501,0.4226337118585503
0,0.48766544648861326,0.42591327831845993
0,0.38424828827635193,0.436180633428402
1,0.7394552883682861,0.4245973351739783
0,0.5307814328846749,0.4136140049232173
0,0.39183609410244624,0.4195734955153958
0,0.37106721435883777,0.42387470511066383
0,0.4772463854290414,0.41638935032353125
0,0.5595839704394818,0.4155247464779006
0,0.4127405124659694,0.4141139121642813
0,0.37110057701940014,0.4234932954461478
0,0.5015777670818397,0.42143814172662997
0,0.5207674913078615,0.41841240364840004
0,0.506055759073932,0.4171184146979288
0,0.3656466172405494,0.4152198874775071
0,0.4665421879362763,0.4117722698213739
0,0.5700741513903393,0.4158536555366702
0,0.3978984486272545,0.4192157995184869
0,0.4492154360767313,0.41629835804907883
0,0.3584975423246868,0.4158536555366702
0,0.5439713448787723,0.42769188499098404
0,0.479482509803779,0.42290330193475373
0,0.4387538189853292,0.41713373031239787
0,0.3679092798584935,0.4343567259956998
0,0.38336947768886437,0.4394982115076306
0,0.5509571431354827,0.44706539397954015
0,0.42116628018891883,0.434605579225852
0,0.42047204310016645,0.437440256045001
0,0.3591352160101195,0.43414785655914173
0,0.3548797246964919,0.45603993957300026
0,0.5300244039468182,0.4618000231654309
0,0.3656304826954189,0.4463144900093866
0,0.555826610293841,0.4464226996842454
0,0.3869619321418121,0.42648658523130195
0,0.4819233573390603,0.4335422718090175
0,0.4367105821106692,0.4551962446003408
0,0.5525689715978516,0.42961693489721664
0,0.38205045695955026,0.4506356593618537
0,0.49559371213002135,0.44007509672966166
0,0.5123260993770065,0.45886968738951833
0,0.4439062248401083,0.427439467736465
0,0.5277647114213615,0.42105248461052724
0,0.4281298109503124,0.42475691451661796
0,0.5131243007189703,0.4217308951102456
0,0.4345821026556532,0.42159457047490584
0,0.46849023144431556,0.42159457047490584
0,0.3632493777769588,0.41967440111167487
0,0.4027140212973511,0.41693923174172287
0,0.4253788612406567,0.4405110639137201
0,0.4234092910195608,0.44019869168912373
0,0.48133475221862887,0.4413020244560281
0,0.4212041230258449,0.4296109357743335
0,0.5136166038529604,0.44350052983169286
0,0.3805686066536974,0.44481452557909007
0,0.5309042509248353,0.44714442477459815
0,0.39531484372235803,0.42664503685434496
0,0.373091659423773,0.43869737458791963
0,0.4775191151329785,0.4397035500437803
0,0.5493441202924897,0.4398340442542675
0,0.36503136550990856,0.4201554782646524
0,0.3511829045512155,0.4364866332991282
0,0.4620743553074147,0.4382177449549559
0,0.5529172688644852,0.43923097088541485
0,0.3966665946765238,0.4395858783745874
0,0.4354489341077214,0.43877794652849433
0,0.3466058427099643,0.44025604107232613
0,0.5320198359149363,0.4411865485845495
0,0.4718984525092861,0.44197210908757895
0,0.3730830603596304,0.43156923374596406
0,0.3625195896182277,0.4437901833019894
0,0.4231196595725963,0.44400414388725806
0,0.3560907837336868,0.4515158924544104
0,0.35335624320072917,0.4839504589511331
0,0.3661513051861294,0.4756434641207422
0,0.5270535504317777,0.47656302232735714
0,0.5484465110301568,0.47521570743716507
0,0.37389189350367574,0.45212090310149444
0,0.4337778920880473,0.43851141420247375
0,0.43079636157278756,0.43604057330053975
0,0.5648572098812571,0.4335450357907461
0,0.5679325640121868,0.43639830808094104
0,0.37935480421406303,0.43192773491656017
0,0.4745205326807923,0.4321739571332917
0,0.49658438796279825,0.43367692444340816
0,0.3639516529320359,0.4283048049276856
0,0.46290664931406994,0.42087681672002997
0,0.3501877972951836,0.4312244608794996
0,0.4943481837702193,0.42737598395026566
0,0.4459127819010577,0.4282774941643112
0,0.35613206521645563,0.4346785741194441
0,0.4394660259372549,0.4361688660984511
0,0.5135590014862679,0.4478646726059193
0,0.4348029519877593,0.4457017689157503
0,0.4680710100754594,0.4373307142457555
0,0.35318367783101856,0.4312100592549818
0,0.444260087025873,0.4439850299520779
0,0.4288762937788165,0.4394258628843865
0,0.4232317599084811,0.44953756493627195
0,0.5504296276061409,0.5006356763204561
0,0.4886852789027214,0.48960629593312094
0,0.5292089100363204,0.4866142933645974
0,0.39393755884543735,0.4867789394981618
0,0.5273630032768497,0.5029756946793498
0,0.3957405954008908,0.49123241924222333
0,0.36194289174688044,0.47996161034144785
0,0.5287948211359277,0.4792638532562822
0,0.5598086531723093,0.46243033301634506
0,0.3637882588998736,0.4549992436150785
0,0.37532503550851615,0.4568833455286179
0,0.3424271649926242,0.46192867455557474
0,0.45680119341261116,0.4641621988778073
0,0.5508212462859726,0.47064993517430626
0,0.4134211790004386,0.45497797870438383
0,0.42743678836983606,0.4665364409863119
0,0.3392195517703072,0.4623996992376794
0,0.48888208708378755,0.467756924195984
0,0.5177921765365125,0.4540298129118564
0,0.40326865432442016,0.47125486462505944
0,0.3927528410411045,0.4784101582177544
0,0.3558681950686759,0.5026525574877504
0,0.360895665734654,0.5094444083487801
0,0.5389064867670726,0.5075577070603091
0,0.40738117797511186,0.5372442648226997
0,0.5584975618169102,0.5291492767533208
0,0.42099686782705953,0.5203547857896373
0,0.35650660623483205,0.5160991513228435
0,0.3816497848066139,0.5383998227005525
0,0.5267340278746088,0.5491380828179138
0,0.5486320781183812,0.5293829914703306
0,0.41219110153042743,0.5293829914703306
0,0.4316552866803391,0.5196943247090072
0,0.49511293194559797,0.5144462629407515
0,0.44113911667414124,0.5126800208046708
0,0.5640332488224798,0.5196943247090072
0,0.36143700705613735,0.5144157263635045
0,0.471248578305571,0.513032550929972
0,0.5044969277380528,0.5144157263635045
0,0.4151618026092921,0.4396660178905991
0,0.5147626264511148,0.43235325075917963
0,0.4400059025743722,0.44629647088837404
0,0.4699936953957661,0.45819285153132716
0,0.39430046194141266,0.45913804394978686
0,0.4317190103944688,0.45325513036930926
0,0.4228979855694644,0.4611424367976944
0,0.49042894753458144,0.46541911182056245
0,0.5172478293565104,0.46616608157591277
0,0.3931484313348149,0.4539149731234176
0,0.3989083334416107,0.4520072958478459
0,0.5297694823093416,0.4592790668442959
0,0.3649955560007545,0.4626260167999454
0,0.462944145333596,0.4657366705041804
0,0.4999766634808797,0.47640548835770474
0,0.5576008201715695,0.4764209069016399
0,0.39453534350863256,0.48881281272499727
0,0.34414310900843925,0.485958025875455
0,0.5498352313215051,0.4860170114805393
0,0.3835027166772857,0.4860170114805393
0,0.4457854143548719,0.49013661755516164
0,0.33902350612423937,0.48700363322413515
0,0.4930349778564465,0.48811189549169254
0,0.4658085235853397,0.49025359335852947
0,0.4488878548736136,0.48506390643774566
0,0.4305114060259923,0.48404140537168705
0,0.37845224109652154,0.48820530230259807
0,0.42404913048807746,0.47979581411631383
0,0.4042095771755919,0.46994578977994167
0,0.35689863413444806,0.47321582421346314
0,0.3702682911409842,0.4774185669002717
0,0.37710243565051726,0.4735653666911264
0,0.5267501760540292,0.4442187254329082
0,0.3784958306502406,0.40557694905721714
0,0.540551492475059,0.3965540688672791
0,0.3976272956409279,0.39552873501102376
0,0.4918940069087788,0.39405516261423423
0,0.43213208116305485,0.41309613178644883
0,0.5691931141408794,0.3822368731700151
0,0.38166850232663935,0.3822368731700151
0,0.4881484170128518,0.37901675530241485
0,0.5008500391796841,0.39831847672687737
0,0.46179557106822944,0.38911382239662956
0,0.4328260870945809,0.38950629093253364
0,0.45995678596916817,0.3947718576048511
0,0.5286687103902874,0.3922301829109711
0,0.4705946494429752,0.38974981606317255
0,0.47790444089109274,0.38641657659925327
0,0.379914055529783,0.38335941398801493
0,0.4524312871653767,0.3924009975508644
0,0.4249666813583576,0.38526345096860165
0,0.47213948069166556,0.3864028743634373
0,0.4812600099246838,0.38737566922996663
0,0.45127351958674683,0.40471235198613936
0,0.4065135837799685,0.4011600186642174
0,0.5290177068300376,0.4108632675014415
0,0.4087992368572269,0.4112804558598198
0,0.37820474786920033,0.4045521954069198
0,0.49920219884626305,0.4014854020387061
0,0.5523813198166986,0.3981097653792731
0,0.4076467677024059,0.4037765431686062
0,0.3692530053693449,0.39136255879630955
0,0.4736713512661217,0.3910833124607949
0,0.5943999206366413,0.38736026045588245
0,0.4446258007775678,0.39618270807187544
0,0.4401539040496571,0.38775832663578796
0,0.36159958996409003,0.39671063712228466
0,0.4924038728976319,0.3956088308483227
0,0.48808355286747024,0.4025263735840835
0,0.5762223027326749,0.37510392805626125
0,0.37709179166198875,0.3809254830722948
0,0.43047657075204904,0.385102583843254
0,0.36706949998919397,0.39414323699654785
0,0.4526464318721784,0.4001797328591577
0,0.35851710759042915,0.40727534913806585
0,0.38453334163722264,0.44930361907265287
0,0.6282551702580745,0.45858827370165606
0,0.5293384987221857,0.4480774954504398
0,0.6108729108578131,0.4737175531763677
0,0.42507546943152935,0.48643755762801355
0,0.5098274425632124,0.45531468586671137
0,0.4378912406024262,0.4440411324348437
0,0.5357328859920006,0.4447721426110197
0,0.3933137258424302,0.4629845580610716
0,0.37495278455662506,0.45914184779994294
0,0.4699255215639089,0.4474806925774257
0,0.5013542546255164,0.42871062465467435
0,0.5067067091463956,0.4577547079344554
0,0.5007159863700248,0.4523471914335293
0,0.43791454268569435,0.43843390408304606
0,0.3992996288174377,0.4261239834876747
0,0.4613065123895137,0.4208808295943737
0,0.6318075771589445,0.40341458122242146
0,0.35515632083771353,0.40099521731263993
0,0.41869072180499234,0.4201370407037493
0,0.5098650634547234,0.43297671648773284
0,0.43586258859725263,0.4171282610823397
0,0.470084361384443,0.41867530331582226
0,0.38875195208142055,0.41433549273008496
0,0.4273580456395242,0.41966820121316945
0,0.42369877104856374,0.42038202168218375
0,0.47215016634476215,0.42176482730120757
0,0.4805234619927468,0.41808977938088265
0,0.4008568671501899,0.4183688988651825
1,0.7360254371696887,0.4130221574229612
0,0.5349190424654616,0.414177508266072
0,0.37093173438070887,0.4069386586163053
0,0.3800259573276513,0.4195424603908589
0,0.4910638266803108,0.42081258448040193
0,0.5420479367904275,0.42397913814015487
0,0.3611969451408087,0.4417856398600489
0,0.37362000142201757,0.43383126239374176
0,0.3785413842771141,0.4240043682233826
0,0.5151949090722836,0.42679282480875413
0,0.5057364422771,0.4224896057010859
0,0.48059079012844436,0.43189530101311224
0,0.3723497020409076,0.42982333415822493
0,0.45890140453424016,0.41984945568429766
0,0.6074692148475831,0.4285949170012634
0,0.40813410085946294,0.4343635066331486
0,0.44048497909394485,0.43342582452170286
0,0.36016277526575025,0.4252607474164578
0,0.5166086389402177,0.42219090343576926
0,0.4736072394851392,0.43602431043865225
0,0.39854189744399515,0.4521037939384641
0,0.38328200384867506,0.45573465165405064
0,0.5252036015359627,0.45958402335558685
0,0.4230878847821054,0.4418670787592941
0,0.4254289040362474,0.4598401433647249
0,0.3970393245916625,0.4865340367821008
0,0.3870306632407058,0.48615394786362925
0,0.40072195984904213,0.4803482288162435
0,0.48535509933069293,0.4403872355746608
0,0.5332758111663144,0.4489746120154237
0,0.6032174152032349,0.46022291074367133
0,0.38919046855897094,0.4451093502074472
0,0.5210487206819403,0.45287671098709853
0,0.4497584100118804,0.43400768233081594
0,0.5418480456797866,0.4488552794592597
0,0.3731677618872591,0.4489250786298075
0,0.507787062045495,0.43678562505936924
0,0.5112180526441951,0.44507813640607596
0,0.42558765929912584,0.4202931849882613
0,0.5468570616388749,0.42974914069706877
0,0.41523259679366925,0.40359558395934725
0,0.47985709133839605,0.4109490150924496
0,0.3931773449257437,0.401605111847498
0,0.43148330346301456,0.3988525676698016
0,0.3902921202698574,0.39085667191002144
0,0.4262915124293424,0.4002606329121786
0,0.4264118799502983,0.3929476272452209
0,0.4314598571791805,0.39046680660212063
0,0.4684459316439857,0.3903381331910088
0,0.4212041230258449,0.39290905730446063
0,0.6645419153124229,0.4060428884987497
0,0.4010977410296171,0.4047383249169181
0,0.5193488194975466,0.4073052093443975
0,0.3989983998256449,0.40496671628980535
0,0.37273055397856597,0.4065395642278426
0,0.5087981010295317,0.4047768824242135
0,0.5334598586998088,0.40356553752328467
0,0.3714652297519888,0.4020894379102942
0,0.3546449068656573,0.39957092140496303
0,0.4508708053694519,0.3945975130780627
0,0.5951015711366167,0.40041453825984624
0,0.376306377059025,0.41451884597605654
0,0.4255808545984585,0.4019684508964915
0,0.3466961046718472,0.39884050534236665
0,0.5053882883983537,0.3998413424610892
0,0.47068580375532737,0.41552869505480156
0,0.5127603536022283,0.3983052150537979
0,0.40538231882326164,0.39753280388376716
0,0.42483564145773034,0.4071525971696885
0,0.37598933716666877,0.41266714722397846
0,0.3999084853412004,0.43251962935029814
0,0.6413077650851101,0.4414634637802524
0,0.5109496436512332,0.44358586403420575
0,0.3775328423494115,0.4403031471527198
0,0.59968703657703,0.45010512495426697
0,0.3917913894087315,0.444393150669023
0,0.4995895889737112,0.4423882203976321
0,0.3781442243672885,0.43696455979111054
0,0.5431107840954525,0.44315140363347705
0,0.3639903271789923,0.4314127158569462
0,0.4803825963574873,0.4323876995199857
0,0.511452423743264,0.4294031125995285
0,0.3519614562581355,0.4267529742780801
0,0.4285522555919487,0.4209298849154768
0,0.415710741048903,0.42312912125785407
0,0.4786773723275846,0.44623685824960174
0,0.39138998079713516,0.44894251792420503
0,0.43133736030104036,0.45067740879760493
0,0.4243542761562024,0.4426694028979555
0,0.45363613523746116,0.4542603916604069
0,0.4244642822127366,0.45923028872296734
0,0.4322316313871641,0.4510523329675096
0,0.5789848340075102,0.44614503691635743
0,0.48116787763708685,0.463709078990356
0,0.5292089100363204,0.4614372642090455
0,0.40187216205347537,0.4619208640812843
0,0.5112202670222007,0.47485207198262835
0,0.39950359294297355,0.4704506511409515
0,0.36711195397771257,0.46981448071727006
0,0.49675281948656486,0.4611529508955929
0,0.5338770579959944,0.46063946845377646
0,0.36128649046175215,0.4587894885438123
0,0.3425105457645855,0.4571967258022594
0,0.4092621164722146,0.4575283442079148
0,0.5989045392158192,0.458635853410556
0,0.4511167880627083,0.4462413029424596
0,0.4183756763034466,0.4559557392544307
0,0.3391938342746421,0.458635853410556
0,0.5087833331849708,0.44639228885916626
0,0.5296090419006141,0.444984685094545
0,0.4272963642726338,0.46429146763184587
0,0.39366384424626694,0.468534213937501
0,0.4040564778739373,0.4483847275253081
0,0.413107686067405,0.43999374938986374
0,0.5394796836190607,0.4559613387557164
0,0.4136470461088868,0.456448767827679
0,0.4965394590125277,0.4706866814208759
0,0.5210615388328919,0.4754184874826829
0,0.42924430721286877,0.47308017895558646
0,0.4232146634945646,0.47255574651401644
0,0.3551755855364666,0.4800088406458623
0,0.40429552995973717,0.4689492044780414
0,0.48070327870724444,0.4618424591127766
0,0.5189219883838336,0.45827884838103816
0,0.6075681242270634,0.47192605462828185
0,0.41516821529849435,0.47644689126895495
0,0.4315058308892426,0.46537501499172973
0,0.4983785771820113,0.46882250065526665
0,0.3479897018507968,0.46583576852972375
0,0.5367953799044408,0.4740527375152255
0,0.36445826826858563,0.47086202291804646
0,0.47644706497194184,0.4672452359361015
0,0.5096456053786652,0.4674033285416256
0,0.4275701847440362,0.49241441206613873
0,0.41334104215814205,0.44117597031382033
0,0.47971311618337165,0.4377675467044783
0,0.3918695869505524,0.4377675467044783
0,0.43152962274923273,0.4462408052287484
0,0.4071627073718505,0.43391520514813287
0,0.4278012954045935,0.4307241690782955
0,0.4306476169305645,0.43700269755614063
0,0.46063672689943425,0.44082976688960174
0,0.5124906239500718,0.4411281271990251
0,0.41182165405082954,0.42017493085405894
0,0.39845012116487305,0.43874265716894617
0,0.5181174436539304,0.44080991400930836
0,0.3625801997622687,0.4196381906880907
0,0.3676844901282932,0.4176708124776216
0,0.489583305239731,0.4328622670988959
0,0.5381514550257099,0.4409011845356441
0,0.36484051342386337,0.42344320131875424
0,0.34246635562682876,0.43844535782687966
0,0.41582163884534373,0.442338745896634
0,0.5991637899018865,0.4455644455520697
0,0.3878848575738816,0.4455644455520697
0,0.41243421647379425,0.41969102971968625
0,0.34034917763651223,0.43577099047957957
0,0.5102053426331763,0.44149820379511745
0,0.4571165759000441,0.4413058186260616
0,0.4833351662054577,0.42850120249033846
0,0.421258549653812,0.458912128418938
0,0.38024505091618727,0.44500112603425523
0,0.4275479059454666,0.44031344263412536
0,0.39297628748650004,0.43215955276152895
0,0.3542763647223856,0.4351676892712848
0,0.3532120320584936,0.43189594750707055
0,0.5140348810637199,0.4181937114693117
0,0.6006240759922975,0.41892845641392373
0,0.3932232591894808,0.4324169524636759
0,0.47840868636281864,0.41711108550881415
0,0.3459383200889419,0.43663014440658804
0,0.5459086734126347,0.4164307411203027
0,0.3626628717996672,0.4036442281604908
0,0.49123765560830557,0.39973527447713203
0,0.5085099535086394,0.4168038737770908
0,0.48033337984957153,0.42093974704954856
0,0.3881275468991844,0.4109504477731806
0,0.4365476449627398,0.41548744616175015
0,0.5028615550905027,0.4164795339580056
0,0.45328823201204266,0.4194773776207449
0,0.4723524813449871,0.4098676038147128
0,0.39098297581832503,0.40514562086311434
0,0.4515225638826208,0.40166705381863055
0,0.4314663195928414,0.3905466065237612
0,0.47926533939495397,0.3997529386070983
0,0.47658203191976833,0.40279870791725575
0,0.40966152350046975,0.40771797039361374
0,0.4123256512822213,0.41189065584603585
0,0.3678019858264284,0.42299359900179295
0,0.5143827877108836,0.4271785795370147
0,0.3696274103585501,0.42525310596943827
0,0.4336193185570394,0.42363835536069405
0,0.4829422415597524,0.4109582903518458
0,0.5296729298495761,0.40216175684567135
0,0.3631497923934378,0.40176192975661507
0,0.34675035124796566,0.4003950397560772
0,0.5945495529772999,0.4003950397560772
0,0.4025835419722067,0.39357571487357285
0,0.41480647052430125,0.3939762413997837
0,0.3630424567051851,0.39357571487357285
0,0.4941610437904236,0.39375278591866975
0,0.503035305709585,0.39743474449447996
0,0.6036560324430679,0.399986410144522
0,0.37182030046900266,0.39157947031094636
0,0.42929782534379934,0.39032721860204006
0,0.3578614455401181,0.3890018640621628
0,0.4670458023648501,0.3901774794042908
0,0.3600810185574,0.3987108390557468
0,0.36217616799416663,0.4122134336698774
0,0.5126641340419478,0.41358868731041615
0,0.366036148869809,0.40966927524689883
0,0.6146810484724177,0.4362089286223434
0,0.37135476727954103,0.46769360038208035
0,0.5168691110457427,0.4692733743368541
0,0.4869965490030877,0.4382949679216912
0,0.34836184364221956,0.41462774128297075
0,0.5364784260875798,0.4241701088936873
0,0.3798597111847074,0.42384701894876703
0,0.382142020808673,0.4088418286010933
0,0.47043311059657844,0.4091289963913039
0,0.49538649521517136,0.3962144015026649
0,0.5014727944187708,0.4221310177069298
0,0.5023785921066857,0.41693121734741995
0,0.43854396886416375,0.40493670952940214
0,0.38901825151288183,0.3928596525952746
0,0.651944109272849,0.3919556787352862
0,0.3572861300176511,0.3906239521899904
0,0.42353005101429586,0.41019730174260827
0,0.4767693369702114,0.42504162719711835
0,0.39412934105223335,0.4195888869480155
0,0.4383985756659711,0.41951783271201776
0,0.42233937811546385,0.4217563823321737
0,0.4685846319059641,0.42935043886369395
0,0.4262908555264738,0.4327690430103188
0,0.4326379287910888,0.4327690430103188
0,0.4508079105765342,0.4378315901452535
0,0.4777357052906653,0.4397688133909128
0,0.4133372393303302,0.43630271665178194
1,0.7362744716598125,0.43233080930374146
0,0.5125291296774038,0.4256047961968728
0,0.38885758443049223,0.4232004622579208
0,0.37387571518471213,0.3971019978504761
0,0.4880219905842686,0.3927451482416447
0,0.5310027157802003,0.390003154609215
0,0.4112929382665079,0.39296656693463666
0,0.3783818618435966,0.3899635839876053
0,0.5171232695674233,0.38747100476685786
0,0.5118990216276091,0.38859615826813765
0,0.4987694150726931,0.39993401490065716
0,0.36694473589050985,0.3858763848480236
0,0.43668422072139507,0.37213070263313874
0,0.6106956287326903,0.3741430803460313
0,0.4075720923317555,0.3767083497879251
0,0.43711371448033254,0.37504564546698294
0,0.3655787348318261,0.37504564546698294
0,0.5221798827904155,0.3759867725545549
0,0.46252580189224385,0.3791152950305937
0,0.3825750713125431,0.38311421602656914
0,0.35476759760230947,0.3837751431100075
0,0.539640206737184,0.3910718323676911
0,0.4151365523162442,0.386833712977386
0,0.4293566875559034,0.38719351626634824
0,0.3845232074923504,0.390266819603988
0,0.3518571584654715,0.3993600679148301
0,0.5214004651596513,0.39891847019682386
0,0.6061594368382099,0.38946678551001307
0,0.41689670094289066,0.392202554088431
0,0.49355329564829303,0.39007454119746554
0,0.37005015821997356,0.38128526015832304
0,0.5140447807630782,0.3981096176269097
0,0.3684990548606994,0.3996933181371868
0,0.4908160520576827,0.3675160961979513
0,0.5195266922494459,0.3675160961979513
0,0.3570493117481444,0.38829348529580016
0,0.45732499375239155,0.36757832269580243
0,0.47953690790368847,0.3717554135329231
0,0.4216147582852941,0.3710219547357977
0,0.5032212145322772,0.37630630587571456
0,0.4305475777895832,0.3719237028275074
0,0.4712424422773476,0.3747422662859883
0,0.38413812555847304,0.3735649566336852
0,0.4589795211440954,0.38209130013964904
0,0.42629614422942347,0.37584305186888184
0,0.4350199793412019,0.37083283092276964
0,0.48584851660269973,0.40115867560500673
0,0.4220678560912117,0.38465704228656156
0,0.4841218834569324,0.38369221938052184
0,0.41220276759643215,0.38369221938052184
0,0.5183103304042371,0.39301131684907015
0,0.36561126777011627,0.37713101688514167
0,0.35989230188869065,0.3779389789382096
0,0.5021623406077512,0.37713171662432327
0,0.5256765972032837,0.38813682743680694
0,0.3746506157575158,0.3696996373567152
0,0.37442260249044557,0.3661365081497095
0,0.349970977668658,0.36541206999841525
0,0.41092044677912853,0.3823410079389145
0,0.6012411779448451,0.3870470291800781
0,0.3925171838768114,0.369180037860213
0,0.420228735833979,0.3661365081497095
0,0.3533265367289986,0.3816969053597148
0,0.5112979766294015,0.38503797756743485
0,0.49681959145708776,0.36996934475369403
0,0.6318459196488708,0.39222637716769104
0,0.360361567042225,0.3918565084269106
0,0.42694489617798087,0.3986074254672954
0,0.6719054570389678,0.4579609842095127
0,0.3645655171174289,0.4632923263951289
0,0.3511801480721094,0.48525088158800633
0,0.49204862011779366,0.4687648856042283
0,0.5137110947495052,0.45732007541117886
0,0.6064476913457231,0.45578786056139187
0,0.40188226112102865,0.4637990415034694
0,0.4901724287368706,0.45664455879732746
0,0.4348825883967733,0.44309444189882446
0,0.35300907808175147,0.45011548374864996
0,0.5891645857263667,0.45741752494335375
0,0.5385270352568634,0.44491693855187014
0,0.36204059738793803,0.44148256343594244
0,0.4804288599767278,0.44001245552779067
0,0.36548568443143165,0.43402422865042084
0,0.5032632990709162,0.44988577917530204
0,0.6362441308903387,0.44693417960771
0,0.452729592686937,0.4471382960201083
0,0.4806557455162937,0.45225250460843264
0,0.39426155257902223,0.45376875558332264
0,0.4359463322337407,0.4568103643317914
0,0.45682890255646325,0.46260355693439237
0,0.4777813297809178,0.46796048736302287
0,0.4277108286916912,0.47201200708990415
0,0.4348401875889847,0.47201200708990415
0,0.6273246970921731,0.4805311363584971
0,0.35147329570179076,0.4568675310184613
0,0.411786035578276,0.4479949036983543
0,0.514421326540531,0.45383680550100153
0,0.38704093704335124,0.44907425331804474
0,0.37339262055074257,0.44705008673745406
0,0.5583534230020529,0.4416588294607016
0,0.5333056500435817,0.4375494068782335
0,0.3610569669299258,0.4352616925530824
0,0.3387235983009396,0.43715980840187074
0,0.4161851453791544,0.4379808341560295
0,0.602409509022421,0.4397914356938464
0,0.44365232075000566,0.43554225955416975
0,0.4129957587678432,0.4379509009138438
0,0.34212479117297157,0.4397914356938464
0,0.509955707467579,0.44459722377966926
0,0.5244192825256525,0.44585849513371667
0,0.5757266945362987,0.44026218967505154
0,0.5364207327557343,0.4487674204344031
0,0.3493176804104486,0.4435830080842888
0,0.3550351360096498,0.45285218724491605
0,0.5376128108453898,0.4608150940344734
0,0.35597297578494064,0.47876069778434704
0,0.43129808093227534,0.48159968440504464
0,0.3976876465392288,0.4889409680968983
0,0.5543721017930022,0.4874866279301309
0,0.4268303674579702,0.4936587410231899
0,0.3530080526452868,0.501232201144469
0,0.3517056825735722,0.5134310759965613
0,0.515146260845398,0.515131089009528
0,0.3686214890226459,0.47737739031574766
0,0.5976049253500081,0.4721142431506948
0,0.4077486832233367,0.4876213139061967
0,0.4299735963508861,0.48929277278346456
0,0.518210861367482,0.4784354959412654
0,0.3465797917185899,0.47271898378150873
0,0.5339551643147562,0.4548192902772068
0,0.36353788768753953,0.4715845458537022
0,0.47283744050914445,0.46537025616356364
0,0.518894166919933,0.47957668882276644
0,0.4573472237170485,0.4579760468882993
0,0.49868048715939967,0.4507559879754221
0,0.43270169547800935,0.4507559879754221
0,0.4717209393259824,0.45203226190798135
0,0.36916199939326605,0.44410114865549927
0,0.4291503358061907,0.4429082187394371
0,0.4315416262193662,0.46092758206490336
0,0.5457170714465565,0.46989873105805924
0,0.5150356231264953,0.46989873105805924
0,0.42159664408420217,0.4424977528725667
0,0.39001763831207653,0.459348127827288
0,0.5143827877108836,0.47007721308040074
0,0.36827565553395275,0.4431813531957611
0,0.430699839162786,0.4422644059832461
0,0.5185502711177381,0.46094514324710034
0,0.5382989243408138,0.47505377938453636
0,0.35982124355184397,0.45242036762470667
0,0.33876730549209705,0.45242036762470667
0,0.5978445104081659,0.4690937882796516
0,0.3817486607266711,0.4846883354439079
0,0.4091848269178188,0.4635596024612708
0,0.3425380132621643,0.45351176518162134
0,0.5188129066300808,0.47022540801016943
0,0.4672607960357657,0.48403660490216127
0,0.44010249330637824,0.45522967330417846
0,0.41778332744168367,0.46169348520156606
0,0.36925502531276444,0.46958504530708917
0,0.43056939295248203,0.4698072998728081
0,0.3865363972750965,0.46718363531883583
0,0.35763111459264507,0.4554937091364798
0,0.34850148702718603,0.47848923955208034
0,0.4849889890915465,0.4691737401155577
0,0.516208013804682,0.44418253572719535
0,0.5982315459334928,0.44774697505575844
0,0.371670894856926,0.4345814034353499
0,0.530445424920738,0.43734769566771037
0,0.34568358454244064,0.45863454937454845
0,0.5374940728728677,0.43512392120920024
0,0.37231024676100044,0.43512392120920024
0,0.49117442432876995,0.43818303592736485
0,0.5168393373650505,0.45492975338489633
0,0.46026082392703166,0.4423457210463858
0,0.38642336078818773,0.44599872264031765
0,0.46111493874330883,0.44242496913654367
0,0.520846539355001,0.45124298481053826
0,0.44271372541444054,0.4481958037186253
0,0.4746132165989484,0.44969691438040255
0,0.4340466539835589,0.43983783652209574
0,0.47957010242041415,0.44811771011322266
0,0.434982628947234,0.43901550327985184
0,0.4996486613063666,0.43959823449767643
0,0.45706435201485013,0.43841214740877443
0,0.6459323076377167,0.44956908861667566
0,0.444132861485962,0.44748383163393585
0,0.4234728476443025,0.45152304123618064
0,0.5125467480858483,0.4473535777850127
0,0.40656415990483885,0.44845428383973274
0,0.362582453273955,0.44372888074412864
0,0.516076415315813,0.4385748042797747
0,0.5438447728230934,0.4350123288344688
0,0.3561900396397371,0.4357592090766178
0,0.37931976509077925,0.43706507119671184
0,0.33994507943044494,0.4365265765213875
0,0.4472577458180682,0.439445215556728
0,0.6005258845035885,0.43782725873782286
0,0.39279945197929866,0.4361443662186769
0,0.4058300824907276,0.4357019567884054
0,0.36069509490093177,0.43680117513089484
0,0.5015048855513763,0.43911203469451815
0,0.48134569338865935,0.4367530236395254
0,0.5758843399860079,0.4291121577839452
0,0.40328062037206924,0.436679883768932
0,0.4104794093026991,0.4391450921415052
0,0.3607810064640755,0.43575897310361345
0,0.4298770846873023,0.42894653249995995
0,0.3511969815787374,0.4300332134795855
0,0.47959105716047384,0.4327709475656039
0,0.3586208412955967,0.44627860288697985
0,0.3524682457266485,0.46065293794864914
0,0.5090308406452904,0.4607730783198192
0,0.6047932896844475,0.4607730783198192
0,0.4189736391344237,0.45514616570163996
0,0.5159878890579314,0.4573579135252328
0,0.34484116206476484,0.4573579135252328
0,0.5152318743962898,0.45523669435258046
0,0.3824649146981549,0.4612997267628243
0,0.3789455096806665,0.4559251125395306
0,0.4720862564430338,0.44063161281345564
0,0.4975462547892468,0.44063161281345564
0,0.4982061144027462,0.44489246039948266
0,0.4669949179748311,0.44100391193906735
0,0.4384922568674793,0.44686012213943505
0,0.38885261755712924,0.43355357628617053
0,0.655694257835199,0.42852351306943137
0,0.364803977877703,0.42828470394211626
0,0.4545829565828104,0.4305562307149373
0,0.45717296207396835,0.4348671462583382
0,0.39424645340443437,0.43926753873507685
0,0.4368882301005179,0.4387999451363706
0,0.4349723167097611,0.43681544337346045
0,0.4295368318909136,0.44053000938340237
0,0.4334058199506959,0.44053000938340237
0,0.5045634344236557,0.4581096145555346
0,0.4525467941990037,0.45475555877158064
0,0.41316668555244734,0.4611673992063801
1,0.7362744716598125,0.46257398957071194
0,0.5095313917010524,0.4476522500900582
0,0.3671411935080709,0.44371901944095543
0,0.3547496042065282,0.43354159268861114
0,0.5249256399052007,0.4368333082284311
0,0.52802965524701,0.4381533667270719
0,0.3560299047299206,0.4384346622831665
0,0.37533564071071673,0.4358175419293491
0,0.5207214586230002,0.440784687774708
0,0.5308964004149099,0.44174126324342516
0,0.4794366597753862,0.44530840619619266
0,0.36114781334802476,0.43983990507012405
0,0.4415150392654259,0.4423029508003283
0,0.6170743477402246,0.44319077222963493
0,0.45314070354067437,0.4606307532089644
0,0.47501021994591563,0.45688196656069097
0,0.42346908829336666,0.4583316229486998
0,0.36667002068993837,0.4562930099566227
0,0.4981574852540873,0.4582427250702751
0,0.4518607047529962,0.4676068460570426
0,0.4347771755168549,0.4785669777512244
0,0.3498752123278144,0.48699666320313617
0,0.3827265343073567,0.48763699424201296
0,0.542921359436728,0.48194111101948556
0,0.4273120661450955,0.4746669703213471
0,0.4254016063221276,0.475948582361355
0,0.3524863437762616,0.47808450234671235
0,0.34143010362645165,0.4843977442487715
0,0.5186410938608477,0.470745317511986
0,0.3690973749031206,0.4738456059382075
0,0.6012147793822259,0.44273748890583386
0,0.4245712668550099,0.4480588295754874
0,0.5086661945531769,0.4477931621270541
0,0.5188038620624833,0.45261100273375
0,0.3457513984039214,0.4485329846235523
0,0.5374373691516339,0.4424334619262401
0,0.3563363265448426,0.4470752925407182
0,0.48648139259674733,0.43109556021528217
0,0.48183330655325124,0.43830578645797447
0,0.45259626865958646,0.4315125825208988
0,0.5512300325359812,0.4258760900610066
0,0.45471108231430274,0.41925050089343446
0,0.4579878090584746,0.419495406879755
0,0.3946628392712225,0.419495406879755
0,0.43748580018522576,0.40895316860434183
0,0.38507537992880253,0.41426153676295313
0,0.434136537782578,0.39645740158860016
0,0.4323636408592777,0.4262285546164558
0,0.43291359718415884,0.415886700490221
0,0.5137155067344503,0.4168899659516135
0,0.4216155661512422,0.4025412575818581
0,0.4765999981388291,0.41745408804168077
0,0.4137787249734937,0.41854622392608526
0,0.517586922167187,0.4165571984857769
0,0.3688991650398381,0.413637077718721
0,0.3790148491643995,0.4114606445544482
0,0.5550774841642786,0.4190379813306444
0,0.5347695710936222,0.4151927801300946
0,0.35726172151787855,0.41539752217924275
0,0.3491308191531277,0.4179724172538282
0,0.4407121194174774,0.4179724172538282
0,0.592903643307591,0.4179724172538282
0,0.39576462411354774,0.4261706875330738
0,0.41664174785425573,0.4207064130538908
0,0.3547031238209106,0.4207064130538908
0,0.4687173236928199,0.4206489179097628
0,0.4930609561268958,0.423802460701516
0,0.35309769688238724,0.41529666912740276
0,0.4274623701237139,0.3921757187167725
0,0.6910746996489444,0.44053209724113196
0,0.3938811267843266,0.44565730943859355
0,0.34102864946085093,0.4316627495228203
0,0.5223647359402889,0.42902166471669323
0,0.5975540735422844,0.4235518503262133
0,0.39808217291220765,0.4285536288180389
0,0.40334546707700236,0.42545891177561607
0,0.5317625070752665,0.4157326294607864
0,0.4083126647448996,0.43347657754928554
0,0.5346112721632432,0.4328646018740644
0,0.36347953561852164,0.43163530627941205
0,0.4764713172163667,0.42773441821944924
0,0.4733248614533074,0.4223409664117316
0,0.3691268952726176,0.41787160096192855
0,0.45440198320593383,0.44104948830143303
0,0.4598671877145438,0.4517526991577564
0,0.3974282449107186,0.45785108184894563
0,0.4379487952340589,0.45548974238011886
0,0.42310019813945865,0.4602825423508452
0,0.48791426046850894,0.4658685672860115
0,0.43209262427742345,0.4739436282730638
0,0.4346996348397262,0.4626944602266444
0,0.6422083228616985,0.46357159322950336
0,0.5354903086718449,0.48042811193574775
0,0.5700400580623957,0.48444719955470933
0,0.4043962451615772,0.48279971143116723
0,0.5200445157119079,0.4889235658829964
0,0.3916492277300449,0.48477607516598875
0,0.3610324796091497,0.47980343238927853
0,0.5208141270835872,0.4754439859980885
0,0.5346552142128442,0.4681851340656454
0,0.3608191791300046,0.4622963473024547
0,0.38074345529777387,0.46530492876456847
0,0.33854570978370613,0.4627377422797956
0,0.4457357706058323,0.4699908949567589
0,0.5860340658488843,0.46023654672534847
0,0.42654107317984874,0.4600635664749145
0,0.40920572301024893,0.46391206104432947
0,0.34214787866860447,0.46023654672534847
0,0.47956681019308184,0.45735094284666533
0,0.5591773713022551,0.4645092237175876
0,0.44748681306422183,0.4810379224324251
0,0.3982811552740965,0.47665179629851784
0,0.35403848519932596,0.46264531229022815
0,0.34586919466380367,0.4541524059649144
0,0.5376128108453898,0.4644056273103193
0,0.34782187712341306,0.4497754335805371
0,0.4965394590125277,0.4558873511531246
0,0.5406507748966357,0.46209893452829004
0,0.43755893000219237,0.46347846475577575
0,0.4261644754979242,0.4583316859999433
0,0.3751820898936721,0.4561139461857931
0,0.342969957831726,0.45985798812796597
0,0.5136348088825172,0.4551542235001321
0,0.5832563214678221,0.47275200259186256
0,0.38450751932593985,0.48540846975195745
0,0.5138572733372816,0.47265867893190094
0,0.40485099101101474,0.47191378767303915
0,0.5133684144046973,0.47191378767303915
0,0.37641675295750376,0.4763136694147464
0,0.5484147312491944,0.4710198513128696
0,0.37683999719311206,0.4710198513128696
0,0.47158944146970644,0.47637148438744825
0,0.47011625964229126,0.4785702865821056
0,0.4562732073298859,0.45365074886726264
0,0.4604024350276997,0.447375486039751
0,0.3976623759089356,0.4544687340127349
0,0.4377260181241337,0.4644802626263535
0,0.3833134354158513,0.48679155286487014
0,0.43501261752148007,0.4881315179780222
0,0.43420594267634494,0.48885220825854525
0,0.5340349702995609,0.48899307144934284
0,0.5163761233984185,0.48885220825854525
0,0.40178657779057014,0.47870468147535167
0,0.4129770240270099,0.48784076753239075
0,0.5131466343826552,0.48784076753239075
0,0.3730428836836722,0.45702512522765526
0,0.4617276279787997,0.4752668675888074
0,0.5090337545646184,0.443172680787571
0,0.5452956286550329,0.43242612093414934
0,0.5452452937517668,0.4333757008595535
0,0.35760980909778994,0.42325649278835664
0,0.3384695774809919,0.4333757008595535
0,0.41034043329776343,0.43767464204562095
0,0.42989278664266695,0.43826268858785083
0,0.34452034158611416,0.4250488748024747
0,0.4718513168975802,0.4370637011283429
0,0.4658085235853397,0.444400784756552
0,0.45080471383326165,0.44648526310518083
0,0.4412774236408632,0.4312175571736622
0,0.3550378921052412,0.43029863007830055
0,0.42844847342448844,0.42512114305262716
0,0.383248116490949,0.4250204272289933
0,0.3869451036776147,0.42171184983834265
0,0.34196124545729084,0.4109382033929171
0,0.5136348088825172,0.4064815637868994
0,0.37135891269923443,0.3981391088254026
0,0.5309600831760793,0.39617978032951484
0,0.4029375998646942,0.39827580196502027
0,0.5732744343560096,0.41044347750487575
0,0.5106527873966026,0.41114230806519575
0,0.3454915518547903,0.4087886333775564
0,0.5570909534916864,0.405772069354221
0,0.3834285431052442,0.41866814110552947
0,0.4912287652960534,0.42977965251477146
0,0.4699702308915666,0.42977965251477146
0,0.43753376126461485,0.42562608492560544
0,0.38479755102926655,0.4347029877469815
0,0.4662828696659409,0.43911056665076487
0,0.5064700319473256,0.44413828992155535
0,0.4423032527739809,0.43933965477807646
0,0.47850676497361616,0.45192938152129336
0,0.37624108887451624,0.4421101242801425
0,0.4602653320437467,0.4433553900353625
0,0.434982628947234,0.42494900309267786
0,0.5140360790907125,0.42774474603159623
0,0.44017130441466173,0.4421500688940427
0,0.40961203530776363,0.4484436829336614
0,0.4120261652553201,0.4508972991837978
0,0.5141519218863537,0.44440001786892497
0,0.37082343148204305,0.45865161144646227
0,0.38639746643388556,0.4585361933315402
0,0.4897365885051117,0.46082650443911505
0,0.5065844937369821,0.453327748750307
0,0.546597497708026,0.44426567693007524
0,0.37298333432594294,0.4341321349711834
0,0.3620825100355853,0.4378394032024411
0,0.5379888345893439,0.4378394032024411
0,0.3846869704291235,0.4325138319045379
0,0.44202380127080143,0.42722936856877225
0,0.366834158893175,0.4325138319045379
0,0.5027692634223929,0.432208277196593
0,0.46820881583918894,0.4357229567844308
0,0.6066013339089038,0.4361656275549382
0,0.35411611986665126,0.4247784682061074
0,0.4274623701237139,0.41881509530645483
0,0.3433701890321833,0.4065312943216503
0,0.41714185476655646,0.4137378792540279
0,0.3398804014604012,0.41561844686232974
0,0.344274803482512,0.4194639074674351
0,0.5138041713870177,0.42041587291844257
0,0.5449416553020755,0.4406914327062423
0,0.43571327747109717,0.4710188977823003
0,0.564248470236502,0.4730856471364735
0,0.5079336545893172,0.4444482773000741
0,0.34718950684558036,0.43928321525020436
0,0.570317985530774,0.43603382524336276
0,0.37294757474795415,0.4335301386351541
0,0.38299242256472804,0.42573779195071576
0,0.4741870296533104,0.4051115707643354
0,0.4748270453970943,0.404870453381626
0,0.5012535174502377,0.4224999320741054
0,0.46040886554640964,0.4240333877188412
0,0.4427445840502836,0.418699944160404
0,0.3884645287480594,0.42226135843122686
0,0.5578269858050519,0.42230269947637195
0,0.5709834914921873,0.4128805451382147
0,0.35518860256778834,0.41074099483063164
0,0.46565040642833083,0.4312690049613578
0,0.45120531293927274,0.4406825489542764
0,0.4126791298832408,0.44558067456430817
0,0.4475940549970134,0.4461525412024467
0,0.3851485816980024,0.4489949187345044
0,0.4420303523264428,0.4541998494536418
0,0.43503410548035454,0.4561517766873408
0,0.5232913853880058,0.45456716387860235
0,0.47024579192632787,0.4575497667667314
0,0.40455606048773335,0.46886800984618154
1,0.7377704490779621,0.45400365204982784
0,0.5272969385512242,0.4476865262083976
0,0.3923774871761433,0.44142612958095234
0,0.34725233962018975,0.411567560344871
0,0.5362995034745133,0.40626833121672057
0,0.3629448461986831,0.4069069619352787
0,0.5692048904720023,0.40158975507470007
0,0.38476242223938883,0.40015742456866205
0,0.3967688205909769,0.4039650836086716
0,0.5159118348793698,0.40575016709133044
0,0.5034227264445239,0.4037374938388654
0,0.5077098080956068,0.40088650707466567
0,0.3712718223861056,0.3983326958196502
0,0.498909740895378,0.39931430135017715
0,0.5409886678288763,0.40122709322998185
0,0.480254461804163,0.4011887300830612
0,0.4402912854263702,0.39829159330576464
0,0.3793509703158636,0.40085688323043156
0,0.4783190125084359,0.4048430209135702
0,0.4728131327319021,0.4025295038262751
0,0.3423269624575677,0.39982757129407465
0,0.36071261674403954,0.4046197303403316
0,0.531411892471923,0.4157975742788305
0,0.3819945979046129,0.415557767938092
0,0.43019354223839534,0.4167652820418422
0,0.45530884621841394,0.4299585745477795
0,0.34267628452869786,0.42646464347429336
0,0.341785392638366,0.43217404077962834
0,0.5261703294984401,0.4316961585737626
0,0.5300677536055329,0.42236683317826823
0,0.4586441633819006,0.4188407319284681
0,0.5079673317947186,0.4165620848770324
0,0.34834324138329237,0.39902663650843917
0,0.5581813564804755,0.41642939889511615
0,0.37714945502544184,0.39254397443240535
0,0.4760080543605033,0.3872805900201651
0,0.47397121160650957,0.40192979184669386
0,0.4367321355657873,0.3883446172919713
0,0.4654055041565436,0.3908267337850798
0,0.4755755589596754,0.39180356095334046
0,0.4421229120549117,0.3917145293910612
0,0.4794876321069998,0.3936731551190786
0,0.38517476309266147,0.3991463063729451
0,0.3963561752271065,0.4019496232730347
0,0.4564074804402125,0.4117397201549742
0,0.4333583227388395,0.39165854171702
0,0.5208876071207592,0.4180164882639588
0,0.42226712655212023,0.40262776149861274
0,0.47527184127622796,0.40262776149861274
0,0.4037227090123086,0.4016588187081877
0,0.525607661088575,0.4102032027501536
0,0.38413211629619903,0.38860864513528154
0,0.38461307187473903,0.38747698509620715
0,0.516208098946339,0.38742995883193615
0,0.5646979397425398,0.39947994845588036
0,0.3796394243877648,0.38110293928628364
0,0.35675208228092076,0.37679939322354744
0,0.47943617685820206,0.37679939322354744
0,0.5197213580036203,0.39357949343136994
0,0.41298694172709594,0.4001704975827983
0,0.42249203534572405,0.37946643192354507
0,0.36238060392992133,0.3801100581809268
0,0.47175075580946557,0.398871374030039
0,0.49518505800844126,0.4048806898953261
0,0.5852485399937911,0.38224408871271054
0,0.35872876880489135,0.3707898588659203
0,0.4295748344148517,0.3756854100439314
0,0.343311726938469,0.3770323761921289
0,0.34594909046432304,0.38085108981888877
0,0.5672162802941854,0.3797766077925425
0,0.5267988812458279,0.3805408956387234
0,0.3678484063975799,0.3751298313363192
0,0.5152165051775408,0.37645680574657986
0,0.39378018421512895,0.37658028295776447
0,0.5129956426418295,0.3757960299310584
0,0.3488222151030391,0.3690784317043555
0,0.5780164408091865,0.37269358673734176
0,0.3780660899965757,0.3763612858780279
0,0.4506638641436893,0.39014295299101676
0,0.36748373959934416,0.385707206198131
0,0.4594360554518327,0.3875401565550222
0,0.49001842443051935,0.3867779597839962
0,0.3959790330208947,0.3861994728317231
0,0.4635016720929252,0.39662989292536105
0,0.4332412244618967,0.42286648452177594
0,0.40855773574301746,0.4295364674530388
0,0.444791875494298,0.4363920421801614
0,0.42519990261333585,0.4435497396133241
0,0.4141860128804309,0.4431734321769737
0,0.4328147702993328,0.43943385437870053
0,0.43185363035914315,0.4401285003155828
0,0.5811350514944643,0.4322280164771423
0,0.5342985506197849,0.4477975118060796
0,0.5285040243443141,0.45273740574526433
0,0.39468120819670527,0.45018892669082744
0,0.5267054211476809,0.4456503872978423
0,0.39063774134039964,0.4415955100931766
0,0.3752299320005856,0.4359193501256219
0,0.5172556230059997,0.42419736368115396
0,0.575715991755343,0.41634259233840837
0,0.38194144414872455,0.4157646608648739
0,0.34645867302368905,0.410187503963953
0,0.4811826522253491,0.4135852703171333
0,0.5290507424897544,0.4062682649398118
0,0.3965431655381984,0.4086081672248759
0,0.4082734225358982,0.4065738462058584
0,0.34981630315031903,0.4065738462058584
0,0.4684602436568329,0.4109345380766911
0,0.5831591150697467,0.41171508245347493
0,0.44356914725379104,0.4080005200705719
0,0.38746618863067595,0.4171955034705611
0,0.36325931140388923,0.3971991131141789
0,0.3655745358909442,0.38548522105899
0,0.5382391518188293,0.3887950018641301
0,0.3613986534923531,0.3856108604020777
0,0.3651636545328471,0.38644696442796705
0,0.5177051209493856,0.3911970574221282
0,0.4289674134287869,0.3861671309214012
0,0.3409861174769472,0.39194886536953916
0,0.3570448495011193,0.3930242028991189
0,0.5230339806753618,0.39849276215425256
0,0.46106634919837397,0.38549392810158384
0,0.4203994678905862,0.3741709532771404
0,0.39705360551712987,0.37502608921939
0,0.5204051586528999,0.37872449588369694
0,0.3472217702321962,0.4013127819417153
0,0.5690546441422296,0.3765498657412844
0,0.3800937708935346,0.3771802640119502
0,0.44727834522182575,0.37495702491269106
0,0.470997893194429,0.3956375976663655
0,0.4275701847440362,0.3817408767673608
0,0.46175169670294325,0.36199187221480733
0,0.43037177865154974,0.36395957670986545
0,0.4067717794571905,0.36415563674616824
0,0.4470503957885244,0.36378270893434356
0,0.42903818109177433,0.36539766430402404
0,0.4522094288647038,0.36633702902758564
0,0.4324492573809039,0.3650755735753366
0,0.5220115856654979,0.3645506536975794
0,0.47771798132125287,0.37132697727559094
0,0.4028750061337923,0.37219872564202516
0,0.3893186310581949,0.3737978001119149
0,0.5225733562407112,0.37179814934699695
0,0.3618402825896972,0.3582307607601205
0,0.37504515818150824,0.36368572742185445
0,0.5188668277291048,0.3671773309296552
0,0.5769263880854854,0.3671327683391975
0,0.4249985908797624,0.36505912406985735
0,0.34468239029891595,0.36111445043740714
0,0.48284729078683974,0.3647623215206251
0,0.46571695946155267,0.3661899427011544
0,0.4682872879935733,0.3661899427011544
0,0.41042815727716153,0.3618769565696663
0,0.3501929870989117,0.3665097117306132
0,0.48080063559481856,0.36792119650586813
0,0.4279402293316738,0.36660271848969955
0,0.48224091409343284,0.36093008278497407
0,0.4618405194461891,0.3690365239821077
0,0.36786250936019843,0.3619609654282883
0,0.42761603773396406,0.3613362796283209
0,0.3864839689773386,0.3632651553363038
0,0.342708467425354,0.36075497343680846
0,0.3569608333304061,0.3691058662797738
0,0.5684942896352901,0.3672284053799173
0,0.5270448858957828,0.3672284053799173
0,0.4585253155606121,0.3648498566585656
0,0.42397956484899824,0.36097995392514176
0,0.5137623397166706,0.3580168706577726
0,0.34991163269305514,0.3547395280856223
0,0.5827856934662792,0.35667721818780923
0,0.3904685237448831,0.36096496215392704
0,0.46898632903429144,0.36511616376238254
0,0.47065533799482434,0.3653700580420319
0,0.45720758703700587,0.3655713085058155
0,0.38914138453283953,0.3628161321683427
0,0.4645669215429226,0.36228181193404024
0,0.4636984232248833,0.3656660931762685
0,0.4420554861477447,0.36737472333025
0,0.47895616955980186,0.3703123740419658
0,0.392723656692947,0.376668120555675
0,0.4609881084950239,0.3780795115413355
0,0.4330034853995664,0.3725536088363676
0,0.5246159142666817,0.37325911597057204
0,0.44137212390429686,0.3725257028927308
0,0.4291601686911735,0.3934077962757447
0,0.40090900357372933,0.3981208923596553
0,0.3668207717628608,0.40204080736756553
0,0.5244072588603379,0.3793010386901898
0,0.38466549055973304,0.39064342281216596
0,0.5189837089956941,0.4140533425786938
0,0.5064677126859342,0.4134058441428348
0,0.6051903695327827,0.40548797368583583
0,0.35970644575910715,0.39340294590257435
0,0.36103438153855244,0.3922800604616905
0,0.4655924957803903,0.39800498338580104
0,0.4086594691328527,0.3919239425575622
0,0.4298015241230829,0.3846228578452018
0,0.367501189033568,0.3827096112331267
0,0.4985673079973116,0.373483269688854
0,0.47062309565620625,0.37451900314138564
0,0.5973934603050824,0.3745644622733261
0,0.36295708888759814,0.3711328283256985
0,0.4297104901934028,0.368902246453916
0,0.35495828395208756,0.36960335919881515
0,0.4118966891017993,0.3685451799145491
0,0.3405860597947941,0.3748435009075994
0,0.35713741078479716,0.3823416111807418
0,0.524464744228733,0.3788762626824961
0,0.36691130070471806,0.37843857468460357
0,0.47649669078252244,0.400459844825954
0,0.4122559890861899,0.4354697703735491
0,0.5133884185836954,0.44635785686076623
0,0.347544528177545,0.44635785686076623
0,0.6002725284236795,0.4524771700400445
0,0.3845690323917995,0.4195430961931412
0,0.38463457660181183,0.3886503909387447
0,0.47461962850299716,0.3839089583683677
0,0.47160029877856363,0.3844183558150204
0,0.48411153106501187,0.3962534005064324
0,0.46781890627827927,0.38814565781494204
0,0.44625464384485697,0.38277498511237723
0,0.3880835313411342,0.3815505779739758
0,0.5811929359066613,0.41116648738099404
0,0.3591203944936554,0.40530436664266606
0,0.5534126466756741,0.3993903263670239
0,0.4613674532900103,0.4057061206123166
0,0.44213037710181735,0.3928134928486653
0,0.47786391202757633,0.38470535222624447
0,0.41072744259782556,0.3833526813698165
0,0.45224703981890924,0.39903272398748824
0,0.4318568581888024,0.3912609339880802
0,0.5129075586021327,0.3964106326797327
0,0.43881639552119617,0.39953784373920537
0,0.4022473439184226,0.40877495724668655
1,0.7376368940460925,0.39513643599072346
0,0.5272641539052461,0.39065330734750464
0,0.38943869514595114,0.3970275995065282
0,0.35922680440460514,0.37281673833265083
0,0.5271642922422081,0.36639910838663736
0,0.6028561330174067,0.36256922422697935
0,0.3809126344389576,0.36143118199106594
0,0.386445335969097,0.3601232662377389
0,0.5158363777981253,0.3584416214270677
0,0.50400033181226,0.3646221244682996
0,0.5425172920053538,0.3653581075065275
0,0.3670951708875052,0.364868496645494
0,0.5173149994375017,0.36246767179224687
0,0.4810760044815617,0.3616953073263701
0,0.4290349099276694,0.3637583229950167
0,0.43362963877541016,0.3646807900461661
0,0.37549656656047237,0.3621467073042859
0,0.48624203488316536,0.36426333704061187
0,0.43960021333423405,0.366439528073838
0,0.38361999546770503,0.36297819774392465
0,0.35495828395208756,0.36738188023994195
0,0.5385410096374452,0.369322670656148
0,0.41275404870400817,0.36858791706615013
0,0.42843711203434837,0.37830088271186113
0,0.3410864016245992,0.3716333153421061
0,0.3544832550907152,0.3818562713861546
0,0.5656624981249314,0.37457637259487453
0,0.5278202300129899,0.37820262874981014
0,0.466716901510202,0.37788640059650735
0,0.39656741457695865,0.3798540427525081
0,0.5152853745537975,0.37242327434273564
0,0.3473920108845832,0.361791678467869
0,0.6000616059909198,0.3606898202436554
0,0.3736740503012211,0.3715310663975217
0,0.47632133957616807,0.3675126023303214
0,0.48136465054597644,0.378725506237054
0,0.4235432198779661,0.364295304089645
0,0.49244312446382765,0.3660731737261735
0,0.5542393873654641,0.36929811379957955
0,0.5330236023787206,0.3625351339888591
0,0.43194500436378225,0.3675303929571495
0,0.41048183996687637,0.3658090652463036
0,0.4464768252630277,0.3638215690008475
0,0.3859694903655919,0.36436317229781023
0,0.439111875292658,0.3670157560666631
0,0.4348947118260246,0.3628721947485046
0,0.43341772812834956,0.36086763661255866
0,0.517992374196351,0.36433432115828696
0,0.4345168048752028,0.36510395693043124
0,0.4731274143797826,0.36847030855810753
0,0.4009515326403619,0.36710315657434694
0,0.5265755272831719,0.36560390856634417
0,0.36659249327775373,0.3617172469591299
0,0.3601806174591621,0.36296953262216847
0,0.5478756543974281,0.36367329096741474
0,0.6028419300753115,0.3672899808741874
0,0.3735053291137885,0.3639047057722835
0,0.38682993231975643,0.4125668455815174
0,0.35592394298083047,0.4129817278683905
0,0.49576864771264006,0.4112378976155669
0,0.46282558601813656,0.41497278440354096
0,0.42753813809923474,0.4128514117047925
0,0.4250364358633241,0.4155138417292068
0,0.3631625371102571,0.4155138417292068
0,0.4681959459247166,0.41568999701136833
0,0.5208528252337346,0.41346683728152717
0,0.37040377349065995,0.40710988997381026
0,0.4287203887500975,0.41460483101993345
0,0.6589580321833028,0.428187780407363
0,0.40110181386660587,0.44167896265268786
0,0.35675221112074135,0.4421102864784886
0,0.529905495280479,0.43537157538415056
0,0.45721698972031943,0.3966434294649786
0,0.4236853278034507,0.41864004174961733
0,0.4740601998623692,0.41167571777105666
0,0.5352395790074608,0.3996578943812125
0,0.482654300704436,0.4000818415578068
0,0.4386221136654624,0.40688381793831085
0,0.5781184308053531,0.39372204983148584
0,0.37474881982683395,0.3851929121888674
0,0.44802166240640284,0.38392258819630254
0,0.3791076774415281,0.41654544642283237
0,0.457748373450023,0.407866524105655
0,0.3483906092624932,0.3789751060285278
0,0.40877816920574434,0.3783268609356567
0,0.5305616438322992,0.3874488837200038
0,0.4342184920683134,0.4030464504846751
0,0.4046760013986091,0.4033241220936807
0,0.4439793950176599,0.4012724185741654
0,0.40595397517938536,0.39484524836453
0,0.4246185686682977,0.40995096840543943
0,0.4553367227832757,0.40460287096625175
0,0.4334144886322731,0.4043070409745423
0,0.5755995569205915,0.40307395792480105
0,0.5261460333190909,0.41517080193774974
0,0.5380885498333956,0.41632514639002205
0,0.38620097358123545,0.4117340202198655
0,0.4052896040774553,0.41805706662707626
0,0.39062522778494513,0.4096258449515547
0,0.5398695371274973,0.4006713871702112
0,0.48374146168418664,0.3953161859022141
0,0.5764538669997933,0.3977637876415566
0,0.3994963804005881,0.39524862452039733
0,0.34860844761245074,0.38951917176270223
0,0.4986389325531543,0.3885835127912518
0,0.4644738619310928,0.392000946119799
0,0.39820865562883445,0.39176738317540455
0,0.41453477338170774,0.3879879355158625
0,0.3549764785879649,0.3923003551042649
0,0.463845615691921,0.394481210683574
0,0.5245653370372377,0.3949599705131106
0,0.4295781249115114,0.39934418280008355
0,0.35983960749172056,0.40101350017827525
0,0.35419475563248654,0.3903675846451046
0,0.3530244309724825,0.38932898672247956
0,0.5377844703577962,0.4017189984204928
0,0.35225367546958375,0.4070060479213066
0,0.5083612626357922,0.4057715581403977
0,0.4958546478362149,0.42309108902262216
0,0.44327588708293975,0.424652002284059
0,0.42688319186222723,0.4235240305359484
0,0.36933563155997856,0.42681219346930854
0,0.344512820636022,0.4271808608435297
0,0.56024709813636,0.41713655363744145
0,0.4815174895190323,0.40528377239665886
0,0.3678484063975799,0.4033592163261413
0,0.45271200904234915,0.40949090275421046
0,0.42190936865881934,0.4370029265745115
0,0.4103535063868432,0.4302613857078115
0,0.39364773799405983,0.43296085073376084
0,0.5644643219017885,0.40726219535974323
0,0.5710042262692755,0.4277710640972351
0,0.3834480150724103,0.43296085073376084
0,0.44620163436189886,0.432141604798766
0,0.4590944708322286,0.42832213580081907
0,0.5296641326804638,0.40840935663265854
0,0.47688980062579034,0.4002154285234987
0,0.45437473028187975,0.4002154285234987
0,0.488227868410611,0.409157422073497
0,0.43671860279279084,0.39255444063348166
0,0.4809983367158678,0.39071505788146405
0,0.43545731577431634,0.4065129953789343
0,0.5269946464116221,0.41664925661530433
0,0.46459475269194417,0.4132730263290013
0,0.4168165080013397,0.38955882302518846
0,0.36899687669023523,0.40623051102681496
0,0.4708778338907544,0.4137881136030408
0,0.38765235299947537,0.3869502970301383
0,0.5125541710929261,0.38468494760196004
0,0.5271060234936472,0.4036821382585528
0,0.43864053334418146,0.41230399327316847
0,0.5797986169544295,0.4147224158637465
0,0.3641458651399384,0.3947407822616362
0,0.3452456835525377,0.4069608065816365
0,0.46656594252819233,0.4175998700587325
0,0.4416323626246007,0.41802253393215744
0,0.35483166479325096,0.3898834824335961
0,0.4671411385534062,0.407052138684313
0,0.4494391126136541,0.41841097676038613
0,0.41904885472560194,0.42170560646444766
0,0.4539131344579516,0.4079487315715952
0,0.36442515743362175,0.4047761657226182
0,0.4317470363776226,0.4036691603923124
0,0.3855389994931272,0.40582442115450224
0,0.3464159019094044,0.388887158966389
0,0.34511843310155066,0.3948040341756008
0,0.46745272781682057,0.39502494171500846
0,0.4647115939433274,0.3834629719006495
0,0.46163171708881073,0.38862979364147915
0,0.48714502515076147,0.3820649767841983
0,0.3585516421916817,0.3841407401688908
0,0.573939271208658,0.3888004329927297
0,0.36440565281962334,0.389741654893051
0,0.4697074220570679,0.38703248611294444
0,0.5249913639374695,0.39140813933095525
0,0.4303258240374984,0.410910119228329
0,0.3859718856150328,0.3956041032089907
0,0.5316608885415741,0.4030794928044968
0,0.47420309563611956,0.409200442467185
0,0.4538476059656687,0.4069935019574329
0,0.4877100240782036,0.4116067520165877
0,0.36894843779739167,0.40101427105830795
0,0.43627602201510185,0.4030894322831919
0,0.43567787461760576,0.3866860052970952
0,0.5175436578196293,0.38662985407736417
0,0.4333146399388988,0.3917918076318543
0,0.42897892064562704,0.39889953300481756
0,0.41564664055633166,0.4005496891672158
0,0.4680026563873767,0.3905814759752615
0,0.39522949135974406,0.4001973331166686
0,0.3615435178383186,0.39673876130726854
0,0.3954916805763421,0.396952777592188
0,0.4914265881791001,0.39077690356511213
0,0.568705572450055,0.3873489499352417
0,0.36349519643661393,0.3852562686551778
0,0.362123790873996,0.38283613566910696
0,0.5174290160386275,0.3859004046085935
0,0.4640881355030975,0.38108217506451453
0,0.42562966400850394,0.37337720560302773
0,0.44327828065900693,0.37606336181659433
0,0.3696344411255234,0.3830912975478481
0,0.4980579101629872,0.3856460038559897
0,0.5083523158592355,0.3869181172137523
0,0.5811111370713572,0.3897487487407848
0,0.3636628110683163,0.3726395906418933
0,0.4299122375623512,0.37403500683982416
0,0.3534872640748702,0.37328222914368553
0,0.39586469297844823,0.3732374829953938
0,0.3444730916928708,0.3772807992646186
0,0.35459606587288833,0.39570366346391195
0,0.5577717508058427,0.3949099646492998
0,0.4683308093069758,0.3907804198889175
0,0.47858256603347343,0.4142336400597394
0,0.41310260223487194,0.42282652442909086
0,0.6282551702580745,0.407003845970785
0,0.49135210298748133,0.40502698171321666
0,0.35924558543048946,0.40502698171321666
0,0.570691189137023,0.42005896982698243
0,0.36579216058767866,0.4175663282622569
0,0.3830439939634734,0.41428565335664325
0,0.47248501701209245,0.40540702885980884
0,0.4847319750678909,0.4023125464420275
0,0.4836741508325292,0.4082011522823192
0,0.5053314079345668,0.40519226162423067
0,0.4432984158732083,0.39684601920636386
0,0.4024310586896013,0.3983583944949048
0,0.564571123638154,0.39286457898702004
0,0.360389895009302,0.39392081847131305
0,0.5462246628740703,0.3964811926412006
0,0.558443129436501,0.39272706424392906
0,0.4316796958369324,0.4072812784288853
0,0.4588040433473269,0.39999860749644783
0,0.44077954654307183,0.3979958252499891
0,0.5400210638021943,0.40953983162972074
0,0.43562559391327477,0.4096126392609176
0,0.5141364480658509,0.413600194568026
0,0.43673314414144143,0.40783334483861466
0,0.41793947120948693,0.42684939068503197
1,0.7381387663439507,0.42907773739378946
0,0.4749441716181472,0.41907814176683356
0,0.38932217327384105,0.41573545071278817
0,0.3595493413568724,0.4024616681357798
0,0.5024676240747601,0.40272064736736585
0,0.38636658903747695,0.4054857701429341
0,0.5640404750159492,0.41071580364812676
0,0.3928033953103084,0.40777876043336
0,0.5222844848854609,0.401867150675519
0,0.5093301320073157,0.4068266317328056
0,0.5076681285155563,0.4073021320595031
0,0.3481650392637126,0.40693217269599996
0,0.5084622273059913,0.40106773793906936
0,0.45959968092049946,0.40614860473342784
0,0.40182432068216956,0.4090722306503023
0,0.41843247314559656,0.4164753398842498
0,0.38349743668993447,0.41019728111147974
0,0.5328366151931695,0.41228751090594706
0,0.44495061167357075,0.41307517605346605
0,0.4390876315339717,0.4232194254976003
0,0.35364779678348696,0.42980210277605324
0,0.3905642123083278,0.43581265607590153
0,0.5457841106306492,0.4530812992937247
0,0.41046847287375265,0.4462997612525175
0,0.4333047230889949,0.43512894909115984
0,0.34378261418674766,0.43416326167119806
0,0.3456082890151604,0.4509039862303735
0,0.4651453414266218,0.45122074136480533
0,0.3678484063975799,0.42350139144793386
0,0.4408490006737135,0.4451447243475088
0,0.4161378617754792,0.4269567072072807
0,0.5085413349875624,0.43332614236556816
0,0.35915196391341303,0.42182963320807043
0,0.5533500426382959,0.4002279084352434
0,0.37852612550083,0.4166332125197623
0,0.46979512672402685,0.4192819714612477
0,0.5201797387960432,0.41330794645957447
0,0.40780612937128063,0.3805665693892581
0,0.558303921887869,0.3872534593007502
0,0.5350488106722694,0.38795050256114766
0,0.4953053865951981,0.3875949939690681
0,0.4079833171127197,0.3887422407465693
0,0.44358189735272513,0.3891893058559575
0,0.45590991298252026,0.3816924491997854
0,0.44201854462366336,0.3897932554162454
0,0.4576614483138912,0.4024548413219549
0,0.43483047520233703,0.3955507097016242
0,0.5227508688868681,0.43229397104976003
0,0.4329281304682031,0.416616193982474
0,0.4237595317420048,0.4136911803144863
0,0.4069192337698646,0.4129887210818639
0,0.4658746639795896,0.41992520396928856
0,0.3821310955707234,0.4039193917190448
0,0.39721039848662565,0.40324537258037957
0,0.5011619762964881,0.40184138025312743
0,0.5598792540182885,0.41676988098617684
0,0.36620391111771255,0.3955090001921017
0,0.3453416757546795,0.3858699792361093
0,0.48994537905109237,0.3860056787107435
0,0.5016248262966335,0.40529246524219664
0,0.4556422430569407,0.4096021121896429
0,0.41496146504810516,0.38670388173266734
0,0.363352974473217,0.3860056787107435
0,0.5092291830557034,0.38613628388079346
0,0.5015853316230021,0.4144477061138671
0,0.46626526307341226,0.39832817000382914
0,0.3660045140525222,0.3987465194819371
0,0.42986369214204573,0.4039827530841934
0,0.4736783018504322,0.41081046489972367
0,0.48068381964053003,0.41348817696630624
0,0.3450525114896802,0.4185184832888367
0,0.5271069458181218,0.4183465000784379
0,0.44045240897074617,0.4063523917406562
0,0.504867714907898,0.4101668020620218
0,0.3805606086610706,0.4085381082374242
0,0.5341635610571558,0.4056286248514108
0,0.3898275345528519,0.3999100369400662
0,0.6031024595999924,0.39993284752179403
0,0.3659438967108275,0.41402987936797875
0,0.4681069682110077,0.4154072432340279
0,0.5028120858945254,0.40835557927457117
0,0.6405863740308885,0.41804179693763316
0,0.4944916451178227,0.4061354474422245
0,0.4036130576258666,0.40467826273410873
0,0.5521743458809343,0.4171694973912479
0,0.44967900785443005,0.42651008559517906
0,0.39498623672109,0.42782743451433675
0,0.4391181121864761,0.4225585076788931
0,0.3893896898912291,0.4275679164425913
0,0.3876393486636489,0.438332642823154
0,0.4196080638025035,0.43786424589811
0,0.4358211892113263,0.43275959630264754
0,0.5744519206609896,0.4289836172567438
0,0.522170807693649,0.4509945217002875
0,0.533710540285468,0.45455500143679317
0,0.39982469143051513,0.4449088888840666
0,0.4862772580216221,0.4439307248481497
0,0.3861457173176829,0.47126859433427726
0,0.3615435178383186,0.4556780254681667
0,0.5032657962551873,0.4533644516175009
0,0.38549452936700346,0.4519237726716251
0,0.5374328901663991,0.4542568713954068
0,0.3736866692390691,0.44428539912409915
0,0.34499702358668005,0.44233401338053946
0,0.4923985200713121,0.4401060269777853
0,0.5435012902801861,0.44044710932318815
0,0.4268747085282411,0.43725559546625087
0,0.42591264674295787,0.43893612587461117
0,0.3476248636218477,0.44044710932318815
0,0.5034584010074584,0.43950507321321314
0,0.5344477421300018,0.4463063418260753
0,0.41961630598215,0.4505452080530473
0,0.37929438044261504,0.4648480512606751
0,0.3579674546414557,0.44888544491472343
0,0.35214361406599237,0.42929103189692164
0,0.514598128409474,0.4391026820508522
0,0.35487116354781445,0.4403473871854714
0,0.47565178382493734,0.4480876919559537
0,0.4307677986313974,0.45013985941272133
0,0.4709728079151134,0.4471204314952139
0,0.3490028191997683,0.4428618611646344
0,0.4754561201712362,0.4436453413859783
0,0.5540798488856001,0.4307971751607764
0,0.4226480189408914,0.42050264367788004
0,0.4103749182236819,0.4223542146563331
0,0.49254182699540516,0.41604250738266446
0,0.376279037767607,0.43273930251645354
0,0.5376872507037649,0.41525843742581275
0,0.3648176618788515,0.41539638820377456
0,0.4563060706273352,0.40941493876735213
0,0.508723663877062,0.42882585731582085
0,0.5279670837764403,0.4062521139650812
0,0.44525948729483145,0.4071039432481275
0,0.3927363658998593,0.4092682519932388
0,0.4392535945136526,0.4158478249478667
0,0.3928362033681558,0.4155588538577762
0,0.4221508556440783,0.42750026914384825
0,0.4389769402306831,0.40790071633693914
0,0.5247940280059823,0.4102982449511713
0,0.4693335374380255,0.4352299639771055
0,0.39692328950867406,0.4120063854435428
0,0.4085963264812451,0.40965686758654274
0,0.4819904808207971,0.39977384716716496
0,0.3860139286663422,0.3952256593370563
0,0.4998141049094914,0.3999687990237192
0,0.49773112082922777,0.399862571530774
0,0.5564508124975266,0.39654990524433675
0,0.39997473426515306,0.41308114575401383
0,0.3448092543165009,0.39781194889625865
0,0.5448929131795083,0.3996059432668002
0,0.4240117893427248,0.40014704511160837
0,0.4365651777822114,0.4189933872660492
0,0.3473988542885725,0.40649082602691994
0,0.5184874593846491,0.41280320007920157
0,0.4488075401783823,0.4149139641967609
0,0.40361060982695146,0.4288715088386727
0,0.45895559240258776,0.41442258468168086
0,0.3623839230961337,0.40829904348043367
0,0.4303085537680275,0.4143033592258517
0,0.41392452170504257,0.4032252338367396
0,0.42239919982618873,0.40068887528734987
0,0.34970053175670734,0.40320584936589626
0,0.5428283949573165,0.40552384605001995
0,0.48911752047048673,0.40056065115589945
0,0.38573243998501056,0.3910943607144983
0,0.5491184513459829,0.3870456749299766
0,0.38895321823555784,0.38495978684584753
0,0.482821528364572,0.38523149896021264
0,0.3617961081124691,0.3872495142120959
0,0.5419683098292903,0.3859798566648285
0,0.38089648124437303,0.39466261754099013
0,0.4712882200159068,0.4100940239915459
0,0.512260582582891,0.4123714524980116
0,0.46022036644519776,0.4092289093158808
0,0.38673386630206086,0.4115040841041288
0,0.5518008786306396,0.4156885024005982
0,0.44842276109142615,0.3984438476214959
0,0.3972863433048531,0.40072513503897966
0,0.4392460300642754,0.4011655224983755
0,0.38138253671806266,0.402917956377199
0,0.4277428693098395,0.41585039241501504
0,0.43888304014716417,0.40249615047830956
0,0.5159217111047311,0.40527480286622064
0,0.4343301458650099,0.4061112396798778
0,0.41814116130281925,0.40648810965082033
0,0.3976674285856182,0.41585620400899076
0,0.48833237727735845,0.40853441152621056
0,0.38942870865871987,0.41352268860073205
0,0.3965689683304348,0.41978377395049005
0,0.5182092195490091,0.4401927703387088
0,0.48143198919616165,0.4354621124906935
0,0.555679295910192,0.4261208322850209
0,0.36204203840588806,0.41358211249787385
0,0.3587893665743661,0.41198330425939755
0,0.5449848591628315,0.4057593183638384
0,0.41989618787296584,0.40367091731852134
0,0.43986903112684955,0.40430727067142963
0,0.3552560121438553,0.4026276005275005
0,0.49827724244637656,0.3930582329565795
0,0.5104753858554107,0.4060439946083077
0,0.6072172736501772,0.4060439946083077
0,0.359890262652012,0.3775484350124905
0,0.35217204021347626,0.37654325317295506
0,0.4106511974062458,0.37955255241629254
0,0.3797498438032752,0.38106783095617275
0,0.4358788122051587,0.3854382849504801
0,0.35075999288202525,0.39981833463846944
0,0.4886511006685618,0.38729847339891516
0,0.5799388433176288,0.40540315242993286
0,0.4460745691870009,0.4435229320299966
0,0.4930033656894263,0.46436393124521425
0,0.3774932669117625,0.4862736297116241
0,0.519241841861529,0.47999987309806363
0,0.36361397368069504,0.4603245689315816
0,0.38871625174293994,0.44944468595944276
0,0.47156050351240025,0.4399348491333766
0,0.5039338797920815,0.4324029630585445
0,0.49588877890450805,0.43668506724573064
0,0.5061093895614007,0.4478092504995484
0,0.44314502529144006,0.4440085827351683
0,0.408218465825147,0.4296893183736792
0,0.3815893091686986,0.4545091055265153
0,0.5657773817509464,0.4648158127009864
0,0.5666923083720629,0.46823208517330567
0,0.5541856661504357,0.44420878696415755
0,0.4246521920217338,0.4447040550641244
0,0.45345688835209347,0.44076220649770886
0,0.3921900035393481,0.44341354221081225
0,0.5197591868230239,0.4507480257984024
0,0.425607316792547,0.4576446808075743
0,0.5155866412757284,0.45966357671158853
0,0.46428091918950737,0.4620586358311885
0,0.3966768981483074,0.46923986008426843
1,0.7347815276356386,0.4628741085297776
0,0.49613562013910667,0.4628741085297776
0,0.3906959887975852,0.45832008143908787
0,0.3502466456389615,0.4370585753793456
0,0.49519110754592943,0.4307032341646539
0,0.52109754262322,0.42684217272861674
0,0.38983093292481774,0.430908981929393
0,0.3717922503628704,0.4282982178423018
0,0.4098652136828269,0.41879685124437815
0,0.502715024434872,0.4173750797639094
0,0.4901903328619498,0.42182250746632716
0,0.5069075719391628,0.4254000151294642
0,0.37893524605170054,0.41650160809337267
0,0.5340538917155222,0.41554202352600844
0,0.5679440427735215,0.4152460947520001
0,0.399989656147906,0.41988623086753246
0,0.44436423305192163,0.4199696605371033
0,0.3749669437550194,0.4179245097315731
0,0.528061623354984,0.4213858210018321
0,0.43243451691019336,0.42356651440504484
0,0.3482671055946278,0.42139283383712484
0,0.3868618265325215,0.4160603689519755
0,0.5307129238992874,0.41779574558488464
0,0.40916898425886183,0.4163728528047146
0,0.42090081186206374,0.41528086530667746
0,0.4185891686497768,0.4221841628041047
0,0.3478070269114584,0.4353884044837123
0,0.5110427464180195,0.4170836414257255
0,0.4853587188253609,0.41870642847371925
0,0.5687440399308978,0.42296847778494984
0,0.4017459079235157,0.4350920340611081
0,0.5068226786741755,0.4307763088169196
0,0.35932483883287336,0.4210508746300145
0,0.5726705028827368,0.4197245782583487
0,0.37666363722853863,0.4223404729346329
0,0.4695995620611429,0.43073697226114865
0,0.5235278951437278,0.4349891553217301
0,0.34321734877254384,0.426045326682994
0,0.388213387342227,0.42091703429366834
0,0.5588708206959933,0.4219144535791556
0,0.557323345828236,0.4164032553454215
0,0.5247598249828698,0.4208063891496427
0,0.441811703310474,0.4180441943869304
0,0.477445928670421,0.4163738883932443
0,0.3953121929846909,0.42519462167315014
0,0.3695494520473059,0.42411090966029863
0,0.47629174340475594,0.4246555616152263
0,0.42954620774014984,0.4246374977146928
0,0.5285985943407993,0.4172163094136208
0,0.4047261436991802,0.4212257366247908
0,0.4707732495962504,0.4167905259776438
0,0.3757129049124462,0.42550266564987627
0,0.49500075271915306,0.42215159605279584
0,0.38138437929993785,0.41202110111936646
0,0.39347473169480335,0.4116848188850993
0,0.4846541360966257,0.4177781243308692
0,0.5278461777776339,0.4198893503148762
0,0.5376340343922841,0.4150732816988385
0,0.36251299873486253,0.4150732816988385
0,0.3601776703884423,0.4202388823074298
0,0.5436113179123256,0.4261526893936387
0,0.44161023551745127,0.42646145131893165
0,0.427537018706036,0.41977774438646553
0,0.362398116020263,0.42039407987281113
0,0.5096255655214081,0.4262867575343023
0,0.43798281250055515,0.4236874595919175
0,0.5124418501484194,0.4123095359427627
0,0.6318459196488708,0.4263688223556259
0,0.34905158761664423,0.4238044124065591
0,0.4200426742542917,0.4238951306696129
0,0.4153948251659499,0.4277519180618579
0,0.3420269303527098,0.4552804716489332
0,0.42860115701371104,0.43373973145081235
0,0.5041172472860584,0.4320041044295017
0,0.3764472811875172,0.42720386443034425
0,0.545866690074004,0.4462488408443156
0,0.40930444483987943,0.43572420360621456
0,0.49107095242503995,0.4346580352090273
0,0.35556074202307164,0.4311005145769206
0,0.5477188935415351,0.4468626303044698
0,0.36616787851524246,0.4296835516594773
0,0.4479064968653698,0.4255100100930436
0,0.3956168847892653,0.42584843759458024
0,0.5002547833861641,0.4355781697521157
0,0.6362441308903387,0.4336956995209628
0,0.5532676175301544,0.44974590082201915
0,0.44757794484128344,0.4449638355431034
0,0.39400278202062905,0.44324821972480544
0,0.43657255454114197,0.44669291862322413
0,0.37973985876673516,0.45017982692455893
0,0.38652142604777373,0.4567622541190887
0,0.43851452184529616,0.4549648597012899
0,0.42954620774014984,0.45527278685710565
0,0.5794018058586707,0.4434549609962267
0,0.532057939330694,0.46098396447376705
0,0.533710540285468,0.4638480484258107
0,0.36480616826960605,0.4617967676230514
0,0.5224620157213653,0.45793376287538795
0,0.40899550641698484,0.4605141299724838
0,0.3797941220558019,0.4534607776896228
0,0.4886399875483682,0.44850886197784373
0,0.5372968124581755,0.44548970285141337
0,0.3660323874366255,0.4520875404018324
0,0.3402623570548429,0.4430251390238471
0,0.5076436908898735,0.44271159853813397
0,0.5440587062581109,0.44143666330503323
0,0.3874218453470322,0.44551862987343105
0,0.4114157710949775,0.4419475612968318
0,0.3464269509254891,0.4419475612968318
0,0.4984055432556108,0.4458825490499197
0,0.5436186386503917,0.4457463637534871
0,0.42869469798714865,0.44119197799762305
0,0.36031916087338606,0.45015693601725565
0,0.3575864676939535,0.4426101773852072
0,0.3531908076393544,0.44581246468003155
0,0.5009613376443922,0.45093283333661643
0,0.3500822616118205,0.45103358507975577
0,0.5139321649818744,0.4496612300200196
0,0.4873568423575922,0.4669530908578162
0,0.44658826851194156,0.47704822321304313
0,0.4174108824382991,0.4808282516633882
0,0.4214385514482185,0.4716113444719029
0,0.3472735541536877,0.4841741681574352
0,0.5081394026084444,0.4659054008530259
0,0.5410791194184205,0.453977686173357
0,0.5635155224246076,0.45156845969312553
0,0.3744972859921847,0.4600217807913925
0,0.38914932499163485,0.47014416347558347
0,0.4919356992902835,0.4708844725735302
0,0.35879192834162854,0.4746872035922929
0,0.5498615979169248,0.45182495047849824
0,0.38023846600018224,0.4814260045874897
0,0.4412130930021307,0.47452311456748114
0,0.5050296364361092,0.4739971811357937
0,0.4344072843930895,0.4642821930616324
0,0.5128234019873835,0.4534693581135529
0,0.4392722798520073,0.45526811340009604
0,0.3905789237259194,0.4531992491863217
0,0.4362621536681217,0.45329756804944404
0,0.40742549174142517,0.4496508079709637
0,0.44380776999422217,0.44005033554561973
0,0.42937494468168197,0.43865163884589
0,0.53255453517342,0.46161433491166526
0,0.4715205275436424,0.467133938762424
0,0.3649696072224784,0.44246478990934635
0,0.411420200662928,0.4419040026169547
0,0.5542420045295365,0.46239852492643657
0,0.3675355529973072,0.44260180946064376
0,0.37771262108043957,0.43527923272131425
0,0.49582893956686963,0.4390612138809427
0,0.5025184659167621,0.45692263910702124
0,0.5418849329010185,0.46620190240632475
0,0.3640167897976507,0.44230870313645
0,0.34060296996405026,0.4404294446502162
0,0.54852131642135,0.4623616163007255
0,0.37325536452831715,0.47075264920969456
0,0.4084115546163415,0.4486001521838601
0,0.3473897365937668,0.4424583584564977
0,0.5056406030196511,0.46303409779086
0,0.3795626545026831,0.46629807491377645
0,0.5055862560369013,0.4478381943437945
0,0.4563034997090886,0.46086108157034555
0,0.36043906430182443,0.4619313869330119
0,0.41956702895610626,0.4573122495464465
0,0.384593192658893,0.4544970163131422
0,0.421864780794296,0.4407420607373979
0,0.34789385157502134,0.4510480096350016
0,0.5759087088213757,0.44534234762911984
0,0.561779042730748,0.4358826700199841
0,0.3992969817213724,0.4362521754172839
0,0.48418708213209616,0.4334027278605501
0,0.3602975076014743,0.43703644895456417
0,0.5531612918986942,0.44201987691435307
0,0.3624889515883171,0.44378799259197643
0,0.46138543836132956,0.4423291212382983
0,0.5035194831468612,0.44192019895717594
0,0.4548800358347865,0.4655337500646657
0,0.3861260400828403,0.44859213238895024
0,0.5424127052975056,0.4527877507526486
0,0.43744816699460426,0.44860607317159623
0,0.3892457695832935,0.44813299880062574
0,0.4367202690331034,0.43888737383650406
0,0.38798554285229575,0.4357581593174167
0,0.4488780054627119,0.4319870988644353
0,0.42954620774014984,0.4278791926985426
0,0.5211906516854008,0.4331405819620884
0,0.4378667085971155,0.43556969016834957
0,0.4920411950065554,0.4429422072459893
0,0.370309307045664,0.4515242127495989
0,0.576103567754799,0.4515942343131103
0,0.4139944418523392,0.450918846494166
0,0.3884852344969795,0.4491486490625397
0,0.5280038848833597,0.4483061182801597
0,0.4805259600477317,0.4438736199986851
0,0.5408493648016289,0.43725703375453556
0,0.3711831930060721,0.4348953961238277
0,0.3599874865484797,0.4365245677896175
0,0.5480776704649908,0.4352374594024182
0,0.441129486632964,0.43606048794952573
0,0.4564641378982593,0.4417779746056563
0,0.36159526873497505,0.43761964301626755
0,0.5018113010237801,0.43530705165775224
0,0.5016002794498415,0.434124111680947
0,0.5700699489799078,0.44620082705090724
0,0.4599890745616513,0.45355126792143713
0,0.4350357897173493,0.45976952629452
0,0.35888963514933003,0.4403933278475475
0,0.4200410684213746,0.43292900784850274
0,0.3495029744221885,0.43239177706849197
0,0.3678953329478387,0.43221069428254166
0,0.4238900591189033,0.43185266556349333
0,0.35025700135173654,0.44562786829813317
0,0.5122987938757189,0.44681463825283124
0,0.5659920191306939,0.4446381645389471
0,0.37325583760135367,0.4425313642756541
0,0.5671582538171729,0.44473902270493015
0,0.41097584265535586,0.4377597122482342
0,0.48851658372105483,0.43922145816220903
0,0.36882071001992145,0.4031844501850448
0,0.5564491111891845,0.41063415675781934
0,0.3640101485484351,0.40143485340216717
0,0.3856580164103629,0.40754071812148485
0,0.4725470951289611,0.40754071812148485
0,0.5023715302980172,0.4006748184787583
0,0.4724024655013502,0.40345186632374186
0,0.4997206390398578,0.4051184732373895
0,0.4444404243175433,0.4029918876623562
0,0.4066246519329211,0.3995962948321123
0,0.37422402070277505,0.3950408882677347
0,0.5554108265590465,0.39696944599727296
0,0.43752466736716733,0.4039938913374266
0,0.3905789237259194,0.4055783301181555
0,0.4362621536681217,0.400622684951294
0,0.38201895702500444,0.40110304490235416
0,0.6071827813332416,0.41974596808183046
0,0.45077822228708603,0.41974596808183046
0,0.42954620774014984,0.4134013768465564
0,0.5278515667276681,0.4394883141626507
0,0.4425852522606812,0.4373998231538885
0,0.3644487221375877,0.4417103361672436
0,0.5767028575951889,0.43433193118739716
1,0.7392051780116238,0.43384111528753844
0,0.41213268149680427,0.4270293313015671
0,0.3525538053963418,0.4001809850101851
0,0.48781290536066213,0.40327801204504726
0,0.5440097216684018,0.4055860923031577
0,0.37817668616367,0.4004369927892743
0,0.38539174035584206,0.39829420766974066
0,0.5201774531914292,0.4066863643958482
0,0.5040748209990319,0.4110537867603225
0,0.5518524485975347,0.40988771102307414
0,0.3641134601537931,0.40337832181466554
0,0.533003449290258,0.41036139134210575
0,0.56389252607802,0.40956516825650674
0,0.3961196950915185,0.4132471489693215
0,0.48650043790541025,0.40465541065768473
0,0.3703896727250733,0.4093950216358213
0,0.516774210333895,0.4106296616052188
0,0.4486450230361084,0.4216480482431112
0,0.6161448970628965,0.4542073420105978
0,0.3479019976364727,0.4543044056659458
0,0.39672334865353315,0.4548500281815949
0,0.5448884966054036,0.4618754610502094
0,0.3925546946914125,0.4506173874543283
0,0.4196318202030598,0.45479165417483886
0,0.4215984486993141,0.4696331837998411
0,0.34742633592559224,0.4695369101020926
0,0.5669201195164829,0.45473344996370874
0,0.5796870114131172,0.4519087891962191
0,0.4131114073369263,0.4702248983008656
0,0.4951163746986925,0.47268401686668654
0,0.3594684254696891,0.47722538180267543
0,0.5596478506027163,0.4583451876822344
0,0.36425191285085284,0.4583451876822344
0,0.46570666487892565,0.4832569118819534
0,0.5162054645074533,0.4879687057887353
0,0.39284035838627035,0.461782190286831
0,0.5577527021398738,0.471200313263112
0,0.5596869118119732,0.4719706991570255
0,0.4351389420709553,0.4718597012985516
0,0.3905990590157965,0.47567792048829494
0,0.4369273894574644,0.47567792048829494
0,0.393478565182884,0.4655562981457859
0,0.4264595820936806,0.4680879855137023
0,0.45460441667676826,0.4483041787081477
0,0.42898087217644754,0.4747179982225497
0,0.5532850178061046,0.4746704098303377
0,0.4271766694448534,0.4664658970181042
0,0.4659177405033654,0.466141751620041
0,0.3644691804090047,0.48249644429757665
0,0.5786349259079219,0.4763475933953106
0,0.38572135762842125,0.45273557944754744
0,0.3666613434932427,0.46328770354705334
0,0.49705749547607664,0.4586797815710458
0,0.5523094588364121,0.45778996148898043
0,0.380400035509241,0.4379897510375337
0,0.381621799622905,0.4384586758873886
0,0.3518191628413515,0.4616818984257118
0,0.5098309057798684,0.4592863472314476
0,0.5594300949075449,0.45750225089008045
0,0.41426986609963545,0.4381586133636761
0,0.4497805654059787,0.461389622028252
0,0.3556041261276861,0.4609316435965517
0,0.5036145239820307,0.4591564601064035
0,0.5252208944003888,0.4402075845333074
0,0.3587722004298364,0.4458361013489504
0,0.4200426742542917,0.45084037064943594
0,0.4316369447043365,0.4526468993136045
0,0.41492578681086006,0.4574717458731255
0,0.3464266427384048,0.4663363329359619
0,0.5890636016843549,0.45059571802574333
0,0.5747216291390698,0.44158790090214356
0,0.3817273424384523,0.4381799684189222
0,0.5355672717866246,0.4430779526834072
0,0.48482359121677265,0.4448242485583545
0,0.5008019174197103,0.43633507732332055
0,0.360346760168792,0.44773853739029096
0,0.5695006192157195,0.459872296372586
0,0.39558691203064045,0.4502293060360374
0,0.36409634365462623,0.442903127540734
0,0.454517417124334,0.4350752604617268
0,0.5027008720022487,0.4363526319082388
0,0.43055537006845707,0.4510969252191874
0,0.5657930155700935,0.4372875135434388
0,0.43458953303089226,0.4573645615771854
0,0.39150483473367276,0.4510590147136712
0,0.4369273894574644,0.44868482261049647
0,0.36954016152494024,0.4492958068538038
0,0.42400115926571613,0.46930221701211056
0,0.45080536925919457,0.4608610421979966
0,0.42859944583910675,0.4552039989429991
0,0.5731592332814983,0.45573213556654846
0,0.4925022194594713,0.47404809432940814
0,0.5343115740022532,0.4761319216571405
0,0.3651813024893396,0.46503456933894205
0,0.5909238985869439,0.47340865218868156
0,0.4080067590435034,0.46989243377054707
0,0.3796395737463359,0.46989243377054707
0,0.5356573006433056,0.46712993732623737
0,0.5087901612136502,0.46788027510254715
0,0.5382954455342923,0.4597119007394029
0,0.3654320295483842,0.4597119007394029
0,0.34161713539720573,0.4555471025290871
0,0.5579549347399048,0.45693438280162224
0,0.39962699774502425,0.45003024722166635
0,0.44316168786063925,0.455726600461481
0,0.34703724992670926,0.45693438280162224
0,0.5022121714143307,0.4554411681856445
0,0.503785126575454,0.4579392339464978
0,0.44437321113965794,0.4665360982027899
0,0.3871638013261286,0.4773251749220813
0,0.6910746996489444,0.5060131008292968
0,0.35580034753770906,0.4807461197440343
0,0.35015442176966816,0.47830889437894814
0,0.503048233630724,0.4768007175510145
0,0.3528665638432614,0.47490846921590024
0,0.5130904293251064,0.4667272365430389
0,0.4197385600318324,0.480854261403162
0,0.415937000575467,0.47182329960144964
0,0.34750220376641416,0.4858835602390796
0,0.5925925005658567,0.4743608939606499
0,0.3712995648304457,0.46797816220960076
0,0.5610411267269151,0.4609785387406665
0,0.39932826491001006,0.46227541806683675
0,0.40280782572271223,0.45233979008716074
0,0.4490936863188688,0.4667584664862591
0,0.35629014683441823,0.4710894515394317
0,0.5524162729125512,0.4507802666247951
0,0.3609086861363589,0.4507802666247951
0,0.44904236270952086,0.4642039153980385
0,0.5040880874741617,0.4683315146722193
0,0.5691451655795823,0.4578568144164007
0,0.443371570734349,0.4497075583928562
0,0.3942475080871928,0.4608874083897893
0,0.4485480053269774,0.4608874083897893
0,0.41838681533864264,0.4668273043539322
0,0.45325515343044037,0.4572828836013756
0,0.4301354372999228,0.44707094072328746
0,0.49108100673720584,0.47095264730407427
0,0.4717151217541556,0.4781493303235261
0,0.362382647977275,0.4506547254599213
0,0.4237179299479957,0.44957020350450505
0,0.5922461095455206,0.45963508843680356
0,0.38248048847757987,0.43941810910049606
0,0.525390329602303,0.4479092909210718
0,0.44930677492679055,0.4368632289578324
0,0.551145531391836,0.4539725766447453
0,0.4151229770983659,0.4563147531428257
0,0.33958943355067017,0.43103173633569897
0,0.5550504791916662,0.4314016144406528
0,0.38269172807671625,0.44631065751414445
0,0.4627670288918515,0.45522995259115806
0,0.34656992505995327,0.42966404074860604
0,0.5047058735663662,0.43061946779988164
0,0.4943618776899357,0.4513806380492387
0,0.38117029565140825,0.46202513292637387
0,0.44296576133900634,0.44326520598244457
0,0.3575733491539676,0.43497792728580165
0,0.41916748464178116,0.4377802317364676
0,0.41569456128762733,0.4410163827816378
0,0.4144923694952932,0.4374678044828386
0,0.34735320994859237,0.4365099413971784
0,0.5958854295907168,0.4365099413971784
0,0.5643064204008809,0.4314957300076535
0,0.4163058044176866,0.42605239971929404
0,0.5116090436379667,0.4284209846083555
0,0.4526518354634542,0.42712133949219366
0,0.3562986265241968,0.4195408538320243
0,0.556971828352396,0.4195290873177179
0,0.38496890105440956,0.4178720965027829
0,0.46800411543833675,0.42233109451235196
0,0.5019780695512831,0.4397595107803674
0,0.424981304470045,0.4450050166439725
0,0.3855306298529953,0.44602387153509304
0,0.5819262473615919,0.44877364808549935
0,0.44647764201218937,0.4536825898887654
0,0.3945938528410152,0.4521697716013771
0,0.4477852974694805,0.4494717397991841
0,0.40222205705485475,0.4452004117659616
0,0.45918218022764024,0.4528899618366922
0,0.4288652855070675,0.4528899618366922
0,0.4742031375641452,0.4558403883736605
0,0.4373266936244369,0.45797677887352933
0,0.4508222262669266,0.4588213956604921
0,0.36173798527404877,0.45830202337138864
0,0.595683879720604,0.4558755080884339
0,0.39835988575680337,0.45952877270731285
0,0.4047305584835162,0.4608860126563783
0,0.38413511225027414,0.4686440545715267
0,0.4561910464610927,0.4643053135360749
0,0.5467768859535469,0.46362761962379767
0,0.36618229320890716,0.44544826912126506
0,0.35800497433457595,0.44505914416236236
0,0.5324100094205163,0.4474794139987059
0,0.5578306912735417,0.4599981708243552
0,0.4454655062727463,0.45343635451829273
0,0.46957486056277015,0.4496389961181084
0,0.3604385000761033,0.45029336059577035
0,0.5063302102489188,0.4450843900320403
0,0.5039263671145708,0.44080373478673984
0,0.5940231959325881,0.43246110946918814
0,0.35952636638535024,0.4247041469449824
0,0.4252182516083388,0.42281017331959814
0,0.350690476555386,0.42803197407793886
0,0.36874722648002545,0.43086240638681034
0,0.4171222138395604,0.4353369344017175
0,0.3515069632625275,0.4395211786168162
0,0.5972125286167712,0.4395827794086682
0,0.5802235211654244,0.4524026778892707
0,0.44071401862329174,0.4844190142347697
0,0.4575990837118158,0.4930278867235777
0,0.35691574628447037,0.4904053713636439
0,0.5467173595018507,0.5034076621513952
0,0.37903357772678575,0.4793161098500515
0,0.3858412492866394,0.45078509063017463
0,0.4735293726412273,0.441365292050852
0,0.5032158281346073,0.44760093531329387
0,0.48176293947250654,0.45538438944171017
0,0.5044300249203633,0.44776363056647644
0,0.44456996912386004,0.4169841001436178
0,0.40829669022690407,0.4051662085885355
0,0.37422519682535815,0.4325335263240864
0,0.5814679717302687,0.4458924891561333
0,0.6135559060188638,0.4457560364272717
0,0.5155980427109619,0.42543378234620755
0,0.4771270487410025,0.4064963538145538
0,0.4835663302086284,0.42858686905966303
0,0.36387350596326495,0.4287457314663371
0,0.4745704956341961,0.43437648246123745
0,0.4271361700788969,0.42565956947396066
0,0.47099201054597983,0.44716793672821664
0,0.4395201353998434,0.4389143905124718
0,0.3753170411228259,0.43769643411314824
1,0.7404565763306677,0.43485632477014613
0,0.6111038022797197,0.44376060860074185
0,0.40887279342118965,0.4332791564234062
0,0.3536221240996068,0.4008604112837897
0,0.4669351901218553,0.4049806423857552
0,0.543034561790951,0.3973520157751616
0,0.3689935835506263,0.3937370407548731
0,0.3832188083391187,0.3929115867022784
0,0.5288373289849668,0.3904961534546327
0,0.49080710260315136,0.38829225498349373
0,0.5634273405207219,0.38674333269658845
0,0.3530243256071119,0.38418035538767464
0,0.5123765310796619,0.3835338543813531
0,0.5668507152534282,0.37920431604059435
0,0.40472318233144766,0.38316997100600547
0,0.4564554560245198,0.3842943586640406
0,0.35676905940172093,0.39072283043293127
0,0.5144828406404572,0.39316013691966417
0,0.46970906813226043,0.3936984286526955
0,0.43876497737137427,0.3993248918262617
0,0.35088582324354434,0.41428310644547506
0,0.3870884134949563,0.4168107232399668
0,0.5440468177009952,0.42089118742310533
0,0.4277927923985408,0.41810565855985365
0,0.41908561295306235,0.4109699259888231
0,0.4409221226980399,0.41741657654460473
0,0.34908649199670194,0.4133596223959238
0,0.5816411267191521,0.4212303305054025
0,0.42010752481672153,0.4162274777837554
0,0.5539118888486314,0.4256003874794876
0,0.3873608658750041,0.4273315176801975
0,0.46808093237927983,0.4052277089377811
0,0.46115581521933735,0.4134046917690802
0,0.39540549999024394,0.4107435723991367
0,0.5740664320898319,0.4009595670486527
0,0.36791002106524967,0.4100409435262581
0,0.4682515705725305,0.4125139408318498
0,0.5124217295903932,0.4136357785076065
0,0.36475901835844055,0.40411516478443804
0,0.5532994330453359,0.4055955693968765
0,0.5976863710498708,0.4158947002696462
0,0.4671931080780264,0.4120365422246692
0,0.4234527771620293,0.4090931612505692
0,0.45814702198367285,0.4125492368961516
0,0.4148608902341364,0.4179966425709851
0,0.4626586429368483,0.40818665924984193
0,0.4554020025359121,0.4028202541572253
0,0.4295337618158955,0.39369740751227816
0,0.4755683992130204,0.41578525559393686
0,0.4098102017448402,0.3953756908351205
0,0.4633206250434063,0.4077661759088077
0,0.36983008150536933,0.42554449258848864
0,0.5830899542318778,0.41206079910848625
0,0.39689456848926713,0.3878003253176195
0,0.38518778926282937,0.38971622817816964
0,0.4642598145999245,0.39313637948777497
0,0.5209845473360935,0.3930886663693513
0,0.5690113579448427,0.37744606508243644
0,0.3823818642539106,0.3777135390105235
0,0.34679616042590233,0.38782773490116124
0,0.5365191106225351,0.3993698892170831
0,0.3787460715168501,0.4021015236857208
0,0.44448085019643985,0.3812314928546531
0,0.3499939606400715,0.3980487969758758
0,0.504499878009299,0.4006593284072416
0,0.5267647694113672,0.4020458470765863
0,0.37450480293194666,0.4017463526562918
0,0.41786910718082315,0.4008794932510408
0,0.4165528436576318,0.4060498025550892
0,0.35709619609581095,0.40839632095125356
0,0.5632766077061162,0.39762600834980555
0,0.516399754073224,0.3862349491991632
0,0.41408473205105845,0.3849080645888824
0,0.4174481651460572,0.39927219469061914
0,0.44543361947583127,0.3979127434151094
0,0.3559127014238993,0.38414398641231606
0,0.5583884816454959,0.39825954714617
0,0.3650331015176349,0.402273045901809
0,0.3925639861833402,0.392942918884549
0,0.44867903781823626,0.37999348992081206
0,0.5052221606454299,0.37364443181291784
0,0.4581762003297385,0.3758913484617506
0,0.5822248588377247,0.43004051672347227
0,0.47747396410370524,0.4258244641599874
0,0.41949344479946393,0.4128454661477915
0,0.45485901652643557,0.388579346184226
0,0.3698069480922307,0.39782230207005387
0,0.407883121225431,0.4201874575125497
0,0.4349964817998463,0.414824462089446
0,0.42952935482215654,0.4084339147935106
0,0.5790709194814604,0.4014153189132676
0,0.4682156782673777,0.4212489717714308
0,0.533710540285468,0.4235079401066101
0,0.3610599532530782,0.4176467044870811
0,0.544759648735561,0.41130008086237846
0,0.40938180702126564,0.42655467103255545
0,0.40626203298512775,0.4238965682161406
0,0.4487940976406584,0.4067270765112504
0,0.5699558659562116,0.4012595909494208
0,0.36809478868021794,0.3965377764400144
0,0.3916090218354015,0.3954059432888839
0,0.3414553270933795,0.39410564391849146
0,0.5114276811595247,0.3953787944952342
0,0.48697247479589423,0.3938985389384589
0,0.45920757473720536,0.3902250408955057
0,0.4540963856764855,0.38967997810733673
0,0.34744627996587146,0.3900750588441641
0,0.505485082568654,0.3932934548402822
0,0.5115415554284434,0.3984271903499995
0,0.4448617655390788,0.3913762340079295
0,0.3576094231055802,0.4027630729591159
0,0.388886882928765,0.3909810233198843
0,0.3714659993570108,0.38248584334495955
0,0.5033032537426759,0.38914811767914403
0,0.3714659993570108,0.37770713647708754
0,0.536499122251811,0.38960834648413695
0,0.5218597822392385,0.4034361091338241
0,0.45127980556242353,0.40632984824502155
0,0.4167412972546577,0.4147846454747311
0,0.415563487708475,0.41469012678305595
0,0.3617037233959618,0.4186588594070504
0,0.521767936101959,0.4075923550833849
0,0.3972217740642823,0.41339049659286464
0,0.4237784113315067,0.3992577162948026
0,0.47827108989861994,0.38561815663668425
0,0.4327457534806679,0.38686627056912903
0,0.44689881882988297,0.38145739593463723
0,0.35610257753601415,0.3998994062227509
0,0.5788769294949441,0.37829153965123086
0,0.38481131121661627,0.3788652058899524
0,0.4447227557826694,0.3778101078904188
0,0.5053125850533308,0.39488009001173824
0,0.5731161218687351,0.3751446314841278
0,0.44977023970249436,0.3755027997500818
0,0.39475018057947986,0.3746920522597156
0,0.43453335844489044,0.37554987478141044
0,0.4062107751435405,0.380033803144749
0,0.43241231547777215,0.3800000651644545
0,0.42705053499060325,0.3800000651644545
0,0.4737766887596592,0.3693973143104427
0,0.5063129195612229,0.3764892037877062
0,0.36539588160584124,0.3765490097998019
0,0.41813195636153494,0.3828757719598747
0,0.5102662216685169,0.37282646427756233
0,0.3819087678248626,0.3599687165337044
0,0.5051511469231776,0.36638799315714793
0,0.43910650113453426,0.37050771761716833
0,0.3894495907878642,0.36987522707636
0,0.5737654209903107,0.3713781806401429
0,0.3695228383717297,0.36518269449377844
0,0.3406030400576986,0.3728731789487352
0,0.3954445436620065,0.38864248155081943
0,0.4598844921566921,0.3723017492118685
0,0.3416023264026109,0.3654398051754855
0,0.5036234458983159,0.37695352647666325
0,0.37875736794565734,0.3762505755403243
0,0.45036945574474957,0.3769888432044589
0,0.43622661707074023,0.3761797605599229
0,0.3923508807592643,0.3688295558867724
0,0.41925288206779965,0.3760188711551701
0,0.4006217749495356,0.3708017132055144
0,0.4151282223612696,0.3689141084571915
0,0.3617999877396791,0.37661211610763645
0,0.5051706559231788,0.3747610417567625
0,0.47343561470760165,0.37650367795260703
0,0.3791501491084717,0.38641487480107933
0,0.3890232655081157,0.375814356447758
0,0.43730266412806956,0.3659472357005111
0,0.3572001013623878,0.35811459520804023
0,0.5800499603659126,0.3575852926732192
0,0.3660761489525358,0.35879189874256445
0,0.4682169392288437,0.35784446356725963
0,0.5027629720537719,0.37118602648346966
0,0.45571955130286623,0.3734931069879095
0,0.4965210750581309,0.3831509532684038
0,0.5853458086666286,0.3888819694016618
0,0.5543425495035568,0.37832435341474224
0,0.4200241632699181,0.3850795602309862
0,0.4498148743629778,0.38085777328301135
0,0.37530149386483713,0.3832296690055699
0,0.4991590658107704,0.3956970512324905
0,0.4260101211045349,0.3820367626490734
0,0.4625608508928029,0.3864205546131911
0,0.4712140878449361,0.38246490716730375
0,0.4619697029674481,0.3849689549722585
0,0.3776039822216298,0.4004035659495192
0,0.504650019594264,0.39155224577544046
0,0.3952062710903928,0.39307359129240194
0,0.39841194007117026,0.4029088296426068
0,0.5276205813059822,0.41773322634342336
0,0.4700057704246644,0.41234807583256744
0,0.5878924482667744,0.4030852084915361
0,0.3934246362215908,0.400719032615714
0,0.3578332465911397,0.3958426278150199
0,0.4040487441835055,0.39024692118249293
0,0.4106858915213,0.386809081956827
0,0.4789357645639121,0.3947086390648959
0,0.38683176032928895,0.3979544302639291
0,0.5111535766367659,0.3822015877363569
0,0.507504063862066,0.3787097715566167
0,0.605526758539044,0.3811931543547478
0,0.3858174930864749,0.3666395648690234
0,0.430943760913763,0.3634004107945581
0,0.36021878874993735,0.3673754917208654
0,0.3668327057760051,0.36200551097533845
0,0.37012178106946986,0.36857529334565675
0,0.3852240984289927,0.3713299553434472
0,0.4151282223612696,0.37131826151183606
0,0.3642663001715496,0.39530178485226225
0,0.49064361071881923,0.39792877704859636
0,0.4066186086754579,0.4243444948757236
0,0.3938808230284746,0.45575891278615716
0,0.4711041915754503,0.4571814185703831
0,0.46625178281295976,0.4217242581015091
0,0.35630507419189283,0.4079509296912655
0,0.6013843541958894,0.4090653498154805
0,0.39457557771897644,0.40900054825432886
0,0.3914310025298325,0.39879621272905297
0,0.4720735476608955,0.397558620699647
0,0.5239467408898513,0.3948433935439825
0,0.498731983353872,0.39287130408261267
0,0.49849681622249165,0.39671351981648484
0,0.44438529367431445,0.39536239442344456
0,0.42074311588321595,0.38286421650153835
0,0.37409639832296887,0.3781413287708926
0,0.5692325711711262,0.3812961928257918
0,0.49749432063603605,0.38205224803925714
0,0.4083510274286635,0.37960778970921055
0,0.4395138453368372,0.38381429288557645
0,0.37193410638860497,0.3756457072489774
0,0.5974807632820894,0.3725990832269027
0,0.4694805251991707,0.37352864725914264
0,0.4333496875904427,0.3740476020995245
0,0.46488023017050806,0.3730340273353432
0,0.47228645817876347,0.38021179312129794
0,0.37166521120824964,0.3809657590147418
0,0.4831188992719675,0.3782746700601911
1,0.7396385316738853,0.37084199590951167
0,0.4022662936753139,0.3669288464720379
0,0.37086622106081885,0.37416066588824953
0,0.4478203863166128,0.3739330280309612
0,0.6003698649639722,0.37489850179956624
0,0.37038201688832334,0.37153994741264573
0,0.4653784940156544,0.36821317978016715
0,0.3908269901270381,0.3754762552118129
0,0.5244084302707241,0.37235476897998604
0,0.4961571786640648,0.3696053115905204
0,0.5113024843893809,0.36773714644714833
0,0.36989192343914096,0.3697481352202759
0,0.5177186985546712,0.37092704349648437
0,0.42094477361678573,0.37321274739262134
0,0.43289713621457043,0.3738098498086781
0,0.47969087297113805,0.3694001423892345
0,0.37267895761814773,0.37150451587313443
0,0.5294462693782365,0.37528112884947085
0,0.44751315222287447,0.37223060478369896
0,0.3672065276306297,0.3899974145600381
0,0.3886327136860099,0.3938984908312001
0,0.5385112984813639,0.3968377351999485
0,0.43158214337297574,0.38084158805193996
0,0.4224288662259165,0.3775515891400115
