corpus,dataset,capture,attack_type,representation,detector,seed,precision,recall,f1,roc_auc,pr_auc,fpr,train_seconds,score_seconds,runtime_seconds,peak_rss_mb,model_bytes
hcrl,DoS,DoS,DoS,raw,isolation_forest,0,0.0,0.0,0.0,0.8259218833464455,0.45869826007438336,0.0010639489304513383,0.5899506999994628,0.3041582000005292,0.894108899999992,526.37109375,2365487
hcrl,DoS,DoS,DoS,raw,isolation_forest,1,0.0,0.0,0.0,0.8434683637070919,0.4767994178484775,0.001175943554709374,0.5895488000005571,0.29638619999968796,0.885935000000245,529.24609375,2385551
hcrl,DoS,DoS,DoS,raw,isolation_forest,2,0.0,0.0,0.0,0.8600654045534165,0.5201469331089202,0.0008959569940642849,0.6432903000004444,0.33846450000055484,0.9817548000009992,529.37109375,2440463
hcrl,DoS,DoS,DoS,raw,isolation_forest,3,0.0,0.0,0.0,0.8627129620781288,0.5108207148940187,0.0010639489304513383,0.5959236000016972,0.31342860000040673,0.9093522000021039,529.40625,2341199
hcrl,DoS,DoS,DoS,raw,isolation_forest,4,0.0,0.0,0.0,0.8777841865510236,0.5440237900952305,0.0008959569940642849,0.7507715000010649,0.34967170000163605,1.100443200002701,529.43359375,2427439
hcrl,DoS,DoS,DoS,raw,one_class_svm,0,0.3118279569892473,0.00994172094617758,0.019269102990033225,0.9860065270175224,0.8717697335159855,0.0071676559525142795,0.10765820000051463,0.7670794999994541,0.8747376999999688,530.0625,31066
hcrl,DoS,DoS,DoS,raw,one_class_svm,1,0.2885572139303483,0.00994172094617758,0.019221209610604806,0.9850646318788148,0.8661320359020603,0.008007615634449546,0.09932689999914146,0.764623400000346,0.8639502999994875,525.25,30282
hcrl,DoS,DoS,DoS,raw,one_class_svm,2,0.27102803738317754,0.00994172094617758,0.019179894179894182,0.9842103897148007,0.8606018870487846,0.008735580692126777,0.10670050000044284,0.8514519999989716,0.9581524999994144,524.9921875,31066
hcrl,DoS,DoS,DoS,raw,one_class_svm,3,0.31521739130434784,0.00994172094617758,0.01927550681289465,0.9852120255581177,0.8672290314287089,0.007055661328256244,0.12463340000067546,0.8098282999999356,0.934461700000611,525.375,30810
hcrl,DoS,DoS,DoS,raw,one_class_svm,4,0.23481781376518218,0.00994172094617758,0.019075809899687553,0.9854350453639659,0.8686852360851176,0.010583491992384366,0.19250979999924311,0.9288966999993136,1.1214064999985567,525.3984375,30666
hcrl,DoS,DoS,DoS,raw,lof,0,0.0,0.0,0.0,0.9628802706054271,0.7442528334939085,0.004143801097547317,0.10790799999995215,0.3781212999983836,0.4860292999983358,531.1015625,2514956
hcrl,DoS,DoS,DoS,raw,lof,1,0.0,0.0,0.0,0.9536082521724251,0.7064314060677543,0.0037518199126441933,0.12429660000088916,0.3972732000001997,0.5215698000010889,533.6328125,2514956
hcrl,DoS,DoS,DoS,raw,lof,2,0.0,0.0,0.0,0.9565637565200779,0.7173810259231692,0.0038078172247732107,0.13778459999957704,0.36596970000027795,0.503754299999855,532.9140625,2514956
hcrl,DoS,DoS,DoS,raw,lof,3,0.0,0.0,0.0,0.949861212284025,0.6922190084170141,0.004535782282450443,0.10309249999954773,0.3649786000005406,0.46807110000008834,532.98828125,2514956
hcrl,DoS,DoS,DoS,raw,lof,4,0.0,0.0,0.0,0.9446881990185554,0.6767998699745181,0.002967857542837944,0.13570700000127545,0.37988550000045507,0.5155925000017305,530.984375,2514956
hcrl,DoS,DoS,DoS,raw,hbos,0,0.2188679245283019,0.00994172094617758,0.01901951139531071,0.25062287171340214,0.3004832883295875,0.011591443610706686,0.01042770000094606,0.01449779999893508,0.02492549999988114,528.12890625,3855
hcrl,DoS,DoS,DoS,raw,hbos,1,0.2188679245283019,0.00994172094617758,0.01901951139531071,0.25062287171340214,0.3004832883295875,0.011591443610706686,0.009911900000588503,0.010132400000657071,0.020044300001245574,528.28515625,3855
hcrl,DoS,DoS,DoS,raw,hbos,2,0.2188679245283019,0.00994172094617758,0.01901951139531071,0.25062287171340214,0.3004832883295875,0.011591443610706686,0.006675799999356968,0.010736700000052224,0.017412499999409192,528.32421875,3855
hcrl,DoS,DoS,DoS,raw,hbos,3,0.2188679245283019,0.00994172094617758,0.01901951139531071,0.25062287171340214,0.3004832883295875,0.011591443610706686,0.004290900000341935,0.009798599998248392,0.014089499998590327,528.375,3855
hcrl,DoS,DoS,DoS,raw,hbos,4,0.2188679245283019,0.00994172094617758,0.01901951139531071,0.25062287171340214,0.3004832883295875,0.011591443610706686,0.008206200000131503,0.010545000001002336,0.01875120000113384,528.37890625,3855
hcrl,DoS,DoS,DoS,raw,elliptic_envelope,0,0.0,0.0,0.0,0.6581986169566156,0.29636091339282533,0.007335647888901333,0.8682606000002124,0.017868599999928847,0.8861292000001413,536.296875,66831
hcrl,DoS,DoS,DoS,raw,elliptic_envelope,1,0.4461538461538462,0.00994172094617758,0.019450033534540577,0.6264118396708456,0.2770159740490758,0.0040318064732892825,0.7267490000012913,0.008837599998514634,0.7355865999998059,536.54296875,66831
hcrl,DoS,DoS,DoS,raw,elliptic_envelope,2,0.4496124031007752,0.00994172094617758,0.019453295321147073,0.6287773853635965,0.2786918965916095,0.003975809161160264,0.6850524000001315,0.008187900000848458,0.6932403000009799,537.38671875,66831
hcrl,DoS,DoS,DoS,raw,elliptic_envelope,3,0.42962962962962964,0.00994172094617758,0.019433740995141564,0.6291047498352236,0.27868330971906086,0.004311793033934371,0.7564234000001306,0.00900290000026871,0.7654263000003994,536.53125,66831
hcrl,DoS,DoS,DoS,raw,elliptic_envelope,4,0.49572649572649574,0.00994172094617758,0.019492522265165516,0.6169996647840028,0.27321638183920227,0.0033038414156120505,0.7693209999997634,0.008166199999322998,0.7774871999990864,536.38671875,66831
hcrl,DoS,DoS,DoS,raw,autoencoder,0,0.25217391304347825,0.00994172094617758,0.01912928759894459,0.8687092145391213,0.49731702382639636,0.009631537686191063,1.9341499000001932,0.023076099998434074,1.9572259999986272,540.02734375,18610
hcrl,DoS,DoS,DoS,raw,autoencoder,1,0.17682926829268292,0.00994172094617758,0.018825056799740347,0.6649784286528398,0.30813388192919294,0.015119274274834808,2.166892100000041,0.02201260000038019,2.188904700000421,542.078125,18610
hcrl,DoS,DoS,DoS,raw,autoencoder,2,0.0,0.0,0.0,0.7171198065660487,0.33370793705690865,0.008623586067868743,1.7958142999996198,0.016355299998394912,1.8121695999980147,542.890625,18610
hcrl,DoS,DoS,DoS,raw,autoencoder,3,0.19795221843003413,0.00994172094617758,0.018932593438877106,0.9338663297127114,0.6450055980698102,0.013159368350319185,1.8753237000000809,0.012389899999107001,1.8877135999991879,543.61328125,18610
hcrl,DoS,DoS,DoS,raw,autoencoder,4,0.1291759465478842,0.00994172094617758,0.018462517905459178,0.8956078027349649,0.5525506424600455,0.021894949042445964,1.7648628999995708,0.011539499999344116,1.776402399998915,544.3359375,18610
hcrl,DoS,DoS,DoS,residual,isolation_forest,0,0.05576923076923077,0.00994172094617758,0.016875181844631947,0.8936678423734599,0.6304890448608542,0.05498936051069549,0.5544991999995545,0.26505659999929776,0.8195557999988523,544.71484375,1757055
hcrl,DoS,DoS,DoS,residual,isolation_forest,1,0.04654895666131621,0.00994172094617758,0.01638418079096045,0.8915093446786408,0.5816468548738402,0.06652480680927315,0.4895509999987553,0.24585759999899892,0.7354085999977542,545.55078125,1767439
hcrl,DoS,DoS,DoS,residual,isolation_forest,2,0.04067321178120617,0.00994172094617758,0.015977961432506887,0.8713426911490422,0.6036500824072056,0.07660432299249637,0.6608042999996542,0.2613225000004604,0.9221268000001146,543.57421875,1770607
hcrl,DoS,DoS,DoS,residual,isolation_forest,3,0.04104741684359519,0.00994172094617758,0.01600662343038499,0.8558886424051577,0.5216424344992735,0.07587635793481913,0.5697962999984156,0.21143119999942428,0.7812274999978399,544.51171875,1753183
hcrl,DoS,DoS,DoS,residual,isolation_forest,4,0.050522648083623695,0.00994172094617758,0.016614150673159554,0.8790744187576905,0.5361099494197441,0.06103707022062941,0.529187299998739,0.2502813999999489,0.779468699998688,543.5859375,1720975
hcrl,DoS,DoS,DoS,residual,one_class_svm,0,0.04978540772532189,0.00994172094617758,0.016573796256608087,0.7908864364911582,0.39549217166646206,0.061989024526822714,0.07825670000056562,0.8360769000009896,0.9143336000015552,537.6484375,32122
hcrl,DoS,DoS,DoS,residual,one_class_svm,1,0.06345733041575492,0.00994172094617758,0.017190278601066984,0.8220525497052452,0.4302779822408356,0.04793369918243924,0.09756000000015774,0.7851707999998325,0.8827307999999903,536.96875,31866
hcrl,DoS,DoS,DoS,residual,one_class_svm,2,0.0625,0.00994172094617758,0.01715468796214138,0.8343729758085083,0.44588732440354995,0.048717661552245495,0.15401810000003024,0.7443741000006412,0.8983922000006714,537.484375,31994
hcrl,DoS,DoS,DoS,residual,one_class_svm,3,0.06373626373626373,0.00994172094617758,0.01720047449584816,0.8079706750695782,0.4138880731333409,0.04770970993392317,0.08954300000004878,0.7999030999999377,0.8894460999999865,536.96484375,32394
hcrl,DoS,DoS,DoS,residual,one_class_svm,4,0.06415929203539823,0.00994172094617758,0.017215791035915702,0.8303612204810947,0.4406041028094428,0.04737372606114906,0.09508349999850907,0.7891728000013245,0.8842562999998336,536.8359375,31466
hcrl,DoS,DoS,DoS,residual,lof,0,0.0,0.0,0.0,0.8497458505262231,0.46891951653735775,0.017807145257027663,0.5022057000005589,2.890745299999253,3.3929509999998118,543.63671875,2514956
hcrl,DoS,DoS,DoS,residual,lof,1,0.0,0.0,0.0,0.783465669616319,0.390203714091526,0.027214693694702655,0.6239798999995401,2.854983400000492,3.478963300000032,545.63671875,2514956
hcrl,DoS,DoS,DoS,residual,lof,2,0.0,0.0,0.0,0.7868764184817929,0.3936225754133126,0.01663120170231829,0.5264341000001878,2.669556000000739,3.1959901000009268,541.43359375,2514956
hcrl,DoS,DoS,DoS,residual,lof,3,0.0,0.0,0.0,0.8216728641248738,0.43167998728739343,0.02911860230708926,0.549719599999662,2.724130700000387,3.273850300000049,544.0546875,2514956
hcrl,DoS,DoS,DoS,residual,lof,4,0.0,0.0,0.0,0.8015706161428215,0.408780675736111,0.02267891141225221,0.5601120999999694,2.875366299998859,3.4354783999988285,545.046875,2514956
hcrl,DoS,DoS,DoS,residual,hbos,0,0.2529207451847174,0.13729859444634898,0.17798022441950898,0.7559967227846632,0.5119731662585943,0.13248964049725614,0.006318100000498816,0.008418699999310775,0.014736799999809591,540.2109375,3711
hcrl,DoS,DoS,DoS,residual,hbos,1,0.2529207451847174,0.13729859444634898,0.17798022441950898,0.7559967227846632,0.5119731662585943,0.13248964049725614,0.006271800000831718,0.009549399999741581,0.0158212000005733,539.5546875,3711
hcrl,DoS,DoS,DoS,residual,hbos,2,0.2529207451847174,0.13729859444634898,0.17798022441950898,0.7559967227846632,0.5119731662585943,0.13248964049725614,0.006966099999772268,0.010581599999568425,0.017547699999340693,539.59765625,3711
hcrl,DoS,DoS,DoS,residual,hbos,3,0.2529207451847174,0.13729859444634898,0.17798022441950898,0.7559967227846632,0.5119731662585943,0.13248964049725614,0.006740900000295369,0.00980390000040643,0.016544800000701798,539.77734375,3711
hcrl,DoS,DoS,DoS,residual,hbos,4,0.2529207451847174,0.13729859444634898,0.17798022441950898,0.7559967227846632,0.5119731662585943,0.13248964049725614,0.006163899999592104,0.00964650000059919,0.015810400000191294,539.77734375,3711
hcrl,DoS,DoS,DoS,residual,elliptic_envelope,0,0.020131898646303367,0.00994172094617758,0.013310384394721745,0.6776019159719346,0.31011474281208323,0.15808041214021726,0.7306817000007868,0.008681899998919107,0.7393635999997059,542.49609375,66831
hcrl,DoS,DoS,DoS,residual,elliptic_envelope,1,0.020379479971890373,0.00994172094617758,0.013364055299539171,0.6766380979911113,0.30952095721984,0.15612050621570164,0.7913214000000153,0.012107999998988817,0.8034293999990041,542.37109375,66831
hcrl,DoS,DoS,DoS,residual,elliptic_envelope,2,0.019489247311827957,0.00994172094617758,0.013166855845629967,0.6759215934734892,0.3092500188852012,0.16340015679247397,0.7767368999993778,0.011943699999392265,0.78868059999877,542.33984375,66831
hcrl,DoS,DoS,DoS,residual,elliptic_envelope,3,0.019938123066345823,0.00994172094617758,0.013267757062793093,0.6757535439464487,0.3088778841732107,0.15964833687982977,0.7374922999988485,0.015381100000013248,0.7528733999988617,542.3671875,66831
hcrl,DoS,DoS,DoS,residual,elliptic_envelope,4,0.019687712152070606,0.00994172094617758,0.013211845102505696,0.6767890142987225,0.30987531949160724,0.16172023742860342,0.8311176000006526,0.019977199999630102,0.8510948000002827,542.33984375,66831
hcrl,DoS,DoS,DoS,residual,autoencoder,0,0.05466540999057493,0.00994172094617758,0.016823785351704135,0.6209129688891833,0.27744553181910675,0.05616530406540486,2.0053086999996594,0.012448699999367818,2.0177573999990273,541.328125,18610
hcrl,DoS,DoS,DoS,residual,autoencoder,1,0.0774365821094793,0.00994172094617758,0.01762114537444934,0.783807690909273,0.38923495807878594,0.0386941426811513,1.8473964000004344,0.012666400001762668,1.860062800002197,543.17578125,18610
hcrl,DoS,DoS,DoS,residual,autoencoder,2,0.04482225656877898,0.00994172094617758,0.01627384960718294,0.8150991213854715,0.42241674548997526,0.069212677791466,2.0251459999999497,0.015067600001202663,2.0402136000011524,543.5546875,18610
hcrl,DoS,DoS,DoS,residual,autoencoder,3,0.034544371649791544,0.00994172094617758,0.015439904166112073,0.8055187817902806,0.41168031976099634,0.09077164296113786,2.020862599998509,0.015427099999214988,2.036289699997724,543.5546875,18610
hcrl,DoS,DoS,DoS,residual,autoencoder,4,0.03835978835978836,0.00994172094617758,0.015790906615845358,0.802523962223142,0.4083619045255734,0.08142009183559189,2.1895229000001564,0.017921999999089167,2.2074448999992455,543.5546875,18610
hcrl,Fuzzy,Fuzzy,Fuzzy,raw,isolation_forest,0,0.3458646616541353,0.10648148148148148,0.16283185840707964,0.8668615745752454,0.2909264464063234,0.013454301768132377,0.4804316999998264,0.204891299999872,0.6853229999996984,543.74609375,2117327
hcrl,Fuzzy,Fuzzy,Fuzzy,raw,isolation_forest,1,0.33482142857142855,0.11574074074074074,0.17201834862385318,0.8866247082864778,0.30736328631734844,0.015361616578174133,0.4856880999996065,0.2358265000002575,0.721514599999864,545.640625,2203919
hcrl,Fuzzy,Fuzzy,Fuzzy,raw,isolation_forest,2,0.3538135593220339,0.12885802469135801,0.18891402714932126,0.8801678319297355,0.3062830000692874,0.015722459920614464,0.5059313000001566,0.21042280000074243,0.716354100000899,545.30078125,2143375
hcrl,Fuzzy,Fuzzy,Fuzzy,raw,isolation_forest,3,0.3358208955223881,0.10416666666666667,0.15901060070671377,0.8714919599393884,0.29164743971234497,0.013763596061652663,0.48049580000042624,0.2136422000003222,0.6941380000007484,545.43359375,2225039
hcrl,Fuzzy,Fuzzy,Fuzzy,raw,isolation_forest,4,0.3511450381679389,0.10648148148148148,0.1634103019538188,0.8958423623719944,0.30843628217335295,0.013145007474612093,0.5344482000000426,0.23003699999935634,0.7644851999993989,545.43359375,2193359
hcrl,Fuzzy,Fuzzy,Fuzzy,raw,one_class_svm,0,0.4283347141673571,0.39891975308641975,0.41310427487015583,0.6100992223730509,0.2268208570023058,0.03556884375483272,0.0846480000000156,0.6937566000015067,0.7784046000015223,540.53125,30810
hcrl,Fuzzy,Fuzzy,Fuzzy,raw,one_class_svm,1,0.42655601659751036,0.3966049382716049,0.4110355857656937,0.6193572883672889,0.22132426251255577,0.03562039280375277,0.08696119999876828,0.5877733999986958,0.6747345999974641,539.51171875,31338
hcrl,Fuzzy,Fuzzy,Fuzzy,raw,one_class_svm,2,0.4311624072547403,0.4035493827160494,0.41689916301315266,0.6258130112345106,0.2257329800432128,0.03556884375483272,0.10041109999838227,0.6326002000005246,0.7330112999989069,539.3359375,30810
hcrl,Fuzzy,Fuzzy,Fuzzy,raw,one_class_svm,3,0.41545893719806765,0.39814814814814814,0.4066193853427896,0.6054274704881695,0.21826777344772602,0.03742460951595443,0.0938836999994237,0.6566009999987727,0.7504846999981964,539.65625,30938
hcrl,Fuzzy,Fuzzy,Fuzzy,raw,one_class_svm,4,0.4532967032967033,0.3819444444444444,0.41457286432160806,0.6140633283248023,0.21913721137291775,0.030774782205268313,0.09742349999942235,0.6303577999988192,0.7277812999982416,539.3046875,30810
hcrl,Fuzzy,Fuzzy,Fuzzy,raw,lof,0,0.2972292191435768,0.09104938271604938,0.13939751919669224,0.6646396872627391,0.17485492627757113,0.014382184648693232,0.09864749999906053,0.3132755000006,0.41192299999966053,547.50390625,2514956
hcrl,Fuzzy,Fuzzy,Fuzzy,raw,lof,1,0.2787286063569682,0.08796296296296297,0.13372434017595308,0.6521964190594016,0.173242154432842,0.01520696943141399,0.10198889999992389,0.34889490000023216,0.45088380000015604,548.765625,2514956
hcrl,Fuzzy,Fuzzy,Fuzzy,raw,lof,2,0.2,0.05555555555555555,0.08695652173913045,0.6566589120350483,0.14519774718998996,0.014846126088973658,0.18054019999908633,0.301159299999199,0.4816994999982853,546.6875,2514956
hcrl,Fuzzy,Fuzzy,Fuzzy,raw,lof,3,0.21921921921921922,0.05632716049382716,0.08962553713934929,0.6670182025419409,0.14153479369660726,0.01340275271921233,0.10644090000096185,0.28495199999997567,0.3913929000009375,548.7578125,2514956
hcrl,Fuzzy,Fuzzy,Fuzzy,raw,lof,4,0.21497584541062803,0.06867283950617284,0.10409356725146199,0.6534196350327335,0.14877460676694143,0.016753440899015412,0.10917119999976421,0.30088210000030813,0.41005330000007234,546.6875,2514956
hcrl,Fuzzy,Fuzzy,Fuzzy,raw,hbos,0,0.2908093278463649,0.16358024691358025,0.20938271604938272,0.7781902894956403,0.25280528214563375,0.02665085829166452,0.007743600001049344,0.010406400000647409,0.018150000001696753,542.33203125,3855
hcrl,Fuzzy,Fuzzy,Fuzzy,raw,hbos,1,0.2908093278463649,0.16358024691358025,0.20938271604938272,0.7781902894956403,0.25280528214563375,0.02665085829166452,0.008065399999395595,0.011944399999265443,0.020009799998661038,542.984375,3855
hcrl,Fuzzy,Fuzzy,Fuzzy,raw,hbos,2,0.2908093278463649,0.16358024691358025,0.20938271604938272,0.7781902894956403,0.25280528214563375,0.02665085829166452,0.010457299998961389,0.009659600000304636,0.020116899999266025,542.984375,3855
hcrl,Fuzzy,Fuzzy,Fuzzy,raw,hbos,3,0.2908093278463649,0.16358024691358025,0.20938271604938272,0.7781902894956403,0.25280528214563375,0.02665085829166452,0.009917100000166101,0.008890599998267135,0.018807699998433236,542.984375,3855
hcrl,Fuzzy,Fuzzy,Fuzzy,raw,hbos,4,0.2908093278463649,0.16358024691358025,0.20938271604938272,0.7781902894956403,0.25280528214563375,0.02665085829166452,0.007677999999941676,0.010728600000220467,0.018406600000162143,542.984375,3855
hcrl,Fuzzy,Fuzzy,Fuzzy,raw,elliptic_envelope,0,0.20084269662921347,0.33101851851851855,0.25,0.8388982440866558,0.22115684237515243,0.08799422650652096,0.6943324000003486,0.011271199999100645,0.7056035999994492,546.19140625,66831
hcrl,Fuzzy,Fuzzy,Fuzzy,raw,elliptic_envelope,1,0.20806302131603335,0.3464506172839506,0.25998841922408805,0.8297233486644023,0.23039235213383985,0.08809732460436105,0.7104044999996404,0.008828300000459421,0.7192328000000998,545.265625,66831
hcrl,Fuzzy,Fuzzy,Fuzzy,raw,elliptic_envelope,2,0.19730941704035873,0.5771604938271605,0.29408295655592687,0.8640232743955873,0.2302938512330334,0.15686375586370432,0.7261834999990242,0.007941300000311458,0.7341247999993357,544.93359375,66831
hcrl,Fuzzy,Fuzzy,Fuzzy,raw,elliptic_envelope,3,0.216243654822335,0.3287037037037037,0.2608695652173913,0.8392555474095331,0.2272385393916721,0.07959173153255322,0.6738410000016302,0.008289499999591499,0.6821305000012217,544.32421875,66831
hcrl,Fuzzy,Fuzzy,Fuzzy,raw,elliptic_envelope,4,0.2091624248033318,0.3487654320987654,0.26149840902516636,0.8309458884542223,0.233293126904204,0.08809732460436105,0.8305957000011404,0.006973600000492297,0.8375693000016327,544.62109375,66831
hcrl,Fuzzy,Fuzzy,Fuzzy,raw,autoencoder,0,0.12840466926070038,0.02546296296296296,0.04249839021249195,0.8129594865842009,0.2274343677785436,0.011546986958090623,2.2394961999998486,0.015428300001076423,2.254924500000925,544.68359375,18610
hcrl,Fuzzy,Fuzzy,Fuzzy,raw,autoencoder,1,0.277882797731569,0.22685185185185186,0.24978759558198813,0.8362051642600897,0.25664835256969953,0.03938347337491623,2.3036652999999205,0.01826459999938379,2.3219298999993043,546.99609375,18610
hcrl,Fuzzy,Fuzzy,Fuzzy,raw,autoencoder,2,0.17747440273037543,0.040123456790123455,0.06544996853366897,0.8199191650454173,0.184757724497858,0.01242332078973143,2.101824099998339,0.013158400000975234,2.1149824999993143,547.7421875,18610
hcrl,Fuzzy,Fuzzy,Fuzzy,raw,autoencoder,3,0.28165374677002586,0.16820987654320987,0.2106280193236715,0.8430393112410656,0.2560832631015894,0.028661271199546368,2.2032115000001795,0.016639299999951618,2.219850800000131,548.65625,18610
hcrl,Fuzzy,Fuzzy,Fuzzy,raw,autoencoder,4,0.327683615819209,0.17901234567901234,0.23153692614770457,0.81606845904619,0.2630465968343505,0.024537347285942573,2.2147545000007085,0.010229199999230332,2.224983699999939,549.359375,18610
hcrl,Fuzzy,Fuzzy,Fuzzy,residual,isolation_forest,0,0.31183854294856017,0.9776234567901234,0.47284941220376936,0.972770726377012,0.7592283393158402,0.1441311407804526,0.5781473000006372,0.19607919999907608,0.7742264999997133,549.796875,1247359
hcrl,Fuzzy,Fuzzy,Fuzzy,residual,isolation_forest,1,0.32017320427916457,0.9699074074074074,0.4814247414783608,0.974877913078121,0.7853540032134783,0.1375844115676066,0.5124240000004647,0.2212889999991603,0.733712999999625,550.91796875,1251055
hcrl,Fuzzy,Fuzzy,Fuzzy,residual,isolation_forest,2,0.3030952380952381,0.9822530864197531,0.46324599708879177,0.9752898679389735,0.7709861015541091,0.15088406618897882,0.5522087000008469,0.2222940000010567,0.7745027000019036,551.046875,1242431
hcrl,Fuzzy,Fuzzy,Fuzzy,residual,isolation_forest,3,0.3328964613368283,0.9799382716049383,0.4969673253766386,0.9770720092482811,0.778605196613483,0.1311923295015207,0.6648917000002257,0.24764419999883103,0.9125358999990567,551.2890625,1256863
hcrl,Fuzzy,Fuzzy,Fuzzy,residual,isolation_forest,4,0.34510567296996664,0.9575617283950617,0.5073589533932952,0.9750005807223104,0.7746517020282537,0.12139801020671169,0.5466684000002715,0.20579910000014934,0.7524675000004208,551.4296875,1255103
hcrl,Fuzzy,Fuzzy,Fuzzy,residual,one_class_svm,0,0.4170096021947874,0.7037037037037037,0.5236864771748493,0.8015631692227995,0.6184330131237864,0.06572503737306047,0.0947905000011815,0.7414785999990272,0.8362691000002087,546.44921875,30010
hcrl,Fuzzy,Fuzzy,Fuzzy,residual,one_class_svm,1,0.4124087591240876,0.6975308641975309,0.518348623853211,0.7939763106663892,0.6149182460006841,0.06639517500902109,0.10934219999944617,0.7799613999995927,0.8893035999990389,545.91796875,30010
hcrl,Fuzzy,Fuzzy,Fuzzy,residual,one_class_svm,2,0.4183156925908882,0.7013888888888888,0.5240703372729894,0.8000040690337227,0.6152365144742296,0.06515799783493995,0.10820050000074843,0.7295310000008612,0.8377315000016097,545.59765625,29882
hcrl,Fuzzy,Fuzzy,Fuzzy,residual,one_class_svm,3,0.4103019538188277,0.7129629629629629,0.5208568207440811,0.8114018183131496,0.6207531170997135,0.06845713696582298,0.08254440000018803,0.7467252999995253,0.8292696999997133,545.90625,30138
hcrl,Fuzzy,Fuzzy,Fuzzy,residual,one_class_svm,4,0.42134570765661256,0.7006172839506173,0.526224282816575,0.7880998781915065,0.6139433928228498,0.06428166400329914,0.1258863000002748,0.7231362000002264,0.8490225000005012,545.5625,29610
hcrl,Fuzzy,Fuzzy,Fuzzy,residual,lof,0,0.6040992448759439,0.43209876543209874,0.5038236617183987,0.8385513619449647,0.5548798633585252,0.018918500953657404,0.41871399999945424,1.5449122999998508,1.963626299999305,553.27734375,2514956
hcrl,Fuzzy,Fuzzy,Fuzzy,residual,lof,1,0.5368234250221828,0.466820987654321,0.49938093272802314,0.830248544375776,0.5510598811972708,0.026908603536264755,0.3601547999987815,1.8400186999988364,2.200173499997618,554.46484375,2514956
hcrl,Fuzzy,Fuzzy,Fuzzy,residual,lof,2,0.44324324324324327,0.25308641975308643,0.32220039292730845,0.8071206817329899,0.38175918081502647,0.02123820815505954,0.4494557999987592,1.6846151999998256,2.1340709999985847,553.984375,2514956
hcrl,Fuzzy,Fuzzy,Fuzzy,residual,lof,3,0.5684870188003581,0.48996913580246915,0.5263157894736842,0.8327203133163922,0.5524472606275057,0.02484664157946286,0.4150859000001219,1.8453757999996014,2.2604616999997234,554.23828125,2514956
hcrl,Fuzzy,Fuzzy,Fuzzy,residual,lof,4,0.40676117775354415,0.28780864197530864,0.3370989606868504,0.8127792240149836,0.39018836737461965,0.0280426826125058,0.4694970000000467,1.6869019999994634,2.15639899999951,553.96484375,2514956
hcrl,Fuzzy,Fuzzy,Fuzzy,residual,hbos,0,0.2861325525685387,0.8294753086419753,0.4254898080348308,0.911919420881438,0.5566752385166889,0.1382545492035672,0.011217600000236416,0.014206599998942693,0.02542419999917911,553.3984375,3711
hcrl,Fuzzy,Fuzzy,Fuzzy,residual,hbos,1,0.2861325525685387,0.8294753086419753,0.4254898080348308,0.911919420881438,0.5566752385166889,0.1382545492035672,0.01181680000081542,0.008945300000050338,0.020762100000865757,546.73828125,3711
hcrl,Fuzzy,Fuzzy,Fuzzy,residual,hbos,2,0.2861325525685387,0.8294753086419753,0.4254898080348308,0.911919420881438,0.5566752385166889,0.1382545492035672,0.008331200000611716,0.014987900000051013,0.02331910000066273,547.4765625,3711
hcrl,Fuzzy,Fuzzy,Fuzzy,residual,hbos,3,0.2861325525685387,0.8294753086419753,0.4254898080348308,0.911919420881438,0.5566752385166889,0.1382545492035672,0.007188800000221818,0.013102200000503217,0.020291000000725035,547.48046875,3711
hcrl,Fuzzy,Fuzzy,Fuzzy,residual,hbos,4,0.2861325525685387,0.8294753086419753,0.4254898080348308,0.911919420881438,0.5566752385166889,0.1382545492035672,0.009210799998982111,0.009260200000426266,0.018470999999408377,547.48046875,3711
hcrl,Fuzzy,Fuzzy,Fuzzy,residual,elliptic_envelope,0,0.2551841912661625,0.8070987654320988,0.3877664504170529,0.9346157988925227,0.6917365713089767,0.1573792463529048,0.8194612999996025,0.007510600000387058,0.8269718999999895,553.26171875,66831
hcrl,Fuzzy,Fuzzy,Fuzzy,residual,elliptic_envelope,1,0.22369920243068742,0.9089506172839507,0.35903687900030473,0.9334451661311294,0.6759047719235614,0.2107325119851539,0.7231972000008682,0.017818400001488044,0.7410156000023562,552.83984375,66831
hcrl,Fuzzy,Fuzzy,Fuzzy,residual,elliptic_envelope,2,0.2528846153846154,0.8117283950617284,0.38563049853372433,0.9343635028915197,0.6917954844580207,0.1602144440435074,0.8287555999995675,0.010346399998525158,0.8391019999980927,553.56640625,66831
hcrl,Fuzzy,Fuzzy,Fuzzy,residual,elliptic_envelope,3,0.2569735867686991,0.8032407407407407,0.3893772208715167,0.9352065048535658,0.6940041464643699,0.15516263724934276,0.7382508999999118,0.007955600000059349,0.7462064999999711,553.59765625,66831
hcrl,Fuzzy,Fuzzy,Fuzzy,residual,elliptic_envelope,4,0.2512502976899262,0.8140432098765432,0.38398544131028206,0.9349402874273143,0.6901711560137018,0.1620702098046291,0.650443799999266,0.0096681000013632,0.6601119000006292,553.60546875,66831
hcrl,Fuzzy,Fuzzy,Fuzzy,residual,autoencoder,0,0.23078382994875687,0.9382716049382716,0.37044935262757045,0.9375635612501345,0.6294382038226399,0.2089282952729522,1.8917530000016995,0.010772200001156307,1.9025252000028559,554.328125,18610
hcrl,Fuzzy,Fuzzy,Fuzzy,residual,autoencoder,1,0.21381118881118882,0.9436728395061729,0.3486316989737742,0.9326058235151488,0.5918555707740178,0.23181607299345328,2.0627884000004997,0.009788100000150735,2.0725765000006504,554.484375,18610
hcrl,Fuzzy,Fuzzy,Fuzzy,residual,autoencoder,2,0.27104072398190043,0.9243827160493827,0.41917424772568235,0.9485343205294405,0.7024457179387764,0.1660910356203928,2.1211411000003864,0.009965400000510272,2.1311065000008966,554.80859375,18610
hcrl,Fuzzy,Fuzzy,Fuzzy,residual,autoencoder,3,0.30625,0.9074074074074074,0.45794392523364497,0.9350478403812338,0.6768771307923704,0.13732666632300633,0.3181648000008863,0.013095299998894916,0.33126009999978123,554.93359375,16767
hcrl,Fuzzy,Fuzzy,Fuzzy,residual,autoencoder,4,0.45424430641821945,0.8464506172839507,0.5912153058474805,0.9458946592003279,0.7942098785070034,0.0679416464766225,2.131605299999137,0.010514399999010493,2.1421196999981476,555.4609375,18610
hcrl,RPM,RPM,RPM,raw,isolation_forest,0,0.0,0.0,0.0,0.8547210693810798,0.4309379217232606,0.0034095146768952107,0.5667663999993238,0.3034107999992557,0.8701771999985795,555.8359375,2440111
hcrl,RPM,RPM,RPM,raw,isolation_forest,1,0.0,0.0,0.0,0.8618118117112967,0.4412081035882613,0.005860103350913644,0.6557723000005353,0.28634020000026794,0.9421125000008033,556.1953125,2528991
hcrl,RPM,RPM,RPM,raw,isolation_forest,2,0.0,0.0,0.0,0.8755769109466198,0.46558082541237816,0.006712482020137446,0.6517758999998478,0.3497382999994443,1.001514199999292,556.25390625,2554335
hcrl,RPM,RPM,RPM,raw,isolation_forest,3,0.0,0.0,0.0,0.8867325830578467,0.48601262364691583,0.006073198018219594,0.6492319999997562,0.31982050000078743,0.9690525000005437,556.2578125,2481471
hcrl,RPM,RPM,RPM,raw,isolation_forest,4,0.0,0.0,0.0,0.8900436375467016,0.4922596650408437,0.0035693356773746736,0.6250751000006858,0.26265260000036506,0.8877277000010508,556.2578125,2447151
hcrl,RPM,RPM,RPM,raw,one_class_svm,0,0.0,0.0,0.0,0.9754712122773797,0.7760450958669509,0.010121996697032657,0.10869439999987662,0.7958107000013115,0.9045051000011881,549.765625,29482
hcrl,RPM,RPM,RPM,raw,one_class_svm,1,0.0,0.0,0.0,0.975138613567829,0.7718363809956342,0.010654733365297533,0.10435300000062853,0.8079541000006429,0.9123071000012715,547.44921875,29482
hcrl,RPM,RPM,RPM,raw,one_class_svm,2,0.0,0.0,0.0,0.9757703826787636,0.7762618302416657,0.01049491236481807,0.07618449999972654,0.8130172000001039,0.8892016999998305,547.37109375,29354
hcrl,RPM,RPM,RPM,raw,one_class_svm,3,0.0,0.0,0.0,0.9779004115849645,0.7892530006867012,0.013211869372968942,0.11351910000121279,0.9334675000009156,1.0469866000021284,547.2578125,29754
hcrl,RPM,RPM,RPM,raw,one_class_svm,4,0.0,0.0,0.0,0.971370273643742,0.7508128322382962,0.010388365031165095,0.10137799999938579,0.7723495999998704,0.8737275999992562,547.09375,29482
hcrl,RPM,RPM,RPM,raw,lof,0,0.003518029903254178,0.0008107012565869477,0.0013177400757700543,0.7371769344587271,0.3038414164583097,0.060359064514410525,0.095714200000657,0.3783548999999766,0.4740691000006336,551.8125,2514956
hcrl,RPM,RPM,RPM,raw,lof,1,0.0035149384885764497,0.0008107012565869477,0.0013175230566534915,0.7488940531450068,0.3129994627377091,0.060412338181237014,0.11440360000051442,0.393567000000985,0.5079706000014994,554.26953125,2514956
hcrl,RPM,RPM,RPM,raw,lof,2,0.0034602076124567475,0.0008107012565869477,0.0013136288998357964,0.7422585339739044,0.30817067068643805,0.061371264184113795,0.14800170000125945,0.39016669999909936,0.5381684000003588,556.29296875,2514956
hcrl,RPM,RPM,RPM,raw,lof,3,0.003590664272890485,0.0008107012565869477,0.0013227513227513227,0.7365182261911787,0.30369195044468766,0.05913377017740131,0.12050520000047982,0.4258088000005955,0.5463140000010753,554.44140625,2514956
hcrl,RPM,RPM,RPM,raw,lof,4,0.0034334763948497852,0.0008107012565869477,0.0013116904410559107,0.741493613087675,0.3077128906551987,0.06185072718555218,0.15029499999945983,0.4406005000000732,0.5908954999995331,557.73828125,2514956
hcrl,RPM,RPM,RPM,raw,hbos,0,0.0,0.0,0.0,0.6157699836121391,0.37583865507140807,0.009535986361941293,0.013013400001000264,0.018834800001059193,0.03184820000205946,556.171875,3855
hcrl,RPM,RPM,RPM,raw,hbos,1,0.0,0.0,0.0,0.6157699836121391,0.37583865507140807,0.009535986361941293,0.021895199999562465,0.04452089999904274,0.0664160999986052,548.94140625,3855
hcrl,RPM,RPM,RPM,raw,hbos,2,0.0,0.0,0.0,0.6157699836121391,0.37583865507140807,0.009535986361941293,0.016724600000088685,0.02375910000046133,0.040483700000550016,549.7265625,3855
hcrl,RPM,RPM,RPM,raw,hbos,3,0.0,0.0,0.0,0.6157699836121391,0.37583865507140807,0.009535986361941293,0.01505880000149773,0.02331169999888516,0.03837050000038289,549.7265625,3855
hcrl,RPM,RPM,RPM,raw,hbos,4,0.0,0.0,0.0,0.6157699836121391,0.37583865507140807,0.009535986361941293,0.012472000000343542,0.019333500000357162,0.031805500000700704,549.7265625,3855
hcrl,RPM,RPM,RPM,raw,elliptic_envelope,0,0.0,0.0,0.0,0.8467874175761683,0.4141016234235234,0.012306217036918652,0.739063900000474,0.010456699999849661,0.7495206000003236,554.10546875,66831
hcrl,RPM,RPM,RPM,raw,elliptic_envelope,1,0.0,0.0,0.0,0.8226543925174836,0.3818041292462723,0.011720206701827288,0.76549630000045,0.009661600000981707,0.7751579000014317,554.50390625,66831
hcrl,RPM,RPM,RPM,raw,elliptic_envelope,2,0.0,0.0,0.0,0.8168194791675237,0.37478101843403416,0.011666933035000798,0.7202206999991176,0.008796600001005572,0.7290173000001232,554.3125,66831
hcrl,RPM,RPM,RPM,raw,elliptic_envelope,3,0.0,0.0,0.0,0.8594838690813565,0.43544453560448393,0.008150871024452612,0.8050416999994923,0.009911300001476775,0.814953000000969,554.49609375,66831
hcrl,RPM,RPM,RPM,raw,elliptic_envelope,4,0.0,0.0,0.0,0.8422769713702304,0.4076879729186059,0.01235949070374514,0.6020996999995987,0.012443100000382401,0.6145427999999811,554.28515625,66831
hcrl,RPM,RPM,RPM,raw,autoencoder,0,0.9501067753834207,0.9918929874341306,0.9705503222607833,0.9940596406366176,0.9164750311300816,0.01369133237440733,2.135060299999168,0.011737500000890577,2.1467978000000585,552.109375,18610
hcrl,RPM,RPM,RPM,raw,autoencoder,1,0.0,0.0,0.0,0.9806836205630479,0.805905938559675,0.01688775238399659,1.909081600000718,0.014555100000507082,1.923636700001225,553.78515625,18610
hcrl,RPM,RPM,RPM,raw,autoencoder,2,0.0,0.0,0.0,0.96034417941569,0.6953567128639433,0.010601459698471045,1.8696648999994068,0.021046500000011292,1.890711399999418,553.90625,18610
hcrl,RPM,RPM,RPM,raw,autoencoder,3,0.0,0.0,0.0,0.9736091389021138,0.7606073796344048,0.015396089712854936,2.0695126999999047,0.013525300000765128,2.08303800000067,554.1171875,18610
hcrl,RPM,RPM,RPM,raw,autoencoder,4,0.0,0.0,0.0,0.9745068984431803,0.7658208821386026,0.011666933035000798,1.8193293000003905,0.013661900000442984,1.8329912000008335,554.5859375,18610
hcrl,RPM,RPM,RPM,residual,isolation_forest,0,0.9842315369261477,0.9993919740575598,0.9917538213998391,0.9988320822875381,0.9910135815797572,0.004208619679292526,0.5953834000010829,0.3866290999994817,0.9820125000005646,555.17578125,1958047
hcrl,RPM,RPM,RPM,residual,isolation_forest,1,0.9844280295468157,0.9993919740575598,0.9918535653223373,0.9997751579169042,0.9985172889070186,0.004155346012466038,0.650206000000253,0.26230589999977383,0.9125119000000268,556.72265625,2030383
hcrl,RPM,RPM,RPM,residual,isolation_forest,2,0.981876120294762,0.999189298743413,0.9904570567553993,0.9996158767792827,0.9966520452243954,0.004847903681210378,0.5615945999998075,0.34028500000022177,0.9018796000000293,557.91796875,1987615
hcrl,RPM,RPM,RPM,residual,isolation_forest,3,0.986986986986987,0.999189298743413,0.9930506596837546,0.9993603380940815,0.9952472776683796,0.0034627883437216983,0.6325924000011582,0.26906770000096003,0.9016601000021183,558.02734375,2031615
hcrl,RPM,RPM,RPM,residual,isolation_forest,4,0.9787656281008137,0.9995946493717065,0.9890704903238744,0.999473331390259,0.9950392800038703,0.00570028235043418,0.566660899999988,0.3260171000001719,0.89267800000016,557.0390625,1938687
hcrl,RPM,RPM,RPM,residual,one_class_svm,0,0.8064727034978751,1.0,0.8928700687658343,0.9998668158329338,0.998987649321725,0.06307602152256139,0.10007150000092224,0.9089713000012125,1.0090428000021348,550.43359375,31994
hcrl,RPM,RPM,RPM,residual,one_class_svm,1,0.8052880692018932,1.0,0.8921435674893772,0.9998668158329338,0.998987649321725,0.06355548452399978,0.09466919999977108,0.8346118999997998,0.9292810999995709,556.73046875,30938
hcrl,RPM,RPM,RPM,residual,one_class_svm,2,0.8035830618892508,1.0,0.8910962615134549,0.9998668158329338,0.998987649321725,0.06424804219274413,0.08319039999878441,0.997010400000363,1.0802007999991474,549.3125,31466
hcrl,RPM,RPM,RPM,residual,one_class_svm,3,0.8068683565004088,1.0,0.8931124988686758,0.9998668158329338,0.998987649321725,0.06291620052208194,0.11764670000047772,0.8848358000013832,1.002482500001861,549.22265625,31866
hcrl,RPM,RPM,RPM,residual,one_class_svm,4,0.8066045447114598,1.0,0.8929508641751878,0.9998668158329338,0.998987649321725,0.0630227478557349,0.09520669999983511,0.9821557000013854,1.0773624000012205,549.24609375,31466
hcrl,RPM,RPM,RPM,residual,lof,0,0.8268811798223563,1.0,0.9052380515549032,0.9998522071439966,0.9994785045282168,0.05503169783176176,0.6265335999996751,2.6297111000003497,3.2562447000000247,555.88671875,2514956
hcrl,RPM,RPM,RPM,residual,lof,1,0.8286865972455492,1.0,0.9063188831741366,0.999856623222175,0.999492172148321,0.05433914016301742,0.6705445000006875,2.9696046999997634,3.640149200000451,558.89453125,2514956
hcrl,RPM,RPM,RPM,residual,lof,2,0.846167038243869,1.0,0.9166744078030655,0.9998602403033234,0.9995042458784392,0.047786479143359435,0.5448687999996764,2.7961270000014338,3.34099580000111,556.9140625,2514956
hcrl,RPM,RPM,RPM,residual,lof,3,0.8378332484292749,1.0,0.9117619883581263,0.9998478882411327,0.9994646820213956,0.05087635181929572,0.657112099999722,2.558883400000923,3.215995500000645,556.2890625,2514956
hcrl,RPM,RPM,RPM,residual,lof,4,0.8460219478737997,1.0,0.9165892624930335,0.9998671721424199,0.9995271596315007,0.047839752810185925,0.6764645000002929,2.693617599999925,3.370082100000218,558.8671875,2514956
hcrl,RPM,RPM,RPM,residual,hbos,0,0.9543520309477757,1.0,0.9766429136975456,0.9999988662879984,0.9999957230013246,0.01257258537105109,0.007349800000156392,0.01539520000005723,0.022745000000213622,558.98046875,3711
hcrl,RPM,RPM,RPM,residual,hbos,1,0.9543520309477757,1.0,0.9766429136975456,0.9999988662879984,0.9999957230013246,0.01257258537105109,0.005630300000120769,0.009613399999579997,0.015243699999700766,550.21484375,3711
hcrl,RPM,RPM,RPM,residual,hbos,2,0.9543520309477757,1.0,0.9766429136975456,0.9999988662879984,0.9999957230013246,0.01257258537105109,0.005242499999440042,0.02152639999985695,0.02676889999929699,551.546875,3711
hcrl,RPM,RPM,RPM,residual,hbos,3,0.9543520309477757,1.0,0.9766429136975456,0.9999988662879984,0.9999957230013246,0.01257258537105109,0.010518400000364636,0.014105199999903562,0.024623600000268198,551.546875,3711
hcrl,RPM,RPM,RPM,residual,hbos,4,0.9543520309477757,1.0,0.9766429136975456,0.9999988662879984,0.9999957230013246,0.01257258537105109,0.007594599999720231,0.012125799999921583,0.019720399999641813,551.546875,3711
hcrl,RPM,RPM,RPM,residual,elliptic_envelope,0,0.948481353325644,1.0,0.973559589581689,1.0,1.0,0.014277342709498694,0.6918010000008508,0.008009299999685027,0.6998103000005358,556.76171875,66831
hcrl,RPM,RPM,RPM,residual,elliptic_envelope,1,0.9414233924823507,1.0,0.9698280098280099,1.0,1.0,0.016355015715731714,0.7981419999996433,0.009118699999817181,0.8072606999994605,556.953125,66831
hcrl,RPM,RPM,RPM,residual,elliptic_envelope,2,0.9530616186980877,1.0,0.9759667688655919,1.0,1.0,0.012945501038836503,0.6571899999999005,0.008977599998615915,0.6661675999985164,556.97265625,66831
hcrl,RPM,RPM,RPM,residual,elliptic_envelope,3,0.9466615502686109,1.0,0.9726000394244037,1.0,1.0,0.01481007937776357,0.659023199999865,0.0061712000006082235,0.6651944000004733,556.984375,66831
hcrl,RPM,RPM,RPM,residual,elliptic_envelope,4,0.9477525931617364,1.0,0.9731755424063115,1.0,1.0,0.014490437376804645,0.7059021999994002,0.010417299999971874,0.7163194999993721,557.01171875,66831
hcrl,RPM,RPM,RPM,residual,autoencoder,0,0.8117801908522541,1.0,0.8961133309117326,1.0,1.0,0.060945074849501894,1.8092304000001604,0.016071300000476185,1.8253017000006366,557.05078125,18610
hcrl,RPM,RPM,RPM,residual,autoencoder,1,0.8059457693564195,1.0,0.8925470332850941,1.0,1.0,0.06328911618986735,1.9742680999988806,0.01690009999947506,1.9911681999983557,552.9375,18610
hcrl,RPM,RPM,RPM,residual,autoencoder,2,0.8060774383270708,1.0,0.8926277702397105,1.0,1.0,0.06323584252304086,1.8063333000009152,0.013268900000184658,1.8196022000010998,554.55859375,18610
hcrl,RPM,RPM,RPM,residual,autoencoder,3,0.817293357627961,1.0,0.8994622185762465,1.0,1.0,0.0587608545096159,2.2542546999993647,0.0178632999995898,2.2721179999989545,554.55859375,18610
hcrl,RPM,RPM,RPM,residual,autoencoder,4,0.8224704117352892,1.0,0.9025884935516327,1.0,1.0,0.056736455170209366,1.9699191999989125,0.017095299999709823,1.9870144999986223,554.55859375,18610
hcrl,gear,gear,gear,raw,isolation_forest,0,0.0,0.0,0.0,0.7090236973541285,0.2930244053802555,0.007083761423241227,0.6055118000003858,0.34786040000108187,0.9533722000014677,555.18359375,2398927
hcrl,gear,gear,gear,raw,isolation_forest,1,0.0,0.0,0.0,0.7628414800671155,0.33295004480903645,0.008651922348996918,0.5865929999999935,0.2627580999997008,0.8493510999996943,557.078125,2487455
hcrl,gear,gear,gear,raw,isolation_forest,2,0.0,0.0,0.0,0.7163535294811525,0.2966071198593323,0.006813388849835073,0.7866100999999617,0.3418783999986772,1.1284884999986389,557.44921875,2451375
hcrl,gear,gear,gear,raw,isolation_forest,3,0.0,0.0,0.0,0.7012603971074983,0.2881023390249505,0.006434867247066458,0.6988983999999618,0.34179539999968256,1.0406937999996444,558.453125,2468447
hcrl,gear,gear,gear,raw,isolation_forest,4,0.0,0.0,0.0,0.8252208602390549,0.40380307339795296,0.0073000594819661495,0.5243711999992229,0.31967429999895103,0.8440454999981739,558.51171875,2405967
hcrl,gear,gear,gear,raw,one_class_svm,0,0.0,0.0,0.0,0.9377968888354107,0.6699456010942754,0.00800302817282215,0.10208640000018931,0.9233287000006385,1.0254151000008278,559.1171875,29754
hcrl,gear,gear,gear,raw,one_class_svm,1,0.0,0.0,0.0,0.9287444268291936,0.6553671124746369,0.008381549775590764,0.11690790000102425,0.966975100000127,1.0838830000011512,558.30078125,29882
hcrl,gear,gear,gear,raw,one_class_svm,2,0.0,0.0,0.0,0.9384676142084323,0.6609357911777776,0.00951711458389661,0.08915390000038315,0.8705064000005223,0.9596603000009054,558.5546875,29882
hcrl,gear,gear,gear,raw,one_class_svm,3,0.0,0.0,0.0,0.9465333850126104,0.6814255774549695,0.011680095171145839,0.11649859999852197,0.9460624000003008,1.0625609999988228,556.66015625,29754
hcrl,gear,gear,gear,raw,one_class_svm,4,0.0,0.0,0.0,0.9466326375437809,0.680517980235051,0.012383063862001838,0.12611350000042876,0.9732477999987168,1.0993612999991456,549.8828125,29882
hcrl,gear,gear,gear,raw,lof,0,0.9614438063986874,0.22499520061432138,0.3646546359676416,0.9598111127062061,0.8714405228490367,0.0025415021900178445,0.1265408999988722,0.39601719999882334,0.5225580999976955,555.1484375,2514956
hcrl,gear,gear,gear,raw,lof,1,0.9648518263266712,0.26876559800345556,0.42042042042042044,0.962384380689068,0.8802978303834685,0.0027578002487427676,0.15746049999870593,0.49640589999944496,0.6538663999981509,558.80859375,2514956
hcrl,gear,gear,gear,raw,lof,2,0.9572736520854527,0.1806488769437512,0.3039405684754522,0.9633069382086917,0.8803973543476761,0.0022711296166116907,0.13196980000066105,0.438513500001136,0.570483300001797,559.953125,2514956
hcrl,gear,gear,gear,raw,lof,3,0.9636222910216719,0.2390094067959301,0.38301799723119523,0.9587323629907876,0.8687166452519403,0.0025415021900178445,0.09931030000007013,0.46572680000099353,0.5650371000010637,557.0859375,2514956
hcrl,gear,gear,gear,raw,lof,4,0.958368026644463,0.22096371664426953,0.3591263650546022,0.9627845466310783,0.8798645878258451,0.002703725734061537,0.13919460000033723,0.43039800000042305,0.5695926000007603,559.01953125,2514956
hcrl,gear,gear,gear,raw,hbos,0,0.0,0.0,0.0,0.5783916962473502,0.2629738770507687,0.003082247336830152,0.005984000001262757,0.010937600000033854,0.01692160000129661,559.04296875,3855
hcrl,gear,gear,gear,raw,hbos,1,0.0,0.0,0.0,0.5783916962473502,0.2629738770507687,0.003082247336830152,0.007385499999145395,0.008952400001362548,0.016337900000507943,551.3359375,3855
hcrl,gear,gear,gear,raw,hbos,2,0.0,0.0,0.0,0.5783916962473502,0.2629738770507687,0.003082247336830152,0.010819400000400492,0.011862199999086442,0.022681599999486934,552.2109375,3855
hcrl,gear,gear,gear,raw,hbos,3,0.0,0.0,0.0,0.5783916962473502,0.2629738770507687,0.003082247336830152,0.008208799999920302,0.012270999999600463,0.020479799999520765,552.30078125,3855
hcrl,gear,gear,gear,raw,hbos,4,0.0,0.0,0.0,0.5783916962473502,0.2629738770507687,0.003082247336830152,0.013485100000252714,0.019853499999953783,0.0333386000002065,552.30078125,3855
hcrl,gear,gear,gear,raw,elliptic_envelope,0,0.0,0.0,0.0,0.6349645645833187,0.24890446424685334,0.03942032120261721,0.8544031000001269,0.010653999999703956,0.8650570999998308,557.04296875,66831
hcrl,gear,gear,gear,raw,elliptic_envelope,1,0.0,0.0,0.0,0.856065310137896,0.4460515317056327,0.014491969934569837,0.6361249999990832,0.007515699999203207,0.6436406999982864,556.87890625,66831
hcrl,gear,gear,gear,raw,elliptic_envelope,2,0.0,0.0,0.0,0.7591542708532333,0.3292252330800751,0.018060887903531067,0.8718405999989045,0.017427999999199528,0.889268599998104,556.9453125,66831
hcrl,gear,gear,gear,raw,elliptic_envelope,3,0.0,0.0,0.0,0.7489267444172165,0.3218504791483338,0.012815659979451685,0.8031769999997778,0.01064310000037949,0.8138201000001573,556.97265625,66831
hcrl,gear,gear,gear,raw,elliptic_envelope,4,0.0,0.0,0.0,0.6896947937433057,0.27999922648653264,0.01395122478775753,0.7439923000001727,0.007885400000304799,0.7518777000004775,556.9765625,66831
hcrl,gear,gear,gear,raw,autoencoder,0,0.036231884057971016,0.000959877135726627,0.0018702075930428276,0.9843959470294815,0.8542640091580426,0.007191910452603688,2.097098799999003,0.012243200000739307,2.1093419999997423,557.640625,18610
hcrl,gear,gear,gear,raw,autoencoder,1,0.0,0.0,0.0,0.8328890292028021,0.46865369353419795,0.014546044449251068,1.9512885000003735,0.017757499999788706,1.9690460000001622,557.64453125,18610
hcrl,gear,gear,gear,raw,autoencoder,2,0.0,0.0,0.0,0.9644949373371464,0.7295039978409821,0.008381549775590764,1.9010565000007773,0.01552070000070671,1.916577200001484,557.76953125,18610
hcrl,gear,gear,gear,raw,autoencoder,3,0.0,0.0,0.0,0.943120347810102,0.6645361670697054,0.0124912128913643,2.389637099999163,0.011650400001599337,2.4012875000007625,557.76953125,18610
hcrl,gear,gear,gear,raw,autoencoder,4,0.0,0.0,0.0,0.970152663805164,0.7630203196674268,0.009841561671983993,1.8723370999996405,0.012959899999259505,1.8852969999989,557.8046875,18610
hcrl,gear,gear,gear,residual,isolation_forest,0,0.898961937716263,0.9975043194471108,0.9456729456729457,0.9994354201275767,0.9955142447665495,0.03157951657383875,0.5636069000011048,0.32822660000056203,0.8918335000016668,557.98828125,1762511
hcrl,gear,gear,gear,residual,isolation_forest,1,0.8424712922529516,1.0,0.914501404494382,0.9997244576995232,0.9984446612000673,0.05266857729951874,0.6912551000004896,0.3161660000005213,1.007421100001011,559.21484375,1827455
hcrl,gear,gear,gear,residual,isolation_forest,2,0.8762626262626263,0.9992320982914187,0.9337160283433492,0.9989391263287899,0.9897512931779987,0.03974476829070459,0.7277974000007816,0.3092430999986391,1.0370404999994207,559.30859375,1838895
hcrl,gear,gear,gear,residual,isolation_forest,3,0.8728004022121669,0.9998080245728547,0.9319971367215462,0.9990319011296549,0.9905508948971326,0.04104255664305413,0.6072886000001745,0.28469249999943713,0.8919810999996116,559.30859375,1839599
hcrl,gear,gear,gear,residual,isolation_forest,4,0.8298550262864426,1.0,0.9070172383771548,0.9998564310735185,0.9994895365215618,0.05775158167955442,0.6363423000002513,0.2850914999999077,0.921433800000159,558.625,1802991
hcrl,gear,gear,gear,residual,one_class_svm,0,0.9135391090845317,1.0,0.9548162404912474,0.9994592548531878,0.9961751768980684,0.026658735737846752,0.094363299998804,0.8819366999996419,0.9762999999984459,559.1171875,32650
hcrl,gear,gear,gear,residual,one_class_svm,1,0.914501404494382,1.0,0.955341586428244,0.9994592548531878,0.9961751768980684,0.02633428864975937,0.08623599999918952,1.0399656999998115,1.126201699999001,559.1953125,32650
hcrl,gear,gear,gear,residual,one_class_svm,2,0.8981034482758621,1.0,0.9463166500136252,0.9994592548531878,0.9961751768980684,0.03195803817660736,0.09679180000057386,0.843176800000947,0.9399686000015208,557.25,32122
hcrl,gear,gear,gear,residual,one_class_svm,3,0.9136993509910541,1.0,0.9549037580201649,0.9994592548531878,0.9961751768980684,0.026604661223165522,0.09659650000139663,0.9183190000003378,1.0149155000017345,557.9453125,32394
hcrl,gear,gear,gear,residual,one_class_svm,4,0.9113016095171449,1.0,0.9535926773455378,0.9994592548531878,0.9961751768980684,0.027415778943383984,0.10477650000029826,0.9507186999999249,1.0554952000002231,557.37109375,33178
hcrl,gear,gear,gear,residual,lof,0,0.9818353831598865,0.9961604914570935,0.9889460644177624,0.99993919861154,0.9997954987656613,0.00519115340939815,0.6152557999994315,3.034149700000853,3.6494055000002845,561.0390625,2514956
hcrl,gear,gear,gear,residual,lof,1,0.984280303030303,0.997696294874256,0.9909428925541042,0.9999724904081578,0.9999062079110862,0.004488184718542151,0.7003575999988243,3.0041271000009147,3.704484699999739,562.07421875,2514956
hcrl,gear,gear,gear,residual,lof,2,0.9809181938409219,0.9967364177385295,0.9887640449438203,0.9999591819942932,0.9998608222755927,0.005461525982804304,0.636242200000197,2.7143696999992244,3.3506118999994214,562.0859375,2514956
hcrl,gear,gear,gear,residual,lof,3,0.979253112033195,0.9967364177385295,0.9879174198458758,0.9999470362499706,0.9998218289980876,0.005948196614935381,0.6968692999998893,2.9767984000009164,3.673667700000806,562.16015625,2514956
hcrl,gear,gear,gear,residual,lof,4,0.9814639682239455,0.9961604914570935,0.9887576219512195,0.9999495588276375,0.9998277500117587,0.005299302438760612,0.6655774000009842,3.2239465000002383,3.8895239000012225,562.1328125,2514956
hcrl,gear,gear,gear,residual,hbos,0,0.8495994768677456,0.997696294874256,0.9177114603567014,0.9976905438124143,0.9842178401042508,0.049748553506732275,0.006451700000980054,0.009655799998654402,0.016107499999634456,562.2421875,3711
hcrl,gear,gear,gear,residual,hbos,1,0.8495994768677456,0.997696294874256,0.9177114603567014,0.9976905438124143,0.9842178401042508,0.049748553506732275,0.010563199999523931,0.015141699999730918,0.02570489999925485,552.80078125,3711
hcrl,gear,gear,gear,residual,hbos,2,0.8495994768677456,0.997696294874256,0.9177114603567014,0.9976905438124143,0.9842178401042508,0.049748553506732275,0.0068375000009837095,0.013934900000094785,0.020772400001078495,554.046875,3711
hcrl,gear,gear,gear,residual,hbos,3,0.8495994768677456,0.997696294874256,0.9177114603567014,0.9976905438124143,0.9842178401042508,0.049748553506732275,0.006678300000203308,0.010661799999070354,0.01734009999927366,554.05078125,3711
hcrl,gear,gear,gear,residual,hbos,4,0.8495994768677456,0.997696294874256,0.9177114603567014,0.9976905438124143,0.9842178401042508,0.049748553506732275,0.008001800000783987,0.013186899999709567,0.021188700000493554,554.05078125,3711
hcrl,gear,gear,gear,residual,elliptic_envelope,0,0.7457408732999284,1.0,0.8543546006232574,0.9984316729785955,0.971164474365506,0.09603633807386579,0.715714999998454,0.008157799999025883,0.7238727999974799,558.62890625,66831
hcrl,gear,gear,gear,residual,elliptic_envelope,1,0.9043402777777778,1.0,0.9497675266660589,0.9984316522166393,0.9711644015816748,0.029795057589358135,0.6286969000011595,0.007166900000811438,0.635863800001971,558.21875,66831
hcrl,gear,gear,gear,residual,elliptic_envelope,2,0.7405459198180268,1.0,0.8509352282937189,0.9984317145025077,0.9711646200999763,0.0986859892932461,0.31517990000065765,0.003613999999288353,0.318793899999946,558.796875,66831
hcrl,gear,gear,gear,residual,elliptic_envelope,3,0.7405459198180268,1.0,0.8509352282937189,0.9984317145025077,0.9711646200999763,0.0986859892932461,0.19611519999853044,0.0033636999996815575,0.199478899998212,557.640625,66831
hcrl,gear,gear,gear,residual,elliptic_envelope,4,0.7449942791762014,1.0,0.8538644373412015,0.9984316729785955,0.971164474365506,0.0964148596766344,0.21248560000094585,0.0034384000009595184,0.21592400000190537,557.66796875,66831
hcrl,gear,gear,gear,residual,autoencoder,0,0.9255508173418621,1.0,0.9613361631447818,0.9999983494244895,0.9999941447580031,0.022657221651435678,0.4633198999999877,0.006030399999872316,0.46935029999986,558.50390625,18610
hcrl,gear,gear,gear,residual,autoencoder,1,0.9465745956750863,1.0,0.972554144884242,0.9999985051391603,0.9999946923562237,0.015897907316281837,0.48326819999965664,0.006088199999794597,0.48935639999945124,558.87890625,18610
hcrl,gear,gear,gear,residual,autoencoder,2,0.8585791989451129,1.0,0.9239091876551968,0.9999984636152481,0.9999945455867736,0.04639593359649597,0.47654729999885603,0.006533800000397605,0.48308109999925364,558.87890625,18610
hcrl,gear,gear,gear,residual,autoencoder,3,0.9203180212014134,1.0,0.9585058423037998,0.9999983805674236,0.9999942556623516,0.024387606121235063,0.7349594999996043,0.01948439999978291,0.7544438999993872,558.88671875,18610
hcrl,gear,gear,gear,residual,autoencoder,4,0.896866391184573,1.0,0.9456294817100844,0.9999984843772042,0.9999946222348532,0.03239063429405721,0.764509900000121,0.005332100001396611,0.7698420000015176,558.88671875,18610
road,correlated_signal_attack,correlated_signal_attack_1,correlated_signal_attack,raw,isolation_forest,0,0.0,0.0,0.0,0.8045747933933499,0.15022969231190264,0.016336506303061486,0.2211399000007077,0.32380580000062764,0.5449457000013354,565.7734375,2524767
road,correlated_signal_attack,correlated_signal_attack_1,correlated_signal_attack,raw,isolation_forest,1,0.0,0.0,0.0,0.7992421005802117,0.14741389455954165,0.013028777242824065,0.20937840000078722,0.3533125999983895,0.5626909999991767,566.71484375,2621919
road,correlated_signal_attack,correlated_signal_attack_1,correlated_signal_attack,raw,isolation_forest,2,0.0,0.0,0.0,0.8059255522214254,0.15174047148072053,0.01642838766584586,0.699157600000035,0.6650177999999869,1.364175400000022,565.21484375,2618047
road,correlated_signal_attack,correlated_signal_attack_1,correlated_signal_attack,raw,isolation_forest,3,0.0,0.0,0.0,0.7788613576855585,0.13685889779481314,0.013763828145099048,0.629899600000499,0.7176523999987694,1.3475519999992684,565.21484375,2592879
road,correlated_signal_attack,correlated_signal_attack_1,correlated_signal_attack,raw,isolation_forest,4,0.0,0.0,0.0,0.8153509615663475,0.15766381627585807,0.014131353596236539,0.6091678999982832,0.6767008000006172,1.2858686999989004,567.40625,2559263
road,correlated_signal_attack,correlated_signal_attack_1,correlated_signal_attack,raw,one_class_svm,0,0.0,0.0,0.0,0.793968657139076,0.23238065959175125,0.018137381013635195,0.08744359999946028,1.9356213999999454,2.0230649999994057,568.69140625,29754
road,correlated_signal_attack,correlated_signal_attack_1,correlated_signal_attack,raw,one_class_svm,1,0.0,0.0,0.0,0.7892205581296967,0.22944071461626567,0.019037818368922047,0.07994230000076641,1.714721999998801,1.7946642999995674,564.5625,29610
road,correlated_signal_attack,correlated_signal_attack_1,correlated_signal_attack,raw,one_class_svm,2,0.0,0.0,0.0,0.812237983376564,0.24267015771990658,0.017659597927156455,0.07382680000046093,1.8949207999994542,1.968747599999915,565.05078125,29754
road,correlated_signal_attack,correlated_signal_attack_1,correlated_signal_attack,raw,one_class_svm,3,0.0,0.0,0.0,0.8397135597093561,0.2648926151572432,0.019258333639604542,0.08052450000104727,1.6497407000006206,1.7302652000016678,565.15234375,29882
road,correlated_signal_attack,correlated_signal_attack_1,correlated_signal_attack,raw,one_class_svm,4,0.0,0.0,0.0,0.786561243348487,0.22546287299813267,0.01883567937079643,0.07786940000005416,1.7235915000001114,1.8014609000001656,566.48046875,30282
road,correlated_signal_attack,correlated_signal_attack_1,correlated_signal_attack,raw,lof,0,0.0012232415902140672,0.00047607712449416806,0.0006854009595613434,0.517088391550715,0.06738209778119013,0.030008453085376162,0.09537289999934728,0.9554395000013756,1.0508124000007228,569.6171875,2514956
road,correlated_signal_attack,correlated_signal_attack_1,correlated_signal_attack,raw,lof,1,0.0,0.0,0.0,0.5213703342606797,0.06781088608059352,0.015123672314307765,0.09225169999990612,0.8192505999995774,0.9115022999994835,569.7265625,2514956
road,correlated_signal_attack,correlated_signal_attack_1,correlated_signal_attack,raw,lof,2,0.0,0.0,0.0,0.5363512394281864,0.07039663629833734,0.028446469918041825,0.10143539999990026,0.8288868999989063,0.9303222999988066,565.85546875,2514956
road,correlated_signal_attack,correlated_signal_attack_1,correlated_signal_attack,raw,lof,3,0.0012158054711246201,0.00047607712449416806,0.0006842285323297981,0.5857763241154199,0.08185097638564984,0.030192215810944906,0.09424769999895943,0.7698840000011842,0.8641317000001436,567.34375,2514956
road,correlated_signal_attack,correlated_signal_attack_1,correlated_signal_attack,raw,lof,4,0.0038461538461538464,0.00047607712449416806,0.0008472781190425758,0.5536514502177241,0.07363258337736842,0.009518909184461024,0.08275510000021313,0.7471055000005435,0.8298606000007567,569.94921875,2514956
road,correlated_signal_attack,correlated_signal_attack_1,correlated_signal_attack,raw,hbos,0,0.0,0.0,0.0,0.5930209235187586,0.09904065050865699,0.014884780771068397,0.008771400000114227,0.02567289999933564,0.03444429999944987,566.03125,3711
road,correlated_signal_attack,correlated_signal_attack_1,correlated_signal_attack,raw,hbos,1,0.0,0.0,0.0,0.5930209235187586,0.09904065050865699,0.014884780771068397,0.020012499999211286,0.05407809999996971,0.074090599999181,563.71484375,3711
road,correlated_signal_attack,correlated_signal_attack_1,correlated_signal_attack,raw,hbos,2,0.0,0.0,0.0,0.5930209235187586,0.09904065050865699,0.014884780771068397,0.019251399999120622,0.05328159999953641,0.07253299999865703,565.484375,3711
road,correlated_signal_attack,correlated_signal_attack_1,correlated_signal_attack,raw,hbos,3,0.0,0.0,0.0,0.5930209235187586,0.09904065050865699,0.014884780771068397,0.008181400000466965,0.030157700000927434,0.0383391000013944,565.484375,3711
road,correlated_signal_attack,correlated_signal_attack_1,correlated_signal_attack,raw,hbos,4,0.0,0.0,0.0,0.5930209235187586,0.09904065050865699,0.014884780771068397,0.009443799999644398,0.02953979999983858,0.038983599999482976,565.484375,3711
road,correlated_signal_attack,correlated_signal_attack_1,correlated_signal_attack,raw,elliptic_envelope,0,0.0,0.0,0.0,0.7750156075837413,0.13357027270355168,0.019589106545628284,0.6732666999996582,0.020627199999580625,0.6938938999992388,567.5234375,66831
road,correlated_signal_attack,correlated_signal_attack_1,correlated_signal_attack,raw,elliptic_envelope,1,0.0,0.0,0.0,0.7695541146407681,0.1307019998743444,0.019589106545628284,0.639795500001128,0.02062399999886111,0.6604194999999891,568.609375,66831
road,correlated_signal_attack,correlated_signal_attack_1,correlated_signal_attack,raw,elliptic_envelope,2,0.0,0.0,0.0,0.777975512866632,0.13533056458961212,0.019589106545628284,0.6836416999994981,0.03167519999988144,0.7153168999993795,568.6953125,66831
road,correlated_signal_attack,correlated_signal_attack_1,correlated_signal_attack,raw,elliptic_envelope,3,0.003386004514672686,0.0007141156867412521,0.0011794770984863377,0.9123147569149835,0.27421184981929086,0.01622624866772024,0.676048900000751,0.023668300000281306,0.6997172000010323,568.79296875,66831
road,correlated_signal_attack,correlated_signal_attack_1,correlated_signal_attack,raw,elliptic_envelope,4,0.0,0.0,0.0,0.8031091970781439,0.1490284074966256,0.022933588150979456,0.6078646999994817,0.023620099998879596,0.6314847999983613,568.6171875,66831
road,correlated_signal_attack,correlated_signal_attack_1,correlated_signal_attack,raw,autoencoder,0,0.7965091528309919,0.4453701499642942,0.5712977099236641,0.9362105207480453,0.5336180928352525,0.008783858282186042,1.850016800000958,0.03673900000103458,1.8867558000019926,574.703125,18610
road,correlated_signal_attack,correlated_signal_attack_1,correlated_signal_attack,raw,autoencoder,1,0.640746500777605,0.29421566293739587,0.4032626427406199,0.9188845127513179,0.4113051288663528,0.012734756881914073,1.646907199999987,0.02837840000029246,1.6752856000002794,577.4453125,18610
road,correlated_signal_attack,correlated_signal_attack_1,correlated_signal_attack,raw,autoencoder,2,0.27084870848708487,0.08736015234467984,0.13210943124550034,0.9670416586905655,0.509510931554093,0.018155757286192068,1.7197673000009672,0.03813990000162448,1.7579072000025917,576.98046875,18610
road,correlated_signal_attack,correlated_signal_attack_1,correlated_signal_attack,raw,autoencoder,3,0.2713097713097713,0.06212806474648893,0.10110400929692039,0.9571175354178924,0.48248178990942964,0.012881767062369069,1.8644722999997612,0.026891100000284496,1.8913634000000457,576.33203125,18610
road,correlated_signal_attack,correlated_signal_attack_1,correlated_signal_attack,raw,autoencoder,4,0.7222067428252995,0.6169959533444418,0.6654685494223364,0.9796846785603244,0.64831297238706,0.01832114373920394,1.7984974999999395,0.02726480000092124,1.8257623000008607,576.1328125,18610
road,correlated_signal_attack,correlated_signal_attack_1,correlated_signal_attack,residual,isolation_forest,0,0.26245701781806813,0.9992858843132587,0.41572588631412155,0.9665201242405748,0.5195795699045147,0.21678488735344922,0.6697252000012668,0.9472502999997232,1.61697550000099,577.19921875,1893631
road,correlated_signal_attack,correlated_signal_attack_1,correlated_signal_attack,residual,isolation_forest,1,0.2848127035830619,0.9990478457510117,0.4432592279664149,0.9655049150120796,0.5164720909714561,0.19366753647690102,0.7221931000003678,0.9271477000002051,1.649340800000573,578.18359375,1961215
road,correlated_signal_attack,correlated_signal_attack_1,correlated_signal_attack,residual,isolation_forest,2,0.27283958644905393,0.9988098071887646,0.42860061287027584,0.9531784604469958,0.42061221304298113,0.20550185600352824,0.7711349999990489,0.8441801000008127,1.6153150999998616,578.2109375,1978639
road,correlated_signal_attack,correlated_signal_attack_1,correlated_signal_attack,residual,isolation_forest,3,0.2502087060226595,0.9988098071887646,0.4001716656334939,0.9602786829753016,0.5063250385188557,0.23106325113014076,0.6412684000006266,0.8867298999994091,1.5279983000000357,578.21484375,1965967
road,correlated_signal_attack,correlated_signal_attack_1,correlated_signal_attack,residual,isolation_forest,4,0.3016466527647947,0.9985717686265175,0.4633311243649216,0.9640581455183647,0.4956841592711834,0.17847035907236578,0.6317168999994465,0.7311690999995335,1.36288599999898,578.21484375,1951887
road,correlated_signal_attack,correlated_signal_attack_1,correlated_signal_attack,residual,one_class_svm,0,0.16301183776440908,0.9997619614377529,0.28031769338583734,0.9291477309625162,0.3530762756371622,0.39628431768899997,0.10329030000139028,2.0426516000006814,2.1459419000020716,577.8671875,35562
road,correlated_signal_attack,correlated_signal_attack_1,correlated_signal_attack,residual,one_class_svm,1,0.15291933605125219,1.0,0.26527326113724625,0.928905757752051,0.35227962265528856,0.42763423867102796,0.1753497999998217,2.5119101999989653,2.687259999998787,575.7578125,35946
road,correlated_signal_attack,correlated_signal_attack_1,correlated_signal_attack,residual,one_class_svm,2,0.1539899563798981,1.0,0.2668826631090782,0.9290523501905328,0.35277900210763563,0.42412437061266495,0.08964249999917229,2.52827630000138,2.6179188000005524,577.12109375,35290
road,correlated_signal_attack,correlated_signal_attack_1,correlated_signal_attack,residual,one_class_svm,3,0.16095168767480172,1.0,0.27727542736453037,0.9290956225724105,0.3528752501949444,0.40244036899555297,0.10262200000033772,2.3233523999988392,2.425974399999177,570.31640625,35818
road,correlated_signal_attack,correlated_signal_attack_1,correlated_signal_attack,residual,one_class_svm,4,0.1581344575773545,1.0,0.27308479864790197,0.9290458478508147,0.35270247680837286,0.41098533573449963,0.09322789999896486,2.6153309999990597,2.7085588999980246,576.5234375,36346
road,correlated_signal_attack,correlated_signal_attack_1,correlated_signal_attack,residual,lof,0,0.16389029766316857,1.0,0.28162499162029897,0.908558088648591,0.2749463849838798,0.39384027343893563,1.0303416999995534,9.18710259999898,10.217444299998533,576.90234375,2514956
road,correlated_signal_attack,correlated_signal_attack_1,correlated_signal_attack,residual,lof,1,0.18998280698579315,0.9995239228755058,0.3192791696764628,0.9088046526464995,0.27559167629186637,0.3289904075857253,1.0686191999993753,9.059810500000822,10.128429700000197,578.5625,2514956
road,correlated_signal_attack,correlated_signal_attack_1,correlated_signal_attack,residual,lof,2,0.20225422667501566,0.9995239228755058,0.3364313756910504,0.9089144903527369,0.27589293297237233,0.30434782608695654,1.0793897999992623,9.963831400000345,11.043221199999607,577.74609375,2514956
road,correlated_signal_attack,correlated_signal_attack_1,correlated_signal_attack,residual,lof,3,0.18301023742104117,1.0,0.3093975548681691,0.9087256141154758,0.2753522841792319,0.34462861553162555,1.268754099999569,9.816570299999512,11.085324399999081,578.56640625,2514956
road,correlated_signal_attack,correlated_signal_attack_1,correlated_signal_attack,residual,lof,4,0.16614593632588492,1.0,0.28494878925591804,0.9090708527042765,0.2761647533997105,0.3874453305891433,1.1313526000012644,10.679056299999502,11.810408900000766,575.15625,2514956
road,correlated_signal_attack,correlated_signal_attack_1,correlated_signal_attack,residual,hbos,0,0.21682513435303843,0.9988098071887646,0.3563028064365473,0.9407545648327624,0.4162626833062651,0.2785107868719909,0.015368200000011711,0.05243779999909748,0.06780599999910919,575.1171875,3711
road,correlated_signal_attack,correlated_signal_attack_1,correlated_signal_attack,residual,hbos,1,0.21682513435303843,0.9988098071887646,0.3563028064365473,0.9407545648327624,0.4162626833062651,0.2785107868719909,0.008786300000792835,0.03741510000145354,0.04620140000224637,573.0,3711
road,correlated_signal_attack,correlated_signal_attack_1,correlated_signal_attack,residual,hbos,2,0.21682513435303843,0.9988098071887646,0.3563028064365473,0.9407545648327624,0.4162626833062651,0.2785107868719909,0.00830370000039693,0.03174869999929797,0.0400523999996949,575.796875,3711
road,correlated_signal_attack,correlated_signal_attack_1,correlated_signal_attack,residual,hbos,3,0.21682513435303843,0.9988098071887646,0.3563028064365473,0.9407545648327624,0.4162626833062651,0.2785107868719909,0.007902499999545398,0.03822469999977329,0.04612719999931869,575.796875,3711
road,correlated_signal_attack,correlated_signal_attack_1,correlated_signal_attack,residual,hbos,4,0.21682513435303843,0.9988098071887646,0.3563028064365473,0.9407545648327624,0.4162626833062651,0.2785107868719909,0.015511700001297868,0.03826909999952477,0.05378080000082264,575.796875,3711
road,correlated_signal_attack,correlated_signal_attack_1,correlated_signal_attack,residual,elliptic_envelope,0,0.25713760568557775,0.9990478457510117,0.4090045315012426,0.9085191183528973,0.27502621138931643,0.2228123047521041,0.8917242999996233,0.029035199999270844,0.9207594999988942,577.4296875,66831
road,correlated_signal_attack,correlated_signal_attack_1,correlated_signal_attack,residual,elliptic_envelope,1,0.2540095624281305,0.9990478457510117,0.40503763752171396,0.9085169355964093,0.27501108688581416,0.22650593553603587,0.8493758999993588,0.0205392000007123,0.8699151000000711,577.34765625,66831
road,correlated_signal_attack,correlated_signal_attack_1,correlated_signal_attack,residual,elliptic_envelope,2,0.25904209356869523,0.9990478457510117,0.4114100867519483,0.9081425031863652,0.27407236964526427,0.22060715204527914,0.6616118999991158,0.020213300000250456,0.6818251999993663,577.1171875,66831
road,correlated_signal_attack,correlated_signal_attack_1,correlated_signal_attack,residual,elliptic_envelope,3,0.25594584705451884,0.9990478457510117,0.407495509490752,0.9084542568033918,0.2748525194049774,0.22420890146642655,0.7097244000015053,0.020269299999199575,0.7299937000007048,576.19140625,66831
road,correlated_signal_attack,correlated_signal_attack_1,correlated_signal_attack,residual,elliptic_envelope,4,0.2556807797745964,0.9990478457510117,0.4071594877764843,0.9084830875609309,0.2749282134436209,0.2245212980998934,0.7355666000003112,0.02328769999985525,0.7588543000001664,576.69921875,66831
road,correlated_signal_attack,correlated_signal_attack_1,correlated_signal_attack,residual,autoencoder,0,0.2357267164430472,0.9995239228755058,0.38148450985736354,0.9075577781547614,0.2731000907387058,0.2501745745892903,1.8551657000007253,0.030407500000364962,1.8855732000010903,576.5859375,18610
road,correlated_signal_attack,correlated_signal_attack_1,correlated_signal_attack,residual,autoencoder,1,0.20180708415437112,0.9995239228755058,0.3358125399872041,0.9072915737227227,0.272707931287054,0.30519313462457276,1.6817639999990206,0.03367249999973865,1.7154364999987592,576.5859375,18610
road,correlated_signal_attack,correlated_signal_attack_1,correlated_signal_attack,residual,autoencoder,2,0.19576670241036878,0.9995239228755058,0.3274074074074074,0.9086957729035304,0.27536682831129566,0.3169907016060862,1.7750247000003583,0.030645600001662388,1.8056703000020207,576.5859375,18610
road,correlated_signal_attack,correlated_signal_attack_1,correlated_signal_attack,residual,autoencoder,3,0.23072696301994616,0.9995239228755058,0.3749107142857143,0.9090236500484419,0.27603585038728834,0.2572678157962439,1.905291600000055,0.034791100000802544,1.9400827000008576,576.58984375,18610
road,correlated_signal_attack,correlated_signal_attack_1,correlated_signal_attack,residual,autoencoder,4,0.23793064369900271,0.9995239228755058,0.3843654171815644,0.9093061573530867,0.2766689809656294,0.247142489617406,1.773343200000454,0.029501899998649606,1.8028450999991037,576.58984375,18610
road,fuzzing_attack,fuzzing_attack_1,fuzzing_attack,raw,isolation_forest,0,0.6666666666666666,0.05898284682515799,0.10837710810063589,0.5884999195669888,0.3815182722011778,0.010843106882053552,0.6160171999999875,0.4710164000007353,1.0870336000007228,571.828125,2518431
road,fuzzing_attack,fuzzing_attack_1,fuzzing_attack,raw,isolation_forest,1,0.6745495495495496,0.06008626742902999,0.11034355715206778,0.5966813471248219,0.3880016555826779,0.01065870030242679,0.6687129000001732,0.5392909000001964,1.2080038000003697,571.4921875,2642863
road,fuzzing_attack,fuzzing_attack_1,fuzzing_attack,raw,isolation_forest,2,0.6460674157303371,0.05767880429330926,0.10590293765540104,0.5997374926371479,0.3832262189513868,0.011617614516485948,0.5665630000003148,0.6063318000014988,1.1728948000018136,571.34375,2602207
road,fuzzing_attack,fuzzing_attack_1,fuzzing_attack,raw,isolation_forest,3,0.6670493685419059,0.058280670077239444,0.10719557195571955,0.5959741722168256,0.3815453252623954,0.010695581618352143,0.5748242999998183,0.5012950000000274,1.0761192999998457,572.33203125,2496079
road,fuzzing_attack,fuzzing_attack_1,fuzzing_attack,raw,isolation_forest,4,0.6595744680851063,0.05908315778914636,0.10845148223163321,0.5926548870799471,0.38512897080751607,0.011211920041307074,0.49036680000062915,0.430290000000241,0.9206568000008701,572.33203125,2590767
road,fuzzing_attack,fuzzing_attack_1,fuzzing_attack,raw,one_class_svm,0,0.6730769230769231,0.1018156284481894,0.17687549011065612,0.6103096999829072,0.4018935214221622,0.01818248875119864,0.1393651000016689,1.1089928000001237,1.2483579000017926,573.09765625,30538
road,fuzzing_attack,fuzzing_attack_1,fuzzing_attack,raw,one_class_svm,1,0.6790757381258024,0.10612899989968903,0.18356901188513924,0.6095933297182319,0.4064936973599461,0.018440657962676108,0.09047180000015942,1.0620112999986304,1.1524830999987898,568.33984375,30010
road,fuzzing_attack,fuzzing_attack_1,fuzzing_attack,raw,one_class_svm,2,0.6696245733788396,0.098405055672585,0.17159349309078187,0.6115883040627242,0.40704598644077616,0.017850556907870473,0.07800239999960468,1.0659596000004967,1.1439620000001014,570.72265625,30138
road,fuzzing_attack,fuzzing_attack_1,fuzzing_attack,raw,one_class_svm,3,0.6691525423728814,0.0990069214565152,0.17249213561691717,0.611067809138772,0.4038919230221665,0.01799808217157188,0.07517030000053637,1.0041832000006252,1.0793535000011616,570.86328125,29482
road,fuzzing_attack,fuzzing_attack_1,fuzzing_attack,raw,one_class_svm,4,0.6769825918762089,0.10532651218778212,0.18229166666666666,0.6084403492680226,0.4038926574604609,0.01847753927860146,0.1402918999992835,1.1220778000006248,1.2623696999999083,570.921875,29882
road,fuzzing_attack,fuzzing_attack_1,fuzzing_attack,raw,lof,0,0.21835883171070933,0.01574882134617314,0.029378742514970062,0.47870043516845134,0.2527889394914327,0.020727299550047946,0.119506499999261,0.5452998000000662,0.6648062999993272,574.73046875,2514956
road,fuzzing_attack,fuzzing_attack_1,fuzzing_attack,raw,lof,1,0.17766497461928935,0.010532651218778213,0.019886363636363636,0.4797247194709589,0.2550362822955162,0.01792431953972118,0.09596919999967213,0.5622733000000153,0.6582424999996874,575.87109375,2514956
road,fuzzing_attack,fuzzing_attack_1,fuzzing_attack,raw,lof,2,0.23993808049535603,0.015548199418196408,0.02920395666509656,0.48234050895239283,0.2564105457154401,0.01810872611934794,0.09751680000044871,0.6246442000010575,0.7221610000015062,575.87109375,2514956
road,fuzzing_attack,fuzzing_attack_1,fuzzing_attack,raw,lof,3,0.23123123123123124,0.015447888454208044,0.028960977903149974,0.4835958795419891,0.2559487673357225,0.018883233753780336,0.15782930000023043,0.6405567000001611,0.7983860000003915,575.94140625,2514956
road,fuzzing_attack,fuzzing_attack_1,fuzzing_attack,raw,lof,4,0.22496371552975328,0.015548199418196408,0.02908613248264215,0.48088610171357127,0.25461624852580644,0.019694622704138083,0.13431479999962903,0.7577159000011306,0.8920307000007597,575.984375,2514956
road,fuzzing_attack,fuzzing_attack_1,fuzzing_attack,raw,hbos,0,0.5354545454545454,0.05908315778914636,0.10642334447556238,0.6018701920040049,0.36999859986128797,0.01884635243785498,0.009436500000447268,0.02292259999921953,0.032359099999666796,574.2109375,3711
road,fuzzing_attack,fuzzing_attack_1,fuzzing_attack,raw,hbos,1,0.5354545454545454,0.05908315778914636,0.10642334447556238,0.6018701920040049,0.36999859986128797,0.01884635243785498,0.006946600000446779,0.01780760000110604,0.024754200001552817,566.9140625,3711
road,fuzzing_attack,fuzzing_attack_1,fuzzing_attack,raw,hbos,2,0.5354545454545454,0.05908315778914636,0.10642334447556238,0.6018701920040049,0.36999859986128797,0.01884635243785498,0.006482299999333918,0.019679699998960132,0.02616199999829405,568.26953125,3711
road,fuzzing_attack,fuzzing_attack_1,fuzzing_attack,raw,hbos,3,0.5354545454545454,0.05908315778914636,0.10642334447556238,0.6018701920040049,0.36999859986128797,0.01884635243785498,0.011142499999550637,0.01883579999957874,0.029978299999129376,568.26953125,3711
road,fuzzing_attack,fuzzing_attack_1,fuzzing_attack,raw,hbos,4,0.5354545454545454,0.05908315778914636,0.10642334447556238,0.6018701920040049,0.36999859986128797,0.01884635243785498,0.010546800000156509,0.026787900000272202,0.03733470000042871,568.26953125,3711
road,fuzzing_attack,fuzzing_attack_1,fuzzing_attack,raw,elliptic_envelope,0,0.5604053000779423,0.14424716621526734,0.22943757479058635,0.603667278425182,0.4233639154281742,0.0416021243637973,0.6863750999982585,0.012631899999178131,0.6990069999974367,571.9140625,66831
road,fuzzing_attack,fuzzing_attack_1,fuzzing_attack,raw,elliptic_envelope,1,0.5983572895277207,0.14615307453104626,0.23492421799419547,0.6044010164637174,0.42606169585321146,0.03606992697499447,0.6904570999995485,0.015916300000753836,0.7063734000003024,571.953125,66831
road,fuzzing_attack,fuzzing_attack_1,fuzzing_attack,raw,elliptic_envelope,2,0.5672713529856387,0.15056675694653426,0.23797066983749507,0.6030525787276251,0.42251426404972603,0.04222910673452829,0.6703698000001168,0.012639799999305978,0.6830095999994228,571.984375,66831
road,fuzzing_attack,fuzzing_attack_1,fuzzing_attack,raw,elliptic_envelope,3,0.5647103085026336,0.15056675694653426,0.237744515720282,0.6040440568239969,0.42388587060001953,0.04267168252563251,0.7019371000005776,0.01802540000062436,0.719962500001202,572.0078125,66831
road,fuzzing_attack,fuzzing_attack_1,fuzzing_attack,raw,elliptic_envelope,4,0.5547054322876818,0.1454508977831277,0.23046968131606135,0.6039846745387206,0.42255078083551645,0.04292985173710998,0.6650351000007504,0.012824800000089454,0.6778599000008398,572.078125,66831
road,fuzzing_attack,fuzzing_attack_1,fuzzing_attack,raw,autoencoder,0,0.7234299516908212,0.06008626742902999,0.11095674724460498,0.5893287040382093,0.3904966435782715,0.008445821346905658,2.2100700000009965,0.018612199999552104,2.2286822000005486,574.03125,18610
road,fuzzing_attack,fuzzing_attack_1,fuzzing_attack,raw,autoencoder,1,0.5141896938013443,0.13812819741197713,0.21775915236815055,0.5610203906211195,0.3565273471607425,0.04798259201888323,1.9888088000006974,0.018883500000811182,2.0076923000015086,575.21875,18610
road,fuzzing_attack,fuzzing_attack_1,fuzzing_attack,raw,autoencoder,2,0.7684563758389261,0.04594242150667068,0.08670137245622338,0.5727198144002252,0.3738842821664377,0.005089621597698606,1.9368021999998746,0.03716990000066289,1.9739721000005375,576.40625,18610
road,fuzzing_attack,fuzzing_attack_1,fuzzing_attack,raw,autoencoder,3,0.6798913043478261,0.12548901594944328,0.21187230078753494,0.5984595433865934,0.38915179445602865,0.021723095080032454,2.0760356999999203,0.02922509999916656,2.105260799999087,577.4375,18610
road,fuzzing_attack,fuzzing_attack_1,fuzzing_attack,raw,autoencoder,4,0.7976101568334578,0.10713210953957268,0.18889281924301382,0.6032185871946931,0.4150073822924417,0.00999483661577045,1.7855943999984447,0.01882859999932407,1.8044229999977688,578.125,18610
road,fuzzing_attack,fuzzing_attack_1,fuzzing_attack,residual,isolation_forest,0,0.25039619651347067,0.1743404554117765,0.20555884092253104,0.5020197394692596,0.2896731541448164,0.19189348675960757,0.6723685000015394,0.5189243000004353,1.1912928000019747,578.30859375,2165199
road,fuzzing_attack,fuzzing_attack_1,fuzzing_attack,residual,isolation_forest,1,0.23965968586387434,0.18366937506269435,0.2079618376966324,0.5003220428115829,0.29662540495118694,0.21424356421037102,0.513114499999574,0.5782538000003115,1.0913682999998855,578.6171875,2186495
road,fuzzing_attack,fuzzing_attack_1,fuzzing_attack,residual,isolation_forest,2,0.28168244719592134,0.155181061289999,0.20011642196494403,0.5061990910481489,0.3091163420900567,0.1454967913255145,0.5040129999997589,0.4921694999993633,0.9961824999991222,579.64453125,2203391
road,fuzzing_attack,fuzzing_attack_1,fuzzing_attack,residual,isolation_forest,3,0.2620320855614973,0.1818637777109038,0.21470866887730933,0.5080140668868358,0.3046343535336931,0.18831599911484842,0.4809037000013632,0.5075293999998394,0.9884331000012025,579.71484375,2119791
road,fuzzing_attack,fuzzing_attack_1,fuzzing_attack,residual,isolation_forest,4,0.28926591634470017,0.17273547998796268,0.21630448436126115,0.5179576843855104,0.32061041065955226,0.15604484768016522,0.6179540999983146,0.4736976999993203,1.091651799997635,579.71484375,2137391
road,fuzzing_attack,fuzzing_attack_1,fuzzing_attack,residual,one_class_svm,0,0.2178750897343862,0.3044437757046845,0.2539855224067953,0.46695974234740073,0.25050471091258575,0.4018219370067124,0.09724459999961255,1.2637708000002021,1.3610153999998147,578.703125,35034
road,fuzzing_attack,fuzzing_attack_1,fuzzing_attack,residual,one_class_svm,1,0.2186089821646014,0.3061490620924867,0.25507730881738405,0.4685437169898071,0.25097082270525506,0.4023382754296673,0.09569620000002033,1.3395233999999618,1.4352195999999822,575.66796875,34762
road,fuzzing_attack,fuzzing_attack_1,fuzzing_attack,residual,one_class_svm,2,0.21807297605473205,0.3069515498043936,0.2549893754426899,0.46683425375320575,0.25039135863959516,0.4046617983329645,0.10911179999857268,1.3437305000006745,1.4528422999992472,574.9375,34234
road,fuzzing_attack,fuzzing_attack_1,fuzzing_attack,residual,one_class_svm,3,0.21830581478822686,0.3050456414886147,0.25448763546591907,0.4684964065004849,0.251054791185692,0.4016006491111603,0.10818140000083076,1.2989539000009245,1.4071353000017552,570.34375,34634
road,fuzzing_attack,fuzzing_attack_1,fuzzing_attack,residual,one_class_svm,4,0.21816753552810111,0.3064499949844518,0.254880694143167,0.4683003813259476,0.2507844008008398,0.4037766467507561,0.08564900000055786,1.4089619999995193,1.4946110000000772,576.9375,34762
road,fuzzing_attack,fuzzing_attack_1,fuzzing_attack,residual,lof,0,0.21470354589441756,0.29822449593740596,0.24966409136714815,0.45793666125851684,0.2696589182020218,0.40104742937228,0.8745486000007077,5.015243799998643,5.889792399999351,580.05078125,2514956
road,fuzzing_attack,fuzzing_attack_1,fuzzing_attack,residual,lof,1,0.2181045410483931,0.2934095696659645,0.25021385799828916,0.4578196521483324,0.26961770215751363,0.38673747879324333,0.9549926000017877,4.996717899999567,5.951710500001354,582.2421875,2514956
road,fuzzing_attack,fuzzing_attack_1,fuzzing_attack,residual,lof,2,0.21509656494176618,0.2927073929180459,0.24797110686212023,0.458232729176017,0.2699444426645783,0.3927122519731504,0.8905138999998599,5.179683999998815,6.070197899998675,580.4140625,2514956
road,fuzzing_attack,fuzzing_attack_1,fuzzing_attack,residual,lof,3,0.21515641063298577,0.2939111244859063,0.24844193835587403,0.45802734586238514,0.26999121813479154,0.3941875046101645,0.9478161999995791,5.002080300000671,5.94989650000025,581.42578125,2514956
road,fuzzing_attack,fuzzing_attack_1,fuzzing_attack,residual,lof,4,0.21823932525039536,0.2907011736382787,0.24931176875430142,0.4578843637079179,0.26959714313130284,0.38286494062108134,0.851805800000875,4.411051099999895,5.26285690000077,582.390625,2514956
road,fuzzing_attack,fuzzing_attack_1,fuzzing_attack,residual,hbos,0,0.22991865785460092,0.18146253385495034,0.20283679991029882,0.4874200583881287,0.2848192963507998,0.2234638931917091,0.005078199999843491,0.022560999999768683,0.027639199999612174,580.53515625,3711
road,fuzzing_attack,fuzzing_attack_1,fuzzing_attack,residual,hbos,1,0.22991865785460092,0.18146253385495034,0.20283679991029882,0.4874200583881287,0.2848192963507998,0.2234638931917091,0.008065200001510675,0.026889400000072783,0.03495460000158346,571.765625,3711
road,fuzzing_attack,fuzzing_attack_1,fuzzing_attack,residual,hbos,2,0.22991865785460092,0.18146253385495034,0.20283679991029882,0.4874200583881287,0.2848192963507998,0.2234638931917091,0.006006700001307763,0.02245269999912125,0.028459400000429014,574.35546875,3711
road,fuzzing_attack,fuzzing_attack_1,fuzzing_attack,residual,hbos,3,0.22991865785460092,0.18146253385495034,0.20283679991029882,0.4874200583881287,0.2848192963507998,0.2234638931917091,0.006182400000398047,0.021427700001368066,0.027610100001766114,574.35546875,3711
road,fuzzing_attack,fuzzing_attack_1,fuzzing_attack,residual,hbos,4,0.22991865785460092,0.18146253385495034,0.20283679991029882,0.4874200583881287,0.2848192963507998,0.2234638931917091,0.006969500000195694,0.021335800000088057,0.02830530000028375,574.35546875,3711
road,fuzzing_attack,fuzzing_attack_1,fuzzing_attack,residual,elliptic_envelope,0,0.22214325199399826,0.2821747416992677,0.24858607281724987,0.48581319061873396,0.2771074165355248,0.3632809618647193,0.7572468999987905,0.01188680000086606,0.7691336999996565,577.5703125,66831
road,fuzzing_attack,fuzzing_attack_1,fuzzing_attack,residual,elliptic_envelope,1,0.2187999087383071,0.288594643394523,0.24889696340513884,0.4841021624511829,0.27629987647790816,0.378844877185218,0.5717554000002565,0.011643999998341314,0.5833993999985978,577.3046875,66831
road,fuzzing_attack,fuzzing_attack_1,fuzzing_attack,residual,elliptic_envelope,2,0.22,0.2824756745912328,0.2473538583161316,0.4842750669733103,0.276256386160726,0.36822305819871654,0.6119031999987783,0.011256600000706385,0.6231597999994847,577.99609375,66831
road,fuzzing_attack,fuzzing_attack_1,fuzzing_attack,residual,elliptic_envelope,3,0.21810384438658295,0.28568562543886045,0.24736179267816044,0.4831468035530636,0.2755737478456652,0.3765582355978461,0.5788612000014837,0.012055300001520663,0.5909165000030043,578.0625,66831
road,fuzzing_attack,fuzzing_attack_1,fuzzing_attack,residual,elliptic_envelope,4,0.22288682512198962,0.2840806500150466,0.24979051819184128,0.48643503424457374,0.27759626871855436,0.3641661134469278,0.5798470999998244,0.01185049999912735,0.5916975999989518,578.07421875,66831
road,fuzzing_attack,fuzzing_attack_1,fuzzing_attack,residual,autoencoder,0,0.2217650855114553,0.27575484000401246,0.24583053878828529,0.45865093939919216,0.26700320955197,0.3557940547318728,1.7118164000003162,0.022980800000368617,1.7347972000006848,578.42578125,18610
road,fuzzing_attack,fuzzing_attack_1,fuzzing_attack,residual,autoencoder,1,0.23515935583855535,0.35008526431939013,0.2813381700927045,0.4751540463642647,0.272991564747662,0.41863981706867304,1.8213124000012613,0.02740099999937229,1.8487134000006336,578.4296875,18610
road,fuzzing_attack,fuzzing_attack_1,fuzzing_attack,residual,autoencoder,2,0.22392191142191142,0.3083559033002307,0.25944212347554546,0.4762615124811234,0.27220189484383994,0.3929335398687025,1.6648069000002579,0.02175360000001092,1.6865605000002688,578.6171875,18610
road,fuzzing_attack,fuzzing_attack_1,fuzzing_attack,residual,autoencoder,3,0.21574209432946065,0.28127194302337244,0.24418705913088912,0.45589232129670576,0.2639207759039698,0.3759312532271151,2.060387300000002,0.021231300001090858,2.081618600001093,578.6171875,18610
road,fuzzing_attack,fuzzing_attack_1,fuzzing_attack,residual,autoencoder,4,0.21353097681489927,0.2817734978433143,0.2429510465317419,0.45325951550344534,0.26279181366015897,0.381574094563694,1.6761461999994935,0.01777560000118683,1.6939218000006804,578.8046875,18610
road,max_engine_coolant_temp_attack,max_engine_coolant_temp_attack,max_engine_coolant_temp_attack,raw,isolation_forest,0,0.0,0.0,0.0,0.9766646903541835,0.13177561515130995,0.009575233981281498,0.836215399998764,0.15285399999993388,0.9890693999986979,587.08203125,2425327
road,max_engine_coolant_temp_attack,max_engine_coolant_temp_attack,max_engine_coolant_temp_attack,raw,isolation_forest,1,0.0,0.0,0.0,0.9744032242126512,0.1190293201250335,0.010655147588192944,0.899783099999695,0.20119940000040515,1.1009825000001001,586.640625,2511039
road,max_engine_coolant_temp_attack,max_engine_coolant_temp_attack,max_engine_coolant_temp_attack,raw,isolation_forest,2,0.0,0.0,0.0,0.9746389700588659,0.11999895862972093,0.011375089992800576,0.9948432000001048,0.1759743000002345,1.1708175000003394,586.6796875,2443455
road,max_engine_coolant_temp_attack,max_engine_coolant_temp_attack,max_engine_coolant_temp_attack,raw,isolation_forest,3,0.0,0.0,0.0,0.9760597975691356,0.12774684790271268,0.011447084233261339,0.9273964999993041,0.1775056999995286,1.1049021999988327,586.69921875,2452783
road,max_engine_coolant_temp_attack,max_engine_coolant_temp_attack,max_engine_coolant_temp_attack,raw,isolation_forest,4,0.0,0.0,0.0,0.9761226160730672,0.12802768639624298,0.010727141828653707,0.9026541999992332,0.189933600000586,1.0925877999998193,586.7421875,2434831
road,max_engine_coolant_temp_attack,max_engine_coolant_temp_attack,max_engine_coolant_temp_attack,raw,one_class_svm,0,0.022556390977443608,0.029411764705882353,0.02553191489361702,0.9853054108612488,0.183646379597645,0.009359251259899209,0.09218679999867163,0.42754389999936393,0.5197306999980356,585.92578125,29882
road,max_engine_coolant_temp_attack,max_engine_coolant_temp_attack,max_engine_coolant_temp_attack,raw,one_class_svm,1,0.0078125,0.00980392156862745,0.008695652173913044,0.9850343737206906,0.18066745797892447,0.009143268538516918,0.09020849999978964,0.3879029999989143,0.47811149999870395,586.890625,30010
road,max_engine_coolant_temp_attack,max_engine_coolant_temp_attack,max_engine_coolant_temp_attack,raw,one_class_svm,2,0.3888888888888889,0.8235294117647058,0.5283018867924528,0.9917616002484507,0.28466818495525453,0.009503239740820735,0.10314459999972314,0.4211355999996158,0.524280199999339,586.89453125,29882
road,max_engine_coolant_temp_attack,max_engine_coolant_temp_attack,max_engine_coolant_temp_attack,raw,one_class_svm,3,0.1,0.13725490196078433,0.11570247933884298,0.9856985558802355,0.18572832949563908,0.009071274298056155,0.07317160000093281,0.39333040000019537,0.4665020000011282,586.90234375,29482
road,max_engine_coolant_temp_attack,max_engine_coolant_temp_attack,max_engine_coolant_temp_attack,raw,one_class_svm,4,0.42857142857142855,1.0,0.6,0.9947479495757986,0.38189858365665963,0.009791216702663787,0.09931739999956335,0.5043334000001778,0.6036507999997411,586.8984375,30010
road,max_engine_coolant_temp_attack,max_engine_coolant_temp_attack,max_engine_coolant_temp_attack,raw,lof,0,0.0,0.0,0.0,0.769781476305425,0.01566742444917405,0.011879049676025918,0.1139911000009306,0.1631919999999809,0.2771831000009115,583.7578125,2514956
road,max_engine_coolant_temp_attack,max_engine_coolant_temp_attack,max_engine_coolant_temp_attack,raw,lof,1,0.0,0.0,0.0,0.7445573765863437,0.013795522665695944,0.006983441324694024,0.07145399999899382,0.17553120000047784,0.24698519999947166,585.8125,2514956
road,max_engine_coolant_temp_attack,max_engine_coolant_temp_attack,max_engine_coolant_temp_attack,raw,lof,2,0.0,0.0,0.0,0.7117802340518641,0.012322416990999254,0.0023038156947444203,0.09664149999844085,0.17548799999894982,0.27212949999739067,586.828125,2514956
road,max_engine_coolant_temp_attack,max_engine_coolant_temp_attack,max_engine_coolant_temp_attack,raw,lof,3,0.0,0.0,0.0,0.7370967969621253,0.013521589347852145,0.005831533477321814,0.09392610000031709,0.17155920000004699,0.2654853000003641,586.84375,2514956
road,max_engine_coolant_temp_attack,max_engine_coolant_temp_attack,max_engine_coolant_temp_attack,raw,lof,4,0.0,0.0,0.0,0.7308460029080026,0.013326691029737667,0.009575233981281498,0.10444230000030075,0.17870849999962957,0.2831507999999303,585.97265625,2514956
road,max_engine_coolant_temp_attack,max_engine_coolant_temp_attack,max_engine_coolant_temp_attack,raw,hbos,0,0.0,0.0,0.0,0.8056113158006184,0.021745828167952994,0.01216702663786897,0.013944399999672896,0.01580140000078245,0.029745800000455347,584.859375,3711
road,max_engine_coolant_temp_attack,max_engine_coolant_temp_attack,max_engine_coolant_temp_attack,raw,hbos,1,0.0,0.0,0.0,0.8056113158006184,0.021745828167952994,0.01216702663786897,0.018752800000584102,0.006937699999980396,0.025690500000564498,582.02734375,3711
road,max_engine_coolant_temp_attack,max_engine_coolant_temp_attack,max_engine_coolant_temp_attack,raw,hbos,2,0.0,0.0,0.0,0.8056113158006184,0.021745828167952994,0.01216702663786897,0.016996299998936593,0.008408300000155577,0.02540459999909217,582.4609375,3711
road,max_engine_coolant_temp_attack,max_engine_coolant_temp_attack,max_engine_coolant_temp_attack,raw,hbos,3,0.0,0.0,0.0,0.8056113158006184,0.021745828167952994,0.01216702663786897,0.016348800001651398,0.00801329999922018,0.024362100000871578,582.4609375,3711
road,max_engine_coolant_temp_attack,max_engine_coolant_temp_attack,max_engine_coolant_temp_attack,raw,hbos,4,0.0,0.0,0.0,0.8056113158006184,0.021745828167952994,0.01216702663786897,0.016622699999061297,0.007351099999141297,0.023973799998202594,582.4609375,3711
road,max_engine_coolant_temp_attack,max_engine_coolant_temp_attack,max_engine_coolant_temp_attack,raw,elliptic_envelope,0,0.4106280193236715,0.8333333333333334,0.5501618122977346,0.9924511921399229,0.3000916643442985,0.008783297336213103,0.6552578000009817,0.00450749999981781,0.6597653000007995,586.203125,66831
road,max_engine_coolant_temp_attack,max_engine_coolant_temp_attack,max_engine_coolant_temp_attack,raw,elliptic_envelope,1,0.44954128440366975,0.9607843137254902,0.6124999999999999,0.9928619828060813,0.3101974120641592,0.008639308855291577,0.6694188000001304,0.005274799999824609,0.674693599999955,585.4921875,66831
road,max_engine_coolant_temp_attack,max_engine_coolant_temp_attack,max_engine_coolant_temp_attack,raw,elliptic_envelope,2,0.45454545454545453,0.9803921568627451,0.6211180124223603,0.9928782168014795,0.3106176417616533,0.008639308855291577,0.6338371000001644,0.004620500001692562,0.6384576000018569,585.671875,66831
road,max_engine_coolant_temp_attack,max_engine_coolant_temp_attack,max_engine_coolant_temp_attack,raw,elliptic_envelope,3,0.45089285714285715,0.9901960784313726,0.6196319018404908,0.9928972741004249,0.3111302546430412,0.008855291576673866,0.6457059000003937,0.004563399999824469,0.6502693000002182,586.2890625,66831
road,max_engine_coolant_temp_attack,max_engine_coolant_temp_attack,max_engine_coolant_temp_attack,raw,elliptic_envelope,4,0.4195121951219512,0.8431372549019608,0.5602605863192182,0.9925147164697413,0.3015689826672118,0.008567314614830814,0.6044684000007692,0.008943300001192256,0.6134117000019614,586.41796875,66831
road,max_engine_coolant_temp_attack,max_engine_coolant_temp_attack,max_engine_coolant_temp_attack,raw,autoencoder,0,0.42857142857142855,0.7352941176470589,0.5415162454873645,0.9947197165403239,0.38757866814287156,0.007199424046076314,1.9161043000003701,0.008701199998540687,1.9248054999989108,587.28515625,18610
road,max_engine_coolant_temp_attack,max_engine_coolant_temp_attack,max_engine_coolant_temp_attack,raw,autoencoder,1,0.0,0.0,0.0,0.8775385028021288,0.02649886173892396,0.011087113030957524,0.5601339000004373,0.0098667000002024,0.5700006000006397,587.24609375,17039
road,max_engine_coolant_temp_attack,max_engine_coolant_temp_attack,max_engine_coolant_temp_attack,raw,autoencoder,2,0.452914798206278,0.9901960784313726,0.6215384615384615,0.9942326966783833,0.35275158681890534,0.008783297336213103,2.2254252999991877,0.008071899999777088,2.233497199998965,586.3515625,18610
road,max_engine_coolant_temp_attack,max_engine_coolant_temp_attack,max_engine_coolant_temp_attack,raw,autoencoder,3,0.45685279187817257,0.8823529411764706,0.6020066889632106,0.9941790539109812,0.3558182331978804,0.007703383729301656,2.1978210999986914,0.01163520000045537,2.2094562999991467,586.35546875,18610
road,max_engine_coolant_temp_attack,max_engine_coolant_temp_attack,max_engine_coolant_temp_attack,raw,autoencoder,4,0.45739910313901344,1.0,0.6276923076923077,0.9958081000578777,0.42428837886244947,0.00871130309575234,1.970943600001192,0.010315399998944486,1.9812590000001364,586.421875,18610
road,max_engine_coolant_temp_attack,max_engine_coolant_temp_attack,max_engine_coolant_temp_attack,residual,isolation_forest,0,0.15338345864661654,1.0,0.26597131681877445,1.0,1.0,0.040532757379409645,0.9350424000003841,0.22014250000029278,1.1551849000006769,585.64453125,1918799
road,max_engine_coolant_temp_attack,max_engine_coolant_temp_attack,max_engine_coolant_temp_attack,residual,isolation_forest,1,0.20318725099601595,1.0,0.33774834437086093,1.0,1.0,0.028797696184305256,1.058569599999828,0.1945676999985153,1.2531372999983432,585.953125,1976351
road,max_engine_coolant_temp_attack,max_engine_coolant_temp_attack,max_engine_coolant_temp_attack,residual,isolation_forest,2,0.13991769547325103,1.0,0.24548736462093862,1.0,1.0,0.04514038876889849,1.0655863000010868,0.20525199999974575,1.2708383000008325,585.078125,1978463
road,max_engine_coolant_temp_attack,max_engine_coolant_temp_attack,max_engine_coolant_temp_attack,residual,isolation_forest,3,0.15813953488372093,1.0,0.27309236947791166,1.0,1.0,0.039092872570194385,0.888022600000113,0.2011157999986608,1.0891383999987738,586.0703125,1890639
road,max_engine_coolant_temp_attack,max_engine_coolant_temp_attack,max_engine_coolant_temp_attack,residual,isolation_forest,4,0.10504634397528322,1.0,0.19012115563839704,1.0,1.0,0.06256299496040317,1.0283901000002516,0.2252613000000565,1.253651400000308,586.0703125,1904543
road,max_engine_coolant_temp_attack,max_engine_coolant_temp_attack,max_engine_coolant_temp_attack,residual,one_class_svm,0,0.09306569343065693,1.0,0.17028380634390652,0.9909647228221742,0.28895184135977336,0.07156227501799856,0.08061950000046636,0.44259019999844895,0.5232096999989153,586.21875,34234
road,max_engine_coolant_temp_attack,max_engine_coolant_temp_attack,max_engine_coolant_temp_attack,residual,one_class_svm,1,0.102,1.0,0.18511796733212338,0.9904967602591793,0.2786885245901639,0.0646508279337653,0.10095530000035069,0.5043944000008196,0.6053497000011703,586.06640625,34106
road,max_engine_coolant_temp_attack,max_engine_coolant_temp_attack,max_engine_coolant_temp_attack,residual,one_class_svm,2,0.09631728045325778,1.0,0.17571059431524547,0.9905327573794097,0.27945205479452057,0.06889848812095033,0.1275749000014912,0.5468060999992304,0.6743810000007215,583.89453125,34634
road,max_engine_coolant_temp_attack,max_engine_coolant_temp_attack,max_engine_coolant_temp_attack,residual,one_class_svm,3,0.09788867562380038,1.0,0.1783216783216783,0.9910007199424047,0.2897727272727273,0.06767458603311735,0.09990229999857547,0.5584624999992229,0.6583647999977984,584.59765625,33978
road,max_engine_coolant_temp_attack,max_engine_coolant_temp_attack,max_engine_coolant_temp_attack,residual,one_class_svm,4,0.10119047619047619,1.0,0.18378378378378377,0.989812814974802,0.2649350649350649,0.0652267818574514,0.10613700000067183,0.497753499999817,0.6038905000004888,577.5625,34506
road,max_engine_coolant_temp_attack,max_engine_coolant_temp_attack,max_engine_coolant_temp_attack,residual,lof,0,0.09788867562380038,1.0,0.1783216783216783,1.0,1.0,0.06767458603311735,0.9649229000006017,2.313250399998651,3.2781732999992528,582.22265625,2514956
road,max_engine_coolant_temp_attack,max_engine_coolant_temp_attack,max_engine_coolant_temp_attack,residual,lof,1,0.09631728045325778,1.0,0.17571059431524547,1.0,0.9999999999999998,0.06889848812095033,0.9271752000004199,2.0897533999996085,3.0169286000000284,585.41015625,2514956
road,max_engine_coolant_temp_attack,max_engine_coolant_temp_attack,max_engine_coolant_temp_attack,residual,lof,2,0.09375,1.0,0.17142857142857143,1.0,0.9999999999999998,0.07098632109431245,0.9995862999985548,2.3478556999998546,3.3474419999984093,584.2578125,2514956
road,max_engine_coolant_temp_attack,max_engine_coolant_temp_attack,max_engine_coolant_temp_attack,residual,lof,3,0.09444444444444444,1.0,0.17258883248730963,1.0,1.0,0.07041036717062635,1.0308139999997366,2.0789267999989534,3.10974079999869,585.1875,2514956
road,max_engine_coolant_temp_attack,max_engine_coolant_temp_attack,max_engine_coolant_temp_attack,residual,lof,4,0.08326530612244898,1.0,0.15373021853805574,1.0,0.9999999999999999,0.080849532037437,1.0190449000001536,2.3389841000007436,3.358029000000897,585.22265625,2514956
road,max_engine_coolant_temp_attack,max_engine_coolant_temp_attack,max_engine_coolant_temp_attack,residual,hbos,0,0.15201192250372578,1.0,0.26390685640362227,1.0,1.0,0.04096472282217423,0.017063999999663793,0.008323699999891687,0.02538769999955548,584.7421875,3711
road,max_engine_coolant_temp_attack,max_engine_coolant_temp_attack,max_engine_coolant_temp_attack,residual,hbos,1,0.15201192250372578,1.0,0.26390685640362227,1.0,1.0,0.04096472282217423,0.016898799998671166,0.00716649999958463,0.024065299998255796,580.484375,3711
road,max_engine_coolant_temp_attack,max_engine_coolant_temp_attack,max_engine_coolant_temp_attack,residual,hbos,2,0.15201192250372578,1.0,0.26390685640362227,1.0,1.0,0.04096472282217423,0.014617500000895234,0.007414199999402626,0.02203170000029786,581.02734375,3711
road,max_engine_coolant_temp_attack,max_engine_coolant_temp_attack,max_engine_coolant_temp_attack,residual,hbos,3,0.15201192250372578,1.0,0.26390685640362227,1.0,1.0,0.04096472282217423,0.014427699999941979,0.005730799999582814,0.020158499999524793,581.02734375,3711
road,max_engine_coolant_temp_attack,max_engine_coolant_temp_attack,max_engine_coolant_temp_attack,residual,hbos,4,0.15201192250372578,1.0,0.26390685640362227,1.0,1.0,0.04096472282217423,0.01786020000145072,0.012550999999803025,0.030411200001253746,581.02734375,3711
road,max_engine_coolant_temp_attack,max_engine_coolant_temp_attack,max_engine_coolant_temp_attack,residual,elliptic_envelope,0,0.12186379928315412,1.0,0.21725239616613418,1.0,1.0,0.052915766738660906,0.749898399999438,0.00999709999996412,0.7598954999994021,584.84765625,66831
road,max_engine_coolant_temp_attack,max_engine_coolant_temp_attack,max_engine_coolant_temp_attack,residual,elliptic_envelope,1,0.12099644128113879,1.0,0.21587301587301586,1.0,1.0,0.05334773218142549,0.6548806999999215,0.005589700000200537,0.660470400000122,584.5859375,66831
road,max_engine_coolant_temp_attack,max_engine_coolant_temp_attack,max_engine_coolant_temp_attack,residual,elliptic_envelope,2,0.12028301886792453,1.0,0.21473684210526317,1.0,1.0,0.0537077033837293,0.6291682999999466,0.005144199998539989,0.6343124999984866,583.0859375,66831
road,max_engine_coolant_temp_attack,max_engine_coolant_temp_attack,max_engine_coolant_temp_attack,residual,elliptic_envelope,3,0.12171837708830549,1.0,0.2170212765957447,1.0,1.0,0.05298776097912167,0.6473543000010977,0.008426000000326894,0.6557803000014246,582.94140625,66831
road,max_engine_coolant_temp_attack,max_engine_coolant_temp_attack,max_engine_coolant_temp_attack,residual,elliptic_envelope,4,0.12,1.0,0.21428571428571425,1.0,1.0,0.05385169186465083,0.6306810999994923,0.004179400000793976,0.6348605000002863,583.68359375,66831
road,max_engine_coolant_temp_attack,max_engine_coolant_temp_attack,max_engine_coolant_temp_attack,residual,autoencoder,0,0.11819235225955968,1.0,0.21139896373056996,1.0,1.0,0.05478761699064075,1.688595699999496,0.006683399999019457,1.6952790999985154,584.99609375,18610
road,max_engine_coolant_temp_attack,max_engine_coolant_temp_attack,max_engine_coolant_temp_attack,residual,autoencoder,1,0.10602910602910603,1.0,0.19172932330827067,1.0,1.0,0.0619150467962563,1.8932324999987031,0.008068199998888304,1.9013006999975914,585.00390625,18610
road,max_engine_coolant_temp_attack,max_engine_coolant_temp_attack,max_engine_coolant_temp_attack,residual,autoencoder,2,0.12014134275618374,1.0,0.21451104100946372,1.0,1.0,0.05377969762419006,1.8298188999997365,0.006992999999056337,1.8368118999987928,585.02734375,18610
road,max_engine_coolant_temp_attack,max_engine_coolant_temp_attack,max_engine_coolant_temp_attack,residual,autoencoder,3,0.10770855332629356,1.0,0.19447092469018112,1.0,1.0,0.06083513318934485,1.9681498000009015,0.007153900000048452,1.97530370000095,585.08984375,18610
road,max_engine_coolant_temp_attack,max_engine_coolant_temp_attack,max_engine_coolant_temp_attack,residual,autoencoder,4,0.10613943808532779,1.0,0.19190968955785515,1.0,1.0,0.06184305255579554,1.9481034000000363,0.00608730000021751,1.9541907000002539,585.08984375,18610
road,max_speedometer_attack,max_speedometer_attack_1,max_speedometer_attack,raw,isolation_forest,0,0.0,0.0,0.0,0.758709722594819,0.12385036776366833,0.03977567764046111,0.483704400001443,0.910017299998799,1.393721700000242,582.39453125,2710975
road,max_speedometer_attack,max_speedometer_attack_1,max_speedometer_attack,raw,isolation_forest,1,0.0,0.0,0.0,0.749954106366299,0.11954472435795929,0.022773467056362476,0.578009299999394,1.1682483999993565,1.7462576999987505,582.13671875,2774687
road,max_speedometer_attack,max_speedometer_attack_1,max_speedometer_attack,raw,isolation_forest,2,0.0,0.0,0.0,0.77598972743123,0.13206488440610914,0.017417622361022508,0.5280046999996557,1.0693396999995457,1.5973443999992014,582.1640625,2725583
road,max_speedometer_attack,max_speedometer_attack_1,max_speedometer_attack,raw,isolation_forest,3,0.0,0.0,0.0,0.7701805024046429,0.12832305148198467,0.01296678189398098,0.5651139000001422,1.0889623000002757,1.6540762000004179,582.16796875,2722239
road,max_speedometer_attack,max_speedometer_attack_1,max_speedometer_attack,raw,isolation_forest,4,0.0,0.0,0.0,0.7810849378138396,0.13496968650744348,0.009139059092325267,0.6244447000008222,1.0010900999986916,1.6255347999995138,581.1875,2671727
road,max_speedometer_attack,max_speedometer_attack_1,max_speedometer_attack,raw,one_class_svm,0,0.29542994588093807,0.9993897477624084,0.45604752622296485,0.8378995542242442,0.17372551018705656,0.1738349925077519,0.06454289999965113,2.3883645000005345,2.4529074000001856,583.0078125,27898
road,max_speedometer_attack,max_speedometer_attack_1,max_speedometer_attack,raw,one_class_svm,1,0.29542994588093807,0.9993897477624084,0.45604752622296485,0.8378995542242442,0.17372551018705656,0.1738349925077519,0.11139290000028268,2.3884883999999147,2.4998813000001974,580.33203125,27898
road,max_speedometer_attack,max_speedometer_attack_1,max_speedometer_attack,raw,one_class_svm,2,0.29542994588093807,0.9993897477624084,0.45604752622296485,0.8378995542242442,0.17372551018705656,0.1738349925077519,0.09086740000020654,2.4804734000008466,2.571340800001053,580.3984375,27898
road,max_speedometer_attack,max_speedometer_attack_1,max_speedometer_attack,raw,one_class_svm,3,0.29542994588093807,0.9993897477624084,0.45604752622296485,0.8378995542242442,0.17372551018705656,0.1738349925077519,0.09542030000011437,2.4483861999997316,2.543806499999846,578.7109375,27898
road,max_speedometer_attack,max_speedometer_attack_1,max_speedometer_attack,raw,one_class_svm,4,0.29542994588093807,0.9993897477624084,0.45604752622296485,0.8378995542242442,0.17372551018705656,0.1738349925077519,0.09595660000013595,2.3056195999997726,2.4015761999999086,579.5390625,27898
road,max_speedometer_attack,max_speedometer_attack_1,max_speedometer_attack,raw,lof,0,0.0,0.0,0.0,0.37886651374140556,0.04974004230695023,0.00031155883269290684,0.07203620000109368,1.129056200001287,1.2010924000023806,578.0546875,1551948
road,max_speedometer_attack,max_speedometer_attack_1,max_speedometer_attack,raw,lof,1,0.0,0.0,0.0,0.37886651374140556,0.04974004230695023,0.00031155883269290684,0.07491830000071786,1.0527182000005268,1.1276365000012447,580.265625,1551948
road,max_speedometer_attack,max_speedometer_attack_1,max_speedometer_attack,raw,lof,2,0.0,0.0,0.0,0.37886651374140556,0.04974004230695023,0.00031155883269290684,0.05364969999936875,0.9826986999996734,1.0363483999990422,579.078125,1551948
road,max_speedometer_attack,max_speedometer_attack_1,max_speedometer_attack,raw,lof,3,0.0,0.0,0.0,0.37886651374140556,0.04974004230695023,0.00031155883269290684,0.0711457999987033,1.105561200000011,1.1767069999987143,578.98046875,1551948
road,max_speedometer_attack,max_speedometer_attack_1,max_speedometer_attack,raw,lof,4,0.0,0.0,0.0,0.37886651374140556,0.04974004230695023,0.00031155883269290684,0.0740879999993922,1.0480604999993375,1.1221484999987297,579.6484375,1551948
road,max_speedometer_attack,max_speedometer_attack_1,max_speedometer_attack,raw,hbos,0,0.0,0.0,0.0,0.7827782248804831,0.1481657949910611,0.02913816892423186,0.004140600000027916,0.06076720000055502,0.06490780000058294,581.9296875,3711
road,max_speedometer_attack,max_speedometer_attack_1,max_speedometer_attack,raw,hbos,1,0.0,0.0,0.0,0.7827782248804831,0.1481657949910611,0.02913816892423186,0.011205999999219785,0.06287569999949483,0.07408169999871461,579.3671875,3711
road,max_speedometer_attack,max_speedometer_attack_1,max_speedometer_attack,raw,hbos,2,0.0,0.0,0.0,0.7827782248804831,0.1481657949910611,0.02913816892423186,0.010293100000126287,0.0501657000004343,0.060458800000560586,579.93359375,3711
road,max_speedometer_attack,max_speedometer_attack_1,max_speedometer_attack,raw,hbos,3,0.0,0.0,0.0,0.7827782248804831,0.1481657949910611,0.02913816892423186,0.005492700000104378,0.04664770000090357,0.05214040000100795,579.36328125,3711
road,max_speedometer_attack,max_speedometer_attack_1,max_speedometer_attack,raw,hbos,4,0.0,0.0,0.0,0.7827782248804831,0.1481657949910611,0.02913816892423186,0.007199800000307732,0.03950690000056056,0.046706700000868295,579.91796875,3711
road,max_speedometer_attack,max_speedometer_attack_1,max_speedometer_attack,raw,elliptic_envelope,0,0.06757950530035335,0.03112286411716843,0.04261838440111421,0.9354545561764211,0.33006921497545694,0.03131908075308221,0.6399891999990359,0.025783600000067963,0.6657727999991039,582.359375,44031
road,max_speedometer_attack,max_speedometer_attack_1,max_speedometer_attack,raw,elliptic_envelope,1,0.1881859264041317,0.11859235150528885,0.14549538307961066,0.9380624746622297,0.3362202398615353,0.03731287924869813,0.48005410000041593,0.025276799999119248,0.5053308999995352,582.5859375,44031
road,max_speedometer_attack,max_speedometer_attack_1,max_speedometer_attack,raw,elliptic_envelope,2,0.1973642924380295,0.12794955248169243,0.1552511415525114,0.9381687600565665,0.33660014570944097,0.03795083304897408,0.5069077000007383,0.027578400000493275,0.5344861000012315,582.62109375,44031
road,max_speedometer_attack,max_speedometer_attack_1,max_speedometer_attack,raw,elliptic_envelope,3,0.19857275829972076,0.13018714401952808,0.1572674775770979,0.9384323187416949,0.33707310140387925,0.03832173642122754,0.5952591000004759,0.02470739999989746,0.6199665000003733,582.62109375,44031
road,max_speedometer_attack,max_speedometer_attack_1,max_speedometer_attack,raw,elliptic_envelope,4,0.22511914774320158,0.16334418226200162,0.18931981610279386,0.9376837518380842,0.33449904579566264,0.041007076836342596,0.6998440000006667,0.025333300000056624,0.7251773000007233,582.71484375,44031
road,max_speedometer_attack,max_speedometer_attack_1,max_speedometer_attack,raw,autoencoder,0,0.0003468909895065476,0.0008136696501220504,0.0004864108956040615,0.7803763433688581,0.13392244838727485,0.17101612687862558,1.4503961999998864,0.04421569999976782,1.4946118999996543,589.40625,18610
road,max_speedometer_attack,max_speedometer_attack_1,max_speedometer_attack,raw,autoencoder,1,0.2896799669947545,0.9997965825874695,0.449207147100489,0.8394291699923732,0.1750263251732973,0.17880509769594824,1.300666299999648,0.04423470000074303,1.344901000000391,590.046875,18610
road,max_speedometer_attack,max_speedometer_attack_1,max_speedometer_attack,raw,autoencoder,2,0.0,0.0,0.0,0.711670522593013,0.10323907992701603,0.16706971499784876,1.4072981999997864,0.050759100000504986,1.4580573000002914,590.109375,18610
road,max_speedometer_attack,max_speedometer_attack_1,max_speedometer_attack,raw,autoencoder,3,0.326860410986234,0.9997965825874695,0.4926577457024006,0.9137313764105239,0.2679530957905934,0.1501713573579811,1.3187553999996453,0.041471099999398575,1.3602264999990439,590.34375,18610
road,max_speedometer_attack,max_speedometer_attack_1,max_speedometer_attack,raw,autoencoder,4,0.003476933514246947,0.008340113913751017,0.0049078285851089296,0.7193935486618644,0.10554967492788439,0.1743394210940166,1.1463451999989047,0.03677060000154597,1.1831158000004507,590.375,18610
road,max_speedometer_attack,max_speedometer_attack_1,max_speedometer_attack,residual,isolation_forest,0,0.1445967409847638,1.0,0.252659711157938,0.995111716880384,0.9176592364789032,0.43146447487500555,0.4732971000012185,0.9324776000012207,1.4057747000024392,591.96875,2071919
road,max_speedometer_attack,max_speedometer_attack_1,max_speedometer_attack,residual,isolation_forest,1,0.15624702030956997,1.0,0.2702658126941367,0.987570207119324,0.7211730243514473,0.3938548729285047,0.5304122999987158,1.1270425000002433,1.657454799998959,593.046875,2056431
road,max_speedometer_attack,max_speedometer_attack_1,max_speedometer_attack,residual,isolation_forest,2,0.14232773595830922,1.0,0.24918896999188972,0.9896083196408927,0.7781332699214877,0.4395056599854606,0.4922704000000522,0.9938127000004897,1.486083100000542,592.07421875,2030735
road,max_speedometer_attack,max_speedometer_attack_1,max_speedometer_attack,residual,isolation_forest,3,0.15434850863422292,1.0,0.2674209867812653,0.9925995572554512,0.8514529086967785,0.39959645713098824,0.4434308999989298,0.9973660999985441,1.440796999997474,592.0859375,2047279
road,max_speedometer_attack,max_speedometer_attack_1,max_speedometer_attack,residual,isolation_forest,4,0.14522466101444567,1.0,0.2536177676890139,0.9845148143876997,0.6614852059978701,0.4292835630461552,0.4444358000000648,0.9998412999993889,1.4442770999994536,592.0859375,2005391
road,max_speedometer_attack,max_speedometer_attack_1,max_speedometer_attack,residual,one_class_svm,0,0.09581351835970998,1.0,0.1748719408081958,0.8551473970001335,0.20112097533036044,0.6882779698233016,0.07038230000034673,2.389834300000075,2.4602166000004217,592.27734375,32922
road,max_speedometer_attack,max_speedometer_attack_1,max_speedometer_attack,residual,one_class_svm,1,0.09581351835970998,1.0,0.1748719408081958,0.8551473970001335,0.20112097533036044,0.6882779698233016,0.07349629999953322,2.5579894999991666,2.6314857999987,589.43359375,32922
road,max_speedometer_attack,max_speedometer_attack_1,max_speedometer_attack,residual,one_class_svm,2,0.09581351835970998,1.0,0.1748719408081958,0.8551473970001335,0.20112097533036044,0.6882779698233016,0.08289800000056857,2.62575409999954,2.7086521000001085,591.51953125,32922
road,max_speedometer_attack,max_speedometer_attack_1,max_speedometer_attack,residual,one_class_svm,3,0.09581351835970998,1.0,0.1748719408081958,0.8551473970001335,0.20112097533036044,0.6882779698233016,0.08385420000013255,2.681560500001069,2.7654147000012017,591.6015625,32922
road,max_speedometer_attack,max_speedometer_attack_1,max_speedometer_attack,residual,one_class_svm,4,0.09581351835970998,1.0,0.1748719408081958,0.8551473970001335,0.20112097533036044,0.6882779698233016,0.07421839999915392,2.592113500000778,2.666331899999932,590.76953125,32922
road,max_speedometer_attack,max_speedometer_attack_1,max_speedometer_attack,residual,lof,0,0.09840068856462299,1.0,0.17917084282460138,0.8542455706501996,0.18708297333149332,0.6682640238565049,0.39004250000107277,7.4745929000000615,7.864635400001134,591.4453125,1551948
road,max_speedometer_attack,max_speedometer_attack_1,max_speedometer_attack,residual,lof,1,0.09840068856462299,1.0,0.17917084282460138,0.8542455706501996,0.18708297333149332,0.6682640238565049,0.38643880000017816,7.434312500001397,7.820751300001575,592.6875,1551948
road,max_speedometer_attack,max_speedometer_attack_1,max_speedometer_attack,residual,lof,2,0.09840068856462299,1.0,0.17917084282460138,0.8542455706501996,0.18708297333149332,0.6682640238565049,0.48231660000055854,7.66664910000145,8.148965700002009,592.71484375,1551948
road,max_speedometer_attack,max_speedometer_attack_1,max_speedometer_attack,residual,lof,3,0.09840068856462299,1.0,0.17917084282460138,0.8542455706501996,0.18708297333149332,0.6682640238565049,0.3924143999993248,7.412594199999148,7.805008599998473,591.51953125,1551948
road,max_speedometer_attack,max_speedometer_attack_1,max_speedometer_attack,residual,lof,4,0.09840068856462299,1.0,0.17917084282460138,0.8542455706501996,0.18708297333149332,0.6682640238565049,0.3870888000001287,7.190852100000484,7.577940900000613,590.12890625,1551948
road,max_speedometer_attack,max_speedometer_attack_1,max_speedometer_attack,residual,hbos,0,0.14964992389649923,1.0,0.2603399883493089,0.9886105714619617,0.8609048457524776,0.41443259202112664,0.010114400000020396,0.04102219999913359,0.05113659999915399,588.62890625,3711
road,max_speedometer_attack,max_speedometer_attack_1,max_speedometer_attack,residual,hbos,1,0.14964992389649923,1.0,0.2603399883493089,0.9886105714619617,0.8609048457524776,0.41443259202112664,0.005849700000908342,0.05255530000067665,0.058405000001584995,591.5703125,3711
road,max_speedometer_attack,max_speedometer_attack_1,max_speedometer_attack,residual,hbos,2,0.14964992389649923,1.0,0.2603399883493089,0.9886105714619617,0.8609048457524776,0.41443259202112664,0.0053055000007589115,0.04152020000037737,0.04682570000113628,590.4453125,3711
road,max_speedometer_attack,max_speedometer_attack_1,max_speedometer_attack,residual,hbos,3,0.14964992389649923,1.0,0.2603399883493089,0.9886105714619617,0.8609048457524776,0.41443259202112664,0.0070095999999466585,0.05198240000026999,0.05899200000021665,590.48828125,3711
road,max_speedometer_attack,max_speedometer_attack_1,max_speedometer_attack,residual,hbos,4,0.14964992389649923,1.0,0.2603399883493089,0.9886105714619617,0.8609048457524776,0.41443259202112664,0.009415599999556434,0.045240699999339995,0.05465629999889643,590.48828125,3711
road,max_speedometer_attack,max_speedometer_attack_1,max_speedometer_attack,residual,elliptic_envelope,0,0.10099432985454844,1.0,0.18346021794297657,0.8501132755195674,0.18326907484440264,0.6492292627924573,0.7173843000000488,0.025524199998471886,0.7429084999985207,591.30078125,44031
road,max_speedometer_attack,max_speedometer_attack_1,max_speedometer_attack,residual,elliptic_envelope,1,0.10147799521096523,1.0,0.18425787106446775,0.8503167593265178,0.18393486127837555,0.6457872794979452,0.6370430999995733,0.023796399998900597,0.6608394999984739,591.0078125,44031
road,max_speedometer_attack,max_speedometer_attack_1,max_speedometer_attack,residual,elliptic_envelope,2,0.10342288515347232,1.0,0.18745829281778487,0.8516019048052019,0.18496326569557991,0.6322715606130291,0.5362074999993638,0.025916100001268205,0.562123600000632,592.13671875,44031
road,max_speedometer_attack,max_speedometer_attack_1,max_speedometer_attack,residual,elliptic_envelope,3,0.09780165124838357,1.0,0.1781772711621754,0.8504511597396986,0.18375024113823052,0.6728038811328872,0.683208199998262,0.02782179999849177,0.7110299999967538,592.140625,44031
road,max_speedometer_attack,max_speedometer_attack_1,max_speedometer_attack,residual,elliptic_envelope,4,0.1015450714698835,1.0,0.18436843684368434,0.850942843615296,0.1843062063725298,0.6453125231814608,0.605368799999269,0.023806799999874784,0.6291755999991437,592.17578125,44031
road,max_speedometer_attack,max_speedometer_attack_1,max_speedometer_attack,residual,autoencoder,0,0.09806894350462815,1.0,0.1786207397718189,0.8607448057200894,0.1923644272596353,0.6707713306529383,1.4337484000006953,0.045073499999489286,1.4788219000001845,592.38671875,18610
road,max_speedometer_attack,max_speedometer_attack_1,max_speedometer_attack,residual,autoencoder,1,0.09900710933881135,1.0,0.1801755575509905,0.8515650830635838,0.184576830794251,0.6637241665801226,1.5407173999992665,0.03823490000104357,1.57895230000031,592.41015625,18610
road,max_speedometer_attack,max_speedometer_attack_1,max_speedometer_attack,residual,autoencoder,2,0.09996543099416394,1.0,0.18176104116983713,0.8636654087257984,0.19604806062669095,0.6566621663724167,1.1248924999999872,0.03643530000044848,1.1613278000004357,592.42578125,18610
road,max_speedometer_attack,max_speedometer_attack_1,max_speedometer_attack,residual,autoencoder,3,0.09903902330922497,1.0,0.1802284017377596,0.8533856301253551,0.1864041184578375,0.6634867884218804,1.174476099999083,0.04802749999907974,1.2225035999981628,592.4375,18610
road,max_speedometer_attack,max_speedometer_attack_1,max_speedometer_attack,residual,autoencoder,4,0.10113353494208892,1.0,0.18368986454927602,0.8591666013084022,0.19229015183863657,0.6482352417548181,1.4548883999996178,0.03572660000099859,1.4906150000006164,592.4375,18610
road,reverse_light_off_attack,reverse_light_off_attack_1,reverse_light_off_attack,raw,isolation_forest,0,0.0,0.0,0.0,0.7826541807948744,0.09803971415664574,0.013080296385906548,0.9666780000006838,0.32424929999979213,1.290927300000476,594.953125,2393295
road,reverse_light_off_attack,reverse_light_off_attack_1,reverse_light_off_attack,raw,isolation_forest,1,0.0,0.0,0.0,0.797623426852734,0.10316904083027287,0.013496143958868894,0.8717414000002464,0.3182726000013645,1.1900140000016108,594.015625,2467391
road,reverse_light_off_attack,reverse_light_off_attack_1,reverse_light_off_attack,raw,isolation_forest,2,0.0,0.0,0.0,0.7993621779872767,0.10602084677622432,0.012740057462573718,0.9724353999990853,0.27351329999873997,1.2459486999978253,594.16015625,2485695
road,reverse_light_off_attack,reverse_light_off_attack_1,reverse_light_off_attack,raw,isolation_forest,3,0.0,0.0,0.0,0.8236378961345312,0.11717884708323471,0.012097383940722819,0.9964985999995406,0.3169268000001466,1.3134253999996872,594.171875,2428319
road,reverse_light_off_attack,reverse_light_off_attack_1,reverse_light_off_attack,raw,isolation_forest,4,0.0,0.0,0.0,0.8113760785246213,0.11178984715862385,0.012097383940722819,0.8713522999987617,0.37590740000086953,1.2472596999996313,594.171875,2465279
road,reverse_light_off_attack,reverse_light_off_attack_1,reverse_light_off_attack,raw,one_class_svm,0,0.0,0.0,0.0,0.808978326144546,0.10717263274931128,0.00884621200665356,0.08184350000010454,0.8983762999996543,0.9802197999997588,594.4140625,29754
road,reverse_light_off_attack,reverse_light_off_attack_1,reverse_light_off_attack,raw,one_class_svm,1,0.0,0.0,0.0,0.7897629908380821,0.09832826184864593,0.007447451988507485,0.12232729999959702,0.9762204999988171,1.0985477999984141,590.51171875,30138
road,reverse_light_off_attack,reverse_light_off_attack_1,reverse_light_off_attack,raw,one_class_svm,2,0.0,0.0,0.0,0.7878175411846867,0.09744397024120789,0.00824134280961742,0.06893590000072436,0.7701618999999482,0.8390978000006726,590.87109375,30138
road,reverse_light_off_attack,reverse_light_off_attack_1,reverse_light_off_attack,raw,one_class_svm,3,0.0,0.0,0.0,0.8327198276056704,0.12083277266067463,0.01296688341146227,0.11479299999882642,0.8279388999999355,0.942731899998762,591.08984375,29610
road,reverse_light_off_attack,reverse_light_off_attack_1,reverse_light_off_attack,raw,one_class_svm,4,0.0,0.0,0.0,0.7798222706626655,0.09459749101616255,0.01111447149553909,0.08406070000091859,0.9636683999997331,1.0477291000006517,591.21875,30282
road,reverse_light_off_attack,reverse_light_off_attack_1,reverse_light_off_attack,raw,lof,0,0.01644736842105263,0.003641660597232338,0.005963029218843173,0.689802339826132,0.07131827650546618,0.011303493119612883,0.09520809999958146,0.34975590000067314,0.4449640000002546,593.90234375,2514956
road,reverse_light_off_attack,reverse_light_off_attack_1,reverse_light_off_attack,raw,lof,1,0.015363128491620111,0.008011653313911144,0.010531354715174725,0.7257160766897487,0.07810295534177228,0.02665204899440496,0.09845690000111063,0.405046100000618,0.5035030000017287,596.38671875,2514956
road,reverse_light_off_attack,reverse_light_off_attack_1,reverse_light_off_attack,raw,lof,2,0.018691588785046728,0.0029133284777858705,0.005040957781978576,0.6959205278750313,0.07417441325411744,0.00793890821109935,0.10888519999934942,0.3840839999993477,0.49296919999869715,593.77734375,2514956
road,reverse_light_off_attack,reverse_light_off_attack_1,reverse_light_off_attack,raw,lof,3,0.0,0.0,0.0,0.6864437986534502,0.06964206962641663,0.010736428247391502,0.07916169999953127,0.3710498999989795,0.4502115999985108,595.671875,2514956
road,reverse_light_off_attack,reverse_light_off_attack_1,reverse_light_off_attack,raw,lof,4,0.025547445255474453,0.005098324836125273,0.008500303582270795,0.7315692627545404,0.08080840416499928,0.010093754725540601,0.14520300000003772,0.33198239999910584,0.47718539999914356,594.71484375,2514956
road,reverse_light_off_attack,reverse_light_off_attack_1,reverse_light_off_attack,raw,hbos,0,0.0,0.0,0.0,0.7246441189521755,0.11264298092187316,0.011794949342204748,0.02289550000023155,0.012543099999675178,0.03543859999990673,592.90234375,3711
road,reverse_light_off_attack,reverse_light_off_attack_1,reverse_light_off_attack,raw,hbos,1,0.0,0.0,0.0,0.7246441189521755,0.11264298092187316,0.011794949342204748,0.012633500000447384,0.01128690000041388,0.023920400000861264,588.390625,3711
road,reverse_light_off_attack,reverse_light_off_attack_1,reverse_light_off_attack,raw,hbos,2,0.0,0.0,0.0,0.7246441189521755,0.11264298092187316,0.011794949342204748,0.012168100000053528,0.011523700000907411,0.02369180000096094,589.07421875,3711
road,reverse_light_off_attack,reverse_light_off_attack_1,reverse_light_off_attack,raw,hbos,3,0.0,0.0,0.0,0.7246441189521755,0.11264298092187316,0.011794949342204748,0.013976000000184285,0.013105700001688092,0.027081700001872377,589.07421875,3711
road,reverse_light_off_attack,reverse_light_off_attack_1,reverse_light_off_attack,raw,hbos,4,0.0,0.0,0.0,0.7246441189521755,0.11264298092187316,0.011794949342204748,0.0055673000006208895,0.006883800000650808,0.012451100001271698,589.07421875,3711
road,reverse_light_off_attack,reverse_light_off_attack_1,reverse_light_off_attack,raw,elliptic_envelope,0,0.0,0.0,0.0,0.896323167338297,0.18778244127810287,0.017314380765159534,0.7145811999998841,0.010329200000342098,0.7249104000002262,592.8125,66831
road,reverse_light_off_attack,reverse_light_off_attack_1,reverse_light_off_attack,raw,elliptic_envelope,1,0.0,0.0,0.0,0.8972908258898554,0.18799596397103518,0.018183880235898987,0.6616534000004322,0.011143300000185263,0.6727967000006174,591.9453125,66831
road,reverse_light_off_attack,reverse_light_off_attack_1,reverse_light_off_attack,raw,elliptic_envelope,2,0.0,0.0,0.0,0.8715855370620603,0.15804029242606213,0.014479056404052624,0.60185139999885,0.009838599999056896,0.6116899999979069,592.13671875,66831
road,reverse_light_off_attack,reverse_light_off_attack_1,reverse_light_off_attack,raw,elliptic_envelope,3,0.0,0.0,0.0,0.8945947690268643,0.18529904938974212,0.016331468319975805,0.6296211000008043,0.008953900000051362,0.6385750000008557,592.32421875,66831
road,reverse_light_off_attack,reverse_light_off_attack_1,reverse_light_off_attack,raw,elliptic_envelope,4,0.0,0.0,0.0,0.8562950781467433,0.14200979190250468,0.013382730984424619,0.5798217999999906,0.01031409999995958,0.5901358999999502,592.1875,66831
road,reverse_light_off_attack,reverse_light_off_attack_1,reverse_light_off_attack,raw,autoencoder,0,0.0,0.0,0.0,0.898301960791656,0.18680256752025237,0.03459095720550431,1.8229734000015014,0.015163599999141297,1.8381370000006427,591.5703125,18610
road,reverse_light_off_attack,reverse_light_off_attack_1,reverse_light_off_attack,raw,autoencoder,1,0.0,0.0,0.0,0.9284826979545135,0.2447208947333948,0.01236201421442613,2.1958040000008623,0.013948800000434858,2.209752800001297,591.9375,18610
road,reverse_light_off_attack,reverse_light_off_attack_1,reverse_light_off_attack,raw,autoencoder,2,0.0,0.0,0.0,0.8216288151667537,0.11447914184433643,0.013193709360350823,1.906528999999864,0.017256899998756126,1.9237858999986202,591.9375,18610
road,reverse_light_off_attack,reverse_light_off_attack_1,reverse_light_off_attack,raw,autoencoder,3,0.07451212300413956,0.09176984705025491,0.08224543080939947,0.8709505180211261,0.15902062477152204,0.05916376833509754,1.9293376999994507,0.012502699999458855,1.9418403999989096,591.9921875,18610
road,reverse_light_off_attack,reverse_light_off_attack_1,reverse_light_off_attack,raw,autoencoder,4,0.06879194630872483,0.02986161689730517,0.041645505332656166,0.8579116053935565,0.14135348808483272,0.02098140027219114,1.6083863000003475,0.013917399999627378,1.622303699999975,592.04296875,18610
road,reverse_light_off_attack,reverse_light_off_attack_1,reverse_light_off_attack,residual,isolation_forest,0,0.5578118524658102,0.9803350327749454,0.711040676175383,0.9864015668447096,0.6273951537411343,0.04033721457734765,0.894983799998954,0.3084333000006154,1.2034170999995695,592.3046875,2022287
road,reverse_light_off_attack,reverse_light_off_attack_1,reverse_light_off_attack,residual,isolation_forest,1,0.5382470119521913,0.9839766933721777,0.695853721349472,0.9867245694189279,0.625405933725335,0.04381521246030546,0.3997824000016408,0.1752676000014617,0.5750500000031025,593.21484375,2119439
road,reverse_light_off_attack,reverse_light_off_attack_1,reverse_light_off_attack,residual,isolation_forest,2,0.5337278106508876,0.9854333576110706,0.6924257932446264,0.9891991694833138,0.6752319345547032,0.04468471193104491,0.2809733000012784,0.17295150000063586,0.45392480000191426,592.49609375,2079663
road,reverse_light_off_attack,reverse_light_off_attack_1,reverse_light_off_attack,residual,isolation_forest,3,0.5613816063254266,0.9825200291332847,0.7145127118644068,0.9862106178333546,0.6258348186924506,0.03984575835475578,0.24474519999967015,0.16931669999939913,0.4140618999990693,592.625,2031615
road,reverse_light_off_attack,reverse_light_off_attack_1,reverse_light_off_attack,residual,isolation_forest,4,0.5189003436426117,0.9898033503277495,0.6808617234468937,0.9891107574753165,0.6773360395793437,0.0476334492665961,0.25986960000045656,0.273952300000019,0.5338219000004756,592.72265625,2030911
road,reverse_light_off_attack,reverse_light_off_attack_1,reverse_light_off_attack,residual,one_class_svm,0,0.3355327468230694,1.0,0.5024702653247941,0.9897947046190883,0.7195824954485244,0.1027899591713292,0.08367989999896963,0.9235793000007106,1.0072591999996803,593.125,35290
road,reverse_light_off_attack,reverse_light_off_attack_1,reverse_light_off_attack,residual,one_class_svm,1,0.34900864260294867,1.0,0.5174298096853213,0.9898467716097837,0.7204249397276316,0.09681687585059731,0.10073769999871729,0.9753557000003639,1.0760933999990812,592.94140625,34506
road,reverse_light_off_attack,reverse_light_off_attack_1,reverse_light_off_attack,residual,one_class_svm,2,0.3378444881889764,1.0,0.5050579363619643,0.9898499793329015,0.7205534707463644,0.10173143807651595,0.08797210000011546,1.2919964000011532,1.3799685000012687,586.43359375,34634
road,reverse_light_off_attack,reverse_light_off_attack_1,reverse_light_off_attack,residual,one_class_svm,3,0.31665129151291516,1.0,0.4809949203012787,0.9898056907265909,0.7196470442511222,0.11201421442613035,0.08286299999963376,1.1981899999991583,1.281052999998792,591.44140625,34634
road,reverse_light_off_attack,reverse_light_off_attack_1,reverse_light_off_attack,residual,one_class_svm,4,0.340272614622057,1.0,0.5077662721893491,0.9898475425646961,0.7204315667355609,0.10063511265688795,0.10793079999893962,1.084158399999069,1.1920891999980086,590.984375,34106
road,reverse_light_off_attack,reverse_light_off_attack_1,reverse_light_off_attack,residual,lof,0,0.3295727316370619,1.0,0.49575735692363243,0.9921116168697711,0.6980921030126103,0.10558747920762135,1.2017075000003388,4.4908580999999685,5.692565600000307,593.24609375,2514956
road,reverse_light_off_attack,reverse_light_off_attack_1,reverse_light_off_attack,residual,lof,1,0.3621735689791612,1.0,0.5317583268783889,0.9915776204564735,0.6868517827848774,0.09141085740208679,1.0379668999994465,4.714509699999326,5.752476599998772,595.36328125,2514956
road,reverse_light_off_attack,reverse_light_off_attack_1,reverse_light_off_attack,residual,lof,2,0.3369325153374233,1.0,0.5040381791483113,0.9919153262422369,0.6943403510414019,0.1021472856494783,0.8254558999997244,4.081955199999356,4.907411099999081,593.26953125,2514956
road,reverse_light_off_attack,reverse_light_off_attack_1,reverse_light_off_attack,residual,lof,3,0.3600839234198794,1.0,0.5295025067489395,0.9913551999642277,0.6829055025815539,0.09224255254801149,0.849590799998623,1.7654292000006535,2.6150199999992765,595.4296875,2514956
road,reverse_light_off_attack,reverse_light_off_attack_1,reverse_light_off_attack,residual,lof,4,0.3729964683509916,1.0,0.5433320142461416,0.9915011857837236,0.6869565561828619,0.08725238167246332,0.3569257999988622,1.719417300000714,2.0763430999995762,595.140625,2514956
road,reverse_light_off_attack,reverse_light_off_attack_1,reverse_light_off_attack,residual,hbos,0,0.38622247317899494,0.9963583394027676,0.5566632756866734,0.991388846639336,0.7975718016510704,0.08218660214728565,0.004222300000037649,0.007218299999294686,0.011440599999332335,595.29296875,3711
road,reverse_light_off_attack,reverse_light_off_attack_1,reverse_light_off_attack,residual,hbos,1,0.38622247317899494,0.9963583394027676,0.5566632756866734,0.991388846639336,0.7975718016510704,0.08218660214728565,0.004637199999706354,0.007096899998941808,0.011734099998648162,587.15234375,3711
road,reverse_light_off_attack,reverse_light_off_attack_1,reverse_light_off_attack,residual,hbos,2,0.38622247317899494,0.9963583394027676,0.5566632756866734,0.991388846639336,0.7975718016510704,0.08218660214728565,0.004017400000520865,0.007041099999696598,0.011058500000217464,588.765625,3711
road,reverse_light_off_attack,reverse_light_off_attack_1,reverse_light_off_attack,residual,hbos,3,0.38622247317899494,0.9963583394027676,0.5566632756866734,0.991388846639336,0.7975718016510704,0.08218660214728565,0.004666299999371404,0.006332700000712066,0.01099900000008347,588.765625,3711
road,reverse_light_off_attack,reverse_light_off_attack_1,reverse_light_off_attack,residual,hbos,4,0.38622247317899494,0.9963583394027676,0.5566632756866734,0.991388846639336,0.7975718016510704,0.08218660214728565,0.004006400000434951,0.0078014999999140855,0.011807900000349036,588.765625,3711
road,reverse_light_off_attack,reverse_light_off_attack_1,reverse_light_off_attack,residual,elliptic_envelope,0,0.4203919167176975,1.0,0.591937917654667,0.990711149737176,0.665386880699311,0.07156358687433842,0.20516930000121647,0.004202199999781442,0.2093715000009979,592.2890625,66831
road,reverse_light_off_attack,reverse_light_off_attack_1,reverse_light_off_attack,residual,elliptic_envelope,1,0.4252090430473831,1.0,0.596697088222512,0.9907113424759041,0.6654196467392645,0.07016482685619235,0.1991256000001158,0.003875799999150331,0.20300139999926614,592.23828125,66831
road,reverse_light_off_attack,reverse_light_off_attack_1,reverse_light_off_attack,residual,elliptic_envelope,2,0.43108320251177396,1.0,0.6024572180781045,0.9907234574816713,0.6655137839812226,0.06850143656434296,0.19226249999883294,0.004182499998933054,0.196444999997766,592.23828125,66831
road,reverse_light_off_attack,reverse_light_off_attack_1,reverse_light_off_attack,residual,elliptic_envelope,3,0.4193646915088577,1.0,0.5909188723907898,0.9907272296539216,0.6656143766218591,0.07186602147285649,0.1980091999994329,0.0035228000015194993,0.2015320000009524,592.23046875,66831
road,reverse_light_off_attack,reverse_light_off_attack_1,reverse_light_off_attack,residual,elliptic_envelope,4,0.4253407682775712,1.0,0.5968267767876548,0.9907061109961409,0.6653688300529769,0.07012702253137759,0.2013866000015696,0.0038132000008772593,0.20519980000244686,591.7890625,66831
road,reverse_light_off_attack,reverse_light_off_attack_1,reverse_light_off_attack,residual,autoencoder,0,0.37259158751696064,1.0,0.5429023329379201,0.9925590460600404,0.7072908707675953,0.08740359897172237,0.4726173999988532,0.007136400001400034,0.47975380000025325,592.484375,18610
road,reverse_light_off_attack,reverse_light_off_attack_1,reverse_light_off_attack,residual,autoencoder,1,0.4289284598562949,1.0,0.60034980323568,0.9920900576663261,0.6965502812692977,0.0691063057613791,0.46649770000112767,0.006859799999801908,0.4733575000009296,592.484375,18610
road,reverse_light_off_attack,reverse_light_off_attack_1,reverse_light_off_attack,residual,autoencoder,2,0.40181445712613406,1.0,0.5732776617954071,0.9925703350426872,0.7061904998030625,0.07727203992136701,0.4875026000008802,0.007616900000357418,0.4951195000012376,592.484375,18610
road,reverse_light_off_attack,reverse_light_off_attack_1,reverse_light_off_attack,residual,autoencoder,3,0.3651595744680851,1.0,0.5349698032339762,0.992470110904067,0.7047372272136508,0.09023892333282928,0.46147650000057183,0.006751999999323743,0.4682284999998956,592.49609375,18610
road,reverse_light_off_attack,reverse_light_off_attack_1,reverse_light_off_attack,residual,autoencoder,4,0.3833054159687326,1.0,0.5541876892028255,0.9926958630228988,0.708660139665918,0.08350975351580221,0.49476310000136436,0.009570800000801682,0.504333900002166,592.49609375,18610
road,reverse_light_on_attack,reverse_light_on_attack_1,reverse_light_on_attack,raw,isolation_forest,0,0.0,0.0,0.0,0.7857248411479487,0.13246226951164025,0.019975755020291995,0.2311809999991965,0.3290582000008726,0.5602392000000691,592.078125,2540959
road,reverse_light_on_attack,reverse_light_on_attack_1,reverse_light_on_attack,raw,isolation_forest,1,0.0,0.0,0.0,0.7313451605688215,0.10751361212436465,0.01886891899014389,0.20523010000033537,0.33127129999957106,0.5365013999999064,593.109375,2625615
road,reverse_light_on_attack,reverse_light_on_attack_1,reverse_light_on_attack,raw,isolation_forest,2,0.0,0.0,0.0,0.719367057386494,0.10471005768017654,0.016637678103972313,0.20479840000007243,0.3272395999993023,0.5320379999993747,593.203125,2646559
road,reverse_light_on_attack,reverse_light_on_attack_1,reverse_light_on_attack,raw,isolation_forest,3,0.0,0.0,0.0,0.7612802152932617,0.11795182050315839,0.018218872432755318,0.20344180000029155,0.3250136000006023,0.5284554000008939,593.23046875,2608719
road,reverse_light_on_attack,reverse_light_on_attack_1,reverse_light_on_attack,raw,isolation_forest,4,0.0,0.0,0.0,0.7111300456227201,0.10172035966096761,0.019606809676909292,0.22162509999907343,0.32798510000066017,0.5496101999997336,593.69921875,2608719
road,reverse_light_on_attack,reverse_light_on_attack_1,reverse_light_on_attack,raw,one_class_svm,0,0.0,0.0,0.0,0.8386124764903098,0.16089195304226248,0.022031307647709903,0.029151799999453942,0.6268684999995457,0.6560202999989997,594.62890625,30010
road,reverse_light_on_attack,reverse_light_on_attack_1,reverse_light_on_attack,raw,one_class_svm,1,0.0,0.0,0.0,0.8415844807326822,0.1632348963936944,0.02199616999595917,0.029581299999335897,0.5589995999998791,0.588580899999215,589.46875,29610
road,reverse_light_on_attack,reverse_light_on_attack_1,reverse_light_on_attack,raw,one_class_svm,2,0.0,0.0,0.0,0.8478262703062477,0.1694948933812594,0.021820481737205504,0.027505399999427027,0.6087539000000106,0.6362592999994376,591.7421875,29882
road,reverse_light_on_attack,reverse_light_on_attack_1,reverse_light_on_attack,raw,one_class_svm,3,0.0,0.0,0.0,0.8426050315821101,0.16578605320780931,0.02046768214480226,0.028390600000420818,0.5913925000004383,0.6197831000008591,592.125,29882
road,reverse_light_on_attack,reverse_light_on_attack_1,reverse_light_on_attack,raw,one_class_svm,4,0.0,0.0,0.0,0.8053682204322571,0.13769157620183206,0.02211915177708674,0.02765720000024885,0.5830470999990212,0.61070429999927,591.26171875,30010
road,reverse_light_on_attack,reverse_light_on_attack_1,reverse_light_on_attack,raw,lof,0,0.01625615763546798,0.008225324027916252,0.010923535253227408,0.3856819534194199,0.04849174940037598,0.0350849452731074,0.03823750000083237,0.3067553000000771,0.3449928000009095,589.78515625,2514956
road,reverse_light_on_attack,reverse_light_on_attack_1,reverse_light_on_attack,raw,lof,1,0.0,0.0,0.0,0.4218569103385744,0.052103603917022415,0.013703684182786065,0.03648810000049707,0.3051382999983616,0.3416263999988587,593.06640625,2514956
road,reverse_light_on_attack,reverse_light_on_attack_1,reverse_light_on_attack,raw,lof,2,0.0,0.0,0.0,0.5463293135053982,0.06521685023590613,0.02350708902124071,0.037256799998431234,0.3253242999999202,0.3625810999983514,590.3046875,2514956
road,reverse_light_on_attack,reverse_light_on_attack_1,reverse_light_on_attack,raw,lof,3,0.0,0.0,0.0,0.4018611582985018,0.04998250047007533,0.015056483775189304,0.03900619999876653,0.300944000000527,0.33995019999929355,592.7734375,2514956
road,reverse_light_on_attack,reverse_light_on_attack_1,reverse_light_on_attack,raw,lof,4,0.0,0.0,0.0,0.3715675738469162,0.04765791538951091,0.013334738839403363,0.037904799999523675,0.3022951999992074,0.3401999999987311,592.703125,2514956
road,reverse_light_on_attack,reverse_light_on_attack_1,reverse_light_on_attack,raw,hbos,0,0.0,0.0,0.0,0.7676924798436259,0.18125788465357226,0.020327131537799328,0.0024960000009741634,0.012654199999815319,0.015150200000789482,593.21484375,3711
road,reverse_light_on_attack,reverse_light_on_attack_1,reverse_light_on_attack,raw,hbos,1,0.0,0.0,0.0,0.7676924798436259,0.18125788465357226,0.020327131537799328,0.0024456000010104617,0.012133199999880162,0.014578800000890624,587.75390625,3711
road,reverse_light_on_attack,reverse_light_on_attack_1,reverse_light_on_attack,raw,hbos,2,0.0,0.0,0.0,0.7676924798436259,0.18125788465357226,0.020327131537799328,0.0024585999999544583,0.012266200001249672,0.01472480000120413,589.8125,3711
road,reverse_light_on_attack,reverse_light_on_attack_1,reverse_light_on_attack,raw,hbos,3,0.0,0.0,0.0,0.7676924798436259,0.18125788465357226,0.020327131537799328,0.0024016999996092636,0.012115100000301027,0.01451679999991029,589.8125,3711
road,reverse_light_on_attack,reverse_light_on_attack_1,reverse_light_on_attack,raw,hbos,4,0.0,0.0,0.0,0.7676924798436259,0.18125788465357226,0.020327131537799328,0.002548200000092038,0.011754200000723358,0.014302400000815396,589.8125,3711
road,reverse_light_on_attack,reverse_light_on_attack_1,reverse_light_on_attack,raw,elliptic_envelope,0,0.0,0.0,0.0,0.8489946541548601,0.18229761167473685,0.01691877931797818,0.20077409999976226,0.007842900000468944,0.2086170000002312,591.43359375,66831
road,reverse_light_on_attack,reverse_light_on_attack_1,reverse_light_on_attack,raw,elliptic_envelope,1,0.0,0.0,0.0,0.8550387024768732,0.19308820409087518,0.014301024262548534,0.1991383999993559,0.007887800000389689,0.20702619999974559,592.3515625,66831
road,reverse_light_on_attack,reverse_light_on_attack_1,reverse_light_on_attack,raw,elliptic_envelope,2,0.0,0.0,0.0,0.8499074799004663,0.18287076365941046,0.01691877931797818,0.18814370000109193,0.008226500000091619,0.19637020000118355,592.24609375,66831
road,reverse_light_on_attack,reverse_light_on_attack_1,reverse_light_on_attack,raw,elliptic_envelope,3,0.0,0.0,0.0,0.8508741813351912,0.18501030868985052,0.01691877931797818,0.18279959999927087,0.007716799998888746,0.1905163999981596,593.06640625,66831
road,reverse_light_on_attack,reverse_light_on_attack_1,reverse_light_on_attack,raw,elliptic_envelope,4,0.0,0.0,0.0,0.8530087630255635,0.188424880622657,0.01691877931797818,0.2090148000006593,0.008490900001561386,0.2175057000022207,592.07421875,66831
road,reverse_light_on_attack,reverse_light_on_attack_1,reverse_light_on_attack,raw,autoencoder,0,0.2563749138525155,0.09272183449651047,0.13618890719384955,0.7464485748292814,0.12277128899269679,0.01895676311952072,0.4779330999990634,0.015122400000109337,0.49305549999917275,593.01953125,18610
road,reverse_light_on_attack,reverse_light_on_attack_1,reverse_light_on_attack,raw,autoencoder,1,0.0,0.0,0.0,0.9265459301219306,0.29004605952582135,0.02215428942883747,0.4932304000012664,0.013612200000352459,0.5068426000016188,593.62890625,18610
road,reverse_light_on_attack,reverse_light_on_attack_1,reverse_light_on_attack,raw,autoencoder,2,0.0,0.0,0.0,0.7571979199350943,0.11561030158699058,0.016707953407473778,0.5068998999995529,0.013646399998833658,0.5205462999983865,593.421875,18610
road,reverse_light_on_attack,reverse_light_on_attack_1,reverse_light_on_attack,raw,autoencoder,3,0.28522786799371397,0.2714356929212363,0.27816091954022987,0.9311235244879393,0.30591935307636337,0.04794532581387586,0.4959584000007453,0.014370900000358233,0.5103293000011035,593.8671875,18610
road,reverse_light_on_attack,reverse_light_on_attack_1,reverse_light_on_attack,raw,autoencoder,4,0.29865424430641824,0.1438185443668993,0.19414535666218036,0.9606690610016083,0.432176738083348,0.023805759061121944,0.5063870000012685,0.015268700000888202,0.5216557000021567,593.51171875,18610
road,reverse_light_on_attack,reverse_light_on_attack_1,reverse_light_on_attack,residual,isolation_forest,0,0.25194919517102615,0.998753738783649,0.40239003816027313,0.9568330357405445,0.4105980133618453,0.2090163214392382,0.23659849999967264,0.3897264000006544,0.626324900000327,594.00390625,2068399
road,reverse_light_on_attack,reverse_light_on_attack_1,reverse_light_on_attack,residual,isolation_forest,1,0.24500641378046545,0.9997507477567298,0.39356326350390025,0.9710658297249365,0.5152118242566864,0.21715068781953303,0.2110886999998911,0.3872137999987899,0.598302499998681,593.5546875,2080543
road,reverse_light_on_attack,reverse_light_on_attack_1,reverse_light_on_attack,residual,isolation_forest,2,0.24968827930174564,0.9982552342971087,0.39946140035906647,0.9536983096635007,0.4109766861435082,0.21144081941003884,0.20004400000107125,0.38145649999933084,0.5815005000004021,594.00390625,2109055
road,reverse_light_on_attack,reverse_light_on_attack_1,reverse_light_on_attack,residual,isolation_forest,3,0.22687934837943322,0.9997507477567298,0.36983080540316265,0.956427827324611,0.4295422411114466,0.24013071206451272,0.2067896999997174,0.36853809999956866,0.5753277999992861,593.09375,2069279
road,reverse_light_on_attack,reverse_light_on_attack_1,reverse_light_on_attack,residual,isolation_forest,4,0.2419325652934435,0.9997507477567298,0.38958768393958526,0.9806938397022781,0.6359492252054778,0.22080500360160932,0.19999380000081146,0.3765738000001875,0.5765676000009989,593.13671875,1980927
road,reverse_light_on_attack,reverse_light_on_attack_1,reverse_light_on_attack,residual,one_class_svm,0,0.19612732873698108,0.9997507477567298,0.32792380329477167,0.9802985411200821,0.6431001155316085,0.28883149739102937,0.03218419999939215,0.699118800001088,0.7313030000004801,594.78515625,35418
road,reverse_light_on_attack,reverse_light_on_attack_1,reverse_light_on_attack,residual,one_class_svm,1,0.19601231490983725,0.9997507477567298,0.32776302349336056,0.9801544084344237,0.6414511439440291,0.28904232330153373,0.033128700000816025,0.7198621000006824,0.7529908000014984,591.64453125,36218
road,reverse_light_on_attack,reverse_light_on_attack_1,reverse_light_on_attack,residual,one_class_svm,2,0.19359976831740516,0.9997507477567298,0.3243833400727861,0.9802671169190649,0.6427283599559899,0.2935223738997523,0.03005469999880006,0.6990654000001086,0.7291200999989087,592.73046875,34890
road,reverse_light_on_attack,reverse_light_on_attack_1,reverse_light_on_attack,residual,one_class_svm,3,0.196752673403316,0.9997507477567298,0.32879744241331255,0.9801450919645708,0.6413476990042718,0.28768952370913053,0.03243819999988773,0.721484399999099,0.7539225999989867,593.171875,36218
road,reverse_light_on_attack,reverse_light_on_attack_1,reverse_light_on_attack,residual,one_class_svm,4,0.19514449742142648,0.9997507477567298,0.3265488887079704,0.9799549921888789,0.6391032726936099,0.29064108645619213,0.03396969999994326,0.6988989999990736,0.7328686999990168,591.30078125,36090
road,reverse_light_on_attack,reverse_light_on_attack_1,reverse_light_on_attack,residual,lof,0,0.22339181286549709,0.9997507477567298,0.3651841398461329,0.9916656634218989,0.7374280267308473,0.24497970800611396,0.3912445999994816,3.851111799998762,4.242356399998243,594.1953125,2514956
road,reverse_light_on_attack,reverse_light_on_attack_1,reverse_light_on_attack,residual,lof,1,0.231221536865164,0.9997507477567298,0.3755793810571656,0.9916425419362006,0.7372194401149597,0.23429786187389096,0.3919681999996101,3.8265413000008266,4.218509500000437,594.01171875,2514956
road,reverse_light_on_attack,reverse_light_on_attack_1,reverse_light_on_attack,residual,lof,2,0.22236389843663376,0.9997507477567298,0.36380952380952375,0.9916705942538868,0.7376459082172729,0.2464379205537694,0.38770410000142874,3.7261715000004187,4.1138756000018475,594.03125,2514956
road,reverse_light_on_attack,reverse_light_on_attack_1,reverse_light_on_attack,residual,lof,3,0.2212540671703524,1.0,0.36233912847143823,0.9917664739753578,0.7396968619534658,0.24808939018605386,0.3593626999991102,5.516323399999237,5.875686099998347,594.29296875,2514956
road,reverse_light_on_attack,reverse_light_on_attack_1,reverse_light_on_attack,residual,lof,4,0.22514734774066797,0.9997507477567298,0.36752645805653544,0.991573440223261,0.7358245807129533,0.2425200723835626,1.1257362999986071,11.861024400001043,12.98676069999965,594.66015625,2514956
road,reverse_light_on_attack,reverse_light_on_attack_1,reverse_light_on_attack,residual,hbos,0,0.21889325474787164,0.9997507477567298,0.35915114613180515,0.9865307054994119,0.7278734418208583,0.2514626047541243,0.019132800000079442,0.07363839999925403,0.09277119999933348,589.56640625,3711
road,reverse_light_on_attack,reverse_light_on_attack_1,reverse_light_on_attack,residual,hbos,1,0.21889325474787164,0.9997507477567298,0.35915114613180515,0.9865307054994119,0.7278734418208583,0.2514626047541243,0.01881830000093032,0.06674839999868709,0.08556669999961741,590.640625,3711
road,reverse_light_on_attack,reverse_light_on_attack_1,reverse_light_on_attack,residual,hbos,2,0.21889325474787164,0.9997507477567298,0.35915114613180515,0.9865307054994119,0.7278734418208583,0.2514626047541243,0.007729400000243913,0.03313919999891368,0.040868599999157595,591.55078125,3711
road,reverse_light_on_attack,reverse_light_on_attack_1,reverse_light_on_attack,residual,hbos,3,0.21889325474787164,0.9997507477567298,0.35915114613180515,0.9865307054994119,0.7278734418208583,0.2514626047541243,0.010948900000585127,0.047851600000285544,0.05880050000087067,591.55078125,3711
road,reverse_light_on_attack,reverse_light_on_attack_1,reverse_light_on_attack,residual,hbos,4,0.21889325474787164,0.9997507477567298,0.35915114613180515,0.9865307054994119,0.7278734418208583,0.2514626047541243,0.014244899999539484,0.05221460000029765,0.06645949999983713,591.55078125,3711
road,reverse_light_on_attack,reverse_light_on_attack_1,reverse_light_on_attack,residual,elliptic_envelope,0,0.23989234449760766,0.9997507477567298,0.38693806675670456,0.9908488706651879,0.724784678849342,0.223282208050036,0.8735011000007944,0.02354400000149326,0.8970451000022877,591.3203125,66831
road,reverse_light_on_attack,reverse_light_on_attack_1,reverse_light_on_attack,residual,elliptic_envelope,1,0.23545641326680364,0.9997507477567298,0.38114695681094696,0.9908473117165308,0.7247612345438063,0.22881638820077654,0.9794242999996641,0.029318299999431474,1.0087425999990955,593.0078125,66831
road,reverse_light_on_attack,reverse_light_on_attack_1,reverse_light_on_attack,residual,elliptic_envelope,2,0.2432235764962707,0.9997507477567298,0.3912598156367361,0.9908448900912294,0.7246658609500449,0.21925894692457704,0.8327924999994138,0.02349529999992228,0.8562877999993361,591.4609375,66831
road,reverse_light_on_attack,reverse_light_on_attack_1,reverse_light_on_attack,residual,elliptic_envelope,3,0.24032354703415218,0.9997507477567298,0.3874987923872089,0.9908919431904396,0.7254257764398367,0.22275514327377502,0.7076280000001134,0.019742100001167273,0.7273701000012807,591.51953125,66831
road,reverse_light_on_attack,reverse_light_on_attack_1,reverse_light_on_attack,residual,elliptic_envelope,4,0.25062484378905275,0.9997507477567298,0.400779376498801,0.9908597964429942,0.7248603434944396,0.21070292872327342,0.9733222000013484,0.02257590000044729,0.9958981000017957,591.5234375,66831
road,reverse_light_on_attack,reverse_light_on_attack_1,reverse_light_on_attack,residual,autoencoder,0,0.2534597156398104,0.9997507477567298,0.4043958259817513,0.9917917718584789,0.7437539503281565,0.20755810889158277,2.2764432999993005,0.05390079999961017,2.3303440999989107,592.6796875,18610
road,reverse_light_on_attack,reverse_light_on_attack_1,reverse_light_on_attack,residual,autoencoder,1,0.23453397263477957,0.9997507477567298,0.3799374822392726,0.9898120603315932,0.7084715292646524,0.2299934995344261,2.644073399998888,0.049237200000789016,2.693310599999677,591.7734375,18610
road,reverse_light_on_attack,reverse_light_on_attack_1,reverse_light_on_attack,residual,autoencoder,2,0.24981315396113601,0.9997507477567298,0.3997408810045844,0.9923066058942939,0.7530698681519548,0.2116165076687925,2.4252856000002794,0.047739900001033675,2.473025500001313,592.7109375,18610
road,reverse_light_on_attack,reverse_light_on_attack_1,reverse_light_on_attack,residual,autoencoder,3,0.28173070169277237,0.9997507477567298,0.43958573072497126,0.9918546728093447,0.7427378540925318,0.1796588134015004,2.6293529000013223,0.032306099999914295,2.6616590000012366,591.7734375,18610
road,reverse_light_on_attack,reverse_light_on_attack_1,reverse_light_on_attack,residual,autoencoder,4,0.2694659052737655,0.9997507477567298,0.4245118272741705,0.9925750910097586,0.7572540696258364,0.19104341256873802,2.504173499999524,0.030972500000643777,2.535146000000168,592.7109375,18610
