dataset,target_id,attack_mode,direction,severity,rule,n_attack,attack_detected,attack_detection_rate,control_rate,alarm_lift,two_prop_z,p_value_onesided,detected_significant
DoS,0316,additive,positive,0.25,pird,964,52,0.05394190871369295,0.043568464730290454,0.010373443983402494,1.0575232452663887,0.1451364257695161,False
DoS,0316,additive,positive,0.25,global,964,638,0.6618257261410788,0.6618257261410788,0.0,0.0,0.5,False
DoS,0316,additive,positive,0.25,or,964,638,0.6618257261410788,0.6618257261410788,0.0,0.0,0.5,False
DoS,0316,additive,positive,0.25,max,964,624,0.6473029045643154,0.6473029045643154,0.0,0.0,0.5,False
DoS,0316,additive,positive,0.25,weighted_0.25,964,657,0.6815352697095436,0.6493775933609959,0.032157676348547715,1.4963115322641336,0.06728624563977181,False
DoS,0316,additive,positive,0.25,weighted_0.5,964,621,0.6441908713692946,0.5632780082987552,0.08091286307053946,3.631825286140795,0.00014071181725584345,True
DoS,0316,additive,positive,0.25,weighted_0.75,964,353,0.36618257261410786,0.32053941908713696,0.0456431535269709,2.110378451241974,0.017412885526129993,True
DoS,0316,additive,positive,0.5,pird,964,83,0.08609958506224066,0.043568464730290454,0.04253112033195021,3.792141215359318,7.467696987101022e-05,True
DoS,0316,additive,positive,0.5,global,964,638,0.6618257261410788,0.6618257261410788,0.0,0.0,0.5,False
DoS,0316,additive,positive,0.5,or,964,638,0.6618257261410788,0.6618257261410788,0.0,0.0,0.5,False
DoS,0316,additive,positive,0.5,max,964,624,0.6473029045643154,0.6473029045643154,0.0,0.0,0.5,False
DoS,0316,additive,positive,0.5,weighted_0.25,964,662,0.6867219917012448,0.6493775933609959,0.03734439834024894,1.7410373861937085,0.04083851271482257,True
DoS,0316,additive,positive,0.5,weighted_0.5,964,648,0.6721991701244814,0.5632780082987552,0.1089211618257262,4.92099800742161,4.3052003677780224e-07,True
DoS,0316,additive,positive,0.5,weighted_0.75,964,403,0.41804979253112035,0.32053941908713696,0.09751037344398339,4.435826837013773,4.585977799666596e-06,True
DoS,0316,additive,positive,0.5,global_A_bus,964,665,0.6898340248962656,0.691908713692946,-0.0020746887966804906,-0.0985617187298197,0.5392568669998834,False
DoS,0316,additive,positive,0.5,global_B_id_population,964,551,0.5715767634854771,0.5715767634854771,0.0,0.0,0.5,False
DoS,0316,additive,positive,0.5,global_C_cross_id,964,456,0.4730290456431535,0.47199170124481327,0.0010373443983402453,0.045617748847998955,0.4818074611817564,False
DoS,0316,additive,positive,0.5,global_D_bus_idpop,964,654,0.6784232365145229,0.6784232365145229,0.0,0.0,0.5,False
DoS,0316,additive,positive,0.5,global_E_all,964,638,0.6618257261410788,0.6618257261410788,0.0,0.0,0.5,False
DoS,0316,additive,positive,0.75,pird,964,107,0.11099585062240663,0.043568464730290454,0.06742738589211618,5.543521843899708,1.4822383603127674e-08,True
DoS,0316,additive,positive,0.75,global,964,637,0.6607883817427386,0.6618257261410788,-0.0010373443983402453,-0.04812179645064379,0.5191904123643696,False
DoS,0316,additive,positive,0.75,or,964,637,0.6607883817427386,0.6618257261410788,-0.0010373443983402453,-0.04812179645064379,0.5191904123643696,False
DoS,0316,additive,positive,0.75,max,964,625,0.6483402489626556,0.6473029045643154,0.0010373443983402453,0.04768012754265187,0.480985586005351,False
DoS,0316,additive,positive,0.75,weighted_0.25,964,672,0.6970954356846473,0.6493775933609959,0.047717842323651394,2.233591383153274,0.012754985706083796,True
DoS,0316,additive,positive,0.75,weighted_0.5,964,673,0.6981327800829875,0.5632780082987552,0.13485477178423233,6.134654136295643,4.2672331122473634e-10,True
DoS,0316,additive,positive,0.75,weighted_0.75,964,503,0.5217842323651453,0.32053941908713696,0.2012448132780083,8.948394718132345,1.8034462013010492e-19,True
DoS,0316,additive,positive,1.0,pird,964,218,0.22614107883817428,0.043568464730290454,0.18257261410788383,11.734956537786468,4.21848265834692e-32,True
DoS,0316,additive,positive,1.0,global,964,638,0.6618257261410788,0.6618257261410788,0.0,0.0,0.5,False
DoS,0316,additive,positive,1.0,or,964,666,0.6908713692946058,0.6618257261410788,0.02904564315352698,1.3629516683563245,0.08644887164943514,False
DoS,0316,additive,positive,1.0,max,964,649,0.6732365145228216,0.6473029045643154,0.025933609958506243,1.2021500300737857,0.11465270281182027,False
DoS,0316,additive,positive,1.0,weighted_0.25,964,678,0.7033195020746889,0.6493775933609959,0.053941908713692976,2.531195955518889,0.005683716118053582,True
DoS,0316,additive,positive,1.0,weighted_0.5,964,712,0.7385892116182573,0.5632780082987552,0.17531120331950212,8.074410488333477,3.390170901915334e-16,True
DoS,0316,additive,positive,1.0,weighted_0.75,964,630,0.6535269709543569,0.32053941908713696,0.3329875518672199,14.626068573445286,9.576990680304526e-49,True
DoS,0316,additive,positive,1.0,global_A_bus,964,665,0.6898340248962656,0.691908713692946,-0.0020746887966804906,-0.0985617187298197,0.5392568669998834,False
DoS,0316,additive,positive,1.0,global_B_id_population,964,551,0.5715767634854771,0.5715767634854771,0.0,0.0,0.5,False
DoS,0316,additive,positive,1.0,global_C_cross_id,964,457,0.47406639004149376,0.47199170124481327,0.0020746887966804906,0.09123032821543718,0.46365478849937275,False
DoS,0316,additive,positive,1.0,global_D_bus_idpop,964,653,0.6773858921161826,0.6784232365145229,-0.0010373443983402453,-0.04873824883208757,0.5194360530392556,False
DoS,0316,additive,positive,1.0,global_E_all,964,638,0.6618257261410788,0.6618257261410788,0.0,0.0,0.5,False
DoS,0316,additive,positive,1.5,pird,964,510,0.529045643153527,0.043568464730290454,0.4854771784232365,23.578741003291572,3.184763624571915e-123,True
DoS,0316,additive,positive,1.5,global,964,637,0.6607883817427386,0.6618257261410788,-0.0010373443983402453,-0.04812179645064379,0.5191904123643696,False
DoS,0316,additive,positive,1.5,or,964,776,0.8049792531120332,0.6618257261410788,0.1431535269709544,7.107654961135567,5.90155914546072e-13,True
DoS,0316,additive,positive,1.5,max,964,763,0.7914937759336099,0.6473029045643154,0.14419087136929454,7.045818505947131,9.21872240643741e-13,True
DoS,0316,additive,positive,1.5,weighted_0.25,964,693,0.7188796680497925,0.6493775933609959,0.06950207468879666,3.282443605715715,0.0005145578402451304,True
DoS,0316,additive,positive,1.5,weighted_0.5,964,769,0.7977178423236515,0.5632780082987552,0.23443983402489632,11.038363214913927,1.2476863264511043e-28,True
DoS,0316,additive,positive,1.5,weighted_0.75,964,777,0.8060165975103735,0.32053941908713696,0.4854771784232365,21.4896038458246,9.738296626061276e-103,True
DoS,0316,additive,positive,1.5,global_A_bus,964,663,0.6877593360995851,0.691908713692946,-0.004149377593360981,-0.19694143299666278,0.5780633151355662,False
DoS,0316,additive,positive,1.5,global_B_id_population,964,551,0.5715767634854771,0.5715767634854771,0.0,0.0,0.5,False
DoS,0316,additive,positive,1.5,global_C_cross_id,964,458,0.475103734439834,0.47199170124481327,0.003112033195020736,0.13683788708227818,0.4455794678727007,False
DoS,0316,additive,positive,1.5,global_D_bus_idpop,964,653,0.6773858921161826,0.6784232365145229,-0.0010373443983402453,-0.04873824883208757,0.5194360530392556,False
DoS,0316,additive,positive,1.5,global_E_all,964,637,0.6607883817427386,0.6618257261410788,-0.0010373443983402453,-0.04812179645064379,0.5191904123643696,False
DoS,0316,additive,positive,2.0,pird,964,793,0.8226141078838174,0.043568464730290454,0.779045643153527,34.51756354772567,2.1866447005268823e-261,True
DoS,0316,additive,positive,2.0,global,964,637,0.6607883817427386,0.6618257261410788,-0.0010373443983402453,-0.04812179645064379,0.5191904123643696,False
DoS,0316,additive,positive,2.0,or,964,885,0.9180497925311203,0.6618257261410788,0.25622406639004147,13.80934261533301,1.1193257597053313e-43,True
DoS,0316,additive,positive,2.0,max,964,879,0.9118257261410788,0.6473029045643154,0.26452282157676343,14.009406591782971,6.827054063230242e-45,True
DoS,0316,additive,positive,2.0,weighted_0.25,964,711,0.7375518672199171,0.6493775933609959,0.08817427385892118,4.19868212723913,1.3423643834421708e-05,True
DoS,0316,additive,positive,2.0,weighted_0.5,964,817,0.8475103734439834,0.5632780082987552,0.2842323651452282,13.688644838496568,5.935122583772112e-43,True
DoS,0316,additive,positive,2.0,weighted_0.75,964,873,0.9056016597510373,0.32053941908713696,0.5850622406639003,26.37269224105027,1.4096915767389408e-153,True
DoS,0316,additive,positive,3.0,pird,964,964,1.0,0.043568464730290454,0.9564315352697096,42.03586464557372,0.0,True
DoS,0316,additive,positive,3.0,global,964,636,0.6597510373443983,0.6618257261410788,-0.0020746887966804906,-0.09620771994233093,0.5383222001840764,False
DoS,0316,additive,positive,3.0,or,964,964,1.0,0.6618257261410788,0.3381742738589212,19.807563594005874,1.2809220313422862e-87,True
DoS,0316,additive,positive,3.0,max,964,964,1.0,0.6473029045643154,0.3526970954356846,20.31738097721504,4.513263043121886e-92,True
DoS,0316,additive,positive,3.0,weighted_0.25,964,741,0.7686721991701245,0.6493775933609959,0.11929460580912865,5.766146432940646,4.055229853633233e-09,True
DoS,0316,additive,positive,3.0,weighted_0.5,964,884,0.91701244813278,0.5632780082987552,0.35373443983402486,17.70830707209706,1.8089571813715062e-70,True
DoS,0316,additive,positive,3.0,weighted_0.75,964,955,0.9906639004149378,0.32053941908713696,0.6701244813278009,30.96196077606146,8.768876801418506e-211,True
DoS,0316,additive,negative,0.25,pird,964,45,0.046680497925311204,0.043568464730290454,0.0031120331950207497,0.3291457478629611,0.371022763549964,False
DoS,0316,additive,negative,0.25,global,964,638,0.6618257261410788,0.6618257261410788,0.0,0.0,0.5,False
DoS,0316,additive,negative,0.25,or,964,638,0.6618257261410788,0.6618257261410788,0.0,0.0,0.5,False
DoS,0316,additive,negative,0.25,max,964,624,0.6473029045643154,0.6473029045643154,0.0,0.0,0.5,False
DoS,0316,additive,negative,0.25,weighted_0.25,964,637,0.6607883817427386,0.6493775933609959,0.011410788381742698,0.5270280157069215,0.29908706675763197,False
DoS,0316,additive,negative,0.25,weighted_0.5,964,573,0.5943983402489627,0.5632780082987552,0.03112033195020747,1.3837723790926306,0.08321408153067592,False
DoS,0316,additive,negative,0.25,weighted_0.75,964,324,0.3360995850622407,0.32053941908713696,0.015560165975103735,0.7274581848546336,0.2334726610196752,False
DoS,0316,additive,negative,0.5,pird,964,17,0.017634854771784232,0.043568464730290454,-0.025933609958506222,-3.30569565496797,0.9995262953350142,False
DoS,0316,additive,negative,0.5,global,964,638,0.6618257261410788,0.6618257261410788,0.0,0.0,0.5,False
DoS,0316,additive,negative,0.5,or,964,638,0.6618257261410788,0.6618257261410788,0.0,0.0,0.5,False
DoS,0316,additive,negative,0.5,max,964,624,0.6473029045643154,0.6473029045643154,0.0,0.0,0.5,False
DoS,0316,additive,negative,0.5,weighted_0.25,964,651,0.6753112033195021,0.6493775933609959,0.025933609958506243,1.2039475867421772,0.11430491869801582,False
DoS,0316,additive,negative,0.5,weighted_0.5,964,619,0.6421161825726142,0.5632780082987552,0.07883817427385897,3.537118894970959,0.00020225875991522417,True
DoS,0316,additive,negative,0.5,weighted_0.75,964,389,0.40352697095435686,0.32053941908713696,0.0829875518672199,3.7910824936660332,7.499606033619269e-05,True
DoS,0316,additive,negative,0.5,global_A_bus,964,668,0.6929460580912863,0.691908713692946,0.0010373443983402453,0.04934981571618491,0.48032026032529684,False
DoS,0316,additive,negative,0.5,global_B_id_population,964,551,0.5715767634854771,0.5715767634854771,0.0,0.0,0.5,False
DoS,0316,additive,negative,0.5,global_C_cross_id,964,455,0.47199170124481327,0.47199170124481327,0.0,0.0,0.5,False
DoS,0316,additive,negative,0.5,global_D_bus_idpop,964,654,0.6784232365145229,0.6784232365145229,0.0,0.0,0.5,False
DoS,0316,additive,negative,0.5,global_E_all,964,638,0.6618257261410788,0.6618257261410788,0.0,0.0,0.5,False
DoS,0316,additive,negative,0.75,pird,964,23,0.023858921161825725,0.043568464730290454,-0.01970954356846473,-2.397419370380308,0.9917444928139383,False
DoS,0316,additive,negative,0.75,global,964,638,0.6618257261410788,0.6618257261410788,0.0,0.0,0.5,False
DoS,0316,additive,negative,0.75,or,964,638,0.6618257261410788,0.6618257261410788,0.0,0.0,0.5,False
DoS,0316,additive,negative,0.75,max,964,625,0.6483402489626556,0.6473029045643154,0.0010373443983402453,0.04768012754265187,0.480985586005351,False
DoS,0316,additive,negative,0.75,weighted_0.25,964,654,0.6784232365145229,0.6493775933609959,0.02904564315352698,1.3499542744885389,0.08851532527342651,False
DoS,0316,additive,negative,0.75,weighted_0.5,964,642,0.6659751037344398,0.5632780082987552,0.10269709543568462,4.63271013218139,1.8045485225859919e-06,True
DoS,0316,additive,negative,0.75,weighted_0.75,964,437,0.4533195020746888,0.32053941908713696,0.13278008298755184,5.985291856124884,1.0800109378604917e-09,True
DoS,0316,additive,negative,1.0,pird,964,53,0.054979253112033194,0.043568464730290454,0.01141078838174274,1.1574524667166817,0.12354377440638634,False
DoS,0316,additive,negative,1.0,global,964,639,0.6628630705394191,0.6618257261410788,0.0010373443983402453,0.048157903469686875,0.4807951997004037,False
DoS,0316,additive,negative,1.0,or,964,655,0.6794605809128631,0.6618257261410788,0.01763485477178428,0.8237896117739626,0.20502955560331274,False
DoS,0316,additive,negative,1.0,max,964,641,0.6649377593360996,0.6473029045643154,0.01763485477178417,0.8150803236007765,0.2075131668717654,False
DoS,0316,additive,negative,1.0,weighted_0.25,964,665,0.6898340248962656,0.6493775933609959,0.04045643153526968,1.8883621394995154,0.029488675205571833,True
DoS,0316,additive,negative,1.0,weighted_0.5,964,649,0.6732365145228216,0.5632780082987552,0.10995850622406644,4.969152729034438,3.3623044345634504e-07,True
DoS,0316,additive,negative,1.0,weighted_0.75,964,505,0.5238589211618258,0.32053941908713696,0.2033195020746888,9.037634805132559,8.004910762289723e-20,True
DoS,0316,additive,negative,1.0,global_A_bus,964,668,0.6929460580912863,0.691908713692946,0.0010373443983402453,0.04934981571618491,0.48032026032529684,False
DoS,0316,additive,negative,1.0,global_B_id_population,964,551,0.5715767634854771,0.5715767634854771,0.0,0.0,0.5,False
DoS,0316,additive,negative,1.0,global_C_cross_id,964,455,0.47199170124481327,0.47199170124481327,0.0,0.0,0.5,False
DoS,0316,additive,negative,1.0,global_D_bus_idpop,964,655,0.6794605809128631,0.6784232365145229,0.0010373443983402453,0.04877961485816981,0.4805474639092983,False
DoS,0316,additive,negative,1.0,global_E_all,964,639,0.6628630705394191,0.6618257261410788,0.0010373443983402453,0.048157903469686875,0.4807951997004037,False
DoS,0316,additive,negative,1.5,pird,964,182,0.1887966804979253,0.043568464730290454,0.14522821576763484,9.949992332551838,1.2610132203657962e-23,True
DoS,0316,additive,negative,1.5,global,964,639,0.6628630705394191,0.6618257261410788,0.0010373443983402453,0.048157903469686875,0.4807951997004037,False
DoS,0316,additive,negative,1.5,or,964,721,0.7479253112033195,0.6618257261410788,0.08609958506224069,4.1444389403339255,1.7032335221323616e-05,True
DoS,0316,additive,negative,1.5,max,964,700,0.7261410788381742,0.6473029045643154,0.07883817427385886,3.731682150402845,9.510270095511388e-05,True
DoS,0316,additive,negative,1.5,weighted_0.25,964,680,0.7053941908713693,0.6493775933609959,0.05601659751037347,2.6307555409518812,0.004259764663505641,True
DoS,0316,additive,negative,1.5,weighted_0.5,964,696,0.7219917012448133,0.5632780082987552,0.15871369294605808,7.271092698485275,1.7829556129979273e-13,True
DoS,0316,additive,negative,1.5,weighted_0.75,964,648,0.6721991701244814,0.32053941908713696,0.3516597510373444,15.441433987059053,4.308153587816276e-54,True
DoS,0316,additive,negative,1.5,global_A_bus,964,668,0.6929460580912863,0.691908713692946,0.0010373443983402453,0.04934981571618491,0.48032026032529684,False
DoS,0316,additive,negative,1.5,global_B_id_population,964,551,0.5715767634854771,0.5715767634854771,0.0,0.0,0.5,False
DoS,0316,additive,negative,1.5,global_C_cross_id,964,456,0.4730290456431535,0.47199170124481327,0.0010373443983402453,0.045617748847998955,0.4818074611817564,False
DoS,0316,additive,negative,1.5,global_D_bus_idpop,964,656,0.6804979253112033,0.6784232365145229,0.0020746887966804906,0.09760085565141766,0.46112462252010944,False
DoS,0316,additive,negative,1.5,global_E_all,964,639,0.6628630705394191,0.6618257261410788,0.0010373443983402453,0.048157903469686875,0.4807951997004037,False
DoS,0316,additive,negative,2.0,pird,964,391,0.40560165975103735,0.043568464730290454,0.3620331950207469,19.046465625199687,3.514538422568799e-81,True
DoS,0316,additive,negative,2.0,global,964,637,0.6607883817427386,0.6618257261410788,-0.0010373443983402453,-0.04812179645064379,0.5191904123643696,False
DoS,0316,additive,negative,2.0,or,964,785,0.8143153526970954,0.6618257261410788,0.1524896265560166,7.6141724797717885,1.3269310748479544e-14,True
DoS,0316,additive,negative,2.0,max,964,771,0.799792531120332,0.6473029045643154,0.1524896265560166,7.485488391836731,3.564077932297982e-14,True
DoS,0316,additive,negative,2.0,weighted_0.25,964,692,0.7178423236514523,0.6493775933609959,0.06846473029045641,3.2320258652756455,0.0006145796481741611,True
DoS,0316,additive,negative,2.0,weighted_0.5,964,733,0.7603734439834025,0.5632780082987552,0.19709543568464727,9.146564065793553,2.9386564536230415e-20,True
DoS,0316,additive,negative,2.0,weighted_0.75,964,757,0.7852697095435685,0.32053941908713696,0.4647302904564315,20.52103653247837,6.985096217734671e-94,True
DoS,0316,additive,negative,3.0,pird,964,915,0.9491701244813278,0.043568464730290454,0.9056016597510373,39.76510876313437,0.0,True
DoS,0316,additive,negative,3.0,global,964,639,0.6628630705394191,0.6618257261410788,0.0010373443983402453,0.048157903469686875,0.4807951997004037,False
DoS,0316,additive,negative,3.0,or,964,964,1.0,0.6618257261410788,0.3381742738589212,19.807563594005874,1.2809220313422862e-87,True
DoS,0316,additive,negative,3.0,max,964,964,1.0,0.6473029045643154,0.3526970954356846,20.31738097721504,4.513263043121886e-92,True
DoS,0316,additive,negative,3.0,weighted_0.25,964,724,0.7510373443983402,0.6493775933609959,0.10165975103734437,4.871343862743767,5.542086896939444e-07,True
DoS,0316,additive,negative,3.0,weighted_0.5,964,861,0.8931535269709544,0.5632780082987552,0.3298755186721992,16.279139223253438,6.940384316517746e-60,True
DoS,0316,additive,negative,3.0,weighted_0.75,964,964,1.0,0.32053941908713696,0.6794605809128631,31.496330787933164,4.875919072667343e-218,True
DoS,0316,mean_shift,positive,0.25,pird,964,0,0.0,0.043568464730290454,-0.043568464730290454,-6.5525043175406745,0.99999999997171,False
DoS,0316,mean_shift,positive,0.25,global,964,638,0.6618257261410788,0.6618257261410788,0.0,0.0,0.5,False
DoS,0316,mean_shift,positive,0.25,or,964,638,0.6618257261410788,0.6618257261410788,0.0,0.0,0.5,False
DoS,0316,mean_shift,positive,0.25,max,964,625,0.6483402489626556,0.6473029045643154,0.0010373443983402453,0.04768012754265187,0.480985586005351,False
DoS,0316,mean_shift,positive,0.25,weighted_0.25,964,638,0.6618257261410788,0.6493775933609959,0.012448132780082943,0.5751447822178578,0.282596691710435,False
DoS,0316,mean_shift,positive,0.25,weighted_0.5,964,580,0.6016597510373444,0.5632780082987552,0.038381742738589186,1.7087062994398063,0.043752683328095614,True
DoS,0316,mean_shift,positive,0.25,weighted_0.75,964,289,0.29979253112033194,0.32053941908713696,-0.020746887966805017,-0.9847071649833192,0.8376160338620413,False
DoS,0316,mean_shift,positive,0.5,pird,964,0,0.0,0.043568464730290454,-0.043568464730290454,-6.5525043175406745,0.99999999997171,False
DoS,0316,mean_shift,positive,0.5,global,964,638,0.6618257261410788,0.6618257261410788,0.0,0.0,0.5,False
DoS,0316,mean_shift,positive,0.5,or,964,638,0.6618257261410788,0.6618257261410788,0.0,0.0,0.5,False
DoS,0316,mean_shift,positive,0.5,max,964,625,0.6483402489626556,0.6473029045643154,0.0010373443983402453,0.04768012754265187,0.480985586005351,False
DoS,0316,mean_shift,positive,0.5,weighted_0.25,964,644,0.6680497925311203,0.6493775933609959,0.018672199170124415,0.8645919997557728,0.1936313825563837,False
DoS,0316,mean_shift,positive,0.5,weighted_0.5,964,596,0.6182572614107884,0.5632780082987552,0.05497925311203322,2.4548729514999446,0.007046719396537657,True
DoS,0316,mean_shift,positive,0.5,weighted_0.75,964,300,0.3112033195020747,0.32053941908713696,-0.009336099585062263,-0.4409252604692764,0.6703664471863489,False
DoS,0316,mean_shift,positive,0.5,global_A_bus,964,666,0.6908713692946058,0.691908713692946,-0.0010373443983402453,-0.04930375052462305,0.5196613846657999,False
DoS,0316,mean_shift,positive,0.5,global_B_id_population,964,551,0.5715767634854771,0.5715767634854771,0.0,0.0,0.5,False
DoS,0316,mean_shift,positive,0.5,global_C_cross_id,964,455,0.47199170124481327,0.47199170124481327,0.0,0.0,0.5,False
DoS,0316,mean_shift,positive,0.5,global_D_bus_idpop,964,654,0.6784232365145229,0.6784232365145229,0.0,0.0,0.5,False
DoS,0316,mean_shift,positive,0.5,global_E_all,964,638,0.6618257261410788,0.6618257261410788,0.0,0.0,0.5,False
DoS,0316,mean_shift,positive,0.75,pird,964,0,0.0,0.043568464730290454,-0.043568464730290454,-6.5525043175406745,0.99999999997171,False
DoS,0316,mean_shift,positive,0.75,global,964,638,0.6618257261410788,0.6618257261410788,0.0,0.0,0.5,False
DoS,0316,mean_shift,positive,0.75,or,964,638,0.6618257261410788,0.6618257261410788,0.0,0.0,0.5,False
DoS,0316,mean_shift,positive,0.75,max,964,625,0.6483402489626556,0.6473029045643154,0.0010373443983402453,0.04768012754265187,0.480985586005351,False
DoS,0316,mean_shift,positive,0.75,weighted_0.25,964,648,0.6721991701244814,0.6493775933609959,0.022821576763485507,1.0582849193656454,0.1449627830731281,False
DoS,0316,mean_shift,positive,0.75,weighted_0.5,964,610,0.6327800829875518,0.5632780082987552,0.06950207468879666,3.1121664212913815,0.0009285988534577231,True
DoS,0316,mean_shift,positive,0.75,weighted_0.75,964,316,0.3278008298755187,0.32053941908713696,0.007261410788381717,0.3405958392433756,0.366703931083681,False
DoS,0316,mean_shift,positive,1.0,pird,964,0,0.0,0.043568464730290454,-0.043568464730290454,-6.5525043175406745,0.99999999997171,False
DoS,0316,mean_shift,positive,1.0,global,964,638,0.6618257261410788,0.6618257261410788,0.0,0.0,0.5,False
DoS,0316,mean_shift,positive,1.0,or,964,638,0.6618257261410788,0.6618257261410788,0.0,0.0,0.5,False
DoS,0316,mean_shift,positive,1.0,max,964,625,0.6483402489626556,0.6473029045643154,0.0010373443983402453,0.04768012754265187,0.480985586005351,False
DoS,0316,mean_shift,positive,1.0,weighted_0.25,964,658,0.6825726141078838,0.6493775933609959,0.03319502074688796,1.5451763329676114,0.061151808672567136,False
DoS,0316,mean_shift,positive,1.0,weighted_0.5,964,638,0.6618257261410788,0.5632780082987552,0.09854771784232363,4.441113478817669,4.474729086436298e-06,True
DoS,0316,mean_shift,positive,1.0,weighted_0.75,964,385,0.3993775933609959,0.32053941908713696,0.07883817427385892,3.6060337905577207,0.00015545633445565617,True
DoS,0316,mean_shift,positive,1.0,global_A_bus,964,664,0.6887966804979253,0.691908713692946,-0.003112033195020736,-0.14777418615081647,0.558739508945049,False
DoS,0316,mean_shift,positive,1.0,global_B_id_population,964,551,0.5715767634854771,0.5715767634854771,0.0,0.0,0.5,False
DoS,0316,mean_shift,positive,1.0,global_C_cross_id,964,458,0.475103734439834,0.47199170124481327,0.003112033195020736,0.13683788708227818,0.4455794678727007,False
DoS,0316,mean_shift,positive,1.0,global_D_bus_idpop,964,654,0.6784232365145229,0.6784232365145229,0.0,0.0,0.5,False
DoS,0316,mean_shift,positive,1.0,global_E_all,964,638,0.6618257261410788,0.6618257261410788,0.0,0.0,0.5,False
DoS,0316,mean_shift,positive,1.5,pird,964,0,0.0,0.043568464730290454,-0.043568464730290454,-6.5525043175406745,0.99999999997171,False
DoS,0316,mean_shift,positive,1.5,global,964,637,0.6607883817427386,0.6618257261410788,-0.0010373443983402453,-0.04812179645064379,0.5191904123643696,False
DoS,0316,mean_shift,positive,1.5,or,964,637,0.6607883817427386,0.6618257261410788,-0.0010373443983402453,-0.04812179645064379,0.5191904123643696,False
DoS,0316,mean_shift,positive,1.5,max,964,625,0.6483402489626556,0.6473029045643154,0.0010373443983402453,0.04768012754265187,0.480985586005351,False
DoS,0316,mean_shift,positive,1.5,weighted_0.25,964,677,0.7022821576763485,0.6493775933609959,0.05290456431535262,2.481483971630314,0.006541829721964056,True
DoS,0316,mean_shift,positive,1.5,weighted_0.5,964,697,0.7230290456431535,0.5632780082987552,0.15975103734439833,7.320979216209471,1.2308398411556619e-13,True
DoS,0316,mean_shift,positive,1.5,weighted_0.75,964,619,0.6421161825726142,0.32053941908713696,0.3215767634854772,14.129969373029748,1.2412612328978912e-45,True
DoS,0316,mean_shift,positive,1.5,global_A_bus,964,665,0.6898340248962656,0.691908713692946,-0.0020746887966804906,-0.0985617187298197,0.5392568669998834,False
DoS,0316,mean_shift,positive,1.5,global_B_id_population,964,551,0.5715767634854771,0.5715767634854771,0.0,0.0,0.5,False
DoS,0316,mean_shift,positive,1.5,global_C_cross_id,964,456,0.4730290456431535,0.47199170124481327,0.0010373443983402453,0.045617748847998955,0.4818074611817564,False
DoS,0316,mean_shift,positive,1.5,global_D_bus_idpop,964,654,0.6784232365145229,0.6784232365145229,0.0,0.0,0.5,False
DoS,0316,mean_shift,positive,1.5,global_E_all,964,637,0.6607883817427386,0.6618257261410788,-0.0010373443983402453,-0.04812179645064379,0.5191904123643696,False
DoS,0316,mean_shift,positive,2.0,pird,964,964,1.0,0.043568464730290454,0.9564315352697096,42.03586464557372,0.0,True
DoS,0316,mean_shift,positive,2.0,global,964,636,0.6597510373443983,0.6618257261410788,-0.0020746887966804906,-0.09620771994233093,0.5383222001840764,False
DoS,0316,mean_shift,positive,2.0,or,964,964,1.0,0.6618257261410788,0.3381742738589212,19.807563594005874,1.2809220313422862e-87,True
DoS,0316,mean_shift,positive,2.0,max,964,625,0.6483402489626556,0.6473029045643154,0.0010373443983402453,0.04768012754265187,0.480985586005351,False
DoS,0316,mean_shift,positive,2.0,weighted_0.25,964,692,0.7178423236514523,0.6493775933609959,0.06846473029045641,3.2320258652756455,0.0006145796481741611,True
DoS,0316,mean_shift,positive,2.0,weighted_0.5,964,756,0.7842323651452282,0.5632780082987552,0.22095435684647302,10.346732471285257,2.1650626697210823e-25,True
DoS,0316,mean_shift,positive,2.0,weighted_0.75,964,794,0.8236514522821576,0.32053941908713696,0.5031120331950207,22.324437394006758,1.0698203731136325e-110,True
DoS,0316,mean_shift,positive,3.0,pird,964,964,1.0,0.043568464730290454,0.9564315352697096,42.03586464557372,0.0,True
DoS,0316,mean_shift,positive,3.0,global,964,638,0.6618257261410788,0.6618257261410788,0.0,0.0,0.5,False
DoS,0316,mean_shift,positive,3.0,or,964,964,1.0,0.6618257261410788,0.3381742738589212,19.807563594005874,1.2809220313422862e-87,True
DoS,0316,mean_shift,positive,3.0,max,964,964,1.0,0.6473029045643154,0.3526970954356846,20.31738097721504,4.513263043121886e-92,True
DoS,0316,mean_shift,positive,3.0,weighted_0.25,964,730,0.7572614107883817,0.6493775933609959,0.10788381742738584,5.185122186509387,1.0793664452065898e-07,True
DoS,0316,mean_shift,positive,3.0,weighted_0.5,964,886,0.9190871369294605,0.5632780082987552,0.35580912863070535,17.835334036620125,1.8789856445530833e-71,True
DoS,0316,mean_shift,positive,3.0,weighted_0.75,964,964,1.0,0.32053941908713696,0.6794605809128631,31.496330787933164,4.875919072667343e-218,True
DoS,0316,mean_shift,negative,0.25,pird,964,0,0.0,0.043568464730290454,-0.043568464730290454,-6.5525043175406745,0.99999999997171,False
DoS,0316,mean_shift,negative,0.25,global,964,636,0.6597510373443983,0.6618257261410788,-0.0020746887966804906,-0.09620771994233093,0.5383222001840764,False
DoS,0316,mean_shift,negative,0.25,or,964,636,0.6597510373443983,0.6618257261410788,-0.0020746887966804906,-0.09620771994233093,0.5383222001840764,False
DoS,0316,mean_shift,negative,0.25,max,964,624,0.6473029045643154,0.6473029045643154,0.0,0.0,0.5,False
DoS,0316,mean_shift,negative,0.25,weighted_0.25,964,620,0.6431535269709544,0.6493775933609959,-0.006224066390041472,-0.2857942959759923,0.6124821614226218,False
DoS,0316,mean_shift,negative,0.25,weighted_0.5,964,477,0.4948132780082988,0.5632780082987552,-0.06846473029045641,-3.0113028847141803,0.9986993538312543,False
DoS,0316,mean_shift,negative,0.25,weighted_0.75,964,185,0.19190871369294607,0.32053941908713696,-0.1286307053941909,-6.46899998029989,0.9999999999506732,False
DoS,0316,mean_shift,negative,0.5,pird,964,0,0.0,0.043568464730290454,-0.043568464730290454,-6.5525043175406745,0.99999999997171,False
DoS,0316,mean_shift,negative,0.5,global,964,637,0.6607883817427386,0.6618257261410788,-0.0010373443983402453,-0.04812179645064379,0.5191904123643696,False
DoS,0316,mean_shift,negative,0.5,or,964,637,0.6607883817427386,0.6618257261410788,-0.0010373443983402453,-0.04812179645064379,0.5191904123643696,False
DoS,0316,mean_shift,negative,0.5,max,964,624,0.6473029045643154,0.6473029045643154,0.0,0.0,0.5,False
DoS,0316,mean_shift,negative,0.5,weighted_0.25,964,627,0.6504149377593361,0.6493775933609959,0.0010373443983402453,0.04774480158560451,0.48095981414642974,False
DoS,0316,mean_shift,negative,0.5,weighted_0.5,964,553,0.5736514522821576,0.5632780082987552,0.010373443983402453,0.4598186420804565,0.32282320056154734,False
DoS,0316,mean_shift,negative,0.5,weighted_0.75,964,276,0.2863070539419087,0.32053941908713696,-0.03423236514522826,-1.6347506370866087,0.9489493336941495,False
DoS,0316,mean_shift,negative,0.5,global_A_bus,964,667,0.691908713692946,0.691908713692946,0.0,0.0,0.5,False
DoS,0316,mean_shift,negative,0.5,global_B_id_population,964,551,0.5715767634854771,0.5715767634854771,0.0,0.0,0.5,False
DoS,0316,mean_shift,negative,0.5,global_C_cross_id,964,450,0.46680497925311204,0.47199170124481327,-0.005186721991701226,-0.22817150798467137,0.5902435447160914,False
DoS,0316,mean_shift,negative,0.5,global_D_bus_idpop,964,655,0.6794605809128631,0.6784232365145229,0.0010373443983402453,0.04877961485816981,0.4805474639092983,False
DoS,0316,mean_shift,negative,0.5,global_E_all,964,637,0.6607883817427386,0.6618257261410788,-0.0010373443983402453,-0.04812179645064379,0.5191904123643696,False
DoS,0316,mean_shift,negative,0.75,pird,964,0,0.0,0.043568464730290454,-0.043568464730290454,-6.5525043175406745,0.99999999997171,False
DoS,0316,mean_shift,negative,0.75,global,964,638,0.6618257261410788,0.6618257261410788,0.0,0.0,0.5,False
DoS,0316,mean_shift,negative,0.75,or,964,638,0.6618257261410788,0.6618257261410788,0.0,0.0,0.5,False
DoS,0316,mean_shift,negative,0.75,max,964,625,0.6483402489626556,0.6473029045643154,0.0010373443983402453,0.04768012754265187,0.480985586005351,False
DoS,0316,mean_shift,negative,0.75,weighted_0.25,964,645,0.6690871369294605,0.6493775933609959,0.01970954356846466,0.9129598017705249,0.18063184181107386,False
DoS,0316,mean_shift,negative,0.75,weighted_0.5,964,603,0.6255186721991701,0.5632780082987552,0.06224066390041494,2.7829735570436798,0.002693159795289462,True
DoS,0316,mean_shift,negative,0.75,weighted_0.75,964,301,0.31224066390041494,0.32053941908713696,-0.008298755186722018,-0.3917607109425038,0.6523824863223024,False
DoS,0316,mean_shift,negative,1.0,pird,964,0,0.0,0.043568464730290454,-0.043568464730290454,-6.5525043175406745,0.99999999997171,False
DoS,0316,mean_shift,negative,1.0,global,964,638,0.6618257261410788,0.6618257261410788,0.0,0.0,0.5,False
DoS,0316,mean_shift,negative,1.0,or,964,638,0.6618257261410788,0.6618257261410788,0.0,0.0,0.5,False
DoS,0316,mean_shift,negative,1.0,max,964,626,0.6493775933609959,0.6473029045643154,0.0020746887966804906,0.09539237398633707,0.4620015865671604,False
DoS,0316,mean_shift,negative,1.0,weighted_0.25,964,670,0.6950207468879668,0.6493775933609959,0.0456431535269709,2.1347408038762747,0.01639109400725005,True
DoS,0316,mean_shift,negative,1.0,weighted_0.5,964,672,0.6970954356846473,0.5632780082987552,0.13381742738589208,6.085696939216389,5.799282755800349e-10,True
DoS,0316,mean_shift,negative,1.0,weighted_0.75,964,542,0.5622406639004149,0.32053941908713696,0.24170124481327798,10.686532333682607,5.884463077820488e-27,True
DoS,0316,mean_shift,negative,1.0,global_A_bus,964,667,0.691908713692946,0.691908713692946,0.0,0.0,0.5,False
DoS,0316,mean_shift,negative,1.0,global_B_id_population,964,551,0.5715767634854771,0.5715767634854771,0.0,0.0,0.5,False
DoS,0316,mean_shift,negative,1.0,global_C_cross_id,964,451,0.4678423236514523,0.47199170124481327,-0.004149377593360981,-0.18252567339835526,0.5724148958491353,False
DoS,0316,mean_shift,negative,1.0,global_D_bus_idpop,964,655,0.6794605809128631,0.6784232365145229,0.0010373443983402453,0.04877961485816981,0.4805474639092983,False
DoS,0316,mean_shift,negative,1.0,global_E_all,964,638,0.6618257261410788,0.6618257261410788,0.0,0.0,0.5,False
DoS,0316,mean_shift,negative,1.5,pird,964,0,0.0,0.043568464730290454,-0.043568464730290454,-6.5525043175406745,0.99999999997171,False
DoS,0316,mean_shift,negative,1.5,global,964,639,0.6628630705394191,0.6618257261410788,0.0010373443983402453,0.048157903469686875,0.4807951997004037,False
DoS,0316,mean_shift,negative,1.5,or,964,639,0.6628630705394191,0.6618257261410788,0.0010373443983402453,0.048157903469686875,0.4807951997004037,False
DoS,0316,mean_shift,negative,1.5,max,964,626,0.6493775933609959,0.6473029045643154,0.0020746887966804906,0.09539237398633707,0.4620015865671604,False
DoS,0316,mean_shift,negative,1.5,weighted_0.25,964,686,0.7116182572614108,0.6493775933609959,0.06224066390041494,2.9305389066143164,0.0016918730907321663,True
DoS,0316,mean_shift,negative,1.5,weighted_0.5,964,728,0.7551867219917012,0.5632780082987552,0.19190871369294604,8.889345438291985,3.073497334256691e-19,True
DoS,0316,mean_shift,negative,1.5,weighted_0.75,964,705,0.7313278008298755,0.32053941908713696,0.4107883817427385,18.06161685862332,3.196128256099881e-73,True
DoS,0316,mean_shift,negative,1.5,global_A_bus,964,668,0.6929460580912863,0.691908713692946,0.0010373443983402453,0.04934981571618491,0.48032026032529684,False
DoS,0316,mean_shift,negative,1.5,global_B_id_population,964,551,0.5715767634854771,0.5715767634854771,0.0,0.0,0.5,False
DoS,0316,mean_shift,negative,1.5,global_C_cross_id,964,454,0.470954356846473,0.47199170124481327,-0.0010373443983402453,-0.04562306740994247,0.518194658410655,False
DoS,0316,mean_shift,negative,1.5,global_D_bus_idpop,964,657,0.6815352697095436,0.6784232365145229,0.003112033195020736,0.14646398343927447,0.4417775601595206,False
DoS,0316,mean_shift,negative,1.5,global_E_all,964,639,0.6628630705394191,0.6618257261410788,0.0010373443983402453,0.048157903469686875,0.4807951997004037,False
DoS,0316,mean_shift,negative,2.0,pird,964,964,1.0,0.043568464730290454,0.9564315352697096,42.03586464557372,0.0,True
DoS,0316,mean_shift,negative,2.0,global,964,639,0.6628630705394191,0.6618257261410788,0.0010373443983402453,0.048157903469686875,0.4807951997004037,False
DoS,0316,mean_shift,negative,2.0,or,964,964,1.0,0.6618257261410788,0.3381742738589212,19.807563594005874,1.2809220313422862e-87,True
DoS,0316,mean_shift,negative,2.0,max,964,964,1.0,0.6473029045643154,0.3526970954356846,20.31738097721504,4.513263043121886e-92,True
DoS,0316,mean_shift,negative,2.0,weighted_0.25,964,709,0.7354771784232366,0.6493775933609959,0.08609958506224069,4.096034704443364,2.1014347681211853e-05,True
DoS,0316,mean_shift,negative,2.0,weighted_0.5,964,813,0.8433609958506224,0.5632780082987552,0.2800829875518672,13.461374907283993,1.3197921394146264e-41,True
DoS,0316,mean_shift,negative,2.0,weighted_0.75,964,947,0.9823651452282157,0.32053941908713696,0.6618257261410787,30.492619696077814,1.6322104033637907e-204,True
DoS,0316,mean_shift,negative,3.0,pird,964,964,1.0,0.043568464730290454,0.9564315352697096,42.03586464557372,0.0,True
DoS,0316,mean_shift,negative,3.0,global,964,641,0.6649377593360996,0.6618257261410788,0.003112033195020736,0.1445829723816459,0.4425200710137456,False
DoS,0316,mean_shift,negative,3.0,or,964,964,1.0,0.6618257261410788,0.3381742738589212,19.807563594005874,1.2809220313422862e-87,True
DoS,0316,mean_shift,negative,3.0,max,964,964,1.0,0.6473029045643154,0.3526970954356846,20.31738097721504,4.513263043121886e-92,True
DoS,0316,mean_shift,negative,3.0,weighted_0.25,964,735,0.7624481327800829,0.6493775933609959,0.11307053941908707,5.448280022288392,2.542962125511419e-08,True
DoS,0316,mean_shift,negative,3.0,weighted_0.5,964,911,0.9450207468879668,0.5632780082987552,0.3817427385892116,19.463904244726248,1.1109782714405471e-84,True
DoS,0316,mean_shift,negative,3.0,weighted_0.75,964,964,1.0,0.32053941908713696,0.6794605809128631,31.496330787933164,4.875919072667343e-218,True
DoS,0350,additive,positive,0.25,pird,964,114,0.11825726141078838,0.10269709543568464,0.015560165975103735,1.0897400439765357,0.13791383565736262,False
DoS,0350,additive,positive,0.25,global,964,628,0.6514522821576764,0.6504149377593361,0.0010373443983402453,0.04777757685404406,0.4809467536109941,False
DoS,0350,additive,positive,0.25,or,964,644,0.6680497925311203,0.6504149377593361,0.01763485477178417,0.8168587700052066,0.207004571004236,False
DoS,0350,additive,positive,0.25,max,964,635,0.6587136929460581,0.6431535269709544,0.01556016597510368,0.7166636528106608,0.2367908291791527,False
DoS,0350,additive,positive,0.25,weighted_0.25,964,641,0.6649377593360996,0.6462655601659751,0.018672199170124415,0.8627171733267868,0.19414649394717043,False
DoS,0350,additive,positive,0.25,weighted_0.5,964,617,0.6400414937759336,0.5570539419087137,0.08298755186721984,3.7168079126899394,0.00010087785863301495,True
DoS,0350,additive,positive,0.25,weighted_0.75,964,377,0.39107883817427386,0.3288381742738589,0.06224066390041494,2.8468687820192535,0.0022075778589363756,True
DoS,0350,additive,positive,0.5,pird,964,126,0.13070539419087138,0.10269709543568464,0.028008298755186734,1.9152201218374403,0.027732218697249164,True
DoS,0350,additive,positive,0.5,global,964,627,0.6504149377593361,0.6504149377593361,0.0,0.0,0.5,False
DoS,0350,additive,positive,0.5,or,964,669,0.6939834024896265,0.6504149377593361,0.04356846473029041,2.037707130972808,0.020789615308901728,True
DoS,0350,additive,positive,0.5,max,964,663,0.6877593360995851,0.6431535269709544,0.04460580912863066,2.0755288995921832,0.018968771655067312,True
DoS,0350,additive,positive,0.5,weighted_0.25,964,645,0.6690871369294605,0.6462655601659751,0.022821576763485396,1.0559530308516905,0.14549483706300628,False
DoS,0350,additive,positive,0.5,weighted_0.5,964,644,0.6680497925311203,0.5570539419087137,0.11099585062240658,5.002096234036741,2.835513375289695e-07,True
DoS,0350,additive,positive,0.5,weighted_0.75,964,440,0.45643153526970953,0.3288381742738589,0.1275933609958506,5.736305055146393,4.838215465513669e-09,True
DoS,0350,additive,positive,0.5,global_A_bus,964,645,0.6690871369294605,0.6690871369294605,0.0,0.0,0.5,False
DoS,0350,additive,positive,0.5,global_B_id_population,964,428,0.44398340248962653,0.44398340248962653,0.0,0.0,0.5,False
DoS,0350,additive,positive,0.5,global_C_cross_id,964,460,0.47717842323651455,0.46887966804979253,0.008298755186722018,0.36492131286175117,0.357585072221251,False
DoS,0350,additive,positive,0.5,global_D_bus_idpop,964,640,0.6639004149377593,0.6639004149377593,0.0,0.0,0.5,False
DoS,0350,additive,positive,0.5,global_E_all,964,627,0.6504149377593361,0.6504149377593361,0.0,0.0,0.5,False
DoS,0350,additive,positive,0.75,pird,964,152,0.15767634854771784,0.10269709543568464,0.054979253112033194,3.5869555290432587,0.00016728067735305752,True
DoS,0350,additive,positive,0.75,global,964,628,0.6514522821576764,0.6504149377593361,0.0010373443983402453,0.04777757685404406,0.4809467536109941,False
DoS,0350,additive,positive,0.75,or,964,690,0.7157676348547718,0.6504149377593361,0.06535269709543567,3.083760005730064,0.0010220120625311095,True
DoS,0350,additive,positive,0.75,max,964,675,0.700207468879668,0.6431535269709544,0.0570539419087136,2.667346677800319,0.0038226381928012487,True
DoS,0350,additive,positive,0.75,weighted_0.25,964,647,0.671161825726141,0.6462655601659751,0.024896265560165887,1.152789333007697,0.12449843186483751,False
DoS,0350,additive,positive,0.75,weighted_0.5,964,658,0.6825726141078838,0.5570539419087137,0.12551867219917012,5.676791520926599,6.862228451028907e-09,True
DoS,0350,additive,positive,0.75,weighted_0.75,964,493,0.5114107883817427,0.3288381742738589,0.18257261410788378,8.120873984435104,2.3141920796273103e-16,True
DoS,0350,additive,positive,1.0,pird,964,247,0.25622406639004147,0.10269709543568464,0.15352697095435683,8.783628136261079,7.914219108340601e-19,True
DoS,0350,additive,positive,1.0,global,964,629,0.6524896265560166,0.6504149377593361,0.0020746887966804906,0.09558814951748498,0.4619238387073712,False
DoS,0350,additive,positive,1.0,or,964,741,0.7686721991701245,0.6504149377593361,0.1182572614107884,5.719015899360909,5.3571385148061805e-09,True
DoS,0350,additive,positive,1.0,max,964,735,0.7624481327800829,0.6431535269709544,0.11929460580912854,5.730656754124055,5.00212633903948e-09,True
DoS,0350,additive,positive,1.0,weighted_0.25,964,652,0.6763485477178424,0.6462655601659751,0.030082987551867224,1.395532097068675,0.08142772136758246,False
DoS,0350,additive,positive,1.0,weighted_0.5,964,681,0.7064315352697096,0.5570539419087137,0.14937759336099588,6.79928410530762,5.257014775530486e-12,True
DoS,0350,additive,positive,1.0,weighted_0.75,964,629,0.6524896265560166,0.3288381742738589,0.3236514522821577,14.213688607176286,3.767487625865553e-46,True
DoS,0350,additive,positive,1.0,global_A_bus,964,645,0.6690871369294605,0.6690871369294605,0.0,0.0,0.5,False
DoS,0350,additive,positive,1.0,global_B_id_population,964,428,0.44398340248962653,0.44398340248962653,0.0,0.0,0.5,False
DoS,0350,additive,positive,1.0,global_C_cross_id,964,462,0.47925311203319504,0.46887966804979253,0.010373443983402508,0.4561014358238222,0.3241585188650566,False
DoS,0350,additive,positive,1.0,global_D_bus_idpop,964,640,0.6639004149377593,0.6639004149377593,0.0,0.0,0.5,False
DoS,0350,additive,positive,1.0,global_E_all,964,629,0.6524896265560166,0.6504149377593361,0.0020746887966804906,0.09558814951748498,0.4619238387073712,False
DoS,0350,additive,positive,1.5,pird,964,383,0.39730290456431533,0.10269709543568464,0.29460580912863066,14.93702779828536,9.46144779912053e-51,True
DoS,0350,additive,positive,1.5,global,964,629,0.6524896265560166,0.6504149377593361,0.0020746887966804906,0.09558814951748498,0.4619238387073712,False
DoS,0350,additive,positive,1.5,or,964,760,0.7883817427385892,0.6504149377593361,0.13796680497925307,6.741682455330709,7.82814826556974e-12,True
DoS,0350,additive,positive,1.5,max,964,757,0.7852697095435685,0.6431535269709544,0.14211618257261405,6.906075348357086,2.4912270676912668e-12,True
DoS,0350,additive,positive,1.5,weighted_0.25,964,659,0.6836099585062241,0.6462655601659751,0.03734439834024894,1.7369837038043463,0.04119502367878262,True
DoS,0350,additive,positive,1.5,weighted_0.5,964,726,0.7531120331950207,0.5570539419087137,0.19605809128630702,9.055299542600773,6.809673021942838e-20,True
DoS,0350,additive,positive,1.5,weighted_0.75,964,756,0.7842323651452282,0.3288381742738589,0.4553941908713693,20.12496420916954,2.2304705896458654e-90,True
DoS,0350,additive,positive,1.5,global_A_bus,964,645,0.6690871369294605,0.6690871369294605,0.0,0.0,0.5,False
DoS,0350,additive,positive,1.5,global_B_id_population,964,428,0.44398340248962653,0.44398340248962653,0.0,0.0,0.5,False
DoS,0350,additive,positive,1.5,global_C_cross_id,964,467,0.48443983402489627,0.46887966804979253,0.015560165975103735,0.6839769008156447,0.2469948760705619,False
DoS,0350,additive,positive,1.5,global_D_bus_idpop,964,640,0.6639004149377593,0.6639004149377593,0.0,0.0,0.5,False
DoS,0350,additive,positive,1.5,global_E_all,964,629,0.6524896265560166,0.6504149377593361,0.0020746887966804906,0.09558814951748498,0.4619238387073712,False
DoS,0350,additive,positive,2.0,pird,964,612,0.6348547717842323,0.10269709543568464,0.5321576763485477,24.21535222197581,7.666015267525494e-130,True
DoS,0350,additive,positive,2.0,global,964,630,0.6535269709543569,0.6504149377593361,0.003112033195020736,0.14343193935142645,0.44297452989732367,False
DoS,0350,additive,positive,2.0,or,964,867,0.8993775933609959,0.6504149377593361,0.24896265560165975,13.087135319720907,1.9502141412983233e-39,True
DoS,0350,additive,positive,2.0,max,964,861,0.8931535269709544,0.6431535269709544,0.25,13.005865742203426,5.665419139861307e-39,True
DoS,0350,additive,positive,2.0,weighted_0.25,964,673,0.6981327800829875,0.6462655601659751,0.051867219917012375,2.4258418225866754,0.007636462677382759,True
DoS,0350,additive,positive,2.0,weighted_0.5,964,780,0.8091286307053942,0.5570539419087137,0.2520746887966805,11.894502879244534,6.320171764164775e-33,True
DoS,0350,additive,positive,2.0,weighted_0.75,964,851,0.8827800829875518,0.3288381742738589,0.553941908713693,24.886656547571814,5.188487501695097e-137,True
DoS,0350,additive,positive,3.0,pird,964,930,0.9647302904564315,0.10269709543568464,0.8620331950207469,37.93735122717683,3.118733343e-315,True
DoS,0350,additive,positive,3.0,global,964,631,0.6545643153526971,0.6504149377593361,0.004149377593360981,0.1913091685435389,0.42414168914864214,False
DoS,0350,additive,positive,3.0,or,964,964,1.0,0.6504149377593361,0.3495850622406639,20.208467274671076,4.12346805528519e-91,True
DoS,0350,additive,positive,3.0,max,964,964,1.0,0.6431535269709544,0.3568464730290456,20.46233297322352,2.3325912448172444e-93,True
DoS,0350,additive,positive,3.0,weighted_0.25,964,708,0.7344398340248963,0.6462655601659751,0.08817427385892118,4.186935274273149,1.4137320720054684e-05,True
DoS,0350,additive,positive,3.0,weighted_0.5,964,882,0.9149377593360996,0.5570539419087137,0.35788381742738584,17.824711976368686,2.2721254364183148e-71,True
DoS,0350,additive,positive,3.0,weighted_0.75,964,962,0.9979253112033195,0.3288381742738589,0.6690871369294606,31.085339062053986,1.9006204236019573e-212,True
DoS,0350,additive,negative,0.25,pird,964,117,0.12136929460580913,0.10269709543568464,0.018672199170124484,1.2997124052837992,0.09684977850078763,False
DoS,0350,additive,negative,0.25,global,964,626,0.6493775933609959,0.6504149377593361,-0.0010373443983402453,-0.04774480158560451,0.5190401858535703,False
DoS,0350,additive,negative,0.25,or,964,634,0.6576763485477178,0.6504149377593361,0.007261410788381717,0.33514372668027637,0.36875833457577956,False
DoS,0350,additive,negative,0.25,max,964,625,0.6483402489626556,0.6431535269709544,0.005186721991701226,0.23808305771010987,0.4059083374784622,False
DoS,0350,additive,negative,0.25,weighted_0.25,964,635,0.6587136929460581,0.6462655601659751,0.012448132780082943,0.5739275056306168,0.2830084295651909,False
DoS,0350,additive,negative,0.25,weighted_0.5,964,602,0.6244813278008299,0.5570539419087137,0.06742738589211617,3.01069324240559,0.001303260162767307,True
DoS,0350,additive,negative,0.25,weighted_0.75,964,353,0.36618257261410786,0.3288381742738589,0.03734439834024894,1.7217825168918555,0.04255446139982933,True
DoS,0350,additive,negative,0.5,pird,964,136,0.14107883817427386,0.10269709543568464,0.038381742738589214,2.575685473757477,0.0050020801271164214,True
DoS,0350,additive,negative,0.5,global,964,627,0.6504149377593361,0.6504149377593361,0.0,0.0,0.5,False
DoS,0350,additive,negative,0.5,or,964,639,0.6628630705394191,0.6504149377593361,0.012448132780082943,0.5755577594296278,0.2824570696318678,False
DoS,0350,additive,negative,0.5,max,964,632,0.6556016597510373,0.6431535269709544,0.012448132780082943,0.5727422857797232,0.2834096008742548,False
DoS,0350,additive,negative,0.5,weighted_0.25,964,641,0.6649377593360996,0.6462655601659751,0.018672199170124415,0.8627171733267868,0.19414649394717043,False
DoS,0350,additive,negative,0.5,weighted_0.5,964,629,0.6524896265560166,0.5570539419087137,0.0954356846473029,4.285629089684971,9.111139897220925e-06,True
DoS,0350,additive,negative,0.5,weighted_0.75,964,384,0.3983402489626556,0.3288381742738589,0.06950207468879666,3.172101148226149,0.000756701430137016,True
DoS,0350,additive,negative,0.5,global_A_bus,964,643,0.66701244813278,0.6690871369294605,-0.0020746887966804906,-0.09672429923298352,0.5385273288461944,False
DoS,0350,additive,negative,0.5,global_B_id_population,964,428,0.44398340248962653,0.44398340248962653,0.0,0.0,0.5,False
DoS,0350,additive,negative,0.5,global_C_cross_id,964,447,0.4636929460580913,0.46887966804979253,-0.005186721991701226,-0.22826324444751322,0.5902792015139928,False
DoS,0350,additive,negative,0.5,global_D_bus_idpop,964,640,0.6639004149377593,0.6639004149377593,0.0,0.0,0.5,False
DoS,0350,additive,negative,0.5,global_E_all,964,627,0.6504149377593361,0.6504149377593361,0.0,0.0,0.5,False
DoS,0350,additive,negative,0.75,pird,964,183,0.18983402489626555,0.10269709543568464,0.08713692946058091,5.413689348984859,3.086962057961364e-08,True
DoS,0350,additive,negative,0.75,global,964,626,0.6493775933609959,0.6504149377593361,-0.0010373443983402453,-0.04774480158560451,0.5190401858535703,False
DoS,0350,additive,negative,0.75,or,964,663,0.6877593360995851,0.6504149377593361,0.03734439834024894,1.7424118701309226,0.04071820016868513,True
DoS,0350,additive,negative,0.75,max,964,655,0.6794605809128631,0.6431535269709544,0.036307053941908696,1.6842628757725377,0.04606543831758945,True
DoS,0350,additive,negative,0.75,weighted_0.25,964,645,0.6690871369294605,0.6462655601659751,0.022821576763485396,1.0559530308516905,0.14549483706300628,False
DoS,0350,additive,negative,0.75,weighted_0.5,964,644,0.6680497925311203,0.5570539419087137,0.11099585062240658,5.002096234036741,2.835513375289695e-07,True
DoS,0350,additive,negative,0.75,weighted_0.75,964,456,0.4730290456431535,0.3288381742738589,0.1441908713692946,6.459331535375415,5.2583243254240914e-11,True
DoS,0350,additive,negative,1.0,pird,964,204,0.21161825726141079,0.10269709543568464,0.10892116182572614,6.570445494673613,2.5082472470210678e-11,True
DoS,0350,additive,negative,1.0,global,964,627,0.6504149377593361,0.6504149377593361,0.0,0.0,0.5,False
DoS,0350,additive,negative,1.0,or,964,661,0.6856846473029046,0.6504149377593361,0.03526970954356845,1.644313086960725,0.05005577372617023,False
DoS,0350,additive,negative,1.0,max,964,652,0.6763485477178424,0.6431535269709544,0.03319502074688796,1.5381830373193486,0.062001933633110226,False
DoS,0350,additive,negative,1.0,weighted_0.25,964,648,0.6721991701244814,0.6462655601659751,0.025933609958506243,1.2012628970664854,0.1148246190192483,False
DoS,0350,additive,negative,1.0,weighted_0.5,964,655,0.6794605809128631,0.5570539419087137,0.12240663900414939,5.531698321000599,1.5857250806067983e-08,True
DoS,0350,additive,negative,1.0,weighted_0.75,964,522,0.5414937759336099,0.3288381742738589,0.212655601659751,9.416997509162808,2.3208559541059473e-21,True
DoS,0350,additive,negative,1.0,global_A_bus,964,643,0.66701244813278,0.6690871369294605,-0.0020746887966804906,-0.09672429923298352,0.5385273288461944,False
DoS,0350,additive,negative,1.0,global_B_id_population,964,428,0.44398340248962653,0.44398340248962653,0.0,0.0,0.5,False
DoS,0350,additive,negative,1.0,global_C_cross_id,964,446,0.46265560165975106,0.46887966804979253,-0.006224066390041472,-0.27393529011495993,0.6079328245413768,False
DoS,0350,additive,negative,1.0,global_D_bus_idpop,964,640,0.6639004149377593,0.6639004149377593,0.0,0.0,0.5,False
DoS,0350,additive,negative,1.0,global_E_all,964,627,0.6504149377593361,0.6504149377593361,0.0,0.0,0.5,False
DoS,0350,additive,negative,1.5,pird,964,479,0.49688796680497926,0.10269709543568464,0.39419087136929465,18.888884365741145,7.03948911006049e-80,True
DoS,0350,additive,negative,1.5,global,964,631,0.6545643153526971,0.6504149377593361,0.004149377593360981,0.1913091685435389,0.42414168914864214,False
DoS,0350,additive,negative,1.5,or,964,803,0.83298755186722,0.6504149377593361,0.18257261410788383,9.15763843326378,2.652270393097379e-20,True
DoS,0350,additive,negative,1.5,max,964,781,0.8101659751037344,0.6431535269709544,0.16701244813278004,8.227256085351625,9.577532775617815e-17,True
DoS,0350,additive,negative,1.5,weighted_0.25,964,660,0.6846473029045643,0.6462655601659751,0.038381742738589186,1.7859202159281584,0.03705608861135207,True
DoS,0350,additive,negative,1.5,weighted_0.5,964,734,0.7614107883817427,0.5570539419087137,0.20435684647302899,9.465951628883895,1.4545000977246362e-21,True
DoS,0350,additive,negative,1.5,weighted_0.75,964,770,0.7987551867219918,0.3288381742738589,0.46991701244813283,20.803621653790625,2.0066546036712554e-96,True
DoS,0350,additive,negative,1.5,global_A_bus,964,643,0.66701244813278,0.6690871369294605,-0.0020746887966804906,-0.09672429923298352,0.5385273288461944,False
DoS,0350,additive,negative,1.5,global_B_id_population,964,428,0.44398340248962653,0.44398340248962653,0.0,0.0,0.5,False
DoS,0350,additive,negative,1.5,global_C_cross_id,964,443,0.45954356846473027,0.46887966804979253,-0.009336099585062263,-0.41099292498775625,0.6594611387255361,False
DoS,0350,additive,negative,1.5,global_D_bus_idpop,964,640,0.6639004149377593,0.6639004149377593,0.0,0.0,0.5,False
DoS,0350,additive,negative,1.5,global_E_all,964,631,0.6545643153526971,0.6504149377593361,0.004149377593360981,0.1913091685435389,0.42414168914864214,False
DoS,0350,additive,negative,2.0,pird,964,732,0.7593360995850622,0.10269709543568464,0.6566390041493776,29.110750302643947,1.312210435731436e-186,True
DoS,0350,additive,negative,2.0,global,964,633,0.6566390041493776,0.6504149377593361,0.006224066390041472,0.2871648379246496,0.3869930541061148,False
DoS,0350,additive,negative,2.0,or,964,924,0.9585062240663901,0.6504149377593361,0.30809128630705396,17.05428004186887,1.6242534333761633e-65,True
DoS,0350,additive,negative,2.0,max,964,916,0.950207468879668,0.6431535269709544,0.3070539419087136,16.749682705899207,2.846455256639265e-63,True
DoS,0350,additive,negative,2.0,weighted_0.25,964,668,0.6929460580912863,0.6462655601659751,0.04668049792531115,2.1788793917302094,0.01467031454337079,True
DoS,0350,additive,negative,2.0,weighted_0.5,964,770,0.7987551867219918,0.5570539419087137,0.24170124481327804,11.356011977876447,3.461677902576904e-30,True
DoS,0350,additive,negative,2.0,weighted_0.75,964,860,0.8921161825726142,0.3288381742738589,0.5632780082987552,25.35976030951914,3.506823312439744e-142,True
DoS,0350,additive,negative,3.0,pird,964,964,1.0,0.10269709543568464,0.8973029045643154,39.609096515963515,0.0,True
DoS,0350,additive,negative,3.0,global,964,632,0.6556016597510373,0.6504149377593361,0.005186721991701226,0.23922006011452784,0.4054674742264748,False
DoS,0350,additive,negative,3.0,or,964,964,1.0,0.6504149377593361,0.3495850622406639,20.208467274671076,4.12346805528519e-91,True
DoS,0350,additive,negative,3.0,max,964,964,1.0,0.6431535269709544,0.3568464730290456,20.46233297322352,2.3325912448172444e-93,True
DoS,0350,additive,negative,3.0,weighted_0.25,964,695,0.720954356846473,0.6462655601659751,0.07468879668049788,3.5258463984825212,0.0002110658620618184,True
DoS,0350,additive,negative,3.0,weighted_0.5,964,851,0.8827800829875518,0.5570539419087137,0.3257261410788381,15.925444022624612,2.1100365001648958e-57,True
DoS,0350,additive,negative,3.0,weighted_0.75,964,911,0.9450207468879668,0.3288381742738589,0.6161825726141079,28.131426580791302,2.022106772608811e-174,True
DoS,0350,mean_shift,positive,0.25,pird,964,0,0.0,0.10269709543568464,-0.10269709543568464,-10.215608936214759,1.0,False
DoS,0350,mean_shift,positive,0.25,global,964,629,0.6524896265560166,0.6504149377593361,0.0020746887966804906,0.09558814951748498,0.4619238387073712,False
DoS,0350,mean_shift,positive,0.25,or,964,629,0.6524896265560166,0.6504149377593361,0.0020746887966804906,0.09558814951748498,0.4619238387073712,False
DoS,0350,mean_shift,positive,0.25,max,964,622,0.6452282157676349,0.6431535269709544,0.0020746887966804906,0.09513945399439441,0.46210203021661506,False
DoS,0350,mean_shift,positive,0.25,weighted_0.25,964,628,0.6514522821576764,0.6462655601659751,0.005186721991701226,0.23856159508797709,0.4057227740020022,False
DoS,0350,mean_shift,positive,0.25,weighted_0.5,964,571,0.5923236514522822,0.5570539419087137,0.03526970954356845,1.5662303142258365,0.05864735414653546,False
DoS,0350,mean_shift,positive,0.25,weighted_0.75,964,291,0.30186721991701243,0.3288381742738589,-0.026970954356846488,-1.2743481931498832,0.8987299780381164,False
DoS,0350,mean_shift,positive,0.5,pird,964,0,0.0,0.10269709543568464,-0.10269709543568464,-10.215608936214759,1.0,False
DoS,0350,mean_shift,positive,0.5,global,964,629,0.6524896265560166,0.6504149377593361,0.0020746887966804906,0.09558814951748498,0.4619238387073712,False
DoS,0350,mean_shift,positive,0.5,or,964,629,0.6524896265560166,0.6504149377593361,0.0020746887966804906,0.09558814951748498,0.4619238387073712,False
DoS,0350,mean_shift,positive,0.5,max,964,623,0.6462655601659751,0.6431535269709544,0.003112033195020736,0.1427558517012267,0.4432415025541772,False
DoS,0350,mean_shift,positive,0.5,weighted_0.25,964,633,0.6566390041493776,0.6462655601659751,0.010373443983402453,0.47794074758742494,0.31634618916903867,False
DoS,0350,mean_shift,positive,0.5,weighted_0.5,964,588,0.6099585062240664,0.5570539419087137,0.05290456431535273,2.356077961866084,0.009234520528691463,True
DoS,0350,mean_shift,positive,0.5,weighted_0.75,964,298,0.3091286307053942,0.3288381742738589,-0.019709543568464716,-0.9284044101693899,0.8234010841359691,False
DoS,0350,mean_shift,positive,0.5,global_A_bus,964,645,0.6690871369294605,0.6690871369294605,0.0,0.0,0.5,False
DoS,0350,mean_shift,positive,0.5,global_B_id_population,964,428,0.44398340248962653,0.44398340248962653,0.0,0.0,0.5,False
DoS,0350,mean_shift,positive,0.5,global_C_cross_id,964,464,0.48132780082987553,0.46887966804979253,0.012448132780082999,0.5472638580184609,0.29209873509551604,False
DoS,0350,mean_shift,positive,0.5,global_D_bus_idpop,964,641,0.6649377593360996,0.6639004149377593,0.0010373443983402453,0.04823106031384994,0.4807660482170324,False
DoS,0350,mean_shift,positive,0.5,global_E_all,964,629,0.6524896265560166,0.6504149377593361,0.0020746887966804906,0.09558814951748498,0.4619238387073712,False
DoS,0350,mean_shift,positive,0.75,pird,964,0,0.0,0.10269709543568464,-0.10269709543568464,-10.215608936214759,1.0,False
DoS,0350,mean_shift,positive,0.75,global,964,630,0.6535269709543569,0.6504149377593361,0.003112033195020736,0.14343193935142645,0.44297452989732367,False
DoS,0350,mean_shift,positive,0.75,or,964,630,0.6535269709543569,0.6504149377593361,0.003112033195020736,0.14343193935142645,0.44297452989732367,False
DoS,0350,mean_shift,positive,0.75,max,964,625,0.6483402489626556,0.6431535269709544,0.005186721991701226,0.23808305771010987,0.4059083374784622,False
DoS,0350,mean_shift,positive,0.75,weighted_0.25,964,644,0.6680497925311203,0.6462655601659751,0.02178423236514515,1.0075898230152465,0.15682570830248377,False
DoS,0350,mean_shift,positive,0.75,weighted_0.5,964,612,0.6348547717842323,0.5570539419087137,0.07780082987551862,3.480855821471464,0.00024990722886579524,True
DoS,0350,mean_shift,positive,0.75,weighted_0.75,964,325,0.33713692946058094,0.3288381742738589,0.008298755186722018,0.3865943507440953,0.34952827042220913,False
DoS,0350,mean_shift,positive,1.0,pird,964,0,0.0,0.10269709543568464,-0.10269709543568464,-10.215608936214759,1.0,False
DoS,0350,mean_shift,positive,1.0,global,964,630,0.6535269709543569,0.6504149377593361,0.003112033195020736,0.14343193935142645,0.44297452989732367,False
DoS,0350,mean_shift,positive,1.0,or,964,630,0.6535269709543569,0.6504149377593361,0.003112033195020736,0.14343193935142645,0.44297452989732367,False
DoS,0350,mean_shift,positive,1.0,max,964,625,0.6483402489626556,0.6431535269709544,0.005186721991701226,0.23808305771010987,0.4059083374784622,False
DoS,0350,mean_shift,positive,1.0,weighted_0.25,964,648,0.6721991701244814,0.6462655601659751,0.025933609958506243,1.2012628970664854,0.1148246190192483,False
DoS,0350,mean_shift,positive,1.0,weighted_0.5,964,625,0.6483402489626556,0.5570539419087137,0.09128630705394192,4.095611352071635,2.105278921893659e-05,True
DoS,0350,mean_shift,positive,1.0,weighted_0.75,964,365,0.37863070539419086,0.3288381742738589,0.04979253112033194,2.2863543678079465,0.011116767812792118,True
DoS,0350,mean_shift,positive,1.0,global_A_bus,964,645,0.6690871369294605,0.6690871369294605,0.0,0.0,0.5,False
DoS,0350,mean_shift,positive,1.0,global_B_id_population,964,428,0.44398340248962653,0.44398340248962653,0.0,0.0,0.5,False
DoS,0350,mean_shift,positive,1.0,global_C_cross_id,964,465,0.4823651452282158,0.46887966804979253,0.013485477178423244,0.5928388026432911,0.276644518386292,False
DoS,0350,mean_shift,positive,1.0,global_D_bus_idpop,964,641,0.6649377593360996,0.6639004149377593,0.0010373443983402453,0.04823106031384994,0.4807660482170324,False
DoS,0350,mean_shift,positive,1.0,global_E_all,964,630,0.6535269709543569,0.6504149377593361,0.003112033195020736,0.14343193935142645,0.44297452989732367,False
DoS,0350,mean_shift,positive,1.5,pird,964,0,0.0,0.10269709543568464,-0.10269709543568464,-10.215608936214759,1.0,False
DoS,0350,mean_shift,positive,1.5,global,964,632,0.6556016597510373,0.6504149377593361,0.005186721991701226,0.23922006011452784,0.4054674742264748,False
DoS,0350,mean_shift,positive,1.5,or,964,632,0.6556016597510373,0.6504149377593361,0.005186721991701226,0.23922006011452784,0.4054674742264748,False
DoS,0350,mean_shift,positive,1.5,max,964,624,0.6473029045643154,0.6431535269709544,0.004149377593360981,0.19040364807403762,0.42449641960825557,False
DoS,0350,mean_shift,positive,1.5,weighted_0.25,964,654,0.6784232365145229,0.6462655601659751,0.032157676348547715,1.4928950075602982,0.06773233609443696,False
DoS,0350,mean_shift,positive,1.5,weighted_0.5,964,667,0.691908713692946,0.5570539419087137,0.13485477178423233,6.113843822585134,4.862974685830912e-10,True
DoS,0350,mean_shift,positive,1.5,weighted_0.75,964,613,0.6358921161825726,0.3288381742738589,0.30705394190871366,13.49082413548204,8.855482444889848e-42,True
DoS,0350,mean_shift,positive,1.5,global_A_bus,964,645,0.6690871369294605,0.6690871369294605,0.0,0.0,0.5,False
DoS,0350,mean_shift,positive,1.5,global_B_id_population,964,428,0.44398340248962653,0.44398340248962653,0.0,0.0,0.5,False
DoS,0350,mean_shift,positive,1.5,global_C_cross_id,964,471,0.48858921161825725,0.46887966804979253,0.019709543568464716,0.8662100821548404,0.19318748270307612,False
DoS,0350,mean_shift,positive,1.5,global_D_bus_idpop,964,641,0.6649377593360996,0.6639004149377593,0.0010373443983402453,0.04823106031384994,0.4807660482170324,False
DoS,0350,mean_shift,positive,1.5,global_E_all,964,632,0.6556016597510373,0.6504149377593361,0.005186721991701226,0.23922006011452784,0.4054674742264748,False
DoS,0350,mean_shift,positive,2.0,pird,964,964,1.0,0.10269709543568464,0.8973029045643154,39.609096515963515,0.0,True
DoS,0350,mean_shift,positive,2.0,global,964,632,0.6556016597510373,0.6504149377593361,0.005186721991701226,0.23922006011452784,0.4054674742264748,False
DoS,0350,mean_shift,positive,2.0,or,964,964,1.0,0.6504149377593361,0.3495850622406639,20.208467274671076,4.12346805528519e-91,True
DoS,0350,mean_shift,positive,2.0,max,964,626,0.6493775933609959,0.6431535269709544,0.006224066390041472,0.2857942959759923,0.3875178385773782,False
DoS,0350,mean_shift,positive,2.0,weighted_0.25,964,667,0.691908713692946,0.6462655601659751,0.0456431535269709,2.1296145079377933,0.016601726149348853,True
DoS,0350,mean_shift,positive,2.0,weighted_0.5,964,755,0.783195020746888,0.5570539419087137,0.22614107883817425,10.559666290844502,2.291440677600354e-26,True
DoS,0350,mean_shift,positive,2.0,weighted_0.75,964,783,0.8122406639004149,0.3288381742738589,0.483402489626556,21.440154988657085,2.8212744039928136e-102,True
DoS,0350,mean_shift,positive,3.0,pird,964,964,1.0,0.10269709543568464,0.8973029045643154,39.609096515963515,0.0,True
DoS,0350,mean_shift,positive,3.0,global,964,637,0.6607883817427386,0.6504149377593361,0.010373443983402453,0.47928731851488154,0.3158671212893981,False
DoS,0350,mean_shift,positive,3.0,or,964,964,1.0,0.6504149377593361,0.3495850622406639,20.208467274671076,4.12346805528519e-91,True
DoS,0350,mean_shift,positive,3.0,max,964,964,1.0,0.6431535269709544,0.3568464730290456,20.46233297322352,2.3325912448172444e-93,True
DoS,0350,mean_shift,positive,3.0,weighted_0.25,964,719,0.745850622406639,0.6462655601659751,0.09958506224066388,4.753348777797453,1.0003738197464001e-06,True
DoS,0350,mean_shift,positive,3.0,weighted_0.5,964,896,0.9294605809128631,0.5570539419087137,0.3724066390041494,18.71639786654483,1.819732595256988e-78,True
DoS,0350,mean_shift,positive,3.0,weighted_0.75,964,964,1.0,0.3288381742738589,0.6711618257261411,31.205496023061023,4.486898973251595e-214,True
DoS,0350,mean_shift,negative,0.25,pird,964,0,0.0,0.10269709543568464,-0.10269709543568464,-10.215608936214759,1.0,False
DoS,0350,mean_shift,negative,0.25,global,964,628,0.6514522821576764,0.6504149377593361,0.0010373443983402453,0.04777757685404406,0.4809467536109941,False
DoS,0350,mean_shift,negative,0.25,or,964,628,0.6514522821576764,0.6504149377593361,0.0010373443983402453,0.04777757685404406,0.4809467536109941,False
DoS,0350,mean_shift,negative,0.25,max,964,621,0.6441908713692946,0.6431535269709544,0.0010373443983402453,0.047554241119539445,0.4810357505183621,False
DoS,0350,mean_shift,negative,0.25,weighted_0.25,964,612,0.6348547717842323,0.6462655601659751,-0.011410788381742809,-0.5220908762899447,0.6991964706812265,False
DoS,0350,mean_shift,negative,0.25,weighted_0.5,964,479,0.49688796680497926,0.5570539419087137,-0.06016597510373445,-2.6456795182476878,0.9959236492321042,False
DoS,0350,mean_shift,negative,0.25,weighted_0.75,964,199,0.20643153526970953,0.3288381742738589,-0.12240663900414939,-6.070064738182841,0.9999999993607065,False
DoS,0350,mean_shift,negative,0.5,pird,964,0,0.0,0.10269709543568464,-0.10269709543568464,-10.215608936214759,1.0,False
DoS,0350,mean_shift,negative,0.5,global,964,627,0.6504149377593361,0.6504149377593361,0.0,0.0,0.5,False
DoS,0350,mean_shift,negative,0.5,or,964,627,0.6504149377593361,0.6504149377593361,0.0,0.0,0.5,False
DoS,0350,mean_shift,negative,0.5,max,964,621,0.6441908713692946,0.6431535269709544,0.0010373443983402453,0.047554241119539445,0.4810357505183621,False
DoS,0350,mean_shift,negative,0.5,weighted_0.25,964,621,0.6441908713692946,0.6462655601659751,-0.0020746887966804906,-0.09520182403701881,0.5379227394012318,False
DoS,0350,mean_shift,negative,0.5,weighted_0.5,964,527,0.5466804979253111,0.5570539419087137,-0.010373443983402564,-0.45795818929980797,0.6765087599865971,False
DoS,0350,mean_shift,negative,0.5,weighted_0.75,964,276,0.2863070539419087,0.3288381742738589,-0.04253112033195022,-2.0233424443635895,0.9784810731349707,False
DoS,0350,mean_shift,negative,0.5,global_A_bus,964,645,0.6690871369294605,0.6690871369294605,0.0,0.0,0.5,False
DoS,0350,mean_shift,negative,0.5,global_B_id_population,964,428,0.44398340248962653,0.44398340248962653,0.0,0.0,0.5,False
DoS,0350,mean_shift,negative,0.5,global_C_cross_id,964,453,0.4699170124481328,0.46887966804979253,0.0010373443983402453,0.045634301596934275,0.48180086446023435,False
DoS,0350,mean_shift,negative,0.5,global_D_bus_idpop,964,640,0.6639004149377593,0.6639004149377593,0.0,0.0,0.5,False
DoS,0350,mean_shift,negative,0.5,global_E_all,964,627,0.6504149377593361,0.6504149377593361,0.0,0.0,0.5,False
DoS,0350,mean_shift,negative,0.75,pird,964,0,0.0,0.10269709543568464,-0.10269709543568464,-10.215608936214759,1.0,False
DoS,0350,mean_shift,negative,0.75,global,964,628,0.6514522821576764,0.6504149377593361,0.0010373443983402453,0.04777757685404406,0.4809467536109941,False
DoS,0350,mean_shift,negative,0.75,or,964,628,0.6514522821576764,0.6504149377593361,0.0010373443983402453,0.04777757685404406,0.4809467536109941,False
DoS,0350,mean_shift,negative,0.75,max,964,621,0.6441908713692946,0.6431535269709544,0.0010373443983402453,0.047554241119539445,0.4810357505183621,False
DoS,0350,mean_shift,negative,0.75,weighted_0.25,964,634,0.6576763485477178,0.6462655601659751,0.011410788381742698,0.5259171109552303,0.29947289982330416,False
DoS,0350,mean_shift,negative,0.75,weighted_0.5,964,606,0.6286307053941909,0.5570539419087137,0.07157676348547715,3.198487530626764,0.0006907525370240483,True
DoS,0350,mean_shift,negative,0.75,weighted_0.75,964,313,0.32468879668049794,0.3288381742738589,-0.004149377593360981,-0.19422533766550162,0.5770002779826187,False
DoS,0350,mean_shift,negative,1.0,pird,964,0,0.0,0.10269709543568464,-0.10269709543568464,-10.215608936214759,1.0,False
DoS,0350,mean_shift,negative,1.0,global,964,626,0.6493775933609959,0.6504149377593361,-0.0010373443983402453,-0.04774480158560451,0.5190401858535703,False
DoS,0350,mean_shift,negative,1.0,or,964,626,0.6493775933609959,0.6504149377593361,-0.0010373443983402453,-0.04774480158560451,0.5190401858535703,False
DoS,0350,mean_shift,negative,1.0,max,964,619,0.6421161825726142,0.6431535269709544,-0.0010373443983402453,-0.047523481689446076,0.5189519921027722,False
DoS,0350,mean_shift,negative,1.0,weighted_0.25,964,649,0.6732365145228216,0.6462655601659751,0.026970954356846488,1.2497737178219717,0.10569110974509478,False
DoS,0350,mean_shift,negative,1.0,weighted_0.5,964,649,0.6732365145228216,0.5570539419087137,0.11618257261410792,5.242364817190362,7.926576611463864e-08,True
DoS,0350,mean_shift,negative,1.0,weighted_0.75,964,508,0.5269709543568465,0.3288381742738589,0.19813278008298757,8.791685654134623,7.36662566603927e-19,True
DoS,0350,mean_shift,negative,1.0,global_A_bus,964,645,0.6690871369294605,0.6690871369294605,0.0,0.0,0.5,False
DoS,0350,mean_shift,negative,1.0,global_B_id_population,964,428,0.44398340248962653,0.44398340248962653,0.0,0.0,0.5,False
DoS,0350,mean_shift,negative,1.0,global_C_cross_id,964,446,0.46265560165975106,0.46887966804979253,-0.006224066390041472,-0.27393529011495993,0.6079328245413768,False
DoS,0350,mean_shift,negative,1.0,global_D_bus_idpop,964,640,0.6639004149377593,0.6639004149377593,0.0,0.0,0.5,False
DoS,0350,mean_shift,negative,1.0,global_E_all,964,626,0.6493775933609959,0.6504149377593361,-0.0010373443983402453,-0.04774480158560451,0.5190401858535703,False
DoS,0350,mean_shift,negative,1.5,pird,964,0,0.0,0.10269709543568464,-0.10269709543568464,-10.215608936214759,1.0,False
DoS,0350,mean_shift,negative,1.5,global,964,625,0.6483402489626556,0.6504149377593361,-0.0020746887966804906,-0.09545704762995387,0.5380240972801366,False
DoS,0350,mean_shift,negative,1.5,or,964,625,0.6483402489626556,0.6504149377593361,-0.0020746887966804906,-0.09545704762995387,0.5380240972801366,False
DoS,0350,mean_shift,negative,1.5,max,964,620,0.6431535269709544,0.6431535269709544,0.0,0.0,0.5,False
DoS,0350,mean_shift,negative,1.5,weighted_0.25,964,660,0.6846473029045643,0.6462655601659751,0.038381742738589186,1.7859202159281584,0.03705608861135207,True
DoS,0350,mean_shift,negative,1.5,weighted_0.5,964,707,0.733402489626556,0.5570539419087137,0.17634854771784225,8.092155043146624,2.930911376094927e-16,True
DoS,0350,mean_shift,negative,1.5,weighted_0.75,964,707,0.733402489626556,0.3288381742738589,0.40456431535269705,17.798521529592854,3.627962503054897e-71,True
DoS,0350,mean_shift,negative,1.5,global_A_bus,964,644,0.6680497925311203,0.6690871369294605,-0.0010373443983402453,-0.04838119900319609,0.5192937786108613,False
DoS,0350,mean_shift,negative,1.5,global_B_id_population,964,428,0.44398340248962653,0.44398340248962653,0.0,0.0,0.5,False
DoS,0350,mean_shift,negative,1.5,global_C_cross_id,964,444,0.4605809128630705,0.46887966804979253,-0.008298755186722018,-0.3652999798857663,0.6425562532905333,False
DoS,0350,mean_shift,negative,1.5,global_D_bus_idpop,964,640,0.6639004149377593,0.6639004149377593,0.0,0.0,0.5,False
DoS,0350,mean_shift,negative,1.5,global_E_all,964,625,0.6483402489626556,0.6504149377593361,-0.0020746887966804906,-0.09545704762995387,0.5380240972801366,False
DoS,0350,mean_shift,negative,2.0,pird,964,964,1.0,0.10269709543568464,0.8973029045643154,39.609096515963515,0.0,True
DoS,0350,mean_shift,negative,2.0,global,964,626,0.6493775933609959,0.6504149377593361,-0.0010373443983402453,-0.04774480158560451,0.5190401858535703,False
DoS,0350,mean_shift,negative,2.0,or,964,964,1.0,0.6504149377593361,0.3495850622406639,20.208467274671076,4.12346805528519e-91,True
DoS,0350,mean_shift,negative,2.0,max,964,964,1.0,0.6431535269709544,0.3568464730290456,20.46233297322352,2.3325912448172444e-93,True
DoS,0350,mean_shift,negative,2.0,weighted_0.25,964,675,0.700207468879668,0.6462655601659751,0.053941908713692865,2.524929389651527,0.005786076897363123,True
DoS,0350,mean_shift,negative,2.0,weighted_0.5,964,822,0.8526970954356846,0.5570539419087137,0.2956431535269709,14.230904795122509,2.9457274853882774e-46,True
DoS,0350,mean_shift,negative,2.0,weighted_0.75,964,964,1.0,0.3288381742738589,0.6711618257261411,31.205496023061023,4.486898973251595e-214,True
DoS,0350,mean_shift,negative,3.0,pird,964,964,1.0,0.10269709543568464,0.8973029045643154,39.609096515963515,0.0,True
DoS,0350,mean_shift,negative,3.0,global,964,633,0.6566390041493776,0.6504149377593361,0.006224066390041472,0.2871648379246496,0.3869930541061148,False
DoS,0350,mean_shift,negative,3.0,or,964,964,1.0,0.6504149377593361,0.3495850622406639,20.208467274671076,4.12346805528519e-91,True
DoS,0350,mean_shift,negative,3.0,max,964,964,1.0,0.6431535269709544,0.3568464730290456,20.46233297322352,2.3325912448172444e-93,True
DoS,0350,mean_shift,negative,3.0,weighted_0.25,964,710,0.7365145228215768,0.6462655601659751,0.09024896265560167,4.289426295642221,8.956762361609226e-06,True
DoS,0350,mean_shift,negative,3.0,weighted_0.5,964,903,0.9367219917012448,0.5570539419087137,0.3796680497925311,19.170941552255588,3.236332621468043e-82,True
DoS,0350,mean_shift,negative,3.0,weighted_0.75,964,964,1.0,0.3288381742738589,0.6711618257261411,31.205496023061023,4.486898973251595e-214,True
DoS,018f,additive,positive,0.25,pird,955,805,0.8429319371727748,0.5853403141361256,0.2575916230366492,12.457998785925483,6.325268318838788e-36,True
DoS,018f,additive,positive,0.25,global,955,626,0.6554973821989529,0.6554973821989529,0.0,0.0,0.5,False
DoS,018f,additive,positive,0.25,or,955,832,0.8712041884816754,0.8230366492146597,0.04816753926701567,2.9247842201276186,0.0017234757301205705,True
DoS,018f,additive,positive,0.25,max,955,830,0.8691099476439791,0.8073298429319372,0.06178010471204187,3.66601121820194,0.0001231815611793858,True
DoS,018f,additive,positive,0.25,weighted_0.25,955,698,0.7308900523560209,0.7183246073298429,0.012565445026177957,0.6146629168330365,0.26938867724646165,False
DoS,018f,additive,positive,0.25,weighted_0.5,955,762,0.7979057591623037,0.7581151832460733,0.039790575916230364,2.0922228805589844,0.01820929132039109,True
DoS,018f,additive,positive,0.25,weighted_0.75,955,805,0.8429319371727748,0.787434554973822,0.05549738219895284,3.124358742366713,0.0008909652881624021,True
DoS,018f,additive,positive,0.5,pird,955,805,0.8429319371727748,0.5853403141361256,0.2575916230366492,12.457998785925483,6.325268318838788e-36,True
DoS,018f,additive,positive,0.5,global,955,628,0.6575916230366492,0.6554973821989529,0.0020942408376962707,0.09637091697750964,0.4616129947404929,False
DoS,018f,additive,positive,0.5,or,955,832,0.8712041884816754,0.8230366492146597,0.04816753926701567,2.9247842201276186,0.0017234757301205705,True
DoS,018f,additive,positive,0.5,max,955,830,0.8691099476439791,0.8073298429319372,0.06178010471204187,3.66601121820194,0.0001231815611793858,True
DoS,018f,additive,positive,0.5,weighted_0.25,955,703,0.7361256544502618,0.7183246073298429,0.017801047120418856,0.8733646719058091,0.19123217029369682,False
DoS,018f,additive,positive,0.5,weighted_0.5,955,784,0.8209424083769633,0.7581151832460733,0.06282722513089001,3.367861604209158,0.00037876806256654773,True
DoS,018f,additive,positive,0.5,weighted_0.75,955,806,0.8439790575916231,0.787434554973822,0.056544502617801085,3.186804230626859,0.0007192705420178869,True
DoS,018f,additive,positive,0.5,global_A_bus,955,649,0.6795811518324607,0.6795811518324607,0.0,0.0,0.5,False
DoS,018f,additive,positive,0.5,global_B_id_population,955,560,0.5863874345549738,0.5863874345549738,0.0,0.0,0.5,False
DoS,018f,additive,positive,0.5,global_C_cross_id,955,460,0.4816753926701571,0.4806282722513089,0.0010471204188481908,0.045795425726252975,0.4817366523645776,False
DoS,018f,additive,positive,0.5,global_D_bus_idpop,955,645,0.675392670157068,0.675392670157068,0.0,0.0,0.5,False
DoS,018f,additive,positive,0.5,global_E_all,955,628,0.6575916230366492,0.6554973821989529,0.0020942408376962707,0.09637091697750964,0.4616129947404929,False
DoS,018f,additive,positive,0.75,pird,955,805,0.8429319371727748,0.5853403141361256,0.2575916230366492,12.457998785925483,6.325268318838788e-36,True
DoS,018f,additive,positive,0.75,global,955,628,0.6575916230366492,0.6554973821989529,0.0020942408376962707,0.09637091697750964,0.4616129947404929,False
DoS,018f,additive,positive,0.75,or,955,832,0.8712041884816754,0.8230366492146597,0.04816753926701567,2.9247842201276186,0.0017234757301205705,True
DoS,018f,additive,positive,0.75,max,955,830,0.8691099476439791,0.8073298429319372,0.06178010471204187,3.66601121820194,0.0001231815611793858,True
DoS,018f,additive,positive,0.75,weighted_0.25,955,705,0.7382198952879581,0.7183246073298429,0.019895287958115127,0.977289067767808,0.16421303187933275,False
DoS,018f,additive,positive,0.75,weighted_0.5,955,797,0.8345549738219895,0.7581151832460733,0.07643979057591621,4.147631231661194,1.679664593003141e-05,True
DoS,018f,additive,positive,0.75,weighted_0.75,955,809,0.8471204188481676,0.787434554973822,0.0596858638743456,3.375027954131965,0.0003690409662295383,True
DoS,018f,additive,positive,1.0,pird,955,805,0.8429319371727748,0.5853403141361256,0.2575916230366492,12.457998785925483,6.325268318838788e-36,True
DoS,018f,additive,positive,1.0,global,955,628,0.6575916230366492,0.6554973821989529,0.0020942408376962707,0.09637091697750964,0.4616129947404929,False
DoS,018f,additive,positive,1.0,or,955,832,0.8712041884816754,0.8230366492146597,0.04816753926701567,2.9247842201276186,0.0017234757301205705,True
DoS,018f,additive,positive,1.0,max,955,830,0.8691099476439791,0.8073298429319372,0.06178010471204187,3.66601121820194,0.0001231815611793858,True
DoS,018f,additive,positive,1.0,weighted_0.25,955,711,0.7445026178010471,0.7183246073298429,0.02617801047120416,1.2906242075660583,0.09841700883778565,False
DoS,018f,additive,positive,1.0,weighted_0.5,955,823,0.8617801047120419,0.7581151832460733,0.10366492146596862,5.773689292070575,3.8777194730880915e-09,True
DoS,018f,additive,positive,1.0,weighted_0.75,955,815,0.8534031413612565,0.787434554973822,0.06596858638743452,3.7555683883038133,8.647426279089409e-05,True
DoS,018f,additive,positive,1.0,global_A_bus,955,649,0.6795811518324607,0.6795811518324607,0.0,0.0,0.5,False
DoS,018f,additive,positive,1.0,global_B_id_population,955,560,0.5863874345549738,0.5863874345549738,0.0,0.0,0.5,False
DoS,018f,additive,positive,1.0,global_C_cross_id,955,460,0.4816753926701571,0.4806282722513089,0.0010471204188481908,0.045795425726252975,0.4817366523645776,False
DoS,018f,additive,positive,1.0,global_D_bus_idpop,955,645,0.675392670157068,0.675392670157068,0.0,0.0,0.5,False
DoS,018f,additive,positive,1.0,global_E_all,955,628,0.6575916230366492,0.6554973821989529,0.0020942408376962707,0.09637091697750964,0.4616129947404929,False
DoS,018f,additive,positive,1.5,pird,955,815,0.8534031413612565,0.5853403141361256,0.26806282722513086,13.037096726981586,3.7634506632649893e-39,True
DoS,018f,additive,positive,1.5,global,955,628,0.6575916230366492,0.6554973821989529,0.0020942408376962707,0.09637091697750964,0.4616129947404929,False
DoS,018f,additive,positive,1.5,or,955,842,0.881675392670157,0.8230366492146597,0.058638743455497355,3.6120433693653844,0.00015189687117583467,True
DoS,018f,additive,positive,1.5,max,955,840,0.8795811518324608,0.8073298429319372,0.07225130890052356,4.344926257791581,6.9661228976919036e-06,True
DoS,018f,additive,positive,1.5,weighted_0.25,955,714,0.7476439790575916,0.7183246073298429,0.029319371727748678,1.448190216083779,0.07378193005059634,False
DoS,018f,additive,positive,1.5,weighted_0.5,955,857,0.8973821989528796,0.7581151832460733,0.13926701570680633,8.059432098191149,3.832485231013143e-16,True
DoS,018f,additive,positive,1.5,weighted_0.75,955,852,0.8921465968586387,0.787434554973822,0.10471204188481675,6.238120913157967,2.2142915124040212e-10,True
DoS,018f,additive,positive,1.5,global_A_bus,955,649,0.6795811518324607,0.6795811518324607,0.0,0.0,0.5,False
DoS,018f,additive,positive,1.5,global_B_id_population,955,560,0.5863874345549738,0.5863874345549738,0.0,0.0,0.5,False
DoS,018f,additive,positive,1.5,global_C_cross_id,955,461,0.4827225130890052,0.4806282722513089,0.002094240837696326,0.09158728147161313,0.46351297844528905,False
DoS,018f,additive,positive,1.5,global_D_bus_idpop,955,645,0.675392670157068,0.675392670157068,0.0,0.0,0.5,False
DoS,018f,additive,positive,1.5,global_E_all,955,628,0.6575916230366492,0.6554973821989529,0.0020942408376962707,0.09637091697750964,0.4616129947404929,False
DoS,018f,additive,positive,2.0,pird,955,892,0.9340314136125655,0.5853403141361256,0.34869109947643984,17.83285458242941,1.9642079170477706e-71,True
DoS,018f,additive,positive,2.0,global,955,628,0.6575916230366492,0.6554973821989529,0.0020942408376962707,0.09637091697750964,0.4616129947404929,False
DoS,018f,additive,positive,2.0,or,955,914,0.9570680628272251,0.8230366492146597,0.13403141361256543,9.362515403344934,3.893028355493665e-21,True
DoS,018f,additive,positive,2.0,max,955,912,0.9549738219895288,0.8073298429319372,0.14764397905759163,9.969670607495305,1.0345695413835681e-23,True
DoS,018f,additive,positive,2.0,weighted_0.25,955,719,0.7528795811518325,0.7183246073298429,0.034554973821989576,1.7121695627290814,0.043432712432037744,True
DoS,018f,additive,positive,2.0,weighted_0.5,955,887,0.9287958115183246,0.7581151832460733,0.17068062827225128,10.264101159710545,5.113445015630929e-25,True
DoS,018f,additive,positive,2.0,weighted_0.75,955,911,0.9539267015706806,0.787434554973822,0.16649214659685863,10.842244749983426,1.0853910657743285e-27,True
DoS,018f,additive,positive,3.0,pird,955,955,1.0,0.5853403141361256,0.41465968586387436,22.351225441389925,5.8737572230771745e-111,True
DoS,018f,additive,positive,3.0,global,955,627,0.6565445026178011,0.6554973821989529,0.0010471204188481353,0.04816798326884608,0.4807911831036315,False
DoS,018f,additive,positive,3.0,or,955,955,1.0,0.8230366492146597,0.1769633507853403,13.616348250901686,1.6009090806140053e-42,True
DoS,018f,additive,positive,3.0,max,955,955,1.0,0.8073298429319372,0.1926701570680628,14.269383149978154,1.6978444341384066e-46,True
DoS,018f,additive,positive,3.0,weighted_0.25,955,739,0.7738219895287958,0.7183246073298429,0.05549738219895284,2.7862125991199975,0.0026663941807648335,True
DoS,018f,additive,positive,3.0,weighted_0.5,955,914,0.9570680628272251,0.7581151832460733,0.19895287958115182,12.44024357777476,7.901065134020203e-36,True
DoS,018f,additive,positive,3.0,weighted_0.75,955,942,0.9863874345549738,0.787434554973822,0.19895287958115182,13.727349973821374,3.4817099020543917e-43,True
DoS,018f,additive,negative,0.25,pird,955,805,0.8429319371727748,0.5853403141361256,0.2575916230366492,12.457998785925483,6.325268318838788e-36,True
DoS,018f,additive,negative,0.25,global,955,626,0.6554973821989529,0.6554973821989529,0.0,0.0,0.5,False
DoS,018f,additive,negative,0.25,or,955,832,0.8712041884816754,0.8230366492146597,0.04816753926701567,2.9247842201276186,0.0017234757301205705,True
DoS,018f,additive,negative,0.25,max,955,830,0.8691099476439791,0.8073298429319372,0.06178010471204187,3.66601121820194,0.0001231815611793858,True
DoS,018f,additive,negative,0.25,weighted_0.25,955,696,0.7287958115183246,0.7183246073298429,0.010471204188481686,0.5116178647571424,0.3044592400006991,False
DoS,018f,additive,negative,0.25,weighted_0.5,955,749,0.7842931937172775,0.7581151832460733,0.02617801047120416,1.361803984009874,0.08662987696935828,False
DoS,018f,additive,negative,0.25,weighted_0.75,955,805,0.8429319371727748,0.787434554973822,0.05549738219895284,3.124358742366713,0.0008909652881624021,True
DoS,018f,additive,negative,0.5,pird,955,805,0.8429319371727748,0.5853403141361256,0.2575916230366492,12.457998785925483,6.325268318838788e-36,True
DoS,018f,additive,negative,0.5,global,955,626,0.6554973821989529,0.6554973821989529,0.0,0.0,0.5,False
DoS,018f,additive,negative,0.5,or,955,832,0.8712041884816754,0.8230366492146597,0.04816753926701567,2.9247842201276186,0.0017234757301205705,True
DoS,018f,additive,negative,0.5,max,955,830,0.8691099476439791,0.8073298429319372,0.06178010471204187,3.66601121820194,0.0001231815611793858,True
DoS,018f,additive,negative,0.5,weighted_0.25,955,699,0.7319371727748691,0.7183246073298429,0.013612565445026203,0.6662780369744923,0.252616700607639,False
DoS,018f,additive,negative,0.5,weighted_0.5,955,766,0.8020942408376963,0.7581151832460733,0.043979057591623016,2.320321662496314,0.010161741555193388,True
DoS,018f,additive,negative,0.5,weighted_0.75,955,805,0.8429319371727748,0.787434554973822,0.05549738219895284,3.124358742366713,0.0008909652881624021,True
DoS,018f,additive,negative,0.5,global_A_bus,955,649,0.6795811518324607,0.6795811518324607,0.0,0.0,0.5,False
DoS,018f,additive,negative,0.5,global_B_id_population,955,560,0.5863874345549738,0.5863874345549738,0.0,0.0,0.5,False
DoS,018f,additive,negative,0.5,global_C_cross_id,955,460,0.4816753926701571,0.4806282722513089,0.0010471204188481908,0.045795425726252975,0.4817366523645776,False
DoS,018f,additive,negative,0.5,global_D_bus_idpop,955,645,0.675392670157068,0.675392670157068,0.0,0.0,0.5,False
DoS,018f,additive,negative,0.5,global_E_all,955,626,0.6554973821989529,0.6554973821989529,0.0,0.0,0.5,False
DoS,018f,additive,negative,0.75,pird,955,805,0.8429319371727748,0.5853403141361256,0.2575916230366492,12.457998785925483,6.325268318838788e-36,True
DoS,018f,additive,negative,0.75,global,955,624,0.6534031413612565,0.6554973821989529,-0.0020942408376963817,-0.0962320427955599,0.5383318587840212,False
DoS,018f,additive,negative,0.75,or,955,832,0.8712041884816754,0.8230366492146597,0.04816753926701567,2.9247842201276186,0.0017234757301205705,True
DoS,018f,additive,negative,0.75,max,955,830,0.8691099476439791,0.8073298429319372,0.06178010471204187,3.66601121820194,0.0001231815611793858,True
DoS,018f,additive,negative,0.75,weighted_0.25,955,702,0.7350785340314137,0.7183246073298429,0.01675392670157072,0.8214983239693929,0.205681239188737,False
DoS,018f,additive,negative,0.75,weighted_0.5,955,778,0.8146596858638744,0.7581151832460733,0.056544502617801085,3.0147089867726136,0.0012861296559866426,True
DoS,018f,additive,negative,0.75,weighted_0.75,955,808,0.8460732984293193,0.787434554973822,0.058638743455497355,3.3121377402300767,0.00046292974317334036,True
DoS,018f,additive,negative,1.0,pird,955,805,0.8429319371727748,0.5853403141361256,0.2575916230366492,12.457998785925483,6.325268318838788e-36,True
DoS,018f,additive,negative,1.0,global,955,624,0.6534031413612565,0.6554973821989529,-0.0020942408376963817,-0.0962320427955599,0.5383318587840212,False
DoS,018f,additive,negative,1.0,or,955,832,0.8712041884816754,0.8230366492146597,0.04816753926701567,2.9247842201276186,0.0017234757301205705,True
DoS,018f,additive,negative,1.0,max,955,830,0.8691099476439791,0.8073298429319372,0.06178010471204187,3.66601121820194,0.0001231815611793858,True
DoS,018f,additive,negative,1.0,weighted_0.25,955,705,0.7382198952879581,0.7183246073298429,0.019895287958115127,0.977289067767808,0.16421303187933275,False
DoS,018f,additive,negative,1.0,weighted_0.5,955,783,0.8198952879581152,0.7581151832460733,0.06178010471204187,3.3087164149692483,0.00046862358872732236,True
DoS,018f,additive,negative,1.0,weighted_0.75,955,808,0.8460732984293193,0.787434554973822,0.058638743455497355,3.3121377402300767,0.00046292974317334036,True
DoS,018f,additive,negative,1.0,global_A_bus,955,649,0.6795811518324607,0.6795811518324607,0.0,0.0,0.5,False
DoS,018f,additive,negative,1.0,global_B_id_population,955,560,0.5863874345549738,0.5863874345549738,0.0,0.0,0.5,False
DoS,018f,additive,negative,1.0,global_C_cross_id,955,460,0.4816753926701571,0.4806282722513089,0.0010471204188481908,0.045795425726252975,0.4817366523645776,False
DoS,018f,additive,negative,1.0,global_D_bus_idpop,955,645,0.675392670157068,0.675392670157068,0.0,0.0,0.5,False
DoS,018f,additive,negative,1.0,global_E_all,955,624,0.6534031413612565,0.6554973821989529,-0.0020942408376963817,-0.0962320427955599,0.5383318587840212,False
DoS,018f,additive,negative,1.5,pird,955,805,0.8429319371727748,0.5853403141361256,0.2575916230366492,12.457998785925483,6.325268318838788e-36,True
DoS,018f,additive,negative,1.5,global,955,624,0.6534031413612565,0.6554973821989529,-0.0020942408376963817,-0.0962320427955599,0.5383318587840212,False
DoS,018f,additive,negative,1.5,or,955,832,0.8712041884816754,0.8230366492146597,0.04816753926701567,2.9247842201276186,0.0017234757301205705,True
DoS,018f,additive,negative,1.5,max,955,830,0.8691099476439791,0.8073298429319372,0.06178010471204187,3.66601121820194,0.0001231815611793858,True
DoS,018f,additive,negative,1.5,weighted_0.25,955,706,0.7392670157068063,0.7183246073298429,0.020942408376963373,1.0293478974767738,0.15165811162838172,False
DoS,018f,additive,negative,1.5,weighted_0.5,955,803,0.8408376963350785,0.7581151832460733,0.08272251308900525,4.514658132261714,3.1709493163279726e-06,True
DoS,018f,additive,negative,1.5,weighted_0.75,955,833,0.8722513089005236,0.787434554973822,0.08481675392670163,4.932253489465893,4.0643165760277733e-07,True
DoS,018f,additive,negative,1.5,global_A_bus,955,649,0.6795811518324607,0.6795811518324607,0.0,0.0,0.5,False
DoS,018f,additive,negative,1.5,global_B_id_population,955,560,0.5863874345549738,0.5863874345549738,0.0,0.0,0.5,False
DoS,018f,additive,negative,1.5,global_C_cross_id,955,459,0.4806282722513089,0.4806282722513089,0.0,0.0,0.5,False
DoS,018f,additive,negative,1.5,global_D_bus_idpop,955,645,0.675392670157068,0.675392670157068,0.0,0.0,0.5,False
DoS,018f,additive,negative,1.5,global_E_all,955,624,0.6534031413612565,0.6554973821989529,-0.0020942408376963817,-0.0962320427955599,0.5383318587840212,False
DoS,018f,additive,negative,2.0,pird,955,805,0.8429319371727748,0.5853403141361256,0.2575916230366492,12.457998785925483,6.325268318838788e-36,True
DoS,018f,additive,negative,2.0,global,955,624,0.6534031413612565,0.6554973821989529,-0.0020942408376963817,-0.0962320427955599,0.5383318587840212,False
DoS,018f,additive,negative,2.0,or,955,832,0.8712041884816754,0.8230366492146597,0.04816753926701567,2.9247842201276186,0.0017234757301205705,True
DoS,018f,additive,negative,2.0,max,955,830,0.8691099476439791,0.8073298429319372,0.06178010471204187,3.66601121820194,0.0001231815611793858,True
DoS,018f,additive,negative,2.0,weighted_0.25,955,709,0.7424083769633508,0.7183246073298429,0.02408376963350789,1.185915652798913,0.11782780550545827,False
DoS,018f,additive,negative,2.0,weighted_0.5,955,823,0.8617801047120419,0.7581151832460733,0.10366492146596862,5.773689292070575,3.8777194730880915e-09,True
DoS,018f,additive,negative,2.0,weighted_0.75,955,858,0.8984293193717278,0.787434554973822,0.11099476439790579,6.665749419300952,1.3165910085971373e-11,True
DoS,018f,additive,negative,3.0,pird,955,882,0.9235602094240838,0.5853403141361256,0.33821989528795815,17.171205833246173,2.1813098703043378e-66,True
DoS,018f,additive,negative,3.0,global,955,624,0.6534031413612565,0.6554973821989529,-0.0020942408376963817,-0.0962320427955599,0.5383318587840212,False
DoS,018f,additive,negative,3.0,or,955,904,0.9465968586387434,0.8230366492146597,0.12356020942408374,8.457538787693908,1.3653986234654684e-17,True
DoS,018f,additive,negative,3.0,max,955,886,0.9277486910994764,0.8073298429319372,0.12041884816753923,7.762346215119046,4.168621846038026e-15,True
DoS,018f,additive,negative,3.0,weighted_0.25,955,712,0.7455497382198953,0.7183246073298429,0.027225130890052407,1.3430787116204388,0.089623244014523,False
DoS,018f,additive,negative,3.0,weighted_0.5,955,849,0.8890052356020942,0.7581151832460733,0.13089005235602091,7.50321489315193,3.113566964015124e-14,True
DoS,018f,additive,negative,3.0,weighted_0.75,955,901,0.9434554973821989,0.787434554973822,0.15602094240837694,9.990793062124842,8.361916231445588e-24,True
DoS,018f,mean_shift,positive,0.25,pird,955,0,0.0,0.5853403141361256,-0.5853403141361256,-28.112205124821045,1.0,False
DoS,018f,mean_shift,positive,0.25,global,955,628,0.6575916230366492,0.6554973821989529,0.0020942408376962707,0.09637091697750964,0.4616129947404929,False
DoS,018f,mean_shift,positive,0.25,or,955,628,0.6575916230366492,0.8230366492146597,-0.1654450261780105,-8.245333524787338,1.0,False
DoS,018f,mean_shift,positive,0.25,max,955,611,0.6397905759162303,0.8073298429319372,-0.16753926701570687,-8.185885836114274,0.9999999999999999,False
DoS,018f,mean_shift,positive,0.25,weighted_0.25,955,624,0.6534031413612565,0.7183246073298429,-0.06492146596858639,-3.056307872532614,0.998879594809899,False
DoS,018f,mean_shift,positive,0.25,weighted_0.5,955,553,0.5790575916230366,0.7581151832460733,-0.1790575916230367,-8.312190547616739,1.0,False
DoS,018f,mean_shift,positive,0.25,weighted_0.75,955,277,0.2900523560209424,0.787434554973822,-0.49738219895287955,-21.802919517948716,1.0,False
DoS,018f,mean_shift,positive,0.5,pird,955,0,0.0,0.5853403141361256,-0.5853403141361256,-28.112205124821045,1.0,False
DoS,018f,mean_shift,positive,0.5,global,955,628,0.6575916230366492,0.6554973821989529,0.0020942408376962707,0.09637091697750964,0.4616129947404929,False
DoS,018f,mean_shift,positive,0.5,or,955,628,0.6575916230366492,0.8230366492146597,-0.1654450261780105,-8.245333524787338,1.0,False
DoS,018f,mean_shift,positive,0.5,max,955,611,0.6397905759162303,0.8073298429319372,-0.16753926701570687,-8.185885836114274,0.9999999999999999,False
DoS,018f,mean_shift,positive,0.5,weighted_0.25,955,630,0.6596858638743456,0.7183246073298429,-0.058638743455497355,-2.7681112699574646,0.9971808898859094,False
DoS,018f,mean_shift,positive,0.5,weighted_0.5,955,574,0.6010471204188481,0.7581151832460733,-0.15706806282722519,-7.355206756920739,0.9999999999999047,False
DoS,018f,mean_shift,positive,0.5,weighted_0.75,955,291,0.30471204188481676,0.787434554973822,-0.4827225130890052,-21.186826300875957,1.0,False
DoS,018f,mean_shift,positive,0.5,global_A_bus,955,649,0.6795811518324607,0.6795811518324607,0.0,0.0,0.5,False
DoS,018f,mean_shift,positive,0.5,global_B_id_population,955,560,0.5863874345549738,0.5863874345549738,0.0,0.0,0.5,False
DoS,018f,mean_shift,positive,0.5,global_C_cross_id,955,460,0.4816753926701571,0.4806282722513089,0.0010471204188481908,0.045795425726252975,0.4817366523645776,False
DoS,018f,mean_shift,positive,0.5,global_D_bus_idpop,955,645,0.675392670157068,0.675392670157068,0.0,0.0,0.5,False
DoS,018f,mean_shift,positive,0.5,global_E_all,955,628,0.6575916230366492,0.6554973821989529,0.0020942408376962707,0.09637091697750964,0.4616129947404929,False
DoS,018f,mean_shift,positive,0.75,pird,955,0,0.0,0.5853403141361256,-0.5853403141361256,-28.112205124821045,1.0,False
DoS,018f,mean_shift,positive,0.75,global,955,628,0.6575916230366492,0.6554973821989529,0.0020942408376962707,0.09637091697750964,0.4616129947404929,False
DoS,018f,mean_shift,positive,0.75,or,955,628,0.6575916230366492,0.8230366492146597,-0.1654450261780105,-8.245333524787338,1.0,False
DoS,018f,mean_shift,positive,0.75,max,955,611,0.6397905759162303,0.8073298429319372,-0.16753926701570687,-8.185885836114274,0.9999999999999999,False
DoS,018f,mean_shift,positive,0.75,weighted_0.25,955,636,0.6659685863874345,0.7183246073298429,-0.05235602094240843,-2.478462186594345,0.9934024951675845,False
DoS,018f,mean_shift,positive,0.75,weighted_0.5,955,590,0.6178010471204188,0.7581151832460733,-0.14031413612565447,-6.617602388718662,0.9999999999817464,False
DoS,018f,mean_shift,positive,0.75,weighted_0.75,955,302,0.3162303664921466,0.787434554973822,-0.4712041884816754,-20.704846238318176,1.0,False
DoS,018f,mean_shift,positive,1.0,pird,955,0,0.0,0.5853403141361256,-0.5853403141361256,-28.112205124821045,1.0,False
DoS,018f,mean_shift,positive,1.0,global,955,628,0.6575916230366492,0.6554973821989529,0.0020942408376962707,0.09637091697750964,0.4616129947404929,False
DoS,018f,mean_shift,positive,1.0,or,955,628,0.6575916230366492,0.8230366492146597,-0.1654450261780105,-8.245333524787338,1.0,False
DoS,018f,mean_shift,positive,1.0,max,955,611,0.6397905759162303,0.8073298429319372,-0.16753926701570687,-8.185885836114274,0.9999999999999999,False
DoS,018f,mean_shift,positive,1.0,weighted_0.25,955,644,0.6743455497382199,0.7183246073298429,-0.043979057591623016,-2.0899031316830228,0.9816867488894931,False
DoS,018f,mean_shift,positive,1.0,weighted_0.5,955,609,0.6376963350785341,0.7581151832460733,-0.12041884816753923,-5.730751050598634,0.999999995000654,False
DoS,018f,mean_shift,positive,1.0,weighted_0.75,955,357,0.3738219895287958,0.787434554973822,-0.41361256544502617,-18.31604695161048,1.0,False
DoS,018f,mean_shift,positive,1.0,global_A_bus,955,649,0.6795811518324607,0.6795811518324607,0.0,0.0,0.5,False
DoS,018f,mean_shift,positive,1.0,global_B_id_population,955,560,0.5863874345549738,0.5863874345549738,0.0,0.0,0.5,False
DoS,018f,mean_shift,positive,1.0,global_C_cross_id,955,461,0.4827225130890052,0.4806282722513089,0.002094240837696326,0.09158728147161313,0.46351297844528905,False
DoS,018f,mean_shift,positive,1.0,global_D_bus_idpop,955,645,0.675392670157068,0.675392670157068,0.0,0.0,0.5,False
DoS,018f,mean_shift,positive,1.0,global_E_all,955,628,0.6575916230366492,0.6554973821989529,0.0020942408376962707,0.09637091697750964,0.4616129947404929,False
DoS,018f,mean_shift,positive,1.5,pird,955,0,0.0,0.5853403141361256,-0.5853403141361256,-28.112205124821045,1.0,False
DoS,018f,mean_shift,positive,1.5,global,955,628,0.6575916230366492,0.6554973821989529,0.0020942408376962707,0.09637091697750964,0.4616129947404929,False
DoS,018f,mean_shift,positive,1.5,or,955,628,0.6575916230366492,0.8230366492146597,-0.1654450261780105,-8.245333524787338,1.0,False
DoS,018f,mean_shift,positive,1.5,max,955,611,0.6397905759162303,0.8073298429319372,-0.16753926701570687,-8.185885836114274,0.9999999999999999,False
DoS,018f,mean_shift,positive,1.5,weighted_0.25,955,666,0.6973821989528796,0.7183246073298429,-0.020942408376963373,-1.0063318867559963,0.8428720266861269,False
DoS,018f,mean_shift,positive,1.5,weighted_0.5,955,677,0.7089005235602094,0.7581151832460733,-0.049214659685863915,-2.4324088941423554,0.9925006178510558,False
DoS,018f,mean_shift,positive,1.5,weighted_0.75,955,563,0.5895287958115183,0.787434554973822,-0.19790575916230368,-9.338070072171236,1.0,False
DoS,018f,mean_shift,positive,1.5,global_A_bus,955,649,0.6795811518324607,0.6795811518324607,0.0,0.0,0.5,False
DoS,018f,mean_shift,positive,1.5,global_B_id_population,955,560,0.5863874345549738,0.5863874345549738,0.0,0.0,0.5,False
DoS,018f,mean_shift,positive,1.5,global_C_cross_id,955,460,0.4816753926701571,0.4806282722513089,0.0010471204188481908,0.045795425726252975,0.4817366523645776,False
DoS,018f,mean_shift,positive,1.5,global_D_bus_idpop,955,645,0.675392670157068,0.675392670157068,0.0,0.0,0.5,False
DoS,018f,mean_shift,positive,1.5,global_E_all,955,628,0.6575916230366492,0.6554973821989529,0.0020942408376962707,0.09637091697750964,0.4616129947404929,False
DoS,018f,mean_shift,positive,2.0,pird,955,0,0.0,0.5853403141361256,-0.5853403141361256,-28.112205124821045,1.0,False
DoS,018f,mean_shift,positive,2.0,global,955,628,0.6575916230366492,0.6554973821989529,0.0020942408376962707,0.09637091697750964,0.4616129947404929,False
DoS,018f,mean_shift,positive,2.0,or,955,628,0.6575916230366492,0.8230366492146597,-0.1654450261780105,-8.245333524787338,1.0,False
DoS,018f,mean_shift,positive,2.0,max,955,611,0.6397905759162303,0.8073298429319372,-0.16753926701570687,-8.185885836114274,0.9999999999999999,False
DoS,018f,mean_shift,positive,2.0,weighted_0.25,955,680,0.7120418848167539,0.7183246073298429,-0.006282722513089034,-0.3041887403707178,0.6195079487329815,False
DoS,018f,mean_shift,positive,2.0,weighted_0.5,955,721,0.7549738219895288,0.7581151832460733,-0.003141361256544517,-0.15994753018443203,0.5635387966044043,False
DoS,018f,mean_shift,positive,2.0,weighted_0.75,955,719,0.7528795811518325,0.787434554973822,-0.034554973821989465,-1.7947006785679749,0.9636492988057027,False
DoS,018f,mean_shift,positive,3.0,pird,955,955,1.0,0.5853403141361256,0.41465968586387436,22.351225441389925,5.8737572230771745e-111,True
DoS,018f,mean_shift,positive,3.0,global,955,627,0.6565445026178011,0.6554973821989529,0.0010471204188481353,0.04816798326884608,0.4807911831036315,False
DoS,018f,mean_shift,positive,3.0,or,955,955,1.0,0.8230366492146597,0.1769633507853403,13.616348250901686,1.6009090806140053e-42,True
DoS,018f,mean_shift,positive,3.0,max,955,955,1.0,0.8073298429319372,0.1926701570680628,14.269383149978154,1.6978444341384066e-46,True
DoS,018f,mean_shift,positive,3.0,weighted_0.25,955,700,0.7329842931937173,0.7183246073298429,0.014659685863874339,0.7179553906343057,0.23639239643999208,False
DoS,018f,mean_shift,positive,3.0,weighted_0.5,955,828,0.8670157068062827,0.7581151832460733,0.1089005235602094,6.097652225876918,5.381880084492207e-10,True
DoS,018f,mean_shift,positive,3.0,weighted_0.75,955,955,1.0,0.787434554973822,0.21256544502617802,15.071203779480406,1.2525337840221934e-51,True
DoS,018f,mean_shift,negative,0.25,pird,955,0,0.0,0.5853403141361256,-0.5853403141361256,-28.112205124821045,1.0,False
DoS,018f,mean_shift,negative,0.25,global,955,626,0.6554973821989529,0.6554973821989529,0.0,0.0,0.5,False
DoS,018f,mean_shift,negative,0.25,or,955,626,0.6554973821989529,0.8230366492146597,-0.16753926701570676,-8.33882090614079,1.0,False
DoS,018f,mean_shift,negative,0.25,max,955,610,0.6387434554973822,0.8073298429319372,-0.168586387434555,-8.232237367702915,0.9999999999999999,False
DoS,018f,mean_shift,negative,0.25,weighted_0.25,955,601,0.6293193717277487,0.7183246073298429,-0.08900523560209428,-4.148607160029105,0.9999832747870843,False
DoS,018f,mean_shift,negative,0.25,weighted_0.5,955,466,0.48795811518324606,0.7581151832460733,-0.27015706806282724,-12.18138475107742,1.0,False
DoS,018f,mean_shift,negative,0.25,weighted_0.75,955,174,0.18219895287958116,0.787434554973822,-0.6052356020942409,-26.46314640427335,1.0,False
DoS,018f,mean_shift,negative,0.5,pird,955,0,0.0,0.5853403141361256,-0.5853403141361256,-28.112205124821045,1.0,False
DoS,018f,mean_shift,negative,0.5,global,955,626,0.6554973821989529,0.6554973821989529,0.0,0.0,0.5,False
DoS,018f,mean_shift,negative,0.5,or,955,626,0.6554973821989529,0.8230366492146597,-0.16753926701570676,-8.33882090614079,1.0,False
DoS,018f,mean_shift,negative,0.5,max,955,609,0.6376963350785341,0.8073298429319372,-0.16963350785340314,-8.278548933021009,1.0,False
DoS,018f,mean_shift,negative,0.5,weighted_0.25,955,606,0.6345549738219896,0.7183246073298429,-0.08376963350785338,-3.912741676437789,0.9999543729316894,False
DoS,018f,mean_shift,negative,0.5,weighted_0.5,955,502,0.5256544502617801,0.7581151832460733,-0.23246073298429315,-10.594888049721202,1.0,False
DoS,018f,mean_shift,negative,0.5,weighted_0.75,955,238,0.24921465968586387,0.787434554973822,-0.5382198952879581,-23.537931338204675,1.0,False
DoS,018f,mean_shift,negative,0.5,global_A_bus,955,649,0.6795811518324607,0.6795811518324607,0.0,0.0,0.5,False
DoS,018f,mean_shift,negative,0.5,global_B_id_population,955,560,0.5863874345549738,0.5863874345549738,0.0,0.0,0.5,False
DoS,018f,mean_shift,negative,0.5,global_C_cross_id,955,456,0.4774869109947644,0.4806282722513089,-0.0031413612565444615,-0.137409212589343,0.5546463252359699,False
DoS,018f,mean_shift,negative,0.5,global_D_bus_idpop,955,645,0.675392670157068,0.675392670157068,0.0,0.0,0.5,False
DoS,018f,mean_shift,negative,0.5,global_E_all,955,626,0.6554973821989529,0.6554973821989529,0.0,0.0,0.5,False
DoS,018f,mean_shift,negative,0.75,pird,955,0,0.0,0.5853403141361256,-0.5853403141361256,-28.112205124821045,1.0,False
DoS,018f,mean_shift,negative,0.75,global,955,626,0.6554973821989529,0.6554973821989529,0.0,0.0,0.5,False
DoS,018f,mean_shift,negative,0.75,or,955,626,0.6554973821989529,0.8230366492146597,-0.16753926701570676,-8.33882090614079,1.0,False
DoS,018f,mean_shift,negative,0.75,max,955,609,0.6376963350785341,0.8073298429319372,-0.16963350785340314,-8.278548933021009,1.0,False
DoS,018f,mean_shift,negative,0.75,weighted_0.25,955,624,0.6534031413612565,0.7183246073298429,-0.06492146596858639,-3.056307872532614,0.998879594809899,False
DoS,018f,mean_shift,negative,0.75,weighted_0.5,955,558,0.5842931937172775,0.7581151832460733,-0.1738219895287958,-8.08538933344035,0.9999999999999997,False
DoS,018f,mean_shift,negative,0.75,weighted_0.75,955,279,0.29214659685863875,0.787434554973822,-0.4952879581151832,-21.7147110224903,1.0,False
DoS,018f,mean_shift,negative,1.0,pird,955,0,0.0,0.5853403141361256,-0.5853403141361256,-28.112205124821045,1.0,False
DoS,018f,mean_shift,negative,1.0,global,955,625,0.6544502617801047,0.6554973821989529,-0.0010471204188482464,-0.04813326494685233,0.5191949823367135,False
DoS,018f,mean_shift,negative,1.0,or,955,625,0.6544502617801047,0.8230366492146597,-0.168586387434555,-8.385496460590957,1.0,False
DoS,018f,mean_shift,negative,1.0,max,955,610,0.6387434554973822,0.8073298429319372,-0.168586387434555,-8.232237367702915,0.9999999999999999,False
DoS,018f,mean_shift,negative,1.0,weighted_0.25,955,640,0.6701570680628273,0.7183246073298429,-0.04816753926701567,-2.284527181602405,0.9888297165039008,False
DoS,018f,mean_shift,negative,1.0,weighted_0.5,955,598,0.6261780104712041,0.7581151832460733,-0.13193717277486916,-6.245724710217745,0.9999999997890803,False
DoS,018f,mean_shift,negative,1.0,weighted_0.75,955,326,0.3413612565445026,0.787434554973822,-0.44607329842931936,-19.65872009556148,1.0,False
DoS,018f,mean_shift,negative,1.0,global_A_bus,955,649,0.6795811518324607,0.6795811518324607,0.0,0.0,0.5,False
DoS,018f,mean_shift,negative,1.0,global_B_id_population,955,560,0.5863874345549738,0.5863874345549738,0.0,0.0,0.5,False
DoS,018f,mean_shift,negative,1.0,global_C_cross_id,955,457,0.47853403141361256,0.4806282722513089,-0.002094240837696326,-0.09160216753052002,0.5364929353736253,False
DoS,018f,mean_shift,negative,1.0,global_D_bus_idpop,955,645,0.675392670157068,0.675392670157068,0.0,0.0,0.5,False
DoS,018f,mean_shift,negative,1.0,global_E_all,955,625,0.6544502617801047,0.6554973821989529,-0.0010471204188482464,-0.04813326494685233,0.5191949823367135,False
DoS,018f,mean_shift,negative,1.5,pird,955,0,0.0,0.5853403141361256,-0.5853403141361256,-28.112205124821045,1.0,False
DoS,018f,mean_shift,negative,1.5,global,955,625,0.6544502617801047,0.6554973821989529,-0.0010471204188482464,-0.04813326494685233,0.5191949823367135,False
DoS,018f,mean_shift,negative,1.5,or,955,625,0.6544502617801047,0.8230366492146597,-0.168586387434555,-8.385496460590957,1.0,False
DoS,018f,mean_shift,negative,1.5,max,955,610,0.6387434554973822,0.8073298429319372,-0.168586387434555,-8.232237367702915,0.9999999999999999,False
DoS,018f,mean_shift,negative,1.5,weighted_0.25,955,657,0.6879581151832461,0.7183246073298429,-0.030366492146596813,-1.452396339699932,0.9268042832575605,False
DoS,018f,mean_shift,negative,1.5,weighted_0.5,955,646,0.6764397905759162,0.7581151832460733,-0.08167539267015711,-3.9632742245617374,0.9999630356105047,False
DoS,018f,mean_shift,negative,1.5,weighted_0.75,955,444,0.4649214659685864,0.787434554973822,-0.32251308900523556,-14.566415854648234,1.0,False
DoS,018f,mean_shift,negative,1.5,global_A_bus,955,650,0.680628272251309,0.6795811518324607,0.0010471204188482464,0.0490559288145,0.48043736240225504,False
DoS,018f,mean_shift,negative,1.5,global_B_id_population,955,560,0.5863874345549738,0.5863874345549738,0.0,0.0,0.5,False
DoS,018f,mean_shift,negative,1.5,global_C_cross_id,955,457,0.47853403141361256,0.4806282722513089,-0.002094240837696326,-0.09160216753052002,0.5364929353736253,False
DoS,018f,mean_shift,negative,1.5,global_D_bus_idpop,955,645,0.675392670157068,0.675392670157068,0.0,0.0,0.5,False
DoS,018f,mean_shift,negative,1.5,global_E_all,955,625,0.6544502617801047,0.6554973821989529,-0.0010471204188482464,-0.04813326494685233,0.5191949823367135,False
DoS,018f,mean_shift,negative,2.0,pird,955,0,0.0,0.5853403141361256,-0.5853403141361256,-28.112205124821045,1.0,False
DoS,018f,mean_shift,negative,2.0,global,955,625,0.6544502617801047,0.6554973821989529,-0.0010471204188482464,-0.04813326494685233,0.5191949823367135,False
DoS,018f,mean_shift,negative,2.0,or,955,625,0.6544502617801047,0.8230366492146597,-0.168586387434555,-8.385496460590957,1.0,False
DoS,018f,mean_shift,negative,2.0,max,955,610,0.6387434554973822,0.8073298429319372,-0.168586387434555,-8.232237367702915,0.9999999999999999,False
DoS,018f,mean_shift,negative,2.0,weighted_0.25,955,671,0.7026178010471205,0.7183246073298429,-0.015706806282722474,-0.7567552685301927,0.7754017518702777,False
DoS,018f,mean_shift,negative,2.0,weighted_0.5,955,686,0.7183246073298429,0.7581151832460733,-0.039790575916230364,-1.9779063363004086,0.9760303629907163,False
DoS,018f,mean_shift,negative,2.0,weighted_0.75,955,606,0.6345549738219896,0.787434554973822,-0.15287958115183242,-7.369705197270125,0.9999999999999145,False
DoS,018f,mean_shift,negative,3.0,pird,955,0,0.0,0.5853403141361256,-0.5853403141361256,-28.112205124821045,1.0,False
DoS,018f,mean_shift,negative,3.0,global,955,625,0.6544502617801047,0.6554973821989529,-0.0010471204188482464,-0.04813326494685233,0.5191949823367135,False
DoS,018f,mean_shift,negative,3.0,or,955,625,0.6544502617801047,0.8230366492146597,-0.168586387434555,-8.385496460590957,1.0,False
DoS,018f,mean_shift,negative,3.0,max,955,610,0.6387434554973822,0.8073298429319372,-0.168586387434555,-8.232237367702915,0.9999999999999999,False
DoS,018f,mean_shift,negative,3.0,weighted_0.25,955,681,0.7130890052356021,0.7183246073298429,-0.005235602094240788,-0.25363110621246415,0.600109718519439,False
DoS,018f,mean_shift,negative,3.0,weighted_0.5,955,735,0.7696335078534031,0.7581151832460733,0.011518324607329822,0.5926433995530116,0.2767099139886473,False
DoS,018f,mean_shift,negative,3.0,weighted_0.75,955,757,0.7926701570680629,0.787434554973822,0.005235602094240899,0.28091173478338793,0.3893890499319035,False
Fuzzy,02c0,additive,positive,0.25,pird,931,87,0.09344790547798067,0.06659505907626208,0.02685284640171859,2.1352957285932566,0.016368430807030064,True
Fuzzy,02c0,additive,positive,0.25,global,931,280,0.3007518796992481,0.3007518796992481,0.0,0.0,0.5,False
Fuzzy,02c0,additive,positive,0.25,or,931,281,0.30182599355531686,0.30182599355531686,0.0,0.0,0.5,False
Fuzzy,02c0,additive,positive,0.25,max,931,262,0.2814178302900107,0.2814178302900107,0.0,0.0,0.5,False
Fuzzy,02c0,additive,positive,0.25,weighted_0.25,931,274,0.29430719656283566,0.2857142857142857,0.008592910848549962,0.4085706992054498,0.3414273685515065,False
Fuzzy,02c0,additive,positive,0.25,weighted_0.5,931,279,0.2996777658431794,0.2771213748657358,0.022556390977443608,1.0742714922023087,0.14135050907217478,False
Fuzzy,02c0,additive,positive,0.25,weighted_0.75,931,280,0.3007518796992481,0.24704618689581095,0.05370569280343715,2.598282742572337,0.004684565617161513,True
Fuzzy,02c0,additive,positive,0.5,pird,931,147,0.15789473684210525,0.06659505907626208,0.09129967776584318,6.240209843088005,2.184921360289541e-10,True
Fuzzy,02c0,additive,positive,0.5,global,931,280,0.3007518796992481,0.3007518796992481,0.0,0.0,0.5,False
Fuzzy,02c0,additive,positive,0.5,or,931,281,0.30182599355531686,0.30182599355531686,0.0,0.0,0.5,False
Fuzzy,02c0,additive,positive,0.5,max,931,262,0.2814178302900107,0.2814178302900107,0.0,0.0,0.5,False
Fuzzy,02c0,additive,positive,0.5,weighted_0.25,931,276,0.2964554242749731,0.2857142857142857,0.010741138560687424,0.5101562709366863,0.30497099263906013,False
Fuzzy,02c0,additive,positive,0.5,weighted_0.5,931,285,0.30612244897959184,0.2771213748657358,0.02900107411385605,1.3766745691585216,0.0843064423285572,False
Fuzzy,02c0,additive,positive,0.5,weighted_0.75,931,297,0.31901181525241673,0.24704618689581095,0.07196562835660578,3.44682076440657,0.0002836123813875767,True
Fuzzy,02c0,additive,positive,0.5,global_A_bus,931,274,0.29430719656283566,0.29430719656283566,0.0,0.0,0.5,False
Fuzzy,02c0,additive,positive,0.5,global_B_id_population,931,244,0.2620837808807734,0.2620837808807734,0.0,0.0,0.5,False
Fuzzy,02c0,additive,positive,0.5,global_C_cross_id,931,281,0.30182599355531686,0.30182599355531686,0.0,0.0,0.5,False
Fuzzy,02c0,additive,positive,0.5,global_D_bus_idpop,931,271,0.29108485499462944,0.29108485499462944,0.0,0.0,0.5,False
Fuzzy,02c0,additive,positive,0.5,global_E_all,931,280,0.3007518796992481,0.3007518796992481,0.0,0.0,0.5,False
Fuzzy,02c0,additive,positive,0.75,pird,931,931,1.0,0.06659505907626208,0.9334049409237379,40.36687244183212,0.0,True
Fuzzy,02c0,additive,positive,0.75,global,931,280,0.3007518796992481,0.3007518796992481,0.0,0.0,0.5,False
Fuzzy,02c0,additive,positive,0.75,or,931,931,1.0,0.30182599355531686,0.6981740064446831,31.600591129533854,1.811838775331741e-219,True
Fuzzy,02c0,additive,positive,0.75,max,931,262,0.2814178302900107,0.2814178302900107,0.0,0.0,0.5,False
Fuzzy,02c0,additive,positive,0.75,weighted_0.25,931,280,0.3007518796992481,0.2857142857142857,0.015037593984962405,0.7126784191955898,0.23802238680698717,False
Fuzzy,02c0,additive,positive,0.75,weighted_0.5,931,294,0.3157894736842105,0.2771213748657358,0.038668098818474717,1.8267838033154746,0.03386614103816127,True
Fuzzy,02c0,additive,positive,0.75,weighted_0.75,931,606,0.6509129967776585,0.24704618689581095,0.40386680988184753,17.51865920002379,5.161483397598776e-69,True
Fuzzy,02c0,additive,positive,1.0,pird,931,931,1.0,0.06659505907626208,0.9334049409237379,40.36687244183212,0.0,True
Fuzzy,02c0,additive,positive,1.0,global,931,280,0.3007518796992481,0.3007518796992481,0.0,0.0,0.5,False
Fuzzy,02c0,additive,positive,1.0,or,931,931,1.0,0.30182599355531686,0.6981740064446831,31.600591129533854,1.811838775331741e-219,True
Fuzzy,02c0,additive,positive,1.0,max,931,265,0.284640171858217,0.2814178302900107,0.0032223415682062773,0.15433525810775917,0.4386726991979453,False
Fuzzy,02c0,additive,positive,1.0,weighted_0.25,931,281,0.30182599355531686,0.2857142857142857,0.016111707841031164,0.7631757423420479,0.22267929676254283,False
Fuzzy,02c0,additive,positive,1.0,weighted_0.5,931,317,0.34049409237379163,0.2771213748657358,0.06337271750805584,2.959502111541393,0.001540682951231329,True
Fuzzy,02c0,additive,positive,1.0,weighted_0.75,931,931,1.0,0.24704618689581095,0.7529538131041891,33.52993700083451,8.827886287964861e-247,True
Fuzzy,02c0,additive,positive,1.0,global_A_bus,931,274,0.29430719656283566,0.29430719656283566,0.0,0.0,0.5,False
Fuzzy,02c0,additive,positive,1.0,global_B_id_population,931,244,0.2620837808807734,0.2620837808807734,0.0,0.0,0.5,False
Fuzzy,02c0,additive,positive,1.0,global_C_cross_id,931,280,0.3007518796992481,0.30182599355531686,-0.001074113856068759,-0.05050911504240289,0.5201416570379529,False
Fuzzy,02c0,additive,positive,1.0,global_D_bus_idpop,931,271,0.29108485499462944,0.29108485499462944,0.0,0.0,0.5,False
Fuzzy,02c0,additive,positive,1.0,global_E_all,931,280,0.3007518796992481,0.3007518796992481,0.0,0.0,0.5,False
Fuzzy,02c0,additive,positive,1.5,pird,931,931,1.0,0.06659505907626208,0.9334049409237379,40.36687244183212,0.0,True
Fuzzy,02c0,additive,positive,1.5,global,931,280,0.3007518796992481,0.3007518796992481,0.0,0.0,0.5,False
Fuzzy,02c0,additive,positive,1.5,or,931,931,1.0,0.30182599355531686,0.6981740064446831,31.600591129533854,1.811838775331741e-219,True
Fuzzy,02c0,additive,positive,1.5,max,931,265,0.284640171858217,0.2814178302900107,0.0032223415682062773,0.15433525810775917,0.4386726991979453,False
Fuzzy,02c0,additive,positive,1.5,weighted_0.25,931,289,0.3104189044038668,0.2857142857142857,0.024704618689581126,1.1652883080971388,0.12195115509226113,False
Fuzzy,02c0,additive,positive,1.5,weighted_0.5,931,438,0.47046186895810954,0.2771213748657358,0.19334049409237375,8.622008534588739,3.2894900203413073e-18,True
Fuzzy,02c0,additive,positive,1.5,weighted_0.75,931,931,1.0,0.24704618689581095,0.7529538131041891,33.52993700083451,8.827886287964861e-247,True
Fuzzy,02c0,additive,positive,1.5,global_A_bus,931,274,0.29430719656283566,0.29430719656283566,0.0,0.0,0.5,False
Fuzzy,02c0,additive,positive,1.5,global_B_id_population,931,244,0.2620837808807734,0.2620837808807734,0.0,0.0,0.5,False
Fuzzy,02c0,additive,positive,1.5,global_C_cross_id,931,279,0.2996777658431794,0.30182599355531686,-0.0021482277121374627,-0.10106954914038467,0.5402523747484247,False
Fuzzy,02c0,additive,positive,1.5,global_D_bus_idpop,931,271,0.29108485499462944,0.29108485499462944,0.0,0.0,0.5,False
Fuzzy,02c0,additive,positive,1.5,global_E_all,931,280,0.3007518796992481,0.3007518796992481,0.0,0.0,0.5,False
Fuzzy,02c0,additive,positive,2.0,pird,931,931,1.0,0.06659505907626208,0.9334049409237379,40.36687244183212,0.0,True
Fuzzy,02c0,additive,positive,2.0,global,931,280,0.3007518796992481,0.3007518796992481,0.0,0.0,0.5,False
Fuzzy,02c0,additive,positive,2.0,or,931,931,1.0,0.30182599355531686,0.6981740064446831,31.600591129533854,1.811838775331741e-219,True
Fuzzy,02c0,additive,positive,2.0,max,931,931,1.0,0.2814178302900107,0.7185821697099892,32.31340139124818,2.2674493138141965e-229,True
Fuzzy,02c0,additive,positive,2.0,weighted_0.25,931,292,0.31364124597207305,0.2857142857142857,0.027926960257787348,1.3152469129504323,0.09421346663025874,False
Fuzzy,02c0,additive,positive,2.0,weighted_0.5,931,774,0.8313641245972073,0.2771213748657358,0.5542427497314715,24.058062296157253,3.4369420420139336e-128,True
Fuzzy,02c0,additive,positive,2.0,weighted_0.75,931,931,1.0,0.24704618689581095,0.7529538131041891,33.52993700083451,8.827886287964861e-247,True
Fuzzy,02c0,additive,positive,3.0,pird,931,931,1.0,0.06659505907626208,0.9334049409237379,40.36687244183212,0.0,True
Fuzzy,02c0,additive,positive,3.0,global,931,280,0.3007518796992481,0.3007518796992481,0.0,0.0,0.5,False
Fuzzy,02c0,additive,positive,3.0,or,931,931,1.0,0.30182599355531686,0.6981740064446831,31.600591129533854,1.811838775331741e-219,True
Fuzzy,02c0,additive,positive,3.0,max,931,931,1.0,0.2814178302900107,0.7185821697099892,32.31340139124818,2.2674493138141965e-229,True
Fuzzy,02c0,additive,positive,3.0,weighted_0.25,931,323,0.3469387755102041,0.2857142857142857,0.06122448979591838,2.840487253664099,0.002252233652702364,True
Fuzzy,02c0,additive,positive,3.0,weighted_0.5,931,931,1.0,0.2771213748657358,0.7228786251342643,32.46432991097375,1.7002429146029197e-231,True
Fuzzy,02c0,additive,positive,3.0,weighted_0.75,931,931,1.0,0.24704618689581095,0.7529538131041891,33.52993700083451,8.827886287964861e-247,True
Fuzzy,02c0,additive,negative,0.25,pird,931,54,0.05800214822771214,0.06659505907626208,-0.00859291084854994,-0.7670588959421418,0.7784767503882711,False
Fuzzy,02c0,additive,negative,0.25,global,931,280,0.3007518796992481,0.3007518796992481,0.0,0.0,0.5,False
Fuzzy,02c0,additive,negative,0.25,or,931,281,0.30182599355531686,0.30182599355531686,0.0,0.0,0.5,False
Fuzzy,02c0,additive,negative,0.25,max,931,262,0.2814178302900107,0.2814178302900107,0.0,0.0,0.5,False
Fuzzy,02c0,additive,negative,0.25,weighted_0.25,931,274,0.29430719656283566,0.2857142857142857,0.008592910848549962,0.4085706992054498,0.3414273685515065,False
Fuzzy,02c0,additive,negative,0.25,weighted_0.5,931,278,0.29860365198711064,0.2771213748657358,0.02148227712137485,1.0236834383269826,0.15299241021179644,False
Fuzzy,02c0,additive,negative,0.25,weighted_0.75,931,280,0.3007518796992481,0.24704618689581095,0.05370569280343715,2.598282742572337,0.004684565617161513,True
Fuzzy,02c0,additive,negative,0.5,pird,931,34,0.036519871106337275,0.06659505907626208,-0.030075187969924803,-2.9343837132385118,0.9983289462015059,False
Fuzzy,02c0,additive,negative,0.5,global,931,280,0.3007518796992481,0.3007518796992481,0.0,0.0,0.5,False
Fuzzy,02c0,additive,negative,0.5,or,931,281,0.30182599355531686,0.30182599355531686,0.0,0.0,0.5,False
Fuzzy,02c0,additive,negative,0.5,max,931,262,0.2814178302900107,0.2814178302900107,0.0,0.0,0.5,False
Fuzzy,02c0,additive,negative,0.5,weighted_0.25,931,274,0.29430719656283566,0.2857142857142857,0.008592910848549962,0.4085706992054498,0.3414273685515065,False
Fuzzy,02c0,additive,negative,0.5,weighted_0.5,931,279,0.2996777658431794,0.2771213748657358,0.022556390977443608,1.0742714922023087,0.14135050907217478,False
Fuzzy,02c0,additive,negative,0.5,weighted_0.75,931,291,0.3125671321160043,0.24704618689581095,0.06552094522019333,3.1490997885271406,0.000818871305795384,True
Fuzzy,02c0,additive,negative,0.5,global_A_bus,931,274,0.29430719656283566,0.29430719656283566,0.0,0.0,0.5,False
Fuzzy,02c0,additive,negative,0.5,global_B_id_population,931,244,0.2620837808807734,0.2620837808807734,0.0,0.0,0.5,False
Fuzzy,02c0,additive,negative,0.5,global_C_cross_id,931,280,0.3007518796992481,0.30182599355531686,-0.001074113856068759,-0.05050911504240289,0.5201416570379529,False
Fuzzy,02c0,additive,negative,0.5,global_D_bus_idpop,931,271,0.29108485499462944,0.29108485499462944,0.0,0.0,0.5,False
Fuzzy,02c0,additive,negative,0.5,global_E_all,931,280,0.3007518796992481,0.3007518796992481,0.0,0.0,0.5,False
Fuzzy,02c0,additive,negative,0.75,pird,931,32,0.034371643394199784,0.06659505907626208,-0.032223415682062294,-3.1754555356455607,0.9992519927659267,False
Fuzzy,02c0,additive,negative,0.75,global,931,280,0.3007518796992481,0.3007518796992481,0.0,0.0,0.5,False
Fuzzy,02c0,additive,negative,0.75,or,931,281,0.30182599355531686,0.30182599355531686,0.0,0.0,0.5,False
Fuzzy,02c0,additive,negative,0.75,max,931,262,0.2814178302900107,0.2814178302900107,0.0,0.0,0.5,False
Fuzzy,02c0,additive,negative,0.75,weighted_0.25,931,276,0.2964554242749731,0.2857142857142857,0.010741138560687424,0.5101562709366863,0.30497099263906013,False
Fuzzy,02c0,additive,negative,0.75,weighted_0.5,931,283,0.3039742212674543,0.2771213748657358,0.026852846401718533,1.27608559335195,0.1009626318630286,False
Fuzzy,02c0,additive,negative,0.75,weighted_0.75,931,297,0.31901181525241673,0.24704618689581095,0.07196562835660578,3.44682076440657,0.0002836123813875767,True
Fuzzy,02c0,additive,negative,1.0,pird,931,29,0.031149301825993556,0.06659505907626208,-0.03544575725026852,-3.547103015043558,0.9998052538695444,False
Fuzzy,02c0,additive,negative,1.0,global,931,280,0.3007518796992481,0.3007518796992481,0.0,0.0,0.5,False
Fuzzy,02c0,additive,negative,1.0,or,931,281,0.30182599355531686,0.30182599355531686,0.0,0.0,0.5,False
Fuzzy,02c0,additive,negative,1.0,max,931,262,0.2814178302900107,0.2814178302900107,0.0,0.0,0.5,False
Fuzzy,02c0,additive,negative,1.0,weighted_0.25,931,277,0.2975295381310419,0.2857142857142857,0.011815252416756183,0.5608674170645835,0.28744396178759546,False
Fuzzy,02c0,additive,negative,1.0,weighted_0.5,931,287,0.3082706766917293,0.2771213748657358,0.031149301825993514,1.477055103692078,0.0698304334755117,False
Fuzzy,02c0,additive,negative,1.0,weighted_0.75,931,318,0.34156820622986034,0.24704618689581095,0.09452201933404938,4.474912508669684,3.822130407010788e-06,True
Fuzzy,02c0,additive,negative,1.0,global_A_bus,931,274,0.29430719656283566,0.29430719656283566,0.0,0.0,0.5,False
Fuzzy,02c0,additive,negative,1.0,global_B_id_population,931,244,0.2620837808807734,0.2620837808807734,0.0,0.0,0.5,False
Fuzzy,02c0,additive,negative,1.0,global_C_cross_id,931,280,0.3007518796992481,0.30182599355531686,-0.001074113856068759,-0.05050911504240289,0.5201416570379529,False
Fuzzy,02c0,additive,negative,1.0,global_D_bus_idpop,931,271,0.29108485499462944,0.29108485499462944,0.0,0.0,0.5,False
Fuzzy,02c0,additive,negative,1.0,global_E_all,931,280,0.3007518796992481,0.3007518796992481,0.0,0.0,0.5,False
Fuzzy,02c0,additive,negative,1.5,pird,931,27,0.02900107411385607,0.06659505907626208,-0.03759398496240601,-3.8019684756139025,0.9999282245020574,False
Fuzzy,02c0,additive,negative,1.5,global,931,280,0.3007518796992481,0.3007518796992481,0.0,0.0,0.5,False
Fuzzy,02c0,additive,negative,1.5,or,931,281,0.30182599355531686,0.30182599355531686,0.0,0.0,0.5,False
Fuzzy,02c0,additive,negative,1.5,max,931,262,0.2814178302900107,0.2814178302900107,0.0,0.0,0.5,False
Fuzzy,02c0,additive,negative,1.5,weighted_0.25,931,279,0.2996777658431794,0.2857142857142857,0.013963480128893702,0.6621281499309343,0.25394454823570833,False
Fuzzy,02c0,additive,negative,1.5,weighted_0.5,931,290,0.31149301825993553,0.2771213748657358,0.034371643394199736,1.6272409122435196,0.051842970866926096,False
Fuzzy,02c0,additive,negative,1.5,weighted_0.75,931,386,0.4146079484425349,0.24704618689581095,0.16756176154672395,7.683605512193292,7.733623064900486e-15,True
Fuzzy,02c0,additive,negative,1.5,global_A_bus,931,274,0.29430719656283566,0.29430719656283566,0.0,0.0,0.5,False
Fuzzy,02c0,additive,negative,1.5,global_B_id_population,931,244,0.2620837808807734,0.2620837808807734,0.0,0.0,0.5,False
Fuzzy,02c0,additive,negative,1.5,global_C_cross_id,931,280,0.3007518796992481,0.30182599355531686,-0.001074113856068759,-0.05050911504240289,0.5201416570379529,False
Fuzzy,02c0,additive,negative,1.5,global_D_bus_idpop,931,271,0.29108485499462944,0.29108485499462944,0.0,0.0,0.5,False
Fuzzy,02c0,additive,negative,1.5,global_E_all,931,280,0.3007518796992481,0.3007518796992481,0.0,0.0,0.5,False
Fuzzy,02c0,additive,negative,2.0,pird,931,931,1.0,0.06659505907626208,0.9334049409237379,40.36687244183212,0.0,True
Fuzzy,02c0,additive,negative,2.0,global,931,279,0.2996777658431794,0.3007518796992481,-0.0010741138560687036,-0.0505605426594501,0.5201621475080969,False
Fuzzy,02c0,additive,negative,2.0,or,931,931,1.0,0.30182599355531686,0.6981740064446831,31.600591129533854,1.811838775331741e-219,True
Fuzzy,02c0,additive,negative,2.0,max,931,262,0.2814178302900107,0.2814178302900107,0.0,0.0,0.5,False
Fuzzy,02c0,additive,negative,2.0,weighted_0.25,931,279,0.2996777658431794,0.2857142857142857,0.013963480128893702,0.6621281499309343,0.25394454823570833,False
Fuzzy,02c0,additive,negative,2.0,weighted_0.5,931,296,0.317937701396348,0.2771213748657358,0.040816326530612235,1.9262589987107244,0.027036021134985815,True
Fuzzy,02c0,additive,negative,2.0,weighted_0.75,931,793,0.8517722878625135,0.24704618689581095,0.6047261009667025,26.22282253860665,7.298767717949899e-152,True
Fuzzy,02c0,additive,negative,3.0,pird,931,931,1.0,0.06659505907626208,0.9334049409237379,40.36687244183212,0.0,True
Fuzzy,02c0,additive,negative,3.0,global,931,279,0.2996777658431794,0.3007518796992481,-0.0010741138560687036,-0.0505605426594501,0.5201621475080969,False
Fuzzy,02c0,additive,negative,3.0,or,931,931,1.0,0.30182599355531686,0.6981740064446831,31.600591129533854,1.811838775331741e-219,True
Fuzzy,02c0,additive,negative,3.0,max,931,262,0.2814178302900107,0.2814178302900107,0.0,0.0,0.5,False
Fuzzy,02c0,additive,negative,3.0,weighted_0.25,931,289,0.3104189044038668,0.2857142857142857,0.024704618689581126,1.1652883080971388,0.12195115509226113,False
Fuzzy,02c0,additive,negative,3.0,weighted_0.5,931,442,0.4747583243823845,0.2771213748657358,0.19763694951664873,8.803504231099565,6.630458627899114e-19,True
Fuzzy,02c0,additive,negative,3.0,weighted_0.75,931,931,1.0,0.24704618689581095,0.7529538131041891,33.52993700083451,8.827886287964861e-247,True
Fuzzy,02c0,mean_shift,positive,0.25,pird,931,0,0.0,0.06659505907626208,-0.06659505907626208,-8.008467740807573,0.9999999999999994,False
Fuzzy,02c0,mean_shift,positive,0.25,global,931,280,0.3007518796992481,0.3007518796992481,0.0,0.0,0.5,False
Fuzzy,02c0,mean_shift,positive,0.25,or,931,280,0.3007518796992481,0.30182599355531686,-0.001074113856068759,-0.05050911504240289,0.5201416570379529,False
Fuzzy,02c0,mean_shift,positive,0.25,max,931,262,0.2814178302900107,0.2814178302900107,0.0,0.0,0.5,False
Fuzzy,02c0,mean_shift,positive,0.25,weighted_0.25,931,278,0.29860365198711064,0.2857142857142857,0.012889366272824943,0.6115245960044,0.27042617013898884,False
Fuzzy,02c0,mean_shift,positive,0.25,weighted_0.5,931,289,0.3104189044038668,0.2771213748657358,0.03329752953813103,1.577229867506897,0.05737132146005669,False
Fuzzy,02c0,mean_shift,positive,0.25,weighted_0.75,931,382,0.4103114930182599,0.24704618689581095,0.16326530612244897,7.49898886430218,3.2155995204056405e-14,True
Fuzzy,02c0,mean_shift,positive,0.5,pird,931,931,1.0,0.06659505907626208,0.9334049409237379,40.36687244183212,0.0,True
Fuzzy,02c0,mean_shift,positive,0.5,global,931,280,0.3007518796992481,0.3007518796992481,0.0,0.0,0.5,False
Fuzzy,02c0,mean_shift,positive,0.5,or,931,931,1.0,0.30182599355531686,0.6981740064446831,31.600591129533854,1.811838775331741e-219,True
Fuzzy,02c0,mean_shift,positive,0.5,max,931,262,0.2814178302900107,0.2814178302900107,0.0,0.0,0.5,False
Fuzzy,02c0,mean_shift,positive,0.5,weighted_0.25,931,280,0.3007518796992481,0.2857142857142857,0.015037593984962405,0.7126784191955898,0.23802238680698717,False
Fuzzy,02c0,mean_shift,positive,0.5,weighted_0.5,931,295,0.31686358754027927,0.2771213748657358,0.039742212674543476,1.8765458214124566,0.030290184456813096,True
Fuzzy,02c0,mean_shift,positive,0.5,weighted_0.75,931,792,0.8506981740064447,0.24704618689581095,0.6036519871106337,26.173455478585506,2.665320886010565e-151,True
Fuzzy,02c0,mean_shift,positive,0.5,global_A_bus,931,274,0.29430719656283566,0.29430719656283566,0.0,0.0,0.5,False
Fuzzy,02c0,mean_shift,positive,0.5,global_B_id_population,931,244,0.2620837808807734,0.2620837808807734,0.0,0.0,0.5,False
Fuzzy,02c0,mean_shift,positive,0.5,global_C_cross_id,931,281,0.30182599355531686,0.30182599355531686,0.0,0.0,0.5,False
Fuzzy,02c0,mean_shift,positive,0.5,global_D_bus_idpop,931,271,0.29108485499462944,0.29108485499462944,0.0,0.0,0.5,False
Fuzzy,02c0,mean_shift,positive,0.5,global_E_all,931,280,0.3007518796992481,0.3007518796992481,0.0,0.0,0.5,False
Fuzzy,02c0,mean_shift,positive,0.75,pird,931,931,1.0,0.06659505907626208,0.9334049409237379,40.36687244183212,0.0,True
Fuzzy,02c0,mean_shift,positive,0.75,global,931,280,0.3007518796992481,0.3007518796992481,0.0,0.0,0.5,False
Fuzzy,02c0,mean_shift,positive,0.75,or,931,931,1.0,0.30182599355531686,0.6981740064446831,31.600591129533854,1.811838775331741e-219,True
Fuzzy,02c0,mean_shift,positive,0.75,max,931,262,0.2814178302900107,0.2814178302900107,0.0,0.0,0.5,False
Fuzzy,02c0,mean_shift,positive,0.75,weighted_0.25,931,282,0.3029001074113856,0.2857142857142857,0.017185821697099923,0.8136204561217625,0.20793120769915455,False
Fuzzy,02c0,mean_shift,positive,0.75,weighted_0.5,931,319,0.3426423200859291,0.2771213748657358,0.0655209452201933,3.0568927570154463,0.0011182213754095862,True
Fuzzy,02c0,mean_shift,positive,0.75,weighted_0.75,931,931,1.0,0.24704618689581095,0.7529538131041891,33.52993700083451,8.827886287964861e-247,True
Fuzzy,02c0,mean_shift,positive,1.0,pird,931,931,1.0,0.06659505907626208,0.9334049409237379,40.36687244183212,0.0,True
Fuzzy,02c0,mean_shift,positive,1.0,global,931,280,0.3007518796992481,0.3007518796992481,0.0,0.0,0.5,False
Fuzzy,02c0,mean_shift,positive,1.0,or,931,931,1.0,0.30182599355531686,0.6981740064446831,31.600591129533854,1.811838775331741e-219,True
Fuzzy,02c0,mean_shift,positive,1.0,max,931,262,0.2814178302900107,0.2814178302900107,0.0,0.0,0.5,False
Fuzzy,02c0,mean_shift,positive,1.0,weighted_0.25,931,286,0.3071965628356606,0.2857142857142857,0.021482277121374904,1.0148798907308223,0.15508154251297762,False
Fuzzy,02c0,mean_shift,positive,1.0,weighted_0.5,931,382,0.4103114930182599,0.2771213748657358,0.13319011815252413,6.050425719828483,7.22317808816056e-10,True
Fuzzy,02c0,mean_shift,positive,1.0,weighted_0.75,931,931,1.0,0.24704618689581095,0.7529538131041891,33.52993700083451,8.827886287964861e-247,True
Fuzzy,02c0,mean_shift,positive,1.0,global_A_bus,931,274,0.29430719656283566,0.29430719656283566,0.0,0.0,0.5,False
Fuzzy,02c0,mean_shift,positive,1.0,global_B_id_population,931,244,0.2620837808807734,0.2620837808807734,0.0,0.0,0.5,False
Fuzzy,02c0,mean_shift,positive,1.0,global_C_cross_id,931,280,0.3007518796992481,0.30182599355531686,-0.001074113856068759,-0.05050911504240289,0.5201416570379529,False
Fuzzy,02c0,mean_shift,positive,1.0,global_D_bus_idpop,931,271,0.29108485499462944,0.29108485499462944,0.0,0.0,0.5,False
Fuzzy,02c0,mean_shift,positive,1.0,global_E_all,931,280,0.3007518796992481,0.3007518796992481,0.0,0.0,0.5,False
Fuzzy,02c0,mean_shift,positive,1.5,pird,931,931,1.0,0.06659505907626208,0.9334049409237379,40.36687244183212,0.0,True
Fuzzy,02c0,mean_shift,positive,1.5,global,931,280,0.3007518796992481,0.3007518796992481,0.0,0.0,0.5,False
Fuzzy,02c0,mean_shift,positive,1.5,or,931,931,1.0,0.30182599355531686,0.6981740064446831,31.600591129533854,1.811838775331741e-219,True
Fuzzy,02c0,mean_shift,positive,1.5,max,931,931,1.0,0.2814178302900107,0.7185821697099892,32.31340139124818,2.2674493138141965e-229,True
Fuzzy,02c0,mean_shift,positive,1.5,weighted_0.25,931,291,0.3125671321160043,0.2857142857142857,0.02685284640171859,1.265310154998928,0.10288008384962595,False
Fuzzy,02c0,mean_shift,positive,1.5,weighted_0.5,931,655,0.7035445757250268,0.2771213748657358,0.42642320085929103,18.403984130422163,6.102597506776174e-76,True
Fuzzy,02c0,mean_shift,positive,1.5,weighted_0.75,931,931,1.0,0.24704618689581095,0.7529538131041891,33.52993700083451,8.827886287964861e-247,True
Fuzzy,02c0,mean_shift,positive,1.5,global_A_bus,931,274,0.29430719656283566,0.29430719656283566,0.0,0.0,0.5,False
Fuzzy,02c0,mean_shift,positive,1.5,global_B_id_population,931,244,0.2620837808807734,0.2620837808807734,0.0,0.0,0.5,False
Fuzzy,02c0,mean_shift,positive,1.5,global_C_cross_id,931,279,0.2996777658431794,0.30182599355531686,-0.0021482277121374627,-0.10106954914038467,0.5402523747484247,False
Fuzzy,02c0,mean_shift,positive,1.5,global_D_bus_idpop,931,271,0.29108485499462944,0.29108485499462944,0.0,0.0,0.5,False
Fuzzy,02c0,mean_shift,positive,1.5,global_E_all,931,280,0.3007518796992481,0.3007518796992481,0.0,0.0,0.5,False
Fuzzy,02c0,mean_shift,positive,2.0,pird,931,931,1.0,0.06659505907626208,0.9334049409237379,40.36687244183212,0.0,True
Fuzzy,02c0,mean_shift,positive,2.0,global,931,280,0.3007518796992481,0.3007518796992481,0.0,0.0,0.5,False
Fuzzy,02c0,mean_shift,positive,2.0,or,931,931,1.0,0.30182599355531686,0.6981740064446831,31.600591129533854,1.811838775331741e-219,True
Fuzzy,02c0,mean_shift,positive,2.0,max,931,931,1.0,0.2814178302900107,0.7185821697099892,32.31340139124818,2.2674493138141965e-229,True
Fuzzy,02c0,mean_shift,positive,2.0,weighted_0.25,931,296,0.317937701396348,0.2857142857142857,0.03222341568206233,1.5145069098066806,0.06494866132232106,False
Fuzzy,02c0,mean_shift,positive,2.0,weighted_0.5,931,931,1.0,0.2771213748657358,0.7228786251342643,32.46432991097375,1.7002429146029197e-231,True
Fuzzy,02c0,mean_shift,positive,2.0,weighted_0.75,931,931,1.0,0.24704618689581095,0.7529538131041891,33.52993700083451,8.827886287964861e-247,True
Fuzzy,02c0,mean_shift,positive,3.0,pird,931,931,1.0,0.06659505907626208,0.9334049409237379,40.36687244183212,0.0,True
Fuzzy,02c0,mean_shift,positive,3.0,global,931,280,0.3007518796992481,0.3007518796992481,0.0,0.0,0.5,False
Fuzzy,02c0,mean_shift,positive,3.0,or,931,931,1.0,0.30182599355531686,0.6981740064446831,31.600591129533854,1.811838775331741e-219,True
Fuzzy,02c0,mean_shift,positive,3.0,max,931,931,1.0,0.2814178302900107,0.7185821697099892,32.31340139124818,2.2674493138141965e-229,True
Fuzzy,02c0,mean_shift,positive,3.0,weighted_0.25,931,331,0.35553168635875404,0.2857142857142857,0.06981740064446834,3.227533559068715,0.0006243119689325397,True
Fuzzy,02c0,mean_shift,positive,3.0,weighted_0.5,931,931,1.0,0.2771213748657358,0.7228786251342643,32.46432991097375,1.7002429146029197e-231,True
Fuzzy,02c0,mean_shift,positive,3.0,weighted_0.75,931,931,1.0,0.24704618689581095,0.7529538131041891,33.52993700083451,8.827886287964861e-247,True
Fuzzy,02c0,mean_shift,negative,0.25,pird,931,0,0.0,0.06659505907626208,-0.06659505907626208,-8.008467740807573,0.9999999999999994,False
Fuzzy,02c0,mean_shift,negative,0.25,global,931,280,0.3007518796992481,0.3007518796992481,0.0,0.0,0.5,False
Fuzzy,02c0,mean_shift,negative,0.25,or,931,280,0.3007518796992481,0.30182599355531686,-0.001074113856068759,-0.05050911504240289,0.5201416570379529,False
Fuzzy,02c0,mean_shift,negative,0.25,max,931,262,0.2814178302900107,0.2814178302900107,0.0,0.0,0.5,False
Fuzzy,02c0,mean_shift,negative,0.25,weighted_0.25,931,268,0.2878625134264232,0.2857142857142857,0.002148227712137518,0.10248260777756997,0.45918680857097527,False
Fuzzy,02c0,mean_shift,negative,0.25,weighted_0.5,931,270,0.2900107411385607,0.2771213748657358,0.012889366272824887,0.6169872767843576,0.2686215589343933,False
Fuzzy,02c0,mean_shift,negative,0.25,weighted_0.75,931,235,0.25241675617615467,0.24704618689581095,0.005370569280343712,0.26769185866710654,0.39446825851353845,False
Fuzzy,02c0,mean_shift,negative,0.5,pird,931,0,0.0,0.06659505907626208,-0.06659505907626208,-8.008467740807573,0.9999999999999994,False
Fuzzy,02c0,mean_shift,negative,0.5,global,931,280,0.3007518796992481,0.3007518796992481,0.0,0.0,0.5,False
Fuzzy,02c0,mean_shift,negative,0.5,or,931,280,0.3007518796992481,0.30182599355531686,-0.001074113856068759,-0.05050911504240289,0.5201416570379529,False
Fuzzy,02c0,mean_shift,negative,0.5,max,931,262,0.2814178302900107,0.2814178302900107,0.0,0.0,0.5,False
Fuzzy,02c0,mean_shift,negative,0.5,weighted_0.25,931,271,0.29108485499462944,0.2857142857142857,0.00537056928034374,0.25577892671483654,0.3990607733996585,False
Fuzzy,02c0,mean_shift,negative,0.5,weighted_0.5,931,273,0.2932330827067669,0.2771213748657358,0.01611170784103111,0.7699185955425248,0.22067409123445353,False
Fuzzy,02c0,mean_shift,negative,0.5,weighted_0.75,931,267,0.28678839957035446,0.24704618689581095,0.0397422126745435,1.9384162519717665,0.026286229610444682,True
Fuzzy,02c0,mean_shift,negative,0.5,global_A_bus,931,274,0.29430719656283566,0.29430719656283566,0.0,0.0,0.5,False
Fuzzy,02c0,mean_shift,negative,0.5,global_B_id_population,931,244,0.2620837808807734,0.2620837808807734,0.0,0.0,0.5,False
Fuzzy,02c0,mean_shift,negative,0.5,global_C_cross_id,931,281,0.30182599355531686,0.30182599355531686,0.0,0.0,0.5,False
Fuzzy,02c0,mean_shift,negative,0.5,global_D_bus_idpop,931,271,0.29108485499462944,0.29108485499462944,0.0,0.0,0.5,False
Fuzzy,02c0,mean_shift,negative,0.5,global_E_all,931,280,0.3007518796992481,0.3007518796992481,0.0,0.0,0.5,False
Fuzzy,02c0,mean_shift,negative,0.75,pird,931,0,0.0,0.06659505907626208,-0.06659505907626208,-8.008467740807573,0.9999999999999994,False
Fuzzy,02c0,mean_shift,negative,0.75,global,931,280,0.3007518796992481,0.3007518796992481,0.0,0.0,0.5,False
Fuzzy,02c0,mean_shift,negative,0.75,or,931,280,0.3007518796992481,0.30182599355531686,-0.001074113856068759,-0.05050911504240289,0.5201416570379529,False
Fuzzy,02c0,mean_shift,negative,0.75,max,931,262,0.2814178302900107,0.2814178302900107,0.0,0.0,0.5,False
Fuzzy,02c0,mean_shift,negative,0.75,weighted_0.25,931,273,0.2932330827067669,0.2857142857142857,0.007518796992481203,0.35769557999243984,0.36028557060526056,False
Fuzzy,02c0,mean_shift,negative,0.75,weighted_0.5,931,279,0.2996777658431794,0.2771213748657358,0.022556390977443608,1.0742714922023087,0.14135050907217478,False
Fuzzy,02c0,mean_shift,negative,0.75,weighted_0.75,931,286,0.3071965628356606,0.24704618689581095,0.06015037593984965,2.8995492150118567,0.0018684983672293584,True
Fuzzy,02c0,mean_shift,negative,1.0,pird,931,0,0.0,0.06659505907626208,-0.06659505907626208,-8.008467740807573,0.9999999999999994,False
Fuzzy,02c0,mean_shift,negative,1.0,global,931,280,0.3007518796992481,0.3007518796992481,0.0,0.0,0.5,False
Fuzzy,02c0,mean_shift,negative,1.0,or,931,280,0.3007518796992481,0.30182599355531686,-0.001074113856068759,-0.05050911504240289,0.5201416570379529,False
Fuzzy,02c0,mean_shift,negative,1.0,max,931,262,0.2814178302900107,0.2814178302900107,0.0,0.0,0.5,False
Fuzzy,02c0,mean_shift,negative,1.0,weighted_0.25,931,276,0.2964554242749731,0.2857142857142857,0.010741138560687424,0.5101562709366863,0.30497099263906013,False
Fuzzy,02c0,mean_shift,negative,1.0,weighted_0.5,931,286,0.3071965628356606,0.2771213748657358,0.03007518796992481,1.4268907240102642,0.07680569749170038,False
Fuzzy,02c0,mean_shift,negative,1.0,weighted_0.75,931,306,0.32867883995703545,0.24704618689581095,0.0816326530612245,3.8899970656425378,5.012271707876321e-05,True
Fuzzy,02c0,mean_shift,negative,1.0,global_A_bus,931,274,0.29430719656283566,0.29430719656283566,0.0,0.0,0.5,False
Fuzzy,02c0,mean_shift,negative,1.0,global_B_id_population,931,244,0.2620837808807734,0.2620837808807734,0.0,0.0,0.5,False
Fuzzy,02c0,mean_shift,negative,1.0,global_C_cross_id,931,280,0.3007518796992481,0.30182599355531686,-0.001074113856068759,-0.05050911504240289,0.5201416570379529,False
Fuzzy,02c0,mean_shift,negative,1.0,global_D_bus_idpop,931,271,0.29108485499462944,0.29108485499462944,0.0,0.0,0.5,False
Fuzzy,02c0,mean_shift,negative,1.0,global_E_all,931,280,0.3007518796992481,0.3007518796992481,0.0,0.0,0.5,False
Fuzzy,02c0,mean_shift,negative,1.5,pird,931,0,0.0,0.06659505907626208,-0.06659505907626208,-8.008467740807573,0.9999999999999994,False
Fuzzy,02c0,mean_shift,negative,1.5,global,931,279,0.2996777658431794,0.3007518796992481,-0.0010741138560687036,-0.0505605426594501,0.5201621475080969,False
Fuzzy,02c0,mean_shift,negative,1.5,or,931,279,0.2996777658431794,0.30182599355531686,-0.0021482277121374627,-0.10106954914038467,0.5402523747484247,False
Fuzzy,02c0,mean_shift,negative,1.5,max,931,262,0.2814178302900107,0.2814178302900107,0.0,0.0,0.5,False
Fuzzy,02c0,mean_shift,negative,1.5,weighted_0.25,931,279,0.2996777658431794,0.2857142857142857,0.013963480128893702,0.6621281499309343,0.25394454823570833,False
Fuzzy,02c0,mean_shift,negative,1.5,weighted_0.5,931,289,0.3104189044038668,0.2771213748657358,0.03329752953813103,1.577229867506897,0.05737132146005669,False
Fuzzy,02c0,mean_shift,negative,1.5,weighted_0.75,931,392,0.42105263157894735,0.24704618689581095,0.1740064446831364,7.959738825743488,8.620139860465512e-16,True
Fuzzy,02c0,mean_shift,negative,1.5,global_A_bus,931,274,0.29430719656283566,0.29430719656283566,0.0,0.0,0.5,False
Fuzzy,02c0,mean_shift,negative,1.5,global_B_id_population,931,244,0.2620837808807734,0.2620837808807734,0.0,0.0,0.5,False
Fuzzy,02c0,mean_shift,negative,1.5,global_C_cross_id,931,280,0.3007518796992481,0.30182599355531686,-0.001074113856068759,-0.05050911504240289,0.5201416570379529,False
Fuzzy,02c0,mean_shift,negative,1.5,global_D_bus_idpop,931,271,0.29108485499462944,0.29108485499462944,0.0,0.0,0.5,False
Fuzzy,02c0,mean_shift,negative,1.5,global_E_all,931,279,0.2996777658431794,0.3007518796992481,-0.0010741138560687036,-0.0505605426594501,0.5201621475080969,False
Fuzzy,02c0,mean_shift,negative,2.0,pird,931,931,1.0,0.06659505907626208,0.9334049409237379,40.36687244183212,0.0,True
Fuzzy,02c0,mean_shift,negative,2.0,global,931,279,0.2996777658431794,0.3007518796992481,-0.0010741138560687036,-0.0505605426594501,0.5201621475080969,False
Fuzzy,02c0,mean_shift,negative,2.0,or,931,931,1.0,0.30182599355531686,0.6981740064446831,31.600591129533854,1.811838775331741e-219,True
Fuzzy,02c0,mean_shift,negative,2.0,max,931,262,0.2814178302900107,0.2814178302900107,0.0,0.0,0.5,False
Fuzzy,02c0,mean_shift,negative,2.0,weighted_0.25,931,279,0.2996777658431794,0.2857142857142857,0.013963480128893702,0.6621281499309343,0.25394454823570833,False
Fuzzy,02c0,mean_shift,negative,2.0,weighted_0.5,931,295,0.31686358754027927,0.2771213748657358,0.039742212674543476,1.8765458214124566,0.030290184456813096,True
Fuzzy,02c0,mean_shift,negative,2.0,weighted_0.75,931,839,0.9011815252416756,0.24704618689581095,0.6541353383458647,28.541821430967982,1.774313496487624e-179,True
Fuzzy,02c0,mean_shift,negative,3.0,pird,931,931,1.0,0.06659505907626208,0.9334049409237379,40.36687244183212,0.0,True
Fuzzy,02c0,mean_shift,negative,3.0,global,931,279,0.2996777658431794,0.3007518796992481,-0.0010741138560687036,-0.0505605426594501,0.5201621475080969,False
Fuzzy,02c0,mean_shift,negative,3.0,or,931,931,1.0,0.30182599355531686,0.6981740064446831,31.600591129533854,1.811838775331741e-219,True
Fuzzy,02c0,mean_shift,negative,3.0,max,931,262,0.2814178302900107,0.2814178302900107,0.0,0.0,0.5,False
Fuzzy,02c0,mean_shift,negative,3.0,weighted_0.25,931,289,0.3104189044038668,0.2857142857142857,0.024704618689581126,1.1652883080971388,0.12195115509226113,False
Fuzzy,02c0,mean_shift,negative,3.0,weighted_0.5,931,445,0.47798066595059074,0.2771213748657358,0.20085929108485495,8.939476033126665,1.9550997358199926e-19,True
Fuzzy,02c0,mean_shift,negative,3.0,weighted_0.75,931,931,1.0,0.24704618689581095,0.7529538131041891,33.52993700083451,8.827886287964861e-247,True
Fuzzy,0316,additive,positive,0.25,pird,1027,161,0.15676728334956183,0.11879259980525804,0.03797468354430379,2.4966768151375693,0.006268157640734537,True
Fuzzy,0316,additive,positive,0.25,global,1027,365,0.35540408958130476,0.35540408958130476,0.0,0.0,0.5,False
Fuzzy,0316,additive,positive,0.25,or,1027,365,0.35540408958130476,0.35540408958130476,0.0,0.0,0.5,False
Fuzzy,0316,additive,positive,0.25,max,1027,343,0.3339824732229795,0.3339824732229795,0.0,0.0,0.5,False
Fuzzy,0316,additive,positive,0.25,weighted_0.25,1027,353,0.34371957156767285,0.33982473222979553,0.0038948393378773205,0.18608154749638706,0.426190406074747,False
Fuzzy,0316,additive,positive,0.25,weighted_0.5,1027,366,0.3563777994157741,0.3505355404089581,0.005842259006815953,0.27693900157696005,0.39091347220771855,False
Fuzzy,0316,additive,positive,0.25,weighted_0.75,1027,394,0.38364167478091526,0.3505355404089581,0.03310613437195714,1.5564020264393472,0.0598062618167948,False
Fuzzy,0316,additive,positive,0.5,pird,1027,289,0.28140214216163584,0.11879259980525804,0.1626095423563778,9.21036832564487,1.6250388401423547e-20,True
Fuzzy,0316,additive,positive,0.5,global,1027,365,0.35540408958130476,0.35540408958130476,0.0,0.0,0.5,False
Fuzzy,0316,additive,positive,0.5,or,1027,429,0.4177215189873418,0.35540408958130476,0.06231742940603702,2.899911003309597,0.0018663431244365254,True
Fuzzy,0316,additive,positive,0.5,max,1027,342,0.3330087633885102,0.3339824732229795,-0.0009737098344693162,-0.04680079277659874,0.5186640014084117,False
Fuzzy,0316,additive,positive,0.5,weighted_0.25,1027,359,0.3495618305744888,0.33982473222979553,0.009737098344693274,0.46425977954709036,0.32123081820218236,False
Fuzzy,0316,additive,positive,0.5,weighted_0.5,1027,377,0.3670886075949367,0.3505355404089581,0.0165530671859786,0.7820283720775886,0.21709894987523995,False
Fuzzy,0316,additive,positive,0.5,weighted_0.75,1027,528,0.5141187925998053,0.3505355404089581,0.16358325219084718,7.482620910331415,3.642740603524716e-14,True
Fuzzy,0316,additive,positive,0.5,global_A_bus,1027,356,0.3466407010710808,0.3466407010710808,0.0,0.0,0.5,False
Fuzzy,0316,additive,positive,0.5,global_B_id_population,1027,328,0.3193768257059396,0.3193768257059396,0.0,0.0,0.5,False
Fuzzy,0316,additive,positive,0.5,global_C_cross_id,1027,366,0.3563777994157741,0.35345666991236613,0.0029211295034079487,0.13834063698904198,0.44498560528910913,False
Fuzzy,0316,additive,positive,0.5,global_D_bus_idpop,1027,345,0.3359298928919182,0.33787731256085685,-0.0019474196689386325,-0.09336597015624729,0.5371935878618461,False
Fuzzy,0316,additive,positive,0.5,global_E_all,1027,365,0.35540408958130476,0.35540408958130476,0.0,0.0,0.5,False
Fuzzy,0316,additive,positive,0.75,pird,1027,1027,1.0,0.11879259980525804,0.881207400194742,40.22207716829081,0.0,True
Fuzzy,0316,additive,positive,0.75,global,1027,366,0.3563777994157741,0.35540408958130476,0.0009737098344693162,0.04608521405833481,0.4816211654795562,False
Fuzzy,0316,additive,positive,0.75,or,1027,1027,1.0,0.35540408958130476,0.6445959104186952,31.254287062259397,9.761527657459029e-215,True
Fuzzy,0316,additive,positive,0.75,max,1027,342,0.3330087633885102,0.3339824732229795,-0.0009737098344693162,-0.04680079277659874,0.5186640014084117,False
Fuzzy,0316,additive,positive,0.75,weighted_0.25,1027,366,0.3563777994157741,0.33982473222979553,0.016553067185978543,0.7874188943466772,0.2155183448714782,False
Fuzzy,0316,additive,positive,0.75,weighted_0.5,1027,398,0.3875365141187926,0.3505355404089581,0.03700097370983446,1.7375876160574846,0.04114175174208703,True
Fuzzy,0316,additive,positive,0.75,weighted_0.75,1027,939,0.9143135345666992,0.3505355404089581,0.563777994157741,26.49724565007971,5.213635038181502e-155,True
Fuzzy,0316,additive,positive,1.0,pird,1027,1027,1.0,0.11879259980525804,0.881207400194742,40.22207716829081,0.0,True
Fuzzy,0316,additive,positive,1.0,global,1027,366,0.3563777994157741,0.35540408958130476,0.0009737098344693162,0.04608521405833481,0.4816211654795562,False
Fuzzy,0316,additive,positive,1.0,or,1027,1027,1.0,0.35540408958130476,0.6445959104186952,31.254287062259397,9.761527657459029e-215,True
Fuzzy,0316,additive,positive,1.0,max,1027,342,0.3330087633885102,0.3339824732229795,-0.0009737098344693162,-0.04680079277659874,0.5186640014084117,False
Fuzzy,0316,additive,positive,1.0,weighted_0.25,1027,366,0.3563777994157741,0.33982473222979553,0.016553067185978543,0.7874188943466772,0.2155183448714782,False
Fuzzy,0316,additive,positive,1.0,weighted_0.5,1027,415,0.4040895813047712,0.3505355404089581,0.05355404089581306,2.5036682714545795,0.006145660836174117,True
Fuzzy,0316,additive,positive,1.0,weighted_0.75,1027,1027,1.0,0.3505355404089581,0.6494644595910419,31.42859062350185,4.1170813528663024e-217,True
Fuzzy,0316,additive,positive,1.0,global_A_bus,1027,356,0.3466407010710808,0.3466407010710808,0.0,0.0,0.5,False
Fuzzy,0316,additive,positive,1.0,global_B_id_population,1027,328,0.3193768257059396,0.3193768257059396,0.0,0.0,0.5,False
Fuzzy,0316,additive,positive,1.0,global_C_cross_id,1027,366,0.3563777994157741,0.35345666991236613,0.0029211295034079487,0.13834063698904198,0.44498560528910913,False
Fuzzy,0316,additive,positive,1.0,global_D_bus_idpop,1027,348,0.3388510223953262,0.33787731256085685,0.0009737098344693718,0.04663350827232249,0.48140266266650544,False
Fuzzy,0316,additive,positive,1.0,global_E_all,1027,366,0.3563777994157741,0.35540408958130476,0.0009737098344693162,0.04608521405833481,0.4816211654795562,False
Fuzzy,0316,additive,positive,1.5,pird,1027,1027,1.0,0.11879259980525804,0.881207400194742,40.22207716829081,0.0,True
Fuzzy,0316,additive,positive,1.5,global,1027,366,0.3563777994157741,0.35540408958130476,0.0009737098344693162,0.04608521405833481,0.4816211654795562,False
Fuzzy,0316,additive,positive,1.5,or,1027,1027,1.0,0.35540408958130476,0.6445959104186952,31.254287062259397,9.761527657459029e-215,True
Fuzzy,0316,additive,positive,1.5,max,1027,344,0.3349561830574489,0.3339824732229795,0.0009737098344693718,0.04676679346590886,0.481349547518584,False
Fuzzy,0316,additive,positive,1.5,weighted_0.25,1027,376,0.3661148977604674,0.33982473222979553,0.026290165530671872,1.2466154069143727,0.10626927486745978,False
Fuzzy,0316,additive,positive,1.5,weighted_0.5,1027,639,0.6222005842259006,0.3505355404089581,0.2716650438169425,12.316730788141165,3.6809316374443265e-35,True
Fuzzy,0316,additive,positive,1.5,weighted_0.75,1027,1027,1.0,0.3505355404089581,0.6494644595910419,31.42859062350185,4.1170813528663024e-217,True
Fuzzy,0316,additive,positive,1.5,global_A_bus,1027,357,0.3476144109055501,0.3466407010710808,0.0009737098344693162,0.04634907441673025,0.4815160127911229,False
Fuzzy,0316,additive,positive,1.5,global_B_id_population,1027,328,0.3193768257059396,0.3193768257059396,0.0,0.0,0.5,False
Fuzzy,0316,additive,positive,1.5,global_C_cross_id,1027,366,0.3563777994157741,0.35345666991236613,0.0029211295034079487,0.13834063698904198,0.44498560528910913,False
Fuzzy,0316,additive,positive,1.5,global_D_bus_idpop,1027,350,0.34079844206426485,0.33787731256085685,0.0029211295034080043,0.13980257203569424,0.4444079905324626,False
Fuzzy,0316,additive,positive,1.5,global_E_all,1027,366,0.3563777994157741,0.35540408958130476,0.0009737098344693162,0.04608521405833481,0.4816211654795562,False
Fuzzy,0316,additive,positive,2.0,pird,1027,1027,1.0,0.11879259980525804,0.881207400194742,40.22207716829081,0.0,True
Fuzzy,0316,additive,positive,2.0,global,1027,366,0.3563777994157741,0.35540408958130476,0.0009737098344693162,0.04608521405833481,0.4816211654795562,False
Fuzzy,0316,additive,positive,2.0,or,1027,1027,1.0,0.35540408958130476,0.6445959104186952,31.254287062259397,9.761527657459029e-215,True
Fuzzy,0316,additive,positive,2.0,max,1027,1020,0.9931840311587147,0.3339824732229795,0.6592015579357351,31.615637014328883,1.1255762418109952e-219,True
Fuzzy,0316,additive,positive,2.0,weighted_0.25,1027,386,0.3758519961051607,0.33982473222979553,0.036027263875365145,1.7030832450880762,0.04427624549222751,True
Fuzzy,0316,additive,positive,2.0,weighted_0.5,1027,897,0.8734177215189873,0.3505355404089581,0.5228821811100293,24.315192142925692,6.770930547367086e-131,True
Fuzzy,0316,additive,positive,2.0,weighted_0.75,1027,1027,1.0,0.3505355404089581,0.6494644595910419,31.42859062350185,4.1170813528663024e-217,True
Fuzzy,0316,additive,positive,3.0,pird,1027,1027,1.0,0.11879259980525804,0.881207400194742,40.22207716829081,0.0,True
Fuzzy,0316,additive,positive,3.0,global,1027,366,0.3563777994157741,0.35540408958130476,0.0009737098344693162,0.04608521405833481,0.4816211654795562,False
Fuzzy,0316,additive,positive,3.0,or,1027,1027,1.0,0.35540408958130476,0.6445959104186952,31.254287062259397,9.761527657459029e-215,True
Fuzzy,0316,additive,positive,3.0,max,1027,1027,1.0,0.3339824732229795,0.6660175267770205,32.02344031997511,2.5725600069646652e-225,True
Fuzzy,0316,additive,positive,3.0,weighted_0.25,1027,414,0.40311587147030187,0.33982473222979553,0.06329113924050633,2.96816600122908,0.0014979124469619587,True
Fuzzy,0316,additive,positive,3.0,weighted_0.5,1027,1027,1.0,0.3505355404089581,0.6494644595910419,31.42859062350185,4.1170813528663024e-217,True
Fuzzy,0316,additive,positive,3.0,weighted_0.75,1027,1027,1.0,0.3505355404089581,0.6494644595910419,31.42859062350185,4.1170813528663024e-217,True
Fuzzy,0316,additive,negative,0.25,pird,1027,192,0.186952288218111,0.11879259980525804,0.06815968841285296,4.291991087528522,8.853902900828288e-06,True
Fuzzy,0316,additive,negative,0.25,global,1027,365,0.35540408958130476,0.35540408958130476,0.0,0.0,0.5,False
Fuzzy,0316,additive,negative,0.25,or,1027,449,0.4371957156767283,0.35540408958130476,0.08179162609542356,3.7892779323968613,7.554290146138863e-05,True
Fuzzy,0316,additive,negative,0.25,max,1027,345,0.3359298928919182,0.3339824732229795,0.001947419668938688,0.09349979237970961,0.4627532573152021,False
Fuzzy,0316,additive,negative,0.25,weighted_0.25,1027,358,0.3485881207400195,0.33982473222979553,0.008763388510223957,0.41797395852690034,0.33798307861699795,False
Fuzzy,0316,additive,negative,0.25,weighted_0.5,1027,371,0.3612463485881207,0.3505355404089581,0.01071080817916259,0.5069373546416882,0.30609938729580355,False
Fuzzy,0316,additive,negative,0.25,weighted_0.75,1027,467,0.45472249269717624,0.3505355404089581,0.10418695228821812,4.814031871086479,7.395760093352858e-07,True
Fuzzy,0316,additive,negative,0.5,pird,1027,301,0.29308666017526774,0.11879259980525804,0.17429406037000972,9.766885275401854,7.808988568247342e-23,True
Fuzzy,0316,additive,negative,0.5,global,1027,365,0.35540408958130476,0.35540408958130476,0.0,0.0,0.5,False
Fuzzy,0316,additive,negative,0.5,or,1027,579,0.563777994157741,0.35540408958130476,0.20837390457643623,9.474722662013091,1.337351351363957e-21,True
Fuzzy,0316,additive,negative,0.5,max,1027,343,0.3339824732229795,0.3339824732229795,0.0,0.0,0.5,False
Fuzzy,0316,additive,negative,0.5,weighted_0.25,1027,359,0.3495618305744888,0.33982473222979553,0.009737098344693274,0.46425977954709036,0.32123081820218236,False
Fuzzy,0316,additive,negative,0.5,weighted_0.5,1027,383,0.3729308666017527,0.3505355404089581,0.02239532619279455,1.0561662925929334,0.14544612383059713,False
Fuzzy,0316,additive,negative,0.5,weighted_0.75,1027,646,0.629016553067186,0.3505355404089581,0.27848101265822783,12.623698721612856,7.815192852472287e-37,True
Fuzzy,0316,additive,negative,0.5,global_A_bus,1027,357,0.3476144109055501,0.3466407010710808,0.0009737098344693162,0.04634907441673025,0.4815160127911229,False
Fuzzy,0316,additive,negative,0.5,global_B_id_population,1027,328,0.3193768257059396,0.3193768257059396,0.0,0.0,0.5,False
Fuzzy,0316,additive,negative,0.5,global_C_cross_id,1027,363,0.35345666991236613,0.35345666991236613,0.0,0.0,0.5,False
Fuzzy,0316,additive,negative,0.5,global_D_bus_idpop,1027,346,0.33690360272638753,0.33787731256085685,-0.0009737098344693162,-0.046666425837631295,0.5186104552605512,False
Fuzzy,0316,additive,negative,0.5,global_E_all,1027,365,0.35540408958130476,0.35540408958130476,0.0,0.0,0.5,False
Fuzzy,0316,additive,negative,0.75,pird,1027,515,0.501460564751704,0.11879259980525804,0.38266796494644595,18.747274080650843,1.0188579285688319e-78,True
Fuzzy,0316,additive,negative,0.75,global,1027,365,0.35540408958130476,0.35540408958130476,0.0,0.0,0.5,False
Fuzzy,0316,additive,negative,0.75,or,1027,762,0.7419668938656281,0.35540408958130476,0.3865628042843233,17.603089671050917,1.1662271992199547e-69,True
Fuzzy,0316,additive,negative,0.75,max,1027,342,0.3330087633885102,0.3339824732229795,-0.0009737098344693162,-0.04680079277659874,0.5186640014084117,False
Fuzzy,0316,additive,negative,0.75,weighted_0.25,1027,363,0.35345666991236613,0.33982473222979553,0.013631937682570594,0.6491005850538413,0.2581366818626841,False
Fuzzy,0316,additive,negative,0.75,weighted_0.5,1027,389,0.37877312560856863,0.3505355404089581,0.028237585199610504,1.3293889141375796,0.09185984667566471,False
Fuzzy,0316,additive,negative,0.75,weighted_0.75,1027,711,0.6923076923076923,0.3505355404089581,0.34177215189873417,15.503717337745645,1.6369472820989786e-54,True
Fuzzy,0316,additive,negative,1.0,pird,1027,654,0.6368062317429406,0.11879259980525804,0.5180136319376826,24.211158139089978,8.48688462122457e-130,True
Fuzzy,0316,additive,negative,1.0,global,1027,365,0.35540408958130476,0.35540408958130476,0.0,0.0,0.5,False
Fuzzy,0316,additive,negative,1.0,or,1027,853,0.8305744888023369,0.35540408958130476,0.4751703992210321,21.91761322477196,8.823513595686238e-107,True
Fuzzy,0316,additive,negative,1.0,max,1027,342,0.3330087633885102,0.3339824732229795,-0.0009737098344693162,-0.04680079277659874,0.5186640014084117,False
Fuzzy,0316,additive,negative,1.0,weighted_0.25,1027,363,0.35345666991236613,0.33982473222979553,0.013631937682570594,0.6491005850538413,0.2581366818626841,False
Fuzzy,0316,additive,negative,1.0,weighted_0.5,1027,396,0.38558909444985395,0.3505355404089581,0.03505355404089583,1.6470412509213026,0.04977478362420793,True
Fuzzy,0316,additive,negative,1.0,weighted_0.75,1027,777,0.7565725413826679,0.3505355404089581,0.4060370009737098,18.50850644123659,8.816100905986127e-77,True
Fuzzy,0316,additive,negative,1.0,global_A_bus,1027,358,0.3485881207400195,0.3466407010710808,0.001947419668938688,0.09266776960316081,0.4630837514653621,False
Fuzzy,0316,additive,negative,1.0,global_B_id_population,1027,328,0.3193768257059396,0.3193768257059396,0.0,0.0,0.5,False
Fuzzy,0316,additive,negative,1.0,global_C_cross_id,1027,363,0.35345666991236613,0.35345666991236613,0.0,0.0,0.5,False
Fuzzy,0316,additive,negative,1.0,global_D_bus_idpop,1027,346,0.33690360272638753,0.33787731256085685,-0.0009737098344693162,-0.046666425837631295,0.5186104552605512,False
Fuzzy,0316,additive,negative,1.0,global_E_all,1027,365,0.35540408958130476,0.35540408958130476,0.0,0.0,0.5,False
Fuzzy,0316,additive,negative,1.5,pird,1027,922,0.8977604673807206,0.11879259980525804,0.7789678675754625,35.308500198394235,2.174447194238851e-273,True
Fuzzy,0316,additive,negative,1.5,global,1027,362,0.3524829600778968,0.35540408958130476,-0.0029211295034079487,-0.1384263626973724,0.5550482684220366,False
Fuzzy,0316,additive,negative,1.5,or,1027,1012,0.98539435248296,0.35540408958130476,0.6299902629016553,30.369888386416797,6.863669090786134e-203,True
Fuzzy,0316,additive,negative,1.5,max,1027,343,0.3339824732229795,0.3339824732229795,0.0,0.0,0.5,False
Fuzzy,0316,additive,negative,1.5,weighted_0.25,1027,366,0.3563777994157741,0.33982473222979553,0.016553067185978543,0.7874188943466772,0.2155183448714782,False
Fuzzy,0316,additive,negative,1.5,weighted_0.5,1027,410,0.39922103213242455,0.3505355404089581,0.04868549172346642,2.2789896325335963,0.011333840798551318,True
Fuzzy,0316,additive,negative,1.5,weighted_0.75,1027,954,0.928919182083739,0.3505355404089581,0.578383641674781,27.30065847833365,2.0829642440436207e-164,True
Fuzzy,0316,additive,negative,1.5,global_A_bus,1027,359,0.3495618305744888,0.3466407010710808,0.0029211295034080043,0.13895627547294429,0.44474235043683014,False
Fuzzy,0316,additive,negative,1.5,global_B_id_population,1027,328,0.3193768257059396,0.3193768257059396,0.0,0.0,0.5,False
Fuzzy,0316,additive,negative,1.5,global_C_cross_id,1027,363,0.35345666991236613,0.35345666991236613,0.0,0.0,0.5,False
Fuzzy,0316,additive,negative,1.5,global_D_bus_idpop,1027,346,0.33690360272638753,0.33787731256085685,-0.0009737098344693162,-0.046666425837631295,0.5186104552605512,False
Fuzzy,0316,additive,negative,1.5,global_E_all,1027,362,0.3524829600778968,0.35540408958130476,-0.0029211295034079487,-0.1384263626973724,0.5550482684220366,False
Fuzzy,0316,additive,negative,2.0,pird,1027,993,0.9668938656280428,0.11879259980525804,0.8481012658227848,38.57874937503158,0.0,True
Fuzzy,0316,additive,negative,2.0,global,1027,362,0.3524829600778968,0.35540408958130476,-0.0029211295034079487,-0.1384263626973724,0.5550482684220366,False
Fuzzy,0316,additive,negative,2.0,or,1027,1027,1.0,0.35540408958130476,0.6445959104186952,31.254287062259397,9.761527657459029e-215,True
Fuzzy,0316,additive,negative,2.0,max,1027,344,0.3349561830574489,0.3339824732229795,0.0009737098344693718,0.04676679346590886,0.481349547518584,False
Fuzzy,0316,additive,negative,2.0,weighted_0.25,1027,367,0.35735150925024345,0.33982473222979553,0.017526777020447915,0.833466515733032,0.20229083734711728,False
Fuzzy,0316,additive,negative,2.0,weighted_0.5,1027,424,0.41285296981499514,0.3505355404089581,0.06231742940603702,2.9068344717771724,0.001825531709273677,True
Fuzzy,0316,additive,negative,2.0,weighted_0.75,1027,1026,0.9990262901655307,0.3505355404089581,0.6484907497565726,31.36928373504767,2.6554594251049295e-216,True
Fuzzy,0316,additive,negative,3.0,pird,1027,1022,0.9951314508276533,0.11879259980525804,0.8763388510223953,39.97689142682117,0.0,True
Fuzzy,0316,additive,negative,3.0,global,1027,364,0.35443037974683544,0.35540408958130476,-0.0009737098344693162,-0.046113545663014,0.5183901251918442,False
Fuzzy,0316,additive,negative,3.0,or,1027,1027,1.0,0.35540408958130476,0.6445959104186952,31.254287062259397,9.761527657459029e-215,True
Fuzzy,0316,additive,negative,3.0,max,1027,345,0.3359298928919182,0.3339824732229795,0.001947419668938688,0.09349979237970961,0.4627532573152021,False
Fuzzy,0316,additive,negative,3.0,weighted_0.25,1027,372,0.3622200584225901,0.33982473222979553,0.02239532619279455,1.0632743777205138,0.14382877057889285,False
Fuzzy,0316,additive,negative,3.0,weighted_0.5,1027,557,0.5423563777994158,0.3505355404089581,0.1918208373904577,8.743826783989471,1.126724238407111e-18,True
Fuzzy,0316,additive,negative,3.0,weighted_0.75,1027,1027,1.0,0.3505355404089581,0.6494644595910419,31.42859062350185,4.1170813528663024e-217,True
Fuzzy,0316,mean_shift,positive,0.25,pird,1027,0,0.0,0.11879259980525804,-0.11879259980525804,-11.38876348632335,1.0,False
Fuzzy,0316,mean_shift,positive,0.25,global,1027,362,0.3524829600778968,0.35540408958130476,-0.0029211295034079487,-0.1384263626973724,0.5550482684220366,False
Fuzzy,0316,mean_shift,positive,0.25,or,1027,362,0.3524829600778968,0.35540408958130476,-0.0029211295034079487,-0.1384263626973724,0.5550482684220366,False
Fuzzy,0316,mean_shift,positive,0.25,max,1027,345,0.3359298928919182,0.3339824732229795,0.001947419668938688,0.09349979237970961,0.4627532573152021,False
Fuzzy,0316,mean_shift,positive,0.25,weighted_0.25,1027,360,0.3505355404089581,0.33982473222979553,0.01071080817916259,0.5105151621445877,0.3048452974940099,False
Fuzzy,0316,mean_shift,positive,0.25,weighted_0.5,1027,379,0.36903602726387535,0.3505355404089581,0.01850048685491723,0.8735116971506092,0.1911921166903428,False
Fuzzy,0316,mean_shift,positive,0.25,weighted_0.75,1027,518,0.5043816942551119,0.3505355404089581,0.1538461538461538,7.04703433926542,9.13856135867367e-13,True
Fuzzy,0316,mean_shift,positive,0.5,pird,1027,1027,1.0,0.11879259980525804,0.881207400194742,40.22207716829081,0.0,True
Fuzzy,0316,mean_shift,positive,0.5,global,1027,362,0.3524829600778968,0.35540408958130476,-0.0029211295034079487,-0.1384263626973724,0.5550482684220366,False
Fuzzy,0316,mean_shift,positive,0.5,or,1027,1027,1.0,0.35540408958130476,0.6445959104186952,31.254287062259397,9.761527657459029e-215,True
Fuzzy,0316,mean_shift,positive,0.5,max,1027,344,0.3349561830574489,0.3339824732229795,0.0009737098344693718,0.04676679346590886,0.481349547518584,False
Fuzzy,0316,mean_shift,positive,0.5,weighted_0.25,1027,362,0.3524829600778968,0.33982473222979553,0.012658227848101278,0.6029353750071508,0.2732758408379202,False
Fuzzy,0316,mean_shift,positive,0.5,weighted_0.5,1027,401,0.3904576436222006,0.3505355404089581,0.039922103213242466,1.8732359569895631,0.030517904546830992,True
Fuzzy,0316,mean_shift,positive,0.5,weighted_0.75,1027,936,0.9113924050632911,0.3505355404089581,0.560856864654333,26.338170180239775,3.5061580318820615e-153,True
Fuzzy,0316,mean_shift,positive,0.5,global_A_bus,1027,358,0.3485881207400195,0.3466407010710808,0.001947419668938688,0.09266776960316081,0.4630837514653621,False
Fuzzy,0316,mean_shift,positive,0.5,global_B_id_population,1027,328,0.3193768257059396,0.3193768257059396,0.0,0.0,0.5,False
Fuzzy,0316,mean_shift,positive,0.5,global_C_cross_id,1027,365,0.35540408958130476,0.35345666991236613,0.0019474196689386325,0.09225560550118705,0.463247479782898,False
Fuzzy,0316,mean_shift,positive,0.5,global_D_bus_idpop,1027,346,0.33690360272638753,0.33787731256085685,-0.0009737098344693162,-0.046666425837631295,0.5186104552605512,False
Fuzzy,0316,mean_shift,positive,0.5,global_E_all,1027,362,0.3524829600778968,0.35540408958130476,-0.0029211295034079487,-0.1384263626973724,0.5550482684220366,False
Fuzzy,0316,mean_shift,positive,0.75,pird,1027,1027,1.0,0.11879259980525804,0.881207400194742,40.22207716829081,0.0,True
Fuzzy,0316,mean_shift,positive,0.75,global,1027,363,0.35345666991236613,0.35540408958130476,-0.0019474196689386325,-0.09225560550118705,0.5367525202171021,False
Fuzzy,0316,mean_shift,positive,0.75,or,1027,1027,1.0,0.35540408958130476,0.6445959104186952,31.254287062259397,9.761527657459029e-215,True
Fuzzy,0316,mean_shift,positive,0.75,max,1027,343,0.3339824732229795,0.3339824732229795,0.0,0.0,0.5,False
Fuzzy,0316,mean_shift,positive,0.75,weighted_0.25,1027,366,0.3563777994157741,0.33982473222979553,0.016553067185978543,0.7874188943466772,0.2155183448714782,False
Fuzzy,0316,mean_shift,positive,0.75,weighted_0.5,1027,421,0.40993184031158714,0.3505355404089581,0.05939629990262901,2.7726198992902136,0.002780351506864812,True
Fuzzy,0316,mean_shift,positive,0.75,weighted_0.75,1027,1027,1.0,0.3505355404089581,0.6494644595910419,31.42859062350185,4.1170813528663024e-217,True
Fuzzy,0316,mean_shift,positive,1.0,pird,1027,1027,1.0,0.11879259980525804,0.881207400194742,40.22207716829081,0.0,True
Fuzzy,0316,mean_shift,positive,1.0,global,1027,365,0.35540408958130476,0.35540408958130476,0.0,0.0,0.5,False
Fuzzy,0316,mean_shift,positive,1.0,or,1027,1027,1.0,0.35540408958130476,0.6445959104186952,31.254287062259397,9.761527657459029e-215,True
Fuzzy,0316,mean_shift,positive,1.0,max,1027,343,0.3339824732229795,0.3339824732229795,0.0,0.0,0.5,False
Fuzzy,0316,mean_shift,positive,1.0,weighted_0.25,1027,370,0.3602726387536514,0.33982473222979553,0.020447906523855863,0.9714365425798391,0.16566546938095056,False
Fuzzy,0316,mean_shift,positive,1.0,weighted_0.5,1027,527,0.5131450827653359,0.3505355404089581,0.16260954235637776,7.439083831706986,5.069298607662621e-14,True
Fuzzy,0316,mean_shift,positive,1.0,weighted_0.75,1027,1027,1.0,0.3505355404089581,0.6494644595910419,31.42859062350185,4.1170813528663024e-217,True
Fuzzy,0316,mean_shift,positive,1.0,global_A_bus,1027,357,0.3476144109055501,0.3466407010710808,0.0009737098344693162,0.04634907441673025,0.4815160127911229,False
Fuzzy,0316,mean_shift,positive,1.0,global_B_id_population,1027,328,0.3193768257059396,0.3193768257059396,0.0,0.0,0.5,False
Fuzzy,0316,mean_shift,positive,1.0,global_C_cross_id,1027,363,0.35345666991236613,0.35345666991236613,0.0,0.0,0.5,False
Fuzzy,0316,mean_shift,positive,1.0,global_D_bus_idpop,1027,346,0.33690360272638753,0.33787731256085685,-0.0009737098344693162,-0.046666425837631295,0.5186104552605512,False
Fuzzy,0316,mean_shift,positive,1.0,global_E_all,1027,365,0.35540408958130476,0.35540408958130476,0.0,0.0,0.5,False
Fuzzy,0316,mean_shift,positive,1.5,pird,1027,1027,1.0,0.11879259980525804,0.881207400194742,40.22207716829081,0.0,True
Fuzzy,0316,mean_shift,positive,1.5,global,1027,365,0.35540408958130476,0.35540408958130476,0.0,0.0,0.5,False
Fuzzy,0316,mean_shift,positive,1.5,or,1027,1027,1.0,0.35540408958130476,0.6445959104186952,31.254287062259397,9.761527657459029e-215,True
Fuzzy,0316,mean_shift,positive,1.5,max,1027,1027,1.0,0.3339824732229795,0.6660175267770205,32.02344031997511,2.5725600069646652e-225,True
Fuzzy,0316,mean_shift,positive,1.5,weighted_0.25,1027,385,0.3748782862706913,0.33982473222979553,0.035053554040895774,1.6575541489646892,0.04870374540363814,True
Fuzzy,0316,mean_shift,positive,1.5,weighted_0.5,1027,800,0.7789678675754625,0.3505355404089581,0.4284323271665044,19.581914144626886,1.1028702397301999e-85,True
Fuzzy,0316,mean_shift,positive,1.5,weighted_0.75,1027,1027,1.0,0.3505355404089581,0.6494644595910419,31.42859062350185,4.1170813528663024e-217,True
Fuzzy,0316,mean_shift,positive,1.5,global_A_bus,1027,358,0.3485881207400195,0.3466407010710808,0.001947419668938688,0.09266776960316081,0.4630837514653621,False
Fuzzy,0316,mean_shift,positive,1.5,global_B_id_population,1027,328,0.3193768257059396,0.3193768257059396,0.0,0.0,0.5,False
Fuzzy,0316,mean_shift,positive,1.5,global_C_cross_id,1027,363,0.35345666991236613,0.35345666991236613,0.0,0.0,0.5,False
Fuzzy,0316,mean_shift,positive,1.5,global_D_bus_idpop,1027,346,0.33690360272638753,0.33787731256085685,-0.0009737098344693162,-0.046666425837631295,0.5186104552605512,False
Fuzzy,0316,mean_shift,positive,1.5,global_E_all,1027,365,0.35540408958130476,0.35540408958130476,0.0,0.0,0.5,False
Fuzzy,0316,mean_shift,positive,2.0,pird,1027,1027,1.0,0.11879259980525804,0.881207400194742,40.22207716829081,0.0,True
Fuzzy,0316,mean_shift,positive,2.0,global,1027,365,0.35540408958130476,0.35540408958130476,0.0,0.0,0.5,False
Fuzzy,0316,mean_shift,positive,2.0,or,1027,1027,1.0,0.35540408958130476,0.6445959104186952,31.254287062259397,9.761527657459029e-215,True
Fuzzy,0316,mean_shift,positive,2.0,max,1027,1027,1.0,0.3339824732229795,0.6660175267770205,32.02344031997511,2.5725600069646652e-225,True
Fuzzy,0316,mean_shift,positive,2.0,weighted_0.25,1027,399,0.3885102239532619,0.33982473222979553,0.04868549172346637,2.292703196990088,0.010932549182114495,True
Fuzzy,0316,mean_shift,positive,2.0,weighted_0.5,1027,1027,1.0,0.3505355404089581,0.6494644595910419,31.42859062350185,4.1170813528663024e-217,True
Fuzzy,0316,mean_shift,positive,2.0,weighted_0.75,1027,1027,1.0,0.3505355404089581,0.6494644595910419,31.42859062350185,4.1170813528663024e-217,True
Fuzzy,0316,mean_shift,positive,3.0,pird,1027,1027,1.0,0.11879259980525804,0.881207400194742,40.22207716829081,0.0,True
Fuzzy,0316,mean_shift,positive,3.0,global,1027,366,0.3563777994157741,0.35540408958130476,0.0009737098344693162,0.04608521405833481,0.4816211654795562,False
Fuzzy,0316,mean_shift,positive,3.0,or,1027,1027,1.0,0.35540408958130476,0.6445959104186952,31.254287062259397,9.761527657459029e-215,True
Fuzzy,0316,mean_shift,positive,3.0,max,1027,1027,1.0,0.3339824732229795,0.6660175267770205,32.02344031997511,2.5725600069646652e-225,True
Fuzzy,0316,mean_shift,positive,3.0,weighted_0.25,1027,425,0.41382667964946446,0.33982473222979553,0.07400194741966892,3.460495961526555,0.00026959066059166383,True
Fuzzy,0316,mean_shift,positive,3.0,weighted_0.5,1027,1027,1.0,0.3505355404089581,0.6494644595910419,31.42859062350185,4.1170813528663024e-217,True
Fuzzy,0316,mean_shift,positive,3.0,weighted_0.75,1027,1027,1.0,0.3505355404089581,0.6494644595910419,31.42859062350185,4.1170813528663024e-217,True
Fuzzy,0316,mean_shift,negative,0.25,pird,1027,0,0.0,0.11879259980525804,-0.11879259980525804,-11.38876348632335,1.0,False
Fuzzy,0316,mean_shift,negative,0.25,global,1027,362,0.3524829600778968,0.35540408958130476,-0.0029211295034079487,-0.1384263626973724,0.5550482684220366,False
Fuzzy,0316,mean_shift,negative,0.25,or,1027,362,0.3524829600778968,0.35540408958130476,-0.0029211295034079487,-0.1384263626973724,0.5550482684220366,False
Fuzzy,0316,mean_shift,negative,0.25,max,1027,345,0.3359298928919182,0.3339824732229795,0.001947419668938688,0.09349979237970961,0.4627532573152021,False
Fuzzy,0316,mean_shift,negative,0.25,weighted_0.25,1027,347,0.33787731256085685,0.33982473222979553,-0.001947419668938688,-0.09323429914430187,0.5371412868621089,False
Fuzzy,0316,mean_shift,negative,0.25,weighted_0.5,1027,348,0.3388510223953262,0.3505355404089581,-0.011684518013631906,-0.5571117354565074,0.7112744550255048,False
Fuzzy,0316,mean_shift,negative,0.25,weighted_0.75,1027,327,0.3184031158714703,0.3505355404089581,-0.032132424537487825,-1.5433041843749231,0.9386215055742704,False
Fuzzy,0316,mean_shift,negative,0.5,pird,1027,0,0.0,0.11879259980525804,-0.11879259980525804,-11.38876348632335,1.0,False
Fuzzy,0316,mean_shift,negative,0.5,global,1027,362,0.3524829600778968,0.35540408958130476,-0.0029211295034079487,-0.1384263626973724,0.5550482684220366,False
Fuzzy,0316,mean_shift,negative,0.5,or,1027,362,0.3524829600778968,0.35540408958130476,-0.0029211295034079487,-0.1384263626973724,0.5550482684220366,False
Fuzzy,0316,mean_shift,negative,0.5,max,1027,346,0.33690360272638753,0.3339824732229795,0.0029211295034080043,0.14019920071894576,0.44425130170113014,False
Fuzzy,0316,mean_shift,negative,0.5,weighted_0.25,1027,353,0.34371957156767285,0.33982473222979553,0.0038948393378773205,0.18608154749638706,0.426190406074747,False
Fuzzy,0316,mean_shift,negative,0.5,weighted_0.5,1027,358,0.3485881207400195,0.3505355404089581,-0.0019474196689386325,-0.0925475154540424,0.5368684793484616,False
Fuzzy,0316,mean_shift,negative,0.5,weighted_0.75,1027,354,0.34469328140214217,0.3505355404089581,-0.005842259006815953,-0.27800330880947716,0.6094950906115578,False
Fuzzy,0316,mean_shift,negative,0.5,global_A_bus,1027,360,0.3505355404089581,0.3466407010710808,0.0038948393378773205,0.18521478127400742,0.4265302879450052,False
Fuzzy,0316,mean_shift,negative,0.5,global_B_id_population,1027,328,0.3193768257059396,0.3193768257059396,0.0,0.0,0.5,False
Fuzzy,0316,mean_shift,negative,0.5,global_C_cross_id,1027,366,0.3563777994157741,0.35345666991236613,0.0029211295034079487,0.13834063698904198,0.44498560528910913,False
Fuzzy,0316,mean_shift,negative,0.5,global_D_bus_idpop,1027,348,0.3388510223953262,0.33787731256085685,0.0009737098344693718,0.04663350827232249,0.48140266266650544,False
Fuzzy,0316,mean_shift,negative,0.5,global_E_all,1027,362,0.3524829600778968,0.35540408958130476,-0.0029211295034079487,-0.1384263626973724,0.5550482684220366,False
Fuzzy,0316,mean_shift,negative,0.75,pird,1027,0,0.0,0.11879259980525804,-0.11879259980525804,-11.38876348632335,1.0,False
Fuzzy,0316,mean_shift,negative,0.75,global,1027,362,0.3524829600778968,0.35540408958130476,-0.0029211295034079487,-0.1384263626973724,0.5550482684220366,False
Fuzzy,0316,mean_shift,negative,0.75,or,1027,362,0.3524829600778968,0.35540408958130476,-0.0029211295034079487,-0.1384263626973724,0.5550482684220366,False
Fuzzy,0316,mean_shift,negative,0.75,max,1027,345,0.3359298928919182,0.3339824732229795,0.001947419668938688,0.09349979237970961,0.4627532573152021,False
Fuzzy,0316,mean_shift,negative,0.75,weighted_0.25,1027,359,0.3495618305744888,0.33982473222979553,0.009737098344693274,0.46425977954709036,0.32123081820218236,False
Fuzzy,0316,mean_shift,negative,0.75,weighted_0.5,1027,366,0.3563777994157741,0.3505355404089581,0.005842259006815953,0.27693900157696005,0.39091347220771855,False
Fuzzy,0316,mean_shift,negative,0.75,weighted_0.75,1027,393,0.38266796494644595,0.3505355404089581,0.032132424537487825,1.5110471745551954,0.06538821606582046,False
Fuzzy,0316,mean_shift,negative,1.0,pird,1027,0,0.0,0.11879259980525804,-0.11879259980525804,-11.38876348632335,1.0,False
Fuzzy,0316,mean_shift,negative,1.0,global,1027,363,0.35345666991236613,0.35540408958130476,-0.0019474196689386325,-0.09225560550118705,0.5367525202171021,False
Fuzzy,0316,mean_shift,negative,1.0,or,1027,363,0.35345666991236613,0.35540408958130476,-0.0019474196689386325,-0.09225560550118705,0.5367525202171021,False
Fuzzy,0316,mean_shift,negative,1.0,max,1027,344,0.3349561830574489,0.3339824732229795,0.0009737098344693718,0.04676679346590886,0.481349547518584,False
Fuzzy,0316,mean_shift,negative,1.0,weighted_0.25,1027,361,0.35150925024342744,0.33982473222979553,0.011684518013631906,0.5567402972224178,0.288852440074187,False
Fuzzy,0316,mean_shift,negative,1.0,weighted_0.5,1027,377,0.3670886075949367,0.3505355404089581,0.0165530671859786,0.7820283720775886,0.21709894987523995,False
Fuzzy,0316,mean_shift,negative,1.0,weighted_0.75,1027,485,0.47224926971762415,0.3505355404089581,0.12171372930866603,5.6049110887944815,1.0418094742381404e-08,True
Fuzzy,0316,mean_shift,negative,1.0,global_A_bus,1027,360,0.3505355404089581,0.3466407010710808,0.0038948393378773205,0.18521478127400742,0.4265302879450052,False
Fuzzy,0316,mean_shift,negative,1.0,global_B_id_population,1027,328,0.3193768257059396,0.3193768257059396,0.0,0.0,0.5,False
Fuzzy,0316,mean_shift,negative,1.0,global_C_cross_id,1027,367,0.35735150925024345,0.35345666991236613,0.0038948393378773205,0.1843973979322738,0.42685085548452023,False
Fuzzy,0316,mean_shift,negative,1.0,global_D_bus_idpop,1027,350,0.34079844206426485,0.33787731256085685,0.0029211295034080043,0.13980257203569424,0.4444079905324626,False
Fuzzy,0316,mean_shift,negative,1.0,global_E_all,1027,363,0.35345666991236613,0.35540408958130476,-0.0019474196689386325,-0.09225560550118705,0.5367525202171021,False
Fuzzy,0316,mean_shift,negative,1.5,pird,1027,1027,1.0,0.11879259980525804,0.881207400194742,40.22207716829081,0.0,True
Fuzzy,0316,mean_shift,negative,1.5,global,1027,364,0.35443037974683544,0.35540408958130476,-0.0009737098344693162,-0.046113545663014,0.5183901251918442,False
Fuzzy,0316,mean_shift,negative,1.5,or,1027,1027,1.0,0.35540408958130476,0.6445959104186952,31.254287062259397,9.761527657459029e-215,True
Fuzzy,0316,mean_shift,negative,1.5,max,1027,347,0.33787731256085685,0.3339824732229795,0.0038948393378773205,0.1868652216858289,0.42588315395737153,False
Fuzzy,0316,mean_shift,negative,1.5,weighted_0.25,1027,363,0.35345666991236613,0.33982473222979553,0.013631937682570594,0.6491005850538413,0.2581366818626841,False
Fuzzy,0316,mean_shift,negative,1.5,weighted_0.5,1027,399,0.3885102239532619,0.3505355404089581,0.03797468354430378,1.782826391909019,0.037307284092496965,True
Fuzzy,0316,mean_shift,negative,1.5,weighted_0.75,1027,864,0.8412852969814996,0.3505355404089581,0.49074975657254144,22.662144321724764,5.294856101236384e-114,True
Fuzzy,0316,mean_shift,negative,1.5,global_A_bus,1027,361,0.35150925024342744,0.3466407010710808,0.004868549172346637,0.23144347559340112,0.40848514661002366,False
Fuzzy,0316,mean_shift,negative,1.5,global_B_id_population,1027,328,0.3193768257059396,0.3193768257059396,0.0,0.0,0.5,False
Fuzzy,0316,mean_shift,negative,1.5,global_C_cross_id,1027,367,0.35735150925024345,0.35345666991236613,0.0038948393378773205,0.1843973979322738,0.42685085548452023,False
Fuzzy,0316,mean_shift,negative,1.5,global_D_bus_idpop,1027,351,0.34177215189873417,0.33787731256085685,0.0038948393378773205,0.1863385256264805,0.4260896487037267,False
Fuzzy,0316,mean_shift,negative,1.5,global_E_all,1027,364,0.35443037974683544,0.35540408958130476,-0.0009737098344693162,-0.046113545663014,0.5183901251918442,False
Fuzzy,0316,mean_shift,negative,2.0,pird,1027,1027,1.0,0.11879259980525804,0.881207400194742,40.22207716829081,0.0,True
Fuzzy,0316,mean_shift,negative,2.0,global,1027,365,0.35540408958130476,0.35540408958130476,0.0,0.0,0.5,False
Fuzzy,0316,mean_shift,negative,2.0,or,1027,1027,1.0,0.35540408958130476,0.6445959104186952,31.254287062259397,9.761527657459029e-215,True
Fuzzy,0316,mean_shift,negative,2.0,max,1027,349,0.33982473222979553,0.3339824732229795,0.0058422590068160085,0.28009791046874716,0.3897011938872187,False
Fuzzy,0316,mean_shift,negative,2.0,weighted_0.25,1027,371,0.3612463485881207,0.33982473222979553,0.02142161635832518,1.0173695557302989,0.15448882957901872,False
Fuzzy,0316,mean_shift,negative,2.0,weighted_0.5,1027,454,0.44206426484907496,0.3505355404089581,0.09152872444011684,4.240382448158392,1.1156963471265636e-05,True
Fuzzy,0316,mean_shift,negative,2.0,weighted_0.75,1027,1027,1.0,0.3505355404089581,0.6494644595910419,31.42859062350185,4.1170813528663024e-217,True
Fuzzy,0316,mean_shift,negative,3.0,pird,1027,1027,1.0,0.11879259980525804,0.881207400194742,40.22207716829081,0.0,True
Fuzzy,0316,mean_shift,negative,3.0,global,1027,366,0.3563777994157741,0.35540408958130476,0.0009737098344693162,0.04608521405833481,0.4816211654795562,False
Fuzzy,0316,mean_shift,negative,3.0,or,1027,1027,1.0,0.35540408958130476,0.6445959104186952,31.254287062259397,9.761527657459029e-215,True
Fuzzy,0316,mean_shift,negative,3.0,max,1027,350,0.34079844206426485,0.3339824732229795,0.006815968841285325,0.3266649808634244,0.37196064479757995,False
Fuzzy,0316,mean_shift,negative,3.0,weighted_0.25,1027,384,0.373904576436222,0.33982473222979553,0.03407984420642646,1.6119993704250433,0.05348103836298994,False
Fuzzy,0316,mean_shift,negative,3.0,weighted_0.5,1027,742,0.7224926971762414,0.3505355404089581,0.3719571567672833,16.902631022197564,2.151360246193133e-64,True
Fuzzy,0316,mean_shift,negative,3.0,weighted_0.75,1027,1027,1.0,0.3505355404089581,0.6494644595910419,31.42859062350185,4.1170813528663024e-217,True
Fuzzy,0153,additive,positive,0.25,pird,1026,98,0.09551656920077972,0.08284600389863547,0.012670565302144249,1.0069359233277293,0.15698278373877947,False
Fuzzy,0153,additive,positive,0.25,global,1026,386,0.3762183235867446,0.3762183235867446,0.0,0.0,0.5,False
Fuzzy,0153,additive,positive,0.25,or,1026,388,0.37816764132553604,0.37816764132553604,0.0,0.0,0.5,False
Fuzzy,0153,additive,positive,0.25,max,1026,366,0.3567251461988304,0.3567251461988304,0.0,0.0,0.5,False
Fuzzy,0153,additive,positive,0.25,weighted_0.25,1026,370,0.36062378167641324,0.3567251461988304,0.003898635477582846,0.1841118821424321,0.4269628426096869,False
Fuzzy,0153,additive,positive,0.25,weighted_0.5,1026,383,0.3732943469785575,0.3469785575048733,0.026315789473684237,1.2416461897167785,0.1071835658751986,False
Fuzzy,0153,additive,positive,0.25,weighted_0.75,1026,386,0.3762183235867446,0.29922027290448344,0.07699805068226118,3.6875627886144007,0.00011320611835209174,True
Fuzzy,0153,additive,positive,0.5,pird,1026,121,0.11793372319688109,0.08284600389863547,0.03508771929824561,2.64448872956527,0.004090721561639336,True
Fuzzy,0153,additive,positive,0.5,global,1026,386,0.3762183235867446,0.3762183235867446,0.0,0.0,0.5,False
Fuzzy,0153,additive,positive,0.5,or,1026,388,0.37816764132553604,0.37816764132553604,0.0,0.0,0.5,False
Fuzzy,0153,additive,positive,0.5,max,1026,366,0.3567251461988304,0.3567251461988304,0.0,0.0,0.5,False
Fuzzy,0153,additive,positive,0.5,weighted_0.25,1026,379,0.36939571150097467,0.3567251461988304,0.012670565302144277,0.5967825287552455,0.2753262920161248,False
Fuzzy,0153,additive,positive,0.5,weighted_0.5,1026,394,0.3840155945419103,0.3469785575048733,0.037037037037037035,1.7419518688425508,0.04075843334520561,True
Fuzzy,0153,additive,positive,0.5,weighted_0.75,1026,454,0.442495126705653,0.29922027290448344,0.14327485380116955,6.7181634131709576,9.201462462966496e-12,True
Fuzzy,0153,additive,positive,0.5,global_A_bus,1026,378,0.3684210526315789,0.3684210526315789,0.0,0.0,0.5,False
Fuzzy,0153,additive,positive,0.5,global_B_id_population,1026,356,0.3469785575048733,0.3469785575048733,0.0,0.0,0.5,False
Fuzzy,0153,additive,positive,0.5,global_C_cross_id,1026,395,0.38499025341130605,0.38693957115009747,-0.001949317738791423,-0.0906923823984585,0.5361314881736601,False
Fuzzy,0153,additive,positive,0.5,global_D_bus_idpop,1026,373,0.3635477582846004,0.3635477582846004,0.0,0.0,0.5,False
Fuzzy,0153,additive,positive,0.5,global_E_all,1026,386,0.3762183235867446,0.3762183235867446,0.0,0.0,0.5,False
Fuzzy,0153,additive,positive,0.75,pird,1026,311,0.3031189083820663,0.08284600389863547,0.22027290448343081,12.642103984261485,6.184947724152086e-37,True
Fuzzy,0153,additive,positive,0.75,global,1026,386,0.3762183235867446,0.3762183235867446,0.0,0.0,0.5,False
Fuzzy,0153,additive,positive,0.75,or,1026,435,0.4239766081871345,0.37816764132553604,0.045808966861598466,2.1169503729808983,0.01713202992723821,True
Fuzzy,0153,additive,positive,0.75,max,1026,368,0.3586744639376218,0.3567251461988304,0.001949317738791423,0.09211130574668652,0.4633048029775851,False
Fuzzy,0153,additive,positive,0.75,weighted_0.25,1026,383,0.3732943469785575,0.3567251461988304,0.016569200779727122,0.7795150112604164,0.21783819920661843,False
Fuzzy,0153,additive,positive,0.75,weighted_0.5,1026,399,0.3888888888888889,0.3469785575048733,0.04191033138401562,1.96840142127679,0.02451093425100893,True
Fuzzy,0153,additive,positive,0.75,weighted_0.75,1026,727,0.7085769980506823,0.29922027290448344,0.40935672514619886,18.54401672179857,4.557622961294011e-77,True
Fuzzy,0153,additive,positive,1.0,pird,1026,1026,1.0,0.08284600389863547,0.9171539961013645,41.68947830400527,0.0,True
Fuzzy,0153,additive,positive,1.0,global,1026,386,0.3762183235867446,0.3762183235867446,0.0,0.0,0.5,False
Fuzzy,0153,additive,positive,1.0,or,1026,1026,1.0,0.37816764132553604,0.621832358674464,30.428063425844933,1.1686753543462867e-203,True
Fuzzy,0153,additive,positive,1.0,max,1026,369,0.35964912280701755,0.3567251461988304,0.002923976608187162,0.13812534504296706,0.4450706776569602,False
Fuzzy,0153,additive,positive,1.0,weighted_0.25,1026,389,0.3791423001949318,0.3567251461988304,0.02241715399610139,1.0528658764968883,0.14620123369963364,False
Fuzzy,0153,additive,positive,1.0,weighted_0.5,1026,425,0.4142300194931774,0.3469785575048733,0.06725146198830412,3.13718028235729,0.0008529060162420675,True
Fuzzy,0153,additive,positive,1.0,weighted_0.75,1026,991,0.9658869395711501,0.29922027290448344,0.6666666666666667,31.320000532730738,1.2465329336786267e-215,True
Fuzzy,0153,additive,positive,1.0,global_A_bus,1026,378,0.3684210526315789,0.3684210526315789,0.0,0.0,0.5,False
Fuzzy,0153,additive,positive,1.0,global_B_id_population,1026,356,0.3469785575048733,0.3469785575048733,0.0,0.0,0.5,False
Fuzzy,0153,additive,positive,1.0,global_C_cross_id,1026,396,0.38596491228070173,0.38693957115009747,-0.0009746588693957392,-0.04533558451653128,0.5180800878783389,False
Fuzzy,0153,additive,positive,1.0,global_D_bus_idpop,1026,373,0.3635477582846004,0.3635477582846004,0.0,0.0,0.5,False
Fuzzy,0153,additive,positive,1.0,global_E_all,1026,386,0.3762183235867446,0.3762183235867446,0.0,0.0,0.5,False
Fuzzy,0153,additive,positive,1.5,pird,1026,1026,1.0,0.08284600389863547,0.9171539961013645,41.68947830400527,0.0,True
Fuzzy,0153,additive,positive,1.5,global,1026,386,0.3762183235867446,0.3762183235867446,0.0,0.0,0.5,False
Fuzzy,0153,additive,positive,1.5,or,1026,1026,1.0,0.37816764132553604,0.621832358674464,30.428063425844933,1.1686753543462867e-203,True
Fuzzy,0153,additive,positive,1.5,max,1026,369,0.35964912280701755,0.3567251461988304,0.002923976608187162,0.13812534504296706,0.4450706776569602,False
Fuzzy,0153,additive,positive,1.5,weighted_0.25,1026,394,0.3840155945419103,0.3567251461988304,0.02729044834307992,1.2799961300251095,0.10027324848126745,False
Fuzzy,0153,additive,positive,1.5,weighted_0.5,1026,555,0.5409356725146199,0.3469785575048733,0.19395711500974666,8.841780799852955,4.710245172384581e-19,True
Fuzzy,0153,additive,positive,1.5,weighted_0.75,1026,1026,1.0,0.29922027290448344,0.7007797270955165,33.26886990004479,5.445901295851964e-243,True
Fuzzy,0153,additive,positive,1.5,global_A_bus,1026,378,0.3684210526315789,0.3684210526315789,0.0,0.0,0.5,False
Fuzzy,0153,additive,positive,1.5,global_B_id_population,1026,356,0.3469785575048733,0.3469785575048733,0.0,0.0,0.5,False
Fuzzy,0153,additive,positive,1.5,global_C_cross_id,1026,389,0.3791423001949318,0.38693957115009747,-0.007797270955165692,-0.36328757063462236,0.6418049613899525,False
Fuzzy,0153,additive,positive,1.5,global_D_bus_idpop,1026,373,0.3635477582846004,0.3635477582846004,0.0,0.0,0.5,False
Fuzzy,0153,additive,positive,1.5,global_E_all,1026,386,0.3762183235867446,0.3762183235867446,0.0,0.0,0.5,False
Fuzzy,0153,additive,positive,2.0,pird,1026,1026,1.0,0.08284600389863547,0.9171539961013645,41.68947830400527,0.0,True
Fuzzy,0153,additive,positive,2.0,global,1026,386,0.3762183235867446,0.3762183235867446,0.0,0.0,0.5,False
Fuzzy,0153,additive,positive,2.0,or,1026,1026,1.0,0.37816764132553604,0.621832358674464,30.428063425844933,1.1686753543462867e-203,True
Fuzzy,0153,additive,positive,2.0,max,1026,372,0.36257309941520466,0.3567251461988304,0.005847953216374269,0.27600316679134435,0.3912728169644045,False
Fuzzy,0153,additive,positive,2.0,weighted_0.25,1026,396,0.38596491228070173,0.3567251461988304,0.029239766081871343,1.3706847853570767,0.08523661986014773,False
Fuzzy,0153,additive,positive,2.0,weighted_0.5,1026,757,0.7378167641325536,0.3469785575048733,0.3908382066276803,17.768577977882657,6.1894555916773544e-71,True
Fuzzy,0153,additive,positive,2.0,weighted_0.75,1026,1026,1.0,0.29922027290448344,0.7007797270955165,33.26886990004479,5.445901295851964e-243,True
Fuzzy,0153,additive,positive,3.0,pird,1026,1026,1.0,0.08284600389863547,0.9171539961013645,41.68947830400527,0.0,True
Fuzzy,0153,additive,positive,3.0,global,1026,386,0.3762183235867446,0.3762183235867446,0.0,0.0,0.5,False
Fuzzy,0153,additive,positive,3.0,or,1026,1026,1.0,0.37816764132553604,0.621832358674464,30.428063425844933,1.1686753543462867e-203,True
Fuzzy,0153,additive,positive,3.0,max,1026,1026,1.0,0.3567251461988304,0.6432748538011697,31.191842434886063,6.872805080806445e-214,True
Fuzzy,0153,additive,positive,3.0,weighted_0.25,1026,458,0.44639376218323584,0.3567251461988304,0.08966861598440545,4.142988390463658,1.714046527219684e-05,True
Fuzzy,0153,additive,positive,3.0,weighted_0.5,1026,1026,1.0,0.3469785575048733,0.6530214424951267,31.54075304664805,1.2005469123938359e-218,True
Fuzzy,0153,additive,positive,3.0,weighted_0.75,1026,1026,1.0,0.29922027290448344,0.7007797270955165,33.26886990004479,5.445901295851964e-243,True
Fuzzy,0153,additive,negative,0.25,pird,1026,69,0.06725146198830409,0.08284600389863547,-0.015594541910331383,-1.3406030292924112,0.9099753133950162,False
Fuzzy,0153,additive,negative,0.25,global,1026,386,0.3762183235867446,0.3762183235867446,0.0,0.0,0.5,False
Fuzzy,0153,additive,negative,0.25,or,1026,388,0.37816764132553604,0.37816764132553604,0.0,0.0,0.5,False
Fuzzy,0153,additive,negative,0.25,max,1026,367,0.35769980506822613,0.3567251461988304,0.0009746588693957392,0.04606958426056088,0.4816273942509759,False
Fuzzy,0153,additive,negative,0.25,weighted_0.25,1026,370,0.36062378167641324,0.3567251461988304,0.003898635477582846,0.1841118821424321,0.4269628426096869,False
Fuzzy,0153,additive,negative,0.25,weighted_0.5,1026,378,0.3684210526315789,0.3469785575048733,0.021442495126705652,1.0132243632135516,0.15547650294606946,False
Fuzzy,0153,additive,negative,0.25,weighted_0.75,1026,380,0.37037037037037035,0.29922027290448344,0.07115009746588691,3.4148123555165997,0.00031912982601994865,True
Fuzzy,0153,additive,negative,0.5,pird,1026,62,0.06042884990253411,0.08284600389863547,-0.022417153996101363,-1.9688396949716915,0.9755142488110573,False
Fuzzy,0153,additive,negative,0.5,global,1026,386,0.3762183235867446,0.3762183235867446,0.0,0.0,0.5,False
Fuzzy,0153,additive,negative,0.5,or,1026,388,0.37816764132553604,0.37816764132553604,0.0,0.0,0.5,False
Fuzzy,0153,additive,negative,0.5,max,1026,367,0.35769980506822613,0.3567251461988304,0.0009746588693957392,0.04606958426056088,0.4816273942509759,False
Fuzzy,0153,additive,negative,0.5,weighted_0.25,1026,370,0.36062378167641324,0.3567251461988304,0.003898635477582846,0.1841118821424321,0.4269628426096869,False
Fuzzy,0153,additive,negative,0.5,weighted_0.5,1026,382,0.3723196881091618,0.3469785575048733,0.025341130604288498,1.1960137227624923,0.11584560198790785,False
Fuzzy,0153,additive,negative,0.5,weighted_0.75,1026,390,0.38011695906432746,0.29922027290448344,0.08089668615984402,3.8688396842896484,5.467725534699233e-05,True
Fuzzy,0153,additive,negative,0.5,global_A_bus,1026,378,0.3684210526315789,0.3684210526315789,0.0,0.0,0.5,False
Fuzzy,0153,additive,negative,0.5,global_B_id_population,1026,356,0.3469785575048733,0.3469785575048733,0.0,0.0,0.5,False
Fuzzy,0153,additive,negative,0.5,global_C_cross_id,1026,396,0.38596491228070173,0.38693957115009747,-0.0009746588693957392,-0.04533558451653128,0.5180800878783389,False
Fuzzy,0153,additive,negative,0.5,global_D_bus_idpop,1026,373,0.3635477582846004,0.3635477582846004,0.0,0.0,0.5,False
Fuzzy,0153,additive,negative,0.5,global_E_all,1026,386,0.3762183235867446,0.3762183235867446,0.0,0.0,0.5,False
Fuzzy,0153,additive,negative,0.75,pird,1026,55,0.05360623781676413,0.08284600389863547,-0.029239766081871343,-2.6266485729237847,0.9956884830457114,False
Fuzzy,0153,additive,negative,0.75,global,1026,386,0.3762183235867446,0.3762183235867446,0.0,0.0,0.5,False
Fuzzy,0153,additive,negative,0.75,or,1026,388,0.37816764132553604,0.37816764132553604,0.0,0.0,0.5,False
Fuzzy,0153,additive,negative,0.75,max,1026,367,0.35769980506822613,0.3567251461988304,0.0009746588693957392,0.04606958426056088,0.4816273942509759,False
Fuzzy,0153,additive,negative,0.75,weighted_0.25,1026,370,0.36062378167641324,0.3567251461988304,0.003898635477582846,0.1841118821424321,0.4269628426096869,False
Fuzzy,0153,additive,negative,0.75,weighted_0.5,1026,382,0.3723196881091618,0.3469785575048733,0.025341130604288498,1.1960137227624923,0.11584560198790785,False
Fuzzy,0153,additive,negative,0.75,weighted_0.75,1026,406,0.39571150097465885,0.29922027290448344,0.0964912280701754,4.5897477687808195,2.2189097133271517e-06,True
Fuzzy,0153,additive,negative,1.0,pird,1026,54,0.05263157894736842,0.08284600389863547,-0.030214424951267055,-2.7232372997844743,0.9967677197317034,False
Fuzzy,0153,additive,negative,1.0,global,1026,386,0.3762183235867446,0.3762183235867446,0.0,0.0,0.5,False
Fuzzy,0153,additive,negative,1.0,or,1026,388,0.37816764132553604,0.37816764132553604,0.0,0.0,0.5,False
Fuzzy,0153,additive,negative,1.0,max,1026,367,0.35769980506822613,0.3567251461988304,0.0009746588693957392,0.04606958426056088,0.4816273942509759,False
Fuzzy,0153,additive,negative,1.0,weighted_0.25,1026,370,0.36062378167641324,0.3567251461988304,0.003898635477582846,0.1841118821424321,0.4269628426096869,False
Fuzzy,0153,additive,negative,1.0,weighted_0.5,1026,383,0.3732943469785575,0.3469785575048733,0.026315789473684237,1.2416461897167785,0.1071835658751986,False
Fuzzy,0153,additive,negative,1.0,weighted_0.75,1026,414,0.40350877192982454,0.29922027290448344,0.1042884990253411,4.947841692445018,3.752044960867217e-07,True
Fuzzy,0153,additive,negative,1.0,global_A_bus,1026,378,0.3684210526315789,0.3684210526315789,0.0,0.0,0.5,False
Fuzzy,0153,additive,negative,1.0,global_B_id_population,1026,356,0.3469785575048733,0.3469785575048733,0.0,0.0,0.5,False
Fuzzy,0153,additive,negative,1.0,global_C_cross_id,1026,395,0.38499025341130605,0.38693957115009747,-0.001949317738791423,-0.0906923823984585,0.5361314881736601,False
Fuzzy,0153,additive,negative,1.0,global_D_bus_idpop,1026,373,0.3635477582846004,0.3635477582846004,0.0,0.0,0.5,False
Fuzzy,0153,additive,negative,1.0,global_E_all,1026,386,0.3762183235867446,0.3762183235867446,0.0,0.0,0.5,False
Fuzzy,0153,additive,negative,1.5,pird,1026,41,0.03996101364522417,0.08284600389863547,-0.042884990253411304,-4.046019213137181,0.9999739520204566,False
Fuzzy,0153,additive,negative,1.5,global,1026,386,0.3762183235867446,0.3762183235867446,0.0,0.0,0.5,False
Fuzzy,0153,additive,negative,1.5,or,1026,387,0.37719298245614036,0.37816764132553604,-0.0009746588693956837,-0.045534689380173445,0.5181594372817283,False
Fuzzy,0153,additive,negative,1.5,max,1026,367,0.35769980506822613,0.3567251461988304,0.0009746588693957392,0.04606958426056088,0.4816273942509759,False
Fuzzy,0153,additive,negative,1.5,weighted_0.25,1026,372,0.36257309941520466,0.3567251461988304,0.005847953216374269,0.27600316679134435,0.3912728169644045,False
Fuzzy,0153,additive,negative,1.5,weighted_0.5,1026,384,0.3742690058479532,0.3469785575048733,0.02729044834307992,1.2872530578985688,0.09900304968558217,False
Fuzzy,0153,additive,negative,1.5,weighted_0.75,1026,431,0.42007797270955166,0.29922027290448344,0.12085769980506822,5.704065447021117,5.849156320703213e-09,True
Fuzzy,0153,additive,negative,1.5,global_A_bus,1026,378,0.3684210526315789,0.3684210526315789,0.0,0.0,0.5,False
Fuzzy,0153,additive,negative,1.5,global_B_id_population,1026,356,0.3469785575048733,0.3469785575048733,0.0,0.0,0.5,False
Fuzzy,0153,additive,negative,1.5,global_C_cross_id,1026,395,0.38499025341130605,0.38693957115009747,-0.001949317738791423,-0.0906923823984585,0.5361314881736601,False
Fuzzy,0153,additive,negative,1.5,global_D_bus_idpop,1026,373,0.3635477582846004,0.3635477582846004,0.0,0.0,0.5,False
Fuzzy,0153,additive,negative,1.5,global_E_all,1026,386,0.3762183235867446,0.3762183235867446,0.0,0.0,0.5,False
Fuzzy,0153,additive,negative,2.0,pird,1026,31,0.030214424951267055,0.08284600389863547,-0.05263157894736842,-5.16179517044121,0.99999987770358,False
Fuzzy,0153,additive,negative,2.0,global,1026,386,0.3762183235867446,0.3762183235867446,0.0,0.0,0.5,False
Fuzzy,0153,additive,negative,2.0,or,1026,386,0.3762183235867446,0.37816764132553604,-0.001949317738791423,-0.09109253048502311,0.5362904661113405,False
Fuzzy,0153,additive,negative,2.0,max,1026,367,0.35769980506822613,0.3567251461988304,0.0009746588693957392,0.04606958426056088,0.4816273942509759,False
Fuzzy,0153,additive,negative,2.0,weighted_0.25,1026,372,0.36257309941520466,0.3567251461988304,0.005847953216374269,0.27600316679134435,0.3912728169644045,False
Fuzzy,0153,additive,negative,2.0,weighted_0.5,1026,387,0.37719298245614036,0.3469785575048733,0.030214424951267083,1.4239218093482242,0.07723455386321897,False
Fuzzy,0153,additive,negative,2.0,weighted_0.75,1026,456,0.4444444444444444,0.29922027290448344,0.14522417153996098,6.8059102696086295,5.020614308462616e-12,True
Fuzzy,0153,additive,negative,3.0,pird,1026,161,0.15692007797270954,0.08284600389863547,0.07407407407407407,5.165065626418377,1.2017728891251878e-07,True
Fuzzy,0153,additive,negative,3.0,global,1026,386,0.3762183235867446,0.3762183235867446,0.0,0.0,0.5,False
Fuzzy,0153,additive,negative,3.0,or,1026,480,0.4678362573099415,0.37816764132553604,0.08966861598440545,4.110936720795076,1.970285973998222e-05,True
Fuzzy,0153,additive,negative,3.0,max,1026,367,0.35769980506822613,0.3567251461988304,0.0009746588693957392,0.04606958426056088,0.4816273942509759,False
Fuzzy,0153,additive,negative,3.0,weighted_0.25,1026,378,0.3684210526315789,0.3567251461988304,0.011695906432748537,0.5510355072189452,0.29080466712082553,False
Fuzzy,0153,additive,negative,3.0,weighted_0.5,1026,393,0.3830409356725146,0.3469785575048733,0.03606237816764135,1.6965914950961989,0.04488695942835169,True
Fuzzy,0153,additive,negative,3.0,weighted_0.75,1026,588,0.5730994152046783,0.29922027290448344,0.2738791423001949,12.508833187495442,3.339910381954034e-36,True
Fuzzy,0153,mean_shift,positive,0.25,pird,1026,0,0.0,0.08284600389863547,-0.08284600389863547,-9.416639860012564,1.0,False
Fuzzy,0153,mean_shift,positive,0.25,global,1026,386,0.3762183235867446,0.3762183235867446,0.0,0.0,0.5,False
Fuzzy,0153,mean_shift,positive,0.25,or,1026,386,0.3762183235867446,0.37816764132553604,-0.001949317738791423,-0.09109253048502311,0.5362904661113405,False
Fuzzy,0153,mean_shift,positive,0.25,max,1026,366,0.3567251461988304,0.3567251461988304,0.0,0.0,0.5,False
Fuzzy,0153,mean_shift,positive,0.25,weighted_0.25,1026,379,0.36939571150097467,0.3567251461988304,0.012670565302144277,0.5967825287552455,0.2753262920161248,False
Fuzzy,0153,mean_shift,positive,0.25,weighted_0.5,1026,394,0.3840155945419103,0.3469785575048733,0.037037037037037035,1.7419518688425508,0.04075843334520561,True
Fuzzy,0153,mean_shift,positive,0.25,weighted_0.75,1026,620,0.6042884990253411,0.29922027290448344,0.30506822612085766,13.884072968716607,3.9558683111541023e-44,True
Fuzzy,0153,mean_shift,positive,0.5,pird,1026,1026,1.0,0.08284600389863547,0.9171539961013645,41.68947830400527,0.0,True
Fuzzy,0153,mean_shift,positive,0.5,global,1026,386,0.3762183235867446,0.3762183235867446,0.0,0.0,0.5,False
Fuzzy,0153,mean_shift,positive,0.5,or,1026,1026,1.0,0.37816764132553604,0.621832358674464,30.428063425844933,1.1686753543462867e-203,True
Fuzzy,0153,mean_shift,positive,0.5,max,1026,366,0.3567251461988304,0.3567251461988304,0.0,0.0,0.5,False
Fuzzy,0153,mean_shift,positive,0.5,weighted_0.25,1026,386,0.3762183235867446,0.3567251461988304,0.01949317738791423,0.9163008246800441,0.1797545677997172,False
Fuzzy,0153,mean_shift,positive,0.5,weighted_0.5,1026,410,0.3996101364522417,0.3469785575048733,0.05263157894736842,2.4646063831217475,0.006858191953088885,True
Fuzzy,0153,mean_shift,positive,0.5,weighted_0.75,1026,903,0.8801169590643275,0.29922027290448344,0.5808966861598441,26.747685434734464,6.568774368140355e-158,True
Fuzzy,0153,mean_shift,positive,0.5,global_A_bus,1026,378,0.3684210526315789,0.3684210526315789,0.0,0.0,0.5,False
Fuzzy,0153,mean_shift,positive,0.5,global_B_id_population,1026,356,0.3469785575048733,0.3469785575048733,0.0,0.0,0.5,False
Fuzzy,0153,mean_shift,positive,0.5,global_C_cross_id,1026,396,0.38596491228070173,0.38693957115009747,-0.0009746588693957392,-0.04533558451653128,0.5180800878783389,False
Fuzzy,0153,mean_shift,positive,0.5,global_D_bus_idpop,1026,373,0.3635477582846004,0.3635477582846004,0.0,0.0,0.5,False
Fuzzy,0153,mean_shift,positive,0.5,global_E_all,1026,386,0.3762183235867446,0.3762183235867446,0.0,0.0,0.5,False
Fuzzy,0153,mean_shift,positive,0.75,pird,1026,1026,1.0,0.08284600389863547,0.9171539961013645,41.68947830400527,0.0,True
Fuzzy,0153,mean_shift,positive,0.75,global,1026,386,0.3762183235867446,0.3762183235867446,0.0,0.0,0.5,False
Fuzzy,0153,mean_shift,positive,0.75,or,1026,1026,1.0,0.37816764132553604,0.621832358674464,30.428063425844933,1.1686753543462867e-203,True
Fuzzy,0153,mean_shift,positive,0.75,max,1026,366,0.3567251461988304,0.3567251461988304,0.0,0.0,0.5,False
Fuzzy,0153,mean_shift,positive,0.75,weighted_0.25,1026,389,0.3791423001949318,0.3567251461988304,0.02241715399610139,1.0528658764968883,0.14620123369963364,False
Fuzzy,0153,mean_shift,positive,0.75,weighted_0.5,1026,452,0.4405458089668616,0.3469785575048733,0.0935672514619883,4.337545472116317,7.204136591240656e-06,True
Fuzzy,0153,mean_shift,positive,0.75,weighted_0.75,1026,1026,1.0,0.29922027290448344,0.7007797270955165,33.26886990004479,5.445901295851964e-243,True
Fuzzy,0153,mean_shift,positive,1.0,pird,1026,1026,1.0,0.08284600389863547,0.9171539961013645,41.68947830400527,0.0,True
Fuzzy,0153,mean_shift,positive,1.0,global,1026,386,0.3762183235867446,0.3762183235867446,0.0,0.0,0.5,False
Fuzzy,0153,mean_shift,positive,1.0,or,1026,1026,1.0,0.37816764132553604,0.621832358674464,30.428063425844933,1.1686753543462867e-203,True
Fuzzy,0153,mean_shift,positive,1.0,max,1026,366,0.3567251461988304,0.3567251461988304,0.0,0.0,0.5,False
Fuzzy,0153,mean_shift,positive,1.0,weighted_0.25,1026,391,0.3810916179337232,0.3567251461988304,0.024366471734892814,1.1437888614197624,0.12635560514759622,False
Fuzzy,0153,mean_shift,positive,1.0,weighted_0.5,1026,525,0.5116959064327485,0.3469785575048733,0.16471734892787526,7.53718163213172,2.4011861619528737e-14,True
Fuzzy,0153,mean_shift,positive,1.0,weighted_0.75,1026,1026,1.0,0.29922027290448344,0.7007797270955165,33.26886990004479,5.445901295851964e-243,True
Fuzzy,0153,mean_shift,positive,1.0,global_A_bus,1026,378,0.3684210526315789,0.3684210526315789,0.0,0.0,0.5,False
Fuzzy,0153,mean_shift,positive,1.0,global_B_id_population,1026,356,0.3469785575048733,0.3469785575048733,0.0,0.0,0.5,False
Fuzzy,0153,mean_shift,positive,1.0,global_C_cross_id,1026,389,0.3791423001949318,0.38693957115009747,-0.007797270955165692,-0.36328757063462236,0.6418049613899525,False
Fuzzy,0153,mean_shift,positive,1.0,global_D_bus_idpop,1026,373,0.3635477582846004,0.3635477582846004,0.0,0.0,0.5,False
Fuzzy,0153,mean_shift,positive,1.0,global_E_all,1026,386,0.3762183235867446,0.3762183235867446,0.0,0.0,0.5,False
Fuzzy,0153,mean_shift,positive,1.5,pird,1026,1026,1.0,0.08284600389863547,0.9171539961013645,41.68947830400527,0.0,True
Fuzzy,0153,mean_shift,positive,1.5,global,1026,386,0.3762183235867446,0.3762183235867446,0.0,0.0,0.5,False
Fuzzy,0153,mean_shift,positive,1.5,or,1026,1026,1.0,0.37816764132553604,0.621832358674464,30.428063425844933,1.1686753543462867e-203,True
Fuzzy,0153,mean_shift,positive,1.5,max,1026,366,0.3567251461988304,0.3567251461988304,0.0,0.0,0.5,False
Fuzzy,0153,mean_shift,positive,1.5,weighted_0.25,1026,394,0.3840155945419103,0.3567251461988304,0.02729044834307992,1.2799961300251095,0.10027324848126745,False
Fuzzy,0153,mean_shift,positive,1.5,weighted_0.5,1026,717,0.6988304093567251,0.3469785575048733,0.35185185185185186,15.955288934382036,1.30879724829507e-57,True
Fuzzy,0153,mean_shift,positive,1.5,weighted_0.75,1026,1026,1.0,0.29922027290448344,0.7007797270955165,33.26886990004479,5.445901295851964e-243,True
Fuzzy,0153,mean_shift,positive,1.5,global_A_bus,1026,378,0.3684210526315789,0.3684210526315789,0.0,0.0,0.5,False
Fuzzy,0153,mean_shift,positive,1.5,global_B_id_population,1026,356,0.3469785575048733,0.3469785575048733,0.0,0.0,0.5,False
Fuzzy,0153,mean_shift,positive,1.5,global_C_cross_id,1026,383,0.3732943469785575,0.38693957115009747,-0.01364522417153996,-0.6366868159436919,0.7378355685161617,False
Fuzzy,0153,mean_shift,positive,1.5,global_D_bus_idpop,1026,373,0.3635477582846004,0.3635477582846004,0.0,0.0,0.5,False
Fuzzy,0153,mean_shift,positive,1.5,global_E_all,1026,386,0.3762183235867446,0.3762183235867446,0.0,0.0,0.5,False
Fuzzy,0153,mean_shift,positive,2.0,pird,1026,1026,1.0,0.08284600389863547,0.9171539961013645,41.68947830400527,0.0,True
Fuzzy,0153,mean_shift,positive,2.0,global,1026,386,0.3762183235867446,0.3762183235867446,0.0,0.0,0.5,False
Fuzzy,0153,mean_shift,positive,2.0,or,1026,1026,1.0,0.37816764132553604,0.621832358674464,30.428063425844933,1.1686753543462867e-203,True
Fuzzy,0153,mean_shift,positive,2.0,max,1026,1026,1.0,0.3567251461988304,0.6432748538011697,31.191842434886063,6.872805080806445e-214,True
Fuzzy,0153,mean_shift,positive,2.0,weighted_0.25,1026,406,0.39571150097465885,0.3567251461988304,0.03898635477582846,1.8227832729382907,0.03416811106559072,True
Fuzzy,0153,mean_shift,positive,2.0,weighted_0.5,1026,968,0.9434697855750487,0.3469785575048733,0.5964912280701754,28.237771406507544,1.005691165584617e-175,True
Fuzzy,0153,mean_shift,positive,2.0,weighted_0.75,1026,1026,1.0,0.29922027290448344,0.7007797270955165,33.26886990004479,5.445901295851964e-243,True
Fuzzy,0153,mean_shift,positive,3.0,pird,1026,1026,1.0,0.08284600389863547,0.9171539961013645,41.68947830400527,0.0,True
Fuzzy,0153,mean_shift,positive,3.0,global,1026,386,0.3762183235867446,0.3762183235867446,0.0,0.0,0.5,False
Fuzzy,0153,mean_shift,positive,3.0,or,1026,1026,1.0,0.37816764132553604,0.621832358674464,30.428063425844933,1.1686753543462867e-203,True
Fuzzy,0153,mean_shift,positive,3.0,max,1026,1026,1.0,0.3567251461988304,0.6432748538011697,31.191842434886063,6.872805080806445e-214,True
Fuzzy,0153,mean_shift,positive,3.0,weighted_0.25,1026,502,0.48927875243664715,0.3567251461988304,0.13255360623781676,6.077036891610112,6.121180289071254e-10,True
Fuzzy,0153,mean_shift,positive,3.0,weighted_0.5,1026,1026,1.0,0.3469785575048733,0.6530214424951267,31.54075304664805,1.2005469123938359e-218,True
Fuzzy,0153,mean_shift,positive,3.0,weighted_0.75,1026,1026,1.0,0.29922027290448344,0.7007797270955165,33.26886990004479,5.445901295851964e-243,True
Fuzzy,0153,mean_shift,negative,0.25,pird,1026,0,0.0,0.08284600389863547,-0.08284600389863547,-9.416639860012564,1.0,False
Fuzzy,0153,mean_shift,negative,0.25,global,1026,386,0.3762183235867446,0.3762183235867446,0.0,0.0,0.5,False
Fuzzy,0153,mean_shift,negative,0.25,or,1026,386,0.3762183235867446,0.37816764132553604,-0.001949317738791423,-0.09109253048502311,0.5362904661113405,False
Fuzzy,0153,mean_shift,negative,0.25,max,1026,366,0.3567251461988304,0.3567251461988304,0.0,0.0,0.5,False
Fuzzy,0153,mean_shift,negative,0.25,weighted_0.25,1026,368,0.3586744639376218,0.3567251461988304,0.001949317738791423,0.09211130574668652,0.4633048029775851,False
Fuzzy,0153,mean_shift,negative,0.25,weighted_0.5,1026,368,0.3586744639376218,0.3469785575048733,0.011695906432748537,0.5543724042230714,0.2896620039556829,False
Fuzzy,0153,mean_shift,negative,0.25,weighted_0.75,1026,336,0.32748538011695905,0.29922027290448344,0.028265107212475604,1.3801481038812733,0.08377052440615886,False
Fuzzy,0153,mean_shift,negative,0.5,pird,1026,0,0.0,0.08284600389863547,-0.08284600389863547,-9.416639860012564,1.0,False
Fuzzy,0153,mean_shift,negative,0.5,global,1026,386,0.3762183235867446,0.3762183235867446,0.0,0.0,0.5,False
Fuzzy,0153,mean_shift,negative,0.5,or,1026,386,0.3762183235867446,0.37816764132553604,-0.001949317738791423,-0.09109253048502311,0.5362904661113405,False
Fuzzy,0153,mean_shift,negative,0.5,max,1026,366,0.3567251461988304,0.3567251461988304,0.0,0.0,0.5,False
Fuzzy,0153,mean_shift,negative,0.5,weighted_0.25,1026,368,0.3586744639376218,0.3567251461988304,0.001949317738791423,0.09211130574668652,0.4633048029775851,False
Fuzzy,0153,mean_shift,negative,0.5,weighted_0.5,1026,369,0.35964912280701755,0.3469785575048733,0.012670565302144277,0.6003818653337274,0.27412588540521965,False
Fuzzy,0153,mean_shift,negative,0.5,weighted_0.75,1026,344,0.33528265107212474,0.29922027290448344,0.036062378167641296,1.7550150309355004,0.03962836838102691,True
Fuzzy,0153,mean_shift,negative,0.5,global_A_bus,1026,378,0.3684210526315789,0.3684210526315789,0.0,0.0,0.5,False
Fuzzy,0153,mean_shift,negative,0.5,global_B_id_population,1026,356,0.3469785575048733,0.3469785575048733,0.0,0.0,0.5,False
Fuzzy,0153,mean_shift,negative,0.5,global_C_cross_id,1026,397,0.38693957115009747,0.38693957115009747,0.0,0.0,0.5,False
Fuzzy,0153,mean_shift,negative,0.5,global_D_bus_idpop,1026,373,0.3635477582846004,0.3635477582846004,0.0,0.0,0.5,False
Fuzzy,0153,mean_shift,negative,0.5,global_E_all,1026,386,0.3762183235867446,0.3762183235867446,0.0,0.0,0.5,False
Fuzzy,0153,mean_shift,negative,0.75,pird,1026,0,0.0,0.08284600389863547,-0.08284600389863547,-9.416639860012564,1.0,False
Fuzzy,0153,mean_shift,negative,0.75,global,1026,386,0.3762183235867446,0.3762183235867446,0.0,0.0,0.5,False
Fuzzy,0153,mean_shift,negative,0.75,or,1026,386,0.3762183235867446,0.37816764132553604,-0.001949317738791423,-0.09109253048502311,0.5362904661113405,False
Fuzzy,0153,mean_shift,negative,0.75,max,1026,367,0.35769980506822613,0.3567251461988304,0.0009746588693957392,0.04606958426056088,0.4816273942509759,False
Fuzzy,0153,mean_shift,negative,0.75,weighted_0.25,1026,369,0.35964912280701755,0.3567251461988304,0.002923976608187162,0.13812534504296706,0.4450706776569602,False
Fuzzy,0153,mean_shift,negative,0.75,weighted_0.5,1026,380,0.37037037037037035,0.3469785575048733,0.023391812865497075,1.1046712928545928,0.13465102340377041,False
Fuzzy,0153,mean_shift,negative,0.75,weighted_0.75,1026,383,0.3732943469785575,0.29922027290448344,0.07407407407407407,3.551314800587396,0.00019165582462850192,True
Fuzzy,0153,mean_shift,negative,1.0,pird,1026,0,0.0,0.08284600389863547,-0.08284600389863547,-9.416639860012564,1.0,False
Fuzzy,0153,mean_shift,negative,1.0,global,1026,386,0.3762183235867446,0.3762183235867446,0.0,0.0,0.5,False
Fuzzy,0153,mean_shift,negative,1.0,or,1026,386,0.3762183235867446,0.37816764132553604,-0.001949317738791423,-0.09109253048502311,0.5362904661113405,False
Fuzzy,0153,mean_shift,negative,1.0,max,1026,367,0.35769980506822613,0.3567251461988304,0.0009746588693957392,0.04606958426056088,0.4816273942509759,False
Fuzzy,0153,mean_shift,negative,1.0,weighted_0.25,1026,370,0.36062378167641324,0.3567251461988304,0.003898635477582846,0.1841118821424321,0.4269628426096869,False
Fuzzy,0153,mean_shift,negative,1.0,weighted_0.5,1026,384,0.3742690058479532,0.3469785575048733,0.02729044834307992,1.2872530578985688,0.09900304968558217,False
Fuzzy,0153,mean_shift,negative,1.0,weighted_0.75,1026,390,0.38011695906432746,0.29922027290448344,0.08089668615984402,3.8688396842896484,5.467725534699233e-05,True
Fuzzy,0153,mean_shift,negative,1.0,global_A_bus,1026,378,0.3684210526315789,0.3684210526315789,0.0,0.0,0.5,False
Fuzzy,0153,mean_shift,negative,1.0,global_B_id_population,1026,356,0.3469785575048733,0.3469785575048733,0.0,0.0,0.5,False
Fuzzy,0153,mean_shift,negative,1.0,global_C_cross_id,1026,395,0.38499025341130605,0.38693957115009747,-0.001949317738791423,-0.0906923823984585,0.5361314881736601,False
Fuzzy,0153,mean_shift,negative,1.0,global_D_bus_idpop,1026,373,0.3635477582846004,0.3635477582846004,0.0,0.0,0.5,False
Fuzzy,0153,mean_shift,negative,1.0,global_E_all,1026,386,0.3762183235867446,0.3762183235867446,0.0,0.0,0.5,False
Fuzzy,0153,mean_shift,negative,1.5,pird,1026,0,0.0,0.08284600389863547,-0.08284600389863547,-9.416639860012564,1.0,False
Fuzzy,0153,mean_shift,negative,1.5,global,1026,386,0.3762183235867446,0.3762183235867446,0.0,0.0,0.5,False
Fuzzy,0153,mean_shift,negative,1.5,or,1026,386,0.3762183235867446,0.37816764132553604,-0.001949317738791423,-0.09109253048502311,0.5362904661113405,False
Fuzzy,0153,mean_shift,negative,1.5,max,1026,367,0.35769980506822613,0.3567251461988304,0.0009746588693957392,0.04606958426056088,0.4816273942509759,False
Fuzzy,0153,mean_shift,negative,1.5,weighted_0.25,1026,372,0.36257309941520466,0.3567251461988304,0.005847953216374269,0.27600316679134435,0.3912728169644045,False
Fuzzy,0153,mean_shift,negative,1.5,weighted_0.5,1026,385,0.37524366471734893,0.3469785575048733,0.02826510721247566,1.3328345015358904,0.09129306037628589,False
Fuzzy,0153,mean_shift,negative,1.5,weighted_0.75,1026,392,0.3820662768031189,0.29922027290448344,0.08284600389863545,3.959315569855017,3.758243200045312e-05,True
Fuzzy,0153,mean_shift,negative,1.5,global_A_bus,1026,378,0.3684210526315789,0.3684210526315789,0.0,0.0,0.5,False
Fuzzy,0153,mean_shift,negative,1.5,global_B_id_population,1026,356,0.3469785575048733,0.3469785575048733,0.0,0.0,0.5,False
Fuzzy,0153,mean_shift,negative,1.5,global_C_cross_id,1026,395,0.38499025341130605,0.38693957115009747,-0.001949317738791423,-0.0906923823984585,0.5361314881736601,False
Fuzzy,0153,mean_shift,negative,1.5,global_D_bus_idpop,1026,373,0.3635477582846004,0.3635477582846004,0.0,0.0,0.5,False
Fuzzy,0153,mean_shift,negative,1.5,global_E_all,1026,386,0.3762183235867446,0.3762183235867446,0.0,0.0,0.5,False
Fuzzy,0153,mean_shift,negative,2.0,pird,1026,0,0.0,0.08284600389863547,-0.08284600389863547,-9.416639860012564,1.0,False
Fuzzy,0153,mean_shift,negative,2.0,global,1026,386,0.3762183235867446,0.3762183235867446,0.0,0.0,0.5,False
Fuzzy,0153,mean_shift,negative,2.0,or,1026,386,0.3762183235867446,0.37816764132553604,-0.001949317738791423,-0.09109253048502311,0.5362904661113405,False
Fuzzy,0153,mean_shift,negative,2.0,max,1026,367,0.35769980506822613,0.3567251461988304,0.0009746588693957392,0.04606958426056088,0.4816273942509759,False
Fuzzy,0153,mean_shift,negative,2.0,weighted_0.25,1026,373,0.3635477582846004,0.3567251461988304,0.006822612085770008,0.32190827140805467,0.37376109339300734,False
Fuzzy,0153,mean_shift,negative,2.0,weighted_0.5,1026,389,0.3791423001949318,0.3469785575048733,0.032163742690058506,1.514909496071006,0.06489766260913751,False
Fuzzy,0153,mean_shift,negative,2.0,weighted_0.75,1026,399,0.3888888888888889,0.29922027290448344,0.08966861598440545,4.275152637139705,9.550319475046654e-06,True
Fuzzy,0153,mean_shift,negative,3.0,pird,1026,0,0.0,0.08284600389863547,-0.08284600389863547,-9.416639860012564,1.0,False
Fuzzy,0153,mean_shift,negative,3.0,global,1026,386,0.3762183235867446,0.3762183235867446,0.0,0.0,0.5,False
Fuzzy,0153,mean_shift,negative,3.0,or,1026,386,0.3762183235867446,0.37816764132553604,-0.001949317738791423,-0.09109253048502311,0.5362904661113405,False
Fuzzy,0153,mean_shift,negative,3.0,max,1026,367,0.35769980506822613,0.3567251461988304,0.0009746588693957392,0.04606958426056088,0.4816273942509759,False
Fuzzy,0153,mean_shift,negative,3.0,weighted_0.25,1026,378,0.3684210526315789,0.3567251461988304,0.011695906432748537,0.5510355072189452,0.29080466712082553,False
Fuzzy,0153,mean_shift,negative,3.0,weighted_0.5,1026,393,0.3830409356725146,0.3469785575048733,0.03606237816764135,1.6965914950961989,0.04488695942835169,True
Fuzzy,0153,mean_shift,negative,3.0,weighted_0.75,1026,502,0.48927875243664715,0.29922027290448344,0.1900584795321637,8.808733367028996,6.328392082068426e-19,True
RPM,0002,additive,positive,0.25,pird,1061,3,0.002827521206409048,0.002827521206409048,0.0,0.0,0.5,False
RPM,0002,additive,positive,0.25,global,1061,9,0.008482563619227144,0.008482563619227144,0.0,0.0,0.5,False
RPM,0002,additive,positive,0.25,or,1061,12,0.011310084825636193,0.011310084825636193,0.0,0.0,0.5,False
RPM,0002,additive,positive,0.25,max,1061,5,0.00471253534401508,0.00471253534401508,0.0,0.0,0.5,False
RPM,0002,additive,positive,0.25,weighted_0.25,1061,13,0.012252591894439209,0.010367577756833177,0.0018850141376060316,0.41057672164859466,0.34069146786590554,False
RPM,0002,additive,positive,0.25,weighted_0.5,1061,12,0.011310084825636193,0.00942507068803016,0.0018850141376060333,0.42862914474279973,0.3340965661232205,False
RPM,0002,additive,positive,0.25,weighted_0.75,1061,7,0.006597549481621112,0.00471253534401508,0.0018850141376060324,0.5789896958759196,0.28129806295557114,False
RPM,0002,additive,positive,0.5,pird,1061,14,0.013195098963242224,0.002827521206409048,0.010367577756833175,2.6786431722229604,0.0036960561150897247,True
RPM,0002,additive,positive,0.5,global,1061,9,0.008482563619227144,0.008482563619227144,0.0,0.0,0.5,False
RPM,0002,additive,positive,0.5,or,1061,23,0.021677662582469368,0.011310084825636193,0.010367577756833175,1.874865546095341,0.030405611514492226,True
RPM,0002,additive,positive,0.5,max,1061,16,0.015080113100848256,0.00471253534401508,0.010367577756833175,2.4123632365258367,0.007924741215142585,True
RPM,0002,additive,positive,0.5,weighted_0.25,1061,14,0.013195098963242224,0.010367577756833177,0.0028275212064090473,0.6035659412968579,0.27306613116460077,False
RPM,0002,additive,positive,0.5,weighted_0.5,1061,27,0.02544769085768143,0.00942507068803016,0.016022620169651274,2.819471568134824,0.0024051396099766193,True
RPM,0002,additive,positive,0.5,weighted_0.75,1061,18,0.016965127238454288,0.00471253534401508,0.012252591894439207,2.725498232926493,0.003210226006251566,True
RPM,0002,additive,positive,0.5,global_A_bus,1061,57,0.05372290292177191,0.05372290292177191,0.0,0.0,0.5,False
RPM,0002,additive,positive,0.5,global_B_id_population,1061,3,0.002827521206409048,0.002827521206409048,0.0,0.0,0.5,False
RPM,0002,additive,positive,0.5,global_C_cross_id,1061,7,0.006597549481621112,0.007540056550424128,-0.0009425070688030158,-0.25911633509815046,0.6022272592349462,False
RPM,0002,additive,positive,0.5,global_D_bus_idpop,1061,17,0.016022620169651274,0.016022620169651274,0.0,0.0,0.5,False
RPM,0002,additive,positive,0.5,global_E_all,1061,9,0.008482563619227144,0.008482563619227144,0.0,0.0,0.5,False
RPM,0002,additive,positive,0.75,pird,1061,42,0.03958529688972667,0.002827521206409048,0.036757775683317624,5.876419506032655,2.0961755698092526e-09,True
RPM,0002,additive,positive,0.75,global,1061,9,0.008482563619227144,0.008482563619227144,0.0,0.0,0.5,False
RPM,0002,additive,positive,0.75,or,1061,51,0.04806786050895382,0.011310084825636193,0.03675777568331763,4.988142465246008,3.0481303694422023e-07,True
RPM,0002,additive,positive,0.75,max,1061,44,0.04147031102733271,0.00471253534401508,0.03675777568331763,5.636890594467669,8.657401839407986e-09,True
RPM,0002,additive,positive,0.75,weighted_0.25,1061,17,0.016022620169651274,0.010367577756833177,0.005655042412818096,1.1414491941350915,0.12684152146729122,False
RPM,0002,additive,positive,0.75,weighted_0.5,1061,45,0.04241281809613572,0.00942507068803016,0.03298774740810556,4.781775153652731,8.687698217259136e-07,True
RPM,0002,additive,positive,0.75,weighted_0.75,1061,39,0.036757775683317624,0.00471253534401508,0.03204524033930255,5.179674836446983,1.1113650142656513e-07,True
RPM,0002,additive,positive,1.0,pird,1061,88,0.08294062205466542,0.002827521206409048,0.08011310084825637,9.107851848902797,4.201460288440543e-20,True
RPM,0002,additive,positive,1.0,global,1061,9,0.008482563619227144,0.008482563619227144,0.0,0.0,0.5,False
RPM,0002,additive,positive,1.0,or,1061,97,0.09142318567389256,0.011310084825636193,0.08011310084825636,8.35904145594301,3.1614945366186786e-17,True
RPM,0002,additive,positive,1.0,max,1061,90,0.08482563619227144,0.00471253534401508,0.08011310084825636,8.922836569015416,2.2724758383108677e-19,True
RPM,0002,additive,positive,1.0,weighted_0.25,1061,26,0.024505183788878417,0.010367577756833177,0.01413760603204524,2.487769030707198,0.006427359344527511,True
RPM,0002,additive,positive,1.0,weighted_0.5,1061,72,0.06786050895381715,0.00942507068803016,0.05843543826578699,6.983005263207096,1.4446579152353415e-12,True
RPM,0002,additive,positive,1.0,weighted_0.75,1061,86,0.08105560791705937,0.00471253534401508,0.07634307257304429,8.679247056013251,1.991987233293055e-18,True
RPM,0002,additive,positive,1.0,global_A_bus,1061,58,0.05466540999057493,0.05372290292177191,0.000942507068803021,0.09588486990944092,0.46180600563551105,False
RPM,0002,additive,positive,1.0,global_B_id_population,1061,3,0.002827521206409048,0.002827521206409048,0.0,0.0,0.5,False
RPM,0002,additive,positive,1.0,global_C_cross_id,1061,7,0.006597549481621112,0.007540056550424128,-0.0009425070688030158,-0.25911633509815046,0.6022272592349462,False
RPM,0002,additive,positive,1.0,global_D_bus_idpop,1061,17,0.016022620169651274,0.016022620169651274,0.0,0.0,0.5,False
RPM,0002,additive,positive,1.0,global_E_all,1061,9,0.008482563619227144,0.008482563619227144,0.0,0.0,0.5,False
RPM,0002,additive,positive,1.5,pird,1061,264,0.24882186616399624,0.002827521206409048,0.24599434495758718,17.083844488635663,9.78915985753561e-66,True
RPM,0002,additive,positive,1.5,global,1061,9,0.008482563619227144,0.008482563619227144,0.0,0.0,0.5,False
RPM,0002,additive,positive,1.5,or,1061,272,0.2563619227144204,0.011310084825636193,0.24505183788878418,16.577312108417136,5.083792069616878e-62,True
RPM,0002,additive,positive,1.5,max,1061,266,0.25070688030160226,0.00471253534401508,0.24599434495758718,16.975608169776923,6.222912768038545e-65,True
RPM,0002,additive,positive,1.5,weighted_0.25,1061,33,0.03110273327049953,0.010367577756833177,0.02073515551366635,3.3515543059362827,0.0004017963814590278,True
RPM,0002,additive,positive,1.5,weighted_0.5,1061,112,0.1055607917059378,0.00942507068803016,0.09613572101790764,9.512133752454819,9.339557419718572e-22,True
RPM,0002,additive,positive,1.5,weighted_0.75,1061,198,0.18661639962299717,0.00471253534401508,0.18190386427898209,14.244410881962661,2.4281296911877024e-46,True
RPM,0002,additive,positive,1.5,global_A_bus,1061,57,0.05372290292177191,0.05372290292177191,0.0,0.0,0.5,False
RPM,0002,additive,positive,1.5,global_B_id_population,1061,3,0.002827521206409048,0.002827521206409048,0.0,0.0,0.5,False
RPM,0002,additive,positive,1.5,global_C_cross_id,1061,8,0.007540056550424128,0.007540056550424128,0.0,0.0,0.5,False
RPM,0002,additive,positive,1.5,global_D_bus_idpop,1061,17,0.016022620169651274,0.016022620169651274,0.0,0.0,0.5,False
RPM,0002,additive,positive,1.5,global_E_all,1061,9,0.008482563619227144,0.008482563619227144,0.0,0.0,0.5,False
RPM,0002,additive,positive,2.0,pird,1061,426,0.40150801131008484,0.002827521206409048,0.3986804901036758,22.86419587478711,5.27896336738947e-116,True
RPM,0002,additive,positive,2.0,global,1061,9,0.008482563619227144,0.008482563619227144,0.0,0.0,0.5,False
RPM,0002,additive,positive,2.0,or,1061,428,0.40339302544769085,0.011310084825636193,0.3920829406220547,22.275460267929194,3.195890316208329e-110,True
RPM,0002,additive,positive,2.0,max,1061,426,0.40150801131008484,0.00471253534401508,0.3967954759660698,22.716653134210382,1.5335272482428612e-114,True
RPM,0002,additive,positive,2.0,weighted_0.25,1061,39,0.036757775683317624,0.010367577756833177,0.02639019792648445,4.007290653094479,3.070963036536311e-05,True
RPM,0002,additive,positive,2.0,weighted_0.5,1061,148,0.13949104618284638,0.00942507068803016,0.13006597549481622,11.411756361219249,1.8263908988106276e-30,True
RPM,0002,additive,positive,2.0,weighted_0.75,1061,320,0.3016022620169651,0.00471253534401508,0.29688972667295005,18.987488530301388,1.082175686579608e-80,True
RPM,0002,additive,positive,3.0,pird,1061,1061,1.0,0.002827521206409048,0.9971724787935909,45.93510459971182,0.0,True
RPM,0002,additive,positive,3.0,global,1061,9,0.008482563619227144,0.008482563619227144,0.0,0.0,0.5,False
RPM,0002,additive,positive,3.0,or,1061,1061,1.0,0.011310084825636193,0.9886899151743638,45.547083470566406,0.0,True
RPM,0002,additive,positive,3.0,max,1061,1061,1.0,0.00471253534401508,0.9952874646559849,45.84859658299689,0.0,True
RPM,0002,additive,positive,3.0,weighted_0.25,1061,54,0.05089538171536286,0.010367577756833177,0.04052780395852969,5.417105842878663,3.0285743566130833e-08,True
RPM,0002,additive,positive,3.0,weighted_0.5,1061,364,0.34307257304429783,0.00942507068803016,0.33364750235626767,20.16830667734532,9.294770209051414e-91,True
RPM,0002,additive,positive,3.0,weighted_0.75,1061,1027,0.9679547596606974,0.00471253534401508,0.9632422243166824,44.38850190150225,0.0,True
RPM,0002,additive,negative,0.25,pird,1061,2,0.001885014137606032,0.002827521206409048,-0.0009425070688030162,-0.44774140589903894,0.6728300823881667,False
RPM,0002,additive,negative,0.25,global,1061,9,0.008482563619227144,0.008482563619227144,0.0,0.0,0.5,False
RPM,0002,additive,negative,0.25,or,1061,11,0.010367577756833177,0.011310084825636193,-0.0009425070688030158,-0.20965371022511484,0.5830310217994591,False
RPM,0002,additive,negative,0.25,max,1061,4,0.003770028275212064,0.00471253534401508,-0.0009425070688030158,-0.3340424701707756,0.6308262445174575,False
RPM,0002,additive,negative,0.25,weighted_0.25,1061,11,0.010367577756833177,0.010367577756833177,0.0,0.0,0.5,False
RPM,0002,additive,negative,0.25,weighted_0.5,1061,6,0.005655042412818096,0.00942507068803016,-0.003770028275212063,-1.0037914827944465,0.8422604347055478,False
RPM,0002,additive,negative,0.25,weighted_0.75,1061,4,0.003770028275212064,0.00471253534401508,-0.0009425070688030158,-0.3340424701707756,0.6308262445174575,False
RPM,0002,additive,negative,0.5,pird,1061,2,0.001885014137606032,0.002827521206409048,-0.0009425070688030162,-0.44774140589903894,0.6728300823881667,False
RPM,0002,additive,negative,0.5,global,1061,9,0.008482563619227144,0.008482563619227144,0.0,0.0,0.5,False
RPM,0002,additive,negative,0.5,or,1061,11,0.010367577756833177,0.011310084825636193,-0.0009425070688030158,-0.20965371022511484,0.5830310217994591,False
RPM,0002,additive,negative,0.5,max,1061,4,0.003770028275212064,0.00471253534401508,-0.0009425070688030158,-0.3340424701707756,0.6308262445174575,False
RPM,0002,additive,negative,0.5,weighted_0.25,1061,11,0.010367577756833177,0.010367577756833177,0.0,0.0,0.5,False
RPM,0002,additive,negative,0.5,weighted_0.5,1061,6,0.005655042412818096,0.00942507068803016,-0.003770028275212063,-1.0037914827944465,0.8422604347055478,False
RPM,0002,additive,negative,0.5,weighted_0.75,1061,3,0.002827521206409048,0.00471253534401508,-0.0018850141376060316,-0.7084434681663115,0.7606650466230448,False
RPM,0002,additive,negative,0.5,global_A_bus,1061,57,0.05372290292177191,0.05372290292177191,0.0,0.0,0.5,False
RPM,0002,additive,negative,0.5,global_B_id_population,1061,3,0.002827521206409048,0.002827521206409048,0.0,0.0,0.5,False
RPM,0002,additive,negative,0.5,global_C_cross_id,1061,9,0.008482563619227144,0.007540056550424128,0.0009425070688030158,0.24351301565663275,0.40380400174446296,False
RPM,0002,additive,negative,0.5,global_D_bus_idpop,1061,17,0.016022620169651274,0.016022620169651274,0.0,0.0,0.5,False
RPM,0002,additive,negative,0.5,global_E_all,1061,9,0.008482563619227144,0.008482563619227144,0.0,0.0,0.5,False
RPM,0002,additive,negative,0.75,pird,1061,0,0.0,0.002827521206409048,-0.002827521206409048,-1.7332764599035768,0.9584767286517218,False
RPM,0002,additive,negative,0.75,global,1061,9,0.008482563619227144,0.008482563619227144,0.0,0.0,0.5,False
RPM,0002,additive,negative,0.75,or,1061,9,0.008482563619227144,0.011310084825636193,-0.002827521206409049,-0.6579172463252284,0.744704346020525,False
RPM,0002,additive,negative,0.75,max,1061,2,0.001885014137606032,0.00471253534401508,-0.0028275212064090478,-1.135768288368372,0.8719732239152439,False
RPM,0002,additive,negative,0.75,weighted_0.25,1061,11,0.010367577756833177,0.010367577756833177,0.0,0.0,0.5,False
RPM,0002,additive,negative,0.75,weighted_0.5,1061,8,0.007540056550424128,0.00942507068803016,-0.0018850141376060316,-0.47341669056617847,0.6820420377792213,False
RPM,0002,additive,negative,0.75,weighted_0.75,1061,4,0.003770028275212064,0.00471253534401508,-0.0009425070688030158,-0.3340424701707756,0.6308262445174575,False
RPM,0002,additive,negative,1.0,pird,1061,0,0.0,0.002827521206409048,-0.002827521206409048,-1.7332764599035768,0.9584767286517218,False
RPM,0002,additive,negative,1.0,global,1061,9,0.008482563619227144,0.008482563619227144,0.0,0.0,0.5,False
RPM,0002,additive,negative,1.0,or,1061,9,0.008482563619227144,0.011310084825636193,-0.002827521206409049,-0.6579172463252284,0.744704346020525,False
RPM,0002,additive,negative,1.0,max,1061,2,0.001885014137606032,0.00471253534401508,-0.0028275212064090478,-1.135768288368372,0.8719732239152439,False
RPM,0002,additive,negative,1.0,weighted_0.25,1061,12,0.011310084825636193,0.010367577756833177,0.0009425070688030158,0.20965371022511484,0.41696897820054096,False
RPM,0002,additive,negative,1.0,weighted_0.5,1061,13,0.012252591894439209,0.00942507068803016,0.002827521206409049,0.6289611306753449,0.2646872517069889,False
RPM,0002,additive,negative,1.0,weighted_0.75,1061,5,0.00471253534401508,0.00471253534401508,0.0,0.0,0.5,False
RPM,0002,additive,negative,1.0,global_A_bus,1061,58,0.05466540999057493,0.05372290292177191,0.000942507068803021,0.09588486990944092,0.46180600563551105,False
RPM,0002,additive,negative,1.0,global_B_id_population,1061,3,0.002827521206409048,0.002827521206409048,0.0,0.0,0.5,False
RPM,0002,additive,negative,1.0,global_C_cross_id,1061,9,0.008482563619227144,0.007540056550424128,0.0009425070688030158,0.24351301565663275,0.40380400174446296,False
RPM,0002,additive,negative,1.0,global_D_bus_idpop,1061,18,0.016965127238454288,0.016022620169651274,0.000942507068803014,0.1704423223723034,0.43233114530238254,False
RPM,0002,additive,negative,1.0,global_E_all,1061,9,0.008482563619227144,0.008482563619227144,0.0,0.0,0.5,False
RPM,0002,additive,negative,1.5,pird,1061,42,0.03958529688972667,0.002827521206409048,0.036757775683317624,5.876419506032655,2.0961755698092526e-09,True
RPM,0002,additive,negative,1.5,global,1061,9,0.008482563619227144,0.008482563619227144,0.0,0.0,0.5,False
RPM,0002,additive,negative,1.5,or,1061,51,0.04806786050895382,0.011310084825636193,0.03675777568331763,4.988142465246008,3.0481303694422023e-07,True
RPM,0002,additive,negative,1.5,max,1061,44,0.04147031102733271,0.00471253534401508,0.03675777568331763,5.636890594467669,8.657401839407986e-09,True
RPM,0002,additive,negative,1.5,weighted_0.25,1061,21,0.019792648444863337,0.010367577756833177,0.00942507068803016,1.7812486884071388,0.03743591644875743,True
RPM,0002,additive,negative,1.5,weighted_0.5,1061,39,0.036757775683317624,0.00942507068803016,0.027332704995287463,4.19153403178365,1.3853730791930045e-05,True
RPM,0002,additive,negative,1.5,weighted_0.75,1061,29,0.027332704995287466,0.00471253534401508,0.022620169651272386,4.149341940543554,1.6671621224810742e-05,True
RPM,0002,additive,negative,1.5,global_A_bus,1061,61,0.057492931196983975,0.05372290292177191,0.003770028275212063,0.37891589076615767,0.35237516173692174,False
RPM,0002,additive,negative,1.5,global_B_id_population,1061,3,0.002827521206409048,0.002827521206409048,0.0,0.0,0.5,False
RPM,0002,additive,negative,1.5,global_C_cross_id,1061,8,0.007540056550424128,0.007540056550424128,0.0,0.0,0.5,False
RPM,0002,additive,negative,1.5,global_D_bus_idpop,1061,18,0.016965127238454288,0.016022620169651274,0.000942507068803014,0.1704423223723034,0.43233114530238254,False
RPM,0002,additive,negative,1.5,global_E_all,1061,9,0.008482563619227144,0.008482563619227144,0.0,0.0,0.5,False
RPM,0002,additive,negative,2.0,pird,1061,189,0.17813383600377003,0.002827521206409048,0.17530631479736097,14.07525802964323,2.6953885879953805e-45,True
RPM,0002,additive,negative,2.0,global,1061,9,0.008482563619227144,0.008482563619227144,0.0,0.0,0.5,False
RPM,0002,additive,negative,2.0,or,1061,196,0.18473138548539114,0.011310084825636193,0.17342130065975495,13.433459755757827,1.9249778724954022e-41,True
RPM,0002,additive,negative,2.0,max,1061,191,0.18001885014137606,0.00471253534401508,0.17530631479736097,13.9453512291395,1.6789544986556917e-44,True
RPM,0002,additive,negative,2.0,weighted_0.25,1061,24,0.022620169651272386,0.010367577756833177,0.012252591894439209,2.2157501908399486,0.013354307711146839,True
RPM,0002,additive,negative,2.0,weighted_0.5,1061,60,0.05655042412818096,0.00942507068803016,0.0471253534401508,6.077220524304704,6.114177223169352e-10,True
RPM,0002,additive,negative,2.0,weighted_0.75,1061,107,0.10084825636192271,0.00471253534401508,0.09613572101790763,9.902978165473366,2.0202992227116542e-23,True
RPM,0002,additive,negative,3.0,pird,1061,872,0.82186616399623,0.002827521206409048,0.819038642789821,38.322621780491474,1.285e-321,True
RPM,0002,additive,negative,3.0,global,1061,9,0.008482563619227144,0.008482563619227144,0.0,0.0,0.5,False
RPM,0002,additive,negative,3.0,or,1061,872,0.82186616399623,0.011310084825636193,0.8105560791705938,37.86907405118231,4.1560496633e-314,True
RPM,0002,additive,negative,3.0,max,1061,872,0.82186616399623,0.00471253534401508,0.817153628652215,38.22146373630607,6.197e-320,True
RPM,0002,additive,negative,3.0,weighted_0.25,1061,38,0.03581526861451461,0.010367577756833177,0.025447690857681435,3.9024627192468473,4.760945379510381e-05,True
RPM,0002,additive,negative,3.0,weighted_0.5,1061,217,0.20452403393025448,0.00942507068803016,0.1950989632422243,14.538697466971573,3.444551686293535e-48,True
RPM,0002,additive,negative,3.0,weighted_0.75,1061,661,0.6229971724787936,0.00471253534401508,0.6182846371347785,30.687303395876768,4.203732282700421e-207,True
RPM,0002,mean_shift,positive,0.25,pird,1061,0,0.0,0.002827521206409048,-0.002827521206409048,-1.7332764599035768,0.9584767286517218,False
RPM,0002,mean_shift,positive,0.25,global,1061,9,0.008482563619227144,0.008482563619227144,0.0,0.0,0.5,False
RPM,0002,mean_shift,positive,0.25,or,1061,9,0.008482563619227144,0.011310084825636193,-0.002827521206409049,-0.6579172463252284,0.744704346020525,False
RPM,0002,mean_shift,positive,0.25,max,1061,2,0.001885014137606032,0.00471253534401508,-0.0028275212064090478,-1.135768288368372,0.8719732239152439,False
RPM,0002,mean_shift,positive,0.25,weighted_0.25,1061,1,0.000942507068803016,0.010367577756833177,-0.009425070688030161,-2.8949484793795977,0.9981038961601503,False
RPM,0002,mean_shift,positive,0.25,weighted_0.5,1061,0,0.0,0.00942507068803016,-0.00942507068803016,-3.1697552720751934,0.9992371631106769,False
RPM,0002,mean_shift,positive,0.25,weighted_0.75,1061,0,0.0,0.00471253534401508,-0.00471253534401508,-2.238707029495194,0.9874125075728695,False
RPM,0002,mean_shift,positive,0.5,pird,1061,0,0.0,0.002827521206409048,-0.002827521206409048,-1.7332764599035768,0.9584767286517218,False
RPM,0002,mean_shift,positive,0.5,global,1061,9,0.008482563619227144,0.008482563619227144,0.0,0.0,0.5,False
RPM,0002,mean_shift,positive,0.5,or,1061,9,0.008482563619227144,0.011310084825636193,-0.002827521206409049,-0.6579172463252284,0.744704346020525,False
RPM,0002,mean_shift,positive,0.5,max,1061,2,0.001885014137606032,0.00471253534401508,-0.0028275212064090478,-1.135768288368372,0.8719732239152439,False
RPM,0002,mean_shift,positive,0.5,weighted_0.25,1061,2,0.001885014137606032,0.010367577756833177,-0.008482563619227146,-2.503832274464435,0.9938571870115899,False
RPM,0002,mean_shift,positive,0.5,weighted_0.5,1061,0,0.0,0.00942507068803016,-0.00942507068803016,-3.1697552720751934,0.9992371631106769,False
RPM,0002,mean_shift,positive,0.5,weighted_0.75,1061,0,0.0,0.00471253534401508,-0.00471253534401508,-2.238707029495194,0.9874125075728695,False
RPM,0002,mean_shift,positive,0.5,global_A_bus,1061,57,0.05372290292177191,0.05372290292177191,0.0,0.0,0.5,False
RPM,0002,mean_shift,positive,0.5,global_B_id_population,1061,3,0.002827521206409048,0.002827521206409048,0.0,0.0,0.5,False
RPM,0002,mean_shift,positive,0.5,global_C_cross_id,1061,7,0.006597549481621112,0.007540056550424128,-0.0009425070688030158,-0.25911633509815046,0.6022272592349462,False
RPM,0002,mean_shift,positive,0.5,global_D_bus_idpop,1061,17,0.016022620169651274,0.016022620169651274,0.0,0.0,0.5,False
RPM,0002,mean_shift,positive,0.5,global_E_all,1061,9,0.008482563619227144,0.008482563619227144,0.0,0.0,0.5,False
RPM,0002,mean_shift,positive,0.75,pird,1061,0,0.0,0.002827521206409048,-0.002827521206409048,-1.7332764599035768,0.9584767286517218,False
RPM,0002,mean_shift,positive,0.75,global,1061,9,0.008482563619227144,0.008482563619227144,0.0,0.0,0.5,False
RPM,0002,mean_shift,positive,0.75,or,1061,9,0.008482563619227144,0.011310084825636193,-0.002827521206409049,-0.6579172463252284,0.744704346020525,False
RPM,0002,mean_shift,positive,0.75,max,1061,2,0.001885014137606032,0.00471253534401508,-0.0028275212064090478,-1.135768288368372,0.8719732239152439,False
RPM,0002,mean_shift,positive,0.75,weighted_0.25,1061,6,0.005655042412818096,0.010367577756833177,-0.004712535344015081,-1.2175650782831642,0.8883053540772479,False
RPM,0002,mean_shift,positive,0.75,weighted_0.5,1061,0,0.0,0.00942507068803016,-0.00942507068803016,-3.1697552720751934,0.9992371631106769,False
RPM,0002,mean_shift,positive,0.75,weighted_0.75,1061,0,0.0,0.00471253534401508,-0.00471253534401508,-2.238707029495194,0.9874125075728695,False
RPM,0002,mean_shift,positive,1.0,pird,1061,0,0.0,0.002827521206409048,-0.002827521206409048,-1.7332764599035768,0.9584767286517218,False
RPM,0002,mean_shift,positive,1.0,global,1061,9,0.008482563619227144,0.008482563619227144,0.0,0.0,0.5,False
RPM,0002,mean_shift,positive,1.0,or,1061,9,0.008482563619227144,0.011310084825636193,-0.002827521206409049,-0.6579172463252284,0.744704346020525,False
RPM,0002,mean_shift,positive,1.0,max,1061,2,0.001885014137606032,0.00471253534401508,-0.0028275212064090478,-1.135768288368372,0.8719732239152439,False
RPM,0002,mean_shift,positive,1.0,weighted_0.25,1061,9,0.008482563619227144,0.010367577756833177,-0.0018850141376060333,-0.4493361209293513,0.6734053976694964,False
RPM,0002,mean_shift,positive,1.0,weighted_0.5,1061,0,0.0,0.00942507068803016,-0.00942507068803016,-3.1697552720751934,0.9992371631106769,False
RPM,0002,mean_shift,positive,1.0,weighted_0.75,1061,0,0.0,0.00471253534401508,-0.00471253534401508,-2.238707029495194,0.9874125075728695,False
RPM,0002,mean_shift,positive,1.0,global_A_bus,1061,57,0.05372290292177191,0.05372290292177191,0.0,0.0,0.5,False
RPM,0002,mean_shift,positive,1.0,global_B_id_population,1061,3,0.002827521206409048,0.002827521206409048,0.0,0.0,0.5,False
RPM,0002,mean_shift,positive,1.0,global_C_cross_id,1061,7,0.006597549481621112,0.007540056550424128,-0.0009425070688030158,-0.25911633509815046,0.6022272592349462,False
RPM,0002,mean_shift,positive,1.0,global_D_bus_idpop,1061,17,0.016022620169651274,0.016022620169651274,0.0,0.0,0.5,False
RPM,0002,mean_shift,positive,1.0,global_E_all,1061,9,0.008482563619227144,0.008482563619227144,0.0,0.0,0.5,False
RPM,0002,mean_shift,positive,1.5,pird,1061,0,0.0,0.002827521206409048,-0.002827521206409048,-1.7332764599035768,0.9584767286517218,False
RPM,0002,mean_shift,positive,1.5,global,1061,9,0.008482563619227144,0.008482563619227144,0.0,0.0,0.5,False
RPM,0002,mean_shift,positive,1.5,or,1061,9,0.008482563619227144,0.011310084825636193,-0.002827521206409049,-0.6579172463252284,0.744704346020525,False
RPM,0002,mean_shift,positive,1.5,max,1061,2,0.001885014137606032,0.00471253534401508,-0.0028275212064090478,-1.135768288368372,0.8719732239152439,False
RPM,0002,mean_shift,positive,1.5,weighted_0.25,1061,22,0.020735155513666354,0.010367577756833177,0.010367577756833177,1.9299194588376294,0.026808408985173043,True
RPM,0002,mean_shift,positive,1.5,weighted_0.5,1061,41,0.03864278982092366,0.00942507068803016,0.029217719132893498,4.393991840568121,5.56439972328774e-06,True
RPM,0002,mean_shift,positive,1.5,weighted_0.75,1061,5,0.00471253534401508,0.00471253534401508,0.0,0.0,0.5,False
RPM,0002,mean_shift,positive,1.5,global_A_bus,1061,58,0.05466540999057493,0.05372290292177191,0.000942507068803021,0.09588486990944092,0.46180600563551105,False
RPM,0002,mean_shift,positive,1.5,global_B_id_population,1061,3,0.002827521206409048,0.002827521206409048,0.0,0.0,0.5,False
RPM,0002,mean_shift,positive,1.5,global_C_cross_id,1061,7,0.006597549481621112,0.007540056550424128,-0.0009425070688030158,-0.25911633509815046,0.6022272592349462,False
RPM,0002,mean_shift,positive,1.5,global_D_bus_idpop,1061,17,0.016022620169651274,0.016022620169651274,0.0,0.0,0.5,False
RPM,0002,mean_shift,positive,1.5,global_E_all,1061,9,0.008482563619227144,0.008482563619227144,0.0,0.0,0.5,False
RPM,0002,mean_shift,positive,2.0,pird,1061,1061,1.0,0.002827521206409048,0.9971724787935909,45.93510459971182,0.0,True
RPM,0002,mean_shift,positive,2.0,global,1061,9,0.008482563619227144,0.008482563619227144,0.0,0.0,0.5,False
RPM,0002,mean_shift,positive,2.0,or,1061,1061,1.0,0.011310084825636193,0.9886899151743638,45.547083470566406,0.0,True
RPM,0002,mean_shift,positive,2.0,max,1061,1061,1.0,0.00471253534401508,0.9952874646559849,45.84859658299689,0.0,True
RPM,0002,mean_shift,positive,2.0,weighted_0.25,1061,35,0.03298774740810556,0.010367577756833177,0.022620169651272386,3.577596368769628,0.000173384193463107,True
RPM,0002,mean_shift,positive,2.0,weighted_0.5,1061,170,0.16022620169651272,0.00942507068803016,0.15080113100848255,12.466134466024457,5.711721011870535e-36,True
RPM,0002,mean_shift,positive,2.0,weighted_0.75,1061,352,0.33176248821866167,0.00471253534401508,0.3270499528746466,20.137043195200842,1.7479669743304755e-90,True
RPM,0002,mean_shift,positive,3.0,pird,1061,1061,1.0,0.002827521206409048,0.9971724787935909,45.93510459971182,0.0,True
RPM,0002,mean_shift,positive,3.0,global,1061,9,0.008482563619227144,0.008482563619227144,0.0,0.0,0.5,False
RPM,0002,mean_shift,positive,3.0,or,1061,1061,1.0,0.011310084825636193,0.9886899151743638,45.547083470566406,0.0,True
RPM,0002,mean_shift,positive,3.0,max,1061,1061,1.0,0.00471253534401508,0.9952874646559849,45.84859658299689,0.0,True
RPM,0002,mean_shift,positive,3.0,weighted_0.25,1061,58,0.05466540999057493,0.010367577756833177,0.04429783223374176,5.752432452019363,4.3984210642293935e-09,True
RPM,0002,mean_shift,positive,3.0,weighted_0.5,1061,495,0.4665409990574929,0.00942507068803016,0.45711592836946274,24.723715040264732,2.9731265122473674e-135,True
RPM,0002,mean_shift,positive,3.0,weighted_0.75,1061,1061,1.0,0.00471253534401508,0.9952874646559849,45.84859658299689,0.0,True
RPM,0002,mean_shift,negative,0.25,pird,1061,0,0.0,0.002827521206409048,-0.002827521206409048,-1.7332764599035768,0.9584767286517218,False
RPM,0002,mean_shift,negative,0.25,global,1061,9,0.008482563619227144,0.008482563619227144,0.0,0.0,0.5,False
RPM,0002,mean_shift,negative,0.25,or,1061,9,0.008482563619227144,0.011310084825636193,-0.002827521206409049,-0.6579172463252284,0.744704346020525,False
RPM,0002,mean_shift,negative,0.25,max,1061,2,0.001885014137606032,0.00471253534401508,-0.0028275212064090478,-1.135768288368372,0.8719732239152439,False
RPM,0002,mean_shift,negative,0.25,weighted_0.25,1061,1,0.000942507068803016,0.010367577756833177,-0.009425070688030161,-2.8949484793795977,0.9981038961601503,False
RPM,0002,mean_shift,negative,0.25,weighted_0.5,1061,0,0.0,0.00942507068803016,-0.00942507068803016,-3.1697552720751934,0.9992371631106769,False
RPM,0002,mean_shift,negative,0.25,weighted_0.75,1061,0,0.0,0.00471253534401508,-0.00471253534401508,-2.238707029495194,0.9874125075728695,False
RPM,0002,mean_shift,negative,0.5,pird,1061,0,0.0,0.002827521206409048,-0.002827521206409048,-1.7332764599035768,0.9584767286517218,False
RPM,0002,mean_shift,negative,0.5,global,1061,9,0.008482563619227144,0.008482563619227144,0.0,0.0,0.5,False
RPM,0002,mean_shift,negative,0.5,or,1061,9,0.008482563619227144,0.011310084825636193,-0.002827521206409049,-0.6579172463252284,0.744704346020525,False
RPM,0002,mean_shift,negative,0.5,max,1061,2,0.001885014137606032,0.00471253534401508,-0.0028275212064090478,-1.135768288368372,0.8719732239152439,False
RPM,0002,mean_shift,negative,0.5,weighted_0.25,1061,2,0.001885014137606032,0.010367577756833177,-0.008482563619227146,-2.503832274464435,0.9938571870115899,False
RPM,0002,mean_shift,negative,0.5,weighted_0.5,1061,0,0.0,0.00942507068803016,-0.00942507068803016,-3.1697552720751934,0.9992371631106769,False
RPM,0002,mean_shift,negative,0.5,weighted_0.75,1061,0,0.0,0.00471253534401508,-0.00471253534401508,-2.238707029495194,0.9874125075728695,False
RPM,0002,mean_shift,negative,0.5,global_A_bus,1061,57,0.05372290292177191,0.05372290292177191,0.0,0.0,0.5,False
RPM,0002,mean_shift,negative,0.5,global_B_id_population,1061,3,0.002827521206409048,0.002827521206409048,0.0,0.0,0.5,False
RPM,0002,mean_shift,negative,0.5,global_C_cross_id,1061,8,0.007540056550424128,0.007540056550424128,0.0,0.0,0.5,False
RPM,0002,mean_shift,negative,0.5,global_D_bus_idpop,1061,17,0.016022620169651274,0.016022620169651274,0.0,0.0,0.5,False
RPM,0002,mean_shift,negative,0.5,global_E_all,1061,9,0.008482563619227144,0.008482563619227144,0.0,0.0,0.5,False
RPM,0002,mean_shift,negative,0.75,pird,1061,0,0.0,0.002827521206409048,-0.002827521206409048,-1.7332764599035768,0.9584767286517218,False
RPM,0002,mean_shift,negative,0.75,global,1061,9,0.008482563619227144,0.008482563619227144,0.0,0.0,0.5,False
RPM,0002,mean_shift,negative,0.75,or,1061,9,0.008482563619227144,0.011310084825636193,-0.002827521206409049,-0.6579172463252284,0.744704346020525,False
RPM,0002,mean_shift,negative,0.75,max,1061,2,0.001885014137606032,0.00471253534401508,-0.0028275212064090478,-1.135768288368372,0.8719732239152439,False
RPM,0002,mean_shift,negative,0.75,weighted_0.25,1061,5,0.00471253534401508,0.010367577756833177,-0.005655042412818097,-1.5056872241916706,0.9339262574160319,False
RPM,0002,mean_shift,negative,0.75,weighted_0.5,1061,0,0.0,0.00942507068803016,-0.00942507068803016,-3.1697552720751934,0.9992371631106769,False
RPM,0002,mean_shift,negative,0.75,weighted_0.75,1061,0,0.0,0.00471253534401508,-0.00471253534401508,-2.238707029495194,0.9874125075728695,False
RPM,0002,mean_shift,negative,1.0,pird,1061,0,0.0,0.002827521206409048,-0.002827521206409048,-1.7332764599035768,0.9584767286517218,False
RPM,0002,mean_shift,negative,1.0,global,1061,9,0.008482563619227144,0.008482563619227144,0.0,0.0,0.5,False
RPM,0002,mean_shift,negative,1.0,or,1061,9,0.008482563619227144,0.011310084825636193,-0.002827521206409049,-0.6579172463252284,0.744704346020525,False
RPM,0002,mean_shift,negative,1.0,max,1061,2,0.001885014137606032,0.00471253534401508,-0.0028275212064090478,-1.135768288368372,0.8719732239152439,False
RPM,0002,mean_shift,negative,1.0,weighted_0.25,1061,7,0.006597549481621112,0.010367577756833177,-0.003770028275212065,-0.9468333811323574,0.8281381555268671,False
RPM,0002,mean_shift,negative,1.0,weighted_0.5,1061,0,0.0,0.00942507068803016,-0.00942507068803016,-3.1697552720751934,0.9992371631106769,False
RPM,0002,mean_shift,negative,1.0,weighted_0.75,1061,0,0.0,0.00471253534401508,-0.00471253534401508,-2.238707029495194,0.9874125075728695,False
RPM,0002,mean_shift,negative,1.0,global_A_bus,1061,58,0.05466540999057493,0.05372290292177191,0.000942507068803021,0.09588486990944092,0.46180600563551105,False
RPM,0002,mean_shift,negative,1.0,global_B_id_population,1061,3,0.002827521206409048,0.002827521206409048,0.0,0.0,0.5,False
RPM,0002,mean_shift,negative,1.0,global_C_cross_id,1061,7,0.006597549481621112,0.007540056550424128,-0.0009425070688030158,-0.25911633509815046,0.6022272592349462,False
RPM,0002,mean_shift,negative,1.0,global_D_bus_idpop,1061,17,0.016022620169651274,0.016022620169651274,0.0,0.0,0.5,False
RPM,0002,mean_shift,negative,1.0,global_E_all,1061,9,0.008482563619227144,0.008482563619227144,0.0,0.0,0.5,False
RPM,0002,mean_shift,negative,1.5,pird,1061,0,0.0,0.002827521206409048,-0.002827521206409048,-1.7332764599035768,0.9584767286517218,False
RPM,0002,mean_shift,negative,1.5,global,1061,9,0.008482563619227144,0.008482563619227144,0.0,0.0,0.5,False
RPM,0002,mean_shift,negative,1.5,or,1061,9,0.008482563619227144,0.011310084825636193,-0.002827521206409049,-0.6579172463252284,0.744704346020525,False
RPM,0002,mean_shift,negative,1.5,max,1061,2,0.001885014137606032,0.00471253534401508,-0.0028275212064090478,-1.135768288368372,0.8719732239152439,False
RPM,0002,mean_shift,negative,1.5,weighted_0.25,1061,20,0.01885014137606032,0.010367577756833177,0.008482563619227142,1.6283859100362057,0.051721541676945516,False
RPM,0002,mean_shift,negative,1.5,weighted_0.5,1061,29,0.027332704995287466,0.00942507068803016,0.01790763430725731,3.0707845879590674,0.0010674855922186508,True
RPM,0002,mean_shift,negative,1.5,weighted_0.75,1061,0,0.0,0.00471253534401508,-0.00471253534401508,-2.238707029495194,0.9874125075728695,False
RPM,0002,mean_shift,negative,1.5,global_A_bus,1061,58,0.05466540999057493,0.05372290292177191,0.000942507068803021,0.09588486990944092,0.46180600563551105,False
RPM,0002,mean_shift,negative,1.5,global_B_id_population,1061,3,0.002827521206409048,0.002827521206409048,0.0,0.0,0.5,False
RPM,0002,mean_shift,negative,1.5,global_C_cross_id,1061,6,0.005655042412818096,0.007540056550424128,-0.0018850141376060316,-0.5362945262830087,0.7041224934934421,False
RPM,0002,mean_shift,negative,1.5,global_D_bus_idpop,1061,17,0.016022620169651274,0.016022620169651274,0.0,0.0,0.5,False
RPM,0002,mean_shift,negative,1.5,global_E_all,1061,9,0.008482563619227144,0.008482563619227144,0.0,0.0,0.5,False
RPM,0002,mean_shift,negative,2.0,pird,1061,0,0.0,0.002827521206409048,-0.002827521206409048,-1.7332764599035768,0.9584767286517218,False
RPM,0002,mean_shift,negative,2.0,global,1061,9,0.008482563619227144,0.008482563619227144,0.0,0.0,0.5,False
RPM,0002,mean_shift,negative,2.0,or,1061,9,0.008482563619227144,0.011310084825636193,-0.002827521206409049,-0.6579172463252284,0.744704346020525,False
RPM,0002,mean_shift,negative,2.0,max,1061,2,0.001885014137606032,0.00471253534401508,-0.0028275212064090478,-1.135768288368372,0.8719732239152439,False
RPM,0002,mean_shift,negative,2.0,weighted_0.25,1061,30,0.02827521206409048,0.010367577756833177,0.0179076343072573,2.9963898845087957,0.0013659844348097776,True
RPM,0002,mean_shift,negative,2.0,weighted_0.5,1061,110,0.10367577756833177,0.00942507068803016,0.09425070688030161,9.398315717634642,2.7721722515286627e-21,True
RPM,0002,mean_shift,negative,2.0,weighted_0.75,1061,122,0.11498586239396795,0.00471253534401508,0.11027332704995287,10.70742993019994,4.69666860695233e-27,True
RPM,0002,mean_shift,negative,3.0,pird,1061,1061,1.0,0.002827521206409048,0.9971724787935909,45.93510459971182,0.0,True
RPM,0002,mean_shift,negative,3.0,global,1061,9,0.008482563619227144,0.008482563619227144,0.0,0.0,0.5,False
RPM,0002,mean_shift,negative,3.0,or,1061,1061,1.0,0.011310084825636193,0.9886899151743638,45.547083470566406,0.0,True
RPM,0002,mean_shift,negative,3.0,max,1061,1061,1.0,0.00471253534401508,0.9952874646559849,45.84859658299689,0.0,True
RPM,0002,mean_shift,negative,3.0,weighted_0.25,1061,45,0.04241281809613572,0.010367577756833177,0.03204524033930255,4.604605572341224,2.066241693343216e-06,True
RPM,0002,mean_shift,negative,3.0,weighted_0.5,1061,278,0.26201696512723843,0.00942507068803016,0.25259189443920826,16.986800029949197,5.142463508260513e-65,True
RPM,0002,mean_shift,negative,3.0,weighted_0.75,1061,942,0.8878416588124411,0.00471253534401508,0.8831291234684261,40.918373088325204,0.0,True
RPM,018f,additive,positive,0.25,pird,1058,50,0.04725897920604915,0.02551984877126654,0.021739130434782608,2.670125609879245,0.0037911438126314464,True
RPM,018f,additive,positive,0.25,global,1058,10,0.00945179584120983,0.00945179584120983,0.0,0.0,0.5,False
RPM,018f,additive,positive,0.25,or,1058,60,0.05671077504725898,0.03497164461247637,0.021739130434782608,2.3907361092153367,0.008407316847127873,True
RPM,018f,additive,positive,0.25,max,1058,55,0.05198487712665406,0.030245746691871456,0.021739130434782605,2.518169838673268,0.005898321134183018,True
RPM,018f,additive,positive,0.25,weighted_0.25,1058,27,0.02551984877126654,0.020793950850661626,0.004725897920604915,0.722702501066816,0.2349313393282486,False
RPM,018f,additive,positive,0.25,weighted_0.5,1058,54,0.05103969754253308,0.038752362948960305,0.012287334593572778,1.3647598095427524,0.08616427725949616,False
RPM,018f,additive,positive,0.25,weighted_0.75,1058,42,0.03969754253308128,0.026465028355387523,0.01323251417769376,1.7017040507802281,0.04440543034214011,True
RPM,018f,additive,positive,0.5,pird,1058,89,0.08412098298676748,0.02551984877126654,0.05860113421550094,5.921142713571658,1.598561294996505e-09,True
RPM,018f,additive,positive,0.5,global,1058,10,0.00945179584120983,0.00945179584120983,0.0,0.0,0.5,False
RPM,018f,additive,positive,0.5,or,1058,98,0.09262759924385633,0.03497164461247637,0.05765595463137996,5.425984448331324,2.881798874594296e-08,True
RPM,018f,additive,positive,0.5,max,1058,94,0.0888468809073724,0.030245746691871456,0.05860113421550095,5.695576774953858,6.147776979748585e-09,True
RPM,018f,additive,positive,0.5,weighted_0.25,1058,30,0.02835538752362949,0.020793950850661626,0.007561436672967863,1.12328846816266,0.13065749992920705,False
RPM,018f,additive,positive,0.5,weighted_0.5,1058,78,0.07372400756143667,0.038752362948960305,0.034971644612476364,3.491379379716693,0.00024026669359545092,True
RPM,018f,additive,positive,0.5,weighted_0.75,1058,83,0.07844990548204159,0.026465028355387523,0.05198487712665406,5.362926480178837,4.094217026363112e-08,True
RPM,018f,additive,positive,0.5,global_A_bus,1058,48,0.045368620037807186,0.045368620037807186,0.0,0.0,0.5,False
RPM,018f,additive,positive,0.5,global_B_id_population,1058,2,0.001890359168241966,0.001890359168241966,0.0,0.0,0.5,False
RPM,018f,additive,positive,0.5,global_C_cross_id,1058,6,0.005671077504725898,0.004725897920604915,0.0009451795841209833,0.3022981149321209,0.38121240761444275,False
RPM,018f,additive,positive,0.5,global_D_bus_idpop,1058,29,0.027410207939508508,0.027410207939508508,0.0,0.0,0.5,False
RPM,018f,additive,positive,0.5,global_E_all,1058,10,0.00945179584120983,0.00945179584120983,0.0,0.0,0.5,False
RPM,018f,additive,positive,0.75,pird,1058,166,0.15689981096408318,0.02551984877126654,0.13137996219281664,10.495529056842784,4.528445662506703e-26,True
RPM,018f,additive,positive,0.75,global,1058,10,0.00945179584120983,0.00945179584120983,0.0,0.0,0.5,False
RPM,018f,additive,positive,0.75,or,1058,175,0.16540642722117202,0.03497164461247637,0.13043478260869565,9.991610957177096,8.293197184716887e-24,True
RPM,018f,additive,positive,0.75,max,1058,171,0.16162570888468808,0.030245746691871456,0.1313799621928166,10.260467001054671,5.309596364496702e-25,True
RPM,018f,additive,positive,0.75,weighted_0.25,1058,37,0.03497164461247637,0.020793950850661626,0.014177693761814745,1.980641794481655,0.023815729214270692,True
RPM,018f,additive,positive,0.75,weighted_0.5,1058,97,0.09168241965973535,0.038752362948960305,0.052930056710775046,4.9305250754234935,4.100444429869606e-07,True
RPM,018f,additive,positive,0.75,weighted_0.75,1058,141,0.1332703213610586,0.026465028355387523,0.10680529300567107,9.061705569609044,6.42132305591755e-20,True
RPM,018f,additive,positive,1.0,pird,1058,213,0.20132325141776938,0.02551984877126654,0.17580340264650285,12.751131895072835,1.5362570811776283e-37,True
RPM,018f,additive,positive,1.0,global,1058,10,0.00945179584120983,0.00945179584120983,0.0,0.0,0.5,False
RPM,018f,additive,positive,1.0,or,1058,218,0.2060491493383743,0.03497164461247637,0.17107750472589792,12.086293317668531,6.239545036893812e-34,True
RPM,018f,additive,positive,1.0,max,1058,214,0.20226843100189035,0.030245746691871456,0.17202268431001888,12.343572233677827,2.6380965016274854e-35,True
RPM,018f,additive,positive,1.0,weighted_0.25,1058,44,0.04158790170132325,0.020793950850661626,0.020793950850661626,2.7512598740048064,0.0029683263189922092,True
RPM,018f,additive,positive,1.0,weighted_0.5,1058,123,0.11625708884688091,0.038752362948960305,0.0775047258979206,6.666683743147527,1.3082403104500608e-11,True
RPM,018f,additive,positive,1.0,weighted_0.75,1058,197,0.18620037807183365,0.026465028355387523,0.15973534971644612,11.918113384290871,4.762041442016214e-33,True
RPM,018f,additive,positive,1.0,global_A_bus,1058,48,0.045368620037807186,0.045368620037807186,0.0,0.0,0.5,False
RPM,018f,additive,positive,1.0,global_B_id_population,1058,2,0.001890359168241966,0.001890359168241966,0.0,0.0,0.5,False
RPM,018f,additive,positive,1.0,global_C_cross_id,1058,6,0.005671077504725898,0.004725897920604915,0.0009451795841209833,0.3022981149321209,0.38121240761444275,False
RPM,018f,additive,positive,1.0,global_D_bus_idpop,1058,29,0.027410207939508508,0.027410207939508508,0.0,0.0,0.5,False
RPM,018f,additive,positive,1.0,global_E_all,1058,10,0.00945179584120983,0.00945179584120983,0.0,0.0,0.5,False
RPM,018f,additive,positive,1.5,pird,1058,483,0.45652173913043476,0.02551984877126654,0.4310018903591682,23.177405329190066,3.848170319826668e-119,True
RPM,018f,additive,positive,1.5,global,1058,10,0.00945179584120983,0.00945179584120983,0.0,0.0,0.5,False
RPM,018f,additive,positive,1.5,or,1058,485,0.45841209829867674,0.03497164461247637,0.42344045368620037,22.592091361709702,2.5917447285106163e-113,True
RPM,018f,additive,positive,1.5,max,1058,483,0.45652173913043476,0.030245746691871456,0.4262759924385633,22.847310983353328,7.77087382173713e-116,True
RPM,018f,additive,positive,1.5,weighted_0.25,1058,56,0.052930056710775046,0.020793950850661626,0.03213610586011342,3.9227204320384423,4.377736294699952e-05,True
RPM,018f,additive,positive,1.5,weighted_0.5,1058,182,0.1720226843100189,0.038752362948960305,0.1332703213610586,9.982727259962271,9.070533270809068e-24,True
RPM,018f,additive,positive,1.5,weighted_0.75,1058,379,0.35822306238185253,0.026465028355387523,0.33175803402646503,19.359614813931056,8.45727197993424e-84,True
RPM,018f,additive,positive,1.5,global_A_bus,1058,48,0.045368620037807186,0.045368620037807186,0.0,0.0,0.5,False
RPM,018f,additive,positive,1.5,global_B_id_population,1058,2,0.001890359168241966,0.001890359168241966,0.0,0.0,0.5,False
RPM,018f,additive,positive,1.5,global_C_cross_id,1058,6,0.005671077504725898,0.004725897920604915,0.0009451795841209833,0.3022981149321209,0.38121240761444275,False
RPM,018f,additive,positive,1.5,global_D_bus_idpop,1058,29,0.027410207939508508,0.027410207939508508,0.0,0.0,0.5,False
RPM,018f,additive,positive,1.5,global_E_all,1058,10,0.00945179584120983,0.00945179584120983,0.0,0.0,0.5,False
RPM,018f,additive,positive,2.0,pird,1058,528,0.499054820415879,0.02551984877126654,0.47353497164461245,24.75982748843636,1.2149140337809641e-135,True
RPM,018f,additive,positive,2.0,global,1058,10,0.00945179584120983,0.00945179584120983,0.0,0.0,0.5,False
RPM,018f,additive,positive,2.0,or,1058,530,0.500945179584121,0.03497164461247637,0.4659735349716446,24.19844798995277,1.1550075503211763e-129,True
RPM,018f,additive,positive,2.0,max,1058,528,0.499054820415879,0.030245746691871456,0.46880907372400754,24.442222788976387,3.044045293317056e-132,True
RPM,018f,additive,positive,2.0,weighted_0.25,1058,68,0.06427221172022685,0.020793950850661626,0.043478260869565216,4.9553540356381065,3.609935282422171e-07,True
RPM,018f,additive,positive,2.0,weighted_0.5,1058,272,0.2570888468809074,0.038752362948960305,0.21833648393194707,14.144896676607004,1.0040568781853006e-45,True
RPM,018f,additive,positive,2.0,weighted_0.75,1058,576,0.5444234404536862,0.026465028355387523,0.5179584120982986,26.378131275620888,1.2210468160029782e-153,True
RPM,018f,additive,positive,3.0,pird,1058,1058,1.0,0.02551984877126654,0.9744801512287334,44.8406908689383,0.0,True
RPM,018f,additive,positive,3.0,global,1058,9,0.008506616257088847,0.00945179584120983,-0.0009451795841209833,-0.23045270809620655,0.5911299960154094,False
RPM,018f,additive,positive,3.0,or,1058,1058,1.0,0.03497164461247637,0.9650283553875236,44.41847490900615,0.0,True
RPM,018f,additive,positive,3.0,max,1058,1058,1.0,0.030245746691871456,0.9697542533081286,44.62911379542661,0.0,True
RPM,018f,additive,positive,3.0,weighted_0.25,1058,84,0.07939508506616257,0.020793950850661626,0.058601134215500936,6.178720640580984,3.231156396800328e-10,True
RPM,018f,additive,positive,3.0,weighted_0.5,1058,527,0.498109640831758,0.038752362948960305,0.45935727788279773,23.84154826176042,6.19591403428161e-126,True
RPM,018f,additive,positive,3.0,weighted_0.75,1058,1058,1.0,0.026465028355387523,0.9735349716446124,44.79829975726539,0.0,True
RPM,018f,additive,negative,0.25,pird,1058,15,0.014177693761814745,0.02551984877126654,-0.011342155009451797,-1.8702947574327415,0.9692785514155429,False
RPM,018f,additive,negative,0.25,global,1058,10,0.00945179584120983,0.00945179584120983,0.0,0.0,0.5,False
RPM,018f,additive,negative,0.25,or,1058,25,0.023629489603024575,0.03497164461247637,-0.011342155009451797,-1.5468315206392331,0.9390480613429351,False
RPM,018f,additive,negative,0.25,max,1058,20,0.01890359168241966,0.030245746691871456,-0.011342155009451797,-1.6849327022439902,0.9539992218475846,False
RPM,018f,additive,negative,0.25,weighted_0.25,1058,22,0.020793950850661626,0.020793950850661626,0.0,0.0,0.5,False
RPM,018f,additive,negative,0.25,weighted_0.5,1058,33,0.031190926275992438,0.038752362948960305,-0.007561436672967867,-0.9466819352920253,0.8280995608444224,False
RPM,018f,additive,negative,0.25,weighted_0.75,1058,13,0.012287334593572778,0.026465028355387523,-0.014177693761814745,-2.365637041684235,0.9910004597420405,False
RPM,018f,additive,negative,0.5,pird,1058,17,0.01606805293005671,0.02551984877126654,-0.00945179584120983,-1.5234795111814996,0.9361806085665083,False
RPM,018f,additive,negative,0.5,global,1058,10,0.00945179584120983,0.00945179584120983,0.0,0.0,0.5,False
RPM,018f,additive,negative,0.5,or,1058,27,0.02551984877126654,0.03497164461247637,-0.00945179584120983,-1.2693435088540004,0.8978407125844581,False
RPM,018f,additive,negative,0.5,max,1058,22,0.020793950850661626,0.030245746691871456,-0.00945179584120983,-1.3785312680855248,0.9159803396052859,False
RPM,018f,additive,negative,0.5,weighted_0.25,1058,24,0.022684310018903593,0.020793950850661626,0.0018903591682419667,0.2981423969999721,0.382797241997882,False
RPM,018f,additive,negative,0.5,weighted_0.5,1058,34,0.03213610586011342,0.038752362948960305,-0.006616257088846882,-0.8230073952449012,0.794748106005847,False
RPM,018f,additive,negative,0.5,weighted_0.75,1058,14,0.013232514177693762,0.026465028355387523,-0.013232514177693762,-2.182010550338198,0.985445622955371,False
RPM,018f,additive,negative,0.5,global_A_bus,1058,48,0.045368620037807186,0.045368620037807186,0.0,0.0,0.5,False
RPM,018f,additive,negative,0.5,global_B_id_population,1058,2,0.001890359168241966,0.001890359168241966,0.0,0.0,0.5,False
RPM,018f,additive,negative,0.5,global_C_cross_id,1058,6,0.005671077504725898,0.004725897920604915,0.0009451795841209833,0.3022981149321209,0.38121240761444275,False
RPM,018f,additive,negative,0.5,global_D_bus_idpop,1058,29,0.027410207939508508,0.027410207939508508,0.0,0.0,0.5,False
RPM,018f,additive,negative,0.5,global_E_all,1058,10,0.00945179584120983,0.00945179584120983,0.0,0.0,0.5,False
RPM,018f,additive,negative,0.75,pird,1058,8,0.007561436672967864,0.02551984877126654,-0.017958412098298678,-3.2384811263139803,0.9993991601425405,False
RPM,018f,additive,negative,0.75,global,1058,10,0.00945179584120983,0.00945179584120983,0.0,0.0,0.5,False
RPM,018f,additive,negative,0.75,or,1058,18,0.017013232514177693,0.03497164461247637,-0.017958412098298678,-2.5959187302529134,0.9952830812041062,False
RPM,018f,additive,negative,0.75,max,1058,13,0.012287334593572778,0.030245746691871456,-0.017958412098298678,-2.862958984831555,0.9979014755555328,False
RPM,018f,additive,negative,0.75,weighted_0.25,1058,22,0.020793950850661626,0.020793950850661626,0.0,0.0,0.5,False
RPM,018f,additive,negative,0.75,weighted_0.5,1058,34,0.03213610586011342,0.038752362948960305,-0.006616257088846882,-0.8230073952449012,0.794748106005847,False
RPM,018f,additive,negative,0.75,weighted_0.75,1058,19,0.017958412098298678,0.026465028355387523,-0.008506616257088845,-1.3276119925753997,0.9078468396706809,False
RPM,018f,additive,negative,1.0,pird,1058,38,0.035916824196597356,0.02551984877126654,0.010396975425330815,1.385833349806209,0.08289889818681916,False
RPM,018f,additive,negative,1.0,global,1058,10,0.00945179584120983,0.00945179584120983,0.0,0.0,0.5,False
RPM,018f,additive,negative,1.0,or,1058,48,0.045368620037807186,0.03497164461247637,0.010396975425330815,1.2178283848859952,0.11164459765241147,False
RPM,018f,additive,negative,1.0,max,1058,43,0.04064272211720227,0.030245746691871456,0.010396975425330812,1.2932973353848445,0.0979541209498935,False
RPM,018f,additive,negative,1.0,weighted_0.25,1058,24,0.022684310018903593,0.020793950850661626,0.0018903591682419667,0.2981423969999721,0.382797241997882,False
RPM,018f,additive,negative,1.0,weighted_0.5,1058,38,0.035916824196597356,0.038752362948960305,-0.0028355387523629483,-0.3440091754345111,0.6345803071176895,False
RPM,018f,additive,negative,1.0,weighted_0.75,1058,32,0.030245746691871456,0.026465028355387523,0.0037807183364839334,0.523878581194137,0.3001814965610389,False
RPM,018f,additive,negative,1.0,global_A_bus,1058,48,0.045368620037807186,0.045368620037807186,0.0,0.0,0.5,False
RPM,018f,additive,negative,1.0,global_B_id_population,1058,2,0.001890359168241966,0.001890359168241966,0.0,0.0,0.5,False
RPM,018f,additive,negative,1.0,global_C_cross_id,1058,7,0.006616257088846881,0.004725897920604915,0.0018903591682419658,0.5789943644093126,0.2812964878999997,False
RPM,018f,additive,negative,1.0,global_D_bus_idpop,1058,29,0.027410207939508508,0.027410207939508508,0.0,0.0,0.5,False
RPM,018f,additive,negative,1.0,global_E_all,1058,10,0.00945179584120983,0.00945179584120983,0.0,0.0,0.5,False
RPM,018f,additive,negative,1.5,pird,1058,64,0.06049149338374291,0.02551984877126654,0.03497164461247637,3.964846204668233,3.672164173373004e-05,True
RPM,018f,additive,negative,1.5,global,1058,10,0.00945179584120983,0.00945179584120983,0.0,0.0,0.5,False
RPM,018f,additive,negative,1.5,or,1058,74,0.06994328922495274,0.03497164461247637,0.03497164461247637,3.6077869048475812,0.00015440998127643182,True
RPM,018f,additive,negative,1.5,max,1058,69,0.06521739130434782,0.030245746691871456,0.03497164461247637,3.772778805078002,8.071970236224654e-05,True
RPM,018f,additive,negative,1.5,weighted_0.25,1058,25,0.023629489603024575,0.020793950850661626,0.0028355387523629483,0.4425373308584666,0.32905021135998586,False
RPM,018f,additive,negative,1.5,weighted_0.5,1058,48,0.045368620037807186,0.038752362948960305,0.006616257088846882,0.7581130874754446,0.2241916427460899,False
RPM,018f,additive,negative,1.5,weighted_0.75,1058,46,0.043478260869565216,0.026465028355387523,0.017013232514177693,2.130034354407056,0.016584388601698585,True
RPM,018f,additive,negative,1.5,global_A_bus,1058,48,0.045368620037807186,0.045368620037807186,0.0,0.0,0.5,False
RPM,018f,additive,negative,1.5,global_B_id_population,1058,2,0.001890359168241966,0.001890359168241966,0.0,0.0,0.5,False
RPM,018f,additive,negative,1.5,global_C_cross_id,1058,7,0.006616257088846881,0.004725897920604915,0.0018903591682419658,0.5789943644093126,0.2812964878999997,False
RPM,018f,additive,negative,1.5,global_D_bus_idpop,1058,29,0.027410207939508508,0.027410207939508508,0.0,0.0,0.5,False
RPM,018f,additive,negative,1.5,global_E_all,1058,10,0.00945179584120983,0.00945179584120983,0.0,0.0,0.5,False
RPM,018f,additive,negative,2.0,pird,1058,132,0.12476370510396975,0.02551984877126654,0.09924385633270322,8.65870923023122,2.385680978527917e-18,True
RPM,018f,additive,negative,2.0,global,1058,10,0.00945179584120983,0.00945179584120983,0.0,0.0,0.5,False
RPM,018f,additive,negative,2.0,or,1058,142,0.1342155009451796,0.03497164461247637,0.09924385633270322,8.20268067164608,1.1754252470692688e-16,True
RPM,018f,additive,negative,2.0,max,1058,137,0.12948960302457466,0.030245746691871456,0.0992438563327032,8.4201688921146,1.8797097721495462e-17,True
RPM,018f,additive,negative,2.0,weighted_0.25,1058,28,0.026465028355387523,0.020793950850661626,0.0056710775047258966,0.8587345199761358,0.19524350040947477,False
RPM,018f,additive,negative,2.0,weighted_0.5,1058,69,0.06521739130434782,0.038752362948960305,0.02646502835538752,2.74191543354648,0.003054103262492856,True
RPM,018f,additive,negative,2.0,weighted_0.75,1058,55,0.05198487712665406,0.026465028355387523,0.025519848771266538,3.023527063620258,0.0012492334024920178,True
RPM,018f,additive,negative,3.0,pird,1058,148,0.13988657844990549,0.02551984877126654,0.11436672967863895,9.550176763034083,6.473759325562522e-22,True
RPM,018f,additive,negative,3.0,global,1058,10,0.00945179584120983,0.00945179584120983,0.0,0.0,0.5,False
RPM,018f,additive,negative,3.0,or,1058,158,0.14933837429111532,0.03497164461247637,0.11436672967863895,9.094152107669451,4.7663675538688425e-20,True
RPM,018f,additive,negative,3.0,max,1058,153,0.1446124763705104,0.030245746691871456,0.11436672967863894,9.31249818058668,6.2430181719865025e-21,True
RPM,018f,additive,negative,3.0,weighted_0.25,1058,35,0.0330812854442344,0.020793950850661626,0.012287334593572775,1.745563221333483,0.040443438895057575,True
RPM,018f,additive,negative,3.0,weighted_0.5,1058,112,0.10586011342155009,0.038752362948960305,0.0671077504725898,5.9595067387402345,1.2650021522066612e-09,True
RPM,018f,additive,negative,3.0,weighted_0.75,1058,103,0.09735349716446125,0.026465028355387523,0.07088846880907372,6.7655513039459345,6.640126221236877e-12,True
RPM,018f,mean_shift,positive,0.25,pird,1058,0,0.0,0.02551984877126654,-0.02551984877126654,-5.2296243459186975,0.9999999150725878,False
RPM,018f,mean_shift,positive,0.25,global,1058,10,0.00945179584120983,0.00945179584120983,0.0,0.0,0.5,False
RPM,018f,mean_shift,positive,0.25,or,1058,10,0.00945179584120983,0.03497164461247637,-0.02551984877126654,-3.9828359777262,0.9999659511221933,False
RPM,018f,mean_shift,positive,0.25,max,1058,5,0.004725897920604915,0.030245746691871456,-0.02551984877126654,-4.478096923175295,0.9999962344295509,False
RPM,018f,mean_shift,positive,0.25,weighted_0.25,1058,3,0.002835538752362949,0.020793950850661626,-0.017958412098298678,-3.8226489071876775,0.9999339871497546,False
RPM,018f,mean_shift,positive,0.25,weighted_0.5,1058,0,0.0,0.038752362948960305,-0.038752362948960305,-6.466074580603577,0.9999999999497093,False
RPM,018f,mean_shift,positive,0.25,weighted_0.75,1058,0,0.0,0.026465028355387523,-0.026465028355387523,-5.3268638923106595,0.999999950038509,False
RPM,018f,mean_shift,positive,0.5,pird,1058,0,0.0,0.02551984877126654,-0.02551984877126654,-5.2296243459186975,0.9999999150725878,False
RPM,018f,mean_shift,positive,0.5,global,1058,10,0.00945179584120983,0.00945179584120983,0.0,0.0,0.5,False
RPM,018f,mean_shift,positive,0.5,or,1058,10,0.00945179584120983,0.03497164461247637,-0.02551984877126654,-3.9828359777262,0.9999659511221933,False
RPM,018f,mean_shift,positive,0.5,max,1058,5,0.004725897920604915,0.030245746691871456,-0.02551984877126654,-4.478096923175295,0.9999962344295509,False
RPM,018f,mean_shift,positive,0.5,weighted_0.25,1058,5,0.004725897920604915,0.020793950850661626,-0.01606805293005671,-3.292726440022884,0.9995038951835559,False
RPM,018f,mean_shift,positive,0.5,weighted_0.5,1058,0,0.0,0.038752362948960305,-0.038752362948960305,-6.466074580603577,0.9999999999497093,False
RPM,018f,mean_shift,positive,0.5,weighted_0.75,1058,0,0.0,0.026465028355387523,-0.026465028355387523,-5.3268638923106595,0.999999950038509,False
RPM,018f,mean_shift,positive,0.5,global_A_bus,1058,48,0.045368620037807186,0.045368620037807186,0.0,0.0,0.5,False
RPM,018f,mean_shift,positive,0.5,global_B_id_population,1058,2,0.001890359168241966,0.001890359168241966,0.0,0.0,0.5,False
RPM,018f,mean_shift,positive,0.5,global_C_cross_id,1058,7,0.006616257088846881,0.004725897920604915,0.0018903591682419658,0.5789943644093126,0.2812964878999997,False
RPM,018f,mean_shift,positive,0.5,global_D_bus_idpop,1058,29,0.027410207939508508,0.027410207939508508,0.0,0.0,0.5,False
RPM,018f,mean_shift,positive,0.5,global_E_all,1058,10,0.00945179584120983,0.00945179584120983,0.0,0.0,0.5,False
RPM,018f,mean_shift,positive,0.75,pird,1058,0,0.0,0.02551984877126654,-0.02551984877126654,-5.2296243459186975,0.9999999150725878,False
RPM,018f,mean_shift,positive,0.75,global,1058,10,0.00945179584120983,0.00945179584120983,0.0,0.0,0.5,False
RPM,018f,mean_shift,positive,0.75,or,1058,10,0.00945179584120983,0.03497164461247637,-0.02551984877126654,-3.9828359777262,0.9999659511221933,False
RPM,018f,mean_shift,positive,0.75,max,1058,5,0.004725897920604915,0.030245746691871456,-0.02551984877126654,-4.478096923175295,0.9999962344295509,False
RPM,018f,mean_shift,positive,0.75,weighted_0.25,1058,8,0.007561436672967864,0.020793950850661626,-0.013232514177693763,-2.574352941008082,0.9949786115419506,False
RPM,018f,mean_shift,positive,0.75,weighted_0.5,1058,0,0.0,0.038752362948960305,-0.038752362948960305,-6.466074580603577,0.9999999999497093,False
RPM,018f,mean_shift,positive,0.75,weighted_0.75,1058,0,0.0,0.026465028355387523,-0.026465028355387523,-5.3268638923106595,0.999999950038509,False
RPM,018f,mean_shift,positive,1.0,pird,1058,0,0.0,0.02551984877126654,-0.02551984877126654,-5.2296243459186975,0.9999999150725878,False
RPM,018f,mean_shift,positive,1.0,global,1058,10,0.00945179584120983,0.00945179584120983,0.0,0.0,0.5,False
RPM,018f,mean_shift,positive,1.0,or,1058,10,0.00945179584120983,0.03497164461247637,-0.02551984877126654,-3.9828359777262,0.9999659511221933,False
RPM,018f,mean_shift,positive,1.0,max,1058,5,0.004725897920604915,0.030245746691871456,-0.02551984877126654,-4.478096923175295,0.9999962344295509,False
RPM,018f,mean_shift,positive,1.0,weighted_0.25,1058,9,0.008506616257088847,0.020793950850661626,-0.01228733459357278,-2.352162421921817,0.9906676885303058,False
RPM,018f,mean_shift,positive,1.0,weighted_0.5,1058,1,0.000945179584120983,0.038752362948960305,-0.03780718336483932,-6.234315858109138,0.9999999997731217,False
RPM,018f,mean_shift,positive,1.0,weighted_0.75,1058,0,0.0,0.026465028355387523,-0.026465028355387523,-5.3268638923106595,0.999999950038509,False
RPM,018f,mean_shift,positive,1.0,global_A_bus,1058,48,0.045368620037807186,0.045368620037807186,0.0,0.0,0.5,False
RPM,018f,mean_shift,positive,1.0,global_B_id_population,1058,2,0.001890359168241966,0.001890359168241966,0.0,0.0,0.5,False
RPM,018f,mean_shift,positive,1.0,global_C_cross_id,1058,6,0.005671077504725898,0.004725897920604915,0.0009451795841209833,0.3022981149321209,0.38121240761444275,False
RPM,018f,mean_shift,positive,1.0,global_D_bus_idpop,1058,29,0.027410207939508508,0.027410207939508508,0.0,0.0,0.5,False
RPM,018f,mean_shift,positive,1.0,global_E_all,1058,10,0.00945179584120983,0.00945179584120983,0.0,0.0,0.5,False
RPM,018f,mean_shift,positive,1.5,pird,1058,0,0.0,0.02551984877126654,-0.02551984877126654,-5.2296243459186975,0.9999999150725878,False
RPM,018f,mean_shift,positive,1.5,global,1058,9,0.008506616257088847,0.00945179584120983,-0.0009451795841209833,-0.23045270809620655,0.5911299960154094,False
RPM,018f,mean_shift,positive,1.5,or,1058,9,0.008506616257088847,0.03497164461247637,-0.026465028355387527,-4.173993557999609,0.9999850346888886,False
RPM,018f,mean_shift,positive,1.5,max,1058,5,0.004725897920604915,0.030245746691871456,-0.02551984877126654,-4.478096923175295,0.9999962344295509,False
RPM,018f,mean_shift,positive,1.5,weighted_0.25,1058,26,0.024574669187145556,0.020793950850661626,0.00378071833648393,0.5840122235368791,0.2796060440863132,False
RPM,018f,mean_shift,positive,1.5,weighted_0.5,1058,36,0.034026465028355386,0.038752362948960305,-0.004725897920604918,-0.5804620891041841,0.7191984773968749,False
RPM,018f,mean_shift,positive,1.5,weighted_0.75,1058,0,0.0,0.026465028355387523,-0.026465028355387523,-5.3268638923106595,0.999999950038509,False
RPM,018f,mean_shift,positive,1.5,global_A_bus,1058,48,0.045368620037807186,0.045368620037807186,0.0,0.0,0.5,False
RPM,018f,mean_shift,positive,1.5,global_B_id_population,1058,2,0.001890359168241966,0.001890359168241966,0.0,0.0,0.5,False
RPM,018f,mean_shift,positive,1.5,global_C_cross_id,1058,5,0.004725897920604915,0.004725897920604915,0.0,0.0,0.5,False
RPM,018f,mean_shift,positive,1.5,global_D_bus_idpop,1058,29,0.027410207939508508,0.027410207939508508,0.0,0.0,0.5,False
RPM,018f,mean_shift,positive,1.5,global_E_all,1058,9,0.008506616257088847,0.00945179584120983,-0.0009451795841209833,-0.23045270809620655,0.5911299960154094,False
RPM,018f,mean_shift,positive,2.0,pird,1058,1058,1.0,0.02551984877126654,0.9744801512287334,44.8406908689383,0.0,True
RPM,018f,mean_shift,positive,2.0,global,1058,9,0.008506616257088847,0.00945179584120983,-0.0009451795841209833,-0.23045270809620655,0.5911299960154094,False
RPM,018f,mean_shift,positive,2.0,or,1058,1058,1.0,0.03497164461247637,0.9650283553875236,44.41847490900615,0.0,True
RPM,018f,mean_shift,positive,2.0,max,1058,1058,1.0,0.030245746691871456,0.9697542533081286,44.62911379542661,0.0,True
RPM,018f,mean_shift,positive,2.0,weighted_0.25,1058,41,0.038752362948960305,0.020793950850661626,0.017958412098298678,2.430226113752159,0.007544702890141836,True
RPM,018f,mean_shift,positive,2.0,weighted_0.5,1058,164,0.15500945179584122,0.038752362948960305,0.11625708884688091,9.039734370446185,7.852649338064566e-20,True
RPM,018f,mean_shift,positive,2.0,weighted_0.75,1058,331,0.31285444234404536,0.026465028355387523,0.28638941398865786,17.5496053707301,2.9947362236682693e-69,True
RPM,018f,mean_shift,positive,3.0,pird,1058,1058,1.0,0.02551984877126654,0.9744801512287334,44.8406908689383,0.0,True
RPM,018f,mean_shift,positive,3.0,global,1058,9,0.008506616257088847,0.00945179584120983,-0.0009451795841209833,-0.23045270809620655,0.5911299960154094,False
RPM,018f,mean_shift,positive,3.0,or,1058,1058,1.0,0.03497164461247637,0.9650283553875236,44.41847490900615,0.0,True
RPM,018f,mean_shift,positive,3.0,max,1058,1058,1.0,0.030245746691871456,0.9697542533081286,44.62911379542661,0.0,True
RPM,018f,mean_shift,positive,3.0,weighted_0.25,1058,68,0.06427221172022685,0.020793950850661626,0.043478260869565216,4.9553540356381065,3.609935282422171e-07,True
RPM,018f,mean_shift,positive,3.0,weighted_0.5,1058,491,0.46408317580340264,0.038752362948960305,0.42533081285444235,22.54950125469009,6.790357153759943e-113,True
RPM,018f,mean_shift,positive,3.0,weighted_0.75,1058,1058,1.0,0.026465028355387523,0.9735349716446124,44.79829975726539,0.0,True
RPM,018f,mean_shift,negative,0.25,pird,1058,0,0.0,0.02551984877126654,-0.02551984877126654,-5.2296243459186975,0.9999999150725878,False
RPM,018f,mean_shift,negative,0.25,global,1058,10,0.00945179584120983,0.00945179584120983,0.0,0.0,0.5,False
RPM,018f,mean_shift,negative,0.25,or,1058,10,0.00945179584120983,0.03497164461247637,-0.02551984877126654,-3.9828359777262,0.9999659511221933,False
RPM,018f,mean_shift,negative,0.25,max,1058,5,0.004725897920604915,0.030245746691871456,-0.02551984877126654,-4.478096923175295,0.9999962344295509,False
RPM,018f,mean_shift,negative,0.25,weighted_0.25,1058,3,0.002835538752362949,0.020793950850661626,-0.017958412098298678,-3.8226489071876775,0.9999339871497546,False
RPM,018f,mean_shift,negative,0.25,weighted_0.5,1058,0,0.0,0.038752362948960305,-0.038752362948960305,-6.466074580603577,0.9999999999497093,False
RPM,018f,mean_shift,negative,0.25,weighted_0.75,1058,0,0.0,0.026465028355387523,-0.026465028355387523,-5.3268638923106595,0.999999950038509,False
RPM,018f,mean_shift,negative,0.5,pird,1058,0,0.0,0.02551984877126654,-0.02551984877126654,-5.2296243459186975,0.9999999150725878,False
RPM,018f,mean_shift,negative,0.5,global,1058,10,0.00945179584120983,0.00945179584120983,0.0,0.0,0.5,False
RPM,018f,mean_shift,negative,0.5,or,1058,10,0.00945179584120983,0.03497164461247637,-0.02551984877126654,-3.9828359777262,0.9999659511221933,False
RPM,018f,mean_shift,negative,0.5,max,1058,5,0.004725897920604915,0.030245746691871456,-0.02551984877126654,-4.478096923175295,0.9999962344295509,False
RPM,018f,mean_shift,negative,0.5,weighted_0.25,1058,4,0.003780718336483932,0.020793950850661626,-0.017013232514177693,-3.551980065397811,0.9998088280870407,False
RPM,018f,mean_shift,negative,0.5,weighted_0.5,1058,0,0.0,0.038752362948960305,-0.038752362948960305,-6.466074580603577,0.9999999999497093,False
RPM,018f,mean_shift,negative,0.5,weighted_0.75,1058,0,0.0,0.026465028355387523,-0.026465028355387523,-5.3268638923106595,0.999999950038509,False
RPM,018f,mean_shift,negative,0.5,global_A_bus,1058,48,0.045368620037807186,0.045368620037807186,0.0,0.0,0.5,False
RPM,018f,mean_shift,negative,0.5,global_B_id_population,1058,2,0.001890359168241966,0.001890359168241966,0.0,0.0,0.5,False
RPM,018f,mean_shift,negative,0.5,global_C_cross_id,1058,7,0.006616257088846881,0.004725897920604915,0.0018903591682419658,0.5789943644093126,0.2812964878999997,False
RPM,018f,mean_shift,negative,0.5,global_D_bus_idpop,1058,29,0.027410207939508508,0.027410207939508508,0.0,0.0,0.5,False
RPM,018f,mean_shift,negative,0.5,global_E_all,1058,10,0.00945179584120983,0.00945179584120983,0.0,0.0,0.5,False
RPM,018f,mean_shift,negative,0.75,pird,1058,0,0.0,0.02551984877126654,-0.02551984877126654,-5.2296243459186975,0.9999999150725878,False
RPM,018f,mean_shift,negative,0.75,global,1058,10,0.00945179584120983,0.00945179584120983,0.0,0.0,0.5,False
RPM,018f,mean_shift,negative,0.75,or,1058,10,0.00945179584120983,0.03497164461247637,-0.02551984877126654,-3.9828359777262,0.9999659511221933,False
RPM,018f,mean_shift,negative,0.75,max,1058,5,0.004725897920604915,0.030245746691871456,-0.02551984877126654,-4.478096923175295,0.9999962344295509,False
RPM,018f,mean_shift,negative,0.75,weighted_0.25,1058,5,0.004725897920604915,0.020793950850661626,-0.01606805293005671,-3.292726440022884,0.9995038951835559,False
RPM,018f,mean_shift,negative,0.75,weighted_0.5,1058,0,0.0,0.038752362948960305,-0.038752362948960305,-6.466074580603577,0.9999999999497093,False
RPM,018f,mean_shift,negative,0.75,weighted_0.75,1058,0,0.0,0.026465028355387523,-0.026465028355387523,-5.3268638923106595,0.999999950038509,False
RPM,018f,mean_shift,negative,1.0,pird,1058,0,0.0,0.02551984877126654,-0.02551984877126654,-5.2296243459186975,0.9999999150725878,False
RPM,018f,mean_shift,negative,1.0,global,1058,10,0.00945179584120983,0.00945179584120983,0.0,0.0,0.5,False
RPM,018f,mean_shift,negative,1.0,or,1058,10,0.00945179584120983,0.03497164461247637,-0.02551984877126654,-3.9828359777262,0.9999659511221933,False
RPM,018f,mean_shift,negative,1.0,max,1058,5,0.004725897920604915,0.030245746691871456,-0.02551984877126654,-4.478096923175295,0.9999962344295509,False
RPM,018f,mean_shift,negative,1.0,weighted_0.25,1058,9,0.008506616257088847,0.020793950850661626,-0.01228733459357278,-2.352162421921817,0.9906676885303058,False
RPM,018f,mean_shift,negative,1.0,weighted_0.5,1058,0,0.0,0.038752362948960305,-0.038752362948960305,-6.466074580603577,0.9999999999497093,False
RPM,018f,mean_shift,negative,1.0,weighted_0.75,1058,0,0.0,0.026465028355387523,-0.026465028355387523,-5.3268638923106595,0.999999950038509,False
RPM,018f,mean_shift,negative,1.0,global_A_bus,1058,48,0.045368620037807186,0.045368620037807186,0.0,0.0,0.5,False
RPM,018f,mean_shift,negative,1.0,global_B_id_population,1058,2,0.001890359168241966,0.001890359168241966,0.0,0.0,0.5,False
RPM,018f,mean_shift,negative,1.0,global_C_cross_id,1058,7,0.006616257088846881,0.004725897920604915,0.0018903591682419658,0.5789943644093126,0.2812964878999997,False
RPM,018f,mean_shift,negative,1.0,global_D_bus_idpop,1058,29,0.027410207939508508,0.027410207939508508,0.0,0.0,0.5,False
RPM,018f,mean_shift,negative,1.0,global_E_all,1058,10,0.00945179584120983,0.00945179584120983,0.0,0.0,0.5,False
RPM,018f,mean_shift,negative,1.5,pird,1058,0,0.0,0.02551984877126654,-0.02551984877126654,-5.2296243459186975,0.9999999150725878,False
RPM,018f,mean_shift,negative,1.5,global,1058,10,0.00945179584120983,0.00945179584120983,0.0,0.0,0.5,False
RPM,018f,mean_shift,negative,1.5,or,1058,10,0.00945179584120983,0.03497164461247637,-0.02551984877126654,-3.9828359777262,0.9999659511221933,False
RPM,018f,mean_shift,negative,1.5,max,1058,5,0.004725897920604915,0.030245746691871456,-0.02551984877126654,-4.478096923175295,0.9999962344295509,False
RPM,018f,mean_shift,negative,1.5,weighted_0.25,1058,16,0.015122873345935728,0.020793950850661626,-0.005671077504725898,-0.9821877475256418,0.8369963186762733,False
RPM,018f,mean_shift,negative,1.5,weighted_0.5,1058,10,0.00945179584120983,0.038752362948960305,-0.029300567107750475,-4.394145259042468,0.9999944395280271,False
RPM,018f,mean_shift,negative,1.5,weighted_0.75,1058,0,0.0,0.026465028355387523,-0.026465028355387523,-5.3268638923106595,0.999999950038509,False
RPM,018f,mean_shift,negative,1.5,global_A_bus,1058,48,0.045368620037807186,0.045368620037807186,0.0,0.0,0.5,False
RPM,018f,mean_shift,negative,1.5,global_B_id_population,1058,2,0.001890359168241966,0.001890359168241966,0.0,0.0,0.5,False
RPM,018f,mean_shift,negative,1.5,global_C_cross_id,1058,7,0.006616257088846881,0.004725897920604915,0.0018903591682419658,0.5789943644093126,0.2812964878999997,False
RPM,018f,mean_shift,negative,1.5,global_D_bus_idpop,1058,29,0.027410207939508508,0.027410207939508508,0.0,0.0,0.5,False
RPM,018f,mean_shift,negative,1.5,global_E_all,1058,10,0.00945179584120983,0.00945179584120983,0.0,0.0,0.5,False
RPM,018f,mean_shift,negative,2.0,pird,1058,0,0.0,0.02551984877126654,-0.02551984877126654,-5.2296243459186975,0.9999999150725878,False
RPM,018f,mean_shift,negative,2.0,global,1058,10,0.00945179584120983,0.00945179584120983,0.0,0.0,0.5,False
RPM,018f,mean_shift,negative,2.0,or,1058,10,0.00945179584120983,0.03497164461247637,-0.02551984877126654,-3.9828359777262,0.9999659511221933,False
RPM,018f,mean_shift,negative,2.0,max,1058,5,0.004725897920604915,0.030245746691871456,-0.02551984877126654,-4.478096923175295,0.9999962344295509,False
RPM,018f,mean_shift,negative,2.0,weighted_0.25,1058,27,0.02551984877126654,0.020793950850661626,0.004725897920604915,0.722702501066816,0.2349313393282486,False
RPM,018f,mean_shift,negative,2.0,weighted_0.5,1058,42,0.03969754253308128,0.038752362948960305,0.0009451795841209781,0.11198248383778676,0.4554186475390564,False
RPM,018f,mean_shift,negative,2.0,weighted_0.75,1058,3,0.002835538752362949,0.026465028355387523,-0.023629489603024575,-4.52338927292657,0.9999969571418341,False
RPM,018f,mean_shift,negative,3.0,pird,1058,0,0.0,0.02551984877126654,-0.02551984877126654,-5.2296243459186975,0.9999999150725878,False
RPM,018f,mean_shift,negative,3.0,global,1058,10,0.00945179584120983,0.00945179584120983,0.0,0.0,0.5,False
RPM,018f,mean_shift,negative,3.0,or,1058,10,0.00945179584120983,0.03497164461247637,-0.02551984877126654,-3.9828359777262,0.9999659511221933,False
RPM,018f,mean_shift,negative,3.0,max,1058,5,0.004725897920604915,0.030245746691871456,-0.02551984877126654,-4.478096923175295,0.9999962344295509,False
RPM,018f,mean_shift,negative,3.0,weighted_0.25,1058,34,0.03213610586011342,0.020793950850661626,0.011342155009451797,1.6252173651699426,0.0520581257960272,False
RPM,018f,mean_shift,negative,3.0,weighted_0.5,1058,108,0.10207939508506617,0.038752362948960305,0.06332703213610585,5.692949353839059,6.243171698680188e-09,True
RPM,018f,mean_shift,negative,3.0,weighted_0.75,1058,69,0.06521739130434782,0.026465028355387523,0.0387523629489603,4.261746977296904,1.0141751097577482e-05,True
RPM,0153,additive,positive,0.25,pird,1065,1,0.0009389671361502347,0.0,0.0009389671361502347,1.0002348244719466,0.15859843995528458,False
RPM,0153,additive,positive,0.25,global,1065,9,0.008450704225352112,0.008450704225352112,0.0,0.0,0.5,False
RPM,0153,additive,positive,0.25,or,1065,10,0.009389671361502348,0.008450704225352112,0.0009389671361502358,0.2304458463282751,0.40887266970183594,False
RPM,0153,additive,positive,0.25,max,1065,3,0.0028169014084507044,0.0018779342723004694,0.0009389671361502349,0.447739420014917,0.3271706343031474,False
RPM,0153,additive,positive,0.25,weighted_0.25,1065,7,0.006572769953051643,0.0028169014084507044,0.0037558685446009384,1.267890835131842,0.10241846872144474,False
RPM,0153,additive,positive,0.25,weighted_0.5,1065,4,0.003755868544600939,0.0009389671361502347,0.002816901408450704,1.3432182600447506,0.08960065532745674,False
RPM,0153,additive,positive,0.25,weighted_0.75,1065,1,0.0009389671361502347,0.0,0.0009389671361502347,1.0002348244719466,0.15859843995528458,False
RPM,0153,additive,positive,0.5,pird,1065,1,0.0009389671361502347,0.0,0.0009389671361502347,1.0002348244719466,0.15859843995528458,False
RPM,0153,additive,positive,0.5,global,1065,9,0.008450704225352112,0.008450704225352112,0.0,0.0,0.5,False
RPM,0153,additive,positive,0.5,or,1065,10,0.009389671361502348,0.008450704225352112,0.0009389671361502358,0.2304458463282751,0.40887266970183594,False
RPM,0153,additive,positive,0.5,max,1065,3,0.0028169014084507044,0.0018779342723004694,0.0009389671361502349,0.447739420014917,0.3271706343031474,False
RPM,0153,additive,positive,0.5,weighted_0.25,1065,9,0.008450704225352112,0.0028169014084507044,0.005633802816901408,1.7369505367565334,0.041197951009312235,True
RPM,0153,additive,positive,0.5,weighted_0.5,1065,5,0.004694835680751174,0.0009389671361502347,0.003755868544600939,1.6352980227934497,0.05099329393214096,False
RPM,0153,additive,positive,0.5,weighted_0.75,1065,3,0.0028169014084507044,0.0,0.0028169014084507044,1.7332718516455028,0.04152368068865349,True
RPM,0153,additive,positive,0.5,global_A_bus,1065,59,0.05539906103286385,0.05539906103286385,0.0,0.0,0.5,False
RPM,0153,additive,positive,0.5,global_B_id_population,1065,3,0.0028169014084507044,0.0028169014084507044,0.0,0.0,0.5,False
RPM,0153,additive,positive,0.5,global_C_cross_id,1065,7,0.006572769953051643,0.006572769953051643,0.0,0.0,0.5,False
RPM,0153,additive,positive,0.5,global_D_bus_idpop,1065,18,0.016901408450704224,0.016901408450704224,0.0,0.0,0.5,False
RPM,0153,additive,positive,0.5,global_E_all,1065,9,0.008450704225352112,0.008450704225352112,0.0,0.0,0.5,False
RPM,0153,additive,positive,0.75,pird,1065,2,0.0018779342723004694,0.0,0.0018779342723004694,1.4148779803389833,0.0785521375802614,False
RPM,0153,additive,positive,0.75,global,1065,9,0.008450704225352112,0.008450704225352112,0.0,0.0,0.5,False
RPM,0153,additive,positive,0.75,or,1065,11,0.010328638497652582,0.008450704225352112,0.0018779342723004699,0.44932809237477733,0.326597497710333,False
RPM,0153,additive,positive,0.75,max,1065,4,0.003755868544600939,0.0018779342723004694,0.0018779342723004694,0.8176490113967249,0.206778816542786,False
RPM,0153,additive,positive,0.75,weighted_0.25,1065,12,0.011267605633802818,0.0028169014084507044,0.008450704225352114,2.3320158387842107,0.009849928970731999,True
RPM,0153,additive,positive,0.75,weighted_0.5,1065,16,0.015023474178403756,0.0009389671361502347,0.014084507042253521,3.652639838548363,0.00012977908213165055,True
RPM,0153,additive,positive,0.75,weighted_0.75,1065,5,0.004694835680751174,0.0,0.004694835680751174,2.238697100074585,0.012587815676933203,True
RPM,0153,additive,positive,1.0,pird,1065,7,0.006572769953051643,0.0,0.006572769953051643,2.6501095347922146,0.004023283926985294,True
RPM,0153,additive,positive,1.0,global,1065,9,0.008450704225352112,0.008450704225352112,0.0,0.0,0.5,False
RPM,0153,additive,positive,1.0,or,1065,16,0.015023474178403756,0.008450704225352112,0.006572769953051644,1.40828900078738,0.07952275565047497,False
RPM,0153,additive,positive,1.0,max,1065,9,0.008450704225352112,0.0018779342723004694,0.006572769953051642,2.1160504648268925,0.017170257890853004,True
RPM,0153,additive,positive,1.0,weighted_0.25,1065,15,0.014084507042253521,0.0028169014084507044,0.011267605633802818,2.8404545090850903,0.0022524648835967405,True
RPM,0153,additive,positive,1.0,weighted_0.5,1065,24,0.022535211267605635,0.0009389671361502347,0.0215962441314554,4.627235288301391,1.852897141619741e-06,True
RPM,0153,additive,positive,1.0,weighted_0.75,1065,8,0.007511737089201878,0.0,0.007511737089201878,2.833753734219277,0.0023002384845873212,True
RPM,0153,additive,positive,1.0,global_A_bus,1065,59,0.05539906103286385,0.05539906103286385,0.0,0.0,0.5,False
RPM,0153,additive,positive,1.0,global_B_id_population,1065,3,0.0028169014084507044,0.0028169014084507044,0.0,0.0,0.5,False
RPM,0153,additive,positive,1.0,global_C_cross_id,1065,7,0.006572769953051643,0.006572769953051643,0.0,0.0,0.5,False
RPM,0153,additive,positive,1.0,global_D_bus_idpop,1065,18,0.016901408450704224,0.016901408450704224,0.0,0.0,0.5,False
RPM,0153,additive,positive,1.0,global_E_all,1065,9,0.008450704225352112,0.008450704225352112,0.0,0.0,0.5,False
RPM,0153,additive,positive,1.5,pird,1065,17,0.01596244131455399,0.0,0.01596244131455399,4.1396584836881445,1.7391161984124536e-05,True
RPM,0153,additive,positive,1.5,global,1065,9,0.008450704225352112,0.008450704225352112,0.0,0.0,0.5,False
RPM,0153,additive,positive,1.5,or,1065,26,0.024413145539906103,0.008450704225352112,0.01596244131455399,2.8974282305479577,0.001881179053193818,True
RPM,0153,additive,positive,1.5,max,1065,19,0.01784037558685446,0.0018779342723004694,0.01596244131455399,3.728127751367364,9.64537941959842e-05,True
RPM,0153,additive,positive,1.5,weighted_0.25,1065,20,0.018779342723004695,0.0028169014084507044,0.01596244131455399,3.5640397350177127,0.0001825953180627463,True
RPM,0153,additive,positive,1.5,weighted_0.5,1065,34,0.03192488262910798,0.0009389671361502347,0.030985915492957747,5.6244195063578,9.306640986264846e-09,True
RPM,0153,additive,positive,1.5,weighted_0.75,1065,25,0.023474178403755867,0.0,0.023474178403755867,5.029603574240642,2.4574747452671053e-07,True
RPM,0153,additive,positive,1.5,global_A_bus,1065,59,0.05539906103286385,0.05539906103286385,0.0,0.0,0.5,False
RPM,0153,additive,positive,1.5,global_B_id_population,1065,3,0.0028169014084507044,0.0028169014084507044,0.0,0.0,0.5,False
RPM,0153,additive,positive,1.5,global_C_cross_id,1065,7,0.006572769953051643,0.006572769953051643,0.0,0.0,0.5,False
RPM,0153,additive,positive,1.5,global_D_bus_idpop,1065,18,0.016901408450704224,0.016901408450704224,0.0,0.0,0.5,False
RPM,0153,additive,positive,1.5,global_E_all,1065,9,0.008450704225352112,0.008450704225352112,0.0,0.0,0.5,False
RPM,0153,additive,positive,2.0,pird,1065,37,0.03474178403755868,0.0,0.03474178403755868,6.136292451096947,4.22347975358009e-10,True
RPM,0153,additive,positive,2.0,global,1065,9,0.008450704225352112,0.008450704225352112,0.0,0.0,0.5,False
RPM,0153,additive,positive,2.0,or,1065,46,0.0431924882629108,0.008450704225352112,0.03474178403755869,5.054766871681985,2.154584063874326e-07,True
RPM,0153,additive,positive,2.0,max,1065,39,0.036619718309859155,0.0018779342723004694,0.03474178403755868,5.8348591572108965,2.69180116019053e-09,True
RPM,0153,additive,positive,2.0,weighted_0.25,1065,21,0.01971830985915493,0.0028169014084507044,0.016901408450704227,3.6951111152232157,0.00010989532325420323,True
RPM,0153,additive,positive,2.0,weighted_0.5,1065,52,0.048826291079812206,0.0009389671361502347,0.04788732394366197,7.0942059915432605,6.504811614919997e-13,True
RPM,0153,additive,positive,2.0,weighted_0.75,1065,47,0.044131455399061034,0.0,0.044131455399061034,6.932567322309141,2.066353806643296e-12,True
RPM,0153,additive,positive,3.0,pird,1065,84,0.07887323943661972,0.0,0.07887323943661972,9.351399914018552,4.324760437405479e-21,True
RPM,0153,additive,positive,3.0,global,1065,9,0.008450704225352112,0.008450704225352112,0.0,0.0,0.5,False
RPM,0153,additive,positive,3.0,or,1065,93,0.08732394366197183,0.008450704225352112,0.07887323943661971,8.523834848767525,7.71778380357525e-18,True
RPM,0153,additive,positive,3.0,max,1065,86,0.08075117370892018,0.0018779342723004694,0.07887323943661971,9.145340563862387,2.972113545938237e-20,True
RPM,0153,additive,positive,3.0,weighted_0.25,1065,28,0.02629107981220657,0.0028169014084507044,0.023474178403755867,4.523168265837031,3.0460384996818252e-06,True
RPM,0153,additive,positive,3.0,weighted_0.5,1065,82,0.07699530516431925,0.0009389671361502347,0.07605633802816902,9.069364425405228,5.985663134626605e-20,True
RPM,0153,additive,positive,3.0,weighted_0.75,1065,100,0.09389671361502347,0.0,0.09389671361502347,10.243344589263032,6.338822160376077e-25,True
RPM,0153,additive,negative,0.25,pird,1065,0,0.0,0.0,0.0,0.0,1.0,False
RPM,0153,additive,negative,0.25,global,1065,9,0.008450704225352112,0.008450704225352112,0.0,0.0,0.5,False
RPM,0153,additive,negative,0.25,or,1065,9,0.008450704225352112,0.008450704225352112,0.0,0.0,0.5,False
RPM,0153,additive,negative,0.25,max,1065,2,0.0018779342723004694,0.0018779342723004694,0.0,0.0,0.5,False
RPM,0153,additive,negative,0.25,weighted_0.25,1065,1,0.0009389671361502347,0.0028169014084507044,-0.0018779342723004697,-1.0009402916981036,0.8415721621629844,False
RPM,0153,additive,negative,0.25,weighted_0.5,1065,0,0.0,0.0009389671361502347,-0.0009389671361502347,-1.0002348244719466,0.8414015600447154,False
RPM,0153,additive,negative,0.25,weighted_0.75,1065,0,0.0,0.0,0.0,0.0,1.0,False
RPM,0153,additive,negative,0.5,pird,1065,0,0.0,0.0,0.0,0.0,1.0,False
RPM,0153,additive,negative,0.5,global,1065,9,0.008450704225352112,0.008450704225352112,0.0,0.0,0.5,False
RPM,0153,additive,negative,0.5,or,1065,9,0.008450704225352112,0.008450704225352112,0.0,0.0,0.5,False
RPM,0153,additive,negative,0.5,max,1065,2,0.0018779342723004694,0.0018779342723004694,0.0,0.0,0.5,False
RPM,0153,additive,negative,0.5,weighted_0.25,1065,2,0.0018779342723004694,0.0028169014084507044,-0.0009389671361502349,-0.447739420014917,0.6728293656968526,False
RPM,0153,additive,negative,0.5,weighted_0.5,1065,0,0.0,0.0009389671361502347,-0.0009389671361502347,-1.0002348244719466,0.8414015600447154,False
RPM,0153,additive,negative,0.5,weighted_0.75,1065,0,0.0,0.0,0.0,0.0,1.0,False
RPM,0153,additive,negative,0.5,global_A_bus,1065,59,0.05539906103286385,0.05539906103286385,0.0,0.0,0.5,False
RPM,0153,additive,negative,0.5,global_B_id_population,1065,3,0.0028169014084507044,0.0028169014084507044,0.0,0.0,0.5,False
RPM,0153,additive,negative,0.5,global_C_cross_id,1065,7,0.006572769953051643,0.006572769953051643,0.0,0.0,0.5,False
RPM,0153,additive,negative,0.5,global_D_bus_idpop,1065,18,0.016901408450704224,0.016901408450704224,0.0,0.0,0.5,False
RPM,0153,additive,negative,0.5,global_E_all,1065,9,0.008450704225352112,0.008450704225352112,0.0,0.0,0.5,False
RPM,0153,additive,negative,0.75,pird,1065,0,0.0,0.0,0.0,0.0,1.0,False
RPM,0153,additive,negative,0.75,global,1065,9,0.008450704225352112,0.008450704225352112,0.0,0.0,0.5,False
RPM,0153,additive,negative,0.75,or,1065,9,0.008450704225352112,0.008450704225352112,0.0,0.0,0.5,False
RPM,0153,additive,negative,0.75,max,1065,2,0.0018779342723004694,0.0018779342723004694,0.0,0.0,0.5,False
RPM,0153,additive,negative,0.75,weighted_0.25,1065,4,0.003755868544600939,0.0028169014084507044,0.0009389671361502345,0.3785870763988877,0.35249726028356987,False
RPM,0153,additive,negative,0.75,weighted_0.5,1065,0,0.0,0.0009389671361502347,-0.0009389671361502347,-1.0002348244719466,0.8414015600447154,False
RPM,0153,additive,negative,0.75,weighted_0.75,1065,0,0.0,0.0,0.0,0.0,1.0,False
RPM,0153,additive,negative,1.0,pird,1065,0,0.0,0.0,0.0,0.0,1.0,False
RPM,0153,additive,negative,1.0,global,1065,9,0.008450704225352112,0.008450704225352112,0.0,0.0,0.5,False
RPM,0153,additive,negative,1.0,or,1065,9,0.008450704225352112,0.008450704225352112,0.0,0.0,0.5,False
RPM,0153,additive,negative,1.0,max,1065,2,0.0018779342723004694,0.0018779342723004694,0.0,0.0,0.5,False
RPM,0153,additive,negative,1.0,weighted_0.25,1065,4,0.003755868544600939,0.0028169014084507044,0.0009389671361502345,0.3785870763988877,0.35249726028356987,False
RPM,0153,additive,negative,1.0,weighted_0.5,1065,0,0.0,0.0009389671361502347,-0.0009389671361502347,-1.0002348244719466,0.8414015600447154,False
RPM,0153,additive,negative,1.0,weighted_0.75,1065,0,0.0,0.0,0.0,0.0,1.0,False
RPM,0153,additive,negative,1.0,global_A_bus,1065,59,0.05539906103286385,0.05539906103286385,0.0,0.0,0.5,False
RPM,0153,additive,negative,1.0,global_B_id_population,1065,3,0.0028169014084507044,0.0028169014084507044,0.0,0.0,0.5,False
RPM,0153,additive,negative,1.0,global_C_cross_id,1065,7,0.006572769953051643,0.006572769953051643,0.0,0.0,0.5,False
RPM,0153,additive,negative,1.0,global_D_bus_idpop,1065,18,0.016901408450704224,0.016901408450704224,0.0,0.0,0.5,False
RPM,0153,additive,negative,1.0,global_E_all,1065,9,0.008450704225352112,0.008450704225352112,0.0,0.0,0.5,False
RPM,0153,additive,negative,1.5,pird,1065,0,0.0,0.0,0.0,0.0,1.0,False
RPM,0153,additive,negative,1.5,global,1065,9,0.008450704225352112,0.008450704225352112,0.0,0.0,0.5,False
RPM,0153,additive,negative,1.5,or,1065,9,0.008450704225352112,0.008450704225352112,0.0,0.0,0.5,False
RPM,0153,additive,negative,1.5,max,1065,2,0.0018779342723004694,0.0018779342723004694,0.0,0.0,0.5,False
RPM,0153,additive,negative,1.5,weighted_0.25,1065,4,0.003755868544600939,0.0028169014084507044,0.0009389671361502345,0.3785870763988877,0.35249726028356987,False
RPM,0153,additive,negative,1.5,weighted_0.5,1065,1,0.0009389671361502347,0.0009389671361502347,0.0,0.0,0.5,False
RPM,0153,additive,negative,1.5,weighted_0.75,1065,0,0.0,0.0,0.0,0.0,1.0,False
RPM,0153,additive,negative,1.5,global_A_bus,1065,59,0.05539906103286385,0.05539906103286385,0.0,0.0,0.5,False
RPM,0153,additive,negative,1.5,global_B_id_population,1065,3,0.0028169014084507044,0.0028169014084507044,0.0,0.0,0.5,False
RPM,0153,additive,negative,1.5,global_C_cross_id,1065,7,0.006572769953051643,0.006572769953051643,0.0,0.0,0.5,False
RPM,0153,additive,negative,1.5,global_D_bus_idpop,1065,18,0.016901408450704224,0.016901408450704224,0.0,0.0,0.5,False
RPM,0153,additive,negative,1.5,global_E_all,1065,9,0.008450704225352112,0.008450704225352112,0.0,0.0,0.5,False
RPM,0153,additive,negative,2.0,pird,1065,0,0.0,0.0,0.0,0.0,1.0,False
RPM,0153,additive,negative,2.0,global,1065,9,0.008450704225352112,0.008450704225352112,0.0,0.0,0.5,False
RPM,0153,additive,negative,2.0,or,1065,9,0.008450704225352112,0.008450704225352112,0.0,0.0,0.5,False
RPM,0153,additive,negative,2.0,max,1065,2,0.0018779342723004694,0.0018779342723004694,0.0,0.0,0.5,False
RPM,0153,additive,negative,2.0,weighted_0.25,1065,8,0.007511737089201878,0.0028169014084507044,0.004694835680751174,1.5114646177334952,0.0653350583789954,False
RPM,0153,additive,negative,2.0,weighted_0.5,1065,2,0.0018779342723004694,0.0009389671361502347,0.0009389671361502347,0.5777572838818342,0.2817139991945202,False
RPM,0153,additive,negative,2.0,weighted_0.75,1065,0,0.0,0.0,0.0,0.0,1.0,False
RPM,0153,additive,negative,3.0,pird,1065,0,0.0,0.0,0.0,0.0,1.0,False
RPM,0153,additive,negative,3.0,global,1065,9,0.008450704225352112,0.008450704225352112,0.0,0.0,0.5,False
RPM,0153,additive,negative,3.0,or,1065,9,0.008450704225352112,0.008450704225352112,0.0,0.0,0.5,False
RPM,0153,additive,negative,3.0,max,1065,2,0.0018779342723004694,0.0018779342723004694,0.0,0.0,0.5,False
RPM,0153,additive,negative,3.0,weighted_0.25,1065,10,0.009389671361502348,0.0028169014084507044,0.006572769953051644,1.9474025599492037,0.025743245701582453,True
RPM,0153,additive,negative,3.0,weighted_0.5,1065,6,0.005633802816901409,0.0009389671361502347,0.004694835680751174,1.892935381994439,0.029183231622155498,True
RPM,0153,additive,negative,3.0,weighted_0.75,1065,0,0.0,0.0,0.0,0.0,1.0,False
RPM,0153,mean_shift,positive,0.25,pird,1065,0,0.0,0.0,0.0,0.0,1.0,False
RPM,0153,mean_shift,positive,0.25,global,1065,9,0.008450704225352112,0.008450704225352112,0.0,0.0,0.5,False
RPM,0153,mean_shift,positive,0.25,or,1065,9,0.008450704225352112,0.008450704225352112,0.0,0.0,0.5,False
RPM,0153,mean_shift,positive,0.25,max,1065,2,0.0018779342723004694,0.0018779342723004694,0.0,0.0,0.5,False
RPM,0153,mean_shift,positive,0.25,weighted_0.25,1065,1,0.0009389671361502347,0.0028169014084507044,-0.0018779342723004697,-1.0009402916981036,0.8415721621629844,False
RPM,0153,mean_shift,positive,0.25,weighted_0.5,1065,0,0.0,0.0009389671361502347,-0.0009389671361502347,-1.0002348244719466,0.8414015600447154,False
RPM,0153,mean_shift,positive,0.25,weighted_0.75,1065,0,0.0,0.0,0.0,0.0,1.0,False
RPM,0153,mean_shift,positive,0.5,pird,1065,0,0.0,0.0,0.0,0.0,1.0,False
RPM,0153,mean_shift,positive,0.5,global,1065,9,0.008450704225352112,0.008450704225352112,0.0,0.0,0.5,False
RPM,0153,mean_shift,positive,0.5,or,1065,9,0.008450704225352112,0.008450704225352112,0.0,0.0,0.5,False
RPM,0153,mean_shift,positive,0.5,max,1065,2,0.0018779342723004694,0.0018779342723004694,0.0,0.0,0.5,False
RPM,0153,mean_shift,positive,0.5,weighted_0.25,1065,1,0.0009389671361502347,0.0028169014084507044,-0.0018779342723004697,-1.0009402916981036,0.8415721621629844,False
RPM,0153,mean_shift,positive,0.5,weighted_0.5,1065,0,0.0,0.0009389671361502347,-0.0009389671361502347,-1.0002348244719466,0.8414015600447154,False
RPM,0153,mean_shift,positive,0.5,weighted_0.75,1065,0,0.0,0.0,0.0,0.0,1.0,False
RPM,0153,mean_shift,positive,0.5,global_A_bus,1065,59,0.05539906103286385,0.05539906103286385,0.0,0.0,0.5,False
RPM,0153,mean_shift,positive,0.5,global_B_id_population,1065,3,0.0028169014084507044,0.0028169014084507044,0.0,0.0,0.5,False
RPM,0153,mean_shift,positive,0.5,global_C_cross_id,1065,7,0.006572769953051643,0.006572769953051643,0.0,0.0,0.5,False
RPM,0153,mean_shift,positive,0.5,global_D_bus_idpop,1065,18,0.016901408450704224,0.016901408450704224,0.0,0.0,0.5,False
RPM,0153,mean_shift,positive,0.5,global_E_all,1065,9,0.008450704225352112,0.008450704225352112,0.0,0.0,0.5,False
RPM,0153,mean_shift,positive,0.75,pird,1065,0,0.0,0.0,0.0,0.0,1.0,False
RPM,0153,mean_shift,positive,0.75,global,1065,9,0.008450704225352112,0.008450704225352112,0.0,0.0,0.5,False
RPM,0153,mean_shift,positive,0.75,or,1065,9,0.008450704225352112,0.008450704225352112,0.0,0.0,0.5,False
RPM,0153,mean_shift,positive,0.75,max,1065,2,0.0018779342723004694,0.0018779342723004694,0.0,0.0,0.5,False
RPM,0153,mean_shift,positive,0.75,weighted_0.25,1065,2,0.0018779342723004694,0.0028169014084507044,-0.0009389671361502349,-0.447739420014917,0.6728293656968526,False
RPM,0153,mean_shift,positive,0.75,weighted_0.5,1065,0,0.0,0.0009389671361502347,-0.0009389671361502347,-1.0002348244719466,0.8414015600447154,False
RPM,0153,mean_shift,positive,0.75,weighted_0.75,1065,0,0.0,0.0,0.0,0.0,1.0,False
RPM,0153,mean_shift,positive,1.0,pird,1065,0,0.0,0.0,0.0,0.0,1.0,False
RPM,0153,mean_shift,positive,1.0,global,1065,9,0.008450704225352112,0.008450704225352112,0.0,0.0,0.5,False
RPM,0153,mean_shift,positive,1.0,or,1065,9,0.008450704225352112,0.008450704225352112,0.0,0.0,0.5,False
RPM,0153,mean_shift,positive,1.0,max,1065,2,0.0018779342723004694,0.0018779342723004694,0.0,0.0,0.5,False
RPM,0153,mean_shift,positive,1.0,weighted_0.25,1065,4,0.003755868544600939,0.0028169014084507044,0.0009389671361502345,0.3785870763988877,0.35249726028356987,False
RPM,0153,mean_shift,positive,1.0,weighted_0.5,1065,0,0.0,0.0009389671361502347,-0.0009389671361502347,-1.0002348244719466,0.8414015600447154,False
RPM,0153,mean_shift,positive,1.0,weighted_0.75,1065,0,0.0,0.0,0.0,0.0,1.0,False
RPM,0153,mean_shift,positive,1.0,global_A_bus,1065,59,0.05539906103286385,0.05539906103286385,0.0,0.0,0.5,False
RPM,0153,mean_shift,positive,1.0,global_B_id_population,1065,3,0.0028169014084507044,0.0028169014084507044,0.0,0.0,0.5,False
RPM,0153,mean_shift,positive,1.0,global_C_cross_id,1065,7,0.006572769953051643,0.006572769953051643,0.0,0.0,0.5,False
RPM,0153,mean_shift,positive,1.0,global_D_bus_idpop,1065,18,0.016901408450704224,0.016901408450704224,0.0,0.0,0.5,False
RPM,0153,mean_shift,positive,1.0,global_E_all,1065,9,0.008450704225352112,0.008450704225352112,0.0,0.0,0.5,False
RPM,0153,mean_shift,positive,1.5,pird,1065,0,0.0,0.0,0.0,0.0,1.0,False
RPM,0153,mean_shift,positive,1.5,global,1065,9,0.008450704225352112,0.008450704225352112,0.0,0.0,0.5,False
RPM,0153,mean_shift,positive,1.5,or,1065,9,0.008450704225352112,0.008450704225352112,0.0,0.0,0.5,False
RPM,0153,mean_shift,positive,1.5,max,1065,2,0.0018779342723004694,0.0018779342723004694,0.0,0.0,0.5,False
RPM,0153,mean_shift,positive,1.5,weighted_0.25,1065,9,0.008450704225352112,0.0028169014084507044,0.005633802816901408,1.7369505367565334,0.041197951009312235,True
RPM,0153,mean_shift,positive,1.5,weighted_0.5,1065,1,0.0009389671361502347,0.0009389671361502347,0.0,0.0,0.5,False
RPM,0153,mean_shift,positive,1.5,weighted_0.75,1065,0,0.0,0.0,0.0,0.0,1.0,False
RPM,0153,mean_shift,positive,1.5,global_A_bus,1065,59,0.05539906103286385,0.05539906103286385,0.0,0.0,0.5,False
RPM,0153,mean_shift,positive,1.5,global_B_id_population,1065,3,0.0028169014084507044,0.0028169014084507044,0.0,0.0,0.5,False
RPM,0153,mean_shift,positive,1.5,global_C_cross_id,1065,7,0.006572769953051643,0.006572769953051643,0.0,0.0,0.5,False
RPM,0153,mean_shift,positive,1.5,global_D_bus_idpop,1065,18,0.016901408450704224,0.016901408450704224,0.0,0.0,0.5,False
RPM,0153,mean_shift,positive,1.5,global_E_all,1065,9,0.008450704225352112,0.008450704225352112,0.0,0.0,0.5,False
RPM,0153,mean_shift,positive,2.0,pird,1065,0,0.0,0.0,0.0,0.0,1.0,False
RPM,0153,mean_shift,positive,2.0,global,1065,9,0.008450704225352112,0.008450704225352112,0.0,0.0,0.5,False
RPM,0153,mean_shift,positive,2.0,or,1065,9,0.008450704225352112,0.008450704225352112,0.0,0.0,0.5,False
RPM,0153,mean_shift,positive,2.0,max,1065,2,0.0018779342723004694,0.0018779342723004694,0.0,0.0,0.5,False
RPM,0153,mean_shift,positive,2.0,weighted_0.25,1065,13,0.012206572769953052,0.0028169014084507044,0.009389671361502348,2.5094429042494264,0.006046088109605549,True
RPM,0153,mean_shift,positive,2.0,weighted_0.5,1065,13,0.012206572769953052,0.0009389671361502347,0.011267605633802818,3.2177270262983773,0.0006460536264940746,True
RPM,0153,mean_shift,positive,2.0,weighted_0.75,1065,0,0.0,0.0,0.0,0.0,1.0,False
RPM,0153,mean_shift,positive,3.0,pird,1065,0,0.0,0.0,0.0,0.0,1.0,False
RPM,0153,mean_shift,positive,3.0,global,1065,9,0.008450704225352112,0.008450704225352112,0.0,0.0,0.5,False
RPM,0153,mean_shift,positive,3.0,or,1065,9,0.008450704225352112,0.008450704225352112,0.0,0.0,0.5,False
RPM,0153,mean_shift,positive,3.0,max,1065,2,0.0018779342723004694,0.0018779342723004694,0.0,0.0,0.5,False
RPM,0153,mean_shift,positive,3.0,weighted_0.25,1065,28,0.02629107981220657,0.0028169014084507044,0.023474178403755867,4.523168265837031,3.0460384996818252e-06,True
RPM,0153,mean_shift,positive,3.0,weighted_0.5,1065,93,0.08732394366197183,0.0009389671361502347,0.0863849765258216,9.70565423425276,1.4262021740521314e-22,True
RPM,0153,mean_shift,positive,3.0,weighted_0.75,1065,88,0.08262910798122065,0.0,0.08262910798122065,9.580832971665359,4.813269093675684e-22,True
RPM,0153,mean_shift,negative,0.25,pird,1065,0,0.0,0.0,0.0,0.0,1.0,False
RPM,0153,mean_shift,negative,0.25,global,1065,9,0.008450704225352112,0.008450704225352112,0.0,0.0,0.5,False
RPM,0153,mean_shift,negative,0.25,or,1065,9,0.008450704225352112,0.008450704225352112,0.0,0.0,0.5,False
RPM,0153,mean_shift,negative,0.25,max,1065,2,0.0018779342723004694,0.0018779342723004694,0.0,0.0,0.5,False
RPM,0153,mean_shift,negative,0.25,weighted_0.25,1065,0,0.0,0.0028169014084507044,-0.0028169014084507044,-1.7332718516455028,0.9584763193113464,False
RPM,0153,mean_shift,negative,0.25,weighted_0.5,1065,0,0.0,0.0009389671361502347,-0.0009389671361502347,-1.0002348244719466,0.8414015600447154,False
RPM,0153,mean_shift,negative,0.25,weighted_0.75,1065,0,0.0,0.0,0.0,0.0,1.0,False
RPM,0153,mean_shift,negative,0.5,pird,1065,0,0.0,0.0,0.0,0.0,1.0,False
RPM,0153,mean_shift,negative,0.5,global,1065,9,0.008450704225352112,0.008450704225352112,0.0,0.0,0.5,False
RPM,0153,mean_shift,negative,0.5,or,1065,9,0.008450704225352112,0.008450704225352112,0.0,0.0,0.5,False
RPM,0153,mean_shift,negative,0.5,max,1065,2,0.0018779342723004694,0.0018779342723004694,0.0,0.0,0.5,False
RPM,0153,mean_shift,negative,0.5,weighted_0.25,1065,1,0.0009389671361502347,0.0028169014084507044,-0.0018779342723004697,-1.0009402916981036,0.8415721621629844,False
RPM,0153,mean_shift,negative,0.5,weighted_0.5,1065,0,0.0,0.0009389671361502347,-0.0009389671361502347,-1.0002348244719466,0.8414015600447154,False
RPM,0153,mean_shift,negative,0.5,weighted_0.75,1065,0,0.0,0.0,0.0,0.0,1.0,False
RPM,0153,mean_shift,negative,0.5,global_A_bus,1065,59,0.05539906103286385,0.05539906103286385,0.0,0.0,0.5,False
RPM,0153,mean_shift,negative,0.5,global_B_id_population,1065,3,0.0028169014084507044,0.0028169014084507044,0.0,0.0,0.5,False
RPM,0153,mean_shift,negative,0.5,global_C_cross_id,1065,7,0.006572769953051643,0.006572769953051643,0.0,0.0,0.5,False
RPM,0153,mean_shift,negative,0.5,global_D_bus_idpop,1065,18,0.016901408450704224,0.016901408450704224,0.0,0.0,0.5,False
RPM,0153,mean_shift,negative,0.5,global_E_all,1065,9,0.008450704225352112,0.008450704225352112,0.0,0.0,0.5,False
RPM,0153,mean_shift,negative,0.75,pird,1065,0,0.0,0.0,0.0,0.0,1.0,False
RPM,0153,mean_shift,negative,0.75,global,1065,9,0.008450704225352112,0.008450704225352112,0.0,0.0,0.5,False
RPM,0153,mean_shift,negative,0.75,or,1065,9,0.008450704225352112,0.008450704225352112,0.0,0.0,0.5,False
RPM,0153,mean_shift,negative,0.75,max,1065,2,0.0018779342723004694,0.0018779342723004694,0.0,0.0,0.5,False
RPM,0153,mean_shift,negative,0.75,weighted_0.25,1065,2,0.0018779342723004694,0.0028169014084507044,-0.0009389671361502349,-0.447739420014917,0.6728293656968526,False
RPM,0153,mean_shift,negative,0.75,weighted_0.5,1065,0,0.0,0.0009389671361502347,-0.0009389671361502347,-1.0002348244719466,0.8414015600447154,False
RPM,0153,mean_shift,negative,0.75,weighted_0.75,1065,0,0.0,0.0,0.0,0.0,1.0,False
RPM,0153,mean_shift,negative,1.0,pird,1065,0,0.0,0.0,0.0,0.0,1.0,False
RPM,0153,mean_shift,negative,1.0,global,1065,9,0.008450704225352112,0.008450704225352112,0.0,0.0,0.5,False
RPM,0153,mean_shift,negative,1.0,or,1065,9,0.008450704225352112,0.008450704225352112,0.0,0.0,0.5,False
RPM,0153,mean_shift,negative,1.0,max,1065,2,0.0018779342723004694,0.0018779342723004694,0.0,0.0,0.5,False
RPM,0153,mean_shift,negative,1.0,weighted_0.25,1065,3,0.0028169014084507044,0.0028169014084507044,0.0,0.0,0.5,False
RPM,0153,mean_shift,negative,1.0,weighted_0.5,1065,0,0.0,0.0009389671361502347,-0.0009389671361502347,-1.0002348244719466,0.8414015600447154,False
RPM,0153,mean_shift,negative,1.0,weighted_0.75,1065,0,0.0,0.0,0.0,0.0,1.0,False
RPM,0153,mean_shift,negative,1.0,global_A_bus,1065,59,0.05539906103286385,0.05539906103286385,0.0,0.0,0.5,False
RPM,0153,mean_shift,negative,1.0,global_B_id_population,1065,3,0.0028169014084507044,0.0028169014084507044,0.0,0.0,0.5,False
RPM,0153,mean_shift,negative,1.0,global_C_cross_id,1065,7,0.006572769953051643,0.006572769953051643,0.0,0.0,0.5,False
RPM,0153,mean_shift,negative,1.0,global_D_bus_idpop,1065,18,0.016901408450704224,0.016901408450704224,0.0,0.0,0.5,False
RPM,0153,mean_shift,negative,1.0,global_E_all,1065,9,0.008450704225352112,0.008450704225352112,0.0,0.0,0.5,False
RPM,0153,mean_shift,negative,1.5,pird,1065,0,0.0,0.0,0.0,0.0,1.0,False
RPM,0153,mean_shift,negative,1.5,global,1065,9,0.008450704225352112,0.008450704225352112,0.0,0.0,0.5,False
RPM,0153,mean_shift,negative,1.5,or,1065,9,0.008450704225352112,0.008450704225352112,0.0,0.0,0.5,False
RPM,0153,mean_shift,negative,1.5,max,1065,2,0.0018779342723004694,0.0018779342723004694,0.0,0.0,0.5,False
RPM,0153,mean_shift,negative,1.5,weighted_0.25,1065,9,0.008450704225352112,0.0028169014084507044,0.005633802816901408,1.7369505367565334,0.041197951009312235,True
RPM,0153,mean_shift,negative,1.5,weighted_0.5,1065,0,0.0,0.0009389671361502347,-0.0009389671361502347,-1.0002348244719466,0.8414015600447154,False
RPM,0153,mean_shift,negative,1.5,weighted_0.75,1065,0,0.0,0.0,0.0,0.0,1.0,False
RPM,0153,mean_shift,negative,1.5,global_A_bus,1065,59,0.05539906103286385,0.05539906103286385,0.0,0.0,0.5,False
RPM,0153,mean_shift,negative,1.5,global_B_id_population,1065,3,0.0028169014084507044,0.0028169014084507044,0.0,0.0,0.5,False
RPM,0153,mean_shift,negative,1.5,global_C_cross_id,1065,7,0.006572769953051643,0.006572769953051643,0.0,0.0,0.5,False
RPM,0153,mean_shift,negative,1.5,global_D_bus_idpop,1065,18,0.016901408450704224,0.016901408450704224,0.0,0.0,0.5,False
RPM,0153,mean_shift,negative,1.5,global_E_all,1065,9,0.008450704225352112,0.008450704225352112,0.0,0.0,0.5,False
RPM,0153,mean_shift,negative,2.0,pird,1065,0,0.0,0.0,0.0,0.0,1.0,False
RPM,0153,mean_shift,negative,2.0,global,1065,9,0.008450704225352112,0.008450704225352112,0.0,0.0,0.5,False
RPM,0153,mean_shift,negative,2.0,or,1065,9,0.008450704225352112,0.008450704225352112,0.0,0.0,0.5,False
RPM,0153,mean_shift,negative,2.0,max,1065,2,0.0018779342723004694,0.0018779342723004694,0.0,0.0,0.5,False
RPM,0153,mean_shift,negative,2.0,weighted_0.25,1065,9,0.008450704225352112,0.0028169014084507044,0.005633802816901408,1.7369505367565334,0.041197951009312235,True
RPM,0153,mean_shift,negative,2.0,weighted_0.5,1065,6,0.005633802816901409,0.0009389671361502347,0.004694835680751174,1.892935381994439,0.029183231622155498,True
RPM,0153,mean_shift,negative,2.0,weighted_0.75,1065,0,0.0,0.0,0.0,0.0,1.0,False
RPM,0153,mean_shift,negative,3.0,pird,1065,0,0.0,0.0,0.0,0.0,1.0,False
RPM,0153,mean_shift,negative,3.0,global,1065,9,0.008450704225352112,0.008450704225352112,0.0,0.0,0.5,False
RPM,0153,mean_shift,negative,3.0,or,1065,9,0.008450704225352112,0.008450704225352112,0.0,0.0,0.5,False
RPM,0153,mean_shift,negative,3.0,max,1065,2,0.0018779342723004694,0.0018779342723004694,0.0,0.0,0.5,False
RPM,0153,mean_shift,negative,3.0,weighted_0.25,1065,10,0.009389671361502348,0.0028169014084507044,0.006572769953051644,1.9474025599492037,0.025743245701582453,True
RPM,0153,mean_shift,negative,3.0,weighted_0.5,1065,9,0.008450704225352112,0.0009389671361502347,0.007511737089201877,2.535781670263684,0.005609832975364408,True
RPM,0153,mean_shift,negative,3.0,weighted_0.75,1065,0,0.0,0.0,0.0,0.0,1.0,False
gear,0316,additive,positive,0.25,pird,1061,38,0.03581526861451461,0.010367577756833177,0.025447690857681435,3.9024627192468473,4.760945379510381e-05,True
gear,0316,additive,positive,0.25,global,1061,2,0.001885014137606032,0.001885014137606032,0.0,0.0,0.5,False
gear,0316,additive,positive,0.25,or,1061,40,0.03770028275212064,0.012252591894439209,0.025447690857681428,3.755936781780272,8.634714302554578e-05,True
gear,0316,additive,positive,0.25,max,1061,38,0.03581526861451461,0.00942507068803016,0.02639019792648445,4.087951422634018,2.1759962565944655e-05,True
gear,0316,additive,positive,0.25,weighted_0.25,1061,6,0.005655042412818096,0.005655042412818096,0.0,0.0,0.5,False
gear,0316,additive,positive,0.25,weighted_0.5,1061,18,0.016965127238454288,0.006597549481621112,0.010367577756833175,2.2130751180884793,0.013446233608080501,True
gear,0316,additive,positive,0.25,weighted_0.75,1061,28,0.02639019792648445,0.00942507068803016,0.016965127238454288,2.94648706750833,0.0016070292935585371,True
gear,0316,additive,positive,0.5,pird,1061,68,0.0640904806786051,0.010367577756833177,0.05372290292177192,6.5358159894939725,3.163182955407199e-11,True
gear,0316,additive,positive,0.5,global,1061,2,0.001885014137606032,0.001885014137606032,0.0,0.0,0.5,False
gear,0316,additive,positive,0.5,or,1061,70,0.06597549481621112,0.012252591894439209,0.05372290292177191,6.382633192053844,8.703425581192697e-11,True
gear,0316,additive,positive,0.5,max,1061,68,0.0640904806786051,0.00942507068803016,0.05466540999057493,6.6913375114251945,1.1056998016518308e-11,True
gear,0316,additive,positive,0.5,weighted_0.25,1061,8,0.007540056550424128,0.005655042412818096,0.0018850141376060316,0.5362945262830087,0.29587750650655786,False
gear,0316,additive,positive,0.5,weighted_0.5,1061,29,0.027332704995287466,0.006597549481621112,0.020735155513666354,3.698170825555649,0.00010857936553641882,True
gear,0316,additive,positive,0.5,weighted_0.75,1061,46,0.043355325164938736,0.00942507068803016,0.033930254476908575,4.875464723655413,5.427629735972411e-07,True
gear,0316,additive,positive,0.5,global_A_bus,1061,18,0.016965127238454288,0.016965127238454288,0.0,0.0,0.5,False
gear,0316,additive,positive,0.5,global_B_id_population,1061,6,0.005655042412818096,0.005655042412818096,0.0,0.0,0.5,False
gear,0316,additive,positive,0.5,global_C_cross_id,1061,8,0.007540056550424128,0.007540056550424128,0.0,0.0,0.5,False
gear,0316,additive,positive,0.5,global_D_bus_idpop,1061,10,0.00942507068803016,0.00942507068803016,0.0,0.0,0.5,False
gear,0316,additive,positive,0.5,global_E_all,1061,2,0.001885014137606032,0.001885014137606032,0.0,0.0,0.5,False
gear,0316,additive,positive,0.75,pird,1061,154,0.14514608859566447,0.010367577756833177,0.1347785108388313,11.592346190745763,2.253087145985877e-31,True
gear,0316,additive,positive,0.75,global,1061,3,0.002827521206409048,0.001885014137606032,0.0009425070688030162,0.44774140589903894,0.32716991761183334,False
gear,0316,additive,positive,0.75,or,1061,157,0.14797360980207352,0.012252591894439209,0.13572101790763433,11.515182213404506,5.53127273768578e-31,True
gear,0316,additive,positive,0.75,max,1061,152,0.14326107445805844,0.00942507068803016,0.13383600377002827,11.608483574718532,1.8658744801941872e-31,True
gear,0316,additive,positive,0.75,weighted_0.25,1061,17,0.016022620169651274,0.005655042412818096,0.010367577756833177,2.306190812476264,0.010549986363053748,True
gear,0316,additive,positive,0.75,weighted_0.5,1061,53,0.04995287464655985,0.006597549481621112,0.043355325164938736,6.024355138394066,8.489259660424967e-10,True
gear,0316,additive,positive,0.75,weighted_0.75,1061,124,0.11687087653157399,0.00942507068803016,0.10744580584354384,10.174590800956366,1.2873995265717377e-24,True
gear,0316,additive,positive,1.0,pird,1061,244,0.2299717247879359,0.010367577756833177,0.21960414703110273,15.555585477154418,7.290785262709024e-55,True
gear,0316,additive,positive,1.0,global,1061,2,0.001885014137606032,0.001885014137606032,0.0,0.0,0.5,False
gear,0316,additive,positive,1.0,or,1061,245,0.23091423185673893,0.012252591894439209,0.21866163996229973,15.410895221220812,6.914141547185164e-54,True
gear,0316,additive,positive,1.0,max,1061,244,0.2299717247879359,0.00942507068803016,0.22054665409990573,15.648879735705773,1.6905959853220986e-55,True
gear,0316,additive,positive,1.0,weighted_0.25,1061,26,0.024505183788878417,0.005655042412818096,0.018850141376060323,3.5624973768142785,0.0001836717900877443,True
gear,0316,additive,positive,1.0,weighted_0.5,1061,87,0.08199811498586239,0.006597549481621112,0.07540056550424128,8.440433929805543,1.5808086254172613e-17,True
gear,0316,additive,positive,1.0,weighted_0.75,1061,206,0.1941564561734213,0.00942507068803016,0.18473138548539114,14.071501373608493,2.842476083911737e-45,True
gear,0316,additive,positive,1.0,global_A_bus,1061,19,0.017907634307257305,0.016965127238454288,0.0009425070688030175,0.16585126871381345,0.43413699909259185,False
gear,0316,additive,positive,1.0,global_B_id_population,1061,6,0.005655042412818096,0.005655042412818096,0.0,0.0,0.5,False
gear,0316,additive,positive,1.0,global_C_cross_id,1061,9,0.008482563619227144,0.007540056550424128,0.0009425070688030158,0.24351301565663275,0.40380400174446296,False
gear,0316,additive,positive,1.0,global_D_bus_idpop,1061,10,0.00942507068803016,0.00942507068803016,0.0,0.0,0.5,False
gear,0316,additive,positive,1.0,global_E_all,1061,2,0.001885014137606032,0.001885014137606032,0.0,0.0,0.5,False
gear,0316,additive,positive,1.5,pird,1061,551,0.5193213949104618,0.010367577756833177,0.5089538171536286,26.566600966015386,8.257532602996814e-156,True
gear,0316,additive,positive,1.5,global,1061,2,0.001885014137606032,0.001885014137606032,0.0,0.0,0.5,False
gear,0316,additive,positive,1.5,or,1061,552,0.5202639019792649,0.012252591894439209,0.5080113100848257,26.472376127077673,1.0083276732857278e-154,True
gear,0316,additive,positive,1.5,max,1061,549,0.5174363807728558,0.00942507068803016,0.5080113100848257,26.562935151051267,9.103372578161033e-156,True
gear,0316,additive,positive,1.5,weighted_0.25,1061,48,0.04524033930254477,0.005655042412818096,0.03958529688972667,5.789616976314641,3.5273555795391755e-09,True
gear,0316,additive,positive,1.5,weighted_0.5,1061,176,0.16588124410933083,0.006597549481621112,0.15928369462770972,13.069077850345069,2.4730735749884206e-39,True
gear,0316,additive,positive,1.5,weighted_0.75,1061,468,0.4410933081998115,0.00942507068803016,0.43166823751178135,23.799800294322193,1.6778549462151604e-125,True
gear,0316,additive,positive,1.5,global_A_bus,1061,18,0.016965127238454288,0.016965127238454288,0.0,0.0,0.5,False
gear,0316,additive,positive,1.5,global_B_id_population,1061,6,0.005655042412818096,0.005655042412818096,0.0,0.0,0.5,False
gear,0316,additive,positive,1.5,global_C_cross_id,1061,9,0.008482563619227144,0.007540056550424128,0.0009425070688030158,0.24351301565663275,0.40380400174446296,False
gear,0316,additive,positive,1.5,global_D_bus_idpop,1061,10,0.00942507068803016,0.00942507068803016,0.0,0.0,0.5,False
gear,0316,additive,positive,1.5,global_E_all,1061,2,0.001885014137606032,0.001885014137606032,0.0,0.0,0.5,False
gear,0316,additive,positive,2.0,pird,1061,1061,1.0,0.010367577756833177,0.9896324222431668,45.590037207018305,0.0,True
gear,0316,additive,positive,2.0,global,1061,2,0.001885014137606032,0.001885014137606032,0.0,0.0,0.5,False
gear,0316,additive,positive,2.0,or,1061,1061,1.0,0.012252591894439209,0.9877474081055608,45.50416928940477,0.0,True
gear,0316,additive,positive,2.0,max,1061,1061,1.0,0.00942507068803016,0.9905749293119699,45.633030610802344,0.0,True
gear,0316,additive,positive,2.0,weighted_0.25,1061,59,0.05560791705937795,0.005655042412818096,0.04995287464655985,6.676897899362073,1.2202642379185595e-11,True
gear,0316,additive,positive,2.0,weighted_0.5,1061,526,0.4957587181903864,0.006597549481621112,0.4891611687087653,25.978525317268634,4.330162014548546e-149,True
gear,0316,additive,positive,2.0,weighted_0.75,1061,1061,1.0,0.00942507068803016,0.9905749293119699,45.633030610802344,0.0,True
gear,0316,additive,positive,3.0,pird,1061,1061,1.0,0.010367577756833177,0.9896324222431668,45.590037207018305,0.0,True
gear,0316,additive,positive,3.0,global,1061,1,0.000942507068803016,0.001885014137606032,-0.000942507068803016,-0.5777588199678589,0.7182865194155035,False
gear,0316,additive,positive,3.0,or,1061,1061,1.0,0.012252591894439209,0.9877474081055608,45.50416928940477,0.0,True
gear,0316,additive,positive,3.0,max,1061,1061,1.0,0.00942507068803016,0.9905749293119699,45.633030610802344,0.0,True
gear,0316,additive,positive,3.0,weighted_0.25,1061,98,0.09236569274269557,0.005655042412818096,0.08671065032987747,9.250884666830837,1.1132109845021954e-20,True
gear,0316,additive,positive,3.0,weighted_0.5,1061,982,0.9255419415645617,0.006597549481621112,0.9189443920829405,42.42913762093256,0.0,True
gear,0316,additive,positive,3.0,weighted_0.75,1061,1061,1.0,0.00942507068803016,0.9905749293119699,45.633030610802344,0.0,True
gear,0316,additive,negative,0.25,pird,1061,4,0.003770028275212064,0.010367577756833177,-0.006597549481621113,-1.8138143456870541,0.9651468434261088,False
gear,0316,additive,negative,0.25,global,1061,2,0.001885014137606032,0.001885014137606032,0.0,0.0,0.5,False
gear,0316,additive,negative,0.25,or,1061,6,0.005655042412818096,0.012252591894439209,-0.006597549481621112,-1.6131482932366044,0.9466438530258177,False
gear,0316,additive,negative,0.25,max,1061,4,0.003770028275212064,0.00942507068803016,-0.0056550424128180956,-1.6088835788490263,0.9461790996018871,False
gear,0316,additive,negative,0.25,weighted_0.25,1061,10,0.00942507068803016,0.005655042412818096,0.003770028275212063,1.0037914827944465,0.15773956529445216,False
gear,0316,additive,negative,0.25,weighted_0.5,1061,17,0.016022620169651274,0.006597549481621112,0.009425070688030161,2.052883608242974,0.020041933572740842,True
gear,0316,additive,negative,0.25,weighted_0.75,1061,11,0.010367577756833177,0.00942507068803016,0.0009425070688030175,0.21930574877507641,0.4132059420132119,False
gear,0316,additive,negative,0.5,pird,1061,15,0.01413760603204524,0.010367577756833177,0.003770028275212063,0.7893150215033757,0.21496395458537723,False
gear,0316,additive,negative,0.5,global,1061,2,0.001885014137606032,0.001885014137606032,0.0,0.0,0.5,False
gear,0316,additive,negative,0.5,or,1061,17,0.016022620169651274,0.012252591894439209,0.003770028275212065,0.7355144572948509,0.23101311924123327,False
gear,0316,additive,negative,0.5,max,1061,14,0.013195098963242224,0.00942507068803016,0.003770028275212065,0.8211534432971896,0.20577943581324756,False
gear,0316,additive,negative,0.5,weighted_0.25,1061,13,0.012252591894439209,0.005655042412818096,0.006597549481621112,1.6131482932366044,0.05335614697418231,False
gear,0316,additive,negative,0.5,weighted_0.5,1061,22,0.020735155513666354,0.006597549481621112,0.014137606032045242,2.804660743140405,0.0025184782533378136,True
gear,0316,additive,negative,0.5,weighted_0.75,1061,40,0.03770028275212064,0.00942507068803016,0.028275212064090477,4.293525699744085,8.792897393593095e-06,True
gear,0316,additive,negative,0.5,global_A_bus,1061,19,0.017907634307257305,0.016965127238454288,0.0009425070688030175,0.16585126871381345,0.43413699909259185,False
gear,0316,additive,negative,0.5,global_B_id_population,1061,6,0.005655042412818096,0.005655042412818096,0.0,0.0,0.5,False
gear,0316,additive,negative,0.5,global_C_cross_id,1061,9,0.008482563619227144,0.007540056550424128,0.0009425070688030158,0.24351301565663275,0.40380400174446296,False
gear,0316,additive,negative,0.5,global_D_bus_idpop,1061,10,0.00942507068803016,0.00942507068803016,0.0,0.0,0.5,False
gear,0316,additive,negative,0.5,global_E_all,1061,2,0.001885014137606032,0.001885014137606032,0.0,0.0,0.5,False
gear,0316,additive,negative,0.75,pird,1061,206,0.1941564561734213,0.010367577756833177,0.18378887841658814,13.971078865563806,1.1702701953941056e-44,True
gear,0316,additive,negative,0.75,global,1061,3,0.002827521206409048,0.001885014137606032,0.0009425070688030162,0.44774140589903894,0.32716991761183334,False
gear,0316,additive,negative,0.75,or,1061,209,0.19698397737983034,0.012252591894439209,0.18473138548539114,13.90194203748045,3.0822868998199426e-44,True
gear,0316,additive,negative,0.75,max,1061,204,0.19227144203581528,0.00942507068803016,0.1828463713477851,13.985511279707115,9.554927862985862e-45,True
gear,0316,additive,negative,0.75,weighted_0.25,1061,16,0.015080113100848256,0.005655042412818096,0.00942507068803016,2.1431457237139973,0.016050699467713706,True
gear,0316,additive,negative,0.75,weighted_0.5,1061,47,0.04429783223374175,0.006597549481621112,0.03770028275212064,5.513920929823468,1.7546315397816864e-08,True
gear,0316,additive,negative,0.75,weighted_0.75,1061,171,0.16116870876531575,0.00942507068803016,0.15174363807728558,12.512569728761576,3.186433463894489e-36,True
gear,0316,additive,negative,1.0,pird,1061,430,0.4052780395852969,0.010367577756833177,0.39491046182846373,22.41731329073983,1.3340581303556315e-111,True
gear,0316,additive,negative,1.0,global,1061,3,0.002827521206409048,0.001885014137606032,0.0009425070688030162,0.44774140589903894,0.32716991761183334,False
gear,0316,additive,negative,1.0,or,1061,432,0.4071630537229029,0.012252591894439209,0.3949104618284637,22.342932627399833,7.07228971464648e-111,True
gear,0316,additive,negative,1.0,max,1061,426,0.40150801131008484,0.00942507068803016,0.3920829406220547,22.350847256131456,5.923717375033271e-111,True
gear,0316,additive,negative,1.0,weighted_0.25,1061,18,0.016965127238454288,0.005655042412818096,0.011310084825636191,2.4634603298915683,0.006880156088141598,True
gear,0316,additive,negative,1.0,weighted_0.5,1061,69,0.06503298774740811,0.006597549481621112,0.058435438265786996,7.242771240844828,2.198040304346279e-13,True
gear,0316,additive,negative,1.0,weighted_0.75,1061,359,0.3383600377002828,0.00942507068803016,0.3289349670122526,19.989133828002352,3.4237042513325084e-89,True
gear,0316,additive,negative,1.0,global_A_bus,1061,19,0.017907634307257305,0.016965127238454288,0.0009425070688030175,0.16585126871381345,0.43413699909259185,False
gear,0316,additive,negative,1.0,global_B_id_population,1061,6,0.005655042412818096,0.005655042412818096,0.0,0.0,0.5,False
gear,0316,additive,negative,1.0,global_C_cross_id,1061,8,0.007540056550424128,0.007540056550424128,0.0,0.0,0.5,False
gear,0316,additive,negative,1.0,global_D_bus_idpop,1061,10,0.00942507068803016,0.00942507068803016,0.0,0.0,0.5,False
gear,0316,additive,negative,1.0,global_E_all,1061,3,0.002827521206409048,0.001885014137606032,0.0009425070688030162,0.44774140589903894,0.32716991761183334,False
gear,0316,additive,negative,1.5,pird,1061,849,0.8001885014137606,0.010367577756833177,0.7898209236569275,37.054231060826034,7.67558995294939e-301,True
gear,0316,additive,negative,1.5,global,1061,3,0.002827521206409048,0.001885014137606032,0.0009425070688030162,0.44774140589903894,0.32716991761183334,False
gear,0316,additive,negative,1.5,or,1061,850,0.8011310084825636,0.012252591894439209,0.7888784165881244,36.98962128604503,8.407977986901462e-300,True
gear,0316,additive,negative,1.5,max,1061,849,0.8001885014137606,0.00942507068803016,0.7907634307257305,37.105338119543255,1.1521504201173575e-301,True
gear,0316,additive,negative,1.5,weighted_0.25,1061,27,0.02544769085768143,0.005655042412818096,0.019792648444863337,3.6843916941445647,0.00011462473853118687,True
gear,0316,additive,negative,1.5,weighted_0.5,1061,227,0.21394910461828465,0.006597549481621112,0.20735155513666353,15.247071851930974,8.60916752424727e-53,True
gear,0316,additive,negative,1.5,weighted_0.75,1061,737,0.6946277097078228,0.00942507068803016,0.6852026390197927,33.04421587066332,9.417995386099953e-240,True
gear,0316,additive,negative,1.5,global_A_bus,1061,18,0.016965127238454288,0.016965127238454288,0.0,0.0,0.5,False
gear,0316,additive,negative,1.5,global_B_id_population,1061,6,0.005655042412818096,0.005655042412818096,0.0,0.0,0.5,False
gear,0316,additive,negative,1.5,global_C_cross_id,1061,8,0.007540056550424128,0.007540056550424128,0.0,0.0,0.5,False
gear,0316,additive,negative,1.5,global_D_bus_idpop,1061,10,0.00942507068803016,0.00942507068803016,0.0,0.0,0.5,False
gear,0316,additive,negative,1.5,global_E_all,1061,3,0.002827521206409048,0.001885014137606032,0.0009425070688030162,0.44774140589903894,0.32716991761183334,False
gear,0316,additive,negative,2.0,pird,1061,1055,0.9943449575871819,0.010367577756833177,0.9839773798303487,45.32758980364465,0.0,True
gear,0316,additive,negative,2.0,global,1061,3,0.002827521206409048,0.001885014137606032,0.0009425070688030162,0.44774140589903894,0.32716991761183334,False
gear,0316,additive,negative,2.0,or,1061,1055,0.9943449575871819,0.012252591894439209,0.9820923656927427,45.24123761782375,0.0,True
gear,0316,additive,negative,2.0,max,1061,1055,0.9943449575871819,0.00942507068803016,0.9849198868991518,45.37082566452545,0.0,True
gear,0316,additive,negative,2.0,weighted_0.25,1061,38,0.03581526861451461,0.005655042412818096,0.030160226201696512,4.874988081361866,5.440751236117369e-07,True
gear,0316,additive,negative,2.0,weighted_0.5,1061,476,0.44863336475023563,0.006597549481621112,0.4420358152686145,24.281890165799755,1.522888450986829e-130,True
gear,0316,additive,negative,2.0,weighted_0.75,1061,1015,0.9566446748350612,0.00942507068803016,0.9472196041470311,43.658971951588846,0.0,True
gear,0316,additive,negative,3.0,pird,1061,1061,1.0,0.010367577756833177,0.9896324222431668,45.590037207018305,0.0,True
gear,0316,additive,negative,3.0,global,1061,4,0.003770028275212064,0.001885014137606032,0.001885014137606032,0.8176533653296539,0.20677757312447143,False
gear,0316,additive,negative,3.0,or,1061,1061,1.0,0.012252591894439209,0.9877474081055608,45.50416928940477,0.0,True
gear,0316,additive,negative,3.0,max,1061,1061,1.0,0.00942507068803016,0.9905749293119699,45.633030610802344,0.0,True
gear,0316,additive,negative,3.0,weighted_0.25,1061,59,0.05560791705937795,0.005655042412818096,0.04995287464655985,6.676897899362073,1.2202642379185595e-11,True
gear,0316,additive,negative,3.0,weighted_0.5,1061,828,0.7803958529688972,0.006597549481621112,0.7737983034872762,36.482394538589475,1.0546280675417986e-291,True
gear,0316,additive,negative,3.0,weighted_0.75,1061,1061,1.0,0.00942507068803016,0.9905749293119699,45.633030610802344,0.0,True
gear,0316,mean_shift,positive,0.25,pird,1061,0,0.0,0.010367577756833177,-0.010367577756833177,-3.3252546979521678,0.9995583110196549,False
gear,0316,mean_shift,positive,0.25,global,1061,2,0.001885014137606032,0.001885014137606032,0.0,0.0,0.5,False
gear,0316,mean_shift,positive,0.25,or,1061,2,0.001885014137606032,0.012252591894439209,-0.010367577756833177,-2.850279686079656,0.9978159599963325,False
gear,0316,mean_shift,positive,0.25,max,1061,0,0.0,0.00942507068803016,-0.00942507068803016,-3.1697552720751934,0.9992371631106769,False
gear,0316,mean_shift,positive,0.25,weighted_0.25,1061,0,0.0,0.005655042412818096,-0.005655042412818096,-2.452960095988962,0.9929156972390681,False
gear,0316,mean_shift,positive,0.25,weighted_0.5,1061,0,0.0,0.006597549481621112,-0.006597549481621112,-2.650126006192868,0.9959769122231241,False
gear,0316,mean_shift,positive,0.25,weighted_0.75,1061,0,0.0,0.00942507068803016,-0.00942507068803016,-3.1697552720751934,0.9992371631106769,False
gear,0316,mean_shift,positive,0.5,pird,1061,0,0.0,0.010367577756833177,-0.010367577756833177,-3.3252546979521678,0.9995583110196549,False
gear,0316,mean_shift,positive,0.5,global,1061,2,0.001885014137606032,0.001885014137606032,0.0,0.0,0.5,False
gear,0316,mean_shift,positive,0.5,or,1061,2,0.001885014137606032,0.012252591894439209,-0.010367577756833177,-2.850279686079656,0.9978159599963325,False
gear,0316,mean_shift,positive,0.5,max,1061,0,0.0,0.00942507068803016,-0.00942507068803016,-3.1697552720751934,0.9992371631106769,False
gear,0316,mean_shift,positive,0.5,weighted_0.25,1061,0,0.0,0.005655042412818096,-0.005655042412818096,-2.452960095988962,0.9929156972390681,False
gear,0316,mean_shift,positive,0.5,weighted_0.5,1061,0,0.0,0.006597549481621112,-0.006597549481621112,-2.650126006192868,0.9959769122231241,False
gear,0316,mean_shift,positive,0.5,weighted_0.75,1061,0,0.0,0.00942507068803016,-0.00942507068803016,-3.1697552720751934,0.9992371631106769,False
gear,0316,mean_shift,positive,0.5,global_A_bus,1061,18,0.016965127238454288,0.016965127238454288,0.0,0.0,0.5,False
gear,0316,mean_shift,positive,0.5,global_B_id_population,1061,6,0.005655042412818096,0.005655042412818096,0.0,0.0,0.5,False
gear,0316,mean_shift,positive,0.5,global_C_cross_id,1061,9,0.008482563619227144,0.007540056550424128,0.0009425070688030158,0.24351301565663275,0.40380400174446296,False
gear,0316,mean_shift,positive,0.5,global_D_bus_idpop,1061,10,0.00942507068803016,0.00942507068803016,0.0,0.0,0.5,False
gear,0316,mean_shift,positive,0.5,global_E_all,1061,2,0.001885014137606032,0.001885014137606032,0.0,0.0,0.5,False
gear,0316,mean_shift,positive,0.75,pird,1061,0,0.0,0.010367577756833177,-0.010367577756833177,-3.3252546979521678,0.9995583110196549,False
gear,0316,mean_shift,positive,0.75,global,1061,2,0.001885014137606032,0.001885014137606032,0.0,0.0,0.5,False
gear,0316,mean_shift,positive,0.75,or,1061,2,0.001885014137606032,0.012252591894439209,-0.010367577756833177,-2.850279686079656,0.9978159599963325,False
gear,0316,mean_shift,positive,0.75,max,1061,0,0.0,0.00942507068803016,-0.00942507068803016,-3.1697552720751934,0.9992371631106769,False
gear,0316,mean_shift,positive,0.75,weighted_0.25,1061,2,0.001885014137606032,0.005655042412818096,-0.0037700282752120644,-1.4168869363326235,0.9217420067387263,False
gear,0316,mean_shift,positive,0.75,weighted_0.5,1061,0,0.0,0.006597549481621112,-0.006597549481621112,-2.650126006192868,0.9959769122231241,False
gear,0316,mean_shift,positive,0.75,weighted_0.75,1061,0,0.0,0.00942507068803016,-0.00942507068803016,-3.1697552720751934,0.9992371631106769,False
gear,0316,mean_shift,positive,1.0,pird,1061,0,0.0,0.010367577756833177,-0.010367577756833177,-3.3252546979521678,0.9995583110196549,False
gear,0316,mean_shift,positive,1.0,global,1061,2,0.001885014137606032,0.001885014137606032,0.0,0.0,0.5,False
gear,0316,mean_shift,positive,1.0,or,1061,2,0.001885014137606032,0.012252591894439209,-0.010367577756833177,-2.850279686079656,0.9978159599963325,False
gear,0316,mean_shift,positive,1.0,max,1061,0,0.0,0.00942507068803016,-0.00942507068803016,-3.1697552720751934,0.9992371631106769,False
gear,0316,mean_shift,positive,1.0,weighted_0.25,1061,11,0.010367577756833177,0.005655042412818096,0.004712535344015081,1.2175650782831642,0.11169464592275224,False
gear,0316,mean_shift,positive,1.0,weighted_0.5,1061,28,0.02639019792648445,0.006597549481621112,0.019792648444863337,3.5792887698183784,0.00017226529934459794,True
gear,0316,mean_shift,positive,1.0,weighted_0.75,1061,0,0.0,0.00942507068803016,-0.00942507068803016,-3.1697552720751934,0.9992371631106769,False
gear,0316,mean_shift,positive,1.0,global_A_bus,1061,18,0.016965127238454288,0.016965127238454288,0.0,0.0,0.5,False
gear,0316,mean_shift,positive,1.0,global_B_id_population,1061,6,0.005655042412818096,0.005655042412818096,0.0,0.0,0.5,False
gear,0316,mean_shift,positive,1.0,global_C_cross_id,1061,9,0.008482563619227144,0.007540056550424128,0.0009425070688030158,0.24351301565663275,0.40380400174446296,False
gear,0316,mean_shift,positive,1.0,global_D_bus_idpop,1061,10,0.00942507068803016,0.00942507068803016,0.0,0.0,0.5,False
gear,0316,mean_shift,positive,1.0,global_E_all,1061,2,0.001885014137606032,0.001885014137606032,0.0,0.0,0.5,False
gear,0316,mean_shift,positive,1.5,pird,1061,1061,1.0,0.010367577756833177,0.9896324222431668,45.590037207018305,0.0,True
gear,0316,mean_shift,positive,1.5,global,1061,2,0.001885014137606032,0.001885014137606032,0.0,0.0,0.5,False
gear,0316,mean_shift,positive,1.5,or,1061,1061,1.0,0.012252591894439209,0.9877474081055608,45.50416928940477,0.0,True
gear,0316,mean_shift,positive,1.5,max,1061,1061,1.0,0.00942507068803016,0.9905749293119699,45.633030610802344,0.0,True
gear,0316,mean_shift,positive,1.5,weighted_0.25,1061,43,0.04052780395852969,0.005655042412818096,0.03487276154571159,5.347819281930864,4.451014173204449e-08,True
gear,0316,mean_shift,positive,1.5,weighted_0.5,1061,359,0.3383600377002828,0.006597549481621112,0.33176248821866167,20.22611884644149,2.883366972036918e-91,True
gear,0316,mean_shift,positive,1.5,weighted_0.75,1061,1061,1.0,0.00942507068803016,0.9905749293119699,45.633030610802344,0.0,True
gear,0316,mean_shift,positive,1.5,global_A_bus,1061,17,0.016022620169651274,0.016965127238454288,-0.000942507068803014,-0.1704423223723034,0.5676688546976175,False
gear,0316,mean_shift,positive,1.5,global_B_id_population,1061,6,0.005655042412818096,0.005655042412818096,0.0,0.0,0.5,False
gear,0316,mean_shift,positive,1.5,global_C_cross_id,1061,10,0.00942507068803016,0.007540056550424128,0.0018850141376060316,0.47341669056617847,0.31795796222077866,False
gear,0316,mean_shift,positive,1.5,global_D_bus_idpop,1061,10,0.00942507068803016,0.00942507068803016,0.0,0.0,0.5,False
gear,0316,mean_shift,positive,1.5,global_E_all,1061,2,0.001885014137606032,0.001885014137606032,0.0,0.0,0.5,False
gear,0316,mean_shift,positive,2.0,pird,1061,1061,1.0,0.010367577756833177,0.9896324222431668,45.590037207018305,0.0,True
gear,0316,mean_shift,positive,2.0,global,1061,2,0.001885014137606032,0.001885014137606032,0.0,0.0,0.5,False
gear,0316,mean_shift,positive,2.0,or,1061,1061,1.0,0.012252591894439209,0.9877474081055608,45.50416928940477,0.0,True
gear,0316,mean_shift,positive,2.0,max,1061,1061,1.0,0.00942507068803016,0.9905749293119699,45.633030610802344,0.0,True
gear,0316,mean_shift,positive,2.0,weighted_0.25,1061,63,0.05937794533459001,0.005655042412818096,0.05372290292177191,6.9763542503213545,1.5146915016258814e-12,True
gear,0316,mean_shift,positive,2.0,weighted_0.5,1061,875,0.824693685202639,0.006597549481621112,0.8180961357210179,38.2337837811303,3.868e-320,True
gear,0316,mean_shift,positive,2.0,weighted_0.75,1061,1061,1.0,0.00942507068803016,0.9905749293119699,45.633030610802344,0.0,True
gear,0316,mean_shift,positive,3.0,pird,1061,1061,1.0,0.010367577756833177,0.9896324222431668,45.590037207018305,0.0,True
gear,0316,mean_shift,positive,3.0,global,1061,2,0.001885014137606032,0.001885014137606032,0.0,0.0,0.5,False
gear,0316,mean_shift,positive,3.0,or,1061,1061,1.0,0.012252591894439209,0.9877474081055608,45.50416928940477,0.0,True
gear,0316,mean_shift,positive,3.0,max,1061,1061,1.0,0.00942507068803016,0.9905749293119699,45.633030610802344,0.0,True
gear,0316,mean_shift,positive,3.0,weighted_0.25,1061,112,0.1055607917059378,0.005655042412818096,0.0999057492931197,10.041271105303181,5.0186149204086834e-24,True
gear,0316,mean_shift,positive,3.0,weighted_0.5,1061,1025,0.9660697455230914,0.006597549481621112,0.9594721960414703,44.21476999582122,0.0,True
gear,0316,mean_shift,positive,3.0,weighted_0.75,1061,1061,1.0,0.00942507068803016,0.9905749293119699,45.633030610802344,0.0,True
gear,0316,mean_shift,negative,0.25,pird,1061,0,0.0,0.010367577756833177,-0.010367577756833177,-3.3252546979521678,0.9995583110196549,False
gear,0316,mean_shift,negative,0.25,global,1061,2,0.001885014137606032,0.001885014137606032,0.0,0.0,0.5,False
gear,0316,mean_shift,negative,0.25,or,1061,2,0.001885014137606032,0.012252591894439209,-0.010367577756833177,-2.850279686079656,0.9978159599963325,False
gear,0316,mean_shift,negative,0.25,max,1061,0,0.0,0.00942507068803016,-0.00942507068803016,-3.1697552720751934,0.9992371631106769,False
gear,0316,mean_shift,negative,0.25,weighted_0.25,1061,0,0.0,0.005655042412818096,-0.005655042412818096,-2.452960095988962,0.9929156972390681,False
gear,0316,mean_shift,negative,0.25,weighted_0.5,1061,0,0.0,0.006597549481621112,-0.006597549481621112,-2.650126006192868,0.9959769122231241,False
gear,0316,mean_shift,negative,0.25,weighted_0.75,1061,0,0.0,0.00942507068803016,-0.00942507068803016,-3.1697552720751934,0.9992371631106769,False
gear,0316,mean_shift,negative,0.5,pird,1061,0,0.0,0.010367577756833177,-0.010367577756833177,-3.3252546979521678,0.9995583110196549,False
gear,0316,mean_shift,negative,0.5,global,1061,2,0.001885014137606032,0.001885014137606032,0.0,0.0,0.5,False
gear,0316,mean_shift,negative,0.5,or,1061,2,0.001885014137606032,0.012252591894439209,-0.010367577756833177,-2.850279686079656,0.9978159599963325,False
gear,0316,mean_shift,negative,0.5,max,1061,0,0.0,0.00942507068803016,-0.00942507068803016,-3.1697552720751934,0.9992371631106769,False
gear,0316,mean_shift,negative,0.5,weighted_0.25,1061,0,0.0,0.005655042412818096,-0.005655042412818096,-2.452960095988962,0.9929156972390681,False
gear,0316,mean_shift,negative,0.5,weighted_0.5,1061,0,0.0,0.006597549481621112,-0.006597549481621112,-2.650126006192868,0.9959769122231241,False
gear,0316,mean_shift,negative,0.5,weighted_0.75,1061,0,0.0,0.00942507068803016,-0.00942507068803016,-3.1697552720751934,0.9992371631106769,False
gear,0316,mean_shift,negative,0.5,global_A_bus,1061,19,0.017907634307257305,0.016965127238454288,0.0009425070688030175,0.16585126871381345,0.43413699909259185,False
gear,0316,mean_shift,negative,0.5,global_B_id_population,1061,6,0.005655042412818096,0.005655042412818096,0.0,0.0,0.5,False
gear,0316,mean_shift,negative,0.5,global_C_cross_id,1061,9,0.008482563619227144,0.007540056550424128,0.0009425070688030158,0.24351301565663275,0.40380400174446296,False
gear,0316,mean_shift,negative,0.5,global_D_bus_idpop,1061,10,0.00942507068803016,0.00942507068803016,0.0,0.0,0.5,False
gear,0316,mean_shift,negative,0.5,global_E_all,1061,2,0.001885014137606032,0.001885014137606032,0.0,0.0,0.5,False
gear,0316,mean_shift,negative,0.75,pird,1061,0,0.0,0.010367577756833177,-0.010367577756833177,-3.3252546979521678,0.9995583110196549,False
gear,0316,mean_shift,negative,0.75,global,1061,2,0.001885014137606032,0.001885014137606032,0.0,0.0,0.5,False
gear,0316,mean_shift,negative,0.75,or,1061,2,0.001885014137606032,0.012252591894439209,-0.010367577756833177,-2.850279686079656,0.9978159599963325,False
gear,0316,mean_shift,negative,0.75,max,1061,0,0.0,0.00942507068803016,-0.00942507068803016,-3.1697552720751934,0.9992371631106769,False
gear,0316,mean_shift,negative,0.75,weighted_0.25,1061,0,0.0,0.005655042412818096,-0.005655042412818096,-2.452960095988962,0.9929156972390681,False
gear,0316,mean_shift,negative,0.75,weighted_0.5,1061,0,0.0,0.006597549481621112,-0.006597549481621112,-2.650126006192868,0.9959769122231241,False
gear,0316,mean_shift,negative,0.75,weighted_0.75,1061,0,0.0,0.00942507068803016,-0.00942507068803016,-3.1697552720751934,0.9992371631106769,False
gear,0316,mean_shift,negative,1.0,pird,1061,0,0.0,0.010367577756833177,-0.010367577756833177,-3.3252546979521678,0.9995583110196549,False
gear,0316,mean_shift,negative,1.0,global,1061,1,0.000942507068803016,0.001885014137606032,-0.000942507068803016,-0.5777588199678589,0.7182865194155035,False
gear,0316,mean_shift,negative,1.0,or,1061,1,0.000942507068803016,0.012252591894439209,-0.011310084825636193,-3.217767157698053,0.9993540367539244,False
gear,0316,mean_shift,negative,1.0,max,1061,0,0.0,0.00942507068803016,-0.00942507068803016,-3.1697552720751934,0.9992371631106769,False
gear,0316,mean_shift,negative,1.0,weighted_0.25,1061,8,0.007540056550424128,0.005655042412818096,0.0018850141376060316,0.5362945262830087,0.29587750650655786,False
gear,0316,mean_shift,negative,1.0,weighted_0.5,1061,8,0.007540056550424128,0.006597549481621112,0.0009425070688030158,0.25911633509815046,0.3977727407650538,False
gear,0316,mean_shift,negative,1.0,weighted_0.75,1061,0,0.0,0.00942507068803016,-0.00942507068803016,-3.1697552720751934,0.9992371631106769,False
gear,0316,mean_shift,negative,1.0,global_A_bus,1061,19,0.017907634307257305,0.016965127238454288,0.0009425070688030175,0.16585126871381345,0.43413699909259185,False
gear,0316,mean_shift,negative,1.0,global_B_id_population,1061,6,0.005655042412818096,0.005655042412818096,0.0,0.0,0.5,False
gear,0316,mean_shift,negative,1.0,global_C_cross_id,1061,9,0.008482563619227144,0.007540056550424128,0.0009425070688030158,0.24351301565663275,0.40380400174446296,False
gear,0316,mean_shift,negative,1.0,global_D_bus_idpop,1061,10,0.00942507068803016,0.00942507068803016,0.0,0.0,0.5,False
gear,0316,mean_shift,negative,1.0,global_E_all,1061,1,0.000942507068803016,0.001885014137606032,-0.000942507068803016,-0.5777588199678589,0.7182865194155035,False
gear,0316,mean_shift,negative,1.5,pird,1061,1061,1.0,0.010367577756833177,0.9896324222431668,45.590037207018305,0.0,True
gear,0316,mean_shift,negative,1.5,global,1061,3,0.002827521206409048,0.001885014137606032,0.0009425070688030162,0.44774140589903894,0.32716991761183334,False
gear,0316,mean_shift,negative,1.5,or,1061,1061,1.0,0.012252591894439209,0.9877474081055608,45.50416928940477,0.0,True
gear,0316,mean_shift,negative,1.5,max,1061,1061,1.0,0.00942507068803016,0.9905749293119699,45.633030610802344,0.0,True
gear,0316,mean_shift,negative,1.5,weighted_0.25,1061,28,0.02639019792648445,0.005655042412818096,0.02073515551366635,3.8035634454982574,7.131472111028858e-05,True
gear,0316,mean_shift,negative,1.5,weighted_0.5,1061,151,0.1423185673892554,0.006597549481621112,0.1357210179076343,11.907919681272258,5.381452001527347e-33,True
gear,0316,mean_shift,negative,1.5,weighted_0.75,1061,790,0.7445805843543827,0.00942507068803016,0.7351555136663526,34.938686299037805,9.617208150017547e-268,True
gear,0316,mean_shift,negative,1.5,global_A_bus,1061,18,0.016965127238454288,0.016965127238454288,0.0,0.0,0.5,False
gear,0316,mean_shift,negative,1.5,global_B_id_population,1061,6,0.005655042412818096,0.005655042412818096,0.0,0.0,0.5,False
gear,0316,mean_shift,negative,1.5,global_C_cross_id,1061,9,0.008482563619227144,0.007540056550424128,0.0009425070688030158,0.24351301565663275,0.40380400174446296,False
gear,0316,mean_shift,negative,1.5,global_D_bus_idpop,1061,10,0.00942507068803016,0.00942507068803016,0.0,0.0,0.5,False
gear,0316,mean_shift,negative,1.5,global_E_all,1061,3,0.002827521206409048,0.001885014137606032,0.0009425070688030162,0.44774140589903894,0.32716991761183334,False
gear,0316,mean_shift,negative,2.0,pird,1061,1061,1.0,0.010367577756833177,0.9896324222431668,45.590037207018305,0.0,True
gear,0316,mean_shift,negative,2.0,global,1061,3,0.002827521206409048,0.001885014137606032,0.0009425070688030162,0.44774140589903894,0.32716991761183334,False
gear,0316,mean_shift,negative,2.0,or,1061,1061,1.0,0.012252591894439209,0.9877474081055608,45.50416928940477,0.0,True
gear,0316,mean_shift,negative,2.0,max,1061,1061,1.0,0.00942507068803016,0.9905749293119699,45.633030610802344,0.0,True
gear,0316,mean_shift,negative,2.0,weighted_0.25,1061,49,0.046182846371347785,0.005655042412818096,0.04052780395852969,5.874752331630498,2.117379922154327e-09,True
gear,0316,mean_shift,negative,2.0,weighted_0.5,1061,526,0.4957587181903864,0.006597549481621112,0.4891611687087653,25.978525317268634,4.330162014548546e-149,True
gear,0316,mean_shift,negative,2.0,weighted_0.75,1061,1061,1.0,0.00942507068803016,0.9905749293119699,45.633030610802344,0.0,True
gear,0316,mean_shift,negative,3.0,pird,1061,1061,1.0,0.010367577756833177,0.9896324222431668,45.590037207018305,0.0,True
gear,0316,mean_shift,negative,3.0,global,1061,2,0.001885014137606032,0.001885014137606032,0.0,0.0,0.5,False
gear,0316,mean_shift,negative,3.0,or,1061,1061,1.0,0.012252591894439209,0.9877474081055608,45.50416928940477,0.0,True
gear,0316,mean_shift,negative,3.0,max,1061,1061,1.0,0.00942507068803016,0.9905749293119699,45.633030610802344,0.0,True
gear,0316,mean_shift,negative,3.0,weighted_0.25,1061,66,0.06220546654099906,0.005655042412818096,0.05655042412818096,7.194171082270397,3.142068022691156e-13,True
gear,0316,mean_shift,negative,3.0,weighted_0.5,1061,882,0.8312912346842601,0.006597549481621112,0.824693685202639,38.498900275207774,0.0,True
gear,0316,mean_shift,negative,3.0,weighted_0.75,1061,1061,1.0,0.00942507068803016,0.9905749293119699,45.633030610802344,0.0,True
gear,018f,additive,positive,0.25,pird,1051,18,0.017126546146527116,0.003805899143672693,0.013320647002854423,3.000553561981801,0.0013474467649208287,True
gear,018f,additive,positive,0.25,global,1051,3,0.0028544243577545195,0.0028544243577545195,0.0,0.0,0.5,False
gear,018f,additive,positive,0.25,or,1051,20,0.019029495718363463,0.006660323501427212,0.012369172216936251,2.51807566256294,0.0058998985010528466,True
gear,018f,additive,positive,0.25,max,1051,18,0.017126546146527116,0.003805899143672693,0.013320647002854423,3.000553561981801,0.0013474467649208287,True
gear,018f,additive,positive,0.25,weighted_0.25,1051,6,0.005708848715509039,0.0019029495718363464,0.0038058991436726924,1.4169124456722972,0.07825426365099059,False
gear,018f,additive,positive,0.25,weighted_0.5,1051,18,0.017126546146527116,0.005708848715509039,0.011417697431018076,2.4635944068266284,0.006877583296115473,True
gear,018f,additive,positive,0.25,weighted_0.75,1051,19,0.01807802093244529,0.006660323501427212,0.01141769743101808,2.3680848169588966,0.00894021814560185,True
gear,018f,additive,positive,0.5,pird,1051,60,0.05708848715509039,0.003805899143672693,0.0532825880114177,7.109062068488444,5.841709982365296e-13,True
gear,018f,additive,positive,0.5,global,1051,3,0.0028544243577545195,0.0028544243577545195,0.0,0.0,0.5,False
gear,018f,additive,positive,0.5,or,1051,62,0.058991436726926735,0.006660323501427212,0.05233111322549952,6.732646474768872,8.330226285007408e-12,True
gear,018f,additive,positive,0.5,max,1051,60,0.05708848715509039,0.003805899143672693,0.0532825880114177,7.109062068488444,5.841709982365296e-13,True
gear,018f,additive,positive,0.5,weighted_0.25,1051,9,0.008563273073263558,0.0019029495718363464,0.0066603235014272115,2.116123630200952,0.017167147116919915,True
gear,018f,additive,positive,0.5,weighted_0.5,1051,34,0.03235014272121789,0.005708848715509039,0.02664129400570885,4.4699231967745305,3.9123845058996905e-06,True
gear,018f,additive,positive,0.5,weighted_0.75,1051,48,0.04567078972407231,0.006660323501427212,0.0390104662226451,5.602217250545321,1.0581353731285595e-08,True
gear,018f,additive,positive,0.5,global_A_bus,1051,19,0.01807802093244529,0.01807802093244529,0.0,0.0,0.5,False
gear,018f,additive,positive,0.5,global_B_id_population,1051,6,0.005708848715509039,0.005708848715509039,0.0,0.0,0.5,False
gear,018f,additive,positive,0.5,global_C_cross_id,1051,8,0.007611798287345386,0.006660323501427212,0.0009514747859181733,0.2591251113861843,0.3977693551241149,False
gear,018f,additive,positive,0.5,global_D_bus_idpop,1051,10,0.009514747859181731,0.009514747859181731,0.0,0.0,0.5,False
gear,018f,additive,positive,0.5,global_E_all,1051,3,0.0028544243577545195,0.0028544243577545195,0.0,0.0,0.5,False
gear,018f,additive,positive,0.75,pird,1051,214,0.20361560418648905,0.003805899143672693,0.19980970504281637,15.023355859918691,2.5813226310536982e-51,True
gear,018f,additive,positive,0.75,global,1051,3,0.0028544243577545195,0.0028544243577545195,0.0,0.0,0.5,False
gear,018f,additive,positive,0.75,or,1051,215,0.20456707897240722,0.006660323501427212,0.19790675547098002,14.761288861082887,1.3012959009106695e-49,True
gear,018f,additive,positive,0.75,max,1051,214,0.20361560418648905,0.003805899143672693,0.19980970504281637,15.023355859918691,2.5813226310536982e-51,True
gear,018f,additive,positive,0.75,weighted_0.25,1051,22,0.02093244529019981,0.0019029495718363464,0.019029495718363463,4.105990678044381,2.012928582183462e-05,True
gear,018f,additive,positive,0.75,weighted_0.5,1051,59,0.056137012369172214,0.005708848715509039,0.05042816365366318,6.677901865426763,1.2119362411257396e-11,True
gear,018f,additive,positive,0.75,weighted_0.75,1051,148,0.14081826831588962,0.006660323501427212,0.13415794481446242,11.767566023600091,2.867775793918614e-32,True
gear,018f,additive,positive,1.0,pird,1051,358,0.340627973358706,0.003805899143672693,0.3368220742150333,20.449877389248154,3.0113200124340017e-93,True
gear,018f,additive,positive,1.0,global,1051,3,0.0028544243577545195,0.0028544243577545195,0.0,0.0,0.5,False
gear,018f,additive,positive,1.0,or,1051,359,0.34157944814462415,0.006660323501427212,0.33491912464319695,20.246204360696453,1.9184493323362653e-91,True
gear,018f,additive,positive,1.0,max,1051,358,0.340627973358706,0.003805899143672693,0.3368220742150333,20.449877389248154,3.0113200124340017e-93,True
gear,018f,additive,positive,1.0,weighted_0.25,1051,33,0.03139866793529972,0.0019029495718363464,0.02949571836346337,5.284133596838529,6.315052969003607e-08,True
gear,018f,additive,positive,1.0,weighted_0.5,1051,97,0.0922930542340628,0.005708848715509039,0.08658420551855375,9.19459784536931,1.8819994418892024e-20,True
gear,018f,additive,positive,1.0,weighted_0.75,1051,303,0.2882968601332065,0.006660323501427212,0.2816365366317793,18.207831150561926,2.2365958769109104e-74,True
gear,018f,additive,positive,1.0,global_A_bus,1051,18,0.017126546146527116,0.01807802093244529,-0.000951474785918175,-0.1658652722188638,0.5658685111830236,False
gear,018f,additive,positive,1.0,global_B_id_population,1051,6,0.005708848715509039,0.005708848715509039,0.0,0.0,0.5,False
gear,018f,additive,positive,1.0,global_C_cross_id,1051,8,0.007611798287345386,0.006660323501427212,0.0009514747859181733,0.2591251113861843,0.3977693551241149,False
gear,018f,additive,positive,1.0,global_D_bus_idpop,1051,10,0.009514747859181731,0.009514747859181731,0.0,0.0,0.5,False
gear,018f,additive,positive,1.0,global_E_all,1051,3,0.0028544243577545195,0.0028544243577545195,0.0,0.0,0.5,False
gear,018f,additive,positive,1.5,pird,1051,575,0.5470980019029495,0.003805899143672693,0.5432921027592769,27.878103785322782,2.4587495066139194e-171,True
gear,018f,additive,positive,1.5,global,1051,3,0.0028544243577545195,0.0028544243577545195,0.0,0.0,0.5,False
gear,018f,additive,positive,1.5,or,1051,576,0.5480494766888677,0.006660323501427212,0.5413891531874405,27.72141905222552,1.9268809628872835e-169,True
gear,018f,additive,positive,1.5,max,1051,575,0.5470980019029495,0.003805899143672693,0.5432921027592769,27.878103785322782,2.4587495066139194e-171,True
gear,018f,additive,positive,1.5,weighted_0.25,1051,52,0.049476688867745006,0.0019029495718363464,0.04757373929590866,6.893257533365216,2.72645126899127e-12,True
gear,018f,additive,positive,1.5,weighted_0.5,1051,255,0.24262607040913417,0.005708848715509039,0.23691722169362514,16.469050263682075,3.0612013460229925e-61,True
gear,018f,additive,positive,1.5,weighted_0.75,1051,557,0.5299714557564225,0.006660323501427212,0.5233111322549953,27.07455489813373,9.817152750715937e-162,True
gear,018f,additive,positive,1.5,global_A_bus,1051,18,0.017126546146527116,0.01807802093244529,-0.000951474785918175,-0.1658652722188638,0.5658685111830236,False
gear,018f,additive,positive,1.5,global_B_id_population,1051,6,0.005708848715509039,0.005708848715509039,0.0,0.0,0.5,False
gear,018f,additive,positive,1.5,global_C_cross_id,1051,8,0.007611798287345386,0.006660323501427212,0.0009514747859181733,0.2591251113861843,0.3977693551241149,False
gear,018f,additive,positive,1.5,global_D_bus_idpop,1051,10,0.009514747859181731,0.009514747859181731,0.0,0.0,0.5,False
gear,018f,additive,positive,1.5,global_E_all,1051,3,0.0028544243577545195,0.0028544243577545195,0.0,0.0,0.5,False
gear,018f,additive,positive,2.0,pird,1051,1034,0.9838249286393911,0.003805899143672693,0.9800190294957184,44.93493210407877,0.0,True
gear,018f,additive,positive,2.0,global,1051,3,0.0028544243577545195,0.0028544243577545195,0.0,0.0,0.5,False
gear,018f,additive,positive,2.0,or,1051,1034,0.9838249286393911,0.006660323501427212,0.9771646051379639,44.802654147617815,0.0,True
gear,018f,additive,positive,2.0,max,1051,1034,0.9838249286393911,0.003805899143672693,0.9800190294957184,44.93493210407877,0.0,True
gear,018f,additive,positive,2.0,weighted_0.25,1051,70,0.06660323501427212,0.0019029495718363464,0.06470028544243578,8.154756571139172,1.7494194289368975e-16,True
gear,018f,additive,positive,2.0,weighted_0.5,1051,543,0.5166508087535681,0.005708848715509039,0.510941960038059,26.66359729378977,6.224604116782268e-157,True
gear,018f,additive,positive,2.0,weighted_0.75,1051,1029,0.9790675547098002,0.006660323501427212,0.972407231208373,44.58705332575384,0.0,True
gear,018f,additive,positive,3.0,pird,1051,1051,1.0,0.003805899143672693,0.9961941008563273,45.67341309237913,0.0,True
gear,018f,additive,positive,3.0,global,1051,3,0.0028544243577545195,0.0028544243577545195,0.0,0.0,0.5,False
gear,018f,additive,positive,3.0,or,1051,1051,1.0,0.006660323501427212,0.9933396764985728,45.54322403166565,0.0,True
gear,018f,additive,positive,3.0,max,1051,1051,1.0,0.003805899143672693,0.9961941008563273,45.67341309237913,0.0,True
gear,018f,additive,positive,3.0,weighted_0.25,1051,105,0.09990485252140818,0.0019029495718363464,0.09800190294957184,10.220925946140884,7.99035013148342e-25,True
gear,018f,additive,positive,3.0,weighted_0.5,1051,1027,0.9771646051379639,0.005708848715509039,0.9714557564224549,44.54542271793777,0.0,True
gear,018f,additive,positive,3.0,weighted_0.75,1051,1051,1.0,0.006660323501427212,0.9933396764985728,45.54322403166565,0.0,True
gear,018f,additive,negative,0.25,pird,1051,1,0.0009514747859181732,0.003805899143672693,-0.0028544243577545195,-1.343239310582281,0.9104027517530822,False
gear,018f,additive,negative,0.25,global,1051,3,0.0028544243577545195,0.0028544243577545195,0.0,0.0,0.5,False
gear,018f,additive,negative,0.25,or,1051,4,0.003805899143672693,0.006660323501427212,-0.0028544243577545195,-0.9069101272289796,0.8177728373635011,False
gear,018f,additive,negative,0.25,max,1051,1,0.0009514747859181732,0.003805899143672693,-0.0028544243577545195,-1.343239310582281,0.9104027517530822,False
gear,018f,additive,negative,0.25,weighted_0.25,1051,2,0.0019029495718363464,0.0019029495718363464,0.0,0.0,0.5,False
gear,018f,additive,negative,0.25,weighted_0.5,1051,3,0.0028544243577545195,0.005708848715509039,-0.0028544243577545195,-1.0021477175438303,0.8418638727710658,False
gear,018f,additive,negative,0.25,weighted_0.75,1051,1,0.0009514747859181732,0.006660323501427212,-0.005708848715509039,-2.125368668508446,0.9832220687412018,False
gear,018f,additive,negative,0.5,pird,1051,1,0.0009514747859181732,0.003805899143672693,-0.0028544243577545195,-1.343239310582281,0.9104027517530822,False
gear,018f,additive,negative,0.5,global,1051,3,0.0028544243577545195,0.0028544243577545195,0.0,0.0,0.5,False
gear,018f,additive,negative,0.5,or,1051,4,0.003805899143672693,0.006660323501427212,-0.0028544243577545195,-0.9069101272289796,0.8177728373635011,False
gear,018f,additive,negative,0.5,max,1051,1,0.0009514747859181732,0.003805899143672693,-0.0028544243577545195,-1.343239310582281,0.9104027517530822,False
gear,018f,additive,negative,0.5,weighted_0.25,1051,5,0.004757373929590866,0.0019029495718363464,0.002854424357754519,1.1357861719685838,0.12802303284825398,False
gear,018f,additive,negative,0.5,weighted_0.5,1051,10,0.009514747859181731,0.005708848715509039,0.0038058991436726924,1.0038277651902374,0.15773081946244022,False
gear,018f,additive,negative,0.5,weighted_0.75,1051,4,0.003805899143672693,0.006660323501427212,-0.0028544243577545195,-0.9069101272289796,0.8177728373635011,False
gear,018f,additive,negative,0.5,global_A_bus,1051,19,0.01807802093244529,0.01807802093244529,0.0,0.0,0.5,False
gear,018f,additive,negative,0.5,global_B_id_population,1051,6,0.005708848715509039,0.005708848715509039,0.0,0.0,0.5,False
gear,018f,additive,negative,0.5,global_C_cross_id,1051,7,0.006660323501427212,0.006660323501427212,0.0,0.0,0.5,False
gear,018f,additive,negative,0.5,global_D_bus_idpop,1051,11,0.010466222645099905,0.009514747859181731,0.0009514747859181733,0.21931617774764078,0.4132018803174007,False
gear,018f,additive,negative,0.5,global_E_all,1051,3,0.0028544243577545195,0.0028544243577545195,0.0,0.0,0.5,False
gear,018f,additive,negative,0.75,pird,1051,32,0.030447193149381543,0.003805899143672693,0.02664129400570885,4.707149352687231,1.2560243258443366e-06,True
gear,018f,additive,negative,0.75,global,1051,3,0.0028544243577545195,0.0028544243577545195,0.0,0.0,0.5,False
gear,018f,additive,negative,0.75,or,1051,35,0.03330161750713606,0.006660323501427212,0.02664129400570885,4.364315432108283,6.376073116405741e-06,True
gear,018f,additive,negative,0.75,max,1051,32,0.030447193149381543,0.003805899143672693,0.02664129400570885,4.707149352687231,1.2560243258443366e-06,True
gear,018f,additive,negative,0.75,weighted_0.25,1051,7,0.006660323501427212,0.0019029495718363464,0.004757373929590866,1.6702461959063837,0.04743533176332885,True
gear,018f,additive,negative,0.75,weighted_0.5,1051,19,0.01807802093244529,0.005708848715509039,0.012369172216936251,2.615600764024312,0.0044535317793670875,True
gear,018f,additive,negative,0.75,weighted_0.75,1051,65,0.06184586108468126,0.006660323501427212,0.05518553758325404,6.955527663618705,1.7562242293859252e-12,True
gear,018f,additive,negative,1.0,pird,1051,452,0.4300666032350143,0.003805899143672693,0.4262607040913416,23.708115430553406,1.4868438811886856e-124,True
gear,018f,additive,negative,1.0,global,1051,3,0.0028544243577545195,0.0028544243577545195,0.0,0.0,0.5,False
gear,018f,additive,negative,1.0,or,1051,454,0.4319695528068506,0.006660323501427212,0.4253092293054234,23.562378372583762,4.6867817636334676e-123,True
gear,018f,additive,negative,1.0,max,1051,451,0.4291151284490961,0.003805899143672693,0.4253092293054234,23.67398570649585,3.3423034335682455e-124,True
gear,018f,additive,negative,1.0,weighted_0.25,1051,10,0.009514747859181731,0.0019029495718363464,0.007611798287345385,2.316021446986774,0.010278548856214717,True
gear,018f,additive,negative,1.0,weighted_0.5,1051,73,0.06945765937202664,0.005708848715509039,0.0637488106565176,7.683864035786796,7.718024488301546e-15,True
gear,018f,additive,negative,1.0,weighted_0.75,1051,369,0.3510941960038059,0.006660323501427212,0.3444338725023787,20.602058129986467,1.315119231676043e-94,True
gear,018f,additive,negative,1.0,global_A_bus,1051,19,0.01807802093244529,0.01807802093244529,0.0,0.0,0.5,False
gear,018f,additive,negative,1.0,global_B_id_population,1051,6,0.005708848715509039,0.005708848715509039,0.0,0.0,0.5,False
gear,018f,additive,negative,1.0,global_C_cross_id,1051,7,0.006660323501427212,0.006660323501427212,0.0,0.0,0.5,False
gear,018f,additive,negative,1.0,global_D_bus_idpop,1051,11,0.010466222645099905,0.009514747859181731,0.0009514747859181733,0.21931617774764078,0.4132018803174007,False
gear,018f,additive,negative,1.0,global_E_all,1051,3,0.0028544243577545195,0.0028544243577545195,0.0,0.0,0.5,False
gear,018f,additive,negative,1.5,pird,1051,575,0.5470980019029495,0.003805899143672693,0.5432921027592769,27.878103785322782,2.4587495066139194e-171,True
gear,018f,additive,negative,1.5,global,1051,3,0.0028544243577545195,0.0028544243577545195,0.0,0.0,0.5,False
gear,018f,additive,negative,1.5,or,1051,577,0.5490009514747859,0.006660323501427212,0.5423406279733587,27.755490213500387,7.479614231906064e-170,True
gear,018f,additive,negative,1.5,max,1051,575,0.5470980019029495,0.003805899143672693,0.5432921027592769,27.878103785322782,2.4587495066139194e-171,True
gear,018f,additive,negative,1.5,weighted_0.25,1051,13,0.012369172216936251,0.0019029495718363464,0.010466222645099905,2.850376225248027,0.0021833771323785424,True
gear,018f,additive,negative,1.5,weighted_0.5,1051,215,0.20456707897240722,0.005708848715509039,0.1988582302568982,14.861823775453317,2.915787832743016e-50,True
gear,018f,additive,negative,1.5,weighted_0.75,1051,543,0.5166508087535681,0.006660323501427212,0.5099904852521409,26.598303812427954,3.550886000219091e-156,True
gear,018f,additive,negative,1.5,global_A_bus,1051,19,0.01807802093244529,0.01807802093244529,0.0,0.0,0.5,False
gear,018f,additive,negative,1.5,global_B_id_population,1051,6,0.005708848715509039,0.005708848715509039,0.0,0.0,0.5,False
gear,018f,additive,negative,1.5,global_C_cross_id,1051,7,0.006660323501427212,0.006660323501427212,0.0,0.0,0.5,False
gear,018f,additive,negative,1.5,global_D_bus_idpop,1051,11,0.010466222645099905,0.009514747859181731,0.0009514747859181733,0.21931617774764078,0.4132018803174007,False
gear,018f,additive,negative,1.5,global_E_all,1051,3,0.0028544243577545195,0.0028544243577545195,0.0,0.0,0.5,False
gear,018f,additive,negative,2.0,pird,1051,754,0.7174119885823026,0.003805899143672693,0.7136060894386299,34.06774454571308,1.1083307732146505e-254,True
gear,018f,additive,negative,2.0,global,1051,3,0.0028544243577545195,0.0028544243577545195,0.0,0.0,0.5,False
gear,018f,additive,negative,2.0,or,1051,756,0.7193149381541389,0.006660323501427212,0.7126546146527117,33.97391657866904,2.7050720944345404e-253,True
gear,018f,additive,negative,2.0,max,1051,754,0.7174119885823026,0.003805899143672693,0.7136060894386299,34.06774454571308,1.1083307732146505e-254,True
gear,018f,additive,negative,2.0,weighted_0.25,1051,27,0.025689819219790674,0.0019029495718363464,0.023786869647954328,4.674742726097414,1.4716117470091591e-06,True
gear,018f,additive,negative,2.0,weighted_0.5,1051,434,0.41294005708848713,0.005708848715509039,0.4072312083729781,22.946596391716493,7.96705178462728e-117,True
gear,018f,additive,negative,2.0,weighted_0.75,1051,676,0.6431969552806851,0.006660323501427212,0.6365366317792579,31.155944680189492,2.106882143220999e-213,True
gear,018f,additive,negative,3.0,pird,1051,1051,1.0,0.003805899143672693,0.9961941008563273,45.67341309237913,0.0,True
gear,018f,additive,negative,3.0,global,1051,3,0.0028544243577545195,0.0028544243577545195,0.0,0.0,0.5,False
gear,018f,additive,negative,3.0,or,1051,1051,1.0,0.006660323501427212,0.9933396764985728,45.54322403166565,0.0,True
gear,018f,additive,negative,3.0,max,1051,1051,1.0,0.003805899143672693,0.9961941008563273,45.67341309237913,0.0,True
gear,018f,additive,negative,3.0,weighted_0.25,1051,45,0.04281636536631779,0.0019029495718363464,0.04091341579448145,6.343514973806908,1.1229056618369073e-10,True
gear,018f,additive,negative,3.0,weighted_0.5,1051,642,0.6108468125594672,0.005708848715509039,0.6051379638439581,30.040265402762998,1.463006262084182e-198,True
gear,018f,additive,negative,3.0,weighted_0.75,1051,1009,0.9600380589914367,0.006660323501427212,0.9533777354900095,43.73431319861886,0.0,True
gear,018f,mean_shift,positive,0.25,pird,1051,0,0.0,0.003805899143672693,-0.003805899143672693,-2.0019056697986954,0.9773525611204996,False
gear,018f,mean_shift,positive,0.25,global,1051,3,0.0028544243577545195,0.0028544243577545195,0.0,0.0,0.5,False
gear,018f,mean_shift,positive,0.25,or,1051,3,0.0028544243577545195,0.006660323501427212,-0.003805899143672693,-1.267930669853997,0.8975886448296979,False
gear,018f,mean_shift,positive,0.25,max,1051,0,0.0,0.003805899143672693,-0.003805899143672693,-2.0019056697986954,0.9773525611204996,False
gear,018f,mean_shift,positive,0.25,weighted_0.25,1051,0,0.0,0.0019029495718363464,-0.0019029495718363464,-1.4148868371374306,0.9214491610378421,False
gear,018f,mean_shift,positive,0.25,weighted_0.5,1051,0,0.0,0.005708848715509039,-0.005708848715509039,-2.45299318639883,0.9929163488926165,False
gear,018f,mean_shift,positive,0.25,weighted_0.75,1051,0,0.0,0.006660323501427212,-0.006660323501427212,-2.6501677345933623,0.9959774091085623,False
gear,018f,mean_shift,positive,0.5,pird,1051,0,0.0,0.003805899143672693,-0.003805899143672693,-2.0019056697986954,0.9773525611204996,False
gear,018f,mean_shift,positive,0.5,global,1051,3,0.0028544243577545195,0.0028544243577545195,0.0,0.0,0.5,False
gear,018f,mean_shift,positive,0.5,or,1051,3,0.0028544243577545195,0.006660323501427212,-0.003805899143672693,-1.267930669853997,0.8975886448296979,False
gear,018f,mean_shift,positive,0.5,max,1051,0,0.0,0.003805899143672693,-0.003805899143672693,-2.0019056697986954,0.9773525611204996,False
gear,018f,mean_shift,positive,0.5,weighted_0.25,1051,0,0.0,0.0019029495718363464,-0.0019029495718363464,-1.4148868371374306,0.9214491610378421,False
gear,018f,mean_shift,positive,0.5,weighted_0.5,1051,0,0.0,0.005708848715509039,-0.005708848715509039,-2.45299318639883,0.9929163488926165,False
gear,018f,mean_shift,positive,0.5,weighted_0.75,1051,0,0.0,0.006660323501427212,-0.006660323501427212,-2.6501677345933623,0.9959774091085623,False
gear,018f,mean_shift,positive,0.5,global_A_bus,1051,19,0.01807802093244529,0.01807802093244529,0.0,0.0,0.5,False
gear,018f,mean_shift,positive,0.5,global_B_id_population,1051,6,0.005708848715509039,0.005708848715509039,0.0,0.0,0.5,False
gear,018f,mean_shift,positive,0.5,global_C_cross_id,1051,8,0.007611798287345386,0.006660323501427212,0.0009514747859181733,0.2591251113861843,0.3977693551241149,False
gear,018f,mean_shift,positive,0.5,global_D_bus_idpop,1051,11,0.010466222645099905,0.009514747859181731,0.0009514747859181733,0.21931617774764078,0.4132018803174007,False
gear,018f,mean_shift,positive,0.5,global_E_all,1051,3,0.0028544243577545195,0.0028544243577545195,0.0,0.0,0.5,False
gear,018f,mean_shift,positive,0.75,pird,1051,0,0.0,0.003805899143672693,-0.003805899143672693,-2.0019056697986954,0.9773525611204996,False
gear,018f,mean_shift,positive,0.75,global,1051,3,0.0028544243577545195,0.0028544243577545195,0.0,0.0,0.5,False
gear,018f,mean_shift,positive,0.75,or,1051,3,0.0028544243577545195,0.006660323501427212,-0.003805899143672693,-1.267930669853997,0.8975886448296979,False
gear,018f,mean_shift,positive,0.75,max,1051,0,0.0,0.003805899143672693,-0.003805899143672693,-2.0019056697986954,0.9773525611204996,False
gear,018f,mean_shift,positive,0.75,weighted_0.25,1051,2,0.0019029495718363464,0.0019029495718363464,0.0,0.0,0.5,False
gear,018f,mean_shift,positive,0.75,weighted_0.5,1051,0,0.0,0.005708848715509039,-0.005708848715509039,-2.45299318639883,0.9929163488926165,False
gear,018f,mean_shift,positive,0.75,weighted_0.75,1051,0,0.0,0.006660323501427212,-0.006660323501427212,-2.6501677345933623,0.9959774091085623,False
gear,018f,mean_shift,positive,1.0,pird,1051,0,0.0,0.003805899143672693,-0.003805899143672693,-2.0019056697986954,0.9773525611204996,False
gear,018f,mean_shift,positive,1.0,global,1051,3,0.0028544243577545195,0.0028544243577545195,0.0,0.0,0.5,False
gear,018f,mean_shift,positive,1.0,or,1051,3,0.0028544243577545195,0.006660323501427212,-0.003805899143672693,-1.267930669853997,0.8975886448296979,False
gear,018f,mean_shift,positive,1.0,max,1051,0,0.0,0.003805899143672693,-0.003805899143672693,-2.0019056697986954,0.9773525611204996,False
gear,018f,mean_shift,positive,1.0,weighted_0.25,1051,11,0.010466222645099905,0.0019029495718363464,0.008563273073263558,2.503905701906271,0.0061415383287041735,True
gear,018f,mean_shift,positive,1.0,weighted_0.5,1051,26,0.024738344433872503,0.005708848715509039,0.019029495718363463,3.562756898102345,0.00018349024583287,True
gear,018f,mean_shift,positive,1.0,weighted_0.75,1051,0,0.0,0.006660323501427212,-0.006660323501427212,-2.6501677345933623,0.9959774091085623,False
gear,018f,mean_shift,positive,1.0,global_A_bus,1051,19,0.01807802093244529,0.01807802093244529,0.0,0.0,0.5,False
gear,018f,mean_shift,positive,1.0,global_B_id_population,1051,6,0.005708848715509039,0.005708848715509039,0.0,0.0,0.5,False
gear,018f,mean_shift,positive,1.0,global_C_cross_id,1051,7,0.006660323501427212,0.006660323501427212,0.0,0.0,0.5,False
gear,018f,mean_shift,positive,1.0,global_D_bus_idpop,1051,11,0.010466222645099905,0.009514747859181731,0.0009514747859181733,0.21931617774764078,0.4132018803174007,False
gear,018f,mean_shift,positive,1.0,global_E_all,1051,3,0.0028544243577545195,0.0028544243577545195,0.0,0.0,0.5,False
gear,018f,mean_shift,positive,1.5,pird,1051,1051,1.0,0.003805899143672693,0.9961941008563273,45.67341309237913,0.0,True
gear,018f,mean_shift,positive,1.5,global,1051,3,0.0028544243577545195,0.0028544243577545195,0.0,0.0,0.5,False
gear,018f,mean_shift,positive,1.5,or,1051,1051,1.0,0.006660323501427212,0.9933396764985728,45.54322403166565,0.0,True
gear,018f,mean_shift,positive,1.5,max,1051,1051,1.0,0.003805899143672693,0.9961941008563273,45.67341309237913,0.0,True
gear,018f,mean_shift,positive,1.5,weighted_0.25,1051,45,0.04281636536631779,0.0019029495718363464,0.04091341579448145,6.343514973806908,1.1229056618369073e-10,True
gear,018f,mean_shift,positive,1.5,weighted_0.5,1051,428,0.4072312083729781,0.005708848715509039,0.4015223596574691,22.73976220730145,9.060414733184497e-115,True
gear,018f,mean_shift,positive,1.5,weighted_0.75,1051,1051,1.0,0.006660323501427212,0.9933396764985728,45.54322403166565,0.0,True
gear,018f,mean_shift,positive,1.5,global_A_bus,1051,19,0.01807802093244529,0.01807802093244529,0.0,0.0,0.5,False
gear,018f,mean_shift,positive,1.5,global_B_id_population,1051,6,0.005708848715509039,0.005708848715509039,0.0,0.0,0.5,False
gear,018f,mean_shift,positive,1.5,global_C_cross_id,1051,7,0.006660323501427212,0.006660323501427212,0.0,0.0,0.5,False
gear,018f,mean_shift,positive,1.5,global_D_bus_idpop,1051,10,0.009514747859181731,0.009514747859181731,0.0,0.0,0.5,False
gear,018f,mean_shift,positive,1.5,global_E_all,1051,3,0.0028544243577545195,0.0028544243577545195,0.0,0.0,0.5,False
gear,018f,mean_shift,positive,2.0,pird,1051,1051,1.0,0.003805899143672693,0.9961941008563273,45.67341309237913,0.0,True
gear,018f,mean_shift,positive,2.0,global,1051,3,0.0028544243577545195,0.0028544243577545195,0.0,0.0,0.5,False
gear,018f,mean_shift,positive,2.0,or,1051,1051,1.0,0.006660323501427212,0.9933396764985728,45.54322403166565,0.0,True
gear,018f,mean_shift,positive,2.0,max,1051,1051,1.0,0.003805899143672693,0.9961941008563273,45.67341309237913,0.0,True
gear,018f,mean_shift,positive,2.0,weighted_0.25,1051,71,0.0675547098001903,0.0019029495718363464,0.06565176022835395,8.219832977548332,1.0189339543504247e-16,True
gear,018f,mean_shift,positive,2.0,weighted_0.5,1051,879,0.8363463368220743,0.005708848715509039,0.8306374881065652,38.56680616366304,0.0,True
gear,018f,mean_shift,positive,2.0,weighted_0.75,1051,1051,1.0,0.006660323501427212,0.9933396764985728,45.54322403166565,0.0,True
gear,018f,mean_shift,positive,3.0,pird,1051,1051,1.0,0.003805899143672693,0.9961941008563273,45.67341309237913,0.0,True
gear,018f,mean_shift,positive,3.0,global,1051,3,0.0028544243577545195,0.0028544243577545195,0.0,0.0,0.5,False
gear,018f,mean_shift,positive,3.0,or,1051,1051,1.0,0.006660323501427212,0.9933396764985728,45.54322403166565,0.0,True
gear,018f,mean_shift,positive,3.0,max,1051,1051,1.0,0.003805899143672693,0.9961941008563273,45.67341309237913,0.0,True
gear,018f,mean_shift,positive,3.0,weighted_0.25,1051,127,0.120837297811608,0.0019029495718363464,0.11893434823977166,11.359729005156787,3.317506754424262e-30,True
gear,018f,mean_shift,positive,3.0,weighted_0.5,1051,1034,0.9838249286393911,0.005708848715509039,0.978116079923882,44.84670527228858,0.0,True
gear,018f,mean_shift,positive,3.0,weighted_0.75,1051,1051,1.0,0.006660323501427212,0.9933396764985728,45.54322403166565,0.0,True
gear,018f,mean_shift,negative,0.25,pird,1051,0,0.0,0.003805899143672693,-0.003805899143672693,-2.0019056697986954,0.9773525611204996,False
gear,018f,mean_shift,negative,0.25,global,1051,3,0.0028544243577545195,0.0028544243577545195,0.0,0.0,0.5,False
gear,018f,mean_shift,negative,0.25,or,1051,3,0.0028544243577545195,0.006660323501427212,-0.003805899143672693,-1.267930669853997,0.8975886448296979,False
gear,018f,mean_shift,negative,0.25,max,1051,0,0.0,0.003805899143672693,-0.003805899143672693,-2.0019056697986954,0.9773525611204996,False
gear,018f,mean_shift,negative,0.25,weighted_0.25,1051,0,0.0,0.0019029495718363464,-0.0019029495718363464,-1.4148868371374306,0.9214491610378421,False
gear,018f,mean_shift,negative,0.25,weighted_0.5,1051,0,0.0,0.005708848715509039,-0.005708848715509039,-2.45299318639883,0.9929163488926165,False
gear,018f,mean_shift,negative,0.25,weighted_0.75,1051,0,0.0,0.006660323501427212,-0.006660323501427212,-2.6501677345933623,0.9959774091085623,False
gear,018f,mean_shift,negative,0.5,pird,1051,0,0.0,0.003805899143672693,-0.003805899143672693,-2.0019056697986954,0.9773525611204996,False
gear,018f,mean_shift,negative,0.5,global,1051,3,0.0028544243577545195,0.0028544243577545195,0.0,0.0,0.5,False
gear,018f,mean_shift,negative,0.5,or,1051,3,0.0028544243577545195,0.006660323501427212,-0.003805899143672693,-1.267930669853997,0.8975886448296979,False
gear,018f,mean_shift,negative,0.5,max,1051,0,0.0,0.003805899143672693,-0.003805899143672693,-2.0019056697986954,0.9773525611204996,False
gear,018f,mean_shift,negative,0.5,weighted_0.25,1051,0,0.0,0.0019029495718363464,-0.0019029495718363464,-1.4148868371374306,0.9214491610378421,False
gear,018f,mean_shift,negative,0.5,weighted_0.5,1051,0,0.0,0.005708848715509039,-0.005708848715509039,-2.45299318639883,0.9929163488926165,False
gear,018f,mean_shift,negative,0.5,weighted_0.75,1051,0,0.0,0.006660323501427212,-0.006660323501427212,-2.6501677345933623,0.9959774091085623,False
gear,018f,mean_shift,negative,0.5,global_A_bus,1051,19,0.01807802093244529,0.01807802093244529,0.0,0.0,0.5,False
gear,018f,mean_shift,negative,0.5,global_B_id_population,1051,6,0.005708848715509039,0.005708848715509039,0.0,0.0,0.5,False
gear,018f,mean_shift,negative,0.5,global_C_cross_id,1051,8,0.007611798287345386,0.006660323501427212,0.0009514747859181733,0.2591251113861843,0.3977693551241149,False
gear,018f,mean_shift,negative,0.5,global_D_bus_idpop,1051,11,0.010466222645099905,0.009514747859181731,0.0009514747859181733,0.21931617774764078,0.4132018803174007,False
gear,018f,mean_shift,negative,0.5,global_E_all,1051,3,0.0028544243577545195,0.0028544243577545195,0.0,0.0,0.5,False
gear,018f,mean_shift,negative,0.75,pird,1051,0,0.0,0.003805899143672693,-0.003805899143672693,-2.0019056697986954,0.9773525611204996,False
gear,018f,mean_shift,negative,0.75,global,1051,3,0.0028544243577545195,0.0028544243577545195,0.0,0.0,0.5,False
gear,018f,mean_shift,negative,0.75,or,1051,3,0.0028544243577545195,0.006660323501427212,-0.003805899143672693,-1.267930669853997,0.8975886448296979,False
gear,018f,mean_shift,negative,0.75,max,1051,0,0.0,0.003805899143672693,-0.003805899143672693,-2.0019056697986954,0.9773525611204996,False
gear,018f,mean_shift,negative,0.75,weighted_0.25,1051,0,0.0,0.0019029495718363464,-0.0019029495718363464,-1.4148868371374306,0.9214491610378421,False
gear,018f,mean_shift,negative,0.75,weighted_0.5,1051,0,0.0,0.005708848715509039,-0.005708848715509039,-2.45299318639883,0.9929163488926165,False
gear,018f,mean_shift,negative,0.75,weighted_0.75,1051,0,0.0,0.006660323501427212,-0.006660323501427212,-2.6501677345933623,0.9959774091085623,False
gear,018f,mean_shift,negative,1.0,pird,1051,0,0.0,0.003805899143672693,-0.003805899143672693,-2.0019056697986954,0.9773525611204996,False
gear,018f,mean_shift,negative,1.0,global,1051,3,0.0028544243577545195,0.0028544243577545195,0.0,0.0,0.5,False
gear,018f,mean_shift,negative,1.0,or,1051,3,0.0028544243577545195,0.006660323501427212,-0.003805899143672693,-1.267930669853997,0.8975886448296979,False
gear,018f,mean_shift,negative,1.0,max,1051,0,0.0,0.003805899143672693,-0.003805899143672693,-2.0019056697986954,0.9773525611204996,False
gear,018f,mean_shift,negative,1.0,weighted_0.25,1051,5,0.004757373929590866,0.0019029495718363464,0.002854424357754519,1.1357861719685838,0.12802303284825398,False
gear,018f,mean_shift,negative,1.0,weighted_0.5,1051,0,0.0,0.005708848715509039,-0.005708848715509039,-2.45299318639883,0.9929163488926165,False
gear,018f,mean_shift,negative,1.0,weighted_0.75,1051,0,0.0,0.006660323501427212,-0.006660323501427212,-2.6501677345933623,0.9959774091085623,False
gear,018f,mean_shift,negative,1.0,global_A_bus,1051,19,0.01807802093244529,0.01807802093244529,0.0,0.0,0.5,False
gear,018f,mean_shift,negative,1.0,global_B_id_population,1051,6,0.005708848715509039,0.005708848715509039,0.0,0.0,0.5,False
gear,018f,mean_shift,negative,1.0,global_C_cross_id,1051,6,0.005708848715509039,0.006660323501427212,-0.0009514747859181733,-0.27821174465625237,0.6095750901505035,False
gear,018f,mean_shift,negative,1.0,global_D_bus_idpop,1051,11,0.010466222645099905,0.009514747859181731,0.0009514747859181733,0.21931617774764078,0.4132018803174007,False
gear,018f,mean_shift,negative,1.0,global_E_all,1051,3,0.0028544243577545195,0.0028544243577545195,0.0,0.0,0.5,False
gear,018f,mean_shift,negative,1.5,pird,1051,0,0.0,0.003805899143672693,-0.003805899143672693,-2.0019056697986954,0.9773525611204996,False
gear,018f,mean_shift,negative,1.5,global,1051,3,0.0028544243577545195,0.0028544243577545195,0.0,0.0,0.5,False
gear,018f,mean_shift,negative,1.5,or,1051,3,0.0028544243577545195,0.006660323501427212,-0.003805899143672693,-1.267930669853997,0.8975886448296979,False
gear,018f,mean_shift,negative,1.5,max,1051,0,0.0,0.003805899143672693,-0.003805899143672693,-2.0019056697986954,0.9773525611204996,False
gear,018f,mean_shift,negative,1.5,weighted_0.25,1051,21,0.019980970504281638,0.0019029495718363464,0.01807802093244529,3.983628163816776,3.3935520527119745e-05,True
gear,018f,mean_shift,negative,1.5,weighted_0.5,1051,60,0.05708848715509039,0.005708848715509039,0.051379638439581356,6.75381656703163,7.20028986363041e-12,True
gear,018f,mean_shift,negative,1.5,weighted_0.75,1051,119,0.11322549952426261,0.006660323501427212,0.1065651760228354,10.290953973913565,3.8702817935910753e-25,True
gear,018f,mean_shift,negative,1.5,global_A_bus,1051,20,0.019029495718363463,0.01807802093244529,0.0009514747859181716,0.16163463928049213,0.43579678888747025,False
gear,018f,mean_shift,negative,1.5,global_B_id_population,1051,6,0.005708848715509039,0.005708848715509039,0.0,0.0,0.5,False
gear,018f,mean_shift,negative,1.5,global_C_cross_id,1051,6,0.005708848715509039,0.006660323501427212,-0.0009514747859181733,-0.27821174465625237,0.6095750901505035,False
gear,018f,mean_shift,negative,1.5,global_D_bus_idpop,1051,11,0.010466222645099905,0.009514747859181731,0.0009514747859181733,0.21931617774764078,0.4132018803174007,False
gear,018f,mean_shift,negative,1.5,global_E_all,1051,3,0.0028544243577545195,0.0028544243577545195,0.0,0.0,0.5,False
gear,018f,mean_shift,negative,2.0,pird,1051,1051,1.0,0.003805899143672693,0.9961941008563273,45.67341309237913,0.0,True
gear,018f,mean_shift,negative,2.0,global,1051,3,0.0028544243577545195,0.0028544243577545195,0.0,0.0,0.5,False
gear,018f,mean_shift,negative,2.0,or,1051,1051,1.0,0.006660323501427212,0.9933396764985728,45.54322403166565,0.0,True
gear,018f,mean_shift,negative,2.0,max,1051,1051,1.0,0.003805899143672693,0.9961941008563273,45.67341309237913,0.0,True
gear,018f,mean_shift,negative,2.0,weighted_0.25,1051,39,0.037107516650808754,0.0019029495718363464,0.03520456707897241,5.8356220373078385,2.6795127410652926e-09,True
gear,018f,mean_shift,negative,2.0,weighted_0.5,1051,294,0.2797335870599429,0.005708848715509039,0.27402473834443386,17.958531588795033,2.057758813568269e-72,True
gear,018f,mean_shift,negative,2.0,weighted_0.75,1051,1029,0.9790675547098002,0.006660323501427212,0.972407231208373,44.58705332575384,0.0,True
gear,018f,mean_shift,negative,3.0,pird,1051,1051,1.0,0.003805899143672693,0.9961941008563273,45.67341309237913,0.0,True
gear,018f,mean_shift,negative,3.0,global,1051,3,0.0028544243577545195,0.0028544243577545195,0.0,0.0,0.5,False
gear,018f,mean_shift,negative,3.0,or,1051,1051,1.0,0.006660323501427212,0.9933396764985728,45.54322403166565,0.0,True
gear,018f,mean_shift,negative,3.0,max,1051,1051,1.0,0.003805899143672693,0.9961941008563273,45.67341309237913,0.0,True
gear,018f,mean_shift,negative,3.0,weighted_0.25,1051,54,0.05137963843958135,0.0019029495718363464,0.049476688867745006,7.043246226972974,9.390595300674126e-13,True
gear,018f,mean_shift,negative,3.0,weighted_0.5,1051,750,0.7136060894386299,0.005708848715509039,0.7078972407231209,33.81472529930042,5.99141285934556e-251,True
gear,018f,mean_shift,negative,3.0,weighted_0.75,1051,1051,1.0,0.006660323501427212,0.9933396764985728,45.54322403166565,0.0,True
gear,0260,additive,positive,0.25,pird,1043,37,0.03547459252157239,0.016299137104506232,0.019175455417066157,2.757581875685325,0.0029115314255984057,True
gear,0260,additive,positive,0.25,global,1043,4,0.003835091083413231,0.003835091083413231,0.0,0.0,0.5,False
gear,0260,additive,positive,0.25,or,1043,40,0.038350910834132314,0.020134228187919462,0.018216682646212852,2.4690695396897024,0.00677324453375991,True
gear,0260,additive,positive,0.25,max,1043,37,0.03547459252157239,0.016299137104506232,0.019175455417066157,2.757581875685325,0.0029115314255984057,True
gear,0260,additive,positive,0.25,weighted_0.25,1043,3,0.0028763183125599234,0.0028763183125599234,0.0,0.0,0.5,False
gear,0260,additive,positive,0.25,weighted_0.5,1043,20,0.019175455417066157,0.009587727708533078,0.009587727708533078,1.839013720892004,0.032956583986522354,True
gear,0260,additive,positive,0.25,weighted_0.75,1043,33,0.031639501438159155,0.009587727708533078,0.02205177372962608,3.544186581311384,0.0001969132174667274,True
gear,0260,additive,positive,0.5,pird,1043,72,0.06903163950143816,0.016299137104506232,0.05273250239693193,5.958484388095783,1.272939818175726e-09,True
gear,0260,additive,positive,0.5,global,1043,4,0.003835091083413231,0.003835091083413231,0.0,0.0,0.5,False
gear,0260,additive,positive,0.5,or,1043,75,0.07190795781399809,0.020134228187919462,0.051773729626078624,5.642723334806149,8.369060032613023e-09,True
gear,0260,additive,positive,0.5,max,1043,72,0.06903163950143816,0.016299137104506232,0.05273250239693193,5.958484388095783,1.272939818175726e-09,True
gear,0260,additive,positive,0.5,weighted_0.25,1043,11,0.010546500479386385,0.0028763183125599234,0.007670182166826462,2.1453010516747066,0.01596439223773105,True
gear,0260,additive,positive,0.5,weighted_0.5,1043,31,0.029721955896452542,0.009587727708533078,0.020134228187919462,3.3123625228431743,0.0004625579082240941,True
gear,0260,additive,positive,0.5,weighted_0.75,1043,51,0.0488974113135187,0.009587727708533078,0.03930968360498562,5.327992164593568,4.965220347422726e-08,True
gear,0260,additive,positive,0.5,global_A_bus,1043,16,0.015340364333652923,0.015340364333652923,0.0,0.0,0.5,False
gear,0260,additive,positive,0.5,global_B_id_population,1043,6,0.005752636625119847,0.005752636625119847,0.0,0.0,0.5,False
gear,0260,additive,positive,0.5,global_C_cross_id,1043,7,0.006711409395973154,0.005752636625119847,0.0009587727708533075,0.27821838471012,0.3904223614137665,False
gear,0260,additive,positive,0.5,global_D_bus_idpop,1043,11,0.010546500479386385,0.010546500479386385,0.0,0.0,0.5,False
gear,0260,additive,positive,0.5,global_E_all,1043,4,0.003835091083413231,0.003835091083413231,0.0,0.0,0.5,False
gear,0260,additive,positive,0.75,pird,1043,172,0.16490891658676893,0.016299137104506232,0.1486097794822627,11.822907252727527,1.4860879910492148e-32,True
gear,0260,additive,positive,0.75,global,1043,4,0.003835091083413231,0.003835091083413231,0.0,0.0,0.5,False
gear,0260,additive,positive,0.75,or,1043,175,0.16778523489932887,0.020134228187919462,0.1476510067114094,11.556303394604528,3.4299358469573355e-31,True
gear,0260,additive,positive,0.75,max,1043,171,0.16395014381591563,0.016299137104506232,0.1476510067114094,11.774726932574863,2.634371864169465e-32,True
gear,0260,additive,positive,0.75,weighted_0.25,1043,18,0.01725790987535954,0.0028763183125599234,0.014381591562799617,3.2898699901452204,0.0005011684163315072,True
gear,0260,additive,positive,0.75,weighted_0.5,1043,51,0.0488974113135187,0.009587727708533078,0.03930968360498562,5.327992164593568,4.965220347422726e-08,True
gear,0260,additive,positive,0.75,weighted_0.75,1043,127,0.12176414189837009,0.009587727708533078,0.11217641418983701,10.341339849182896,2.290437378724681e-25,True
gear,0260,additive,positive,1.0,pird,1043,321,0.3077660594439118,0.016299137104506232,0.2914669223394055,18.06349034822967,3.089462275390029e-73,True
gear,0260,additive,positive,1.0,global,1043,4,0.003835091083413231,0.003835091083413231,0.0,0.0,0.5,False
gear,0260,additive,positive,1.0,or,1043,323,0.3096836049856184,0.020134228187919462,0.289549376797699,17.818075645835517,2.5583293301751616e-71,True
gear,0260,additive,positive,1.0,max,1043,318,0.30488974113135187,0.016299137104506232,0.2885906040268456,17.949740364811547,2.410762105413209e-72,True
gear,0260,additive,positive,1.0,weighted_0.25,1043,25,0.023969319271332695,0.0028763183125599234,0.02109300095877277,4.185796706950121,1.4208379935625951e-05,True
gear,0260,additive,positive,1.0,weighted_0.5,1043,77,0.0738255033557047,0.009587727708533078,0.06423777564717162,7.337801030338108,1.0856581642939136e-13,True
gear,0260,additive,positive,1.0,weighted_0.75,1043,225,0.21572387344199426,0.009587727708533078,0.20613614573346117,14.888758015155553,1.9497296829465243e-50,True
gear,0260,additive,positive,1.0,global_A_bus,1043,16,0.015340364333652923,0.015340364333652923,0.0,0.0,0.5,False
gear,0260,additive,positive,1.0,global_B_id_population,1043,6,0.005752636625119847,0.005752636625119847,0.0,0.0,0.5,False
gear,0260,additive,positive,1.0,global_C_cross_id,1043,7,0.006711409395973154,0.005752636625119847,0.0009587727708533075,0.27821838471012,0.3904223614137665,False
gear,0260,additive,positive,1.0,global_D_bus_idpop,1043,11,0.010546500479386385,0.010546500479386385,0.0,0.0,0.5,False
gear,0260,additive,positive,1.0,global_E_all,1043,4,0.003835091083413231,0.003835091083413231,0.0,0.0,0.5,False
gear,0260,additive,positive,1.5,pird,1043,610,0.5848513902205177,0.016299137104506232,0.5685522531160114,28.317207881220853,1.0609808791618684e-176,True
gear,0260,additive,positive,1.5,global,1043,4,0.003835091083413231,0.003835091083413231,0.0,0.0,0.5,False
gear,0260,additive,positive,1.5,or,1043,612,0.5867689357622243,0.020134228187919462,0.5666347075743049,28.14556497188601,1.3577184362203548e-174,True
gear,0260,additive,positive,1.5,max,1043,610,0.5848513902205177,0.016299137104506232,0.5685522531160114,28.317207881220853,1.0609808791618684e-176,True
gear,0260,additive,positive,1.5,weighted_0.25,1043,44,0.04218600191754554,0.0028763183125599234,0.039309683604985615,6.048998362037681,7.287457061307076e-10,True
gear,0260,additive,positive,1.5,weighted_0.5,1043,183,0.17545541706615533,0.009587727708533078,0.16586768935762225,13.072218357863202,2.3730492531152098e-39,True
gear,0260,additive,positive,1.5,weighted_0.75,1043,563,0.5397890699904123,0.009587727708533078,0.5302013422818792,27.125984443531618,2.4314407170861013e-162,True
gear,0260,additive,positive,1.5,global_A_bus,1043,16,0.015340364333652923,0.015340364333652923,0.0,0.0,0.5,False
gear,0260,additive,positive,1.5,global_B_id_population,1043,6,0.005752636625119847,0.005752636625119847,0.0,0.0,0.5,False
gear,0260,additive,positive,1.5,global_C_cross_id,1043,7,0.006711409395973154,0.005752636625119847,0.0009587727708533075,0.27821838471012,0.3904223614137665,False
gear,0260,additive,positive,1.5,global_D_bus_idpop,1043,11,0.010546500479386385,0.010546500479386385,0.0,0.0,0.5,False
gear,0260,additive,positive,1.5,global_E_all,1043,4,0.003835091083413231,0.003835091083413231,0.0,0.0,0.5,False
gear,0260,additive,positive,2.0,pird,1043,997,0.9558964525407478,0.016299137104506232,0.9395973154362416,42.93059004760814,0.0,True
gear,0260,additive,positive,2.0,global,1043,4,0.003835091083413231,0.003835091083413231,0.0,0.0,0.5,False
gear,0260,additive,positive,2.0,or,1043,997,0.9558964525407478,0.020134228187919462,0.9357622243528284,42.75111581073896,0.0,True
gear,0260,additive,positive,2.0,max,1043,996,0.9549376797698945,0.016299137104506232,0.9386385426653883,42.887947262629176,0.0,True
gear,0260,additive,positive,2.0,weighted_0.25,1043,56,0.053691275167785234,0.0028763183125599234,0.05081495685522531,6.999711515632833,1.282450430450726e-12,True
gear,0260,additive,positive,2.0,weighted_0.5,1043,537,0.5148609779482263,0.009587727708533078,0.5052732502396932,26.233412858126066,5.52641193974201e-152,True
gear,0260,additive,positive,2.0,weighted_0.75,1043,951,0.9117929050814957,0.009587727708533078,0.9022051773729626,41.33413184418844,0.0,True
gear,0260,additive,positive,3.0,pird,1043,1043,1.0,0.016299137104506232,0.9837008628954937,44.93429164944893,0.0,True
gear,0260,additive,positive,3.0,global,1043,4,0.003835091083413231,0.003835091083413231,0.0,0.0,0.5,False
gear,0260,additive,positive,3.0,or,1043,1043,1.0,0.020134228187919462,0.9798657718120806,44.76223737411751,0.0,True
gear,0260,additive,positive,3.0,max,1043,1043,1.0,0.016299137104506232,0.9837008628954937,44.93429164944893,0.0,True
gear,0260,additive,positive,3.0,weighted_0.25,1043,105,0.10067114093959731,0.0028763183125599234,0.09779482262703738,10.079344808875472,3.408961122051297e-24,True
gear,0260,additive,positive,3.0,weighted_0.5,1043,1000,0.9587727708533078,0.009587727708533078,0.9491850431447747,43.37360540180993,0.0,True
gear,0260,additive,positive,3.0,weighted_0.75,1043,1043,1.0,0.009587727708533078,0.9904122722914669,45.2369303450901,0.0,True
gear,0260,additive,negative,0.25,pird,1043,21,0.020134228187919462,0.016299137104506232,0.00383509108341323,0.6548779516665278,0.256273168445811,False
gear,0260,additive,negative,0.25,global,1043,4,0.003835091083413231,0.003835091083413231,0.0,0.0,0.5,False
gear,0260,additive,negative,0.25,or,1043,25,0.023969319271332695,0.020134228187919462,0.0038350910834132335,0.5963801004488867,0.27546066559058113,False
gear,0260,additive,negative,0.25,max,1043,21,0.020134228187919462,0.016299137104506232,0.00383509108341323,0.6548779516665278,0.256273168445811,False
gear,0260,additive,negative,0.25,weighted_0.25,1043,6,0.005752636625119847,0.0028763183125599234,0.0028763183125599234,1.0021642444457148,0.15813213682432273,False
gear,0260,additive,negative,0.25,weighted_0.5,1043,14,0.013422818791946308,0.009587727708533078,0.00383509108341323,0.8212345118811604,0.2057563509483306,False
gear,0260,additive,negative,0.25,weighted_0.75,1043,22,0.02109300095877277,0.009587727708533078,0.011505273250239692,2.137780884020107,0.016267265599405136,True
gear,0260,additive,negative,0.5,pird,1043,144,0.13806327900287632,0.016299137104506232,0.12176414189837009,10.419156660800517,1.0137146105106361e-25,True
gear,0260,additive,negative,0.5,global,1043,4,0.003835091083413231,0.003835091083413231,0.0,0.0,0.5,False
gear,0260,additive,negative,0.5,or,1043,148,0.14189837008628955,0.020134228187919462,0.12176414189837009,10.190757430672182,1.0902928982824426e-24,True
gear,0260,additive,negative,0.5,max,1043,144,0.13806327900287632,0.016299137104506232,0.12176414189837009,10.419156660800517,1.0137146105106361e-25,True
gear,0260,additive,negative,0.5,weighted_0.25,1043,12,0.011505273250239693,0.0028763183125599234,0.00862895493767977,2.332190288188056,0.009845341431004214,True
gear,0260,additive,negative,0.5,weighted_0.5,1043,29,0.027804410354745925,0.009587727708533078,0.018216682646212845,3.0712808238280283,0.0010657129132057308,True
gear,0260,additive,negative,0.5,weighted_0.75,1043,124,0.11888782358581017,0.009587727708533078,0.10930009587727708,10.18051381375771,1.2113934419114525e-24,True
gear,0260,additive,negative,0.5,global_A_bus,1043,18,0.01725790987535954,0.015340364333652923,0.0019175455417066167,0.34582709055584554,0.3647363322912982,False
gear,0260,additive,negative,0.5,global_B_id_population,1043,6,0.005752636625119847,0.005752636625119847,0.0,0.0,0.5,False
gear,0260,additive,negative,0.5,global_C_cross_id,1043,7,0.006711409395973154,0.005752636625119847,0.0009587727708533075,0.27821838471012,0.3904223614137665,False
gear,0260,additive,negative,0.5,global_D_bus_idpop,1043,11,0.010546500479386385,0.010546500479386385,0.0,0.0,0.5,False
gear,0260,additive,negative,0.5,global_E_all,1043,4,0.003835091083413231,0.003835091083413231,0.0,0.0,0.5,False
gear,0260,additive,negative,0.75,pird,1043,364,0.348993288590604,0.016299137104506232,0.33269415148609777,19.663550928161715,2.2131690021952455e-86,True
gear,0260,additive,negative,0.75,global,1043,4,0.003835091083413231,0.003835091083413231,0.0,0.0,0.5,False
gear,0260,additive,negative,0.75,or,1043,366,0.35091083413231067,0.020134228187919462,0.3307766059443912,19.432294120333427,2.057753106288483e-84,True
gear,0260,additive,negative,0.75,max,1043,364,0.348993288590604,0.016299137104506232,0.33269415148609777,19.663550928161715,2.2131690021952455e-86,True
gear,0260,additive,negative,0.75,weighted_0.25,1043,15,0.014381591562799617,0.0028763183125599234,0.011505273250239693,2.8407098576173544,0.002250662270520966,True
gear,0260,additive,negative,0.75,weighted_0.5,1043,80,0.07670182166826463,0.009587727708533078,0.06711409395973154,7.543166063668738,2.2934821710489243e-14,True
gear,0260,additive,negative,0.75,weighted_0.75,1043,347,0.3326941514860978,0.009587727708533078,0.32310642377756477,19.590947835022863,9.235960194639703e-86,True
gear,0260,additive,negative,1.0,pird,1043,494,0.473633748801534,0.016299137104506232,0.45733461169702777,24.28425597095003,1.437726016968333e-130,True
gear,0260,additive,negative,1.0,global,1043,4,0.003835091083413231,0.003835091083413231,0.0,0.0,0.5,False
gear,0260,additive,negative,1.0,or,1043,496,0.47555129434324067,0.020134228187919462,0.4554170661553212,24.08762704874059,1.684806134248643e-128,True
gear,0260,additive,negative,1.0,max,1043,493,0.4726749760306807,0.016299137104506232,0.45637583892617445,24.249395129128388,3.3550155438789164e-130,True
gear,0260,additive,negative,1.0,weighted_0.25,1043,17,0.016299137104506232,0.0028763183125599234,0.013422818791946308,3.1456111191120733,0.000828701104859122,True
gear,0260,additive,negative,1.0,weighted_0.5,1043,150,0.14381591562799617,0.009587727708533078,0.1342281879194631,11.518529926681563,5.3205482659209926e-31,True
gear,0260,additive,negative,1.0,weighted_0.75,1043,458,0.439117929050815,0.009587727708533078,0.4295302013422819,23.513808713958998,1.4732256232407203e-122,True
gear,0260,additive,negative,1.0,global_A_bus,1043,18,0.01725790987535954,0.015340364333652923,0.0019175455417066167,0.34582709055584554,0.3647363322912982,False
gear,0260,additive,negative,1.0,global_B_id_population,1043,6,0.005752636625119847,0.005752636625119847,0.0,0.0,0.5,False
gear,0260,additive,negative,1.0,global_C_cross_id,1043,6,0.005752636625119847,0.005752636625119847,0.0,0.0,0.5,False
gear,0260,additive,negative,1.0,global_D_bus_idpop,1043,11,0.010546500479386385,0.010546500479386385,0.0,0.0,0.5,False
gear,0260,additive,negative,1.0,global_E_all,1043,4,0.003835091083413231,0.003835091083413231,0.0,0.0,0.5,False
gear,0260,additive,negative,1.5,pird,1043,810,0.7766059443911792,0.016299137104506232,0.760306807286673,35.49479886424219,2.9564688340446187e-276,True
gear,0260,additive,negative,1.5,global,1043,4,0.003835091083413231,0.003835091083413231,0.0,0.0,0.5,False
gear,0260,additive,negative,1.5,or,1043,810,0.7766059443911792,0.020134228187919462,0.7564717162032598,35.286759740801074,4.68692177850045e-273,True
gear,0260,additive,negative,1.5,max,1043,809,0.775647171620326,0.016299137104506232,0.7593480345158198,35.45741230218402,1.1149307647897144e-275,True
gear,0260,additive,negative,1.5,weighted_0.25,1043,24,0.023010546500479387,0.0028763183125599234,0.020134228187919462,4.067863686864017,2.3723060808846273e-05,True
gear,0260,additive,negative,1.5,weighted_0.5,1043,418,0.40076701821668265,0.009587727708533078,0.3911792905081496,22.120919102702295,9.941805557891287e-109,True
gear,0260,additive,negative,1.5,weighted_0.75,1043,731,0.700862895493768,0.009587727708533078,0.6912751677852349,32.98543156947459,6.570354582956306e-239,True
gear,0260,additive,negative,1.5,global_A_bus,1043,18,0.01725790987535954,0.015340364333652923,0.0019175455417066167,0.34582709055584554,0.3647363322912982,False
gear,0260,additive,negative,1.5,global_B_id_population,1043,6,0.005752636625119847,0.005752636625119847,0.0,0.0,0.5,False
gear,0260,additive,negative,1.5,global_C_cross_id,1043,6,0.005752636625119847,0.005752636625119847,0.0,0.0,0.5,False
gear,0260,additive,negative,1.5,global_D_bus_idpop,1043,11,0.010546500479386385,0.010546500479386385,0.0,0.0,0.5,False
gear,0260,additive,negative,1.5,global_E_all,1043,4,0.003835091083413231,0.003835091083413231,0.0,0.0,0.5,False
gear,0260,additive,negative,2.0,pird,1043,1019,0.9769894534995206,0.016299137104506232,0.9606903163950143,43.87835589251397,0.0,True
gear,0260,additive,negative,2.0,global,1043,4,0.003835091083413231,0.003835091083413231,0.0,0.0,0.5,False
gear,0260,additive,negative,2.0,or,1043,1019,0.9769894534995206,0.020134228187919462,0.9568552253116012,43.702389302078195,0.0,True
gear,0260,additive,negative,2.0,max,1043,1019,0.9769894534995206,0.016299137104506232,0.9606903163950143,43.87835589251397,0.0,True
gear,0260,additive,negative,2.0,weighted_0.25,1043,37,0.03547459252157239,0.0028763183125599234,0.032598274209012464,5.428167728394686,2.8467760916954568e-08,True
gear,0260,additive,negative,2.0,weighted_0.5,1043,598,0.573346116970278,0.009587727708533078,0.5637583892617449,28.329928044707483,7.396822579932997e-177,True
gear,0260,additive,negative,2.0,weighted_0.75,1043,975,0.9348034515819751,0.009587727708533078,0.925215723873442,42.32263418973809,0.0,True
gear,0260,additive,negative,3.0,pird,1043,1043,1.0,0.016299137104506232,0.9837008628954937,44.93429164944893,0.0,True
gear,0260,additive,negative,3.0,global,1043,4,0.003835091083413231,0.003835091083413231,0.0,0.0,0.5,False
gear,0260,additive,negative,3.0,or,1043,1043,1.0,0.020134228187919462,0.9798657718120806,44.76223737411751,0.0,True
gear,0260,additive,negative,3.0,max,1043,1043,1.0,0.016299137104506232,0.9837008628954937,44.93429164944893,0.0,True
gear,0260,additive,negative,3.0,weighted_0.25,1043,63,0.06040268456375839,0.0028763183125599234,0.05752636625119847,7.505173733050844,3.067359198103823e-14,True
gear,0260,additive,negative,3.0,weighted_0.5,1043,805,0.7718120805369127,0.009587727708533078,0.7622243528283796,35.675716249050346,4.705269598325475e-279,True
gear,0260,additive,negative,3.0,weighted_0.75,1043,1043,1.0,0.009587727708533078,0.9904122722914669,45.2369303450901,0.0,True
gear,0260,mean_shift,positive,0.25,pird,1043,0,0.0,0.016299137104506232,-0.016299137104506232,-4.140009783239235,0.9999826354494981,False
gear,0260,mean_shift,positive,0.25,global,1043,4,0.003835091083413231,0.003835091083413231,0.0,0.0,0.5,False
gear,0260,mean_shift,positive,0.25,or,1043,4,0.003835091083413231,0.020134228187919462,-0.016299137104506232,-3.4205589006220807,0.9996875369923391,False
gear,0260,mean_shift,positive,0.25,max,1043,0,0.0,0.016299137104506232,-0.016299137104506232,-4.140009783239235,0.9999826354494981,False
gear,0260,mean_shift,positive,0.25,weighted_0.25,1043,0,0.0,0.0028763183125599234,-0.0028763183125599234,-1.7332976349463498,0.958478609537328,False
gear,0260,mean_shift,positive,0.25,weighted_0.5,1043,0,0.0,0.009587727708533078,-0.009587727708533078,-3.169884786051392,0.9992375030360299,False
gear,0260,mean_shift,positive,0.25,weighted_0.75,1043,0,0.0,0.009587727708533078,-0.009587727708533078,-3.169884786051392,0.9992375030360299,False
gear,0260,mean_shift,positive,0.5,pird,1043,0,0.0,0.016299137104506232,-0.016299137104506232,-4.140009783239235,0.9999826354494981,False
gear,0260,mean_shift,positive,0.5,global,1043,4,0.003835091083413231,0.003835091083413231,0.0,0.0,0.5,False
gear,0260,mean_shift,positive,0.5,or,1043,4,0.003835091083413231,0.020134228187919462,-0.016299137104506232,-3.4205589006220807,0.9996875369923391,False
gear,0260,mean_shift,positive,0.5,max,1043,0,0.0,0.016299137104506232,-0.016299137104506232,-4.140009783239235,0.9999826354494981,False
gear,0260,mean_shift,positive,0.5,weighted_0.25,1043,0,0.0,0.0028763183125599234,-0.0028763183125599234,-1.7332976349463498,0.958478609537328,False
gear,0260,mean_shift,positive,0.5,weighted_0.5,1043,0,0.0,0.009587727708533078,-0.009587727708533078,-3.169884786051392,0.9992375030360299,False
gear,0260,mean_shift,positive,0.5,weighted_0.75,1043,0,0.0,0.009587727708533078,-0.009587727708533078,-3.169884786051392,0.9992375030360299,False
gear,0260,mean_shift,positive,0.5,global_A_bus,1043,17,0.016299137104506232,0.015340364333652923,0.0009587727708533084,0.17547114396227592,0.4303547213855051,False
gear,0260,mean_shift,positive,0.5,global_B_id_population,1043,6,0.005752636625119847,0.005752636625119847,0.0,0.0,0.5,False
gear,0260,mean_shift,positive,0.5,global_C_cross_id,1043,7,0.006711409395973154,0.005752636625119847,0.0009587727708533075,0.27821838471012,0.3904223614137665,False
gear,0260,mean_shift,positive,0.5,global_D_bus_idpop,1043,11,0.010546500479386385,0.010546500479386385,0.0,0.0,0.5,False
gear,0260,mean_shift,positive,0.5,global_E_all,1043,4,0.003835091083413231,0.003835091083413231,0.0,0.0,0.5,False
gear,0260,mean_shift,positive,0.75,pird,1043,0,0.0,0.016299137104506232,-0.016299137104506232,-4.140009783239235,0.9999826354494981,False
gear,0260,mean_shift,positive,0.75,global,1043,4,0.003835091083413231,0.003835091083413231,0.0,0.0,0.5,False
gear,0260,mean_shift,positive,0.75,or,1043,4,0.003835091083413231,0.020134228187919462,-0.016299137104506232,-3.4205589006220807,0.9996875369923391,False
gear,0260,mean_shift,positive,0.75,max,1043,0,0.0,0.016299137104506232,-0.016299137104506232,-4.140009783239235,0.9999826354494981,False
gear,0260,mean_shift,positive,0.75,weighted_0.25,1043,3,0.0028763183125599234,0.0028763183125599234,0.0,0.0,0.5,False
gear,0260,mean_shift,positive,0.75,weighted_0.5,1043,0,0.0,0.009587727708533078,-0.009587727708533078,-3.169884786051392,0.9992375030360299,False
gear,0260,mean_shift,positive,0.75,weighted_0.75,1043,0,0.0,0.009587727708533078,-0.009587727708533078,-3.169884786051392,0.9992375030360299,False
gear,0260,mean_shift,positive,1.0,pird,1043,0,0.0,0.016299137104506232,-0.016299137104506232,-4.140009783239235,0.9999826354494981,False
gear,0260,mean_shift,positive,1.0,global,1043,4,0.003835091083413231,0.003835091083413231,0.0,0.0,0.5,False
gear,0260,mean_shift,positive,1.0,or,1043,4,0.003835091083413231,0.020134228187919462,-0.016299137104506232,-3.4205589006220807,0.9996875369923391,False
gear,0260,mean_shift,positive,1.0,max,1043,0,0.0,0.016299137104506232,-0.016299137104506232,-4.140009783239235,0.9999826354494981,False
gear,0260,mean_shift,positive,1.0,weighted_0.25,1043,10,0.009587727708533078,0.0028763183125599234,0.006711409395973155,1.9475286929708406,0.025735691624995265,True
gear,0260,mean_shift,positive,1.0,weighted_0.5,1043,25,0.023969319271332695,0.009587727708533078,0.014381591562799617,2.557004891015413,0.005278886652258909,True
gear,0260,mean_shift,positive,1.0,weighted_0.75,1043,0,0.0,0.009587727708533078,-0.009587727708533078,-3.169884786051392,0.9992375030360299,False
gear,0260,mean_shift,positive,1.0,global_A_bus,1043,17,0.016299137104506232,0.015340364333652923,0.0009587727708533084,0.17547114396227592,0.4303547213855051,False
gear,0260,mean_shift,positive,1.0,global_B_id_population,1043,6,0.005752636625119847,0.005752636625119847,0.0,0.0,0.5,False
gear,0260,mean_shift,positive,1.0,global_C_cross_id,1043,7,0.006711409395973154,0.005752636625119847,0.0009587727708533075,0.27821838471012,0.3904223614137665,False
gear,0260,mean_shift,positive,1.0,global_D_bus_idpop,1043,10,0.009587727708533078,0.010546500479386385,-0.0009587727708533066,-0.2193246660096811,0.5868014255371926,False
gear,0260,mean_shift,positive,1.0,global_E_all,1043,4,0.003835091083413231,0.003835091083413231,0.0,0.0,0.5,False
gear,0260,mean_shift,positive,1.5,pird,1043,1043,1.0,0.016299137104506232,0.9837008628954937,44.93429164944893,0.0,True
gear,0260,mean_shift,positive,1.5,global,1043,4,0.003835091083413231,0.003835091083413231,0.0,0.0,0.5,False
gear,0260,mean_shift,positive,1.5,or,1043,1043,1.0,0.020134228187919462,0.9798657718120806,44.76223737411751,0.0,True
gear,0260,mean_shift,positive,1.5,max,1043,1043,1.0,0.016299137104506232,0.9837008628954937,44.93429164944893,0.0,True
gear,0260,mean_shift,positive,1.5,weighted_0.25,1043,41,0.039309683604985615,0.0028763183125599234,0.03643336529242569,5.790106360963244,3.517093330082085e-09,True
gear,0260,mean_shift,positive,1.5,weighted_0.5,1043,414,0.3969319271332694,0.009587727708533078,0.38734419942473636,21.980627130049452,2.2066185243977844e-107,True
gear,0260,mean_shift,positive,1.5,weighted_0.75,1043,1043,1.0,0.009587727708533078,0.9904122722914669,45.2369303450901,0.0,True
gear,0260,mean_shift,positive,1.5,global_A_bus,1043,16,0.015340364333652923,0.015340364333652923,0.0,0.0,0.5,False
gear,0260,mean_shift,positive,1.5,global_B_id_population,1043,6,0.005752636625119847,0.005752636625119847,0.0,0.0,0.5,False
gear,0260,mean_shift,positive,1.5,global_C_cross_id,1043,7,0.006711409395973154,0.005752636625119847,0.0009587727708533075,0.27821838471012,0.3904223614137665,False
gear,0260,mean_shift,positive,1.5,global_D_bus_idpop,1043,10,0.009587727708533078,0.010546500479386385,-0.0009587727708533066,-0.2193246660096811,0.5868014255371926,False
gear,0260,mean_shift,positive,1.5,global_E_all,1043,4,0.003835091083413231,0.003835091083413231,0.0,0.0,0.5,False
gear,0260,mean_shift,positive,2.0,pird,1043,1043,1.0,0.016299137104506232,0.9837008628954937,44.93429164944893,0.0,True
gear,0260,mean_shift,positive,2.0,global,1043,4,0.003835091083413231,0.003835091083413231,0.0,0.0,0.5,False
gear,0260,mean_shift,positive,2.0,or,1043,1043,1.0,0.020134228187919462,0.9798657718120806,44.76223737411751,0.0,True
gear,0260,mean_shift,positive,2.0,max,1043,1043,1.0,0.016299137104506232,0.9837008628954937,44.93429164944893,0.0,True
gear,0260,mean_shift,positive,2.0,weighted_0.25,1043,64,0.061361457334611694,0.0028763183125599234,0.05848513902205177,7.574978878704937,1.7959303266890008e-14,True
gear,0260,mean_shift,positive,2.0,weighted_0.5,1043,883,0.8465963566634708,0.009587727708533078,0.8370086289549377,38.63006549546532,0.0,True
gear,0260,mean_shift,positive,2.0,weighted_0.75,1043,1043,1.0,0.009587727708533078,0.9904122722914669,45.2369303450901,0.0,True
gear,0260,mean_shift,positive,3.0,pird,1043,1043,1.0,0.016299137104506232,0.9837008628954937,44.93429164944893,0.0,True
gear,0260,mean_shift,positive,3.0,global,1043,4,0.003835091083413231,0.003835091083413231,0.0,0.0,0.5,False
gear,0260,mean_shift,positive,3.0,or,1043,1043,1.0,0.020134228187919462,0.9798657718120806,44.76223737411751,0.0,True
gear,0260,mean_shift,positive,3.0,max,1043,1043,1.0,0.016299137104506232,0.9837008628954937,44.93429164944893,0.0,True
gear,0260,mean_shift,positive,3.0,weighted_0.25,1043,120,0.11505273250239693,0.0028763183125599234,0.11217641418983701,10.875026108502182,7.580619030239646e-28,True
gear,0260,mean_shift,positive,3.0,weighted_0.5,1043,1025,0.9827420901246404,0.009587727708533078,0.9731543624161073,44.44794241303529,0.0,True
gear,0260,mean_shift,positive,3.0,weighted_0.75,1043,1043,1.0,0.009587727708533078,0.9904122722914669,45.2369303450901,0.0,True
gear,0260,mean_shift,negative,0.25,pird,1043,0,0.0,0.016299137104506232,-0.016299137104506232,-4.140009783239235,0.9999826354494981,False
gear,0260,mean_shift,negative,0.25,global,1043,4,0.003835091083413231,0.003835091083413231,0.0,0.0,0.5,False
gear,0260,mean_shift,negative,0.25,or,1043,4,0.003835091083413231,0.020134228187919462,-0.016299137104506232,-3.4205589006220807,0.9996875369923391,False
gear,0260,mean_shift,negative,0.25,max,1043,0,0.0,0.016299137104506232,-0.016299137104506232,-4.140009783239235,0.9999826354494981,False
gear,0260,mean_shift,negative,0.25,weighted_0.25,1043,0,0.0,0.0028763183125599234,-0.0028763183125599234,-1.7332976349463498,0.958478609537328,False
gear,0260,mean_shift,negative,0.25,weighted_0.5,1043,0,0.0,0.009587727708533078,-0.009587727708533078,-3.169884786051392,0.9992375030360299,False
gear,0260,mean_shift,negative,0.25,weighted_0.75,1043,0,0.0,0.009587727708533078,-0.009587727708533078,-3.169884786051392,0.9992375030360299,False
gear,0260,mean_shift,negative,0.5,pird,1043,0,0.0,0.016299137104506232,-0.016299137104506232,-4.140009783239235,0.9999826354494981,False
gear,0260,mean_shift,negative,0.5,global,1043,4,0.003835091083413231,0.003835091083413231,0.0,0.0,0.5,False
gear,0260,mean_shift,negative,0.5,or,1043,4,0.003835091083413231,0.020134228187919462,-0.016299137104506232,-3.4205589006220807,0.9996875369923391,False
gear,0260,mean_shift,negative,0.5,max,1043,0,0.0,0.016299137104506232,-0.016299137104506232,-4.140009783239235,0.9999826354494981,False
gear,0260,mean_shift,negative,0.5,weighted_0.25,1043,0,0.0,0.0028763183125599234,-0.0028763183125599234,-1.7332976349463498,0.958478609537328,False
gear,0260,mean_shift,negative,0.5,weighted_0.5,1043,0,0.0,0.009587727708533078,-0.009587727708533078,-3.169884786051392,0.9992375030360299,False
gear,0260,mean_shift,negative,0.5,weighted_0.75,1043,0,0.0,0.009587727708533078,-0.009587727708533078,-3.169884786051392,0.9992375030360299,False
gear,0260,mean_shift,negative,0.5,global_A_bus,1043,16,0.015340364333652923,0.015340364333652923,0.0,0.0,0.5,False
gear,0260,mean_shift,negative,0.5,global_B_id_population,1043,6,0.005752636625119847,0.005752636625119847,0.0,0.0,0.5,False
gear,0260,mean_shift,negative,0.5,global_C_cross_id,1043,7,0.006711409395973154,0.005752636625119847,0.0009587727708533075,0.27821838471012,0.3904223614137665,False
gear,0260,mean_shift,negative,0.5,global_D_bus_idpop,1043,11,0.010546500479386385,0.010546500479386385,0.0,0.0,0.5,False
gear,0260,mean_shift,negative,0.5,global_E_all,1043,4,0.003835091083413231,0.003835091083413231,0.0,0.0,0.5,False
gear,0260,mean_shift,negative,0.75,pird,1043,0,0.0,0.016299137104506232,-0.016299137104506232,-4.140009783239235,0.9999826354494981,False
gear,0260,mean_shift,negative,0.75,global,1043,4,0.003835091083413231,0.003835091083413231,0.0,0.0,0.5,False
gear,0260,mean_shift,negative,0.75,or,1043,4,0.003835091083413231,0.020134228187919462,-0.016299137104506232,-3.4205589006220807,0.9996875369923391,False
gear,0260,mean_shift,negative,0.75,max,1043,0,0.0,0.016299137104506232,-0.016299137104506232,-4.140009783239235,0.9999826354494981,False
gear,0260,mean_shift,negative,0.75,weighted_0.25,1043,0,0.0,0.0028763183125599234,-0.0028763183125599234,-1.7332976349463498,0.958478609537328,False
gear,0260,mean_shift,negative,0.75,weighted_0.5,1043,0,0.0,0.009587727708533078,-0.009587727708533078,-3.169884786051392,0.9992375030360299,False
gear,0260,mean_shift,negative,0.75,weighted_0.75,1043,0,0.0,0.009587727708533078,-0.009587727708533078,-3.169884786051392,0.9992375030360299,False
gear,0260,mean_shift,negative,1.0,pird,1043,0,0.0,0.016299137104506232,-0.016299137104506232,-4.140009783239235,0.9999826354494981,False
gear,0260,mean_shift,negative,1.0,global,1043,4,0.003835091083413231,0.003835091083413231,0.0,0.0,0.5,False
gear,0260,mean_shift,negative,1.0,or,1043,4,0.003835091083413231,0.020134228187919462,-0.016299137104506232,-3.4205589006220807,0.9996875369923391,False
gear,0260,mean_shift,negative,1.0,max,1043,0,0.0,0.016299137104506232,-0.016299137104506232,-4.140009783239235,0.9999826354494981,False
gear,0260,mean_shift,negative,1.0,weighted_0.25,1043,5,0.004793863854266539,0.0028763183125599234,0.0019175455417066159,0.708466603175624,0.23932777226511912,False
gear,0260,mean_shift,negative,1.0,weighted_0.5,1043,4,0.003835091083413231,0.009587727708533078,-0.005752636625119848,-1.6089757887560303,0.9461891821062417,False
gear,0260,mean_shift,negative,1.0,weighted_0.75,1043,0,0.0,0.009587727708533078,-0.009587727708533078,-3.169884786051392,0.9992375030360299,False
gear,0260,mean_shift,negative,1.0,global_A_bus,1043,16,0.015340364333652923,0.015340364333652923,0.0,0.0,0.5,False
gear,0260,mean_shift,negative,1.0,global_B_id_population,1043,6,0.005752636625119847,0.005752636625119847,0.0,0.0,0.5,False
gear,0260,mean_shift,negative,1.0,global_C_cross_id,1043,6,0.005752636625119847,0.005752636625119847,0.0,0.0,0.5,False
gear,0260,mean_shift,negative,1.0,global_D_bus_idpop,1043,11,0.010546500479386385,0.010546500479386385,0.0,0.0,0.5,False
gear,0260,mean_shift,negative,1.0,global_E_all,1043,4,0.003835091083413231,0.003835091083413231,0.0,0.0,0.5,False
gear,0260,mean_shift,negative,1.5,pird,1043,1043,1.0,0.016299137104506232,0.9837008628954937,44.93429164944893,0.0,True
gear,0260,mean_shift,negative,1.5,global,1043,4,0.003835091083413231,0.003835091083413231,0.0,0.0,0.5,False
gear,0260,mean_shift,negative,1.5,or,1043,1043,1.0,0.020134228187919462,0.9798657718120806,44.76223737411751,0.0,True
gear,0260,mean_shift,negative,1.5,max,1043,1043,1.0,0.016299137104506232,0.9837008628954937,44.93429164944893,0.0,True
gear,0260,mean_shift,negative,1.5,weighted_0.25,1043,22,0.02109300095877277,0.0028763183125599234,0.018216682646212845,3.822977594812913,6.592488216179763e-05,True
gear,0260,mean_shift,negative,1.5,weighted_0.5,1043,96,0.09204218600191755,0.009587727708533078,0.08245445829338446,8.573735384359253,5.009073293736437e-18,True
gear,0260,mean_shift,negative,1.5,weighted_0.75,1043,441,0.4228187919463087,0.009587727708533078,0.41323106423777567,22.92383494269592,1.3441432821966598e-116,True
gear,0260,mean_shift,negative,1.5,global_A_bus,1043,17,0.016299137104506232,0.015340364333652923,0.0009587727708533084,0.17547114396227592,0.4303547213855051,False
gear,0260,mean_shift,negative,1.5,global_B_id_population,1043,6,0.005752636625119847,0.005752636625119847,0.0,0.0,0.5,False
gear,0260,mean_shift,negative,1.5,global_C_cross_id,1043,7,0.006711409395973154,0.005752636625119847,0.0009587727708533075,0.27821838471012,0.3904223614137665,False
gear,0260,mean_shift,negative,1.5,global_D_bus_idpop,1043,11,0.010546500479386385,0.010546500479386385,0.0,0.0,0.5,False
gear,0260,mean_shift,negative,1.5,global_E_all,1043,4,0.003835091083413231,0.003835091083413231,0.0,0.0,0.5,False
gear,0260,mean_shift,negative,2.0,pird,1043,1043,1.0,0.016299137104506232,0.9837008628954937,44.93429164944893,0.0,True
gear,0260,mean_shift,negative,2.0,global,1043,4,0.003835091083413231,0.003835091083413231,0.0,0.0,0.5,False
gear,0260,mean_shift,negative,2.0,or,1043,1043,1.0,0.020134228187919462,0.9798657718120806,44.76223737411751,0.0,True
gear,0260,mean_shift,negative,2.0,max,1043,1043,1.0,0.016299137104506232,0.9837008628954937,44.93429164944893,0.0,True
gear,0260,mean_shift,negative,2.0,weighted_0.25,1043,43,0.04122722914669223,0.0028763183125599234,0.03835091083413231,5.963801004488863,1.232184190211932e-09,True
gear,0260,mean_shift,negative,2.0,weighted_0.5,1043,525,0.5033557046979866,0.009587727708533078,0.49376797698945357,25.8215073636824,2.5427517928420094e-147,True
gear,0260,mean_shift,negative,2.0,weighted_0.75,1043,1043,1.0,0.009587727708533078,0.9904122722914669,45.2369303450901,0.0,True
gear,0260,mean_shift,negative,3.0,pird,1043,1043,1.0,0.016299137104506232,0.9837008628954937,44.93429164944893,0.0,True
gear,0260,mean_shift,negative,3.0,global,1043,4,0.003835091083413231,0.003835091083413231,0.0,0.0,0.5,False
gear,0260,mean_shift,negative,3.0,or,1043,1043,1.0,0.020134228187919462,0.9798657718120806,44.76223737411751,0.0,True
gear,0260,mean_shift,negative,3.0,max,1043,1043,1.0,0.016299137104506232,0.9837008628954937,44.93429164944893,0.0,True
gear,0260,mean_shift,negative,3.0,weighted_0.25,1043,62,0.059443911792905084,0.0028763183125599234,0.05656759348034516,7.4348006563768,5.2362886100896725e-14,True
gear,0260,mean_shift,negative,3.0,weighted_0.5,1043,872,0.8360498561840843,0.009587727708533078,0.8264621284755512,38.20470774840742,1.1761e-319,True
gear,0260,mean_shift,negative,3.0,weighted_0.75,1043,1043,1.0,0.009587727708533078,0.9904122722914669,45.2369303450901,0.0,True
