dataset,target_id,attack_mode,direction,rate,shape,alpha_end,rule,horizon,detected_any,attack_alarm_rate,control_alarm_rate,detected_significant,p_value_onesided,delay_windows,max_residual_norm
DoS,0316,additive,positive,fast,exponential,0.25,pird,300,False,0.0,0.0,False,1.0,-1,5.225325273500026
DoS,0316,additive,positive,fast,exponential,0.25,global,300,True,0.9466666666666667,0.9466666666666667,False,0.5,0,5.225325273500026
DoS,0316,additive,positive,fast,exponential,0.25,or,300,True,0.9466666666666667,0.9466666666666667,False,0.5,0,5.225325273500026
DoS,0316,additive,positive,fast,exponential,0.25,max,300,True,0.9333333333333333,0.9333333333333333,False,0.5,0,5.225325273500026
DoS,0316,additive,positive,fast,exponential,0.25,weighted_0.25,300,True,0.9466666666666667,0.9366666666666666,False,0.3006392065701856,0,5.225325273500026
DoS,0316,additive,positive,fast,exponential,0.25,weighted_0.5,300,True,0.8833333333333333,0.7933333333333333,True,0.0013761781658817708,3,5.225325273500026
DoS,0316,additive,positive,fast,exponential,0.25,weighted_0.75,300,True,0.31333333333333335,0.24333333333333335,True,0.0278802955351198,55,5.225325273500026
DoS,0316,additive,positive,medium,exponential,0.25,pird,300,False,0.0,0.0,False,1.0,-1,5.225325273500026
DoS,0316,additive,positive,medium,exponential,0.25,global,300,True,0.9466666666666667,0.9466666666666667,False,0.5,0,5.225325273500026
DoS,0316,additive,positive,medium,exponential,0.25,or,300,True,0.9466666666666667,0.9466666666666667,False,0.5,0,5.225325273500026
DoS,0316,additive,positive,medium,exponential,0.25,max,300,True,0.9333333333333333,0.9333333333333333,False,0.5,0,5.225325273500026
DoS,0316,additive,positive,medium,exponential,0.25,weighted_0.25,300,True,0.9466666666666667,0.9366666666666666,False,0.3006392065701856,0,5.225325273500026
DoS,0316,additive,positive,medium,exponential,0.25,weighted_0.5,300,True,0.88,0.7933333333333333,True,0.002043701462558664,3,5.225325273500026
DoS,0316,additive,positive,medium,exponential,0.25,weighted_0.75,300,True,0.29333333333333333,0.24333333333333335,False,0.08347918547789879,73,5.225325273500026
DoS,0316,additive,positive,slow,exponential,0.25,pird,300,False,0.0,0.0,False,1.0,-1,5.1844852481302
DoS,0316,additive,positive,slow,exponential,0.25,global,300,True,0.9466666666666667,0.9466666666666667,False,0.5,0,5.1844852481302
DoS,0316,additive,positive,slow,exponential,0.25,or,300,True,0.9466666666666667,0.9466666666666667,False,0.5,0,5.1844852481302
DoS,0316,additive,positive,slow,exponential,0.25,max,300,True,0.9333333333333333,0.9333333333333333,False,0.5,0,5.1844852481302
DoS,0316,additive,positive,slow,exponential,0.25,weighted_0.25,300,True,0.9366666666666666,0.9366666666666666,False,0.5,0,5.1844852481302
DoS,0316,additive,positive,slow,exponential,0.25,weighted_0.5,300,True,0.8533333333333334,0.7933333333333333,True,0.027003638909968885,3,5.1844852481302
DoS,0316,additive,positive,slow,exponential,0.25,weighted_0.75,300,True,0.2633333333333333,0.24333333333333335,False,0.28664783784482184,203,5.1844852481302
DoS,0316,additive,positive,fast,exponential,0.5,pird,300,False,0.0,0.0,False,1.0,-1,5.990268436345755
DoS,0316,additive,positive,fast,exponential,0.5,global,300,True,0.9466666666666667,0.9466666666666667,False,0.5,0,5.990268436345755
DoS,0316,additive,positive,fast,exponential,0.5,or,300,True,0.9466666666666667,0.9466666666666667,False,0.5,0,5.990268436345755
DoS,0316,additive,positive,fast,exponential,0.5,max,300,True,0.9333333333333333,0.9333333333333333,False,0.5,0,5.990268436345755
DoS,0316,additive,positive,fast,exponential,0.5,weighted_0.25,300,True,0.9566666666666667,0.9366666666666666,False,0.13782825813674565,0,5.990268436345755
DoS,0316,additive,positive,fast,exponential,0.5,weighted_0.5,300,True,0.8966666666666666,0.7933333333333333,True,0.0002352876689171573,3,5.990268436345755
DoS,0316,additive,positive,fast,exponential,0.5,weighted_0.75,300,True,0.43333333333333335,0.24333333333333335,True,4.366924019241366e-07,45,5.990268436345755
DoS,0316,additive,positive,medium,exponential,0.5,pird,300,False,0.0,0.0,False,1.0,-1,5.990268436345755
DoS,0316,additive,positive,medium,exponential,0.5,global,300,True,0.9466666666666667,0.9466666666666667,False,0.5,0,5.990268436345755
DoS,0316,additive,positive,medium,exponential,0.5,or,300,True,0.9466666666666667,0.9466666666666667,False,0.5,0,5.990268436345755
DoS,0316,additive,positive,medium,exponential,0.5,max,300,True,0.9333333333333333,0.9333333333333333,False,0.5,0,5.990268436345755
DoS,0316,additive,positive,medium,exponential,0.5,weighted_0.25,300,True,0.9466666666666667,0.9366666666666666,False,0.3006392065701856,0,5.990268436345755
DoS,0316,additive,positive,medium,exponential,0.5,weighted_0.5,300,True,0.8866666666666667,0.7933333333333333,True,0.0009102663046626244,3,5.990268436345755
DoS,0316,additive,positive,medium,exponential,0.5,weighted_0.75,300,True,0.38333333333333336,0.24333333333333335,True,0.00010927169349654963,55,5.990268436345755
DoS,0316,additive,positive,slow,exponential,0.5,pird,300,False,0.0,0.0,False,1.0,-1,5.905123357656445
DoS,0316,additive,positive,slow,exponential,0.5,global,300,True,0.9466666666666667,0.9466666666666667,False,0.5,0,5.905123357656445
DoS,0316,additive,positive,slow,exponential,0.5,or,300,True,0.9466666666666667,0.9466666666666667,False,0.5,0,5.905123357656445
DoS,0316,additive,positive,slow,exponential,0.5,max,300,True,0.9333333333333333,0.9333333333333333,False,0.5,0,5.905123357656445
DoS,0316,additive,positive,slow,exponential,0.5,weighted_0.25,300,True,0.9466666666666667,0.9366666666666666,False,0.3006392065701856,0,5.905123357656445
DoS,0316,additive,positive,slow,exponential,0.5,weighted_0.5,300,True,0.88,0.7933333333333333,True,0.002043701462558664,3,5.905123357656445
DoS,0316,additive,positive,slow,exponential,0.5,weighted_0.75,300,True,0.2833333333333333,0.24333333333333335,False,0.13300720319151707,133,5.905123357656445
DoS,0316,additive,positive,fast,exponential,0.75,pird,300,True,0.006666666666666667,0.0,False,0.07830339250362212,268,6.641998875256383
DoS,0316,additive,positive,fast,exponential,0.75,global,300,True,0.9466666666666667,0.9466666666666667,False,0.5,0,6.641998875256383
DoS,0316,additive,positive,fast,exponential,0.75,or,300,True,0.9466666666666667,0.9466666666666667,False,0.5,0,6.641998875256383
DoS,0316,additive,positive,fast,exponential,0.75,max,300,True,0.9333333333333333,0.9333333333333333,False,0.5,0,6.641998875256383
DoS,0316,additive,positive,fast,exponential,0.75,weighted_0.25,300,True,0.96,0.9366666666666666,False,0.09834645666226115,0,6.641998875256383
DoS,0316,additive,positive,fast,exponential,0.75,weighted_0.5,300,True,0.9033333333333333,0.7933333333333333,True,8.637188653413677e-05,3,6.641998875256383
DoS,0316,additive,positive,fast,exponential,0.75,weighted_0.75,300,True,0.5733333333333334,0.24333333333333335,True,9.949932225089284e-17,48,6.641998875256383
DoS,0316,additive,positive,medium,exponential,0.75,pird,300,True,0.006666666666666667,0.0,False,0.07830339250362212,268,6.641998875256383
DoS,0316,additive,positive,medium,exponential,0.75,global,300,True,0.9466666666666667,0.9466666666666667,False,0.5,0,6.641998875256383
DoS,0316,additive,positive,medium,exponential,0.75,or,300,True,0.9466666666666667,0.9466666666666667,False,0.5,0,6.641998875256383
DoS,0316,additive,positive,medium,exponential,0.75,max,300,True,0.9333333333333333,0.9333333333333333,False,0.5,0,6.641998875256383
DoS,0316,additive,positive,medium,exponential,0.75,weighted_0.25,300,True,0.95,0.9366666666666666,False,0.24000143569275664,0,6.641998875256383
DoS,0316,additive,positive,medium,exponential,0.75,weighted_0.5,300,True,0.89,0.7933333333333333,True,0.0005910937912651686,3,6.641998875256383
DoS,0316,additive,positive,medium,exponential,0.75,weighted_0.75,300,True,0.5,0.24333333333333335,True,3.88623968407919e-11,48,6.641998875256383
DoS,0316,additive,positive,slow,exponential,0.75,pird,300,True,0.0033333333333333335,0.0,False,0.15845344348567247,268,6.507922681261737
DoS,0316,additive,positive,slow,exponential,0.75,global,300,True,0.9466666666666667,0.9466666666666667,False,0.5,0,6.507922681261737
DoS,0316,additive,positive,slow,exponential,0.75,or,300,True,0.9466666666666667,0.9466666666666667,False,0.5,0,6.507922681261737
DoS,0316,additive,positive,slow,exponential,0.75,max,300,True,0.9333333333333333,0.9333333333333333,False,0.5,0,6.507922681261737
DoS,0316,additive,positive,slow,exponential,0.75,weighted_0.25,300,True,0.9466666666666667,0.9366666666666666,False,0.3006392065701856,0,6.507922681261737
DoS,0316,additive,positive,slow,exponential,0.75,weighted_0.5,300,True,0.8833333333333333,0.7933333333333333,True,0.0013761781658817708,3,6.507922681261737
DoS,0316,additive,positive,slow,exponential,0.75,weighted_0.75,300,True,0.35333333333333333,0.24333333333333335,True,0.0016170147007557331,68,6.507922681261737
DoS,0316,additive,positive,fast,exponential,1.0,pird,300,True,0.14333333333333334,0.0,True,5.022781211851025e-12,127,7.47495283992815
DoS,0316,additive,positive,fast,exponential,1.0,global,300,True,0.9466666666666667,0.9466666666666667,False,0.5,0,7.47495283992815
DoS,0316,additive,positive,fast,exponential,1.0,or,300,True,0.9466666666666667,0.9466666666666667,False,0.5,0,7.47495283992815
DoS,0316,additive,positive,fast,exponential,1.0,max,300,True,0.9333333333333333,0.9333333333333333,False,0.5,0,7.47495283992815
DoS,0316,additive,positive,fast,exponential,1.0,weighted_0.25,300,True,0.9633333333333334,0.9366666666666666,False,0.06699685475749391,0,7.47495283992815
DoS,0316,additive,positive,fast,exponential,1.0,weighted_0.5,300,True,0.9066666666666666,0.7933333333333333,True,5.068245912170427e-05,3,7.47495283992815
DoS,0316,additive,positive,fast,exponential,1.0,weighted_0.75,300,True,0.73,0.24333333333333335,True,4.379420225563647e-33,45,7.47495283992815
DoS,0316,additive,positive,medium,exponential,1.0,pird,300,True,0.14,0.0,True,9.072827783540959e-12,221,7.47495283992815
DoS,0316,additive,positive,medium,exponential,1.0,global,300,True,0.9466666666666667,0.9466666666666667,False,0.5,0,7.47495283992815
DoS,0316,additive,positive,medium,exponential,1.0,or,300,True,0.9466666666666667,0.9466666666666667,False,0.5,0,7.47495283992815
DoS,0316,additive,positive,medium,exponential,1.0,max,300,True,0.9333333333333333,0.9333333333333333,False,0.5,0,7.47495283992815
DoS,0316,additive,positive,medium,exponential,1.0,weighted_0.25,300,True,0.95,0.9366666666666666,False,0.24000143569275664,0,7.47495283992815
DoS,0316,additive,positive,medium,exponential,1.0,weighted_0.5,300,True,0.8966666666666666,0.7933333333333333,True,0.0002352876689171573,3,7.47495283992815
DoS,0316,additive,positive,medium,exponential,1.0,weighted_0.75,300,True,0.66,0.24333333333333335,True,5.663774241848346e-25,45,7.47495283992815
DoS,0316,additive,positive,slow,exponential,1.0,pird,300,True,0.023333333333333334,0.0,True,0.0038917330287714905,268,7.293765210335099
DoS,0316,additive,positive,slow,exponential,1.0,global,300,True,0.9466666666666667,0.9466666666666667,False,0.5,0,7.293765210335099
DoS,0316,additive,positive,slow,exponential,1.0,or,300,True,0.9466666666666667,0.9466666666666667,False,0.5,0,7.293765210335099
DoS,0316,additive,positive,slow,exponential,1.0,max,300,True,0.9333333333333333,0.9333333333333333,False,0.5,0,7.293765210335099
DoS,0316,additive,positive,slow,exponential,1.0,weighted_0.25,300,True,0.9466666666666667,0.9366666666666666,False,0.3006392065701856,0,7.293765210335099
DoS,0316,additive,positive,slow,exponential,1.0,weighted_0.5,300,True,0.8866666666666667,0.7933333333333333,True,0.0009102663046626244,3,7.293765210335099
DoS,0316,additive,positive,slow,exponential,1.0,weighted_0.75,300,True,0.36333333333333334,0.24333333333333335,True,0.0006941181425845538,68,7.293765210335099
DoS,0316,additive,positive,fast,exponential,1.5,pird,300,True,0.38333333333333336,0.0,True,4.248571977316633e-33,108,9.030243138436875
DoS,0316,additive,positive,fast,exponential,1.5,global,300,True,0.9466666666666667,0.9466666666666667,False,0.5,0,9.030243138436875
DoS,0316,additive,positive,fast,exponential,1.5,or,300,True,0.9466666666666667,0.9466666666666667,False,0.5,0,9.030243138436875
DoS,0316,additive,positive,fast,exponential,1.5,max,300,True,0.9333333333333333,0.9333333333333333,False,0.5,0,9.030243138436875
DoS,0316,additive,positive,fast,exponential,1.5,weighted_0.25,300,True,0.9633333333333334,0.9366666666666666,False,0.06699685475749391,0,9.030243138436875
DoS,0316,additive,positive,fast,exponential,1.5,weighted_0.5,300,True,0.92,0.7933333333333333,True,4.7733694909817976e-06,3,9.030243138436875
DoS,0316,additive,positive,fast,exponential,1.5,weighted_0.75,300,True,0.8033333333333333,0.24333333333333335,True,3.260618940337725e-43,45,9.030243138436875
DoS,0316,additive,positive,medium,exponential,1.5,pird,300,True,0.31666666666666665,0.0,True,1.1512344162416541e-26,125,9.030243138436875
DoS,0316,additive,positive,medium,exponential,1.5,global,300,True,0.9466666666666667,0.9466666666666667,False,0.5,0,9.030243138436875
DoS,0316,additive,positive,medium,exponential,1.5,or,300,True,0.9466666666666667,0.9466666666666667,False,0.5,0,9.030243138436875
DoS,0316,additive,positive,medium,exponential,1.5,max,300,True,0.9333333333333333,0.9333333333333333,False,0.5,0,9.030243138436875
DoS,0316,additive,positive,medium,exponential,1.5,weighted_0.25,300,True,0.96,0.9366666666666666,False,0.09834645666226115,0,9.030243138436875
DoS,0316,additive,positive,medium,exponential,1.5,weighted_0.5,300,True,0.91,0.7933333333333333,True,2.908516745764264e-05,3,9.030243138436875
DoS,0316,additive,positive,medium,exponential,1.5,weighted_0.75,300,True,0.73,0.24333333333333335,True,4.379420225563647e-33,48,9.030243138436875
DoS,0316,additive,positive,slow,exponential,1.5,pird,300,True,0.21666666666666667,0.0,True,6.8291032544419245e-18,221,8.579019834842669
DoS,0316,additive,positive,slow,exponential,1.5,global,300,True,0.9466666666666667,0.9466666666666667,False,0.5,0,8.579019834842669
DoS,0316,additive,positive,slow,exponential,1.5,or,300,True,0.9466666666666667,0.9466666666666667,False,0.5,0,8.579019834842669
DoS,0316,additive,positive,slow,exponential,1.5,max,300,True,0.9333333333333333,0.9333333333333333,False,0.5,0,8.579019834842669
DoS,0316,additive,positive,slow,exponential,1.5,weighted_0.25,300,True,0.95,0.9366666666666666,False,0.24000143569275664,0,8.579019834842669
DoS,0316,additive,positive,slow,exponential,1.5,weighted_0.5,300,True,0.89,0.7933333333333333,True,0.0005910937912651686,3,8.579019834842669
DoS,0316,additive,positive,slow,exponential,1.5,weighted_0.75,300,True,0.4533333333333333,0.24333333333333335,True,3.3643159955192517e-08,48,8.579019834842669
DoS,0316,additive,positive,fast,exponential,2.0,pird,300,True,0.7266666666666667,0.0,True,9.535518573084543e-77,82,10.452643364927194
DoS,0316,additive,positive,fast,exponential,2.0,global,300,True,0.9466666666666667,0.9466666666666667,False,0.5,0,10.452643364927194
DoS,0316,additive,positive,fast,exponential,2.0,or,300,True,0.9533333333333334,0.9466666666666667,False,0.35396622089594276,0,10.452643364927194
DoS,0316,additive,positive,fast,exponential,2.0,max,300,True,0.94,0.9333333333333333,False,0.36872498508978235,0,10.452643364927194
DoS,0316,additive,positive,fast,exponential,2.0,weighted_0.25,300,True,0.97,0.9366666666666666,True,0.026463003861639973,0,10.452643364927194
DoS,0316,additive,positive,fast,exponential,2.0,weighted_0.5,300,True,0.92,0.7933333333333333,True,4.7733694909817976e-06,3,10.452643364927194
DoS,0316,additive,positive,fast,exponential,2.0,weighted_0.75,300,True,0.8333333333333334,0.24333333333333335,True,6.548371164932593e-48,45,10.452643364927194
DoS,0316,additive,positive,medium,exponential,2.0,pird,300,True,0.5966666666666667,0.0,True,1.0002440692951451e-57,121,10.452643364927194
DoS,0316,additive,positive,medium,exponential,2.0,global,300,True,0.9466666666666667,0.9466666666666667,False,0.5,0,10.452643364927194
DoS,0316,additive,positive,medium,exponential,2.0,or,300,True,0.9533333333333334,0.9466666666666667,False,0.35396622089594276,0,10.452643364927194
DoS,0316,additive,positive,medium,exponential,2.0,max,300,True,0.94,0.9333333333333333,False,0.36872498508978235,0,10.452643364927194
DoS,0316,additive,positive,medium,exponential,2.0,weighted_0.25,300,True,0.97,0.9366666666666666,True,0.026463003861639973,0,10.452643364927194
DoS,0316,additive,positive,medium,exponential,2.0,weighted_0.5,300,True,0.91,0.7933333333333333,True,2.908516745764264e-05,3,10.452643364927194
DoS,0316,additive,positive,medium,exponential,2.0,weighted_0.75,300,True,0.7533333333333333,0.24333333333333335,True,4.1034324125618266e-36,45,10.452643364927194
DoS,0316,additive,positive,slow,exponential,2.0,pird,300,True,0.28,0.0,True,2.465762430239778e-23,216,10.065037097951931
DoS,0316,additive,positive,slow,exponential,2.0,global,300,True,0.9466666666666667,0.9466666666666667,False,0.5,0,10.065037097951931
DoS,0316,additive,positive,slow,exponential,2.0,or,300,True,0.9466666666666667,0.9466666666666667,False,0.5,0,10.065037097951931
DoS,0316,additive,positive,slow,exponential,2.0,max,300,True,0.9333333333333333,0.9333333333333333,False,0.5,0,10.065037097951931
DoS,0316,additive,positive,slow,exponential,2.0,weighted_0.25,300,True,0.95,0.9366666666666666,False,0.24000143569275664,0,10.065037097951931
DoS,0316,additive,positive,slow,exponential,2.0,weighted_0.5,300,True,0.9,0.7933333333333333,True,0.0001440527922411872,3,10.065037097951931
DoS,0316,additive,positive,slow,exponential,2.0,weighted_0.75,300,True,0.59,0.24333333333333335,True,3.589272809771852e-18,45,10.065037097951931
DoS,0316,additive,positive,fast,exponential,3.0,pird,300,True,0.7666666666666667,0.0,True,2.10796135595952e-83,70,13.697881190145166
DoS,0316,additive,positive,fast,exponential,3.0,global,300,True,0.9466666666666667,0.9466666666666667,False,0.5,0,13.697881190145166
DoS,0316,additive,positive,fast,exponential,3.0,or,300,True,0.9533333333333334,0.9466666666666667,False,0.35396622089594276,0,13.697881190145166
DoS,0316,additive,positive,fast,exponential,3.0,max,300,True,0.94,0.9333333333333333,False,0.36872498508978235,0,13.697881190145166
DoS,0316,additive,positive,fast,exponential,3.0,weighted_0.25,300,True,0.98,0.9366666666666666,True,0.003954614340175005,0,13.697881190145166
DoS,0316,additive,positive,fast,exponential,3.0,weighted_0.5,300,True,0.9466666666666667,0.7933333333333333,True,1.1747659592733029e-08,3,13.697881190145166
DoS,0316,additive,positive,fast,exponential,3.0,weighted_0.75,300,True,0.87,0.24333333333333335,True,3.7910839904200476e-54,33,13.697881190145166
DoS,0316,additive,positive,medium,exponential,3.0,pird,300,True,0.6566666666666666,0.0,True,4.747291441242438e-66,103,13.697881190145166
DoS,0316,additive,positive,medium,exponential,3.0,global,300,True,0.9466666666666667,0.9466666666666667,False,0.5,0,13.697881190145166
DoS,0316,additive,positive,medium,exponential,3.0,or,300,True,0.9533333333333334,0.9466666666666667,False,0.35396622089594276,0,13.697881190145166
DoS,0316,additive,positive,medium,exponential,3.0,max,300,True,0.94,0.9333333333333333,False,0.36872498508978235,0,13.697881190145166
DoS,0316,additive,positive,medium,exponential,3.0,weighted_0.25,300,True,0.9666666666666667,0.9366666666666666,True,0.04334040929619912,0,13.697881190145166
DoS,0316,additive,positive,medium,exponential,3.0,weighted_0.5,300,True,0.9133333333333333,0.7933333333333333,True,1.6311545164110168e-05,3,13.697881190145166
DoS,0316,additive,positive,medium,exponential,3.0,weighted_0.75,300,True,0.77,0.24333333333333335,True,2.198728746461863e-38,45,13.697881190145166
DoS,0316,additive,positive,slow,exponential,3.0,pird,300,True,0.2966666666666667,0.0,True,7.855790087958843e-25,211,13.10730069666043
DoS,0316,additive,positive,slow,exponential,3.0,global,300,True,0.9466666666666667,0.9466666666666667,False,0.5,0,13.10730069666043
DoS,0316,additive,positive,slow,exponential,3.0,or,300,True,0.9466666666666667,0.9466666666666667,False,0.5,0,13.10730069666043
DoS,0316,additive,positive,slow,exponential,3.0,max,300,True,0.9333333333333333,0.9333333333333333,False,0.5,0,13.10730069666043
DoS,0316,additive,positive,slow,exponential,3.0,weighted_0.25,300,True,0.9633333333333334,0.9366666666666666,False,0.06699685475749391,0,13.10730069666043
DoS,0316,additive,positive,slow,exponential,3.0,weighted_0.5,300,True,0.91,0.7933333333333333,True,2.908516745764264e-05,3,13.10730069666043
DoS,0316,additive,positive,slow,exponential,3.0,weighted_0.75,300,True,0.71,0.24333333333333335,True,1.2684278704363122e-30,45,13.10730069666043
DoS,0316,additive,negative,fast,exponential,0.25,pird,300,False,0.0,0.0,False,1.0,-1,4.133591409366576
DoS,0316,additive,negative,fast,exponential,0.25,global,300,True,0.9466666666666667,0.9466666666666667,False,0.5,0,4.133591409366576
DoS,0316,additive,negative,fast,exponential,0.25,or,300,True,0.9466666666666667,0.9466666666666667,False,0.5,0,4.133591409366576
DoS,0316,additive,negative,fast,exponential,0.25,max,300,True,0.9333333333333333,0.9333333333333333,False,0.5,0,4.133591409366576
DoS,0316,additive,negative,fast,exponential,0.25,weighted_0.25,300,True,0.9366666666666666,0.9366666666666666,False,0.5,0,4.133591409366576
DoS,0316,additive,negative,fast,exponential,0.25,weighted_0.5,300,True,0.8633333333333333,0.7933333333333333,True,0.011497536039971357,3,4.133591409366576
DoS,0316,additive,negative,fast,exponential,0.25,weighted_0.75,300,True,0.26,0.24333333333333335,False,0.31904752454662944,55,4.133591409366576
DoS,0316,additive,negative,medium,exponential,0.25,pird,300,False,0.0,0.0,False,1.0,-1,4.133591409366576
DoS,0316,additive,negative,medium,exponential,0.25,global,300,True,0.9466666666666667,0.9466666666666667,False,0.5,0,4.133591409366576
DoS,0316,additive,negative,medium,exponential,0.25,or,300,True,0.9466666666666667,0.9466666666666667,False,0.5,0,4.133591409366576
DoS,0316,additive,negative,medium,exponential,0.25,max,300,True,0.9333333333333333,0.9333333333333333,False,0.5,0,4.133591409366576
DoS,0316,additive,negative,medium,exponential,0.25,weighted_0.25,300,True,0.9333333333333333,0.9366666666666666,False,0.5657643602198493,0,4.133591409366576
DoS,0316,additive,negative,medium,exponential,0.25,weighted_0.5,300,True,0.8633333333333333,0.7933333333333333,True,0.011497536039971357,3,4.133591409366576
DoS,0316,additive,negative,medium,exponential,0.25,weighted_0.75,300,True,0.24333333333333335,0.24333333333333335,False,0.5,227,4.133591409366576
DoS,0316,additive,negative,slow,exponential,0.25,pird,300,False,0.0,0.0,False,1.0,-1,4.165231643815747
DoS,0316,additive,negative,slow,exponential,0.25,global,300,True,0.9466666666666667,0.9466666666666667,False,0.5,0,4.165231643815747
DoS,0316,additive,negative,slow,exponential,0.25,or,300,True,0.9466666666666667,0.9466666666666667,False,0.5,0,4.165231643815747
DoS,0316,additive,negative,slow,exponential,0.25,max,300,True,0.9333333333333333,0.9333333333333333,False,0.5,0,4.165231643815747
DoS,0316,additive,negative,slow,exponential,0.25,weighted_0.25,300,True,0.9333333333333333,0.9366666666666666,False,0.5657643602198493,0,4.165231643815747
DoS,0316,additive,negative,slow,exponential,0.25,weighted_0.5,300,True,0.83,0.7933333333333333,False,0.12536277190177453,3,4.165231643815747
DoS,0316,additive,negative,slow,exponential,0.25,weighted_0.75,300,True,0.24333333333333335,0.24333333333333335,False,0.5,227,4.165231643815747
DoS,0316,additive,negative,fast,exponential,0.5,pird,300,False,0.0,0.0,False,1.0,-1,4.288982160055628
DoS,0316,additive,negative,fast,exponential,0.5,global,300,True,0.9466666666666667,0.9466666666666667,False,0.5,0,4.288982160055628
DoS,0316,additive,negative,fast,exponential,0.5,or,300,True,0.9466666666666667,0.9466666666666667,False,0.5,0,4.288982160055628
DoS,0316,additive,negative,fast,exponential,0.5,max,300,True,0.9333333333333333,0.9333333333333333,False,0.5,0,4.288982160055628
DoS,0316,additive,negative,fast,exponential,0.5,weighted_0.25,300,True,0.9466666666666667,0.9366666666666666,False,0.3006392065701856,0,4.288982160055628
DoS,0316,additive,negative,fast,exponential,0.5,weighted_0.5,300,True,0.8866666666666667,0.7933333333333333,True,0.0009102663046626244,3,4.288982160055628
DoS,0316,additive,negative,fast,exponential,0.5,weighted_0.75,300,True,0.36333333333333334,0.24333333333333335,True,0.0006941181425845538,48,4.288982160055628
DoS,0316,additive,negative,medium,exponential,0.5,pird,300,False,0.0,0.0,False,1.0,-1,3.596722032843344
DoS,0316,additive,negative,medium,exponential,0.5,global,300,True,0.9466666666666667,0.9466666666666667,False,0.5,0,3.596722032843344
DoS,0316,additive,negative,medium,exponential,0.5,or,300,True,0.9466666666666667,0.9466666666666667,False,0.5,0,3.596722032843344
DoS,0316,additive,negative,medium,exponential,0.5,max,300,True,0.9333333333333333,0.9333333333333333,False,0.5,0,3.596722032843344
DoS,0316,additive,negative,medium,exponential,0.5,weighted_0.25,300,True,0.9366666666666666,0.9366666666666666,False,0.5,0,3.596722032843344
DoS,0316,additive,negative,medium,exponential,0.5,weighted_0.5,300,True,0.8833333333333333,0.7933333333333333,True,0.0013761781658817708,3,3.596722032843344
DoS,0316,additive,negative,medium,exponential,0.5,weighted_0.75,300,True,0.28,0.24333333333333335,False,0.15346522706124724,55,3.596722032843344
DoS,0316,additive,negative,slow,exponential,0.5,pird,300,False,0.0,0.0,False,1.0,-1,3.646779754373292
DoS,0316,additive,negative,slow,exponential,0.5,global,300,True,0.9466666666666667,0.9466666666666667,False,0.5,0,3.646779754373292
DoS,0316,additive,negative,slow,exponential,0.5,or,300,True,0.9466666666666667,0.9466666666666667,False,0.5,0,3.646779754373292
DoS,0316,additive,negative,slow,exponential,0.5,max,300,True,0.9333333333333333,0.9333333333333333,False,0.5,0,3.646779754373292
DoS,0316,additive,negative,slow,exponential,0.5,weighted_0.25,300,True,0.9333333333333333,0.9366666666666666,False,0.5657643602198493,0,3.646779754373292
DoS,0316,additive,negative,slow,exponential,0.5,weighted_0.5,300,True,0.8633333333333333,0.7933333333333333,True,0.011497536039971357,3,3.646779754373292
DoS,0316,additive,negative,slow,exponential,0.5,weighted_0.75,300,True,0.24333333333333335,0.24333333333333335,False,0.5,227,3.646779754373292
DoS,0316,additive,negative,fast,exponential,0.75,pird,300,False,0.0,0.0,False,1.0,-1,4.710566215917044
DoS,0316,additive,negative,fast,exponential,0.75,global,300,True,0.9466666666666667,0.9466666666666667,False,0.5,0,4.710566215917044
DoS,0316,additive,negative,fast,exponential,0.75,or,300,True,0.9466666666666667,0.9466666666666667,False,0.5,0,4.710566215917044
DoS,0316,additive,negative,fast,exponential,0.75,max,300,True,0.9333333333333333,0.9333333333333333,False,0.5,0,4.710566215917044
DoS,0316,additive,negative,fast,exponential,0.75,weighted_0.25,300,True,0.9466666666666667,0.9366666666666666,False,0.3006392065701856,0,4.710566215917044
DoS,0316,additive,negative,fast,exponential,0.75,weighted_0.5,300,True,0.8933333333333333,0.7933333333333333,True,0.0003766057827977647,3,4.710566215917044
DoS,0316,additive,negative,fast,exponential,0.75,weighted_0.75,300,True,0.4866666666666667,0.24333333333333335,True,3.0018817486483834e-10,45,4.710566215917044
DoS,0316,additive,negative,medium,exponential,0.75,pird,300,False,0.0,0.0,False,1.0,-1,3.7044893712345615
DoS,0316,additive,negative,medium,exponential,0.75,global,300,True,0.9466666666666667,0.9466666666666667,False,0.5,0,3.7044893712345615
DoS,0316,additive,negative,medium,exponential,0.75,or,300,True,0.9466666666666667,0.9466666666666667,False,0.5,0,3.7044893712345615
DoS,0316,additive,negative,medium,exponential,0.75,max,300,True,0.9333333333333333,0.9333333333333333,False,0.5,0,3.7044893712345615
DoS,0316,additive,negative,medium,exponential,0.75,weighted_0.25,300,True,0.9433333333333334,0.9366666666666666,False,0.3654956869116182,0,3.7044893712345615
DoS,0316,additive,negative,medium,exponential,0.75,weighted_0.5,300,True,0.8866666666666667,0.7933333333333333,True,0.0009102663046626244,3,3.7044893712345615
DoS,0316,additive,negative,medium,exponential,0.75,weighted_0.75,300,True,0.3566666666666667,0.24333333333333335,True,0.0012269828471966164,55,3.7044893712345615
DoS,0316,additive,negative,slow,exponential,0.75,pird,300,False,0.0,0.0,False,1.0,-1,3.4422471248072464
DoS,0316,additive,negative,slow,exponential,0.75,global,300,True,0.9466666666666667,0.9466666666666667,False,0.5,0,3.4422471248072464
DoS,0316,additive,negative,slow,exponential,0.75,or,300,True,0.9466666666666667,0.9466666666666667,False,0.5,0,3.4422471248072464
DoS,0316,additive,negative,slow,exponential,0.75,max,300,True,0.9333333333333333,0.9333333333333333,False,0.5,0,3.4422471248072464
DoS,0316,additive,negative,slow,exponential,0.75,weighted_0.25,300,True,0.9333333333333333,0.9366666666666666,False,0.5657643602198493,0,3.4422471248072464
DoS,0316,additive,negative,slow,exponential,0.75,weighted_0.5,300,True,0.8733333333333333,0.7933333333333333,True,0.0042809584480319315,3,3.4422471248072464
DoS,0316,additive,negative,slow,exponential,0.75,weighted_0.75,300,True,0.25666666666666665,0.24333333333333335,False,0.35304087060703604,203,3.4422471248072464
DoS,0316,additive,negative,fast,exponential,1.0,pird,300,True,0.03333333333333333,0.0,True,0.0007139182388684503,67,5.374593709828844
DoS,0316,additive,negative,fast,exponential,1.0,global,300,True,0.9466666666666667,0.9466666666666667,False,0.5,0,5.374593709828844
DoS,0316,additive,negative,fast,exponential,1.0,or,300,True,0.9466666666666667,0.9466666666666667,False,0.5,0,5.374593709828844
DoS,0316,additive,negative,fast,exponential,1.0,max,300,True,0.9333333333333333,0.9333333333333333,False,0.5,0,5.374593709828844
DoS,0316,additive,negative,fast,exponential,1.0,weighted_0.25,300,True,0.9533333333333334,0.9366666666666666,False,0.18529764553822137,0,5.374593709828844
DoS,0316,additive,negative,fast,exponential,1.0,weighted_0.5,300,True,0.9,0.7933333333333333,True,0.0001440527922411872,3,5.374593709828844
DoS,0316,additive,negative,fast,exponential,1.0,weighted_0.75,300,True,0.6133333333333333,0.24333333333333335,True,2.6514985994309205e-20,41,5.374593709828844
DoS,0316,additive,negative,medium,exponential,1.0,pird,300,False,0.0,0.0,False,1.0,-1,4.0898299244443805
DoS,0316,additive,negative,medium,exponential,1.0,global,300,True,0.9466666666666667,0.9466666666666667,False,0.5,0,4.0898299244443805
DoS,0316,additive,negative,medium,exponential,1.0,or,300,True,0.9466666666666667,0.9466666666666667,False,0.5,0,4.0898299244443805
DoS,0316,additive,negative,medium,exponential,1.0,max,300,True,0.9333333333333333,0.9333333333333333,False,0.5,0,4.0898299244443805
DoS,0316,additive,negative,medium,exponential,1.0,weighted_0.25,300,True,0.9466666666666667,0.9366666666666666,False,0.3006392065701856,0,4.0898299244443805
DoS,0316,additive,negative,medium,exponential,1.0,weighted_0.5,300,True,0.8866666666666667,0.7933333333333333,True,0.0009102663046626244,3,4.0898299244443805
DoS,0316,additive,negative,medium,exponential,1.0,weighted_0.75,300,True,0.45,0.24333333333333335,True,5.2300965614064064e-08,54,4.0898299244443805
DoS,0316,additive,negative,slow,exponential,1.0,pird,300,False,0.0,0.0,False,1.0,-1,3.5076492128170247
DoS,0316,additive,negative,slow,exponential,1.0,global,300,True,0.9466666666666667,0.9466666666666667,False,0.5,0,3.5076492128170247
DoS,0316,additive,negative,slow,exponential,1.0,or,300,True,0.9466666666666667,0.9466666666666667,False,0.5,0,3.5076492128170247
DoS,0316,additive,negative,slow,exponential,1.0,max,300,True,0.9333333333333333,0.9333333333333333,False,0.5,0,3.5076492128170247
DoS,0316,additive,negative,slow,exponential,1.0,weighted_0.25,300,True,0.9366666666666666,0.9366666666666666,False,0.5,0,3.5076492128170247
DoS,0316,additive,negative,slow,exponential,1.0,weighted_0.5,300,True,0.8866666666666667,0.7933333333333333,True,0.0009102663046626244,3,3.5076492128170247
DoS,0316,additive,negative,slow,exponential,1.0,weighted_0.75,300,True,0.27,0.24333333333333335,False,0.22731514268002884,133,3.5076492128170247
DoS,0316,additive,negative,fast,exponential,1.5,pird,300,True,0.08,0.0,True,2.8665157187919455e-07,52,6.2205959254106675
DoS,0316,additive,negative,fast,exponential,1.5,global,300,True,0.9466666666666667,0.9466666666666667,False,0.5,0,6.2205959254106675
DoS,0316,additive,negative,fast,exponential,1.5,or,300,True,0.9466666666666667,0.9466666666666667,False,0.5,0,6.2205959254106675
DoS,0316,additive,negative,fast,exponential,1.5,max,300,True,0.9333333333333333,0.9333333333333333,False,0.5,0,6.2205959254106675
DoS,0316,additive,negative,fast,exponential,1.5,weighted_0.25,300,True,0.96,0.9366666666666666,False,0.09834645666226115,0,6.2205959254106675
DoS,0316,additive,negative,fast,exponential,1.5,weighted_0.5,300,True,0.92,0.7933333333333333,True,4.7733694909817976e-06,3,6.2205959254106675
DoS,0316,additive,negative,fast,exponential,1.5,weighted_0.75,300,True,0.82,0.24333333333333335,True,8.84590426413675e-46,33,6.2205959254106675
DoS,0316,additive,negative,medium,exponential,1.5,pird,300,True,0.016666666666666666,0.0,True,0.012369835647664244,156,4.908958801150827
DoS,0316,additive,negative,medium,exponential,1.5,global,300,True,0.9466666666666667,0.9466666666666667,False,0.5,0,4.908958801150827
DoS,0316,additive,negative,medium,exponential,1.5,or,300,True,0.9466666666666667,0.9466666666666667,False,0.5,0,4.908958801150827
DoS,0316,additive,negative,medium,exponential,1.5,max,300,True,0.9333333333333333,0.9333333333333333,False,0.5,0,4.908958801150827
DoS,0316,additive,negative,medium,exponential,1.5,weighted_0.25,300,True,0.9466666666666667,0.9366666666666666,False,0.3006392065701856,0,4.908958801150827
DoS,0316,additive,negative,medium,exponential,1.5,weighted_0.5,300,True,0.8966666666666666,0.7933333333333333,True,0.0002352876689171573,3,4.908958801150827
DoS,0316,additive,negative,medium,exponential,1.5,weighted_0.75,300,True,0.6766666666666666,0.24333333333333335,True,8.85170841676739e-27,45,4.908958801150827
DoS,0316,additive,negative,slow,exponential,1.5,pird,300,False,0.0,0.0,False,1.0,-1,3.8817373231517953
DoS,0316,additive,negative,slow,exponential,1.5,global,300,True,0.9466666666666667,0.9466666666666667,False,0.5,0,3.8817373231517953
DoS,0316,additive,negative,slow,exponential,1.5,or,300,True,0.9466666666666667,0.9466666666666667,False,0.5,0,3.8817373231517953
DoS,0316,additive,negative,slow,exponential,1.5,max,300,True,0.9333333333333333,0.9333333333333333,False,0.5,0,3.8817373231517953
DoS,0316,additive,negative,slow,exponential,1.5,weighted_0.25,300,True,0.9433333333333334,0.9366666666666666,False,0.3654956869116182,0,3.8817373231517953
DoS,0316,additive,negative,slow,exponential,1.5,weighted_0.5,300,True,0.8866666666666667,0.7933333333333333,True,0.0009102663046626244,3,3.8817373231517953
DoS,0316,additive,negative,slow,exponential,1.5,weighted_0.75,300,True,0.32666666666666666,0.24333333333333335,True,0.011881503259674655,55,3.8817373231517953
DoS,0316,additive,negative,fast,exponential,2.0,pird,300,True,0.3233333333333333,0.0,True,2.7565714018345687e-27,43,7.252955479234315
DoS,0316,additive,negative,fast,exponential,2.0,global,300,True,0.9466666666666667,0.9466666666666667,False,0.5,0,7.252955479234315
DoS,0316,additive,negative,fast,exponential,2.0,or,300,True,0.9533333333333334,0.9466666666666667,False,0.35396622089594276,0,7.252955479234315
DoS,0316,additive,negative,fast,exponential,2.0,max,300,True,0.94,0.9333333333333333,False,0.36872498508978235,0,7.252955479234315
DoS,0316,additive,negative,fast,exponential,2.0,weighted_0.25,300,True,0.97,0.9366666666666666,True,0.026463003861639973,0,7.252955479234315
DoS,0316,additive,negative,fast,exponential,2.0,weighted_0.5,300,True,0.9366666666666666,0.7933333333333333,True,1.3950637186546417e-07,3,7.252955479234315
DoS,0316,additive,negative,fast,exponential,2.0,weighted_0.75,300,True,0.85,0.24333333333333335,True,1.126600198060497e-50,33,7.252955479234315
DoS,0316,additive,negative,medium,exponential,2.0,pird,300,True,0.16333333333333333,0.0,True,1.3902157755701818e-13,146,5.676351135846419
DoS,0316,additive,negative,medium,exponential,2.0,global,300,True,0.9466666666666667,0.9466666666666667,False,0.5,0,5.676351135846419
DoS,0316,additive,negative,medium,exponential,2.0,or,300,True,0.9533333333333334,0.9466666666666667,False,0.35396622089594276,0,5.676351135846419
DoS,0316,additive,negative,medium,exponential,2.0,max,300,True,0.94,0.9333333333333333,False,0.36872498508978235,0,5.676351135846419
DoS,0316,additive,negative,medium,exponential,2.0,weighted_0.25,300,True,0.96,0.9366666666666666,False,0.09834645666226115,0,5.676351135846419
DoS,0316,additive,negative,medium,exponential,2.0,weighted_0.5,300,True,0.9,0.7933333333333333,True,0.0001440527922411872,3,5.676351135846419
DoS,0316,additive,negative,medium,exponential,2.0,weighted_0.75,300,True,0.7966666666666666,0.24333333333333335,True,3.24225017210005e-42,41,5.676351135846419
DoS,0316,additive,negative,slow,exponential,2.0,pird,300,True,0.0033333333333333335,0.0,False,0.15845344348567247,297,4.9154623827000945
DoS,0316,additive,negative,slow,exponential,2.0,global,300,True,0.9466666666666667,0.9466666666666667,False,0.5,0,4.9154623827000945
DoS,0316,additive,negative,slow,exponential,2.0,or,300,True,0.9466666666666667,0.9466666666666667,False,0.5,0,4.9154623827000945
DoS,0316,additive,negative,slow,exponential,2.0,max,300,True,0.9333333333333333,0.9333333333333333,False,0.5,0,4.9154623827000945
DoS,0316,additive,negative,slow,exponential,2.0,weighted_0.25,300,True,0.9466666666666667,0.9366666666666666,False,0.3006392065701856,0,4.9154623827000945
DoS,0316,additive,negative,slow,exponential,2.0,weighted_0.5,300,True,0.8866666666666667,0.7933333333333333,True,0.0009102663046626244,3,4.9154623827000945
DoS,0316,additive,negative,slow,exponential,2.0,weighted_0.75,300,True,0.43,0.24333333333333335,True,6.564751035139817e-07,55,4.9154623827000945
DoS,0316,additive,negative,fast,exponential,3.0,pird,300,True,0.8633333333333333,0.0,True,2.0540188219180777e-101,41,9.478881540760707
DoS,0316,additive,negative,fast,exponential,3.0,global,300,True,0.9466666666666667,0.9466666666666667,False,0.5,0,9.478881540760707
DoS,0316,additive,negative,fast,exponential,3.0,or,300,True,0.9533333333333334,0.9466666666666667,False,0.35396622089594276,0,9.478881540760707
DoS,0316,additive,negative,fast,exponential,3.0,max,300,True,0.94,0.9333333333333333,False,0.36872498508978235,0,9.478881540760707
DoS,0316,additive,negative,fast,exponential,3.0,weighted_0.25,300,True,0.98,0.9366666666666666,True,0.003954614340175005,0,9.478881540760707
DoS,0316,additive,negative,fast,exponential,3.0,weighted_0.5,300,True,0.95,0.7933333333333333,True,4.821258882996206e-09,3,9.478881540760707
DoS,0316,additive,negative,fast,exponential,3.0,weighted_0.75,300,True,0.9066666666666666,0.24333333333333335,True,5.440899200998012e-61,23,9.478881540760707
DoS,0316,additive,negative,medium,exponential,3.0,pird,300,True,0.6366666666666667,0.0,True,3.4036255844271027e-63,66,7.668650167299944
DoS,0316,additive,negative,medium,exponential,3.0,global,300,True,0.9466666666666667,0.9466666666666667,False,0.5,0,7.668650167299944
DoS,0316,additive,negative,medium,exponential,3.0,or,300,True,0.9533333333333334,0.9466666666666667,False,0.35396622089594276,0,7.668650167299944
DoS,0316,additive,negative,medium,exponential,3.0,max,300,True,0.94,0.9333333333333333,False,0.36872498508978235,0,7.668650167299944
DoS,0316,additive,negative,medium,exponential,3.0,weighted_0.25,300,True,0.96,0.9366666666666666,False,0.09834645666226115,0,7.668650167299944
DoS,0316,additive,negative,medium,exponential,3.0,weighted_0.5,300,True,0.9133333333333333,0.7933333333333333,True,1.6311545164110168e-05,3,7.668650167299944
DoS,0316,additive,negative,medium,exponential,3.0,weighted_0.75,300,True,0.8633333333333333,0.24333333333333335,True,5.70015673552763e-53,41,7.668650167299944
DoS,0316,additive,negative,slow,exponential,3.0,pird,300,True,0.13333333333333333,0.0,True,2.944334024785993e-11,186,7.0539112684583705
DoS,0316,additive,negative,slow,exponential,3.0,global,300,True,0.9466666666666667,0.9466666666666667,False,0.5,0,7.0539112684583705
DoS,0316,additive,negative,slow,exponential,3.0,or,300,True,0.9466666666666667,0.9466666666666667,False,0.5,0,7.0539112684583705
DoS,0316,additive,negative,slow,exponential,3.0,max,300,True,0.9333333333333333,0.9333333333333333,False,0.5,0,7.0539112684583705
DoS,0316,additive,negative,slow,exponential,3.0,weighted_0.25,300,True,0.9466666666666667,0.9366666666666666,False,0.3006392065701856,0,7.0539112684583705
DoS,0316,additive,negative,slow,exponential,3.0,weighted_0.5,300,True,0.8966666666666666,0.7933333333333333,True,0.0002352876689171573,3,7.0539112684583705
DoS,0316,additive,negative,slow,exponential,3.0,weighted_0.75,300,True,0.6166666666666667,0.24333333333333335,True,1.2827775489810345e-20,48,7.0539112684583705
DoS,0316,mean_shift,positive,fast,exponential,0.25,pird,300,False,0.0,0.0,False,1.0,-1,2.6961664251555875
DoS,0316,mean_shift,positive,fast,exponential,0.25,global,300,True,0.95,0.9466666666666667,False,0.426836889374953,0,2.6961664251555875
DoS,0316,mean_shift,positive,fast,exponential,0.25,or,300,True,0.95,0.9466666666666667,False,0.426836889374953,0,2.6961664251555875
DoS,0316,mean_shift,positive,fast,exponential,0.25,max,300,True,0.9333333333333333,0.9333333333333333,False,0.5,0,2.6961664251555875
DoS,0316,mean_shift,positive,fast,exponential,0.25,weighted_0.25,300,True,0.9333333333333333,0.9366666666666666,False,0.5657643602198493,0,2.6961664251555875
DoS,0316,mean_shift,positive,fast,exponential,0.25,weighted_0.5,300,True,0.8666666666666667,0.7933333333333333,True,0.008400775977143607,3,2.6961664251555875
DoS,0316,mean_shift,positive,fast,exponential,0.25,weighted_0.75,300,True,0.24333333333333335,0.24333333333333335,False,0.5,227,2.6961664251555875
DoS,0316,mean_shift,positive,medium,exponential,0.25,pird,300,False,0.0,0.0,False,1.0,-1,2.6961664251555875
DoS,0316,mean_shift,positive,medium,exponential,0.25,global,300,True,0.95,0.9466666666666667,False,0.426836889374953,0,2.6961664251555875
DoS,0316,mean_shift,positive,medium,exponential,0.25,or,300,True,0.95,0.9466666666666667,False,0.426836889374953,0,2.6961664251555875
DoS,0316,mean_shift,positive,medium,exponential,0.25,max,300,True,0.9333333333333333,0.9333333333333333,False,0.5,0,2.6961664251555875
DoS,0316,mean_shift,positive,medium,exponential,0.25,weighted_0.25,300,True,0.9333333333333333,0.9366666666666666,False,0.5657643602198493,0,2.6961664251555875
DoS,0316,mean_shift,positive,medium,exponential,0.25,weighted_0.5,300,True,0.8633333333333333,0.7933333333333333,True,0.011497536039971357,3,2.6961664251555875
DoS,0316,mean_shift,positive,medium,exponential,0.25,weighted_0.75,300,True,0.24333333333333335,0.24333333333333335,False,0.5,227,2.6961664251555875
DoS,0316,mean_shift,positive,slow,exponential,0.25,pird,300,False,0.0,0.0,False,1.0,-1,2.6961664251555875
DoS,0316,mean_shift,positive,slow,exponential,0.25,global,300,True,0.95,0.9466666666666667,False,0.426836889374953,0,2.6961664251555875
DoS,0316,mean_shift,positive,slow,exponential,0.25,or,300,True,0.95,0.9466666666666667,False,0.426836889374953,0,2.6961664251555875
DoS,0316,mean_shift,positive,slow,exponential,0.25,max,300,True,0.9333333333333333,0.9333333333333333,False,0.5,0,2.6961664251555875
DoS,0316,mean_shift,positive,slow,exponential,0.25,weighted_0.25,300,True,0.9333333333333333,0.9366666666666666,False,0.5657643602198493,0,2.6961664251555875
DoS,0316,mean_shift,positive,slow,exponential,0.25,weighted_0.5,300,True,0.8333333333333334,0.7933333333333333,False,0.10432301848553158,3,2.6961664251555875
DoS,0316,mean_shift,positive,slow,exponential,0.25,weighted_0.75,300,True,0.24,0.24333333333333335,False,0.5379872731206179,228,2.6961664251555875
DoS,0316,mean_shift,positive,fast,exponential,0.5,pird,300,False,0.0,0.0,False,1.0,-1,2.6961664251555875
DoS,0316,mean_shift,positive,fast,exponential,0.5,global,300,True,0.95,0.9466666666666667,False,0.426836889374953,0,2.6961664251555875
DoS,0316,mean_shift,positive,fast,exponential,0.5,or,300,True,0.95,0.9466666666666667,False,0.426836889374953,0,2.6961664251555875
DoS,0316,mean_shift,positive,fast,exponential,0.5,max,300,True,0.9333333333333333,0.9333333333333333,False,0.5,0,2.6961664251555875
DoS,0316,mean_shift,positive,fast,exponential,0.5,weighted_0.25,300,True,0.9333333333333333,0.9366666666666666,False,0.5657643602198493,0,2.6961664251555875
DoS,0316,mean_shift,positive,fast,exponential,0.5,weighted_0.5,300,True,0.8833333333333333,0.7933333333333333,True,0.0013761781658817708,3,2.6961664251555875
DoS,0316,mean_shift,positive,fast,exponential,0.5,weighted_0.75,300,True,0.24333333333333335,0.24333333333333335,False,0.5,227,2.6961664251555875
DoS,0316,mean_shift,positive,medium,exponential,0.5,pird,300,False,0.0,0.0,False,1.0,-1,2.6961664251555875
DoS,0316,mean_shift,positive,medium,exponential,0.5,global,300,True,0.95,0.9466666666666667,False,0.426836889374953,0,2.6961664251555875
DoS,0316,mean_shift,positive,medium,exponential,0.5,or,300,True,0.95,0.9466666666666667,False,0.426836889374953,0,2.6961664251555875
DoS,0316,mean_shift,positive,medium,exponential,0.5,max,300,True,0.9333333333333333,0.9333333333333333,False,0.5,0,2.6961664251555875
DoS,0316,mean_shift,positive,medium,exponential,0.5,weighted_0.25,300,True,0.9333333333333333,0.9366666666666666,False,0.5657643602198493,0,2.6961664251555875
DoS,0316,mean_shift,positive,medium,exponential,0.5,weighted_0.5,300,True,0.87,0.7933333333333333,True,0.0060445864658722,3,2.6961664251555875
DoS,0316,mean_shift,positive,medium,exponential,0.5,weighted_0.75,300,True,0.24333333333333335,0.24333333333333335,False,0.5,227,2.6961664251555875
DoS,0316,mean_shift,positive,slow,exponential,0.5,pird,300,False,0.0,0.0,False,1.0,-1,2.6961664251555875
DoS,0316,mean_shift,positive,slow,exponential,0.5,global,300,True,0.95,0.9466666666666667,False,0.426836889374953,0,2.6961664251555875
DoS,0316,mean_shift,positive,slow,exponential,0.5,or,300,True,0.95,0.9466666666666667,False,0.426836889374953,0,2.6961664251555875
DoS,0316,mean_shift,positive,slow,exponential,0.5,max,300,True,0.9333333333333333,0.9333333333333333,False,0.5,0,2.6961664251555875
DoS,0316,mean_shift,positive,slow,exponential,0.5,weighted_0.25,300,True,0.9333333333333333,0.9366666666666666,False,0.5657643602198493,0,2.6961664251555875
DoS,0316,mean_shift,positive,slow,exponential,0.5,weighted_0.5,300,True,0.86,0.7933333333333333,True,0.015503225431097315,3,2.6961664251555875
DoS,0316,mean_shift,positive,slow,exponential,0.5,weighted_0.75,300,True,0.24333333333333335,0.24333333333333335,False,0.5,227,2.6961664251555875
DoS,0316,mean_shift,positive,fast,exponential,0.75,pird,300,False,0.0,0.0,False,1.0,-1,2.6961664251555875
DoS,0316,mean_shift,positive,fast,exponential,0.75,global,300,True,0.95,0.9466666666666667,False,0.426836889374953,0,2.6961664251555875
DoS,0316,mean_shift,positive,fast,exponential,0.75,or,300,True,0.95,0.9466666666666667,False,0.426836889374953,0,2.6961664251555875
DoS,0316,mean_shift,positive,fast,exponential,0.75,max,300,True,0.9333333333333333,0.9333333333333333,False,0.5,0,2.6961664251555875
DoS,0316,mean_shift,positive,fast,exponential,0.75,weighted_0.25,300,True,0.94,0.9366666666666666,False,0.43261708662939363,0,2.6961664251555875
DoS,0316,mean_shift,positive,fast,exponential,0.75,weighted_0.5,300,True,0.8866666666666667,0.7933333333333333,True,0.0009102663046626244,3,2.6961664251555875
DoS,0316,mean_shift,positive,fast,exponential,0.75,weighted_0.75,300,True,0.26,0.24333333333333335,False,0.31904752454662944,103,2.6961664251555875
DoS,0316,mean_shift,positive,medium,exponential,0.75,pird,300,False,0.0,0.0,False,1.0,-1,2.6961664251555875
DoS,0316,mean_shift,positive,medium,exponential,0.75,global,300,True,0.95,0.9466666666666667,False,0.426836889374953,0,2.6961664251555875
DoS,0316,mean_shift,positive,medium,exponential,0.75,or,300,True,0.95,0.9466666666666667,False,0.426836889374953,0,2.6961664251555875
DoS,0316,mean_shift,positive,medium,exponential,0.75,max,300,True,0.9333333333333333,0.9333333333333333,False,0.5,0,2.6961664251555875
DoS,0316,mean_shift,positive,medium,exponential,0.75,weighted_0.25,300,True,0.9333333333333333,0.9366666666666666,False,0.5657643602198493,0,2.6961664251555875
DoS,0316,mean_shift,positive,medium,exponential,0.75,weighted_0.5,300,True,0.87,0.7933333333333333,True,0.0060445864658722,3,2.6961664251555875
DoS,0316,mean_shift,positive,medium,exponential,0.75,weighted_0.75,300,True,0.25,0.24333333333333335,False,0.4248852922723435,213,2.6961664251555875
DoS,0316,mean_shift,positive,slow,exponential,0.75,pird,300,False,0.0,0.0,False,1.0,-1,2.6961664251555875
DoS,0316,mean_shift,positive,slow,exponential,0.75,global,300,True,0.95,0.9466666666666667,False,0.426836889374953,0,2.6961664251555875
DoS,0316,mean_shift,positive,slow,exponential,0.75,or,300,True,0.95,0.9466666666666667,False,0.426836889374953,0,2.6961664251555875
DoS,0316,mean_shift,positive,slow,exponential,0.75,max,300,True,0.9333333333333333,0.9333333333333333,False,0.5,0,2.6961664251555875
DoS,0316,mean_shift,positive,slow,exponential,0.75,weighted_0.25,300,True,0.9333333333333333,0.9366666666666666,False,0.5657643602198493,0,2.6961664251555875
DoS,0316,mean_shift,positive,slow,exponential,0.75,weighted_0.5,300,True,0.8666666666666667,0.7933333333333333,True,0.008400775977143607,3,2.6961664251555875
DoS,0316,mean_shift,positive,slow,exponential,0.75,weighted_0.75,300,True,0.24333333333333335,0.24333333333333335,False,0.5,227,2.6961664251555875
DoS,0316,mean_shift,positive,fast,exponential,1.0,pird,300,False,0.0,0.0,False,1.0,-1,3.3401784051472845
DoS,0316,mean_shift,positive,fast,exponential,1.0,global,300,True,0.95,0.9466666666666667,False,0.426836889374953,0,3.3401784051472845
DoS,0316,mean_shift,positive,fast,exponential,1.0,or,300,True,0.95,0.9466666666666667,False,0.426836889374953,0,3.3401784051472845
DoS,0316,mean_shift,positive,fast,exponential,1.0,max,300,True,0.9333333333333333,0.9333333333333333,False,0.5,0,3.3401784051472845
DoS,0316,mean_shift,positive,fast,exponential,1.0,weighted_0.25,300,True,0.9433333333333334,0.9366666666666666,False,0.3654956869116182,0,3.3401784051472845
DoS,0316,mean_shift,positive,fast,exponential,1.0,weighted_0.5,300,True,0.8933333333333333,0.7933333333333333,True,0.0003766057827977647,3,3.3401784051472845
DoS,0316,mean_shift,positive,fast,exponential,1.0,weighted_0.75,300,True,0.38666666666666666,0.24333333333333335,True,7.868742638996552e-05,63,3.3401784051472845
DoS,0316,mean_shift,positive,medium,exponential,1.0,pird,300,False,0.0,0.0,False,1.0,-1,3.3401784051472845
DoS,0316,mean_shift,positive,medium,exponential,1.0,global,300,True,0.95,0.9466666666666667,False,0.426836889374953,0,3.3401784051472845
DoS,0316,mean_shift,positive,medium,exponential,1.0,or,300,True,0.95,0.9466666666666667,False,0.426836889374953,0,3.3401784051472845
DoS,0316,mean_shift,positive,medium,exponential,1.0,max,300,True,0.9333333333333333,0.9333333333333333,False,0.5,0,3.3401784051472845
DoS,0316,mean_shift,positive,medium,exponential,1.0,weighted_0.25,300,True,0.9333333333333333,0.9366666666666666,False,0.5657643602198493,0,3.3401784051472845
DoS,0316,mean_shift,positive,medium,exponential,1.0,weighted_0.5,300,True,0.8833333333333333,0.7933333333333333,True,0.0013761781658817708,3,3.3401784051472845
DoS,0316,mean_shift,positive,medium,exponential,1.0,weighted_0.75,300,True,0.3333333333333333,0.24333333333333335,True,0.00748016854292484,128,3.3401784051472845
DoS,0316,mean_shift,positive,slow,exponential,1.0,pird,300,False,0.0,0.0,False,1.0,-1,3.3401784051472845
DoS,0316,mean_shift,positive,slow,exponential,1.0,global,300,True,0.95,0.9466666666666667,False,0.426836889374953,0,3.3401784051472845
DoS,0316,mean_shift,positive,slow,exponential,1.0,or,300,True,0.95,0.9466666666666667,False,0.426836889374953,0,3.3401784051472845
DoS,0316,mean_shift,positive,slow,exponential,1.0,max,300,True,0.9333333333333333,0.9333333333333333,False,0.5,0,3.3401784051472845
DoS,0316,mean_shift,positive,slow,exponential,1.0,weighted_0.25,300,True,0.9333333333333333,0.9366666666666666,False,0.5657643602198493,0,3.3401784051472845
DoS,0316,mean_shift,positive,slow,exponential,1.0,weighted_0.5,300,True,0.87,0.7933333333333333,True,0.0060445864658722,3,3.3401784051472845
DoS,0316,mean_shift,positive,slow,exponential,1.0,weighted_0.75,300,True,0.24333333333333335,0.24333333333333335,False,0.5,227,3.3401784051472845
DoS,0316,mean_shift,positive,fast,exponential,1.5,pird,300,False,0.0,0.0,False,1.0,-1,5.024871571137907
DoS,0316,mean_shift,positive,fast,exponential,1.5,global,300,True,0.95,0.9466666666666667,False,0.426836889374953,0,5.024871571137907
DoS,0316,mean_shift,positive,fast,exponential,1.5,or,300,True,0.95,0.9466666666666667,False,0.426836889374953,0,5.024871571137907
DoS,0316,mean_shift,positive,fast,exponential,1.5,max,300,True,0.9333333333333333,0.9333333333333333,False,0.5,0,5.024871571137907
DoS,0316,mean_shift,positive,fast,exponential,1.5,weighted_0.25,300,True,0.95,0.9366666666666666,False,0.24000143569275664,0,5.024871571137907
DoS,0316,mean_shift,positive,fast,exponential,1.5,weighted_0.5,300,True,0.9033333333333333,0.7933333333333333,True,8.637188653413677e-05,3,5.024871571137907
DoS,0316,mean_shift,positive,fast,exponential,1.5,weighted_0.75,300,True,0.7833333333333333,0.24333333333333335,True,2.868950735482842e-40,55,5.024871571137907
DoS,0316,mean_shift,positive,medium,exponential,1.5,pird,300,False,0.0,0.0,False,1.0,-1,5.024871571137907
DoS,0316,mean_shift,positive,medium,exponential,1.5,global,300,True,0.95,0.9466666666666667,False,0.426836889374953,0,5.024871571137907
DoS,0316,mean_shift,positive,medium,exponential,1.5,or,300,True,0.95,0.9466666666666667,False,0.426836889374953,0,5.024871571137907
DoS,0316,mean_shift,positive,medium,exponential,1.5,max,300,True,0.9333333333333333,0.9333333333333333,False,0.5,0,5.024871571137907
DoS,0316,mean_shift,positive,medium,exponential,1.5,weighted_0.25,300,True,0.94,0.9366666666666666,False,0.43261708662939363,0,5.024871571137907
DoS,0316,mean_shift,positive,medium,exponential,1.5,weighted_0.5,300,True,0.9,0.7933333333333333,True,0.0001440527922411872,3,5.024871571137907
DoS,0316,mean_shift,positive,medium,exponential,1.5,weighted_0.75,300,True,0.5833333333333334,0.24333333333333335,True,1.380379737952468e-17,103,5.024871571137907
DoS,0316,mean_shift,positive,slow,exponential,1.5,pird,300,False,0.0,0.0,False,1.0,-1,5.024871571137907
DoS,0316,mean_shift,positive,slow,exponential,1.5,global,300,True,0.95,0.9466666666666667,False,0.426836889374953,0,5.024871571137907
DoS,0316,mean_shift,positive,slow,exponential,1.5,or,300,True,0.95,0.9466666666666667,False,0.426836889374953,0,5.024871571137907
DoS,0316,mean_shift,positive,slow,exponential,1.5,max,300,True,0.9333333333333333,0.9333333333333333,False,0.5,0,5.024871571137907
DoS,0316,mean_shift,positive,slow,exponential,1.5,weighted_0.25,300,True,0.9333333333333333,0.9366666666666666,False,0.5657643602198493,0,5.024871571137907
DoS,0316,mean_shift,positive,slow,exponential,1.5,weighted_0.5,300,True,0.8766666666666667,0.7933333333333333,True,0.002982846250957751,3,5.024871571137907
DoS,0316,mean_shift,positive,slow,exponential,1.5,weighted_0.75,300,True,0.26666666666666666,0.24333333333333335,False,0.25602364214780576,193,5.024871571137907
DoS,0316,mean_shift,positive,fast,exponential,2.0,pird,300,True,0.7533333333333333,0.0,True,3.8871947866623353e-81,74,6.709742468613402
DoS,0316,mean_shift,positive,fast,exponential,2.0,global,300,True,0.95,0.9466666666666667,False,0.426836889374953,0,6.709742468613402
DoS,0316,mean_shift,positive,fast,exponential,2.0,or,300,True,0.9566666666666667,0.9466666666666667,False,0.2839803389582445,0,6.709742468613402
DoS,0316,mean_shift,positive,fast,exponential,2.0,max,300,True,0.9333333333333333,0.9333333333333333,False,0.5,0,6.709742468613402
DoS,0316,mean_shift,positive,fast,exponential,2.0,weighted_0.25,300,True,0.9633333333333334,0.9366666666666666,False,0.06699685475749391,0,6.709742468613402
DoS,0316,mean_shift,positive,fast,exponential,2.0,weighted_0.5,300,True,0.91,0.7933333333333333,True,2.908516745764264e-05,3,6.709742468613402
DoS,0316,mean_shift,positive,fast,exponential,2.0,weighted_0.75,300,True,0.8266666666666667,0.24333333333333335,True,7.766470243208143e-47,48,6.709742468613402
DoS,0316,mean_shift,positive,medium,exponential,2.0,pird,300,True,0.5033333333333333,0.0,True,4.265749705812392e-46,149,6.709742468613402
DoS,0316,mean_shift,positive,medium,exponential,2.0,global,300,True,0.95,0.9466666666666667,False,0.426836889374953,0,6.709742468613402
DoS,0316,mean_shift,positive,medium,exponential,2.0,or,300,True,0.9566666666666667,0.9466666666666667,False,0.2839803389582445,0,6.709742468613402
DoS,0316,mean_shift,positive,medium,exponential,2.0,max,300,True,0.9333333333333333,0.9333333333333333,False,0.5,0,6.709742468613402
DoS,0316,mean_shift,positive,medium,exponential,2.0,weighted_0.25,300,True,0.95,0.9366666666666666,False,0.24000143569275664,0,6.709742468613402
DoS,0316,mean_shift,positive,medium,exponential,2.0,weighted_0.5,300,True,0.9,0.7933333333333333,True,0.0001440527922411872,3,6.709742468613402
DoS,0316,mean_shift,positive,medium,exponential,2.0,weighted_0.75,300,True,0.6566666666666666,0.24333333333333335,True,1.2746042217788025e-24,85,6.709742468613402
DoS,0316,mean_shift,positive,slow,exponential,2.0,pird,300,True,0.0033333333333333335,0.0,False,0.15845344348567247,299,6.709742468613402
DoS,0316,mean_shift,positive,slow,exponential,2.0,global,300,True,0.95,0.9466666666666667,False,0.426836889374953,0,6.709742468613402
DoS,0316,mean_shift,positive,slow,exponential,2.0,or,300,True,0.95,0.9466666666666667,False,0.426836889374953,0,6.709742468613402
DoS,0316,mean_shift,positive,slow,exponential,2.0,max,300,True,0.9333333333333333,0.9333333333333333,False,0.5,0,6.709742468613402
DoS,0316,mean_shift,positive,slow,exponential,2.0,weighted_0.25,300,True,0.9333333333333333,0.9366666666666666,False,0.5657643602198493,0,6.709742468613402
DoS,0316,mean_shift,positive,slow,exponential,2.0,weighted_0.5,300,True,0.88,0.7933333333333333,True,0.002043701462558664,3,6.709742468613402
DoS,0316,mean_shift,positive,slow,exponential,2.0,weighted_0.75,300,True,0.31333333333333335,0.24333333333333335,True,0.0278802955351198,158,6.709742468613402
DoS,0316,mean_shift,positive,fast,exponential,3.0,pird,300,True,0.81,0.0,True,4.07986071593782e-91,57,9.897620354830254
DoS,0316,mean_shift,positive,fast,exponential,3.0,global,300,True,0.95,0.9466666666666667,False,0.426836889374953,0,9.897620354830254
DoS,0316,mean_shift,positive,fast,exponential,3.0,or,300,True,0.9566666666666667,0.9466666666666667,False,0.2839803389582445,0,9.897620354830254
DoS,0316,mean_shift,positive,fast,exponential,3.0,max,300,True,0.94,0.9333333333333333,False,0.36872498508978235,0,9.897620354830254
DoS,0316,mean_shift,positive,fast,exponential,3.0,weighted_0.25,300,True,0.97,0.9366666666666666,True,0.026463003861639973,0,9.897620354830254
DoS,0316,mean_shift,positive,fast,exponential,3.0,weighted_0.5,300,True,0.92,0.7933333333333333,True,4.7733694909817976e-06,3,9.897620354830254
DoS,0316,mean_shift,positive,fast,exponential,3.0,weighted_0.75,300,True,0.8633333333333333,0.24333333333333335,True,5.70015673552763e-53,38,9.897620354830254
DoS,0316,mean_shift,positive,medium,exponential,3.0,pird,300,True,0.62,0.0,True,7.057298853226804e-61,114,9.897620354830254
DoS,0316,mean_shift,positive,medium,exponential,3.0,global,300,True,0.95,0.9466666666666667,False,0.426836889374953,0,9.897620354830254
DoS,0316,mean_shift,positive,medium,exponential,3.0,or,300,True,0.9566666666666667,0.9466666666666667,False,0.2839803389582445,0,9.897620354830254
DoS,0316,mean_shift,positive,medium,exponential,3.0,max,300,True,0.94,0.9333333333333333,False,0.36872498508978235,0,9.897620354830254
DoS,0316,mean_shift,positive,medium,exponential,3.0,weighted_0.25,300,True,0.9566666666666667,0.9366666666666666,False,0.13782825813674565,0,9.897620354830254
DoS,0316,mean_shift,positive,medium,exponential,3.0,weighted_0.5,300,True,0.9,0.7933333333333333,True,0.0001440527922411872,3,9.897620354830254
DoS,0316,mean_shift,positive,medium,exponential,3.0,weighted_0.75,300,True,0.74,0.24333333333333335,True,2.3155503519700044e-34,58,9.897620354830254
DoS,0316,mean_shift,positive,slow,exponential,3.0,pird,300,True,0.24,0.0,True,7.45998319849353e-20,228,9.897620354830254
DoS,0316,mean_shift,positive,slow,exponential,3.0,global,300,True,0.95,0.9466666666666667,False,0.426836889374953,0,9.897620354830254
DoS,0316,mean_shift,positive,slow,exponential,3.0,or,300,True,0.95,0.9466666666666667,False,0.426836889374953,0,9.897620354830254
DoS,0316,mean_shift,positive,slow,exponential,3.0,max,300,True,0.9333333333333333,0.9333333333333333,False,0.5,0,9.897620354830254
DoS,0316,mean_shift,positive,slow,exponential,3.0,weighted_0.25,300,True,0.94,0.9366666666666666,False,0.43261708662939363,0,9.897620354830254
DoS,0316,mean_shift,positive,slow,exponential,3.0,weighted_0.5,300,True,0.8933333333333333,0.7933333333333333,True,0.0003766057827977647,3,9.897620354830254
DoS,0316,mean_shift,positive,slow,exponential,3.0,weighted_0.75,300,True,0.49333333333333335,0.24333333333333335,True,1.0922954844899359e-10,103,9.897620354830254
DoS,0316,mean_shift,negative,fast,exponential,0.25,pird,300,False,0.0,0.0,False,1.0,-1,2.6961664251555875
DoS,0316,mean_shift,negative,fast,exponential,0.25,global,300,True,0.95,0.9466666666666667,False,0.426836889374953,0,2.6961664251555875
DoS,0316,mean_shift,negative,fast,exponential,0.25,or,300,True,0.95,0.9466666666666667,False,0.426836889374953,0,2.6961664251555875
DoS,0316,mean_shift,negative,fast,exponential,0.25,max,300,True,0.9333333333333333,0.9333333333333333,False,0.5,0,2.6961664251555875
DoS,0316,mean_shift,negative,fast,exponential,0.25,weighted_0.25,300,True,0.93,0.9366666666666666,False,0.6282896511523726,0,2.6961664251555875
DoS,0316,mean_shift,negative,fast,exponential,0.25,weighted_0.5,300,True,0.6666666666666666,0.7933333333333333,False,0.9997623787308121,3,2.6961664251555875
DoS,0316,mean_shift,negative,fast,exponential,0.25,weighted_0.75,300,True,0.20666666666666667,0.24333333333333335,False,0.858904883764679,228,2.6961664251555875
DoS,0316,mean_shift,negative,medium,exponential,0.25,pird,300,False,0.0,0.0,False,1.0,-1,2.6961664251555875
DoS,0316,mean_shift,negative,medium,exponential,0.25,global,300,True,0.95,0.9466666666666667,False,0.426836889374953,0,2.6961664251555875
DoS,0316,mean_shift,negative,medium,exponential,0.25,or,300,True,0.95,0.9466666666666667,False,0.426836889374953,0,2.6961664251555875
DoS,0316,mean_shift,negative,medium,exponential,0.25,max,300,True,0.9333333333333333,0.9333333333333333,False,0.5,0,2.6961664251555875
DoS,0316,mean_shift,negative,medium,exponential,0.25,weighted_0.25,300,True,0.9333333333333333,0.9366666666666666,False,0.5657643602198493,0,2.6961664251555875
DoS,0316,mean_shift,negative,medium,exponential,0.25,weighted_0.5,300,True,0.7233333333333334,0.7933333333333333,False,0.9773926064546734,3,2.6961664251555875
DoS,0316,mean_shift,negative,medium,exponential,0.25,weighted_0.75,300,True,0.20666666666666667,0.24333333333333335,False,0.858904883764679,228,2.6961664251555875
DoS,0316,mean_shift,negative,slow,exponential,0.25,pird,300,False,0.0,0.0,False,1.0,-1,2.6961664251555875
DoS,0316,mean_shift,negative,slow,exponential,0.25,global,300,True,0.95,0.9466666666666667,False,0.426836889374953,0,2.6961664251555875
DoS,0316,mean_shift,negative,slow,exponential,0.25,or,300,True,0.95,0.9466666666666667,False,0.426836889374953,0,2.6961664251555875
DoS,0316,mean_shift,negative,slow,exponential,0.25,max,300,True,0.9333333333333333,0.9333333333333333,False,0.5,0,2.6961664251555875
DoS,0316,mean_shift,negative,slow,exponential,0.25,weighted_0.25,300,True,0.9333333333333333,0.9366666666666666,False,0.5657643602198493,0,2.6961664251555875
DoS,0316,mean_shift,negative,slow,exponential,0.25,weighted_0.5,300,True,0.7933333333333333,0.7933333333333333,False,0.5,3,2.6961664251555875
DoS,0316,mean_shift,negative,slow,exponential,0.25,weighted_0.75,300,True,0.21,0.24333333333333335,False,0.8352435705888264,228,2.6961664251555875
DoS,0316,mean_shift,negative,fast,exponential,0.5,pird,300,False,0.0,0.0,False,1.0,-1,2.6961664251555875
DoS,0316,mean_shift,negative,fast,exponential,0.5,global,300,True,0.95,0.9466666666666667,False,0.426836889374953,0,2.6961664251555875
DoS,0316,mean_shift,negative,fast,exponential,0.5,or,300,True,0.95,0.9466666666666667,False,0.426836889374953,0,2.6961664251555875
DoS,0316,mean_shift,negative,fast,exponential,0.5,max,300,True,0.9333333333333333,0.9333333333333333,False,0.5,0,2.6961664251555875
DoS,0316,mean_shift,negative,fast,exponential,0.5,weighted_0.25,300,True,0.9333333333333333,0.9366666666666666,False,0.5657643602198493,0,2.6961664251555875
DoS,0316,mean_shift,negative,fast,exponential,0.5,weighted_0.5,300,True,0.81,0.7933333333333333,False,0.3043545257624031,3,2.6961664251555875
DoS,0316,mean_shift,negative,fast,exponential,0.5,weighted_0.75,300,True,0.24,0.24333333333333335,False,0.5379872731206179,228,2.6961664251555875
DoS,0316,mean_shift,negative,medium,exponential,0.5,pird,300,False,0.0,0.0,False,1.0,-1,2.6961664251555875
DoS,0316,mean_shift,negative,medium,exponential,0.5,global,300,True,0.95,0.9466666666666667,False,0.426836889374953,0,2.6961664251555875
DoS,0316,mean_shift,negative,medium,exponential,0.5,or,300,True,0.95,0.9466666666666667,False,0.426836889374953,0,2.6961664251555875
DoS,0316,mean_shift,negative,medium,exponential,0.5,max,300,True,0.9333333333333333,0.9333333333333333,False,0.5,0,2.6961664251555875
DoS,0316,mean_shift,negative,medium,exponential,0.5,weighted_0.25,300,True,0.9333333333333333,0.9366666666666666,False,0.5657643602198493,0,2.6961664251555875
DoS,0316,mean_shift,negative,medium,exponential,0.5,weighted_0.5,300,True,0.7466666666666667,0.7933333333333333,False,0.9127896679428344,3,2.6961664251555875
DoS,0316,mean_shift,negative,medium,exponential,0.5,weighted_0.75,300,True,0.24,0.24333333333333335,False,0.5379872731206179,228,2.6961664251555875
DoS,0316,mean_shift,negative,slow,exponential,0.5,pird,300,False,0.0,0.0,False,1.0,-1,2.6961664251555875
DoS,0316,mean_shift,negative,slow,exponential,0.5,global,300,True,0.95,0.9466666666666667,False,0.426836889374953,0,2.6961664251555875
DoS,0316,mean_shift,negative,slow,exponential,0.5,or,300,True,0.95,0.9466666666666667,False,0.426836889374953,0,2.6961664251555875
DoS,0316,mean_shift,negative,slow,exponential,0.5,max,300,True,0.9333333333333333,0.9333333333333333,False,0.5,0,2.6961664251555875
DoS,0316,mean_shift,negative,slow,exponential,0.5,weighted_0.25,300,True,0.9333333333333333,0.9366666666666666,False,0.5657643602198493,0,2.6961664251555875
DoS,0316,mean_shift,negative,slow,exponential,0.5,weighted_0.5,300,True,0.75,0.7933333333333333,False,0.8969482471097115,3,2.6961664251555875
DoS,0316,mean_shift,negative,slow,exponential,0.5,weighted_0.75,300,True,0.24,0.24333333333333335,False,0.5379872731206179,228,2.6961664251555875
DoS,0316,mean_shift,negative,fast,exponential,0.75,pird,300,False,0.0,0.0,False,1.0,-1,2.6961664251555875
DoS,0316,mean_shift,negative,fast,exponential,0.75,global,300,True,0.95,0.9466666666666667,False,0.426836889374953,0,2.6961664251555875
DoS,0316,mean_shift,negative,fast,exponential,0.75,or,300,True,0.95,0.9466666666666667,False,0.426836889374953,0,2.6961664251555875
DoS,0316,mean_shift,negative,fast,exponential,0.75,max,300,True,0.9333333333333333,0.9333333333333333,False,0.5,0,2.6961664251555875
DoS,0316,mean_shift,negative,fast,exponential,0.75,weighted_0.25,300,True,0.9333333333333333,0.9366666666666666,False,0.5657643602198493,0,2.6961664251555875
DoS,0316,mean_shift,negative,fast,exponential,0.75,weighted_0.5,300,True,0.8566666666666667,0.7933333333333333,True,0.02060463968758141,3,2.6961664251555875
DoS,0316,mean_shift,negative,fast,exponential,0.75,weighted_0.75,300,True,0.24333333333333335,0.24333333333333335,False,0.5,227,2.6961664251555875
DoS,0316,mean_shift,negative,medium,exponential,0.75,pird,300,False,0.0,0.0,False,1.0,-1,2.6961664251555875
DoS,0316,mean_shift,negative,medium,exponential,0.75,global,300,True,0.95,0.9466666666666667,False,0.426836889374953,0,2.6961664251555875
DoS,0316,mean_shift,negative,medium,exponential,0.75,or,300,True,0.95,0.9466666666666667,False,0.426836889374953,0,2.6961664251555875
DoS,0316,mean_shift,negative,medium,exponential,0.75,max,300,True,0.9333333333333333,0.9333333333333333,False,0.5,0,2.6961664251555875
DoS,0316,mean_shift,negative,medium,exponential,0.75,weighted_0.25,300,True,0.9333333333333333,0.9366666666666666,False,0.5657643602198493,0,2.6961664251555875
DoS,0316,mean_shift,negative,medium,exponential,0.75,weighted_0.5,300,True,0.8133333333333334,0.7933333333333333,False,0.26886222875507754,3,2.6961664251555875
DoS,0316,mean_shift,negative,medium,exponential,0.75,weighted_0.75,300,True,0.24333333333333335,0.24333333333333335,False,0.5,227,2.6961664251555875
DoS,0316,mean_shift,negative,slow,exponential,0.75,pird,300,False,0.0,0.0,False,1.0,-1,2.6961664251555875
DoS,0316,mean_shift,negative,slow,exponential,0.75,global,300,True,0.95,0.9466666666666667,False,0.426836889374953,0,2.6961664251555875
DoS,0316,mean_shift,negative,slow,exponential,0.75,or,300,True,0.95,0.9466666666666667,False,0.426836889374953,0,2.6961664251555875
DoS,0316,mean_shift,negative,slow,exponential,0.75,max,300,True,0.9333333333333333,0.9333333333333333,False,0.5,0,2.6961664251555875
DoS,0316,mean_shift,negative,slow,exponential,0.75,weighted_0.25,300,True,0.9333333333333333,0.9366666666666666,False,0.5657643602198493,0,2.6961664251555875
DoS,0316,mean_shift,negative,slow,exponential,0.75,weighted_0.5,300,True,0.7233333333333334,0.7933333333333333,False,0.9773926064546734,3,2.6961664251555875
DoS,0316,mean_shift,negative,slow,exponential,0.75,weighted_0.75,300,True,0.24,0.24333333333333335,False,0.5379872731206179,228,2.6961664251555875
DoS,0316,mean_shift,negative,fast,exponential,1.0,pird,300,False,0.0,0.0,False,1.0,-1,3.047551494661667
DoS,0316,mean_shift,negative,fast,exponential,1.0,global,300,True,0.95,0.9466666666666667,False,0.426836889374953,0,3.047551494661667
DoS,0316,mean_shift,negative,fast,exponential,1.0,or,300,True,0.95,0.9466666666666667,False,0.426836889374953,0,3.047551494661667
DoS,0316,mean_shift,negative,fast,exponential,1.0,max,300,True,0.9333333333333333,0.9333333333333333,False,0.5,0,3.047551494661667
DoS,0316,mean_shift,negative,fast,exponential,1.0,weighted_0.25,300,True,0.9333333333333333,0.9366666666666666,False,0.5657643602198493,0,3.047551494661667
DoS,0316,mean_shift,negative,fast,exponential,1.0,weighted_0.5,300,True,0.8666666666666667,0.7933333333333333,True,0.008400775977143607,3,3.047551494661667
DoS,0316,mean_shift,negative,fast,exponential,1.0,weighted_0.75,300,True,0.68,0.24333333333333335,True,3.773389729129575e-27,63,3.047551494661667
DoS,0316,mean_shift,negative,medium,exponential,1.0,pird,300,False,0.0,0.0,False,1.0,-1,3.047551494661667
DoS,0316,mean_shift,negative,medium,exponential,1.0,global,300,True,0.95,0.9466666666666667,False,0.426836889374953,0,3.047551494661667
DoS,0316,mean_shift,negative,medium,exponential,1.0,or,300,True,0.95,0.9466666666666667,False,0.426836889374953,0,3.047551494661667
DoS,0316,mean_shift,negative,medium,exponential,1.0,max,300,True,0.9333333333333333,0.9333333333333333,False,0.5,0,3.047551494661667
DoS,0316,mean_shift,negative,medium,exponential,1.0,weighted_0.25,300,True,0.9333333333333333,0.9366666666666666,False,0.5657643602198493,0,3.047551494661667
DoS,0316,mean_shift,negative,medium,exponential,1.0,weighted_0.5,300,True,0.8366666666666667,0.7933333333333333,False,0.08584494451063553,3,3.047551494661667
DoS,0316,mean_shift,negative,medium,exponential,1.0,weighted_0.75,300,True,0.47,0.24333333333333335,True,3.4077687472750654e-09,128,3.047551494661667
DoS,0316,mean_shift,negative,slow,exponential,1.0,pird,300,False,0.0,0.0,False,1.0,-1,3.047551494661667
DoS,0316,mean_shift,negative,slow,exponential,1.0,global,300,True,0.95,0.9466666666666667,False,0.426836889374953,0,3.047551494661667
DoS,0316,mean_shift,negative,slow,exponential,1.0,or,300,True,0.95,0.9466666666666667,False,0.426836889374953,0,3.047551494661667
DoS,0316,mean_shift,negative,slow,exponential,1.0,max,300,True,0.9333333333333333,0.9333333333333333,False,0.5,0,3.047551494661667
DoS,0316,mean_shift,negative,slow,exponential,1.0,weighted_0.25,300,True,0.9333333333333333,0.9366666666666666,False,0.5657643602198493,0,3.047551494661667
DoS,0316,mean_shift,negative,slow,exponential,1.0,weighted_0.5,300,True,0.73,0.7933333333333333,False,0.9656625136804395,3,3.047551494661667
DoS,0316,mean_shift,negative,slow,exponential,1.0,weighted_0.75,300,True,0.24333333333333335,0.24333333333333335,False,0.5,227,3.047551494661667
DoS,0316,mean_shift,negative,fast,exponential,1.5,pird,300,False,0.0,0.0,False,1.0,-1,4.090077718249017
DoS,0316,mean_shift,negative,fast,exponential,1.5,global,300,True,0.95,0.9466666666666667,False,0.426836889374953,0,4.090077718249017
DoS,0316,mean_shift,negative,fast,exponential,1.5,or,300,True,0.95,0.9466666666666667,False,0.426836889374953,0,4.090077718249017
DoS,0316,mean_shift,negative,fast,exponential,1.5,max,300,True,0.9333333333333333,0.9333333333333333,False,0.5,0,4.090077718249017
DoS,0316,mean_shift,negative,fast,exponential,1.5,weighted_0.25,300,True,0.9333333333333333,0.9366666666666666,False,0.5657643602198493,0,4.090077718249017
DoS,0316,mean_shift,negative,fast,exponential,1.5,weighted_0.5,300,True,0.8966666666666666,0.7933333333333333,True,0.0002352876689171573,3,4.090077718249017
DoS,0316,mean_shift,negative,fast,exponential,1.5,weighted_0.75,300,True,0.82,0.24333333333333335,True,8.84590426413675e-46,54,4.090077718249017
DoS,0316,mean_shift,negative,medium,exponential,1.5,pird,300,False,0.0,0.0,False,1.0,-1,4.090077718249017
DoS,0316,mean_shift,negative,medium,exponential,1.5,global,300,True,0.95,0.9466666666666667,False,0.426836889374953,0,4.090077718249017
DoS,0316,mean_shift,negative,medium,exponential,1.5,or,300,True,0.95,0.9466666666666667,False,0.426836889374953,0,4.090077718249017
DoS,0316,mean_shift,negative,medium,exponential,1.5,max,300,True,0.9333333333333333,0.9333333333333333,False,0.5,0,4.090077718249017
DoS,0316,mean_shift,negative,medium,exponential,1.5,weighted_0.25,300,True,0.9333333333333333,0.9366666666666666,False,0.5657643602198493,0,4.090077718249017
DoS,0316,mean_shift,negative,medium,exponential,1.5,weighted_0.5,300,True,0.8566666666666667,0.7933333333333333,True,0.02060463968758141,3,4.090077718249017
DoS,0316,mean_shift,negative,medium,exponential,1.5,weighted_0.75,300,True,0.6333333333333333,0.24333333333333335,True,3.0897650893666444e-22,103,4.090077718249017
DoS,0316,mean_shift,negative,slow,exponential,1.5,pird,300,False,0.0,0.0,False,1.0,-1,4.090077718249017
DoS,0316,mean_shift,negative,slow,exponential,1.5,global,300,True,0.95,0.9466666666666667,False,0.426836889374953,0,4.090077718249017
DoS,0316,mean_shift,negative,slow,exponential,1.5,or,300,True,0.95,0.9466666666666667,False,0.426836889374953,0,4.090077718249017
DoS,0316,mean_shift,negative,slow,exponential,1.5,max,300,True,0.9333333333333333,0.9333333333333333,False,0.5,0,4.090077718249017
DoS,0316,mean_shift,negative,slow,exponential,1.5,weighted_0.25,300,True,0.9333333333333333,0.9366666666666666,False,0.5657643602198493,0,4.090077718249017
DoS,0316,mean_shift,negative,slow,exponential,1.5,weighted_0.5,300,True,0.7933333333333333,0.7933333333333333,False,0.5,3,4.090077718249017
DoS,0316,mean_shift,negative,slow,exponential,1.5,weighted_0.75,300,True,0.2733333333333333,0.24333333333333335,False,0.200620644708648,203,4.090077718249017
DoS,0316,mean_shift,negative,fast,exponential,2.0,pird,300,True,0.79,0.0,True,1.7338872068869753e-87,63,5.222976207969902
DoS,0316,mean_shift,negative,fast,exponential,2.0,global,300,True,0.95,0.9466666666666667,False,0.426836889374953,0,5.222976207969902
DoS,0316,mean_shift,negative,fast,exponential,2.0,or,300,True,0.9566666666666667,0.9466666666666667,False,0.2839803389582445,0,5.222976207969902
DoS,0316,mean_shift,negative,fast,exponential,2.0,max,300,True,0.94,0.9333333333333333,False,0.36872498508978235,0,5.222976207969902
DoS,0316,mean_shift,negative,fast,exponential,2.0,weighted_0.25,300,True,0.9466666666666667,0.9366666666666666,False,0.3006392065701856,0,5.222976207969902
DoS,0316,mean_shift,negative,fast,exponential,2.0,weighted_0.5,300,True,0.8966666666666666,0.7933333333333333,True,0.0002352876689171573,3,5.222976207969902
DoS,0316,mean_shift,negative,fast,exponential,2.0,weighted_0.75,300,True,0.8466666666666667,0.24333333333333335,True,4.110215597723021e-50,45,5.222976207969902
DoS,0316,mean_shift,negative,medium,exponential,2.0,pird,300,True,0.58,0.0,True,1.5422121720571063e-55,126,5.222976207969902
DoS,0316,mean_shift,negative,medium,exponential,2.0,global,300,True,0.95,0.9466666666666667,False,0.426836889374953,0,5.222976207969902
DoS,0316,mean_shift,negative,medium,exponential,2.0,or,300,True,0.9566666666666667,0.9466666666666667,False,0.2839803389582445,0,5.222976207969902
DoS,0316,mean_shift,negative,medium,exponential,2.0,max,300,True,0.94,0.9333333333333333,False,0.36872498508978235,0,5.222976207969902
DoS,0316,mean_shift,negative,medium,exponential,2.0,weighted_0.25,300,True,0.94,0.9366666666666666,False,0.43261708662939363,0,5.222976207969902
DoS,0316,mean_shift,negative,medium,exponential,2.0,weighted_0.5,300,True,0.87,0.7933333333333333,True,0.0060445864658722,3,5.222976207969902
DoS,0316,mean_shift,negative,medium,exponential,2.0,weighted_0.75,300,True,0.7066666666666667,0.24333333333333335,True,3.176759154708491e-30,85,5.222976207969902
DoS,0316,mean_shift,negative,slow,exponential,2.0,pird,300,True,0.15666666666666668,0.0,True,4.631079828823094e-13,253,5.222976207969902
DoS,0316,mean_shift,negative,slow,exponential,2.0,global,300,True,0.95,0.9466666666666667,False,0.426836889374953,0,5.222976207969902
DoS,0316,mean_shift,negative,slow,exponential,2.0,or,300,True,0.95,0.9466666666666667,False,0.426836889374953,0,5.222976207969902
DoS,0316,mean_shift,negative,slow,exponential,2.0,max,300,True,0.9333333333333333,0.9333333333333333,False,0.5,0,5.222976207969902
DoS,0316,mean_shift,negative,slow,exponential,2.0,weighted_0.25,300,True,0.9333333333333333,0.9366666666666666,False,0.5657643602198493,0,5.222976207969902
DoS,0316,mean_shift,negative,slow,exponential,2.0,weighted_0.5,300,True,0.82,0.7933333333333333,False,0.2041139829299057,3,5.222976207969902
DoS,0316,mean_shift,negative,slow,exponential,2.0,weighted_0.75,300,True,0.39666666666666667,0.24333333333333335,True,2.839033561489698e-05,163,5.222976207969902
DoS,0316,mean_shift,negative,fast,exponential,3.0,pird,300,True,0.8433333333333334,0.0,True,1.929106318970834e-97,47,7.610389071454369
DoS,0316,mean_shift,negative,fast,exponential,3.0,global,300,True,0.9466666666666667,0.9466666666666667,False,0.5,0,7.610389071454369
DoS,0316,mean_shift,negative,fast,exponential,3.0,or,300,True,0.9533333333333334,0.9466666666666667,False,0.35396622089594276,0,7.610389071454369
DoS,0316,mean_shift,negative,fast,exponential,3.0,max,300,True,0.94,0.9333333333333333,False,0.36872498508978235,0,7.610389071454369
DoS,0316,mean_shift,negative,fast,exponential,3.0,weighted_0.25,300,True,0.9633333333333334,0.9366666666666666,False,0.06699685475749391,0,7.610389071454369
DoS,0316,mean_shift,negative,fast,exponential,3.0,weighted_0.5,300,True,0.9233333333333333,0.7933333333333333,True,2.48668453080449e-06,3,7.610389071454369
DoS,0316,mean_shift,negative,fast,exponential,3.0,weighted_0.75,300,True,0.8766666666666667,0.24333333333333335,True,2.4079563766829825e-55,33,7.610389071454369
DoS,0316,mean_shift,negative,medium,exponential,3.0,pird,300,True,0.6833333333333333,0.0,True,5.430887209771437e-70,95,7.610389071454369
DoS,0316,mean_shift,negative,medium,exponential,3.0,global,300,True,0.95,0.9466666666666667,False,0.426836889374953,0,7.610389071454369
DoS,0316,mean_shift,negative,medium,exponential,3.0,or,300,True,0.9566666666666667,0.9466666666666667,False,0.2839803389582445,0,7.610389071454369
DoS,0316,mean_shift,negative,medium,exponential,3.0,max,300,True,0.94,0.9333333333333333,False,0.36872498508978235,0,7.610389071454369
DoS,0316,mean_shift,negative,medium,exponential,3.0,weighted_0.25,300,True,0.94,0.9366666666666666,False,0.43261708662939363,0,7.610389071454369
DoS,0316,mean_shift,negative,medium,exponential,3.0,weighted_0.5,300,True,0.8866666666666667,0.7933333333333333,True,0.0009102663046626244,3,7.610389071454369
DoS,0316,mean_shift,negative,medium,exponential,3.0,weighted_0.75,300,True,0.79,0.24333333333333335,True,3.106172849754576e-41,58,7.610389071454369
DoS,0316,mean_shift,negative,slow,exponential,3.0,pird,300,True,0.36666666666666664,0.0,True,1.9260418059324438e-31,190,7.610389071454369
DoS,0316,mean_shift,negative,slow,exponential,3.0,global,300,True,0.95,0.9466666666666667,False,0.426836889374953,0,7.610389071454369
DoS,0316,mean_shift,negative,slow,exponential,3.0,or,300,True,0.9566666666666667,0.9466666666666667,False,0.2839803389582445,0,7.610389071454369
DoS,0316,mean_shift,negative,slow,exponential,3.0,max,300,True,0.94,0.9333333333333333,False,0.36872498508978235,0,7.610389071454369
DoS,0316,mean_shift,negative,slow,exponential,3.0,weighted_0.25,300,True,0.94,0.9366666666666666,False,0.43261708662939363,0,7.610389071454369
DoS,0316,mean_shift,negative,slow,exponential,3.0,weighted_0.5,300,True,0.8566666666666667,0.7933333333333333,True,0.02060463968758141,3,7.610389071454369
DoS,0316,mean_shift,negative,slow,exponential,3.0,weighted_0.75,300,True,0.5733333333333334,0.24333333333333335,True,9.949932225089284e-17,123,7.610389071454369
DoS,0350,additive,positive,fast,exponential,0.25,pird,300,False,0.0,0.0,False,1.0,-1,5.324143333709
DoS,0350,additive,positive,fast,exponential,0.25,global,300,True,0.9433333333333334,0.9433333333333334,False,0.5,1,5.324143333709
DoS,0350,additive,positive,fast,exponential,0.25,or,300,True,0.9433333333333334,0.9433333333333334,False,0.5,1,5.324143333709
DoS,0350,additive,positive,fast,exponential,0.25,max,300,True,0.9366666666666666,0.9333333333333333,False,0.4342356397801507,1,5.324143333709
DoS,0350,additive,positive,fast,exponential,0.25,weighted_0.25,300,True,0.9466666666666667,0.9366666666666666,False,0.3006392065701856,1,5.324143333709
DoS,0350,additive,positive,fast,exponential,0.25,weighted_0.5,300,True,0.8766666666666667,0.7333333333333333,True,4.695220226053128e-06,1,5.324143333709
DoS,0350,additive,positive,fast,exponential,0.25,weighted_0.75,300,True,0.29,0.23333333333333334,False,0.057171895071153965,76,5.324143333709
DoS,0350,additive,positive,medium,exponential,0.25,pird,300,False,0.0,0.0,False,1.0,-1,5.324143333709
DoS,0350,additive,positive,medium,exponential,0.25,global,300,True,0.9433333333333334,0.9433333333333334,False,0.5,1,5.324143333709
DoS,0350,additive,positive,medium,exponential,0.25,or,300,True,0.9433333333333334,0.9433333333333334,False,0.5,1,5.324143333709
DoS,0350,additive,positive,medium,exponential,0.25,max,300,True,0.9366666666666666,0.9333333333333333,False,0.4342356397801507,1,5.324143333709
DoS,0350,additive,positive,medium,exponential,0.25,weighted_0.25,300,True,0.94,0.9366666666666666,False,0.43261708662939363,1,5.324143333709
DoS,0350,additive,positive,medium,exponential,0.25,weighted_0.5,300,True,0.87,0.7333333333333333,True,1.348078662127451e-05,1,5.324143333709
DoS,0350,additive,positive,medium,exponential,0.25,weighted_0.75,300,True,0.2833333333333333,0.23333333333333334,False,0.08090489032289883,141,5.324143333709
DoS,0350,additive,positive,slow,exponential,0.25,pird,300,False,0.0,0.0,False,1.0,-1,5.311841329305127
DoS,0350,additive,positive,slow,exponential,0.25,global,300,True,0.9433333333333334,0.9433333333333334,False,0.5,1,5.311841329305127
DoS,0350,additive,positive,slow,exponential,0.25,or,300,True,0.9433333333333334,0.9433333333333334,False,0.5,1,5.311841329305127
DoS,0350,additive,positive,slow,exponential,0.25,max,300,True,0.9366666666666666,0.9333333333333333,False,0.4342356397801507,1,5.311841329305127
DoS,0350,additive,positive,slow,exponential,0.25,weighted_0.25,300,True,0.94,0.9366666666666666,False,0.43261708662939363,1,5.311841329305127
DoS,0350,additive,positive,slow,exponential,0.25,weighted_0.5,300,True,0.7833333333333333,0.7333333333333333,False,0.07629182635490535,1,5.311841329305127
DoS,0350,additive,positive,slow,exponential,0.25,weighted_0.75,300,True,0.25333333333333335,0.23333333333333334,False,0.2840504333956,141,5.311841329305127
DoS,0350,additive,positive,fast,exponential,0.5,pird,300,False,0.0,0.0,False,1.0,-1,5.89030978303804
DoS,0350,additive,positive,fast,exponential,0.5,global,300,True,0.9433333333333334,0.9433333333333334,False,0.5,1,5.89030978303804
DoS,0350,additive,positive,fast,exponential,0.5,or,300,True,0.9433333333333334,0.9433333333333334,False,0.5,1,5.89030978303804
DoS,0350,additive,positive,fast,exponential,0.5,max,300,True,0.9366666666666666,0.9333333333333333,False,0.4342356397801507,1,5.89030978303804
DoS,0350,additive,positive,fast,exponential,0.5,weighted_0.25,300,True,0.9533333333333334,0.9366666666666666,False,0.18529764553822137,1,5.89030978303804
DoS,0350,additive,positive,fast,exponential,0.5,weighted_0.5,300,True,0.9033333333333333,0.7333333333333333,True,3.332496040492179e-08,1,5.89030978303804
DoS,0350,additive,positive,fast,exponential,0.5,weighted_0.75,300,True,0.37666666666666665,0.23333333333333334,True,6.868482208072897e-05,61,5.89030978303804
DoS,0350,additive,positive,medium,exponential,0.5,pird,300,False,0.0,0.0,False,1.0,-1,5.89030978303804
DoS,0350,additive,positive,medium,exponential,0.5,global,300,True,0.9433333333333334,0.9433333333333334,False,0.5,1,5.89030978303804
DoS,0350,additive,positive,medium,exponential,0.5,or,300,True,0.9433333333333334,0.9433333333333334,False,0.5,1,5.89030978303804
DoS,0350,additive,positive,medium,exponential,0.5,max,300,True,0.9366666666666666,0.9333333333333333,False,0.4342356397801507,1,5.89030978303804
DoS,0350,additive,positive,medium,exponential,0.5,weighted_0.25,300,True,0.94,0.9366666666666666,False,0.43261708662939363,1,5.89030978303804
DoS,0350,additive,positive,medium,exponential,0.5,weighted_0.5,300,True,0.89,0.7333333333333333,True,4.609717042965405e-07,1,5.89030978303804
DoS,0350,additive,positive,medium,exponential,0.5,weighted_0.75,300,True,0.37,0.23333333333333334,True,0.00013275785246492122,76,5.89030978303804
DoS,0350,additive,positive,slow,exponential,0.5,pird,300,False,0.0,0.0,False,1.0,-1,5.86253763529381
DoS,0350,additive,positive,slow,exponential,0.5,global,300,True,0.9433333333333334,0.9433333333333334,False,0.5,1,5.86253763529381
DoS,0350,additive,positive,slow,exponential,0.5,or,300,True,0.9433333333333334,0.9433333333333334,False,0.5,1,5.86253763529381
DoS,0350,additive,positive,slow,exponential,0.5,max,300,True,0.9366666666666666,0.9333333333333333,False,0.4342356397801507,1,5.86253763529381
DoS,0350,additive,positive,slow,exponential,0.5,weighted_0.25,300,True,0.94,0.9366666666666666,False,0.43261708662939363,1,5.86253763529381
DoS,0350,additive,positive,slow,exponential,0.5,weighted_0.5,300,True,0.8566666666666667,0.7333333333333333,True,9.140034518438597e-05,1,5.86253763529381
DoS,0350,additive,positive,slow,exponential,0.5,weighted_0.75,300,True,0.2866666666666667,0.23333333333333334,False,0.06822241231657346,141,5.86253763529381
DoS,0350,additive,positive,fast,exponential,0.75,pird,300,False,0.0,0.0,False,1.0,-1,6.4478114299108675
DoS,0350,additive,positive,fast,exponential,0.75,global,300,True,0.9433333333333334,0.9433333333333334,False,0.5,1,6.4478114299108675
DoS,0350,additive,positive,fast,exponential,0.75,or,300,True,0.9433333333333334,0.9433333333333334,False,0.5,1,6.4478114299108675
DoS,0350,additive,positive,fast,exponential,0.75,max,300,True,0.9366666666666666,0.9333333333333333,False,0.4342356397801507,1,6.4478114299108675
DoS,0350,additive,positive,fast,exponential,0.75,weighted_0.25,300,True,0.96,0.9366666666666666,False,0.09834645666226115,1,6.4478114299108675
DoS,0350,additive,positive,fast,exponential,0.75,weighted_0.5,300,True,0.92,0.7333333333333333,True,7.726190013382469e-10,1,6.4478114299108675
DoS,0350,additive,positive,fast,exponential,0.75,weighted_0.75,300,True,0.45666666666666667,0.23333333333333334,True,4.358107697104824e-09,58,6.4478114299108675
DoS,0350,additive,positive,medium,exponential,0.75,pird,300,False,0.0,0.0,False,1.0,-1,6.4478114299108675
DoS,0350,additive,positive,medium,exponential,0.75,global,300,True,0.9433333333333334,0.9433333333333334,False,0.5,1,6.4478114299108675
DoS,0350,additive,positive,medium,exponential,0.75,or,300,True,0.9433333333333334,0.9433333333333334,False,0.5,1,6.4478114299108675
DoS,0350,additive,positive,medium,exponential,0.75,max,300,True,0.9366666666666666,0.9333333333333333,False,0.4342356397801507,1,6.4478114299108675
DoS,0350,additive,positive,medium,exponential,0.75,weighted_0.25,300,True,0.9466666666666667,0.9366666666666666,False,0.3006392065701856,1,6.4478114299108675
DoS,0350,additive,positive,medium,exponential,0.75,weighted_0.5,300,True,0.9033333333333333,0.7333333333333333,True,3.332496040492179e-08,1,6.4478114299108675
DoS,0350,additive,positive,medium,exponential,0.75,weighted_0.75,300,True,0.44333333333333336,0.23333333333333334,True,2.7257501102243595e-08,76,6.4478114299108675
DoS,0350,additive,positive,slow,exponential,0.75,pird,300,False,0.0,0.0,False,1.0,-1,6.402155776098318
DoS,0350,additive,positive,slow,exponential,0.75,global,300,True,0.9433333333333334,0.9433333333333334,False,0.5,1,6.402155776098318
DoS,0350,additive,positive,slow,exponential,0.75,or,300,True,0.9433333333333334,0.9433333333333334,False,0.5,1,6.402155776098318
DoS,0350,additive,positive,slow,exponential,0.75,max,300,True,0.9366666666666666,0.9333333333333333,False,0.4342356397801507,1,6.402155776098318
DoS,0350,additive,positive,slow,exponential,0.75,weighted_0.25,300,True,0.94,0.9366666666666666,False,0.43261708662939363,1,6.402155776098318
DoS,0350,additive,positive,slow,exponential,0.75,weighted_0.5,300,True,0.8833333333333333,0.7333333333333333,True,1.525707842900201e-06,1,6.402155776098318
DoS,0350,additive,positive,slow,exponential,0.75,weighted_0.75,300,True,0.32,0.23333333333333334,True,0.008828355391072507,76,6.402155776098318
DoS,0350,additive,positive,fast,exponential,1.0,pird,300,True,0.023333333333333334,0.0,True,0.0038917330287714905,156,7.148367121777407
DoS,0350,additive,positive,fast,exponential,1.0,global,300,True,0.9433333333333334,0.9433333333333334,False,0.5,1,7.148367121777407
DoS,0350,additive,positive,fast,exponential,1.0,or,300,True,0.9433333333333334,0.9433333333333334,False,0.5,1,7.148367121777407
DoS,0350,additive,positive,fast,exponential,1.0,max,300,True,0.9366666666666666,0.9333333333333333,False,0.4342356397801507,1,7.148367121777407
DoS,0350,additive,positive,fast,exponential,1.0,weighted_0.25,300,True,0.9766666666666667,0.9366666666666666,True,0.008061854563087521,1,7.148367121777407
DoS,0350,additive,positive,fast,exponential,1.0,weighted_0.5,300,True,0.9366666666666666,0.7333333333333333,True,9.786515649023836e-12,1,7.148367121777407
DoS,0350,additive,positive,fast,exponential,1.0,weighted_0.75,300,True,0.64,0.23333333333333334,True,4.97437502294398e-24,56,7.148367121777407
DoS,0350,additive,positive,medium,exponential,1.0,pird,300,True,0.023333333333333334,0.0,True,0.0038917330287714905,156,7.148367121777407
DoS,0350,additive,positive,medium,exponential,1.0,global,300,True,0.9433333333333334,0.9433333333333334,False,0.5,1,7.148367121777407
DoS,0350,additive,positive,medium,exponential,1.0,or,300,True,0.9433333333333334,0.9433333333333334,False,0.5,1,7.148367121777407
DoS,0350,additive,positive,medium,exponential,1.0,max,300,True,0.9366666666666666,0.9333333333333333,False,0.4342356397801507,1,7.148367121777407
DoS,0350,additive,positive,medium,exponential,1.0,weighted_0.25,300,True,0.9533333333333334,0.9366666666666666,False,0.18529764553822137,1,7.148367121777407
DoS,0350,additive,positive,medium,exponential,1.0,weighted_0.5,300,True,0.9033333333333333,0.7333333333333333,True,3.332496040492179e-08,1,7.148367121777407
DoS,0350,additive,positive,medium,exponential,1.0,weighted_0.75,300,True,0.5366666666666666,0.23333333333333334,True,1.1308285278515153e-14,61,7.148367121777407
DoS,0350,additive,positive,slow,exponential,1.0,pird,300,False,0.0,0.0,False,1.0,-1,7.084313167803614
DoS,0350,additive,positive,slow,exponential,1.0,global,300,True,0.9433333333333334,0.9433333333333334,False,0.5,1,7.084313167803614
DoS,0350,additive,positive,slow,exponential,1.0,or,300,True,0.9433333333333334,0.9433333333333334,False,0.5,1,7.084313167803614
DoS,0350,additive,positive,slow,exponential,1.0,max,300,True,0.9366666666666666,0.9333333333333333,False,0.4342356397801507,1,7.084313167803614
DoS,0350,additive,positive,slow,exponential,1.0,weighted_0.25,300,True,0.94,0.9366666666666666,False,0.43261708662939363,1,7.084313167803614
DoS,0350,additive,positive,slow,exponential,1.0,weighted_0.5,300,True,0.8933333333333333,0.7333333333333333,True,2.4627959982357393e-07,1,7.084313167803614
DoS,0350,additive,positive,slow,exponential,1.0,weighted_0.75,300,True,0.36333333333333334,0.23333333333333334,True,0.0002507561980241117,76,7.084313167803614
DoS,0350,additive,positive,fast,exponential,1.5,pird,300,True,0.25,0.0,True,1.0395274359303672e-20,140,8.554398066373052
DoS,0350,additive,positive,fast,exponential,1.5,global,300,True,0.9433333333333334,0.9433333333333334,False,0.5,1,8.554398066373052
DoS,0350,additive,positive,fast,exponential,1.5,or,300,True,0.9433333333333334,0.9433333333333334,False,0.5,1,8.554398066373052
DoS,0350,additive,positive,fast,exponential,1.5,max,300,True,0.94,0.9333333333333333,False,0.36872498508978235,1,8.554398066373052
DoS,0350,additive,positive,fast,exponential,1.5,weighted_0.25,300,True,0.98,0.9366666666666666,True,0.003954614340175005,1,8.554398066373052
DoS,0350,additive,positive,fast,exponential,1.5,weighted_0.5,300,True,0.9433333333333334,0.7333333333333333,True,1.4112993706736775e-12,1,8.554398066373052
DoS,0350,additive,positive,fast,exponential,1.5,weighted_0.75,300,True,0.82,0.23333333333333334,True,2.954498749585136e-47,11,8.554398066373052
DoS,0350,additive,positive,medium,exponential,1.5,pird,300,True,0.22666666666666666,0.0,True,9.991926465683173e-19,147,8.554398066373052
DoS,0350,additive,positive,medium,exponential,1.5,global,300,True,0.9433333333333334,0.9433333333333334,False,0.5,1,8.554398066373052
DoS,0350,additive,positive,medium,exponential,1.5,or,300,True,0.9433333333333334,0.9433333333333334,False,0.5,1,8.554398066373052
DoS,0350,additive,positive,medium,exponential,1.5,max,300,True,0.94,0.9333333333333333,False,0.36872498508978235,1,8.554398066373052
DoS,0350,additive,positive,medium,exponential,1.5,weighted_0.25,300,True,0.96,0.9366666666666666,False,0.09834645666226115,1,8.554398066373052
DoS,0350,additive,positive,medium,exponential,1.5,weighted_0.5,300,True,0.92,0.7333333333333333,True,7.726190013382469e-10,1,8.554398066373052
DoS,0350,additive,positive,medium,exponential,1.5,weighted_0.75,300,True,0.61,0.23333333333333334,True,4.7369421404494426e-21,61,8.554398066373052
DoS,0350,additive,positive,slow,exponential,1.5,pird,300,True,0.016666666666666666,0.0,True,0.012369835647664244,287,8.45115100907216
DoS,0350,additive,positive,slow,exponential,1.5,global,300,True,0.9433333333333334,0.9433333333333334,False,0.5,1,8.45115100907216
DoS,0350,additive,positive,slow,exponential,1.5,or,300,True,0.9433333333333334,0.9433333333333334,False,0.5,1,8.45115100907216
DoS,0350,additive,positive,slow,exponential,1.5,max,300,True,0.9366666666666666,0.9333333333333333,False,0.4342356397801507,1,8.45115100907216
DoS,0350,additive,positive,slow,exponential,1.5,weighted_0.25,300,True,0.9466666666666667,0.9366666666666666,False,0.3006392065701856,1,8.45115100907216
DoS,0350,additive,positive,slow,exponential,1.5,weighted_0.5,300,True,0.9033333333333333,0.7333333333333333,True,3.332496040492179e-08,1,8.45115100907216
DoS,0350,additive,positive,slow,exponential,1.5,weighted_0.75,300,True,0.4533333333333333,0.23333333333333334,True,6.949282941213207e-09,76,8.45115100907216
DoS,0350,additive,positive,fast,exponential,2.0,pird,300,True,0.4666666666666667,0.0,True,6.52872442595715e-42,79,9.908717904823115
DoS,0350,additive,positive,fast,exponential,2.0,global,300,True,0.9433333333333334,0.9433333333333334,False,0.5,1,9.908717904823115
DoS,0350,additive,positive,fast,exponential,2.0,or,300,True,0.9466666666666667,0.9433333333333334,False,0.42894067407092007,1,9.908717904823115
DoS,0350,additive,positive,fast,exponential,2.0,max,300,True,0.9433333333333334,0.9333333333333333,False,0.3053251571611494,1,9.908717904823115
DoS,0350,additive,positive,fast,exponential,2.0,weighted_0.25,300,True,0.98,0.9366666666666666,True,0.003954614340175005,1,9.908717904823115
DoS,0350,additive,positive,fast,exponential,2.0,weighted_0.5,300,True,0.9666666666666667,0.7333333333333333,True,6.058026377420711e-16,1,9.908717904823115
DoS,0350,additive,positive,fast,exponential,2.0,weighted_0.75,300,True,0.8566666666666667,0.23333333333333334,True,2.3840411143889826e-53,11,9.908717904823115
DoS,0350,additive,positive,medium,exponential,2.0,pird,300,True,0.36666666666666664,0.0,True,1.9260418059324438e-31,140,9.908717904823115
DoS,0350,additive,positive,medium,exponential,2.0,global,300,True,0.9433333333333334,0.9433333333333334,False,0.5,1,9.908717904823115
DoS,0350,additive,positive,medium,exponential,2.0,or,300,True,0.9466666666666667,0.9433333333333334,False,0.42894067407092007,1,9.908717904823115
DoS,0350,additive,positive,medium,exponential,2.0,max,300,True,0.9433333333333334,0.9333333333333333,False,0.3053251571611494,1,9.908717904823115
DoS,0350,additive,positive,medium,exponential,2.0,weighted_0.25,300,True,0.9633333333333334,0.9366666666666666,False,0.06699685475749391,1,9.908717904823115
DoS,0350,additive,positive,medium,exponential,2.0,weighted_0.5,300,True,0.9366666666666666,0.7333333333333333,True,9.786515649023836e-12,1,9.908717904823115
DoS,0350,additive,positive,medium,exponential,2.0,weighted_0.75,300,True,0.6933333333333334,0.23333333333333334,True,6.70644240229365e-30,58,9.908717904823115
DoS,0350,additive,positive,slow,exponential,2.0,pird,300,True,0.03333333333333333,0.0,True,0.0007139182388684503,285,9.763398401558014
DoS,0350,additive,positive,slow,exponential,2.0,global,300,True,0.9433333333333334,0.9433333333333334,False,0.5,1,9.763398401558014
DoS,0350,additive,positive,slow,exponential,2.0,or,300,True,0.9433333333333334,0.9433333333333334,False,0.5,1,9.763398401558014
DoS,0350,additive,positive,slow,exponential,2.0,max,300,True,0.9366666666666666,0.9333333333333333,False,0.4342356397801507,1,9.763398401558014
DoS,0350,additive,positive,slow,exponential,2.0,weighted_0.25,300,True,0.9533333333333334,0.9366666666666666,False,0.18529764553822137,1,9.763398401558014
DoS,0350,additive,positive,slow,exponential,2.0,weighted_0.5,300,True,0.9033333333333333,0.7333333333333333,True,3.332496040492179e-08,1,9.763398401558014
DoS,0350,additive,positive,slow,exponential,2.0,weighted_0.75,300,True,0.5166666666666667,0.23333333333333334,True,3.809809471138408e-13,61,9.763398401558014
DoS,0350,additive,positive,fast,exponential,3.0,pird,300,True,0.81,0.0,True,4.07986071593782e-91,57,12.863850814421049
DoS,0350,additive,positive,fast,exponential,3.0,global,300,True,0.9466666666666667,0.9433333333333334,False,0.42894067407092007,1,12.863850814421049
DoS,0350,additive,positive,fast,exponential,3.0,or,300,True,0.95,0.9433333333333334,False,0.35816194379067917,1,12.863850814421049
DoS,0350,additive,positive,fast,exponential,3.0,max,300,True,0.9433333333333334,0.9333333333333333,False,0.3053251571611494,1,12.863850814421049
DoS,0350,additive,positive,fast,exponential,3.0,weighted_0.25,300,True,0.99,0.9366666666666666,True,0.0002549277556838282,1,12.863850814421049
DoS,0350,additive,positive,fast,exponential,3.0,weighted_0.5,300,True,0.98,0.7333333333333333,True,3.307729986476689e-18,1,12.863850814421049
DoS,0350,additive,positive,fast,exponential,3.0,weighted_0.75,300,True,0.9166666666666666,0.23333333333333334,True,1.3582805982742782e-64,8,12.863850814421049
DoS,0350,additive,positive,medium,exponential,3.0,pird,300,True,0.63,0.0,True,2.919753087090366e-62,111,12.863850814421049
DoS,0350,additive,positive,medium,exponential,3.0,global,300,True,0.9433333333333334,0.9433333333333334,False,0.5,1,12.863850814421049
DoS,0350,additive,positive,medium,exponential,3.0,or,300,True,0.9466666666666667,0.9433333333333334,False,0.42894067407092007,1,12.863850814421049
DoS,0350,additive,positive,medium,exponential,3.0,max,300,True,0.9433333333333334,0.9333333333333333,False,0.3053251571611494,1,12.863850814421049
DoS,0350,additive,positive,medium,exponential,3.0,weighted_0.25,300,True,0.9833333333333333,0.9366666666666666,True,0.001768968239111073,1,12.863850814421049
DoS,0350,additive,positive,medium,exponential,3.0,weighted_0.5,300,True,0.9433333333333334,0.7333333333333333,True,1.4112993706736775e-12,1,12.863850814421049
DoS,0350,additive,positive,medium,exponential,3.0,weighted_0.75,300,True,0.7866666666666666,0.23333333333333334,True,3.623015335054529e-42,11,12.863850814421049
DoS,0350,additive,positive,slow,exponential,3.0,pird,300,True,0.38,0.0,True,9.166505749894166e-33,156,12.65543396313609
DoS,0350,additive,positive,slow,exponential,3.0,global,300,True,0.9433333333333334,0.9433333333333334,False,0.5,1,12.65543396313609
DoS,0350,additive,positive,slow,exponential,3.0,or,300,True,0.9433333333333334,0.9433333333333334,False,0.5,1,12.65543396313609
DoS,0350,additive,positive,slow,exponential,3.0,max,300,True,0.94,0.9333333333333333,False,0.36872498508978235,1,12.65543396313609
DoS,0350,additive,positive,slow,exponential,3.0,weighted_0.25,300,True,0.96,0.9366666666666666,False,0.09834645666226115,1,12.65543396313609
DoS,0350,additive,positive,slow,exponential,3.0,weighted_0.5,300,True,0.9133333333333333,0.7333333333333333,True,3.727610294250793e-09,1,12.65543396313609
DoS,0350,additive,positive,slow,exponential,3.0,weighted_0.75,300,True,0.5766666666666667,0.23333333333333334,True,5.3593554872592465e-18,61,12.65543396313609
DoS,0350,additive,negative,fast,exponential,0.25,pird,300,False,0.0,0.0,False,1.0,-1,4.564898687726716
DoS,0350,additive,negative,fast,exponential,0.25,global,300,True,0.9433333333333334,0.9433333333333334,False,0.5,1,4.564898687726716
DoS,0350,additive,negative,fast,exponential,0.25,or,300,True,0.9433333333333334,0.9433333333333334,False,0.5,1,4.564898687726716
DoS,0350,additive,negative,fast,exponential,0.25,max,300,True,0.93,0.9333333333333333,False,0.5642682172136492,1,4.564898687726716
DoS,0350,additive,negative,fast,exponential,0.25,weighted_0.25,300,True,0.9433333333333334,0.9366666666666666,False,0.3654956869116182,1,4.564898687726716
DoS,0350,additive,negative,fast,exponential,0.25,weighted_0.5,300,True,0.8666666666666667,0.7333333333333333,True,2.22785453020278e-05,1,4.564898687726716
DoS,0350,additive,negative,fast,exponential,0.25,weighted_0.75,300,True,0.27,0.23333333333333334,False,0.15038102448301693,76,4.564898687726716
DoS,0350,additive,negative,medium,exponential,0.25,pird,300,False,0.0,0.0,False,1.0,-1,4.564898687726716
DoS,0350,additive,negative,medium,exponential,0.25,global,300,True,0.9433333333333334,0.9433333333333334,False,0.5,1,4.564898687726716
DoS,0350,additive,negative,medium,exponential,0.25,or,300,True,0.9433333333333334,0.9433333333333334,False,0.5,1,4.564898687726716
DoS,0350,additive,negative,medium,exponential,0.25,max,300,True,0.93,0.9333333333333333,False,0.5642682172136492,1,4.564898687726716
DoS,0350,additive,negative,medium,exponential,0.25,weighted_0.25,300,True,0.94,0.9366666666666666,False,0.43261708662939363,1,4.564898687726716
DoS,0350,additive,negative,medium,exponential,0.25,weighted_0.5,300,True,0.8333333333333334,0.7333333333333333,True,0.0014751351768760202,1,4.564898687726716
DoS,0350,additive,negative,medium,exponential,0.25,weighted_0.75,300,True,0.26666666666666666,0.23333333333333334,False,0.17288929307558024,141,4.564898687726716
DoS,0350,additive,negative,slow,exponential,0.25,pird,300,False,0.0,0.0,False,1.0,-1,4.572136262709538
DoS,0350,additive,negative,slow,exponential,0.25,global,300,True,0.9433333333333334,0.9433333333333334,False,0.5,1,4.572136262709538
DoS,0350,additive,negative,slow,exponential,0.25,or,300,True,0.9433333333333334,0.9433333333333334,False,0.5,1,4.572136262709538
DoS,0350,additive,negative,slow,exponential,0.25,max,300,True,0.93,0.9333333333333333,False,0.5642682172136492,1,4.572136262709538
DoS,0350,additive,negative,slow,exponential,0.25,weighted_0.25,300,True,0.94,0.9366666666666666,False,0.43261708662939363,1,4.572136262709538
DoS,0350,additive,negative,slow,exponential,0.25,weighted_0.5,300,True,0.7733333333333333,0.7333333333333333,False,0.12788060275609237,1,4.572136262709538
DoS,0350,additive,negative,slow,exponential,0.25,weighted_0.75,300,True,0.24,0.23333333333333334,False,0.42383170448642327,156,4.572136262709538
DoS,0350,additive,negative,fast,exponential,0.5,pird,300,False,0.0,0.0,False,1.0,-1,4.879047482636512
DoS,0350,additive,negative,fast,exponential,0.5,global,300,True,0.9433333333333334,0.9433333333333334,False,0.5,1,4.879047482636512
DoS,0350,additive,negative,fast,exponential,0.5,or,300,True,0.9433333333333334,0.9433333333333334,False,0.5,1,4.879047482636512
DoS,0350,additive,negative,fast,exponential,0.5,max,300,True,0.9333333333333333,0.9333333333333333,False,0.5,1,4.879047482636512
DoS,0350,additive,negative,fast,exponential,0.5,weighted_0.25,300,True,0.9466666666666667,0.9366666666666666,False,0.3006392065701856,1,4.879047482636512
DoS,0350,additive,negative,fast,exponential,0.5,weighted_0.5,300,True,0.8933333333333333,0.7333333333333333,True,2.4627959982357393e-07,1,4.879047482636512
DoS,0350,additive,negative,fast,exponential,0.5,weighted_0.75,300,True,0.30666666666666664,0.23333333333333334,True,0.021534686243931362,76,4.879047482636512
DoS,0350,additive,negative,medium,exponential,0.5,pird,300,False,0.0,0.0,False,1.0,-1,4.879047482636512
DoS,0350,additive,negative,medium,exponential,0.5,global,300,True,0.9433333333333334,0.9433333333333334,False,0.5,1,4.879047482636512
DoS,0350,additive,negative,medium,exponential,0.5,or,300,True,0.9433333333333334,0.9433333333333334,False,0.5,1,4.879047482636512
DoS,0350,additive,negative,medium,exponential,0.5,max,300,True,0.9333333333333333,0.9333333333333333,False,0.5,1,4.879047482636512
DoS,0350,additive,negative,medium,exponential,0.5,weighted_0.25,300,True,0.9433333333333334,0.9366666666666666,False,0.3654956869116182,1,4.879047482636512
DoS,0350,additive,negative,medium,exponential,0.5,weighted_0.5,300,True,0.8833333333333333,0.7333333333333333,True,1.525707842900201e-06,1,4.879047482636512
DoS,0350,additive,negative,medium,exponential,0.5,weighted_0.75,300,True,0.29,0.23333333333333334,False,0.057171895071153965,141,4.879047482636512
DoS,0350,additive,negative,slow,exponential,0.5,pird,300,False,0.0,0.0,False,1.0,-1,4.729966778320543
DoS,0350,additive,negative,slow,exponential,0.5,global,300,True,0.9433333333333334,0.9433333333333334,False,0.5,1,4.729966778320543
DoS,0350,additive,negative,slow,exponential,0.5,or,300,True,0.9433333333333334,0.9433333333333334,False,0.5,1,4.729966778320543
DoS,0350,additive,negative,slow,exponential,0.5,max,300,True,0.93,0.9333333333333333,False,0.5642682172136492,1,4.729966778320543
DoS,0350,additive,negative,slow,exponential,0.5,weighted_0.25,300,True,0.94,0.9366666666666666,False,0.43261708662939363,1,4.729966778320543
DoS,0350,additive,negative,slow,exponential,0.5,weighted_0.5,300,True,0.8166666666666667,0.7333333333333333,True,0.007260326436044227,1,4.729966778320543
DoS,0350,additive,negative,slow,exponential,0.5,weighted_0.75,300,True,0.2633333333333333,0.23333333333333334,False,0.19754403410749552,141,4.729966778320543
DoS,0350,additive,negative,fast,exponential,0.75,pird,300,False,0.0,0.0,False,1.0,-1,5.396036213623119
DoS,0350,additive,negative,fast,exponential,0.75,global,300,True,0.9433333333333334,0.9433333333333334,False,0.5,1,5.396036213623119
DoS,0350,additive,negative,fast,exponential,0.75,or,300,True,0.9433333333333334,0.9433333333333334,False,0.5,1,5.396036213623119
DoS,0350,additive,negative,fast,exponential,0.75,max,300,True,0.9333333333333333,0.9333333333333333,False,0.5,1,5.396036213623119
DoS,0350,additive,negative,fast,exponential,0.75,weighted_0.25,300,True,0.9533333333333334,0.9366666666666666,False,0.18529764553822137,1,5.396036213623119
DoS,0350,additive,negative,fast,exponential,0.75,weighted_0.5,300,True,0.9066666666666666,0.7333333333333333,True,1.6412010569136288e-08,1,5.396036213623119
DoS,0350,additive,negative,fast,exponential,0.75,weighted_0.75,300,True,0.4266666666666667,0.23333333333333334,True,2.3807955649069114e-07,58,5.396036213623119
DoS,0350,additive,negative,medium,exponential,0.75,pird,300,False,0.0,0.0,False,1.0,-1,5.396036213623119
DoS,0350,additive,negative,medium,exponential,0.75,global,300,True,0.9433333333333334,0.9433333333333334,False,0.5,1,5.396036213623119
DoS,0350,additive,negative,medium,exponential,0.75,or,300,True,0.9433333333333334,0.9433333333333334,False,0.5,1,5.396036213623119
DoS,0350,additive,negative,medium,exponential,0.75,max,300,True,0.9333333333333333,0.9333333333333333,False,0.5,1,5.396036213623119
DoS,0350,additive,negative,medium,exponential,0.75,weighted_0.25,300,True,0.9433333333333334,0.9366666666666666,False,0.3654956869116182,1,5.396036213623119
DoS,0350,additive,negative,medium,exponential,0.75,weighted_0.5,300,True,0.8933333333333333,0.7333333333333333,True,2.4627959982357393e-07,1,5.396036213623119
DoS,0350,additive,negative,medium,exponential,0.75,weighted_0.75,300,True,0.38333333333333336,0.23333333333333334,True,3.4730693318058836e-05,76,5.396036213623119
DoS,0350,additive,negative,slow,exponential,0.75,pird,300,False,0.0,0.0,False,1.0,-1,5.162351932086151
DoS,0350,additive,negative,slow,exponential,0.75,global,300,True,0.9433333333333334,0.9433333333333334,False,0.5,1,5.162351932086151
DoS,0350,additive,negative,slow,exponential,0.75,or,300,True,0.9433333333333334,0.9433333333333334,False,0.5,1,5.162351932086151
DoS,0350,additive,negative,slow,exponential,0.75,max,300,True,0.93,0.9333333333333333,False,0.5642682172136492,1,5.162351932086151
DoS,0350,additive,negative,slow,exponential,0.75,weighted_0.25,300,True,0.94,0.9366666666666666,False,0.43261708662939363,1,5.162351932086151
DoS,0350,additive,negative,slow,exponential,0.75,weighted_0.5,300,True,0.8533333333333334,0.7333333333333333,True,0.00014190721379332596,1,5.162351932086151
DoS,0350,additive,negative,slow,exponential,0.75,weighted_0.75,300,True,0.2633333333333333,0.23333333333333334,False,0.19754403410749552,141,5.162351932086151
DoS,0350,additive,negative,fast,exponential,1.0,pird,300,True,0.0033333333333333335,0.0,False,0.15845344348567247,269,5.977057930714318
DoS,0350,additive,negative,fast,exponential,1.0,global,300,True,0.9433333333333334,0.9433333333333334,False,0.5,1,5.977057930714318
DoS,0350,additive,negative,fast,exponential,1.0,or,300,True,0.9433333333333334,0.9433333333333334,False,0.5,1,5.977057930714318
DoS,0350,additive,negative,fast,exponential,1.0,max,300,True,0.9333333333333333,0.9333333333333333,False,0.5,1,5.977057930714318
DoS,0350,additive,negative,fast,exponential,1.0,weighted_0.25,300,True,0.9533333333333334,0.9366666666666666,False,0.18529764553822137,1,5.977057930714318
DoS,0350,additive,negative,fast,exponential,1.0,weighted_0.5,300,True,0.9166666666666666,0.7333333333333333,True,1.7171094889681727e-09,1,5.977057930714318
DoS,0350,additive,negative,fast,exponential,1.0,weighted_0.75,300,True,0.5833333333333334,0.23333333333333334,True,1.3784301913422384e-18,56,5.977057930714318
DoS,0350,additive,negative,medium,exponential,1.0,pird,300,True,0.0033333333333333335,0.0,False,0.15845344348567247,269,5.977057930714318
DoS,0350,additive,negative,medium,exponential,1.0,global,300,True,0.9433333333333334,0.9433333333333334,False,0.5,1,5.977057930714318
DoS,0350,additive,negative,medium,exponential,1.0,or,300,True,0.9433333333333334,0.9433333333333334,False,0.5,1,5.977057930714318
DoS,0350,additive,negative,medium,exponential,1.0,max,300,True,0.9333333333333333,0.9333333333333333,False,0.5,1,5.977057930714318
DoS,0350,additive,negative,medium,exponential,1.0,weighted_0.25,300,True,0.9466666666666667,0.9366666666666666,False,0.3006392065701856,1,5.977057930714318
DoS,0350,additive,negative,medium,exponential,1.0,weighted_0.5,300,True,0.9,0.7333333333333333,True,6.625161675866355e-08,1,5.977057930714318
DoS,0350,additive,negative,medium,exponential,1.0,weighted_0.75,300,True,0.44,0.23333333333333334,True,4.251461787427895e-08,106,5.977057930714318
DoS,0350,additive,negative,slow,exponential,1.0,pird,300,False,0.0,0.0,False,1.0,-1,5.602328917149965
DoS,0350,additive,negative,slow,exponential,1.0,global,300,True,0.9433333333333334,0.9433333333333334,False,0.5,1,5.602328917149965
DoS,0350,additive,negative,slow,exponential,1.0,or,300,True,0.9433333333333334,0.9433333333333334,False,0.5,1,5.602328917149965
DoS,0350,additive,negative,slow,exponential,1.0,max,300,True,0.9333333333333333,0.9333333333333333,False,0.5,1,5.602328917149965
DoS,0350,additive,negative,slow,exponential,1.0,weighted_0.25,300,True,0.9433333333333334,0.9366666666666666,False,0.3654956869116182,1,5.602328917149965
DoS,0350,additive,negative,slow,exponential,1.0,weighted_0.5,300,True,0.8833333333333333,0.7333333333333333,True,1.525707842900201e-06,1,5.602328917149965
DoS,0350,additive,negative,slow,exponential,1.0,weighted_0.75,300,True,0.29,0.23333333333333334,False,0.057171895071153965,141,5.602328917149965
DoS,0350,additive,negative,fast,exponential,1.5,pird,300,True,0.26,0.0,True,1.4175330423591745e-21,74,7.024084074042474
DoS,0350,additive,negative,fast,exponential,1.5,global,300,True,0.9433333333333334,0.9433333333333334,False,0.5,1,7.024084074042474
DoS,0350,additive,negative,fast,exponential,1.5,or,300,True,0.9433333333333334,0.9433333333333334,False,0.5,1,7.024084074042474
DoS,0350,additive,negative,fast,exponential,1.5,max,300,True,0.9333333333333333,0.9333333333333333,False,0.5,1,7.024084074042474
DoS,0350,additive,negative,fast,exponential,1.5,weighted_0.25,300,True,0.9766666666666667,0.9366666666666666,True,0.008061854563087521,1,7.024084074042474
DoS,0350,additive,negative,fast,exponential,1.5,weighted_0.5,300,True,0.9266666666666666,0.7333333333333333,True,1.4540229158111953e-10,1,7.024084074042474
DoS,0350,additive,negative,fast,exponential,1.5,weighted_0.75,300,True,0.8133333333333334,0.23333333333333334,True,3.3201269909286372e-46,46,7.024084074042474
DoS,0350,additive,negative,medium,exponential,1.5,pird,300,True,0.16666666666666666,0.0,True,7.594678559758956e-14,183,7.024084074042474
DoS,0350,additive,negative,medium,exponential,1.5,global,300,True,0.9433333333333334,0.9433333333333334,False,0.5,1,7.024084074042474
DoS,0350,additive,negative,medium,exponential,1.5,or,300,True,0.9433333333333334,0.9433333333333334,False,0.5,1,7.024084074042474
DoS,0350,additive,negative,medium,exponential,1.5,max,300,True,0.9333333333333333,0.9333333333333333,False,0.5,1,7.024084074042474
DoS,0350,additive,negative,medium,exponential,1.5,weighted_0.25,300,True,0.95,0.9366666666666666,False,0.24000143569275664,1,7.024084074042474
DoS,0350,additive,negative,medium,exponential,1.5,weighted_0.5,300,True,0.9066666666666666,0.7333333333333333,True,1.6412010569136288e-08,1,7.024084074042474
DoS,0350,additive,negative,medium,exponential,1.5,weighted_0.75,300,True,0.64,0.23333333333333334,True,4.97437502294398e-24,76,7.024084074042474
DoS,0350,additive,negative,slow,exponential,1.5,pird,300,True,0.04,0.0,True,0.00023326602349477607,269,6.490115065785678
DoS,0350,additive,negative,slow,exponential,1.5,global,300,True,0.9433333333333334,0.9433333333333334,False,0.5,1,6.490115065785678
DoS,0350,additive,negative,slow,exponential,1.5,or,300,True,0.9433333333333334,0.9433333333333334,False,0.5,1,6.490115065785678
DoS,0350,additive,negative,slow,exponential,1.5,max,300,True,0.9333333333333333,0.9333333333333333,False,0.5,1,6.490115065785678
DoS,0350,additive,negative,slow,exponential,1.5,weighted_0.25,300,True,0.9433333333333334,0.9366666666666666,False,0.3654956869116182,1,6.490115065785678
DoS,0350,additive,negative,slow,exponential,1.5,weighted_0.5,300,True,0.8933333333333333,0.7333333333333333,True,2.4627959982357393e-07,1,6.490115065785678
DoS,0350,additive,negative,slow,exponential,1.5,weighted_0.75,300,True,0.36666666666666664,0.23333333333333334,True,0.0001829830457389969,136,6.490115065785678
DoS,0350,additive,negative,fast,exponential,2.0,pird,300,True,0.51,0.0,True,7.034180574820898e-47,60,8.034772534566
DoS,0350,additive,negative,fast,exponential,2.0,global,300,True,0.9433333333333334,0.9433333333333334,False,0.5,1,8.034772534566
DoS,0350,additive,negative,fast,exponential,2.0,or,300,True,0.9466666666666667,0.9433333333333334,False,0.42894067407092007,1,8.034772534566
DoS,0350,additive,negative,fast,exponential,2.0,max,300,True,0.9433333333333334,0.9333333333333333,False,0.3053251571611494,1,8.034772534566
DoS,0350,additive,negative,fast,exponential,2.0,weighted_0.25,300,True,0.9766666666666667,0.9366666666666666,True,0.008061854563087521,1,8.034772534566
DoS,0350,additive,negative,fast,exponential,2.0,weighted_0.5,300,True,0.9366666666666666,0.7333333333333333,True,9.786515649023836e-12,1,8.034772534566
DoS,0350,additive,negative,fast,exponential,2.0,weighted_0.75,300,True,0.8433333333333334,0.23333333333333334,True,4.532914639546856e-51,43,8.034772534566
DoS,0350,additive,negative,medium,exponential,2.0,pird,300,True,0.32,0.0,True,5.641131514345281e-27,121,8.034772534566
DoS,0350,additive,negative,medium,exponential,2.0,global,300,True,0.9433333333333334,0.9433333333333334,False,0.5,1,8.034772534566
DoS,0350,additive,negative,medium,exponential,2.0,or,300,True,0.9466666666666667,0.9433333333333334,False,0.42894067407092007,1,8.034772534566
DoS,0350,additive,negative,medium,exponential,2.0,max,300,True,0.9433333333333334,0.9333333333333333,False,0.3053251571611494,1,8.034772534566
DoS,0350,additive,negative,medium,exponential,2.0,weighted_0.25,300,True,0.9533333333333334,0.9366666666666666,False,0.18529764553822137,1,8.034772534566
DoS,0350,additive,negative,medium,exponential,2.0,weighted_0.5,300,True,0.9166666666666666,0.7333333333333333,True,1.7171094889681727e-09,1,8.034772534566
DoS,0350,additive,negative,medium,exponential,2.0,weighted_0.75,300,True,0.72,0.23333333333333334,True,3.9419621527622e-33,58,8.034772534566
DoS,0350,additive,negative,slow,exponential,2.0,pird,300,True,0.14333333333333334,0.0,True,5.022781211851025e-12,247,7.416515391647825
DoS,0350,additive,negative,slow,exponential,2.0,global,300,True,0.9433333333333334,0.9433333333333334,False,0.5,1,7.416515391647825
DoS,0350,additive,negative,slow,exponential,2.0,or,300,True,0.9433333333333334,0.9433333333333334,False,0.5,1,7.416515391647825
DoS,0350,additive,negative,slow,exponential,2.0,max,300,True,0.9333333333333333,0.9333333333333333,False,0.5,1,7.416515391647825
DoS,0350,additive,negative,slow,exponential,2.0,weighted_0.25,300,True,0.9466666666666667,0.9366666666666666,False,0.3006392065701856,1,7.416515391647825
DoS,0350,additive,negative,slow,exponential,2.0,weighted_0.5,300,True,0.8966666666666666,0.7333333333333333,True,1.2902523814999892e-07,1,7.416515391647825
DoS,0350,additive,negative,slow,exponential,2.0,weighted_0.75,300,True,0.4533333333333333,0.23333333333333334,True,6.949282941213207e-09,106,7.416515391647825
DoS,0350,additive,negative,fast,exponential,3.0,pird,300,True,0.8266666666666667,0.0,True,3.1102666740680795e-94,45,10.349134037400614
DoS,0350,additive,negative,fast,exponential,3.0,global,300,True,0.9433333333333334,0.9433333333333334,False,0.5,1,10.349134037400614
DoS,0350,additive,negative,fast,exponential,3.0,or,300,True,0.9466666666666667,0.9433333333333334,False,0.42894067407092007,1,10.349134037400614
DoS,0350,additive,negative,fast,exponential,3.0,max,300,True,0.9433333333333334,0.9333333333333333,False,0.3053251571611494,1,10.349134037400614
DoS,0350,additive,negative,fast,exponential,3.0,weighted_0.25,300,True,0.9833333333333333,0.9366666666666666,True,0.001768968239111073,1,10.349134037400614
DoS,0350,additive,negative,fast,exponential,3.0,weighted_0.5,300,True,0.9566666666666667,0.7333333333333333,True,2.0470941522203526e-14,1,10.349134037400614
DoS,0350,additive,negative,fast,exponential,3.0,weighted_0.75,300,True,0.88,0.23333333333333334,True,1.5997266608055157e-57,11,10.349134037400614
DoS,0350,additive,negative,medium,exponential,3.0,pird,300,True,0.6733333333333333,0.0,True,1.7038855961142393e-68,91,10.349134037400614
DoS,0350,additive,negative,medium,exponential,3.0,global,300,True,0.9433333333333334,0.9433333333333334,False,0.5,1,10.349134037400614
DoS,0350,additive,negative,medium,exponential,3.0,or,300,True,0.9466666666666667,0.9433333333333334,False,0.42894067407092007,1,10.349134037400614
DoS,0350,additive,negative,medium,exponential,3.0,max,300,True,0.9433333333333334,0.9333333333333333,False,0.3053251571611494,1,10.349134037400614
DoS,0350,additive,negative,medium,exponential,3.0,weighted_0.25,300,True,0.9766666666666667,0.9366666666666666,True,0.008061854563087521,1,10.349134037400614
DoS,0350,additive,negative,medium,exponential,3.0,weighted_0.5,300,True,0.9266666666666666,0.7333333333333333,True,1.4540229158111953e-10,1,10.349134037400614
DoS,0350,additive,negative,medium,exponential,3.0,weighted_0.75,300,True,0.7966666666666666,0.23333333333333334,True,1.1887657712263866e-43,46,10.349134037400614
DoS,0350,additive,negative,slow,exponential,3.0,pird,300,True,0.23333333333333334,0.0,True,2.7429090584539425e-19,184,9.281541923172815
DoS,0350,additive,negative,slow,exponential,3.0,global,300,True,0.9433333333333334,0.9433333333333334,False,0.5,1,9.281541923172815
DoS,0350,additive,negative,slow,exponential,3.0,or,300,True,0.9433333333333334,0.9433333333333334,False,0.5,1,9.281541923172815
DoS,0350,additive,negative,slow,exponential,3.0,max,300,True,0.9366666666666666,0.9333333333333333,False,0.4342356397801507,1,9.281541923172815
DoS,0350,additive,negative,slow,exponential,3.0,weighted_0.25,300,True,0.95,0.9366666666666666,False,0.24000143569275664,1,9.281541923172815
DoS,0350,additive,negative,slow,exponential,3.0,weighted_0.5,300,True,0.9033333333333333,0.7333333333333333,True,3.332496040492179e-08,1,9.281541923172815
DoS,0350,additive,negative,slow,exponential,3.0,weighted_0.75,300,True,0.58,0.23333333333333334,True,2.7261135172398606e-18,76,9.281541923172815
DoS,0350,mean_shift,positive,fast,exponential,0.25,pird,300,False,0.0,0.0,False,1.0,-1,2.4085773961423786
DoS,0350,mean_shift,positive,fast,exponential,0.25,global,300,True,0.9466666666666667,0.9433333333333334,False,0.42894067407092007,1,2.4085773961423786
DoS,0350,mean_shift,positive,fast,exponential,0.25,or,300,True,0.9466666666666667,0.9433333333333334,False,0.42894067407092007,1,2.4085773961423786
DoS,0350,mean_shift,positive,fast,exponential,0.25,max,300,True,0.9366666666666666,0.9333333333333333,False,0.4342356397801507,1,2.4085773961423786
DoS,0350,mean_shift,positive,fast,exponential,0.25,weighted_0.25,300,True,0.9433333333333334,0.9366666666666666,False,0.3654956869116182,1,2.4085773961423786
DoS,0350,mean_shift,positive,fast,exponential,0.25,weighted_0.5,300,True,0.8566666666666667,0.7333333333333333,True,9.140034518438597e-05,1,2.4085773961423786
DoS,0350,mean_shift,positive,fast,exponential,0.25,weighted_0.75,300,True,0.23333333333333334,0.23333333333333334,False,0.5,230,2.4085773961423786
DoS,0350,mean_shift,positive,medium,exponential,0.25,pird,300,False,0.0,0.0,False,1.0,-1,2.4085773961423786
DoS,0350,mean_shift,positive,medium,exponential,0.25,global,300,True,0.9466666666666667,0.9433333333333334,False,0.42894067407092007,1,2.4085773961423786
DoS,0350,mean_shift,positive,medium,exponential,0.25,or,300,True,0.9466666666666667,0.9433333333333334,False,0.42894067407092007,1,2.4085773961423786
DoS,0350,mean_shift,positive,medium,exponential,0.25,max,300,True,0.9366666666666666,0.9333333333333333,False,0.4342356397801507,1,2.4085773961423786
DoS,0350,mean_shift,positive,medium,exponential,0.25,weighted_0.25,300,True,0.9433333333333334,0.9366666666666666,False,0.3654956869116182,1,2.4085773961423786
DoS,0350,mean_shift,positive,medium,exponential,0.25,weighted_0.5,300,True,0.8566666666666667,0.7333333333333333,True,9.140034518438597e-05,1,2.4085773961423786
DoS,0350,mean_shift,positive,medium,exponential,0.25,weighted_0.75,300,True,0.23333333333333334,0.23333333333333334,False,0.5,230,2.4085773961423786
DoS,0350,mean_shift,positive,slow,exponential,0.25,pird,300,False,0.0,0.0,False,1.0,-1,2.4085773961423786
DoS,0350,mean_shift,positive,slow,exponential,0.25,global,300,True,0.9466666666666667,0.9433333333333334,False,0.42894067407092007,1,2.4085773961423786
DoS,0350,mean_shift,positive,slow,exponential,0.25,or,300,True,0.9466666666666667,0.9433333333333334,False,0.42894067407092007,1,2.4085773961423786
DoS,0350,mean_shift,positive,slow,exponential,0.25,max,300,True,0.9366666666666666,0.9333333333333333,False,0.4342356397801507,1,2.4085773961423786
DoS,0350,mean_shift,positive,slow,exponential,0.25,weighted_0.25,300,True,0.9433333333333334,0.9366666666666666,False,0.3654956869116182,1,2.4085773961423786
DoS,0350,mean_shift,positive,slow,exponential,0.25,weighted_0.5,300,True,0.85,0.7333333333333333,True,0.0002171009345283218,1,2.4085773961423786
DoS,0350,mean_shift,positive,slow,exponential,0.25,weighted_0.75,300,True,0.23333333333333334,0.23333333333333334,False,0.5,230,2.4085773961423786
DoS,0350,mean_shift,positive,fast,exponential,0.5,pird,300,False,0.0,0.0,False,1.0,-1,2.4085773961423786
DoS,0350,mean_shift,positive,fast,exponential,0.5,global,300,True,0.9466666666666667,0.9433333333333334,False,0.42894067407092007,1,2.4085773961423786
DoS,0350,mean_shift,positive,fast,exponential,0.5,or,300,True,0.9466666666666667,0.9433333333333334,False,0.42894067407092007,1,2.4085773961423786
DoS,0350,mean_shift,positive,fast,exponential,0.5,max,300,True,0.9366666666666666,0.9333333333333333,False,0.4342356397801507,1,2.4085773961423786
DoS,0350,mean_shift,positive,fast,exponential,0.5,weighted_0.25,300,True,0.9466666666666667,0.9366666666666666,False,0.3006392065701856,1,2.4085773961423786
DoS,0350,mean_shift,positive,fast,exponential,0.5,weighted_0.5,300,True,0.8766666666666667,0.7333333333333333,True,4.695220226053128e-06,1,2.4085773961423786
DoS,0350,mean_shift,positive,fast,exponential,0.5,weighted_0.75,300,True,0.23333333333333334,0.23333333333333334,False,0.5,230,2.4085773961423786
DoS,0350,mean_shift,positive,medium,exponential,0.5,pird,300,False,0.0,0.0,False,1.0,-1,2.4085773961423786
DoS,0350,mean_shift,positive,medium,exponential,0.5,global,300,True,0.9466666666666667,0.9433333333333334,False,0.42894067407092007,1,2.4085773961423786
DoS,0350,mean_shift,positive,medium,exponential,0.5,or,300,True,0.9466666666666667,0.9433333333333334,False,0.42894067407092007,1,2.4085773961423786
DoS,0350,mean_shift,positive,medium,exponential,0.5,max,300,True,0.9366666666666666,0.9333333333333333,False,0.4342356397801507,1,2.4085773961423786
DoS,0350,mean_shift,positive,medium,exponential,0.5,weighted_0.25,300,True,0.9433333333333334,0.9366666666666666,False,0.3654956869116182,1,2.4085773961423786
DoS,0350,mean_shift,positive,medium,exponential,0.5,weighted_0.5,300,True,0.87,0.7333333333333333,True,1.348078662127451e-05,1,2.4085773961423786
DoS,0350,mean_shift,positive,medium,exponential,0.5,weighted_0.75,300,True,0.23333333333333334,0.23333333333333334,False,0.5,230,2.4085773961423786
DoS,0350,mean_shift,positive,slow,exponential,0.5,pird,300,False,0.0,0.0,False,1.0,-1,2.4085773961423786
DoS,0350,mean_shift,positive,slow,exponential,0.5,global,300,True,0.9466666666666667,0.9433333333333334,False,0.42894067407092007,1,2.4085773961423786
DoS,0350,mean_shift,positive,slow,exponential,0.5,or,300,True,0.9466666666666667,0.9433333333333334,False,0.42894067407092007,1,2.4085773961423786
DoS,0350,mean_shift,positive,slow,exponential,0.5,max,300,True,0.9366666666666666,0.9333333333333333,False,0.4342356397801507,1,2.4085773961423786
DoS,0350,mean_shift,positive,slow,exponential,0.5,weighted_0.25,300,True,0.9433333333333334,0.9366666666666666,False,0.3654956869116182,1,2.4085773961423786
DoS,0350,mean_shift,positive,slow,exponential,0.5,weighted_0.5,300,True,0.8566666666666667,0.7333333333333333,True,9.140034518438597e-05,1,2.4085773961423786
DoS,0350,mean_shift,positive,slow,exponential,0.5,weighted_0.75,300,True,0.23333333333333334,0.23333333333333334,False,0.5,230,2.4085773961423786
DoS,0350,mean_shift,positive,fast,exponential,0.75,pird,300,False,0.0,0.0,False,1.0,-1,2.540200862721865
DoS,0350,mean_shift,positive,fast,exponential,0.75,global,300,True,0.9466666666666667,0.9433333333333334,False,0.42894067407092007,1,2.540200862721865
DoS,0350,mean_shift,positive,fast,exponential,0.75,or,300,True,0.9466666666666667,0.9433333333333334,False,0.42894067407092007,1,2.540200862721865
DoS,0350,mean_shift,positive,fast,exponential,0.75,max,300,True,0.94,0.9333333333333333,False,0.36872498508978235,1,2.540200862721865
DoS,0350,mean_shift,positive,fast,exponential,0.75,weighted_0.25,300,True,0.9433333333333334,0.9366666666666666,False,0.3654956869116182,1,2.540200862721865
DoS,0350,mean_shift,positive,fast,exponential,0.75,weighted_0.5,300,True,0.8866666666666667,0.7333333333333333,True,8.464888423843164e-07,1,2.540200862721865
DoS,0350,mean_shift,positive,fast,exponential,0.75,weighted_0.75,300,True,0.26666666666666666,0.23333333333333334,False,0.17288929307558024,66,2.540200862721865
DoS,0350,mean_shift,positive,medium,exponential,0.75,pird,300,False,0.0,0.0,False,1.0,-1,2.540200862721865
DoS,0350,mean_shift,positive,medium,exponential,0.75,global,300,True,0.9466666666666667,0.9433333333333334,False,0.42894067407092007,1,2.540200862721865
DoS,0350,mean_shift,positive,medium,exponential,0.75,or,300,True,0.9466666666666667,0.9433333333333334,False,0.42894067407092007,1,2.540200862721865
DoS,0350,mean_shift,positive,medium,exponential,0.75,max,300,True,0.94,0.9333333333333333,False,0.36872498508978235,1,2.540200862721865
DoS,0350,mean_shift,positive,medium,exponential,0.75,weighted_0.25,300,True,0.9433333333333334,0.9366666666666666,False,0.3654956869116182,1,2.540200862721865
DoS,0350,mean_shift,positive,medium,exponential,0.75,weighted_0.5,300,True,0.8766666666666667,0.7333333333333333,True,4.695220226053128e-06,1,2.540200862721865
DoS,0350,mean_shift,positive,medium,exponential,0.75,weighted_0.75,300,True,0.24666666666666667,0.23333333333333334,False,0.3510973423565928,136,2.540200862721865
DoS,0350,mean_shift,positive,slow,exponential,0.75,pird,300,False,0.0,0.0,False,1.0,-1,2.540200862721865
DoS,0350,mean_shift,positive,slow,exponential,0.75,global,300,True,0.9466666666666667,0.9433333333333334,False,0.42894067407092007,1,2.540200862721865
DoS,0350,mean_shift,positive,slow,exponential,0.75,or,300,True,0.9466666666666667,0.9433333333333334,False,0.42894067407092007,1,2.540200862721865
DoS,0350,mean_shift,positive,slow,exponential,0.75,max,300,True,0.9366666666666666,0.9333333333333333,False,0.4342356397801507,1,2.540200862721865
DoS,0350,mean_shift,positive,slow,exponential,0.75,weighted_0.25,300,True,0.9433333333333334,0.9366666666666666,False,0.3654956869116182,1,2.540200862721865
DoS,0350,mean_shift,positive,slow,exponential,0.75,weighted_0.5,300,True,0.8666666666666667,0.7333333333333333,True,2.22785453020278e-05,1,2.540200862721865
DoS,0350,mean_shift,positive,slow,exponential,0.75,weighted_0.75,300,True,0.23333333333333334,0.23333333333333334,False,0.5,230,2.540200862721865
DoS,0350,mean_shift,positive,fast,exponential,1.0,pird,300,False,0.0,0.0,False,1.0,-1,3.290411969747022
DoS,0350,mean_shift,positive,fast,exponential,1.0,global,300,True,0.9466666666666667,0.9433333333333334,False,0.42894067407092007,1,3.290411969747022
DoS,0350,mean_shift,positive,fast,exponential,1.0,or,300,True,0.9466666666666667,0.9433333333333334,False,0.42894067407092007,1,3.290411969747022
DoS,0350,mean_shift,positive,fast,exponential,1.0,max,300,True,0.94,0.9333333333333333,False,0.36872498508978235,1,3.290411969747022
DoS,0350,mean_shift,positive,fast,exponential,1.0,weighted_0.25,300,True,0.9466666666666667,0.9366666666666666,False,0.3006392065701856,1,3.290411969747022
DoS,0350,mean_shift,positive,fast,exponential,1.0,weighted_0.5,300,True,0.8966666666666666,0.7333333333333333,True,1.2902523814999892e-07,1,3.290411969747022
DoS,0350,mean_shift,positive,fast,exponential,1.0,weighted_0.75,300,True,0.33,0.23333333333333334,True,0.004243757783480446,66,3.290411969747022
DoS,0350,mean_shift,positive,medium,exponential,1.0,pird,300,False,0.0,0.0,False,1.0,-1,3.290411969747022
DoS,0350,mean_shift,positive,medium,exponential,1.0,global,300,True,0.9466666666666667,0.9433333333333334,False,0.42894067407092007,1,3.290411969747022
DoS,0350,mean_shift,positive,medium,exponential,1.0,or,300,True,0.9466666666666667,0.9433333333333334,False,0.42894067407092007,1,3.290411969747022
DoS,0350,mean_shift,positive,medium,exponential,1.0,max,300,True,0.94,0.9333333333333333,False,0.36872498508978235,1,3.290411969747022
DoS,0350,mean_shift,positive,medium,exponential,1.0,weighted_0.25,300,True,0.9433333333333334,0.9366666666666666,False,0.3654956869116182,1,3.290411969747022
DoS,0350,mean_shift,positive,medium,exponential,1.0,weighted_0.5,300,True,0.89,0.7333333333333333,True,4.609717042965405e-07,1,3.290411969747022
DoS,0350,mean_shift,positive,medium,exponential,1.0,weighted_0.75,300,True,0.2833333333333333,0.23333333333333334,False,0.08090489032289883,131,3.290411969747022
DoS,0350,mean_shift,positive,slow,exponential,1.0,pird,300,False,0.0,0.0,False,1.0,-1,3.290411969747022
DoS,0350,mean_shift,positive,slow,exponential,1.0,global,300,True,0.9466666666666667,0.9433333333333334,False,0.42894067407092007,1,3.290411969747022
DoS,0350,mean_shift,positive,slow,exponential,1.0,or,300,True,0.9466666666666667,0.9433333333333334,False,0.42894067407092007,1,3.290411969747022
DoS,0350,mean_shift,positive,slow,exponential,1.0,max,300,True,0.9366666666666666,0.9333333333333333,False,0.4342356397801507,1,3.290411969747022
DoS,0350,mean_shift,positive,slow,exponential,1.0,weighted_0.25,300,True,0.9433333333333334,0.9366666666666666,False,0.3654956869116182,1,3.290411969747022
DoS,0350,mean_shift,positive,slow,exponential,1.0,weighted_0.5,300,True,0.87,0.7333333333333333,True,1.348078662127451e-05,1,3.290411969747022
DoS,0350,mean_shift,positive,slow,exponential,1.0,weighted_0.75,300,True,0.23666666666666666,0.23333333333333334,False,0.4616470159182222,221,3.290411969747022
DoS,0350,mean_shift,positive,fast,exponential,1.5,pird,300,False,0.0,0.0,False,1.0,-1,4.972030445950824
DoS,0350,mean_shift,positive,fast,exponential,1.5,global,300,True,0.9466666666666667,0.9433333333333334,False,0.42894067407092007,1,4.972030445950824
DoS,0350,mean_shift,positive,fast,exponential,1.5,or,300,True,0.9466666666666667,0.9433333333333334,False,0.42894067407092007,1,4.972030445950824
DoS,0350,mean_shift,positive,fast,exponential,1.5,max,300,True,0.9433333333333334,0.9333333333333333,False,0.3053251571611494,1,4.972030445950824
DoS,0350,mean_shift,positive,fast,exponential,1.5,weighted_0.25,300,True,0.9533333333333334,0.9366666666666666,False,0.18529764553822137,1,4.972030445950824
DoS,0350,mean_shift,positive,fast,exponential,1.5,weighted_0.5,300,True,0.9,0.7333333333333333,True,6.625161675866355e-08,1,4.972030445950824
DoS,0350,mean_shift,positive,fast,exponential,1.5,weighted_0.75,300,True,0.79,0.23333333333333334,True,1.1704724784361544e-42,56,4.972030445950824
DoS,0350,mean_shift,positive,medium,exponential,1.5,pird,300,False,0.0,0.0,False,1.0,-1,4.972030445950824
DoS,0350,mean_shift,positive,medium,exponential,1.5,global,300,True,0.9466666666666667,0.9433333333333334,False,0.42894067407092007,1,4.972030445950824
DoS,0350,mean_shift,positive,medium,exponential,1.5,or,300,True,0.9466666666666667,0.9433333333333334,False,0.42894067407092007,1,4.972030445950824
DoS,0350,mean_shift,positive,medium,exponential,1.5,max,300,True,0.94,0.9333333333333333,False,0.36872498508978235,1,4.972030445950824
DoS,0350,mean_shift,positive,medium,exponential,1.5,weighted_0.25,300,True,0.9466666666666667,0.9366666666666666,False,0.3006392065701856,1,4.972030445950824
DoS,0350,mean_shift,positive,medium,exponential,1.5,weighted_0.5,300,True,0.8933333333333333,0.7333333333333333,True,2.4627959982357393e-07,1,4.972030445950824
DoS,0350,mean_shift,positive,medium,exponential,1.5,weighted_0.75,300,True,0.5766666666666667,0.23333333333333334,True,5.3593554872592465e-18,96,4.972030445950824
DoS,0350,mean_shift,positive,slow,exponential,1.5,pird,300,False,0.0,0.0,False,1.0,-1,4.972030445950824
DoS,0350,mean_shift,positive,slow,exponential,1.5,global,300,True,0.9466666666666667,0.9433333333333334,False,0.42894067407092007,1,4.972030445950824
DoS,0350,mean_shift,positive,slow,exponential,1.5,or,300,True,0.9466666666666667,0.9433333333333334,False,0.42894067407092007,1,4.972030445950824
DoS,0350,mean_shift,positive,slow,exponential,1.5,max,300,True,0.94,0.9333333333333333,False,0.36872498508978235,1,4.972030445950824
DoS,0350,mean_shift,positive,slow,exponential,1.5,weighted_0.25,300,True,0.9433333333333334,0.9366666666666666,False,0.3654956869116182,1,4.972030445950824
DoS,0350,mean_shift,positive,slow,exponential,1.5,weighted_0.5,300,True,0.8833333333333333,0.7333333333333333,True,1.525707842900201e-06,1,4.972030445950824
DoS,0350,mean_shift,positive,slow,exponential,1.5,weighted_0.75,300,True,0.24,0.23333333333333334,False,0.42383170448642327,221,4.972030445950824
DoS,0350,mean_shift,positive,fast,exponential,2.0,pird,300,True,0.7533333333333333,0.0,True,3.8871947866623353e-81,74,6.655113311054417
DoS,0350,mean_shift,positive,fast,exponential,2.0,global,300,True,0.9466666666666667,0.9433333333333334,False,0.42894067407092007,1,6.655113311054417
DoS,0350,mean_shift,positive,fast,exponential,2.0,or,300,True,0.95,0.9433333333333334,False,0.35816194379067917,1,6.655113311054417
DoS,0350,mean_shift,positive,fast,exponential,2.0,max,300,True,0.9433333333333334,0.9333333333333333,False,0.3053251571611494,1,6.655113311054417
DoS,0350,mean_shift,positive,fast,exponential,2.0,weighted_0.25,300,True,0.9666666666666667,0.9366666666666666,True,0.04334040929619912,1,6.655113311054417
DoS,0350,mean_shift,positive,fast,exponential,2.0,weighted_0.5,300,True,0.9066666666666666,0.7333333333333333,True,1.6412010569136288e-08,1,6.655113311054417
DoS,0350,mean_shift,positive,fast,exponential,2.0,weighted_0.75,300,True,0.8266666666666667,0.23333333333333334,True,2.5276725080203268e-48,46,6.655113311054417
DoS,0350,mean_shift,positive,medium,exponential,2.0,pird,300,True,0.5033333333333333,0.0,True,4.265749705812392e-46,149,6.655113311054417
DoS,0350,mean_shift,positive,medium,exponential,2.0,global,300,True,0.9466666666666667,0.9433333333333334,False,0.42894067407092007,1,6.655113311054417
DoS,0350,mean_shift,positive,medium,exponential,2.0,or,300,True,0.95,0.9433333333333334,False,0.35816194379067917,1,6.655113311054417
DoS,0350,mean_shift,positive,medium,exponential,2.0,max,300,True,0.94,0.9333333333333333,False,0.36872498508978235,1,6.655113311054417
DoS,0350,mean_shift,positive,medium,exponential,2.0,weighted_0.25,300,True,0.9466666666666667,0.9366666666666666,False,0.3006392065701856,1,6.655113311054417
DoS,0350,mean_shift,positive,medium,exponential,2.0,weighted_0.5,300,True,0.9,0.7333333333333333,True,6.625161675866355e-08,1,6.655113311054417
DoS,0350,mean_shift,positive,medium,exponential,2.0,weighted_0.75,300,True,0.6533333333333333,0.23333333333333334,True,1.9948514720535702e-25,66,6.655113311054417
DoS,0350,mean_shift,positive,slow,exponential,2.0,pird,300,True,0.0033333333333333335,0.0,False,0.15845344348567247,299,6.655113311054417
DoS,0350,mean_shift,positive,slow,exponential,2.0,global,300,True,0.9466666666666667,0.9433333333333334,False,0.42894067407092007,1,6.655113311054417
DoS,0350,mean_shift,positive,slow,exponential,2.0,or,300,True,0.9466666666666667,0.9433333333333334,False,0.42894067407092007,1,6.655113311054417
DoS,0350,mean_shift,positive,slow,exponential,2.0,max,300,True,0.94,0.9333333333333333,False,0.36872498508978235,1,6.655113311054417
DoS,0350,mean_shift,positive,slow,exponential,2.0,weighted_0.25,300,True,0.9433333333333334,0.9366666666666666,False,0.3654956869116182,1,6.655113311054417
DoS,0350,mean_shift,positive,slow,exponential,2.0,weighted_0.5,300,True,0.89,0.7333333333333333,True,4.609717042965405e-07,1,6.655113311054417
DoS,0350,mean_shift,positive,slow,exponential,2.0,weighted_0.75,300,True,0.32666666666666666,0.23333333333333334,True,0.005450204651704148,131,6.655113311054417
DoS,0350,mean_shift,positive,fast,exponential,3.0,pird,300,True,0.81,0.0,True,4.07986071593782e-91,57,9.942619796541043
DoS,0350,mean_shift,positive,fast,exponential,3.0,global,300,True,0.95,0.9433333333333334,False,0.35816194379067917,1,9.942619796541043
DoS,0350,mean_shift,positive,fast,exponential,3.0,or,300,True,0.9533333333333334,0.9433333333333334,False,0.2900293365244328,1,9.942619796541043
DoS,0350,mean_shift,positive,fast,exponential,3.0,max,300,True,0.9466666666666667,0.9333333333333333,False,0.24584789309842325,1,9.942619796541043
DoS,0350,mean_shift,positive,fast,exponential,3.0,weighted_0.25,300,True,0.9766666666666667,0.9366666666666666,True,0.008061854563087521,1,9.942619796541043
DoS,0350,mean_shift,positive,fast,exponential,3.0,weighted_0.5,300,True,0.9166666666666666,0.7333333333333333,True,1.7171094889681727e-09,1,9.942619796541043
DoS,0350,mean_shift,positive,fast,exponential,3.0,weighted_0.75,300,True,0.86,0.23333333333333334,True,6.248596283075572e-54,41,9.942619796541043
DoS,0350,mean_shift,positive,medium,exponential,3.0,pird,300,True,0.62,0.0,True,7.057298853226804e-61,114,9.942619796541043
DoS,0350,mean_shift,positive,medium,exponential,3.0,global,300,True,0.9466666666666667,0.9433333333333334,False,0.42894067407092007,1,9.942619796541043
DoS,0350,mean_shift,positive,medium,exponential,3.0,or,300,True,0.95,0.9433333333333334,False,0.35816194379067917,1,9.942619796541043
DoS,0350,mean_shift,positive,medium,exponential,3.0,max,300,True,0.9466666666666667,0.9333333333333333,False,0.24584789309842325,1,9.942619796541043
DoS,0350,mean_shift,positive,medium,exponential,3.0,weighted_0.25,300,True,0.95,0.9366666666666666,False,0.24000143569275664,1,9.942619796541043
DoS,0350,mean_shift,positive,medium,exponential,3.0,weighted_0.5,300,True,0.9033333333333333,0.7333333333333333,True,3.332496040492179e-08,1,9.942619796541043
DoS,0350,mean_shift,positive,medium,exponential,3.0,weighted_0.75,300,True,0.7466666666666667,0.23333333333333334,True,1.4206253053012156e-36,56,9.942619796541043
DoS,0350,mean_shift,positive,slow,exponential,3.0,pird,300,True,0.24,0.0,True,7.45998319849353e-20,228,9.942619796541043
DoS,0350,mean_shift,positive,slow,exponential,3.0,global,300,True,0.9466666666666667,0.9433333333333334,False,0.42894067407092007,1,9.942619796541043
DoS,0350,mean_shift,positive,slow,exponential,3.0,or,300,True,0.9466666666666667,0.9433333333333334,False,0.42894067407092007,1,9.942619796541043
DoS,0350,mean_shift,positive,slow,exponential,3.0,max,300,True,0.94,0.9333333333333333,False,0.36872498508978235,1,9.942619796541043
DoS,0350,mean_shift,positive,slow,exponential,3.0,weighted_0.25,300,True,0.9466666666666667,0.9366666666666666,False,0.3006392065701856,1,9.942619796541043
DoS,0350,mean_shift,positive,slow,exponential,3.0,weighted_0.5,300,True,0.8966666666666666,0.7333333333333333,True,1.2902523814999892e-07,1,9.942619796541043
DoS,0350,mean_shift,positive,slow,exponential,3.0,weighted_0.75,300,True,0.4866666666666667,0.23333333333333334,True,5.1008612625650865e-11,106,9.942619796541043
DoS,0350,mean_shift,negative,fast,exponential,0.25,pird,300,False,0.0,0.0,False,1.0,-1,2.4085773961423786
DoS,0350,mean_shift,negative,fast,exponential,0.25,global,300,True,0.9433333333333334,0.9433333333333334,False,0.5,1,2.4085773961423786
DoS,0350,mean_shift,negative,fast,exponential,0.25,or,300,True,0.9433333333333334,0.9433333333333334,False,0.5,1,2.4085773961423786
DoS,0350,mean_shift,negative,fast,exponential,0.25,max,300,True,0.9366666666666666,0.9333333333333333,False,0.4342356397801507,1,2.4085773961423786
DoS,0350,mean_shift,negative,fast,exponential,0.25,weighted_0.25,300,True,0.9266666666666666,0.9366666666666666,False,0.6863033967146299,1,2.4085773961423786
DoS,0350,mean_shift,negative,fast,exponential,0.25,weighted_0.5,300,True,0.6633333333333333,0.7333333333333333,False,0.9691104951663945,1,2.4085773961423786
DoS,0350,mean_shift,negative,fast,exponential,0.25,weighted_0.75,300,True,0.22333333333333333,0.23333333333333334,False,0.6147701617103317,231,2.4085773961423786
DoS,0350,mean_shift,negative,medium,exponential,0.25,pird,300,False,0.0,0.0,False,1.0,-1,2.4085773961423786
DoS,0350,mean_shift,negative,medium,exponential,0.25,global,300,True,0.9433333333333334,0.9433333333333334,False,0.5,1,2.4085773961423786
DoS,0350,mean_shift,negative,medium,exponential,0.25,or,300,True,0.9433333333333334,0.9433333333333334,False,0.5,1,2.4085773961423786
DoS,0350,mean_shift,negative,medium,exponential,0.25,max,300,True,0.9366666666666666,0.9333333333333333,False,0.4342356397801507,1,2.4085773961423786
DoS,0350,mean_shift,negative,medium,exponential,0.25,weighted_0.25,300,True,0.9266666666666666,0.9366666666666666,False,0.6863033967146299,1,2.4085773961423786
DoS,0350,mean_shift,negative,medium,exponential,0.25,weighted_0.5,300,True,0.73,0.7333333333333333,False,0.536705097337592,1,2.4085773961423786
DoS,0350,mean_shift,negative,medium,exponential,0.25,weighted_0.75,300,True,0.22333333333333333,0.23333333333333334,False,0.6147701617103317,231,2.4085773961423786
DoS,0350,mean_shift,negative,slow,exponential,0.25,pird,300,False,0.0,0.0,False,1.0,-1,2.4085773961423786
DoS,0350,mean_shift,negative,slow,exponential,0.25,global,300,True,0.9433333333333334,0.9433333333333334,False,0.5,1,2.4085773961423786
DoS,0350,mean_shift,negative,slow,exponential,0.25,or,300,True,0.9433333333333334,0.9433333333333334,False,0.5,1,2.4085773961423786
DoS,0350,mean_shift,negative,slow,exponential,0.25,max,300,True,0.9366666666666666,0.9333333333333333,False,0.4342356397801507,1,2.4085773961423786
DoS,0350,mean_shift,negative,slow,exponential,0.25,weighted_0.25,300,True,0.94,0.9366666666666666,False,0.43261708662939363,1,2.4085773961423786
DoS,0350,mean_shift,negative,slow,exponential,0.25,weighted_0.5,300,True,0.8366666666666667,0.7333333333333333,True,0.0010330010699946199,1,2.4085773961423786
DoS,0350,mean_shift,negative,slow,exponential,0.25,weighted_0.75,300,True,0.22333333333333333,0.23333333333333334,False,0.6147701617103317,231,2.4085773961423786
DoS,0350,mean_shift,negative,fast,exponential,0.5,pird,300,False,0.0,0.0,False,1.0,-1,2.4085773961423786
DoS,0350,mean_shift,negative,fast,exponential,0.5,global,300,True,0.9433333333333334,0.9433333333333334,False,0.5,1,2.4085773961423786
DoS,0350,mean_shift,negative,fast,exponential,0.5,or,300,True,0.9433333333333334,0.9433333333333334,False,0.5,1,2.4085773961423786
DoS,0350,mean_shift,negative,fast,exponential,0.5,max,300,True,0.9366666666666666,0.9333333333333333,False,0.4342356397801507,1,2.4085773961423786
DoS,0350,mean_shift,negative,fast,exponential,0.5,weighted_0.25,300,True,0.9366666666666666,0.9366666666666666,False,0.5,1,2.4085773961423786
DoS,0350,mean_shift,negative,fast,exponential,0.5,weighted_0.5,300,True,0.7733333333333333,0.7333333333333333,False,0.12788060275609237,1,2.4085773961423786
DoS,0350,mean_shift,negative,fast,exponential,0.5,weighted_0.75,300,True,0.23,0.23333333333333334,False,0.5385434426442544,231,2.4085773961423786
DoS,0350,mean_shift,negative,medium,exponential,0.5,pird,300,False,0.0,0.0,False,1.0,-1,2.4085773961423786
DoS,0350,mean_shift,negative,medium,exponential,0.5,global,300,True,0.9433333333333334,0.9433333333333334,False,0.5,1,2.4085773961423786
DoS,0350,mean_shift,negative,medium,exponential,0.5,or,300,True,0.9433333333333334,0.9433333333333334,False,0.5,1,2.4085773961423786
DoS,0350,mean_shift,negative,medium,exponential,0.5,max,300,True,0.9366666666666666,0.9333333333333333,False,0.4342356397801507,1,2.4085773961423786
DoS,0350,mean_shift,negative,medium,exponential,0.5,weighted_0.25,300,True,0.9366666666666666,0.9366666666666666,False,0.5,1,2.4085773961423786
DoS,0350,mean_shift,negative,medium,exponential,0.5,weighted_0.5,300,True,0.7233333333333334,0.7333333333333333,False,0.6084707898046203,1,2.4085773961423786
DoS,0350,mean_shift,negative,medium,exponential,0.5,weighted_0.75,300,True,0.23,0.23333333333333334,False,0.5385434426442544,231,2.4085773961423786
DoS,0350,mean_shift,negative,slow,exponential,0.5,pird,300,False,0.0,0.0,False,1.0,-1,2.4085773961423786
DoS,0350,mean_shift,negative,slow,exponential,0.5,global,300,True,0.9433333333333334,0.9433333333333334,False,0.5,1,2.4085773961423786
DoS,0350,mean_shift,negative,slow,exponential,0.5,or,300,True,0.9433333333333334,0.9433333333333334,False,0.5,1,2.4085773961423786
DoS,0350,mean_shift,negative,slow,exponential,0.5,max,300,True,0.9366666666666666,0.9333333333333333,False,0.4342356397801507,1,2.4085773961423786
DoS,0350,mean_shift,negative,slow,exponential,0.5,weighted_0.25,300,True,0.9266666666666666,0.9366666666666666,False,0.6863033967146299,1,2.4085773961423786
DoS,0350,mean_shift,negative,slow,exponential,0.5,weighted_0.5,300,True,0.7566666666666667,0.7333333333333333,False,0.2560236421478047,1,2.4085773961423786
DoS,0350,mean_shift,negative,slow,exponential,0.5,weighted_0.75,300,True,0.22666666666666666,0.23333333333333334,False,0.5769196424584141,231,2.4085773961423786
DoS,0350,mean_shift,negative,fast,exponential,0.75,pird,300,False,0.0,0.0,False,1.0,-1,2.4085773961423786
DoS,0350,mean_shift,negative,fast,exponential,0.75,global,300,True,0.9433333333333334,0.9433333333333334,False,0.5,1,2.4085773961423786
DoS,0350,mean_shift,negative,fast,exponential,0.75,or,300,True,0.9433333333333334,0.9433333333333334,False,0.5,1,2.4085773961423786
DoS,0350,mean_shift,negative,fast,exponential,0.75,max,300,True,0.9366666666666666,0.9333333333333333,False,0.4342356397801507,1,2.4085773961423786
DoS,0350,mean_shift,negative,fast,exponential,0.75,weighted_0.25,300,True,0.94,0.9366666666666666,False,0.43261708662939363,1,2.4085773961423786
DoS,0350,mean_shift,negative,fast,exponential,0.75,weighted_0.5,300,True,0.86,0.7333333333333333,True,5.798885377285601e-05,1,2.4085773961423786
DoS,0350,mean_shift,negative,fast,exponential,0.75,weighted_0.75,300,True,0.24666666666666667,0.23333333333333334,False,0.3510973423565928,76,2.4085773961423786
DoS,0350,mean_shift,negative,medium,exponential,0.75,pird,300,False,0.0,0.0,False,1.0,-1,2.4085773961423786
DoS,0350,mean_shift,negative,medium,exponential,0.75,global,300,True,0.9433333333333334,0.9433333333333334,False,0.5,1,2.4085773961423786
DoS,0350,mean_shift,negative,medium,exponential,0.75,or,300,True,0.9433333333333334,0.9433333333333334,False,0.5,1,2.4085773961423786
DoS,0350,mean_shift,negative,medium,exponential,0.75,max,300,True,0.9366666666666666,0.9333333333333333,False,0.4342356397801507,1,2.4085773961423786
DoS,0350,mean_shift,negative,medium,exponential,0.75,weighted_0.25,300,True,0.94,0.9366666666666666,False,0.43261708662939363,1,2.4085773961423786
DoS,0350,mean_shift,negative,medium,exponential,0.75,weighted_0.5,300,True,0.81,0.7333333333333333,True,0.012645409220223265,1,2.4085773961423786
DoS,0350,mean_shift,negative,medium,exponential,0.75,weighted_0.75,300,True,0.23333333333333334,0.23333333333333334,False,0.5,230,2.4085773961423786
DoS,0350,mean_shift,negative,slow,exponential,0.75,pird,300,False,0.0,0.0,False,1.0,-1,2.4085773961423786
DoS,0350,mean_shift,negative,slow,exponential,0.75,global,300,True,0.9433333333333334,0.9433333333333334,False,0.5,1,2.4085773961423786
DoS,0350,mean_shift,negative,slow,exponential,0.75,or,300,True,0.9433333333333334,0.9433333333333334,False,0.5,1,2.4085773961423786
DoS,0350,mean_shift,negative,slow,exponential,0.75,max,300,True,0.9366666666666666,0.9333333333333333,False,0.4342356397801507,1,2.4085773961423786
DoS,0350,mean_shift,negative,slow,exponential,0.75,weighted_0.25,300,True,0.9266666666666666,0.9366666666666666,False,0.6863033967146299,1,2.4085773961423786
DoS,0350,mean_shift,negative,slow,exponential,0.75,weighted_0.5,300,True,0.7233333333333334,0.7333333333333333,False,0.6084707898046203,1,2.4085773961423786
DoS,0350,mean_shift,negative,slow,exponential,0.75,weighted_0.75,300,True,0.23,0.23333333333333334,False,0.5385434426442544,231,2.4085773961423786
DoS,0350,mean_shift,negative,fast,exponential,1.0,pird,300,False,0.0,0.0,False,1.0,-1,2.948918413431313
DoS,0350,mean_shift,negative,fast,exponential,1.0,global,300,True,0.9433333333333334,0.9433333333333334,False,0.5,1,2.948918413431313
DoS,0350,mean_shift,negative,fast,exponential,1.0,or,300,True,0.9433333333333334,0.9433333333333334,False,0.5,1,2.948918413431313
DoS,0350,mean_shift,negative,fast,exponential,1.0,max,300,True,0.93,0.9333333333333333,False,0.5642682172136492,1,2.948918413431313
DoS,0350,mean_shift,negative,fast,exponential,1.0,weighted_0.25,300,True,0.9366666666666666,0.9366666666666666,False,0.5,1,2.948918413431313
DoS,0350,mean_shift,negative,fast,exponential,1.0,weighted_0.5,300,True,0.88,0.7333333333333333,True,2.7003495953436783e-06,1,2.948918413431313
DoS,0350,mean_shift,negative,fast,exponential,1.0,weighted_0.75,300,True,0.6166666666666667,0.23333333333333334,True,1.07844585074856e-21,66,2.948918413431313
DoS,0350,mean_shift,negative,medium,exponential,1.0,pird,300,False,0.0,0.0,False,1.0,-1,2.948918413431313
DoS,0350,mean_shift,negative,medium,exponential,1.0,global,300,True,0.9433333333333334,0.9433333333333334,False,0.5,1,2.948918413431313
DoS,0350,mean_shift,negative,medium,exponential,1.0,or,300,True,0.9433333333333334,0.9433333333333334,False,0.5,1,2.948918413431313
DoS,0350,mean_shift,negative,medium,exponential,1.0,max,300,True,0.93,0.9333333333333333,False,0.5642682172136492,1,2.948918413431313
DoS,0350,mean_shift,negative,medium,exponential,1.0,weighted_0.25,300,True,0.94,0.9366666666666666,False,0.43261708662939363,1,2.948918413431313
DoS,0350,mean_shift,negative,medium,exponential,1.0,weighted_0.5,300,True,0.84,0.7333333333333333,True,0.0007139182388684503,1,2.948918413431313
DoS,0350,mean_shift,negative,medium,exponential,1.0,weighted_0.75,300,True,0.43666666666666665,0.23333333333333334,True,6.594623396164613e-08,131,2.948918413431313
DoS,0350,mean_shift,negative,slow,exponential,1.0,pird,300,False,0.0,0.0,False,1.0,-1,2.948918413431313
DoS,0350,mean_shift,negative,slow,exponential,1.0,global,300,True,0.9433333333333334,0.9433333333333334,False,0.5,1,2.948918413431313
DoS,0350,mean_shift,negative,slow,exponential,1.0,or,300,True,0.9433333333333334,0.9433333333333334,False,0.5,1,2.948918413431313
DoS,0350,mean_shift,negative,slow,exponential,1.0,max,300,True,0.9366666666666666,0.9333333333333333,False,0.4342356397801507,1,2.948918413431313
DoS,0350,mean_shift,negative,slow,exponential,1.0,weighted_0.25,300,True,0.9366666666666666,0.9366666666666666,False,0.5,1,2.948918413431313
DoS,0350,mean_shift,negative,slow,exponential,1.0,weighted_0.5,300,True,0.6966666666666667,0.7333333333333333,False,0.8400864763886954,1,2.948918413431313
DoS,0350,mean_shift,negative,slow,exponential,1.0,weighted_0.75,300,True,0.23333333333333334,0.23333333333333334,False,0.5,230,2.948918413431313
DoS,0350,mean_shift,negative,fast,exponential,1.5,pird,300,False,0.0,0.0,False,1.0,-1,4.130819781022931
DoS,0350,mean_shift,negative,fast,exponential,1.5,global,300,True,0.9433333333333334,0.9433333333333334,False,0.5,1,4.130819781022931
DoS,0350,mean_shift,negative,fast,exponential,1.5,or,300,True,0.9433333333333334,0.9433333333333334,False,0.5,1,4.130819781022931
DoS,0350,mean_shift,negative,fast,exponential,1.5,max,300,True,0.9333333333333333,0.9333333333333333,False,0.5,1,4.130819781022931
DoS,0350,mean_shift,negative,fast,exponential,1.5,weighted_0.25,300,True,0.94,0.9366666666666666,False,0.43261708662939363,1,4.130819781022931
DoS,0350,mean_shift,negative,fast,exponential,1.5,weighted_0.5,300,True,0.8966666666666666,0.7333333333333333,True,1.2902523814999892e-07,1,4.130819781022931
DoS,0350,mean_shift,negative,fast,exponential,1.5,weighted_0.75,300,True,0.8166666666666667,0.23333333333333334,True,9.952584139709715e-47,51,4.130819781022931
DoS,0350,mean_shift,negative,medium,exponential,1.5,pird,300,False,0.0,0.0,False,1.0,-1,4.130819781022931
DoS,0350,mean_shift,negative,medium,exponential,1.5,global,300,True,0.9433333333333334,0.9433333333333334,False,0.5,1,4.130819781022931
DoS,0350,mean_shift,negative,medium,exponential,1.5,or,300,True,0.9433333333333334,0.9433333333333334,False,0.5,1,4.130819781022931
DoS,0350,mean_shift,negative,medium,exponential,1.5,max,300,True,0.9333333333333333,0.9333333333333333,False,0.5,1,4.130819781022931
DoS,0350,mean_shift,negative,medium,exponential,1.5,weighted_0.25,300,True,0.9366666666666666,0.9366666666666666,False,0.5,1,4.130819781022931
DoS,0350,mean_shift,negative,medium,exponential,1.5,weighted_0.5,300,True,0.87,0.7333333333333333,True,1.348078662127451e-05,1,4.130819781022931
DoS,0350,mean_shift,negative,medium,exponential,1.5,weighted_0.75,300,True,0.6333333333333333,0.23333333333333334,True,2.388379925578711e-23,96,4.130819781022931
DoS,0350,mean_shift,negative,slow,exponential,1.5,pird,300,False,0.0,0.0,False,1.0,-1,4.130819781022931
DoS,0350,mean_shift,negative,slow,exponential,1.5,global,300,True,0.9433333333333334,0.9433333333333334,False,0.5,1,4.130819781022931
DoS,0350,mean_shift,negative,slow,exponential,1.5,or,300,True,0.9433333333333334,0.9433333333333334,False,0.5,1,4.130819781022931
DoS,0350,mean_shift,negative,slow,exponential,1.5,max,300,True,0.9366666666666666,0.9333333333333333,False,0.4342356397801507,1,4.130819781022931
DoS,0350,mean_shift,negative,slow,exponential,1.5,weighted_0.25,300,True,0.94,0.9366666666666666,False,0.43261708662939363,1,4.130819781022931
DoS,0350,mean_shift,negative,slow,exponential,1.5,weighted_0.5,300,True,0.77,0.7333333333333333,False,0.14930703959153868,1,4.130819781022931
DoS,0350,mean_shift,negative,slow,exponential,1.5,weighted_0.75,300,True,0.2633333333333333,0.23333333333333334,False,0.19754403410749552,211,4.130819781022931
DoS,0350,mean_shift,negative,fast,exponential,2.0,pird,300,True,0.78,0.0,True,1.0203206096282087e-85,66,5.272118945140538
DoS,0350,mean_shift,negative,fast,exponential,2.0,global,300,True,0.9433333333333334,0.9433333333333334,False,0.5,1,5.272118945140538
DoS,0350,mean_shift,negative,fast,exponential,2.0,or,300,True,0.9466666666666667,0.9433333333333334,False,0.42894067407092007,1,5.272118945140538
DoS,0350,mean_shift,negative,fast,exponential,2.0,max,300,True,0.9433333333333334,0.9333333333333333,False,0.3053251571611494,1,5.272118945140538
DoS,0350,mean_shift,negative,fast,exponential,2.0,weighted_0.25,300,True,0.9466666666666667,0.9366666666666666,False,0.3006392065701856,1,5.272118945140538
DoS,0350,mean_shift,negative,fast,exponential,2.0,weighted_0.5,300,True,0.9033333333333333,0.7333333333333333,True,3.332496040492179e-08,1,5.272118945140538
DoS,0350,mean_shift,negative,fast,exponential,2.0,weighted_0.75,300,True,0.8433333333333334,0.23333333333333334,True,4.532914639546856e-51,46,5.272118945140538
DoS,0350,mean_shift,negative,medium,exponential,2.0,pird,300,True,0.5566666666666666,0.0,True,1.4692172915762717e-52,133,5.272118945140538
DoS,0350,mean_shift,negative,medium,exponential,2.0,global,300,True,0.9433333333333334,0.9433333333333334,False,0.5,1,5.272118945140538
DoS,0350,mean_shift,negative,medium,exponential,2.0,or,300,True,0.9466666666666667,0.9433333333333334,False,0.42894067407092007,1,5.272118945140538
DoS,0350,mean_shift,negative,medium,exponential,2.0,max,300,True,0.9433333333333334,0.9333333333333333,False,0.3053251571611494,1,5.272118945140538
DoS,0350,mean_shift,negative,medium,exponential,2.0,weighted_0.25,300,True,0.9333333333333333,0.9366666666666666,False,0.5657643602198493,1,5.272118945140538
DoS,0350,mean_shift,negative,medium,exponential,2.0,weighted_0.5,300,True,0.88,0.7333333333333333,True,2.7003495953436783e-06,1,5.272118945140538
DoS,0350,mean_shift,negative,medium,exponential,2.0,weighted_0.75,300,True,0.7033333333333334,0.23333333333333334,True,4.3556865605869885e-31,76,5.272118945140538
DoS,0350,mean_shift,negative,slow,exponential,2.0,pird,300,True,0.11333333333333333,0.0,True,9.653503165031727e-10,266,5.272118945140538
DoS,0350,mean_shift,negative,slow,exponential,2.0,global,300,True,0.9433333333333334,0.9433333333333334,False,0.5,1,5.272118945140538
DoS,0350,mean_shift,negative,slow,exponential,2.0,or,300,True,0.9433333333333334,0.9433333333333334,False,0.5,1,5.272118945140538
DoS,0350,mean_shift,negative,slow,exponential,2.0,max,300,True,0.93,0.9333333333333333,False,0.5642682172136492,1,5.272118945140538
DoS,0350,mean_shift,negative,slow,exponential,2.0,weighted_0.25,300,True,0.94,0.9366666666666666,False,0.43261708662939363,1,5.272118945140538
DoS,0350,mean_shift,negative,slow,exponential,2.0,weighted_0.5,300,True,0.8233333333333334,0.7333333333333333,True,0.00398049056690789,1,5.272118945140538
DoS,0350,mean_shift,negative,slow,exponential,2.0,weighted_0.75,300,True,0.38666666666666666,0.23333333333333334,True,2.448651676784644e-05,156,5.272118945140538
DoS,0350,mean_shift,negative,fast,exponential,3.0,pird,300,True,0.8333333333333334,0.0,True,1.662599647134343e-95,50,7.667115863956492
DoS,0350,mean_shift,negative,fast,exponential,3.0,global,300,True,0.9433333333333334,0.9433333333333334,False,0.5,1,7.667115863956492
DoS,0350,mean_shift,negative,fast,exponential,3.0,or,300,True,0.9466666666666667,0.9433333333333334,False,0.42894067407092007,1,7.667115863956492
DoS,0350,mean_shift,negative,fast,exponential,3.0,max,300,True,0.9433333333333334,0.9333333333333333,False,0.3053251571611494,1,7.667115863956492
DoS,0350,mean_shift,negative,fast,exponential,3.0,weighted_0.25,300,True,0.97,0.9366666666666666,True,0.026463003861639973,1,7.667115863956492
DoS,0350,mean_shift,negative,fast,exponential,3.0,weighted_0.5,300,True,0.9266666666666666,0.7333333333333333,True,1.4540229158111953e-10,1,7.667115863956492
DoS,0350,mean_shift,negative,fast,exponential,3.0,weighted_0.75,300,True,0.88,0.23333333333333334,True,1.5997266608055157e-57,36,7.667115863956492
DoS,0350,mean_shift,negative,medium,exponential,3.0,pird,300,True,0.6666666666666666,0.0,True,1.6471811916571005e-67,100,7.667115863956492
DoS,0350,mean_shift,negative,medium,exponential,3.0,global,300,True,0.9433333333333334,0.9433333333333334,False,0.5,1,7.667115863956492
DoS,0350,mean_shift,negative,medium,exponential,3.0,or,300,True,0.9466666666666667,0.9433333333333334,False,0.42894067407092007,1,7.667115863956492
DoS,0350,mean_shift,negative,medium,exponential,3.0,max,300,True,0.9433333333333334,0.9333333333333333,False,0.3053251571611494,1,7.667115863956492
DoS,0350,mean_shift,negative,medium,exponential,3.0,weighted_0.25,300,True,0.94,0.9366666666666666,False,0.43261708662939363,1,7.667115863956492
DoS,0350,mean_shift,negative,medium,exponential,3.0,weighted_0.5,300,True,0.8966666666666666,0.7333333333333333,True,1.2902523814999892e-07,1,7.667115863956492
DoS,0350,mean_shift,negative,medium,exponential,3.0,weighted_0.75,300,True,0.7933333333333333,0.23333333333333334,True,3.747269327323355e-43,56,7.667115863956492
DoS,0350,mean_shift,negative,slow,exponential,3.0,pird,300,True,0.3333333333333333,0.0,True,3.163034131838705e-28,200,7.667115863956492
DoS,0350,mean_shift,negative,slow,exponential,3.0,global,300,True,0.9433333333333334,0.9433333333333334,False,0.5,1,7.667115863956492
DoS,0350,mean_shift,negative,slow,exponential,3.0,or,300,True,0.9466666666666667,0.9433333333333334,False,0.42894067407092007,1,7.667115863956492
DoS,0350,mean_shift,negative,slow,exponential,3.0,max,300,True,0.9366666666666666,0.9333333333333333,False,0.4342356397801507,1,7.667115863956492
DoS,0350,mean_shift,negative,slow,exponential,3.0,weighted_0.25,300,True,0.94,0.9366666666666666,False,0.43261708662939363,1,7.667115863956492
DoS,0350,mean_shift,negative,slow,exponential,3.0,weighted_0.5,300,True,0.87,0.7333333333333333,True,1.348078662127451e-05,1,7.667115863956492
DoS,0350,mean_shift,negative,slow,exponential,3.0,weighted_0.75,300,True,0.5733333333333334,0.23333333333333334,True,1.0473724318211475e-17,118,7.667115863956492
DoS,018f,additive,positive,fast,exponential,0.25,pird,300,True,0.9933333333333333,0.43333333333333335,True,2.9258680916612916e-52,2,49.68306020824765
DoS,018f,additive,positive,fast,exponential,0.25,global,300,True,0.9366666666666666,0.9366666666666666,False,0.5,0,49.68306020824765
DoS,018f,additive,positive,fast,exponential,0.25,or,300,True,1.0,0.9433333333333334,True,1.4397821768935163e-05,0,49.68306020824765
DoS,018f,additive,positive,fast,exponential,0.25,max,300,True,0.9933333333333333,0.93,True,2.6729802483956372e-05,1,49.68306020824765
DoS,018f,additive,positive,fast,exponential,0.25,weighted_0.25,300,True,1.0,1.0,False,1.0,0,49.68306020824765
DoS,018f,additive,positive,fast,exponential,0.25,weighted_0.5,300,True,1.0,1.0,False,1.0,0,49.68306020824765
DoS,018f,additive,positive,fast,exponential,0.25,weighted_0.75,300,True,1.0,1.0,False,1.0,0,49.68306020824765
DoS,018f,additive,positive,medium,exponential,0.25,pird,300,True,0.9866666666666667,0.43333333333333335,True,9.758422934713467e-51,4,49.68306020824765
DoS,018f,additive,positive,medium,exponential,0.25,global,300,True,0.9366666666666666,0.9366666666666666,False,0.5,0,49.68306020824765
DoS,018f,additive,positive,medium,exponential,0.25,or,300,True,0.9966666666666667,0.9433333333333334,True,6.430371156653407e-05,0,49.68306020824765
DoS,018f,additive,positive,medium,exponential,0.25,max,300,True,0.99,0.93,True,8.841728520080583e-05,1,49.68306020824765
DoS,018f,additive,positive,medium,exponential,0.25,weighted_0.25,300,True,1.0,1.0,False,1.0,0,49.68306020824765
DoS,018f,additive,positive,medium,exponential,0.25,weighted_0.5,300,True,1.0,1.0,False,1.0,0,49.68306020824765
DoS,018f,additive,positive,medium,exponential,0.25,weighted_0.75,300,True,1.0,1.0,False,1.0,0,49.68306020824765
DoS,018f,additive,positive,slow,exponential,0.25,pird,300,True,0.9833333333333333,0.43333333333333335,True,5.445093502379588e-50,5,49.64737526901198
DoS,018f,additive,positive,slow,exponential,0.25,global,300,True,0.9366666666666666,0.9366666666666666,False,0.5,0,49.64737526901198
DoS,018f,additive,positive,slow,exponential,0.25,or,300,True,0.9933333333333333,0.9433333333333334,True,0.0002352155774534254,0,49.64737526901198
DoS,018f,additive,positive,slow,exponential,0.25,max,300,True,0.9866666666666667,0.93,True,0.00025721627360358824,1,49.64737526901198
DoS,018f,additive,positive,slow,exponential,0.25,weighted_0.25,300,True,1.0,1.0,False,1.0,0,49.64737526901198
DoS,018f,additive,positive,slow,exponential,0.25,weighted_0.5,300,True,1.0,1.0,False,1.0,0,49.64737526901198
DoS,018f,additive,positive,slow,exponential,0.25,weighted_0.75,300,True,1.0,1.0,False,1.0,0,49.64737526901198
DoS,018f,additive,positive,fast,exponential,0.5,pird,300,True,0.9966666666666667,0.43333333333333335,True,4.891296658885929e-53,1,50.09615848238822
DoS,018f,additive,positive,fast,exponential,0.5,global,300,True,0.9366666666666666,0.9366666666666666,False,0.5,0,50.09615848238822
DoS,018f,additive,positive,fast,exponential,0.5,or,300,True,1.0,0.9433333333333334,True,1.4397821768935163e-05,0,50.09615848238822
DoS,018f,additive,positive,fast,exponential,0.5,max,300,True,0.9966666666666667,0.93,True,6.982665155583004e-06,1,50.09615848238822
DoS,018f,additive,positive,fast,exponential,0.5,weighted_0.25,300,True,1.0,1.0,False,1.0,0,50.09615848238822
DoS,018f,additive,positive,fast,exponential,0.5,weighted_0.5,300,True,1.0,1.0,False,1.0,0,50.09615848238822
DoS,018f,additive,positive,fast,exponential,0.5,weighted_0.75,300,True,1.0,1.0,False,1.0,0,50.09615848238822
DoS,018f,additive,positive,medium,exponential,0.5,pird,300,True,0.9933333333333333,0.43333333333333335,True,2.9258680916612916e-52,2,50.09615848238822
DoS,018f,additive,positive,medium,exponential,0.5,global,300,True,0.9366666666666666,0.9366666666666666,False,0.5,0,50.09615848238822
DoS,018f,additive,positive,medium,exponential,0.5,or,300,True,1.0,0.9433333333333334,True,1.4397821768935163e-05,0,50.09615848238822
DoS,018f,additive,positive,medium,exponential,0.5,max,300,True,0.9933333333333333,0.93,True,2.6729802483956372e-05,1,50.09615848238822
DoS,018f,additive,positive,medium,exponential,0.5,weighted_0.25,300,True,1.0,1.0,False,1.0,0,50.09615848238822
DoS,018f,additive,positive,medium,exponential,0.5,weighted_0.5,300,True,1.0,1.0,False,1.0,0,50.09615848238822
DoS,018f,additive,positive,medium,exponential,0.5,weighted_0.75,300,True,1.0,1.0,False,1.0,0,50.09615848238822
DoS,018f,additive,positive,slow,exponential,0.5,pird,300,True,0.9866666666666667,0.43333333333333335,True,9.758422934713467e-51,4,50.0232644456844
DoS,018f,additive,positive,slow,exponential,0.5,global,300,True,0.9366666666666666,0.9366666666666666,False,0.5,0,50.0232644456844
DoS,018f,additive,positive,slow,exponential,0.5,or,300,True,0.9966666666666667,0.9433333333333334,True,6.430371156653407e-05,0,50.0232644456844
DoS,018f,additive,positive,slow,exponential,0.5,max,300,True,0.9933333333333333,0.93,True,2.6729802483956372e-05,1,50.0232644456844
DoS,018f,additive,positive,slow,exponential,0.5,weighted_0.25,300,True,1.0,1.0,False,1.0,0,50.0232644456844
DoS,018f,additive,positive,slow,exponential,0.5,weighted_0.5,300,True,1.0,1.0,False,1.0,0,50.0232644456844
DoS,018f,additive,positive,slow,exponential,0.5,weighted_0.75,300,True,1.0,1.0,False,1.0,0,50.0232644456844
DoS,018f,additive,positive,fast,exponential,0.75,pird,300,True,0.9966666666666667,0.43333333333333335,True,4.891296658885929e-53,1,50.51824388492051
DoS,018f,additive,positive,fast,exponential,0.75,global,300,True,0.9366666666666666,0.9366666666666666,False,0.5,0,50.51824388492051
DoS,018f,additive,positive,fast,exponential,0.75,or,300,True,1.0,0.9433333333333334,True,1.4397821768935163e-05,0,50.51824388492051
DoS,018f,additive,positive,fast,exponential,0.75,max,300,True,0.9966666666666667,0.93,True,6.982665155583004e-06,1,50.51824388492051
DoS,018f,additive,positive,fast,exponential,0.75,weighted_0.25,300,True,1.0,1.0,False,1.0,0,50.51824388492051
DoS,018f,additive,positive,fast,exponential,0.75,weighted_0.5,300,True,1.0,1.0,False,1.0,0,50.51824388492051
DoS,018f,additive,positive,fast,exponential,0.75,weighted_0.75,300,True,1.0,1.0,False,1.0,0,50.51824388492051
DoS,018f,additive,positive,medium,exponential,0.75,pird,300,True,0.9966666666666667,0.43333333333333335,True,4.891296658885929e-53,1,50.51824388492051
DoS,018f,additive,positive,medium,exponential,0.75,global,300,True,0.9366666666666666,0.9366666666666666,False,0.5,0,50.51824388492051
DoS,018f,additive,positive,medium,exponential,0.75,or,300,True,1.0,0.9433333333333334,True,1.4397821768935163e-05,0,50.51824388492051
DoS,018f,additive,positive,medium,exponential,0.75,max,300,True,0.9966666666666667,0.93,True,6.982665155583004e-06,1,50.51824388492051
DoS,018f,additive,positive,medium,exponential,0.75,weighted_0.25,300,True,1.0,1.0,False,1.0,0,50.51824388492051
DoS,018f,additive,positive,medium,exponential,0.75,weighted_0.5,300,True,1.0,1.0,False,1.0,0,50.51824388492051
DoS,018f,additive,positive,medium,exponential,0.75,weighted_0.75,300,True,1.0,1.0,False,1.0,0,50.51824388492051
DoS,018f,additive,positive,slow,exponential,0.75,pird,300,True,0.99,0.43333333333333335,True,1.7094275937061307e-51,2,50.40667059240025
DoS,018f,additive,positive,slow,exponential,0.75,global,300,True,0.9366666666666666,0.9366666666666666,False,0.5,0,50.40667059240025
DoS,018f,additive,positive,slow,exponential,0.75,or,300,True,1.0,0.9433333333333334,True,1.4397821768935163e-05,0,50.40667059240025
DoS,018f,additive,positive,slow,exponential,0.75,max,300,True,0.9966666666666667,0.93,True,6.982665155583004e-06,1,50.40667059240025
DoS,018f,additive,positive,slow,exponential,0.75,weighted_0.25,300,True,1.0,1.0,False,1.0,0,50.40667059240025
DoS,018f,additive,positive,slow,exponential,0.75,weighted_0.5,300,True,1.0,1.0,False,1.0,0,50.40667059240025
DoS,018f,additive,positive,slow,exponential,0.75,weighted_0.75,300,True,1.0,1.0,False,1.0,0,50.40667059240025
DoS,018f,additive,positive,fast,exponential,1.0,pird,300,True,0.9966666666666667,0.43333333333333335,True,4.891296658885929e-53,1,50.949093055994005
DoS,018f,additive,positive,fast,exponential,1.0,global,300,True,0.9366666666666666,0.9366666666666666,False,0.5,0,50.949093055994005
DoS,018f,additive,positive,fast,exponential,1.0,or,300,True,1.0,0.9433333333333334,True,1.4397821768935163e-05,0,50.949093055994005
DoS,018f,additive,positive,fast,exponential,1.0,max,300,True,0.9966666666666667,0.93,True,6.982665155583004e-06,1,50.949093055994005
DoS,018f,additive,positive,fast,exponential,1.0,weighted_0.25,300,True,1.0,1.0,False,1.0,0,50.949093055994005
DoS,018f,additive,positive,fast,exponential,1.0,weighted_0.5,300,True,1.0,1.0,False,1.0,0,50.949093055994005
DoS,018f,additive,positive,fast,exponential,1.0,weighted_0.75,300,True,1.0,1.0,False,1.0,0,50.949093055994005
DoS,018f,additive,positive,medium,exponential,1.0,pird,300,True,0.9966666666666667,0.43333333333333335,True,4.891296658885929e-53,1,50.949093055994005
DoS,018f,additive,positive,medium,exponential,1.0,global,300,True,0.9366666666666666,0.9366666666666666,False,0.5,0,50.949093055994005
DoS,018f,additive,positive,medium,exponential,1.0,or,300,True,1.0,0.9433333333333334,True,1.4397821768935163e-05,0,50.949093055994005
DoS,018f,additive,positive,medium,exponential,1.0,max,300,True,0.9966666666666667,0.93,True,6.982665155583004e-06,1,50.949093055994005
DoS,018f,additive,positive,medium,exponential,1.0,weighted_0.25,300,True,1.0,1.0,False,1.0,0,50.949093055994005
DoS,018f,additive,positive,medium,exponential,1.0,weighted_0.5,300,True,1.0,1.0,False,1.0,0,50.949093055994005
DoS,018f,additive,positive,medium,exponential,1.0,weighted_0.75,300,True,1.0,1.0,False,1.0,0,50.949093055994005
DoS,018f,additive,positive,slow,exponential,1.0,pird,300,True,0.99,0.43333333333333335,True,1.7094275937061307e-51,3,50.79742350085733
DoS,018f,additive,positive,slow,exponential,1.0,global,300,True,0.9366666666666666,0.9366666666666666,False,0.5,0,50.79742350085733
DoS,018f,additive,positive,slow,exponential,1.0,or,300,True,0.9966666666666667,0.9433333333333334,True,6.430371156653407e-05,0,50.79742350085733
DoS,018f,additive,positive,slow,exponential,1.0,max,300,True,0.9933333333333333,0.93,True,2.6729802483956372e-05,1,50.79742350085733
DoS,018f,additive,positive,slow,exponential,1.0,weighted_0.25,300,True,1.0,1.0,False,1.0,0,50.79742350085733
DoS,018f,additive,positive,slow,exponential,1.0,weighted_0.5,300,True,1.0,1.0,False,1.0,0,50.79742350085733
DoS,018f,additive,positive,slow,exponential,1.0,weighted_0.75,300,True,1.0,1.0,False,1.0,0,50.79742350085733
DoS,018f,additive,positive,fast,exponential,1.5,pird,300,True,0.9966666666666667,0.43333333333333335,True,4.891296658885929e-53,1,51.83620415998766
DoS,018f,additive,positive,fast,exponential,1.5,global,300,True,0.9366666666666666,0.9366666666666666,False,0.5,0,51.83620415998766
DoS,018f,additive,positive,fast,exponential,1.5,or,300,True,1.0,0.9433333333333334,True,1.4397821768935163e-05,0,51.83620415998766
DoS,018f,additive,positive,fast,exponential,1.5,max,300,True,0.9966666666666667,0.93,True,6.982665155583004e-06,1,51.83620415998766
DoS,018f,additive,positive,fast,exponential,1.5,weighted_0.25,300,True,1.0,1.0,False,1.0,0,51.83620415998766
DoS,018f,additive,positive,fast,exponential,1.5,weighted_0.5,300,True,1.0,1.0,False,1.0,0,51.83620415998766
DoS,018f,additive,positive,fast,exponential,1.5,weighted_0.75,300,True,1.0,1.0,False,1.0,0,51.83620415998766
DoS,018f,additive,positive,medium,exponential,1.5,pird,300,True,0.9966666666666667,0.43333333333333335,True,4.891296658885929e-53,1,51.83620415998766
DoS,018f,additive,positive,medium,exponential,1.5,global,300,True,0.9366666666666666,0.9366666666666666,False,0.5,0,51.83620415998766
DoS,018f,additive,positive,medium,exponential,1.5,or,300,True,1.0,0.9433333333333334,True,1.4397821768935163e-05,0,51.83620415998766
DoS,018f,additive,positive,medium,exponential,1.5,max,300,True,0.9966666666666667,0.93,True,6.982665155583004e-06,1,51.83620415998766
DoS,018f,additive,positive,medium,exponential,1.5,weighted_0.25,300,True,1.0,1.0,False,1.0,0,51.83620415998766
DoS,018f,additive,positive,medium,exponential,1.5,weighted_0.5,300,True,1.0,1.0,False,1.0,0,51.83620415998766
DoS,018f,additive,positive,medium,exponential,1.5,weighted_0.75,300,True,1.0,1.0,False,1.0,0,51.83620415998766
DoS,018f,additive,positive,slow,exponential,1.5,pird,300,True,0.9966666666666667,0.43333333333333335,True,4.891296658885929e-53,1,51.632998229508225
DoS,018f,additive,positive,slow,exponential,1.5,global,300,True,0.9366666666666666,0.9366666666666666,False,0.5,0,51.632998229508225
DoS,018f,additive,positive,slow,exponential,1.5,or,300,True,1.0,0.9433333333333334,True,1.4397821768935163e-05,0,51.632998229508225
DoS,018f,additive,positive,slow,exponential,1.5,max,300,True,0.9966666666666667,0.93,True,6.982665155583004e-06,1,51.632998229508225
DoS,018f,additive,positive,slow,exponential,1.5,weighted_0.25,300,True,1.0,1.0,False,1.0,0,51.632998229508225
DoS,018f,additive,positive,slow,exponential,1.5,weighted_0.5,300,True,1.0,1.0,False,1.0,0,51.632998229508225
DoS,018f,additive,positive,slow,exponential,1.5,weighted_0.75,300,True,1.0,1.0,False,1.0,0,51.632998229508225
DoS,018f,additive,positive,fast,exponential,2.0,pird,300,True,0.9966666666666667,0.43333333333333335,True,4.891296658885929e-53,1,52.75576774301581
DoS,018f,additive,positive,fast,exponential,2.0,global,300,True,0.9366666666666666,0.9366666666666666,False,0.5,0,52.75576774301581
DoS,018f,additive,positive,fast,exponential,2.0,or,300,True,1.0,0.9433333333333334,True,1.4397821768935163e-05,0,52.75576774301581
DoS,018f,additive,positive,fast,exponential,2.0,max,300,True,0.9966666666666667,0.93,True,6.982665155583004e-06,1,52.75576774301581
DoS,018f,additive,positive,fast,exponential,2.0,weighted_0.25,300,True,1.0,1.0,False,1.0,0,52.75576774301581
DoS,018f,additive,positive,fast,exponential,2.0,weighted_0.5,300,True,1.0,1.0,False,1.0,0,52.75576774301581
DoS,018f,additive,positive,fast,exponential,2.0,weighted_0.75,300,True,1.0,1.0,False,1.0,0,52.75576774301581
DoS,018f,additive,positive,medium,exponential,2.0,pird,300,True,0.9966666666666667,0.43333333333333335,True,4.891296658885929e-53,1,52.75576774301581
DoS,018f,additive,positive,medium,exponential,2.0,global,300,True,0.9366666666666666,0.9366666666666666,False,0.5,0,52.75576774301581
DoS,018f,additive,positive,medium,exponential,2.0,or,300,True,1.0,0.9433333333333334,True,1.4397821768935163e-05,0,52.75576774301581
DoS,018f,additive,positive,medium,exponential,2.0,max,300,True,0.9966666666666667,0.93,True,6.982665155583004e-06,1,52.75576774301581
DoS,018f,additive,positive,medium,exponential,2.0,weighted_0.25,300,True,1.0,1.0,False,1.0,0,52.75576774301581
DoS,018f,additive,positive,medium,exponential,2.0,weighted_0.5,300,True,1.0,1.0,False,1.0,0,52.75576774301581
DoS,018f,additive,positive,medium,exponential,2.0,weighted_0.75,300,True,1.0,1.0,False,1.0,0,52.75576774301581
DoS,018f,additive,positive,slow,exponential,2.0,pird,300,True,0.9966666666666667,0.43333333333333335,True,4.891296658885929e-53,1,52.520815420267425
DoS,018f,additive,positive,slow,exponential,2.0,global,300,True,0.9366666666666666,0.9366666666666666,False,0.5,0,52.520815420267425
DoS,018f,additive,positive,slow,exponential,2.0,or,300,True,1.0,0.9433333333333334,True,1.4397821768935163e-05,0,52.520815420267425
DoS,018f,additive,positive,slow,exponential,2.0,max,300,True,0.9966666666666667,0.93,True,6.982665155583004e-06,1,52.520815420267425
DoS,018f,additive,positive,slow,exponential,2.0,weighted_0.25,300,True,1.0,1.0,False,1.0,0,52.520815420267425
DoS,018f,additive,positive,slow,exponential,2.0,weighted_0.5,300,True,1.0,1.0,False,1.0,0,52.520815420267425
DoS,018f,additive,positive,slow,exponential,2.0,weighted_0.75,300,True,1.0,1.0,False,1.0,0,52.520815420267425
DoS,018f,additive,positive,fast,exponential,3.0,pird,300,True,0.9966666666666667,0.43333333333333335,True,4.891296658885929e-53,1,54.685646534427796
DoS,018f,additive,positive,fast,exponential,3.0,global,300,True,0.9366666666666666,0.9366666666666666,False,0.5,0,54.685646534427796
DoS,018f,additive,positive,fast,exponential,3.0,or,300,True,1.0,0.9433333333333334,True,1.4397821768935163e-05,0,54.685646534427796
DoS,018f,additive,positive,fast,exponential,3.0,max,300,True,0.9966666666666667,0.93,True,6.982665155583004e-06,1,54.685646534427796
DoS,018f,additive,positive,fast,exponential,3.0,weighted_0.25,300,True,1.0,1.0,False,1.0,0,54.685646534427796
DoS,018f,additive,positive,fast,exponential,3.0,weighted_0.5,300,True,1.0,1.0,False,1.0,0,54.685646534427796
DoS,018f,additive,positive,fast,exponential,3.0,weighted_0.75,300,True,1.0,1.0,False,1.0,0,54.685646534427796
DoS,018f,additive,positive,medium,exponential,3.0,pird,300,True,0.9966666666666667,0.43333333333333335,True,4.891296658885929e-53,1,54.685646534427796
DoS,018f,additive,positive,medium,exponential,3.0,global,300,True,0.9366666666666666,0.9366666666666666,False,0.5,0,54.685646534427796
DoS,018f,additive,positive,medium,exponential,3.0,or,300,True,1.0,0.9433333333333334,True,1.4397821768935163e-05,0,54.685646534427796
DoS,018f,additive,positive,medium,exponential,3.0,max,300,True,0.9966666666666667,0.93,True,6.982665155583004e-06,1,54.685646534427796
DoS,018f,additive,positive,medium,exponential,3.0,weighted_0.25,300,True,1.0,1.0,False,1.0,0,54.685646534427796
DoS,018f,additive,positive,medium,exponential,3.0,weighted_0.5,300,True,1.0,1.0,False,1.0,0,54.685646534427796
DoS,018f,additive,positive,medium,exponential,3.0,weighted_0.75,300,True,1.0,1.0,False,1.0,0,54.685646534427796
DoS,018f,additive,positive,slow,exponential,3.0,pird,300,True,0.9966666666666667,0.43333333333333335,True,4.891296658885929e-53,1,54.39450325334168
DoS,018f,additive,positive,slow,exponential,3.0,global,300,True,0.9366666666666666,0.9366666666666666,False,0.5,0,54.39450325334168
DoS,018f,additive,positive,slow,exponential,3.0,or,300,True,1.0,0.9433333333333334,True,1.4397821768935163e-05,0,54.39450325334168
DoS,018f,additive,positive,slow,exponential,3.0,max,300,True,0.9966666666666667,0.93,True,6.982665155583004e-06,1,54.39450325334168
DoS,018f,additive,positive,slow,exponential,3.0,weighted_0.25,300,True,1.0,1.0,False,1.0,0,54.39450325334168
DoS,018f,additive,positive,slow,exponential,3.0,weighted_0.5,300,True,1.0,1.0,False,1.0,0,54.39450325334168
DoS,018f,additive,positive,slow,exponential,3.0,weighted_0.75,300,True,1.0,1.0,False,1.0,0,54.39450325334168
DoS,018f,additive,negative,fast,exponential,0.25,pird,300,True,0.9966666666666667,0.43333333333333335,True,4.891296658885929e-53,1,49.08423891789205
DoS,018f,additive,negative,fast,exponential,0.25,global,300,True,0.9366666666666666,0.9366666666666666,False,0.5,0,49.08423891789205
DoS,018f,additive,negative,fast,exponential,0.25,or,300,True,1.0,0.9433333333333334,True,1.4397821768935163e-05,0,49.08423891789205
DoS,018f,additive,negative,fast,exponential,0.25,max,300,True,0.9966666666666667,0.93,True,6.982665155583004e-06,1,49.08423891789205
DoS,018f,additive,negative,fast,exponential,0.25,weighted_0.25,300,True,1.0,1.0,False,1.0,0,49.08423891789205
DoS,018f,additive,negative,fast,exponential,0.25,weighted_0.5,300,True,1.0,1.0,False,1.0,0,49.08423891789205
DoS,018f,additive,negative,fast,exponential,0.25,weighted_0.75,300,True,1.0,1.0,False,1.0,0,49.08423891789205
DoS,018f,additive,negative,medium,exponential,0.25,pird,300,True,0.9933333333333333,0.43333333333333335,True,2.9258680916612916e-52,2,49.08423891789205
DoS,018f,additive,negative,medium,exponential,0.25,global,300,True,0.9366666666666666,0.9366666666666666,False,0.5,0,49.08423891789205
DoS,018f,additive,negative,medium,exponential,0.25,or,300,True,1.0,0.9433333333333334,True,1.4397821768935163e-05,0,49.08423891789205
DoS,018f,additive,negative,medium,exponential,0.25,max,300,True,0.9966666666666667,0.93,True,6.982665155583004e-06,1,49.08423891789205
DoS,018f,additive,negative,medium,exponential,0.25,weighted_0.25,300,True,1.0,1.0,False,1.0,0,49.08423891789205
DoS,018f,additive,negative,medium,exponential,0.25,weighted_0.5,300,True,1.0,1.0,False,1.0,0,49.08423891789205
DoS,018f,additive,negative,medium,exponential,0.25,weighted_0.75,300,True,1.0,1.0,False,1.0,0,49.08423891789205
DoS,018f,additive,negative,slow,exponential,0.25,pird,300,True,0.9933333333333333,0.43333333333333335,True,2.9258680916612916e-52,2,49.08423891789205
DoS,018f,additive,negative,slow,exponential,0.25,global,300,True,0.9366666666666666,0.9366666666666666,False,0.5,0,49.08423891789205
DoS,018f,additive,negative,slow,exponential,0.25,or,300,True,1.0,0.9433333333333334,True,1.4397821768935163e-05,0,49.08423891789205
DoS,018f,additive,negative,slow,exponential,0.25,max,300,True,0.9966666666666667,0.93,True,6.982665155583004e-06,1,49.08423891789205
DoS,018f,additive,negative,slow,exponential,0.25,weighted_0.25,300,True,1.0,1.0,False,1.0,0,49.08423891789205
DoS,018f,additive,negative,slow,exponential,0.25,weighted_0.5,300,True,1.0,1.0,False,1.0,0,49.08423891789205
DoS,018f,additive,negative,slow,exponential,0.25,weighted_0.75,300,True,1.0,1.0,False,1.0,0,49.08423891789205
DoS,018f,additive,negative,fast,exponential,0.5,pird,300,True,0.9966666666666667,0.43333333333333335,True,4.891296658885929e-53,1,49.08423891789205
DoS,018f,additive,negative,fast,exponential,0.5,global,300,True,0.9366666666666666,0.9366666666666666,False,0.5,0,49.08423891789205
DoS,018f,additive,negative,fast,exponential,0.5,or,300,True,1.0,0.9433333333333334,True,1.4397821768935163e-05,0,49.08423891789205
DoS,018f,additive,negative,fast,exponential,0.5,max,300,True,0.9966666666666667,0.93,True,6.982665155583004e-06,1,49.08423891789205
DoS,018f,additive,negative,fast,exponential,0.5,weighted_0.25,300,True,1.0,1.0,False,1.0,0,49.08423891789205
DoS,018f,additive,negative,fast,exponential,0.5,weighted_0.5,300,True,1.0,1.0,False,1.0,0,49.08423891789205
DoS,018f,additive,negative,fast,exponential,0.5,weighted_0.75,300,True,1.0,1.0,False,1.0,0,49.08423891789205
DoS,018f,additive,negative,medium,exponential,0.5,pird,300,True,0.9966666666666667,0.43333333333333335,True,4.891296658885929e-53,1,49.08423891789205
DoS,018f,additive,negative,medium,exponential,0.5,global,300,True,0.9366666666666666,0.9366666666666666,False,0.5,0,49.08423891789205
DoS,018f,additive,negative,medium,exponential,0.5,or,300,True,1.0,0.9433333333333334,True,1.4397821768935163e-05,0,49.08423891789205
DoS,018f,additive,negative,medium,exponential,0.5,max,300,True,0.9966666666666667,0.93,True,6.982665155583004e-06,1,49.08423891789205
DoS,018f,additive,negative,medium,exponential,0.5,weighted_0.25,300,True,1.0,1.0,False,1.0,0,49.08423891789205
DoS,018f,additive,negative,medium,exponential,0.5,weighted_0.5,300,True,1.0,1.0,False,1.0,0,49.08423891789205
DoS,018f,additive,negative,medium,exponential,0.5,weighted_0.75,300,True,1.0,1.0,False,1.0,0,49.08423891789205
DoS,018f,additive,negative,slow,exponential,0.5,pird,300,True,0.9933333333333333,0.43333333333333335,True,2.9258680916612916e-52,2,49.08423891789205
DoS,018f,additive,negative,slow,exponential,0.5,global,300,True,0.9366666666666666,0.9366666666666666,False,0.5,0,49.08423891789205
DoS,018f,additive,negative,slow,exponential,0.5,or,300,True,1.0,0.9433333333333334,True,1.4397821768935163e-05,0,49.08423891789205
DoS,018f,additive,negative,slow,exponential,0.5,max,300,True,0.9966666666666667,0.93,True,6.982665155583004e-06,1,49.08423891789205
DoS,018f,additive,negative,slow,exponential,0.5,weighted_0.25,300,True,1.0,1.0,False,1.0,0,49.08423891789205
DoS,018f,additive,negative,slow,exponential,0.5,weighted_0.5,300,True,1.0,1.0,False,1.0,0,49.08423891789205
DoS,018f,additive,negative,slow,exponential,0.5,weighted_0.75,300,True,1.0,1.0,False,1.0,0,49.08423891789205
DoS,018f,additive,negative,fast,exponential,0.75,pird,300,True,0.9966666666666667,0.43333333333333335,True,4.891296658885929e-53,1,49.08423891789205
DoS,018f,additive,negative,fast,exponential,0.75,global,300,True,0.9366666666666666,0.9366666666666666,False,0.5,0,49.08423891789205
DoS,018f,additive,negative,fast,exponential,0.75,or,300,True,1.0,0.9433333333333334,True,1.4397821768935163e-05,0,49.08423891789205
DoS,018f,additive,negative,fast,exponential,0.75,max,300,True,0.9966666666666667,0.93,True,6.982665155583004e-06,1,49.08423891789205
DoS,018f,additive,negative,fast,exponential,0.75,weighted_0.25,300,True,1.0,1.0,False,1.0,0,49.08423891789205
DoS,018f,additive,negative,fast,exponential,0.75,weighted_0.5,300,True,1.0,1.0,False,1.0,0,49.08423891789205
DoS,018f,additive,negative,fast,exponential,0.75,weighted_0.75,300,True,1.0,1.0,False,1.0,0,49.08423891789205
DoS,018f,additive,negative,medium,exponential,0.75,pird,300,True,0.9966666666666667,0.43333333333333335,True,4.891296658885929e-53,1,49.08423891789205
DoS,018f,additive,negative,medium,exponential,0.75,global,300,True,0.9366666666666666,0.9366666666666666,False,0.5,0,49.08423891789205
DoS,018f,additive,negative,medium,exponential,0.75,or,300,True,1.0,0.9433333333333334,True,1.4397821768935163e-05,0,49.08423891789205
DoS,018f,additive,negative,medium,exponential,0.75,max,300,True,0.9966666666666667,0.93,True,6.982665155583004e-06,1,49.08423891789205
DoS,018f,additive,negative,medium,exponential,0.75,weighted_0.25,300,True,1.0,1.0,False,1.0,0,49.08423891789205
DoS,018f,additive,negative,medium,exponential,0.75,weighted_0.5,300,True,1.0,1.0,False,1.0,0,49.08423891789205
DoS,018f,additive,negative,medium,exponential,0.75,weighted_0.75,300,True,1.0,1.0,False,1.0,0,49.08423891789205
DoS,018f,additive,negative,slow,exponential,0.75,pird,300,True,0.9933333333333333,0.43333333333333335,True,2.9258680916612916e-52,2,49.08423891789205
DoS,018f,additive,negative,slow,exponential,0.75,global,300,True,0.9366666666666666,0.9366666666666666,False,0.5,0,49.08423891789205
DoS,018f,additive,negative,slow,exponential,0.75,or,300,True,1.0,0.9433333333333334,True,1.4397821768935163e-05,0,49.08423891789205
DoS,018f,additive,negative,slow,exponential,0.75,max,300,True,0.9966666666666667,0.93,True,6.982665155583004e-06,1,49.08423891789205
DoS,018f,additive,negative,slow,exponential,0.75,weighted_0.25,300,True,1.0,1.0,False,1.0,0,49.08423891789205
DoS,018f,additive,negative,slow,exponential,0.75,weighted_0.5,300,True,1.0,1.0,False,1.0,0,49.08423891789205
DoS,018f,additive,negative,slow,exponential,0.75,weighted_0.75,300,True,1.0,1.0,False,1.0,0,49.08423891789205
DoS,018f,additive,negative,fast,exponential,1.0,pird,300,True,0.9966666666666667,0.43333333333333335,True,4.891296658885929e-53,1,49.08423891789205
DoS,018f,additive,negative,fast,exponential,1.0,global,300,True,0.9366666666666666,0.9366666666666666,False,0.5,0,49.08423891789205
DoS,018f,additive,negative,fast,exponential,1.0,or,300,True,1.0,0.9433333333333334,True,1.4397821768935163e-05,0,49.08423891789205
DoS,018f,additive,negative,fast,exponential,1.0,max,300,True,0.9966666666666667,0.93,True,6.982665155583004e-06,1,49.08423891789205
DoS,018f,additive,negative,fast,exponential,1.0,weighted_0.25,300,True,1.0,1.0,False,1.0,0,49.08423891789205
DoS,018f,additive,negative,fast,exponential,1.0,weighted_0.5,300,True,1.0,1.0,False,1.0,0,49.08423891789205
DoS,018f,additive,negative,fast,exponential,1.0,weighted_0.75,300,True,1.0,1.0,False,1.0,0,49.08423891789205
DoS,018f,additive,negative,medium,exponential,1.0,pird,300,True,0.9966666666666667,0.43333333333333335,True,4.891296658885929e-53,1,49.08423891789205
DoS,018f,additive,negative,medium,exponential,1.0,global,300,True,0.9366666666666666,0.9366666666666666,False,0.5,0,49.08423891789205
DoS,018f,additive,negative,medium,exponential,1.0,or,300,True,1.0,0.9433333333333334,True,1.4397821768935163e-05,0,49.08423891789205
DoS,018f,additive,negative,medium,exponential,1.0,max,300,True,0.9966666666666667,0.93,True,6.982665155583004e-06,1,49.08423891789205
DoS,018f,additive,negative,medium,exponential,1.0,weighted_0.25,300,True,1.0,1.0,False,1.0,0,49.08423891789205
DoS,018f,additive,negative,medium,exponential,1.0,weighted_0.5,300,True,1.0,1.0,False,1.0,0,49.08423891789205
DoS,018f,additive,negative,medium,exponential,1.0,weighted_0.75,300,True,1.0,1.0,False,1.0,0,49.08423891789205
DoS,018f,additive,negative,slow,exponential,1.0,pird,300,True,0.9966666666666667,0.43333333333333335,True,4.891296658885929e-53,1,49.08423891789205
DoS,018f,additive,negative,slow,exponential,1.0,global,300,True,0.9366666666666666,0.9366666666666666,False,0.5,0,49.08423891789205
DoS,018f,additive,negative,slow,exponential,1.0,or,300,True,1.0,0.9433333333333334,True,1.4397821768935163e-05,0,49.08423891789205
DoS,018f,additive,negative,slow,exponential,1.0,max,300,True,0.9966666666666667,0.93,True,6.982665155583004e-06,1,49.08423891789205
DoS,018f,additive,negative,slow,exponential,1.0,weighted_0.25,300,True,1.0,1.0,False,1.0,0,49.08423891789205
DoS,018f,additive,negative,slow,exponential,1.0,weighted_0.5,300,True,1.0,1.0,False,1.0,0,49.08423891789205
DoS,018f,additive,negative,slow,exponential,1.0,weighted_0.75,300,True,1.0,1.0,False,1.0,0,49.08423891789205
DoS,018f,additive,negative,fast,exponential,1.5,pird,300,True,0.9966666666666667,0.43333333333333335,True,4.891296658885929e-53,1,49.08423891789205
DoS,018f,additive,negative,fast,exponential,1.5,global,300,True,0.9366666666666666,0.9366666666666666,False,0.5,0,49.08423891789205
DoS,018f,additive,negative,fast,exponential,1.5,or,300,True,1.0,0.9433333333333334,True,1.4397821768935163e-05,0,49.08423891789205
DoS,018f,additive,negative,fast,exponential,1.5,max,300,True,0.9966666666666667,0.93,True,6.982665155583004e-06,1,49.08423891789205
DoS,018f,additive,negative,fast,exponential,1.5,weighted_0.25,300,True,1.0,1.0,False,1.0,0,49.08423891789205
DoS,018f,additive,negative,fast,exponential,1.5,weighted_0.5,300,True,1.0,1.0,False,1.0,0,49.08423891789205
DoS,018f,additive,negative,fast,exponential,1.5,weighted_0.75,300,True,1.0,1.0,False,1.0,0,49.08423891789205
DoS,018f,additive,negative,medium,exponential,1.5,pird,300,True,0.9966666666666667,0.43333333333333335,True,4.891296658885929e-53,1,49.08423891789205
DoS,018f,additive,negative,medium,exponential,1.5,global,300,True,0.9366666666666666,0.9366666666666666,False,0.5,0,49.08423891789205
DoS,018f,additive,negative,medium,exponential,1.5,or,300,True,1.0,0.9433333333333334,True,1.4397821768935163e-05,0,49.08423891789205
DoS,018f,additive,negative,medium,exponential,1.5,max,300,True,0.9966666666666667,0.93,True,6.982665155583004e-06,1,49.08423891789205
DoS,018f,additive,negative,medium,exponential,1.5,weighted_0.25,300,True,1.0,1.0,False,1.0,0,49.08423891789205
DoS,018f,additive,negative,medium,exponential,1.5,weighted_0.5,300,True,1.0,1.0,False,1.0,0,49.08423891789205
DoS,018f,additive,negative,medium,exponential,1.5,weighted_0.75,300,True,1.0,1.0,False,1.0,0,49.08423891789205
DoS,018f,additive,negative,slow,exponential,1.5,pird,300,True,0.9966666666666667,0.43333333333333335,True,4.891296658885929e-53,1,49.08423891789205
DoS,018f,additive,negative,slow,exponential,1.5,global,300,True,0.9366666666666666,0.9366666666666666,False,0.5,0,49.08423891789205
DoS,018f,additive,negative,slow,exponential,1.5,or,300,True,1.0,0.9433333333333334,True,1.4397821768935163e-05,0,49.08423891789205
DoS,018f,additive,negative,slow,exponential,1.5,max,300,True,0.9966666666666667,0.93,True,6.982665155583004e-06,1,49.08423891789205
DoS,018f,additive,negative,slow,exponential,1.5,weighted_0.25,300,True,1.0,1.0,False,1.0,0,49.08423891789205
DoS,018f,additive,negative,slow,exponential,1.5,weighted_0.5,300,True,1.0,1.0,False,1.0,0,49.08423891789205
DoS,018f,additive,negative,slow,exponential,1.5,weighted_0.75,300,True,1.0,1.0,False,1.0,0,49.08423891789205
DoS,018f,additive,negative,fast,exponential,2.0,pird,300,True,0.9966666666666667,0.43333333333333335,True,4.891296658885929e-53,1,49.08423891789205
DoS,018f,additive,negative,fast,exponential,2.0,global,300,True,0.9366666666666666,0.9366666666666666,False,0.5,0,49.08423891789205
DoS,018f,additive,negative,fast,exponential,2.0,or,300,True,1.0,0.9433333333333334,True,1.4397821768935163e-05,0,49.08423891789205
DoS,018f,additive,negative,fast,exponential,2.0,max,300,True,0.9966666666666667,0.93,True,6.982665155583004e-06,1,49.08423891789205
DoS,018f,additive,negative,fast,exponential,2.0,weighted_0.25,300,True,1.0,1.0,False,1.0,0,49.08423891789205
DoS,018f,additive,negative,fast,exponential,2.0,weighted_0.5,300,True,1.0,1.0,False,1.0,0,49.08423891789205
DoS,018f,additive,negative,fast,exponential,2.0,weighted_0.75,300,True,1.0,1.0,False,1.0,0,49.08423891789205
DoS,018f,additive,negative,medium,exponential,2.0,pird,300,True,0.9966666666666667,0.43333333333333335,True,4.891296658885929e-53,1,49.08423891789205
DoS,018f,additive,negative,medium,exponential,2.0,global,300,True,0.9366666666666666,0.9366666666666666,False,0.5,0,49.08423891789205
DoS,018f,additive,negative,medium,exponential,2.0,or,300,True,1.0,0.9433333333333334,True,1.4397821768935163e-05,0,49.08423891789205
DoS,018f,additive,negative,medium,exponential,2.0,max,300,True,0.9966666666666667,0.93,True,6.982665155583004e-06,1,49.08423891789205
DoS,018f,additive,negative,medium,exponential,2.0,weighted_0.25,300,True,1.0,1.0,False,1.0,0,49.08423891789205
DoS,018f,additive,negative,medium,exponential,2.0,weighted_0.5,300,True,1.0,1.0,False,1.0,0,49.08423891789205
DoS,018f,additive,negative,medium,exponential,2.0,weighted_0.75,300,True,1.0,1.0,False,1.0,0,49.08423891789205
DoS,018f,additive,negative,slow,exponential,2.0,pird,300,True,0.9966666666666667,0.43333333333333335,True,4.891296658885929e-53,1,49.08423891789205
DoS,018f,additive,negative,slow,exponential,2.0,global,300,True,0.9366666666666666,0.9366666666666666,False,0.5,0,49.08423891789205
DoS,018f,additive,negative,slow,exponential,2.0,or,300,True,1.0,0.9433333333333334,True,1.4397821768935163e-05,0,49.08423891789205
DoS,018f,additive,negative,slow,exponential,2.0,max,300,True,0.9966666666666667,0.93,True,6.982665155583004e-06,1,49.08423891789205
DoS,018f,additive,negative,slow,exponential,2.0,weighted_0.25,300,True,1.0,1.0,False,1.0,0,49.08423891789205
DoS,018f,additive,negative,slow,exponential,2.0,weighted_0.5,300,True,1.0,1.0,False,1.0,0,49.08423891789205
DoS,018f,additive,negative,slow,exponential,2.0,weighted_0.75,300,True,1.0,1.0,False,1.0,0,49.08423891789205
DoS,018f,additive,negative,fast,exponential,3.0,pird,300,True,0.9966666666666667,0.43333333333333335,True,4.891296658885929e-53,1,49.08423891789205
DoS,018f,additive,negative,fast,exponential,3.0,global,300,True,0.9366666666666666,0.9366666666666666,False,0.5,0,49.08423891789205
DoS,018f,additive,negative,fast,exponential,3.0,or,300,True,1.0,0.9433333333333334,True,1.4397821768935163e-05,0,49.08423891789205
DoS,018f,additive,negative,fast,exponential,3.0,max,300,True,0.9966666666666667,0.93,True,6.982665155583004e-06,1,49.08423891789205
DoS,018f,additive,negative,fast,exponential,3.0,weighted_0.25,300,True,1.0,1.0,False,1.0,0,49.08423891789205
DoS,018f,additive,negative,fast,exponential,3.0,weighted_0.5,300,True,1.0,1.0,False,1.0,0,49.08423891789205
DoS,018f,additive,negative,fast,exponential,3.0,weighted_0.75,300,True,1.0,1.0,False,1.0,0,49.08423891789205
DoS,018f,additive,negative,medium,exponential,3.0,pird,300,True,0.9966666666666667,0.43333333333333335,True,4.891296658885929e-53,1,49.08423891789205
DoS,018f,additive,negative,medium,exponential,3.0,global,300,True,0.9366666666666666,0.9366666666666666,False,0.5,0,49.08423891789205
DoS,018f,additive,negative,medium,exponential,3.0,or,300,True,1.0,0.9433333333333334,True,1.4397821768935163e-05,0,49.08423891789205
DoS,018f,additive,negative,medium,exponential,3.0,max,300,True,0.9966666666666667,0.93,True,6.982665155583004e-06,1,49.08423891789205
DoS,018f,additive,negative,medium,exponential,3.0,weighted_0.25,300,True,1.0,1.0,False,1.0,0,49.08423891789205
DoS,018f,additive,negative,medium,exponential,3.0,weighted_0.5,300,True,1.0,1.0,False,1.0,0,49.08423891789205
DoS,018f,additive,negative,medium,exponential,3.0,weighted_0.75,300,True,1.0,1.0,False,1.0,0,49.08423891789205
DoS,018f,additive,negative,slow,exponential,3.0,pird,300,True,0.9966666666666667,0.43333333333333335,True,4.891296658885929e-53,1,49.08423891789205
DoS,018f,additive,negative,slow,exponential,3.0,global,300,True,0.9366666666666666,0.9366666666666666,False,0.5,0,49.08423891789205
DoS,018f,additive,negative,slow,exponential,3.0,or,300,True,1.0,0.9433333333333334,True,1.4397821768935163e-05,0,49.08423891789205
DoS,018f,additive,negative,slow,exponential,3.0,max,300,True,0.9966666666666667,0.93,True,6.982665155583004e-06,1,49.08423891789205
DoS,018f,additive,negative,slow,exponential,3.0,weighted_0.25,300,True,1.0,1.0,False,1.0,0,49.08423891789205
DoS,018f,additive,negative,slow,exponential,3.0,weighted_0.5,300,True,1.0,1.0,False,1.0,0,49.08423891789205
DoS,018f,additive,negative,slow,exponential,3.0,weighted_0.75,300,True,1.0,1.0,False,1.0,0,49.08423891789205
DoS,018f,mean_shift,positive,fast,exponential,0.25,pird,300,False,0.0,0.43333333333333335,False,1.0,-1,49.08423891789205
DoS,018f,mean_shift,positive,fast,exponential,0.25,global,300,True,0.9366666666666666,0.9366666666666666,False,0.5,0,49.08423891789205
DoS,018f,mean_shift,positive,fast,exponential,0.25,or,300,True,0.9366666666666666,0.9433333333333334,False,0.6345043130883818,0,49.08423891789205
DoS,018f,mean_shift,positive,fast,exponential,0.25,max,300,True,0.92,0.93,False,0.6790308897974687,1,49.08423891789205
DoS,018f,mean_shift,positive,fast,exponential,0.25,weighted_0.25,300,True,0.9266666666666666,1.0,False,0.999999118479718,0,49.08423891789205
DoS,018f,mean_shift,positive,fast,exponential,0.25,weighted_0.5,300,True,0.8833333333333333,1.0,False,0.9999999994581508,0,49.08423891789205
DoS,018f,mean_shift,positive,fast,exponential,0.25,weighted_0.75,300,True,0.27666666666666667,1.0,False,1.0,0,49.08423891789205
DoS,018f,mean_shift,positive,medium,exponential,0.25,pird,300,False,0.0,0.43333333333333335,False,1.0,-1,49.08423891789205
DoS,018f,mean_shift,positive,medium,exponential,0.25,global,300,True,0.9366666666666666,0.9366666666666666,False,0.5,0,49.08423891789205
DoS,018f,mean_shift,positive,medium,exponential,0.25,or,300,True,0.9366666666666666,0.9433333333333334,False,0.6345043130883818,0,49.08423891789205
DoS,018f,mean_shift,positive,medium,exponential,0.25,max,300,True,0.92,0.93,False,0.6790308897974687,1,49.08423891789205
DoS,018f,mean_shift,positive,medium,exponential,0.25,weighted_0.25,300,True,0.9266666666666666,1.0,False,0.999999118479718,0,49.08423891789205
DoS,018f,mean_shift,positive,medium,exponential,0.25,weighted_0.5,300,True,0.8833333333333333,1.0,False,0.9999999994581508,0,49.08423891789205
DoS,018f,mean_shift,positive,medium,exponential,0.25,weighted_0.75,300,True,0.27666666666666667,1.0,False,1.0,0,49.08423891789205
DoS,018f,mean_shift,positive,slow,exponential,0.25,pird,300,False,0.0,0.43333333333333335,False,1.0,-1,49.08423891789205
DoS,018f,mean_shift,positive,slow,exponential,0.25,global,300,True,0.9366666666666666,0.9366666666666666,False,0.5,0,49.08423891789205
DoS,018f,mean_shift,positive,slow,exponential,0.25,or,300,True,0.9366666666666666,0.9433333333333334,False,0.6345043130883818,0,49.08423891789205
DoS,018f,mean_shift,positive,slow,exponential,0.25,max,300,True,0.92,0.93,False,0.6790308897974687,1,49.08423891789205
DoS,018f,mean_shift,positive,slow,exponential,0.25,weighted_0.25,300,True,0.9266666666666666,1.0,False,0.999999118479718,0,49.08423891789205
DoS,018f,mean_shift,positive,slow,exponential,0.25,weighted_0.5,300,True,0.87,1.0,False,0.9999999999471002,0,49.08423891789205
DoS,018f,mean_shift,positive,slow,exponential,0.25,weighted_0.75,300,True,0.27666666666666667,1.0,False,1.0,0,49.08423891789205
DoS,018f,mean_shift,positive,fast,exponential,0.5,pird,300,False,0.0,0.43333333333333335,False,1.0,-1,49.08423891789205
DoS,018f,mean_shift,positive,fast,exponential,0.5,global,300,True,0.9366666666666666,0.9366666666666666,False,0.5,0,49.08423891789205
DoS,018f,mean_shift,positive,fast,exponential,0.5,or,300,True,0.9366666666666666,0.9433333333333334,False,0.6345043130883818,0,49.08423891789205
DoS,018f,mean_shift,positive,fast,exponential,0.5,max,300,True,0.92,0.93,False,0.6790308897974687,1,49.08423891789205
DoS,018f,mean_shift,positive,fast,exponential,0.5,weighted_0.25,300,True,0.9266666666666666,1.0,False,0.999999118479718,0,49.08423891789205
DoS,018f,mean_shift,positive,fast,exponential,0.5,weighted_0.5,300,True,0.8866666666666667,1.0,False,0.9999999990346498,0,49.08423891789205
DoS,018f,mean_shift,positive,fast,exponential,0.5,weighted_0.75,300,True,0.27666666666666667,1.0,False,1.0,0,49.08423891789205
DoS,018f,mean_shift,positive,medium,exponential,0.5,pird,300,False,0.0,0.43333333333333335,False,1.0,-1,49.08423891789205
DoS,018f,mean_shift,positive,medium,exponential,0.5,global,300,True,0.9366666666666666,0.9366666666666666,False,0.5,0,49.08423891789205
DoS,018f,mean_shift,positive,medium,exponential,0.5,or,300,True,0.9366666666666666,0.9433333333333334,False,0.6345043130883818,0,49.08423891789205
DoS,018f,mean_shift,positive,medium,exponential,0.5,max,300,True,0.92,0.93,False,0.6790308897974687,1,49.08423891789205
DoS,018f,mean_shift,positive,medium,exponential,0.5,weighted_0.25,300,True,0.9266666666666666,1.0,False,0.999999118479718,0,49.08423891789205
DoS,018f,mean_shift,positive,medium,exponential,0.5,weighted_0.5,300,True,0.8833333333333333,1.0,False,0.9999999994581508,0,49.08423891789205
DoS,018f,mean_shift,positive,medium,exponential,0.5,weighted_0.75,300,True,0.27666666666666667,1.0,False,1.0,0,49.08423891789205
DoS,018f,mean_shift,positive,slow,exponential,0.5,pird,300,False,0.0,0.43333333333333335,False,1.0,-1,49.08423891789205
DoS,018f,mean_shift,positive,slow,exponential,0.5,global,300,True,0.9366666666666666,0.9366666666666666,False,0.5,0,49.08423891789205
DoS,018f,mean_shift,positive,slow,exponential,0.5,or,300,True,0.9366666666666666,0.9433333333333334,False,0.6345043130883818,0,49.08423891789205
DoS,018f,mean_shift,positive,slow,exponential,0.5,max,300,True,0.92,0.93,False,0.6790308897974687,1,49.08423891789205
DoS,018f,mean_shift,positive,slow,exponential,0.5,weighted_0.25,300,True,0.9266666666666666,1.0,False,0.999999118479718,0,49.08423891789205
DoS,018f,mean_shift,positive,slow,exponential,0.5,weighted_0.5,300,True,0.8833333333333333,1.0,False,0.9999999994581508,0,49.08423891789205
DoS,018f,mean_shift,positive,slow,exponential,0.5,weighted_0.75,300,True,0.27666666666666667,1.0,False,1.0,0,49.08423891789205
DoS,018f,mean_shift,positive,fast,exponential,0.75,pird,300,False,0.0,0.43333333333333335,False,1.0,-1,49.08423891789205
DoS,018f,mean_shift,positive,fast,exponential,0.75,global,300,True,0.9366666666666666,0.9366666666666666,False,0.5,0,49.08423891789205
DoS,018f,mean_shift,positive,fast,exponential,0.75,or,300,True,0.9366666666666666,0.9433333333333334,False,0.6345043130883818,0,49.08423891789205
DoS,018f,mean_shift,positive,fast,exponential,0.75,max,300,True,0.92,0.93,False,0.6790308897974687,1,49.08423891789205
DoS,018f,mean_shift,positive,fast,exponential,0.75,weighted_0.25,300,True,0.9266666666666666,1.0,False,0.999999118479718,0,49.08423891789205
DoS,018f,mean_shift,positive,fast,exponential,0.75,weighted_0.5,300,True,0.8933333333333333,1.0,False,0.9999999969504756,0,49.08423891789205
DoS,018f,mean_shift,positive,fast,exponential,0.75,weighted_0.75,300,True,0.2866666666666667,1.0,False,1.0,0,49.08423891789205
DoS,018f,mean_shift,positive,medium,exponential,0.75,pird,300,False,0.0,0.43333333333333335,False,1.0,-1,49.08423891789205
DoS,018f,mean_shift,positive,medium,exponential,0.75,global,300,True,0.9366666666666666,0.9366666666666666,False,0.5,0,49.08423891789205
DoS,018f,mean_shift,positive,medium,exponential,0.75,or,300,True,0.9366666666666666,0.9433333333333334,False,0.6345043130883818,0,49.08423891789205
DoS,018f,mean_shift,positive,medium,exponential,0.75,max,300,True,0.92,0.93,False,0.6790308897974687,1,49.08423891789205
DoS,018f,mean_shift,positive,medium,exponential,0.75,weighted_0.25,300,True,0.9266666666666666,1.0,False,0.999999118479718,0,49.08423891789205
DoS,018f,mean_shift,positive,medium,exponential,0.75,weighted_0.5,300,True,0.89,1.0,False,0.9999999982828904,0,49.08423891789205
DoS,018f,mean_shift,positive,medium,exponential,0.75,weighted_0.75,300,True,0.2833333333333333,1.0,False,1.0,0,49.08423891789205
DoS,018f,mean_shift,positive,slow,exponential,0.75,pird,300,False,0.0,0.43333333333333335,False,1.0,-1,49.08423891789205
DoS,018f,mean_shift,positive,slow,exponential,0.75,global,300,True,0.9366666666666666,0.9366666666666666,False,0.5,0,49.08423891789205
DoS,018f,mean_shift,positive,slow,exponential,0.75,or,300,True,0.9366666666666666,0.9433333333333334,False,0.6345043130883818,0,49.08423891789205
DoS,018f,mean_shift,positive,slow,exponential,0.75,max,300,True,0.92,0.93,False,0.6790308897974687,1,49.08423891789205
DoS,018f,mean_shift,positive,slow,exponential,0.75,weighted_0.25,300,True,0.9266666666666666,1.0,False,0.999999118479718,0,49.08423891789205
DoS,018f,mean_shift,positive,slow,exponential,0.75,weighted_0.5,300,True,0.8833333333333333,1.0,False,0.9999999994581508,0,49.08423891789205
DoS,018f,mean_shift,positive,slow,exponential,0.75,weighted_0.75,300,True,0.27666666666666667,1.0,False,1.0,0,49.08423891789205
DoS,018f,mean_shift,positive,fast,exponential,1.0,pird,300,False,0.0,0.43333333333333335,False,1.0,-1,49.08423891789205
DoS,018f,mean_shift,positive,fast,exponential,1.0,global,300,True,0.9366666666666666,0.9366666666666666,False,0.5,0,49.08423891789205
DoS,018f,mean_shift,positive,fast,exponential,1.0,or,300,True,0.9366666666666666,0.9433333333333334,False,0.6345043130883818,0,49.08423891789205
DoS,018f,mean_shift,positive,fast,exponential,1.0,max,300,True,0.92,0.93,False,0.6790308897974687,1,49.08423891789205
DoS,018f,mean_shift,positive,fast,exponential,1.0,weighted_0.25,300,True,0.93,1.0,False,0.9999984564587219,0,49.08423891789205
DoS,018f,mean_shift,positive,fast,exponential,1.0,weighted_0.5,300,True,0.9,1.0,False,0.9999999904252801,0,49.08423891789205
DoS,018f,mean_shift,positive,fast,exponential,1.0,weighted_0.75,300,True,0.37666666666666665,1.0,False,1.0,0,49.08423891789205
DoS,018f,mean_shift,positive,medium,exponential,1.0,pird,300,False,0.0,0.43333333333333335,False,1.0,-1,49.08423891789205
DoS,018f,mean_shift,positive,medium,exponential,1.0,global,300,True,0.9366666666666666,0.9366666666666666,False,0.5,0,49.08423891789205
DoS,018f,mean_shift,positive,medium,exponential,1.0,or,300,True,0.9366666666666666,0.9433333333333334,False,0.6345043130883818,0,49.08423891789205
DoS,018f,mean_shift,positive,medium,exponential,1.0,max,300,True,0.92,0.93,False,0.6790308897974687,1,49.08423891789205
DoS,018f,mean_shift,positive,medium,exponential,1.0,weighted_0.25,300,True,0.9266666666666666,1.0,False,0.999999118479718,0,49.08423891789205
DoS,018f,mean_shift,positive,medium,exponential,1.0,weighted_0.5,300,True,0.8966666666666666,1.0,False,0.9999999945924233,0,49.08423891789205
DoS,018f,mean_shift,positive,medium,exponential,1.0,weighted_0.75,300,True,0.33666666666666667,1.0,False,1.0,0,49.08423891789205
DoS,018f,mean_shift,positive,slow,exponential,1.0,pird,300,False,0.0,0.43333333333333335,False,1.0,-1,49.08423891789205
DoS,018f,mean_shift,positive,slow,exponential,1.0,global,300,True,0.9366666666666666,0.9366666666666666,False,0.5,0,49.08423891789205
DoS,018f,mean_shift,positive,slow,exponential,1.0,or,300,True,0.9366666666666666,0.9433333333333334,False,0.6345043130883818,0,49.08423891789205
DoS,018f,mean_shift,positive,slow,exponential,1.0,max,300,True,0.92,0.93,False,0.6790308897974687,1,49.08423891789205
DoS,018f,mean_shift,positive,slow,exponential,1.0,weighted_0.25,300,True,0.9266666666666666,1.0,False,0.999999118479718,0,49.08423891789205
DoS,018f,mean_shift,positive,slow,exponential,1.0,weighted_0.5,300,True,0.8833333333333333,1.0,False,0.9999999994581508,0,49.08423891789205
DoS,018f,mean_shift,positive,slow,exponential,1.0,weighted_0.75,300,True,0.27666666666666667,1.0,False,1.0,0,49.08423891789205
DoS,018f,mean_shift,positive,fast,exponential,1.5,pird,300,False,0.0,0.43333333333333335,False,1.0,-1,49.08423891789205
DoS,018f,mean_shift,positive,fast,exponential,1.5,global,300,True,0.9366666666666666,0.9366666666666666,False,0.5,0,49.08423891789205
DoS,018f,mean_shift,positive,fast,exponential,1.5,or,300,True,0.9366666666666666,0.9433333333333334,False,0.6345043130883818,0,49.08423891789205
DoS,018f,mean_shift,positive,fast,exponential,1.5,max,300,True,0.92,0.93,False,0.6790308897974687,1,49.08423891789205
DoS,018f,mean_shift,positive,fast,exponential,1.5,weighted_0.25,300,True,0.9366666666666666,1.0,False,0.9999952795648144,0,49.08423891789205
DoS,018f,mean_shift,positive,fast,exponential,1.5,weighted_0.5,300,True,0.91,1.0,False,0.9999999473019655,0,49.08423891789205
DoS,018f,mean_shift,positive,fast,exponential,1.5,weighted_0.75,300,True,0.7733333333333333,1.0,False,1.0,0,49.08423891789205
DoS,018f,mean_shift,positive,medium,exponential,1.5,pird,300,False,0.0,0.43333333333333335,False,1.0,-1,49.08423891789205
DoS,018f,mean_shift,positive,medium,exponential,1.5,global,300,True,0.9366666666666666,0.9366666666666666,False,0.5,0,49.08423891789205
DoS,018f,mean_shift,positive,medium,exponential,1.5,or,300,True,0.9366666666666666,0.9433333333333334,False,0.6345043130883818,0,49.08423891789205
DoS,018f,mean_shift,positive,medium,exponential,1.5,max,300,True,0.92,0.93,False,0.6790308897974687,1,49.08423891789205
DoS,018f,mean_shift,positive,medium,exponential,1.5,weighted_0.25,300,True,0.9266666666666666,1.0,False,0.999999118479718,0,49.08423891789205
DoS,018f,mean_shift,positive,medium,exponential,1.5,weighted_0.5,300,True,0.9033333333333333,1.0,False,0.9999999830714502,0,49.08423891789205
DoS,018f,mean_shift,positive,medium,exponential,1.5,weighted_0.75,300,True,0.5633333333333334,1.0,False,1.0,0,49.08423891789205
DoS,018f,mean_shift,positive,slow,exponential,1.5,pird,300,False,0.0,0.43333333333333335,False,1.0,-1,49.08423891789205
DoS,018f,mean_shift,positive,slow,exponential,1.5,global,300,True,0.9366666666666666,0.9366666666666666,False,0.5,0,49.08423891789205
DoS,018f,mean_shift,positive,slow,exponential,1.5,or,300,True,0.9366666666666666,0.9433333333333334,False,0.6345043130883818,0,49.08423891789205
DoS,018f,mean_shift,positive,slow,exponential,1.5,max,300,True,0.92,0.93,False,0.6790308897974687,1,49.08423891789205
DoS,018f,mean_shift,positive,slow,exponential,1.5,weighted_0.25,300,True,0.9266666666666666,1.0,False,0.999999118479718,0,49.08423891789205
DoS,018f,mean_shift,positive,slow,exponential,1.5,weighted_0.5,300,True,0.89,1.0,False,0.9999999982828904,0,49.08423891789205
DoS,018f,mean_shift,positive,slow,exponential,1.5,weighted_0.75,300,True,0.2866666666666667,1.0,False,1.0,0,49.08423891789205
DoS,018f,mean_shift,positive,fast,exponential,2.0,pird,300,False,0.0,0.43333333333333335,False,1.0,-1,49.08423891789205
DoS,018f,mean_shift,positive,fast,exponential,2.0,global,300,True,0.9366666666666666,0.9366666666666666,False,0.5,0,49.08423891789205
DoS,018f,mean_shift,positive,fast,exponential,2.0,or,300,True,0.9366666666666666,0.9433333333333334,False,0.6345043130883818,0,49.08423891789205
DoS,018f,mean_shift,positive,fast,exponential,2.0,max,300,True,0.92,0.93,False,0.6790308897974687,1,49.08423891789205
DoS,018f,mean_shift,positive,fast,exponential,2.0,weighted_0.25,300,True,0.9366666666666666,1.0,False,0.9999952795648144,0,49.08423891789205
DoS,018f,mean_shift,positive,fast,exponential,2.0,weighted_0.5,300,True,0.9166666666666666,1.0,False,0.9999998368092857,0,49.08423891789205
DoS,018f,mean_shift,positive,fast,exponential,2.0,weighted_0.75,300,True,0.83,1.0,False,0.9999999999999586,0,49.08423891789205
DoS,018f,mean_shift,positive,medium,exponential,2.0,pird,300,False,0.0,0.43333333333333335,False,1.0,-1,49.08423891789205
DoS,018f,mean_shift,positive,medium,exponential,2.0,global,300,True,0.9366666666666666,0.9366666666666666,False,0.5,0,49.08423891789205
DoS,018f,mean_shift,positive,medium,exponential,2.0,or,300,True,0.9366666666666666,0.9433333333333334,False,0.6345043130883818,0,49.08423891789205
DoS,018f,mean_shift,positive,medium,exponential,2.0,max,300,True,0.92,0.93,False,0.6790308897974687,1,49.08423891789205
DoS,018f,mean_shift,positive,medium,exponential,2.0,weighted_0.25,300,True,0.9366666666666666,1.0,False,0.9999952795648144,0,49.08423891789205
DoS,018f,mean_shift,positive,medium,exponential,2.0,weighted_0.5,300,True,0.9066666666666666,1.0,False,0.9999999701116138,0,49.08423891789205
DoS,018f,mean_shift,positive,medium,exponential,2.0,weighted_0.75,300,True,0.66,1.0,False,1.0,0,49.08423891789205
DoS,018f,mean_shift,positive,slow,exponential,2.0,pird,300,False,0.0,0.43333333333333335,False,1.0,-1,49.08423891789205
DoS,018f,mean_shift,positive,slow,exponential,2.0,global,300,True,0.9366666666666666,0.9366666666666666,False,0.5,0,49.08423891789205
DoS,018f,mean_shift,positive,slow,exponential,2.0,or,300,True,0.9366666666666666,0.9433333333333334,False,0.6345043130883818,0,49.08423891789205
DoS,018f,mean_shift,positive,slow,exponential,2.0,max,300,True,0.92,0.93,False,0.6790308897974687,1,49.08423891789205
DoS,018f,mean_shift,positive,slow,exponential,2.0,weighted_0.25,300,True,0.9266666666666666,1.0,False,0.999999118479718,0,49.08423891789205
DoS,018f,mean_shift,positive,slow,exponential,2.0,weighted_0.5,300,True,0.8966666666666666,1.0,False,0.9999999945924233,0,49.08423891789205
DoS,018f,mean_shift,positive,slow,exponential,2.0,weighted_0.75,300,True,0.31333333333333335,1.0,False,1.0,0,49.08423891789205
DoS,018f,mean_shift,positive,fast,exponential,3.0,pird,300,True,0.7966666666666666,0.43333333333333335,True,2.9819344917977677e-20,61,49.08423891789205
DoS,018f,mean_shift,positive,fast,exponential,3.0,global,300,True,0.9366666666666666,0.9366666666666666,False,0.5,0,49.08423891789205
DoS,018f,mean_shift,positive,fast,exponential,3.0,or,300,True,0.94,0.9433333333333334,False,0.569141007484214,0,49.08423891789205
DoS,018f,mean_shift,positive,fast,exponential,3.0,max,300,True,0.9266666666666666,0.93,False,0.562880158695167,1,49.08423891789205
DoS,018f,mean_shift,positive,fast,exponential,3.0,weighted_0.25,300,True,0.9466666666666667,1.0,False,0.999974871035846,0,49.08423891789205
DoS,018f,mean_shift,positive,fast,exponential,3.0,weighted_0.5,300,True,0.9166666666666666,1.0,False,0.9999998368092857,0,49.08423891789205
DoS,018f,mean_shift,positive,fast,exponential,3.0,weighted_0.75,300,True,0.8666666666666667,1.0,False,0.9999999999705567,0,49.08423891789205
DoS,018f,mean_shift,positive,medium,exponential,3.0,pird,300,True,0.5933333333333334,0.43333333333333335,True,4.4168451768565355e-05,122,49.08423891789205
DoS,018f,mean_shift,positive,medium,exponential,3.0,global,300,True,0.9366666666666666,0.9366666666666666,False,0.5,0,49.08423891789205
DoS,018f,mean_shift,positive,medium,exponential,3.0,or,300,True,0.94,0.9433333333333334,False,0.569141007484214,0,49.08423891789205
DoS,018f,mean_shift,positive,medium,exponential,3.0,max,300,True,0.9266666666666666,0.93,False,0.562880158695167,1,49.08423891789205
DoS,018f,mean_shift,positive,medium,exponential,3.0,weighted_0.25,300,True,0.94,1.0,False,0.9999917537789182,0,49.08423891789205
DoS,018f,mean_shift,positive,medium,exponential,3.0,weighted_0.5,300,True,0.91,1.0,False,0.9999999473019655,0,49.08423891789205
DoS,018f,mean_shift,positive,medium,exponential,3.0,weighted_0.75,300,True,0.74,1.0,False,1.0,0,49.08423891789205
DoS,018f,mean_shift,positive,slow,exponential,3.0,pird,300,True,0.18666666666666668,0.43333333333333335,False,0.9999999999675662,244,49.08423891789205
DoS,018f,mean_shift,positive,slow,exponential,3.0,global,300,True,0.9366666666666666,0.9366666666666666,False,0.5,0,49.08423891789205
DoS,018f,mean_shift,positive,slow,exponential,3.0,or,300,True,0.9366666666666666,0.9433333333333334,False,0.6345043130883818,0,49.08423891789205
DoS,018f,mean_shift,positive,slow,exponential,3.0,max,300,True,0.92,0.93,False,0.6790308897974687,1,49.08423891789205
DoS,018f,mean_shift,positive,slow,exponential,3.0,weighted_0.25,300,True,0.9266666666666666,1.0,False,0.999999118479718,0,49.08423891789205
DoS,018f,mean_shift,positive,slow,exponential,3.0,weighted_0.5,300,True,0.9033333333333333,1.0,False,0.9999999830714502,0,49.08423891789205
DoS,018f,mean_shift,positive,slow,exponential,3.0,weighted_0.75,300,True,0.47333333333333333,1.0,False,1.0,0,49.08423891789205
DoS,018f,mean_shift,negative,fast,exponential,0.25,pird,300,False,0.0,0.43333333333333335,False,1.0,-1,49.08423891789205
DoS,018f,mean_shift,negative,fast,exponential,0.25,global,300,True,0.9366666666666666,0.9366666666666666,False,0.5,0,49.08423891789205
DoS,018f,mean_shift,negative,fast,exponential,0.25,or,300,True,0.9366666666666666,0.9433333333333334,False,0.6345043130883818,0,49.08423891789205
DoS,018f,mean_shift,negative,fast,exponential,0.25,max,300,True,0.92,0.93,False,0.6790308897974687,1,49.08423891789205
DoS,018f,mean_shift,negative,fast,exponential,0.25,weighted_0.25,300,True,0.92,1.0,False,0.9999997133484282,0,49.08423891789205
DoS,018f,mean_shift,negative,fast,exponential,0.25,weighted_0.5,300,True,0.7,1.0,False,1.0,0,49.08423891789205
DoS,018f,mean_shift,negative,fast,exponential,0.25,weighted_0.75,300,True,0.24333333333333335,1.0,False,1.0,0,49.08423891789205
DoS,018f,mean_shift,negative,medium,exponential,0.25,pird,300,False,0.0,0.43333333333333335,False,1.0,-1,49.08423891789205
DoS,018f,mean_shift,negative,medium,exponential,0.25,global,300,True,0.9366666666666666,0.9366666666666666,False,0.5,0,49.08423891789205
DoS,018f,mean_shift,negative,medium,exponential,0.25,or,300,True,0.9366666666666666,0.9433333333333334,False,0.6345043130883818,0,49.08423891789205
DoS,018f,mean_shift,negative,medium,exponential,0.25,max,300,True,0.92,0.93,False,0.6790308897974687,1,49.08423891789205
DoS,018f,mean_shift,negative,medium,exponential,0.25,weighted_0.25,300,True,0.92,1.0,False,0.9999997133484282,0,49.08423891789205
DoS,018f,mean_shift,negative,medium,exponential,0.25,weighted_0.5,300,True,0.7866666666666666,1.0,False,1.0,0,49.08423891789205
DoS,018f,mean_shift,negative,medium,exponential,0.25,weighted_0.75,300,True,0.24333333333333335,1.0,False,1.0,0,49.08423891789205
DoS,018f,mean_shift,negative,slow,exponential,0.25,pird,300,False,0.0,0.43333333333333335,False,1.0,-1,49.08423891789205
DoS,018f,mean_shift,negative,slow,exponential,0.25,global,300,True,0.9366666666666666,0.9366666666666666,False,0.5,0,49.08423891789205
DoS,018f,mean_shift,negative,slow,exponential,0.25,or,300,True,0.9366666666666666,0.9433333333333334,False,0.6345043130883818,0,49.08423891789205
DoS,018f,mean_shift,negative,slow,exponential,0.25,max,300,True,0.92,0.93,False,0.6790308897974687,1,49.08423891789205
DoS,018f,mean_shift,negative,slow,exponential,0.25,weighted_0.25,300,True,0.9233333333333333,1.0,False,0.9999994970524031,0,49.08423891789205
DoS,018f,mean_shift,negative,slow,exponential,0.25,weighted_0.5,300,True,0.84,1.0,False,0.999999999999746,0,49.08423891789205
DoS,018f,mean_shift,negative,slow,exponential,0.25,weighted_0.75,300,True,0.25666666666666665,1.0,False,1.0,0,49.08423891789205
DoS,018f,mean_shift,negative,fast,exponential,0.5,pird,300,False,0.0,0.43333333333333335,False,1.0,-1,49.08423891789205
DoS,018f,mean_shift,negative,fast,exponential,0.5,global,300,True,0.9366666666666666,0.9366666666666666,False,0.5,0,49.08423891789205
DoS,018f,mean_shift,negative,fast,exponential,0.5,or,300,True,0.9366666666666666,0.9433333333333334,False,0.6345043130883818,0,49.08423891789205
DoS,018f,mean_shift,negative,fast,exponential,0.5,max,300,True,0.92,0.93,False,0.6790308897974687,1,49.08423891789205
DoS,018f,mean_shift,negative,fast,exponential,0.5,weighted_0.25,300,True,0.9233333333333333,1.0,False,0.9999994970524031,0,49.08423891789205
DoS,018f,mean_shift,negative,fast,exponential,0.5,weighted_0.5,300,True,0.7533333333333333,1.0,False,1.0,0,49.08423891789205
DoS,018f,mean_shift,negative,fast,exponential,0.5,weighted_0.75,300,True,0.26,1.0,False,1.0,0,49.08423891789205
DoS,018f,mean_shift,negative,medium,exponential,0.5,pird,300,False,0.0,0.43333333333333335,False,1.0,-1,49.08423891789205
DoS,018f,mean_shift,negative,medium,exponential,0.5,global,300,True,0.9366666666666666,0.9366666666666666,False,0.5,0,49.08423891789205
DoS,018f,mean_shift,negative,medium,exponential,0.5,or,300,True,0.9366666666666666,0.9433333333333334,False,0.6345043130883818,0,49.08423891789205
DoS,018f,mean_shift,negative,medium,exponential,0.5,max,300,True,0.92,0.93,False,0.6790308897974687,1,49.08423891789205
DoS,018f,mean_shift,negative,medium,exponential,0.5,weighted_0.25,300,True,0.9233333333333333,1.0,False,0.9999994970524031,0,49.08423891789205
DoS,018f,mean_shift,negative,medium,exponential,0.5,weighted_0.5,300,True,0.7533333333333333,1.0,False,1.0,0,49.08423891789205
DoS,018f,mean_shift,negative,medium,exponential,0.5,weighted_0.75,300,True,0.26,1.0,False,1.0,0,49.08423891789205
DoS,018f,mean_shift,negative,slow,exponential,0.5,pird,300,False,0.0,0.43333333333333335,False,1.0,-1,49.08423891789205
DoS,018f,mean_shift,negative,slow,exponential,0.5,global,300,True,0.9366666666666666,0.9366666666666666,False,0.5,0,49.08423891789205
DoS,018f,mean_shift,negative,slow,exponential,0.5,or,300,True,0.9366666666666666,0.9433333333333334,False,0.6345043130883818,0,49.08423891789205
DoS,018f,mean_shift,negative,slow,exponential,0.5,max,300,True,0.92,0.93,False,0.6790308897974687,1,49.08423891789205
DoS,018f,mean_shift,negative,slow,exponential,0.5,weighted_0.25,300,True,0.92,1.0,False,0.9999997133484282,0,49.08423891789205
DoS,018f,mean_shift,negative,slow,exponential,0.5,weighted_0.5,300,True,0.7966666666666666,1.0,False,0.9999999999999999,0,49.08423891789205
DoS,018f,mean_shift,negative,slow,exponential,0.5,weighted_0.75,300,True,0.23,1.0,False,1.0,0,49.08423891789205
DoS,018f,mean_shift,negative,fast,exponential,0.75,pird,300,False,0.0,0.43333333333333335,False,1.0,-1,49.08423891789205
DoS,018f,mean_shift,negative,fast,exponential,0.75,global,300,True,0.9366666666666666,0.9366666666666666,False,0.5,0,49.08423891789205
DoS,018f,mean_shift,negative,fast,exponential,0.75,or,300,True,0.9366666666666666,0.9433333333333334,False,0.6345043130883818,0,49.08423891789205
DoS,018f,mean_shift,negative,fast,exponential,0.75,max,300,True,0.92,0.93,False,0.6790308897974687,1,49.08423891789205
DoS,018f,mean_shift,negative,fast,exponential,0.75,weighted_0.25,300,True,0.9233333333333333,1.0,False,0.9999994970524031,0,49.08423891789205
DoS,018f,mean_shift,negative,fast,exponential,0.75,weighted_0.5,300,True,0.8633333333333333,1.0,False,0.9999999999836411,0,49.08423891789205
DoS,018f,mean_shift,negative,fast,exponential,0.75,weighted_0.75,300,True,0.27666666666666667,1.0,False,1.0,0,49.08423891789205
DoS,018f,mean_shift,negative,medium,exponential,0.75,pird,300,False,0.0,0.43333333333333335,False,1.0,-1,49.08423891789205
DoS,018f,mean_shift,negative,medium,exponential,0.75,global,300,True,0.9366666666666666,0.9366666666666666,False,0.5,0,49.08423891789205
DoS,018f,mean_shift,negative,medium,exponential,0.75,or,300,True,0.9366666666666666,0.9433333333333334,False,0.6345043130883818,0,49.08423891789205
DoS,018f,mean_shift,negative,medium,exponential,0.75,max,300,True,0.92,0.93,False,0.6790308897974687,1,49.08423891789205
DoS,018f,mean_shift,negative,medium,exponential,0.75,weighted_0.25,300,True,0.9266666666666666,1.0,False,0.999999118479718,0,49.08423891789205
DoS,018f,mean_shift,negative,medium,exponential,0.75,weighted_0.5,300,True,0.7966666666666666,1.0,False,0.9999999999999999,0,49.08423891789205
DoS,018f,mean_shift,negative,medium,exponential,0.75,weighted_0.75,300,True,0.27666666666666667,1.0,False,1.0,0,49.08423891789205
DoS,018f,mean_shift,negative,slow,exponential,0.75,pird,300,False,0.0,0.43333333333333335,False,1.0,-1,49.08423891789205
DoS,018f,mean_shift,negative,slow,exponential,0.75,global,300,True,0.9366666666666666,0.9366666666666666,False,0.5,0,49.08423891789205
DoS,018f,mean_shift,negative,slow,exponential,0.75,or,300,True,0.9366666666666666,0.9433333333333334,False,0.6345043130883818,0,49.08423891789205
DoS,018f,mean_shift,negative,slow,exponential,0.75,max,300,True,0.92,0.93,False,0.6790308897974687,1,49.08423891789205
DoS,018f,mean_shift,negative,slow,exponential,0.75,weighted_0.25,300,True,0.92,1.0,False,0.9999997133484282,0,49.08423891789205
DoS,018f,mean_shift,negative,slow,exponential,0.75,weighted_0.5,300,True,0.7633333333333333,1.0,False,1.0,0,49.08423891789205
DoS,018f,mean_shift,negative,slow,exponential,0.75,weighted_0.75,300,True,0.2733333333333333,1.0,False,1.0,0,49.08423891789205
DoS,018f,mean_shift,negative,fast,exponential,1.0,pird,300,False,0.0,0.43333333333333335,False,1.0,-1,49.08423891789205
DoS,018f,mean_shift,negative,fast,exponential,1.0,global,300,True,0.9366666666666666,0.9366666666666666,False,0.5,0,49.08423891789205
DoS,018f,mean_shift,negative,fast,exponential,1.0,or,300,True,0.9366666666666666,0.9433333333333334,False,0.6345043130883818,0,49.08423891789205
DoS,018f,mean_shift,negative,fast,exponential,1.0,max,300,True,0.92,0.93,False,0.6790308897974687,1,49.08423891789205
DoS,018f,mean_shift,negative,fast,exponential,1.0,weighted_0.25,300,True,0.9233333333333333,1.0,False,0.9999994970524031,0,49.08423891789205
DoS,018f,mean_shift,negative,fast,exponential,1.0,weighted_0.5,300,True,0.8666666666666667,1.0,False,0.9999999999705567,0,49.08423891789205
DoS,018f,mean_shift,negative,fast,exponential,1.0,weighted_0.75,300,True,0.33,1.0,False,1.0,0,49.08423891789205
DoS,018f,mean_shift,negative,medium,exponential,1.0,pird,300,False,0.0,0.43333333333333335,False,1.0,-1,49.08423891789205
DoS,018f,mean_shift,negative,medium,exponential,1.0,global,300,True,0.9366666666666666,0.9366666666666666,False,0.5,0,49.08423891789205
DoS,018f,mean_shift,negative,medium,exponential,1.0,or,300,True,0.9366666666666666,0.9433333333333334,False,0.6345043130883818,0,49.08423891789205
DoS,018f,mean_shift,negative,medium,exponential,1.0,max,300,True,0.92,0.93,False,0.6790308897974687,1,49.08423891789205
DoS,018f,mean_shift,negative,medium,exponential,1.0,weighted_0.25,300,True,0.9266666666666666,1.0,False,0.999999118479718,0,49.08423891789205
DoS,018f,mean_shift,negative,medium,exponential,1.0,weighted_0.5,300,True,0.8166666666666667,1.0,False,0.9999999999999964,0,49.08423891789205
DoS,018f,mean_shift,negative,medium,exponential,1.0,weighted_0.75,300,True,0.30333333333333334,1.0,False,1.0,0,49.08423891789205
DoS,018f,mean_shift,negative,slow,exponential,1.0,pird,300,False,0.0,0.43333333333333335,False,1.0,-1,49.08423891789205
DoS,018f,mean_shift,negative,slow,exponential,1.0,global,300,True,0.9366666666666666,0.9366666666666666,False,0.5,0,49.08423891789205
DoS,018f,mean_shift,negative,slow,exponential,1.0,or,300,True,0.9366666666666666,0.9433333333333334,False,0.6345043130883818,0,49.08423891789205
DoS,018f,mean_shift,negative,slow,exponential,1.0,max,300,True,0.92,0.93,False,0.6790308897974687,1,49.08423891789205
DoS,018f,mean_shift,negative,slow,exponential,1.0,weighted_0.25,300,True,0.9233333333333333,1.0,False,0.9999994970524031,0,49.08423891789205
DoS,018f,mean_shift,negative,slow,exponential,1.0,weighted_0.5,300,True,0.76,1.0,False,1.0,0,49.08423891789205
DoS,018f,mean_shift,negative,slow,exponential,1.0,weighted_0.75,300,True,0.2733333333333333,1.0,False,1.0,0,49.08423891789205
DoS,018f,mean_shift,negative,fast,exponential,1.5,pird,300,False,0.0,0.43333333333333335,False,1.0,-1,49.08423891789205
DoS,018f,mean_shift,negative,fast,exponential,1.5,global,300,True,0.9366666666666666,0.9366666666666666,False,0.5,0,49.08423891789205
DoS,018f,mean_shift,negative,fast,exponential,1.5,or,300,True,0.9366666666666666,0.9433333333333334,False,0.6345043130883818,0,49.08423891789205
DoS,018f,mean_shift,negative,fast,exponential,1.5,max,300,True,0.92,0.93,False,0.6790308897974687,1,49.08423891789205
DoS,018f,mean_shift,negative,fast,exponential,1.5,weighted_0.25,300,True,0.9233333333333333,1.0,False,0.9999994970524031,0,49.08423891789205
DoS,018f,mean_shift,negative,fast,exponential,1.5,weighted_0.5,300,True,0.89,1.0,False,0.9999999982828904,0,49.08423891789205
DoS,018f,mean_shift,negative,fast,exponential,1.5,weighted_0.75,300,True,0.56,1.0,False,1.0,0,49.08423891789205
DoS,018f,mean_shift,negative,medium,exponential,1.5,pird,300,False,0.0,0.43333333333333335,False,1.0,-1,49.08423891789205
DoS,018f,mean_shift,negative,medium,exponential,1.5,global,300,True,0.9366666666666666,0.9366666666666666,False,0.5,0,49.08423891789205
DoS,018f,mean_shift,negative,medium,exponential,1.5,or,300,True,0.9366666666666666,0.9433333333333334,False,0.6345043130883818,0,49.08423891789205
DoS,018f,mean_shift,negative,medium,exponential,1.5,max,300,True,0.92,0.93,False,0.6790308897974687,1,49.08423891789205
DoS,018f,mean_shift,negative,medium,exponential,1.5,weighted_0.25,300,True,0.9266666666666666,1.0,False,0.999999118479718,0,49.08423891789205
DoS,018f,mean_shift,negative,medium,exponential,1.5,weighted_0.5,300,True,0.8733333333333333,1.0,False,0.9999999999051221,0,49.08423891789205
DoS,018f,mean_shift,negative,medium,exponential,1.5,weighted_0.75,300,True,0.43333333333333335,1.0,False,1.0,0,49.08423891789205
DoS,018f,mean_shift,negative,slow,exponential,1.5,pird,300,False,0.0,0.43333333333333335,False,1.0,-1,49.08423891789205
DoS,018f,mean_shift,negative,slow,exponential,1.5,global,300,True,0.9366666666666666,0.9366666666666666,False,0.5,0,49.08423891789205
DoS,018f,mean_shift,negative,slow,exponential,1.5,or,300,True,0.9366666666666666,0.9433333333333334,False,0.6345043130883818,0,49.08423891789205
DoS,018f,mean_shift,negative,slow,exponential,1.5,max,300,True,0.92,0.93,False,0.6790308897974687,1,49.08423891789205
DoS,018f,mean_shift,negative,slow,exponential,1.5,weighted_0.25,300,True,0.9266666666666666,1.0,False,0.999999118479718,0,49.08423891789205
DoS,018f,mean_shift,negative,slow,exponential,1.5,weighted_0.5,300,True,0.7666666666666667,1.0,False,1.0,0,49.08423891789205
DoS,018f,mean_shift,negative,slow,exponential,1.5,weighted_0.75,300,True,0.28,1.0,False,1.0,0,49.08423891789205
DoS,018f,mean_shift,negative,fast,exponential,2.0,pird,300,False,0.0,0.43333333333333335,False,1.0,-1,49.08423891789205
DoS,018f,mean_shift,negative,fast,exponential,2.0,global,300,True,0.9366666666666666,0.9366666666666666,False,0.5,0,49.08423891789205
DoS,018f,mean_shift,negative,fast,exponential,2.0,or,300,True,0.9366666666666666,0.9433333333333334,False,0.6345043130883818,0,49.08423891789205
DoS,018f,mean_shift,negative,fast,exponential,2.0,max,300,True,0.92,0.93,False,0.6790308897974687,1,49.08423891789205
DoS,018f,mean_shift,negative,fast,exponential,2.0,weighted_0.25,300,True,0.9266666666666666,1.0,False,0.999999118479718,0,49.08423891789205
DoS,018f,mean_shift,negative,fast,exponential,2.0,weighted_0.5,300,True,0.8966666666666666,1.0,False,0.9999999945924233,0,49.08423891789205
DoS,018f,mean_shift,negative,fast,exponential,2.0,weighted_0.75,300,True,0.8,1.0,False,0.9999999999999998,0,49.08423891789205
DoS,018f,mean_shift,negative,medium,exponential,2.0,pird,300,False,0.0,0.43333333333333335,False,1.0,-1,49.08423891789205
DoS,018f,mean_shift,negative,medium,exponential,2.0,global,300,True,0.9366666666666666,0.9366666666666666,False,0.5,0,49.08423891789205
DoS,018f,mean_shift,negative,medium,exponential,2.0,or,300,True,0.9366666666666666,0.9433333333333334,False,0.6345043130883818,0,49.08423891789205
DoS,018f,mean_shift,negative,medium,exponential,2.0,max,300,True,0.92,0.93,False,0.6790308897974687,1,49.08423891789205
DoS,018f,mean_shift,negative,medium,exponential,2.0,weighted_0.25,300,True,0.9233333333333333,1.0,False,0.9999994970524031,0,49.08423891789205
DoS,018f,mean_shift,negative,medium,exponential,2.0,weighted_0.5,300,True,0.8733333333333333,1.0,False,0.9999999999051221,0,49.08423891789205
DoS,018f,mean_shift,negative,medium,exponential,2.0,weighted_0.75,300,True,0.61,1.0,False,1.0,0,49.08423891789205
DoS,018f,mean_shift,negative,slow,exponential,2.0,pird,300,False,0.0,0.43333333333333335,False,1.0,-1,49.08423891789205
DoS,018f,mean_shift,negative,slow,exponential,2.0,global,300,True,0.9366666666666666,0.9366666666666666,False,0.5,0,49.08423891789205
DoS,018f,mean_shift,negative,slow,exponential,2.0,or,300,True,0.9366666666666666,0.9433333333333334,False,0.6345043130883818,0,49.08423891789205
DoS,018f,mean_shift,negative,slow,exponential,2.0,max,300,True,0.92,0.93,False,0.6790308897974687,1,49.08423891789205
DoS,018f,mean_shift,negative,slow,exponential,2.0,weighted_0.25,300,True,0.9266666666666666,1.0,False,0.999999118479718,0,49.08423891789205
DoS,018f,mean_shift,negative,slow,exponential,2.0,weighted_0.5,300,True,0.7966666666666666,1.0,False,0.9999999999999999,0,49.08423891789205
DoS,018f,mean_shift,negative,slow,exponential,2.0,weighted_0.75,300,True,0.3,1.0,False,1.0,0,49.08423891789205
DoS,018f,mean_shift,negative,fast,exponential,3.0,pird,300,False,0.0,0.43333333333333335,False,1.0,-1,49.08423891789205
DoS,018f,mean_shift,negative,fast,exponential,3.0,global,300,True,0.9366666666666666,0.9366666666666666,False,0.5,0,49.08423891789205
DoS,018f,mean_shift,negative,fast,exponential,3.0,or,300,True,0.9366666666666666,0.9433333333333334,False,0.6345043130883818,0,49.08423891789205
DoS,018f,mean_shift,negative,fast,exponential,3.0,max,300,True,0.92,0.93,False,0.6790308897974687,1,49.08423891789205
DoS,018f,mean_shift,negative,fast,exponential,3.0,weighted_0.25,300,True,0.93,1.0,False,0.9999984564587219,0,49.08423891789205
DoS,018f,mean_shift,negative,fast,exponential,3.0,weighted_0.5,300,True,0.91,1.0,False,0.9999999473019655,0,49.08423891789205
DoS,018f,mean_shift,negative,fast,exponential,3.0,weighted_0.75,300,True,0.8533333333333334,1.0,False,0.9999999999972244,0,49.08423891789205
DoS,018f,mean_shift,negative,medium,exponential,3.0,pird,300,False,0.0,0.43333333333333335,False,1.0,-1,49.08423891789205
DoS,018f,mean_shift,negative,medium,exponential,3.0,global,300,True,0.9366666666666666,0.9366666666666666,False,0.5,0,49.08423891789205
DoS,018f,mean_shift,negative,medium,exponential,3.0,or,300,True,0.9366666666666666,0.9433333333333334,False,0.6345043130883818,0,49.08423891789205
DoS,018f,mean_shift,negative,medium,exponential,3.0,max,300,True,0.92,0.93,False,0.6790308897974687,1,49.08423891789205
DoS,018f,mean_shift,negative,medium,exponential,3.0,weighted_0.25,300,True,0.9266666666666666,1.0,False,0.999999118479718,0,49.08423891789205
DoS,018f,mean_shift,negative,medium,exponential,3.0,weighted_0.5,300,True,0.8866666666666667,1.0,False,0.9999999990346498,0,49.08423891789205
DoS,018f,mean_shift,negative,medium,exponential,3.0,weighted_0.75,300,True,0.7066666666666667,1.0,False,1.0,0,49.08423891789205
DoS,018f,mean_shift,negative,slow,exponential,3.0,pird,300,False,0.0,0.43333333333333335,False,1.0,-1,49.08423891789205
DoS,018f,mean_shift,negative,slow,exponential,3.0,global,300,True,0.9366666666666666,0.9366666666666666,False,0.5,0,49.08423891789205
DoS,018f,mean_shift,negative,slow,exponential,3.0,or,300,True,0.9366666666666666,0.9433333333333334,False,0.6345043130883818,0,49.08423891789205
DoS,018f,mean_shift,negative,slow,exponential,3.0,max,300,True,0.92,0.93,False,0.6790308897974687,1,49.08423891789205
DoS,018f,mean_shift,negative,slow,exponential,3.0,weighted_0.25,300,True,0.9266666666666666,1.0,False,0.999999118479718,0,49.08423891789205
DoS,018f,mean_shift,negative,slow,exponential,3.0,weighted_0.5,300,True,0.8466666666666667,1.0,False,0.9999999999991571,0,49.08423891789205
DoS,018f,mean_shift,negative,slow,exponential,3.0,weighted_0.75,300,True,0.39666666666666667,1.0,False,1.0,0,49.08423891789205
Fuzzy,02c0,additive,positive,fast,exponential,0.25,pird,300,True,0.21,0.12666666666666668,True,0.003188389156789321,153,3.7351177567257166
Fuzzy,02c0,additive,positive,fast,exponential,0.25,global,300,True,0.5066666666666667,0.5066666666666667,False,0.5,137,3.7351177567257166
Fuzzy,02c0,additive,positive,fast,exponential,0.25,or,300,True,0.5066666666666667,0.5066666666666667,False,0.5,137,3.7351177567257166
Fuzzy,02c0,additive,positive,fast,exponential,0.25,max,300,True,0.5,0.5,False,0.5,138,3.7351177567257166
Fuzzy,02c0,additive,positive,fast,exponential,0.25,weighted_0.25,300,True,0.5,0.5,False,0.5,138,3.7351177567257166
Fuzzy,02c0,additive,positive,fast,exponential,0.25,weighted_0.5,300,True,0.5033333333333333,0.49333333333333335,False,0.4032474434025619,137,3.7351177567257166
Fuzzy,02c0,additive,positive,fast,exponential,0.25,weighted_0.75,300,True,0.5066666666666667,0.49,False,0.3415448666741556,137,3.7351177567257166
Fuzzy,02c0,additive,positive,medium,exponential,0.25,pird,300,True,0.21,0.12666666666666668,True,0.003188389156789321,153,3.7351177567257166
Fuzzy,02c0,additive,positive,medium,exponential,0.25,global,300,True,0.5066666666666667,0.5066666666666667,False,0.5,137,3.7351177567257166
Fuzzy,02c0,additive,positive,medium,exponential,0.25,or,300,True,0.5066666666666667,0.5066666666666667,False,0.5,137,3.7351177567257166
Fuzzy,02c0,additive,positive,medium,exponential,0.25,max,300,True,0.5,0.5,False,0.5,138,3.7351177567257166
Fuzzy,02c0,additive,positive,medium,exponential,0.25,weighted_0.25,300,True,0.5,0.5,False,0.5,138,3.7351177567257166
Fuzzy,02c0,additive,positive,medium,exponential,0.25,weighted_0.5,300,True,0.5033333333333333,0.49333333333333335,False,0.4032474434025619,137,3.7351177567257166
Fuzzy,02c0,additive,positive,medium,exponential,0.25,weighted_0.75,300,True,0.5066666666666667,0.49,False,0.3415448666741556,137,3.7351177567257166
Fuzzy,02c0,additive,positive,slow,exponential,0.25,pird,300,True,0.14333333333333334,0.12666666666666668,False,0.2751411917840435,153,3.4867308050843504
Fuzzy,02c0,additive,positive,slow,exponential,0.25,global,300,True,0.5066666666666667,0.5066666666666667,False,0.5,137,3.4867308050843504
Fuzzy,02c0,additive,positive,slow,exponential,0.25,or,300,True,0.5066666666666667,0.5066666666666667,False,0.5,137,3.4867308050843504
Fuzzy,02c0,additive,positive,slow,exponential,0.25,max,300,True,0.5,0.5,False,0.5,138,3.4867308050843504
Fuzzy,02c0,additive,positive,slow,exponential,0.25,weighted_0.25,300,True,0.5,0.5,False,0.5,138,3.4867308050843504
Fuzzy,02c0,additive,positive,slow,exponential,0.25,weighted_0.5,300,True,0.49666666666666665,0.49333333333333335,False,0.4674610324444143,139,3.4867308050843504
Fuzzy,02c0,additive,positive,slow,exponential,0.25,weighted_0.75,300,True,0.49333333333333335,0.49,False,0.4674581458414317,139,3.4867308050843504
Fuzzy,02c0,additive,positive,fast,exponential,0.5,pird,300,True,0.38666666666666666,0.12666666666666668,True,1.5468987749286985e-13,144,4.263347160078448
Fuzzy,02c0,additive,positive,fast,exponential,0.5,global,300,True,0.5066666666666667,0.5066666666666667,False,0.5,137,4.263347160078448
Fuzzy,02c0,additive,positive,fast,exponential,0.5,or,300,True,0.5066666666666667,0.5066666666666667,False,0.5,137,4.263347160078448
Fuzzy,02c0,additive,positive,fast,exponential,0.5,max,300,True,0.5,0.5,False,0.5,138,4.263347160078448
Fuzzy,02c0,additive,positive,fast,exponential,0.5,weighted_0.25,300,True,0.5,0.5,False,0.5,138,4.263347160078448
Fuzzy,02c0,additive,positive,fast,exponential,0.5,weighted_0.5,300,True,0.5066666666666667,0.49333333333333335,False,0.3719857390375282,137,4.263347160078448
Fuzzy,02c0,additive,positive,fast,exponential,0.5,weighted_0.75,300,True,0.52,0.49,False,0.23120517286287293,75,4.263347160078448
Fuzzy,02c0,additive,positive,medium,exponential,0.5,pird,300,True,0.38666666666666666,0.12666666666666668,True,1.5468987749286985e-13,144,4.263347160078448
Fuzzy,02c0,additive,positive,medium,exponential,0.5,global,300,True,0.5066666666666667,0.5066666666666667,False,0.5,137,4.263347160078448
Fuzzy,02c0,additive,positive,medium,exponential,0.5,or,300,True,0.5066666666666667,0.5066666666666667,False,0.5,137,4.263347160078448
Fuzzy,02c0,additive,positive,medium,exponential,0.5,max,300,True,0.5,0.5,False,0.5,138,4.263347160078448
Fuzzy,02c0,additive,positive,medium,exponential,0.5,weighted_0.25,300,True,0.5,0.5,False,0.5,138,4.263347160078448
Fuzzy,02c0,additive,positive,medium,exponential,0.5,weighted_0.5,300,True,0.5066666666666667,0.49333333333333335,False,0.3719857390375282,137,4.263347160078448
Fuzzy,02c0,additive,positive,medium,exponential,0.5,weighted_0.75,300,True,0.5166666666666667,0.49,False,0.25680987821590867,137,4.263347160078448
Fuzzy,02c0,additive,positive,slow,exponential,0.5,pird,300,True,0.27,0.12666666666666668,True,5.350855297520641e-06,153,3.6809025157586004
Fuzzy,02c0,additive,positive,slow,exponential,0.5,global,300,True,0.5066666666666667,0.5066666666666667,False,0.5,137,3.6809025157586004
Fuzzy,02c0,additive,positive,slow,exponential,0.5,or,300,True,0.5066666666666667,0.5066666666666667,False,0.5,137,3.6809025157586004
Fuzzy,02c0,additive,positive,slow,exponential,0.5,max,300,True,0.5,0.5,False,0.5,138,3.6809025157586004
Fuzzy,02c0,additive,positive,slow,exponential,0.5,weighted_0.25,300,True,0.5,0.5,False,0.5,138,3.6809025157586004
Fuzzy,02c0,additive,positive,slow,exponential,0.5,weighted_0.5,300,True,0.5033333333333333,0.49333333333333335,False,0.4032474434025619,138,3.6809025157586004
Fuzzy,02c0,additive,positive,slow,exponential,0.5,weighted_0.75,300,True,0.5033333333333333,0.49,False,0.37198299390381495,139,3.6809025157586004
Fuzzy,02c0,additive,positive,fast,exponential,0.75,pird,300,True,0.7633333333333333,0.12666666666666668,True,8.811051485806559e-56,71,4.932036013683952
Fuzzy,02c0,additive,positive,fast,exponential,0.75,global,300,True,0.5066666666666667,0.5066666666666667,False,0.5,137,4.932036013683952
Fuzzy,02c0,additive,positive,fast,exponential,0.75,or,300,True,0.7633333333333333,0.5066666666666667,True,3.298858381959202e-11,71,4.932036013683952
Fuzzy,02c0,additive,positive,fast,exponential,0.75,max,300,True,0.5,0.5,False,0.5,138,4.932036013683952
Fuzzy,02c0,additive,positive,fast,exponential,0.75,weighted_0.25,300,True,0.5066666666666667,0.5,False,0.4351399575568747,137,4.932036013683952
Fuzzy,02c0,additive,positive,fast,exponential,0.75,weighted_0.5,300,True,0.5166666666666667,0.49333333333333335,False,0.28380456625686734,75,4.932036013683952
Fuzzy,02c0,additive,positive,fast,exponential,0.75,weighted_0.75,300,True,0.7533333333333333,0.49,True,1.4633737686920896e-11,65,4.932036013683952
Fuzzy,02c0,additive,positive,medium,exponential,0.75,pird,300,True,0.5366666666666666,0.12666666666666668,True,7.378605683016427e-27,137,4.932036013683952
Fuzzy,02c0,additive,positive,medium,exponential,0.75,global,300,True,0.5066666666666667,0.5066666666666667,False,0.5,137,4.932036013683952
Fuzzy,02c0,additive,positive,medium,exponential,0.75,or,300,True,0.5433333333333333,0.5066666666666667,False,0.18425415680535476,137,4.932036013683952
Fuzzy,02c0,additive,positive,medium,exponential,0.75,max,300,True,0.5,0.5,False,0.5,138,4.932036013683952
Fuzzy,02c0,additive,positive,medium,exponential,0.75,weighted_0.25,300,True,0.5066666666666667,0.5,False,0.4351399575568747,137,4.932036013683952
Fuzzy,02c0,additive,positive,medium,exponential,0.75,weighted_0.5,300,True,0.5133333333333333,0.49333333333333335,False,0.31209920525126433,137,4.932036013683952
Fuzzy,02c0,additive,positive,medium,exponential,0.75,weighted_0.75,300,True,0.5533333333333333,0.49,False,0.06023521073740272,125,4.932036013683952
Fuzzy,02c0,additive,positive,slow,exponential,0.75,pird,300,True,0.4266666666666667,0.12666666666666668,True,1.0756940747527313e-16,150,4.0048999502449245
Fuzzy,02c0,additive,positive,slow,exponential,0.75,global,300,True,0.5066666666666667,0.5066666666666667,False,0.5,137,4.0048999502449245
Fuzzy,02c0,additive,positive,slow,exponential,0.75,or,300,True,0.5333333333333333,0.5066666666666667,False,0.2566459626516453,137,4.0048999502449245
Fuzzy,02c0,additive,positive,slow,exponential,0.75,max,300,True,0.5,0.5,False,0.5,138,4.0048999502449245
Fuzzy,02c0,additive,positive,slow,exponential,0.75,weighted_0.25,300,True,0.5,0.5,False,0.5,138,4.0048999502449245
Fuzzy,02c0,additive,positive,slow,exponential,0.75,weighted_0.5,300,True,0.5066666666666667,0.49333333333333335,False,0.3719857390375282,137,4.0048999502449245
Fuzzy,02c0,additive,positive,slow,exponential,0.75,weighted_0.75,300,True,0.5433333333333333,0.49,False,0.09558582545798215,137,4.0048999502449245
Fuzzy,02c0,additive,positive,fast,exponential,1.0,pird,300,True,0.8066666666666666,0.12666666666666668,True,7.286697028937534e-63,58,5.63237777203262
Fuzzy,02c0,additive,positive,fast,exponential,1.0,global,300,True,0.5066666666666667,0.5066666666666667,False,0.5,137,5.63237777203262
Fuzzy,02c0,additive,positive,fast,exponential,1.0,or,300,True,0.8066666666666666,0.5066666666666667,True,5.0442061164317264e-15,58,5.63237777203262
Fuzzy,02c0,additive,positive,fast,exponential,1.0,max,300,True,0.5,0.5,False,0.5,138,5.63237777203262
Fuzzy,02c0,additive,positive,fast,exponential,1.0,weighted_0.25,300,True,0.5066666666666667,0.5,False,0.4351399575568747,137,5.63237777203262
Fuzzy,02c0,additive,positive,fast,exponential,1.0,weighted_0.5,300,True,0.55,0.49333333333333335,False,0.08236328801047953,65,5.63237777203262
Fuzzy,02c0,additive,positive,fast,exponential,1.0,weighted_0.75,300,True,0.8266666666666667,0.49,True,1.74890723406181e-18,35,5.63237777203262
Fuzzy,02c0,additive,positive,medium,exponential,1.0,pird,300,True,0.6133333333333333,0.12666666666666668,True,2.578017992919238e-35,114,5.63237777203262
Fuzzy,02c0,additive,positive,medium,exponential,1.0,global,300,True,0.5066666666666667,0.5066666666666667,False,0.5,137,5.63237777203262
Fuzzy,02c0,additive,positive,medium,exponential,1.0,or,300,True,0.6133333333333333,0.5066666666666667,True,0.00424660750337299,114,5.63237777203262
Fuzzy,02c0,additive,positive,medium,exponential,1.0,max,300,True,0.5,0.5,False,0.5,138,5.63237777203262
Fuzzy,02c0,additive,positive,medium,exponential,1.0,weighted_0.25,300,True,0.5066666666666667,0.5,False,0.4351399575568747,137,5.63237777203262
Fuzzy,02c0,additive,positive,medium,exponential,1.0,weighted_0.5,300,True,0.5166666666666667,0.49333333333333335,False,0.28380456625686734,137,5.63237777203262
Fuzzy,02c0,additive,positive,medium,exponential,1.0,weighted_0.75,300,True,0.6166666666666667,0.49,True,0.0009027524098554955,75,5.63237777203262
Fuzzy,02c0,additive,positive,slow,exponential,1.0,pird,300,True,0.49666666666666665,0.12666666666666668,True,6.614731487463251e-23,150,4.345400140041491
Fuzzy,02c0,additive,positive,slow,exponential,1.0,global,300,True,0.5066666666666667,0.5066666666666667,False,0.5,137,4.345400140041491
Fuzzy,02c0,additive,positive,slow,exponential,1.0,or,300,True,0.5433333333333333,0.5066666666666667,False,0.18425415680535476,137,4.345400140041491
Fuzzy,02c0,additive,positive,slow,exponential,1.0,max,300,True,0.5,0.5,False,0.5,138,4.345400140041491
Fuzzy,02c0,additive,positive,slow,exponential,1.0,weighted_0.25,300,True,0.5,0.5,False,0.5,138,4.345400140041491
Fuzzy,02c0,additive,positive,slow,exponential,1.0,weighted_0.5,300,True,0.51,0.49333333333333335,False,0.34154486667415607,137,4.345400140041491
Fuzzy,02c0,additive,positive,slow,exponential,1.0,weighted_0.75,300,True,0.5433333333333333,0.49,False,0.09558582545798215,137,4.345400140041491
Fuzzy,02c0,additive,positive,fast,exponential,1.5,pird,300,True,0.8533333333333334,0.12666666666666668,True,3.3379974457431155e-71,44,7.090178368783531
Fuzzy,02c0,additive,positive,fast,exponential,1.5,global,300,True,0.5066666666666667,0.5066666666666667,False,0.5,137,7.090178368783531
Fuzzy,02c0,additive,positive,fast,exponential,1.5,or,300,True,0.8533333333333334,0.5066666666666667,True,4.4415060050031295e-20,44,7.090178368783531
Fuzzy,02c0,additive,positive,fast,exponential,1.5,max,300,True,0.5,0.5,False,0.5,138,7.090178368783531
Fuzzy,02c0,additive,positive,fast,exponential,1.5,weighted_0.25,300,True,0.5133333333333333,0.5,False,0.37197475744350705,75,7.090178368783531
Fuzzy,02c0,additive,positive,fast,exponential,1.5,weighted_0.5,300,True,0.6166666666666667,0.49333333333333335,True,0.0011849261023061922,35,7.090178368783531
Fuzzy,02c0,additive,positive,fast,exponential,1.5,weighted_0.75,300,True,0.8733333333333333,0.49,True,3.439021404866958e-24,25,7.090178368783531
Fuzzy,02c0,additive,positive,medium,exponential,1.5,pird,300,True,0.7133333333333334,0.12666666666666668,True,2.6020099906877056e-48,85,7.090178368783531
Fuzzy,02c0,additive,positive,medium,exponential,1.5,global,300,True,0.5066666666666667,0.5066666666666667,False,0.5,137,7.090178368783531
Fuzzy,02c0,additive,positive,medium,exponential,1.5,or,300,True,0.7133333333333334,0.5066666666666667,True,1.0547490500382293e-07,85,7.090178368783531
Fuzzy,02c0,additive,positive,medium,exponential,1.5,max,300,True,0.5,0.5,False,0.5,138,7.090178368783531
Fuzzy,02c0,additive,positive,medium,exponential,1.5,weighted_0.25,300,True,0.51,0.5,False,0.40324322828387876,137,7.090178368783531
Fuzzy,02c0,additive,positive,medium,exponential,1.5,weighted_0.5,300,True,0.5366666666666666,0.49333333333333335,False,0.14413520140407363,115,7.090178368783531
Fuzzy,02c0,additive,positive,medium,exponential,1.5,weighted_0.75,300,True,0.7366666666666667,0.49,True,2.7603860242307323e-10,65,7.090178368783531
Fuzzy,02c0,additive,positive,slow,exponential,1.5,pird,300,True,0.5,0.12666666666666668,True,3.181158566839376e-23,144,5.164571887585491
Fuzzy,02c0,additive,positive,slow,exponential,1.5,global,300,True,0.5066666666666667,0.5066666666666667,False,0.5,137,5.164571887585491
Fuzzy,02c0,additive,positive,slow,exponential,1.5,or,300,True,0.5433333333333333,0.5066666666666667,False,0.18425415680535476,137,5.164571887585491
Fuzzy,02c0,additive,positive,slow,exponential,1.5,max,300,True,0.5,0.5,False,0.5,138,5.164571887585491
Fuzzy,02c0,additive,positive,slow,exponential,1.5,weighted_0.25,300,True,0.5033333333333333,0.5,False,0.4674624754578747,138,5.164571887585491
Fuzzy,02c0,additive,positive,slow,exponential,1.5,weighted_0.5,300,True,0.5166666666666667,0.49333333333333335,False,0.28380456625686734,137,5.164571887585491
Fuzzy,02c0,additive,positive,slow,exponential,1.5,weighted_0.75,300,True,0.5433333333333333,0.49,False,0.09558582545798215,137,5.164571887585491
Fuzzy,02c0,additive,positive,fast,exponential,2.0,pird,300,True,0.8833333333333333,0.12666666666666668,True,5.349644238409393e-77,35,8.59168079075248
Fuzzy,02c0,additive,positive,fast,exponential,2.0,global,300,True,0.5066666666666667,0.5066666666666667,False,0.5,137,8.59168079075248
Fuzzy,02c0,additive,positive,fast,exponential,2.0,or,300,True,0.8833333333333333,0.5066666666666667,True,6.235655607541371e-24,35,8.59168079075248
Fuzzy,02c0,additive,positive,fast,exponential,2.0,max,300,True,0.76,0.5,True,2.1191000068179104e-11,72,8.59168079075248
Fuzzy,02c0,additive,positive,fast,exponential,2.0,weighted_0.25,300,True,0.5133333333333333,0.5,False,0.37197475744350705,75,8.59168079075248
Fuzzy,02c0,additive,positive,fast,exponential,2.0,weighted_0.5,300,True,0.8266666666666667,0.49333333333333335,True,3.4028739811846734e-18,35,8.59168079075248
Fuzzy,02c0,additive,positive,fast,exponential,2.0,weighted_0.75,300,True,0.8966666666666666,0.49,True,1.6950521867796037e-27,25,8.59168079075248
Fuzzy,02c0,additive,positive,medium,exponential,2.0,pird,300,True,0.7666666666666667,0.12666666666666668,True,2.637292224557372e-56,70,8.59168079075248
Fuzzy,02c0,additive,positive,medium,exponential,2.0,global,300,True,0.5066666666666667,0.5066666666666667,False,0.5,137,8.59168079075248
Fuzzy,02c0,additive,positive,medium,exponential,2.0,or,300,True,0.7666666666666667,0.5066666666666667,True,1.7863315498464945e-11,70,8.59168079075248
Fuzzy,02c0,additive,positive,medium,exponential,2.0,max,300,True,0.5433333333333333,0.5,False,0.14401718821121243,137,8.59168079075248
Fuzzy,02c0,additive,positive,medium,exponential,2.0,weighted_0.25,300,True,0.51,0.5,False,0.40324322828387876,137,8.59168079075248
Fuzzy,02c0,additive,positive,medium,exponential,2.0,weighted_0.5,300,True,0.5866666666666667,0.49333333333333335,True,0.010908423327942814,75,8.59168079075248
Fuzzy,02c0,additive,positive,medium,exponential,2.0,weighted_0.75,300,True,0.79,0.49,True,9.691561294488007e-15,35,8.59168079075248
Fuzzy,02c0,additive,positive,slow,exponential,2.0,pird,300,True,0.54,0.12666666666666668,True,3.348499808702692e-27,137,6.494857278552072
Fuzzy,02c0,additive,positive,slow,exponential,2.0,global,300,True,0.5066666666666667,0.5066666666666667,False,0.5,137,6.494857278552072
Fuzzy,02c0,additive,positive,slow,exponential,2.0,or,300,True,0.5433333333333333,0.5066666666666667,False,0.18425415680535476,137,6.494857278552072
Fuzzy,02c0,additive,positive,slow,exponential,2.0,max,300,True,0.5266666666666666,0.5,False,0.2567396688851043,138,6.494857278552072
Fuzzy,02c0,additive,positive,slow,exponential,2.0,weighted_0.25,300,True,0.51,0.5,False,0.40324322828387876,137,6.494857278552072
Fuzzy,02c0,additive,positive,slow,exponential,2.0,weighted_0.5,300,True,0.5433333333333333,0.49333333333333335,False,0.11018045417076408,137,6.494857278552072
Fuzzy,02c0,additive,positive,slow,exponential,2.0,weighted_0.75,300,True,0.56,0.49,True,0.043008760613049445,115,6.494857278552072
Fuzzy,02c0,additive,positive,fast,exponential,3.0,pird,300,True,0.9166666666666666,0.12666666666666668,True,7.0261667759486935e-84,25,12.434382377443871
Fuzzy,02c0,additive,positive,fast,exponential,3.0,global,300,True,0.5066666666666667,0.5066666666666667,False,0.5,137,12.434382377443871
Fuzzy,02c0,additive,positive,fast,exponential,3.0,or,300,True,0.9166666666666666,0.5066666666666667,True,7.400510306770507e-29,25,12.434382377443871
Fuzzy,02c0,additive,positive,fast,exponential,3.0,max,300,True,0.82,0.5,True,6.50943397510276e-17,54,12.434382377443871
Fuzzy,02c0,additive,positive,fast,exponential,3.0,weighted_0.25,300,True,0.5733333333333334,0.5,True,0.03584024452861927,35,12.434382377443871
Fuzzy,02c0,additive,positive,fast,exponential,3.0,weighted_0.5,300,True,0.8733333333333333,0.49333333333333335,True,7.2536030577544e-24,25,12.434382377443871
Fuzzy,02c0,additive,positive,fast,exponential,3.0,weighted_0.75,300,True,0.9233333333333333,0.49,True,1.0591548046115194e-31,23,12.434382377443871
Fuzzy,02c0,additive,positive,medium,exponential,3.0,pird,300,True,0.8333333333333334,0.12666666666666668,True,1.5612234727122598e-67,50,12.434382377443871
Fuzzy,02c0,additive,positive,medium,exponential,3.0,global,300,True,0.5066666666666667,0.5066666666666667,False,0.5,137,12.434382377443871
Fuzzy,02c0,additive,positive,medium,exponential,3.0,or,300,True,0.8333333333333334,0.5066666666666667,True,8.805318061005729e-18,50,12.434382377443871
Fuzzy,02c0,additive,positive,medium,exponential,3.0,max,300,True,0.64,0.5,True,0.00026670249223612177,108,12.434382377443871
Fuzzy,02c0,additive,positive,medium,exponential,3.0,weighted_0.25,300,True,0.5166666666666667,0.5,False,0.34152488320657537,137,12.434382377443871
Fuzzy,02c0,additive,positive,medium,exponential,3.0,weighted_0.5,300,True,0.7133333333333334,0.49333333333333335,True,1.8169079196069533e-08,35,12.434382377443871
Fuzzy,02c0,additive,positive,medium,exponential,3.0,weighted_0.75,300,True,0.8533333333333334,0.49,True,1.323455393232378e-21,35,12.434382377443871
Fuzzy,02c0,additive,positive,slow,exponential,3.0,pird,300,True,0.6666666666666666,0.12666666666666668,True,6.031890704305532e-42,100,10.287761265989202
Fuzzy,02c0,additive,positive,slow,exponential,3.0,global,300,True,0.5066666666666667,0.5066666666666667,False,0.5,137,10.287761265989202
Fuzzy,02c0,additive,positive,slow,exponential,3.0,or,300,True,0.6666666666666666,0.5066666666666667,True,3.454191781851373e-05,100,10.287761265989202
Fuzzy,02c0,additive,positive,slow,exponential,3.0,max,300,True,0.54,0.5,False,0.1633997838344828,138,10.287761265989202
Fuzzy,02c0,additive,positive,slow,exponential,3.0,weighted_0.25,300,True,0.5133333333333333,0.5,False,0.37197475744350705,137,10.287761265989202
Fuzzy,02c0,additive,positive,slow,exponential,3.0,weighted_0.5,300,True,0.5433333333333333,0.49333333333333335,False,0.11018045417076408,137,10.287761265989202
Fuzzy,02c0,additive,positive,slow,exponential,3.0,weighted_0.75,300,True,0.7033333333333334,0.49,True,5.018181556209705e-08,65,10.287761265989202
Fuzzy,02c0,additive,negative,fast,exponential,0.25,pird,300,True,0.1,0.12666666666666668,False,0.8485607467694936,153,3.1046111886528807
Fuzzy,02c0,additive,negative,fast,exponential,0.25,global,300,True,0.5066666666666667,0.5066666666666667,False,0.5,137,3.1046111886528807
Fuzzy,02c0,additive,negative,fast,exponential,0.25,or,300,True,0.5066666666666667,0.5066666666666667,False,0.5,137,3.1046111886528807
Fuzzy,02c0,additive,negative,fast,exponential,0.25,max,300,True,0.5,0.5,False,0.5,138,3.1046111886528807
Fuzzy,02c0,additive,negative,fast,exponential,0.25,weighted_0.25,300,True,0.5,0.5,False,0.5,138,3.1046111886528807
Fuzzy,02c0,additive,negative,fast,exponential,0.25,weighted_0.5,300,True,0.5,0.49333333333333335,False,0.43513995755687523,138,3.1046111886528807
Fuzzy,02c0,additive,negative,fast,exponential,0.25,weighted_0.75,300,True,0.5,0.49,False,0.40324322828387876,138,3.1046111886528807
Fuzzy,02c0,additive,negative,medium,exponential,0.25,pird,300,True,0.1,0.12666666666666668,False,0.8485607467694936,153,3.1046111886528807
Fuzzy,02c0,additive,negative,medium,exponential,0.25,global,300,True,0.5066666666666667,0.5066666666666667,False,0.5,137,3.1046111886528807
Fuzzy,02c0,additive,negative,medium,exponential,0.25,or,300,True,0.5066666666666667,0.5066666666666667,False,0.5,137,3.1046111886528807
Fuzzy,02c0,additive,negative,medium,exponential,0.25,max,300,True,0.5,0.5,False,0.5,138,3.1046111886528807
Fuzzy,02c0,additive,negative,medium,exponential,0.25,weighted_0.25,300,True,0.5,0.5,False,0.5,138,3.1046111886528807
Fuzzy,02c0,additive,negative,medium,exponential,0.25,weighted_0.5,300,True,0.5,0.49333333333333335,False,0.43513995755687523,138,3.1046111886528807
Fuzzy,02c0,additive,negative,medium,exponential,0.25,weighted_0.75,300,True,0.5,0.49,False,0.40324322828387876,138,3.1046111886528807
Fuzzy,02c0,additive,negative,slow,exponential,0.25,pird,300,True,0.11,0.12666666666666668,False,0.7362930306305568,153,3.23964205991556
Fuzzy,02c0,additive,negative,slow,exponential,0.25,global,300,True,0.5066666666666667,0.5066666666666667,False,0.5,137,3.23964205991556
Fuzzy,02c0,additive,negative,slow,exponential,0.25,or,300,True,0.5066666666666667,0.5066666666666667,False,0.5,137,3.23964205991556
Fuzzy,02c0,additive,negative,slow,exponential,0.25,max,300,True,0.5,0.5,False,0.5,138,3.23964205991556
Fuzzy,02c0,additive,negative,slow,exponential,0.25,weighted_0.25,300,True,0.5,0.5,False,0.5,138,3.23964205991556
Fuzzy,02c0,additive,negative,slow,exponential,0.25,weighted_0.5,300,True,0.5,0.49333333333333335,False,0.43513995755687523,138,3.23964205991556
Fuzzy,02c0,additive,negative,slow,exponential,0.25,weighted_0.75,300,True,0.49,0.49,False,0.5,139,3.23964205991556
Fuzzy,02c0,additive,negative,fast,exponential,0.5,pird,300,True,0.03333333333333333,0.12666666666666668,False,0.9999874280911714,153,3.015256923483506
Fuzzy,02c0,additive,negative,fast,exponential,0.5,global,300,True,0.5066666666666667,0.5066666666666667,False,0.5,137,3.015256923483506
Fuzzy,02c0,additive,negative,fast,exponential,0.5,or,300,True,0.5066666666666667,0.5066666666666667,False,0.5,137,3.015256923483506
Fuzzy,02c0,additive,negative,fast,exponential,0.5,max,300,True,0.5,0.5,False,0.5,138,3.015256923483506
Fuzzy,02c0,additive,negative,fast,exponential,0.5,weighted_0.25,300,True,0.5,0.5,False,0.5,138,3.015256923483506
Fuzzy,02c0,additive,negative,fast,exponential,0.5,weighted_0.5,300,True,0.5033333333333333,0.49333333333333335,False,0.4032474434025619,137,3.015256923483506
Fuzzy,02c0,additive,negative,fast,exponential,0.5,weighted_0.75,300,True,0.5166666666666667,0.49,False,0.25680987821590867,65,3.015256923483506
Fuzzy,02c0,additive,negative,medium,exponential,0.5,pird,300,True,0.03333333333333333,0.12666666666666668,False,0.9999874280911714,153,3.015256923483506
Fuzzy,02c0,additive,negative,medium,exponential,0.5,global,300,True,0.5066666666666667,0.5066666666666667,False,0.5,137,3.015256923483506
Fuzzy,02c0,additive,negative,medium,exponential,0.5,or,300,True,0.5066666666666667,0.5066666666666667,False,0.5,137,3.015256923483506
Fuzzy,02c0,additive,negative,medium,exponential,0.5,max,300,True,0.5,0.5,False,0.5,138,3.015256923483506
Fuzzy,02c0,additive,negative,medium,exponential,0.5,weighted_0.25,300,True,0.5,0.5,False,0.5,138,3.015256923483506
Fuzzy,02c0,additive,negative,medium,exponential,0.5,weighted_0.5,300,True,0.5033333333333333,0.49333333333333335,False,0.4032474434025619,137,3.015256923483506
Fuzzy,02c0,additive,negative,medium,exponential,0.5,weighted_0.75,300,True,0.51,0.49,False,0.3121030573832029,137,3.015256923483506
Fuzzy,02c0,additive,negative,slow,exponential,0.5,pird,300,True,0.10333333333333333,0.12666666666666668,False,0.8148151372883541,153,3.146684322826024
Fuzzy,02c0,additive,negative,slow,exponential,0.5,global,300,True,0.5066666666666667,0.5066666666666667,False,0.5,137,3.146684322826024
Fuzzy,02c0,additive,negative,slow,exponential,0.5,or,300,True,0.5066666666666667,0.5066666666666667,False,0.5,137,3.146684322826024
Fuzzy,02c0,additive,negative,slow,exponential,0.5,max,300,True,0.5,0.5,False,0.5,138,3.146684322826024
Fuzzy,02c0,additive,negative,slow,exponential,0.5,weighted_0.25,300,True,0.5,0.5,False,0.5,138,3.146684322826024
Fuzzy,02c0,additive,negative,slow,exponential,0.5,weighted_0.5,300,True,0.5,0.49333333333333335,False,0.43513995755687523,138,3.146684322826024
Fuzzy,02c0,additive,negative,slow,exponential,0.5,weighted_0.75,300,True,0.5,0.49,False,0.40324322828387876,138,3.146684322826024
Fuzzy,02c0,additive,negative,fast,exponential,0.75,pird,300,True,0.02666666666666667,0.12666666666666668,False,0.9999979201011355,153,3.0303799433520466
Fuzzy,02c0,additive,negative,fast,exponential,0.75,global,300,True,0.5066666666666667,0.5066666666666667,False,0.5,137,3.0303799433520466
Fuzzy,02c0,additive,negative,fast,exponential,0.75,or,300,True,0.5066666666666667,0.5066666666666667,False,0.5,137,3.0303799433520466
Fuzzy,02c0,additive,negative,fast,exponential,0.75,max,300,True,0.5,0.5,False,0.5,138,3.0303799433520466
Fuzzy,02c0,additive,negative,fast,exponential,0.75,weighted_0.25,300,True,0.5,0.5,False,0.5,138,3.0303799433520466
Fuzzy,02c0,additive,negative,fast,exponential,0.75,weighted_0.5,300,True,0.5066666666666667,0.49333333333333335,False,0.3719857390375282,137,3.0303799433520466
Fuzzy,02c0,additive,negative,fast,exponential,0.75,weighted_0.75,300,True,0.5333333333333333,0.49,False,0.14417808849029654,35,3.0303799433520466
Fuzzy,02c0,additive,negative,medium,exponential,0.75,pird,300,True,0.02666666666666667,0.12666666666666668,False,0.9999979201011355,153,3.0303799433520466
Fuzzy,02c0,additive,negative,medium,exponential,0.75,global,300,True,0.5066666666666667,0.5066666666666667,False,0.5,137,3.0303799433520466
Fuzzy,02c0,additive,negative,medium,exponential,0.75,or,300,True,0.5066666666666667,0.5066666666666667,False,0.5,137,3.0303799433520466
Fuzzy,02c0,additive,negative,medium,exponential,0.75,max,300,True,0.5,0.5,False,0.5,138,3.0303799433520466
Fuzzy,02c0,additive,negative,medium,exponential,0.75,weighted_0.25,300,True,0.5,0.5,False,0.5,138,3.0303799433520466
Fuzzy,02c0,additive,negative,medium,exponential,0.75,weighted_0.5,300,True,0.5066666666666667,0.49333333333333335,False,0.3719857390375282,137,3.0303799433520466
Fuzzy,02c0,additive,negative,medium,exponential,0.75,weighted_0.75,300,True,0.5166666666666667,0.49,False,0.25680987821590867,75,3.0303799433520466
Fuzzy,02c0,additive,negative,slow,exponential,0.75,pird,300,True,0.06666666666666667,0.12666666666666668,False,0.993554447385134,153,3.078641913729313
Fuzzy,02c0,additive,negative,slow,exponential,0.75,global,300,True,0.5066666666666667,0.5066666666666667,False,0.5,137,3.078641913729313
Fuzzy,02c0,additive,negative,slow,exponential,0.75,or,300,True,0.5066666666666667,0.5066666666666667,False,0.5,137,3.078641913729313
Fuzzy,02c0,additive,negative,slow,exponential,0.75,max,300,True,0.5,0.5,False,0.5,138,3.078641913729313
Fuzzy,02c0,additive,negative,slow,exponential,0.75,weighted_0.25,300,True,0.5,0.5,False,0.5,138,3.078641913729313
Fuzzy,02c0,additive,negative,slow,exponential,0.75,weighted_0.5,300,True,0.5,0.49333333333333335,False,0.43513995755687523,138,3.078641913729313
Fuzzy,02c0,additive,negative,slow,exponential,0.75,weighted_0.75,300,True,0.5066666666666667,0.49,False,0.3415448666741556,138,3.078641913729313
Fuzzy,02c0,additive,negative,fast,exponential,1.0,pird,300,True,0.016666666666666666,0.12666666666666668,False,0.9999999120204109,153,3.1683736912816274
Fuzzy,02c0,additive,negative,fast,exponential,1.0,global,300,True,0.5066666666666667,0.5066666666666667,False,0.5,137,3.1683736912816274
Fuzzy,02c0,additive,negative,fast,exponential,1.0,or,300,True,0.5066666666666667,0.5066666666666667,False,0.5,137,3.1683736912816274
Fuzzy,02c0,additive,negative,fast,exponential,1.0,max,300,True,0.5,0.5,False,0.5,138,3.1683736912816274
Fuzzy,02c0,additive,negative,fast,exponential,1.0,weighted_0.25,300,True,0.5,0.5,False,0.5,138,3.1683736912816274
Fuzzy,02c0,additive,negative,fast,exponential,1.0,weighted_0.5,300,True,0.51,0.49333333333333335,False,0.34154486667415607,75,3.1683736912816274
Fuzzy,02c0,additive,negative,fast,exponential,1.0,weighted_0.75,300,True,0.5633333333333334,0.49,True,0.03602099472301392,35,3.1683736912816274
Fuzzy,02c0,additive,negative,medium,exponential,1.0,pird,300,True,0.016666666666666666,0.12666666666666668,False,0.9999999120204109,153,3.1683736912816274
Fuzzy,02c0,additive,negative,medium,exponential,1.0,global,300,True,0.5066666666666667,0.5066666666666667,False,0.5,137,3.1683736912816274
Fuzzy,02c0,additive,negative,medium,exponential,1.0,or,300,True,0.5066666666666667,0.5066666666666667,False,0.5,137,3.1683736912816274
Fuzzy,02c0,additive,negative,medium,exponential,1.0,max,300,True,0.5,0.5,False,0.5,138,3.1683736912816274
Fuzzy,02c0,additive,negative,medium,exponential,1.0,weighted_0.25,300,True,0.5,0.5,False,0.5,138,3.1683736912816274
Fuzzy,02c0,additive,negative,medium,exponential,1.0,weighted_0.5,300,True,0.5066666666666667,0.49333333333333335,False,0.3719857390375282,137,3.1683736912816274
Fuzzy,02c0,additive,negative,medium,exponential,1.0,weighted_0.75,300,True,0.5233333333333333,0.49,False,0.20708734036222182,65,3.1683736912816274
Fuzzy,02c0,additive,negative,slow,exponential,1.0,pird,300,True,0.04,0.12666666666666668,False,0.9999385966380321,153,3.0371898348192468
Fuzzy,02c0,additive,negative,slow,exponential,1.0,global,300,True,0.5066666666666667,0.5066666666666667,False,0.5,137,3.0371898348192468
Fuzzy,02c0,additive,negative,slow,exponential,1.0,or,300,True,0.5066666666666667,0.5066666666666667,False,0.5,137,3.0371898348192468
Fuzzy,02c0,additive,negative,slow,exponential,1.0,max,300,True,0.5,0.5,False,0.5,138,3.0371898348192468
Fuzzy,02c0,additive,negative,slow,exponential,1.0,weighted_0.25,300,True,0.5,0.5,False,0.5,138,3.0371898348192468
Fuzzy,02c0,additive,negative,slow,exponential,1.0,weighted_0.5,300,True,0.5033333333333333,0.49333333333333335,False,0.4032474434025619,138,3.0371898348192468
Fuzzy,02c0,additive,negative,slow,exponential,1.0,weighted_0.75,300,True,0.51,0.49,False,0.3121030573832029,137,3.0371898348192468
Fuzzy,02c0,additive,negative,fast,exponential,1.5,pird,300,True,0.01,0.12666666666666668,False,0.9999999925621325,153,3.581031352493556
Fuzzy,02c0,additive,negative,fast,exponential,1.5,global,300,True,0.5066666666666667,0.5066666666666667,False,0.5,137,3.581031352493556
Fuzzy,02c0,additive,negative,fast,exponential,1.5,or,300,True,0.5066666666666667,0.5066666666666667,False,0.5,137,3.581031352493556
Fuzzy,02c0,additive,negative,fast,exponential,1.5,max,300,True,0.5,0.5,False,0.5,138,3.581031352493556
Fuzzy,02c0,additive,negative,fast,exponential,1.5,weighted_0.25,300,True,0.5033333333333333,0.5,False,0.4674624754578747,137,3.581031352493556
Fuzzy,02c0,additive,negative,fast,exponential,1.5,weighted_0.5,300,True,0.5133333333333333,0.49333333333333335,False,0.31209920525126433,75,3.581031352493556
Fuzzy,02c0,additive,negative,fast,exponential,1.5,weighted_0.75,300,True,0.6233333333333333,0.49,True,0.0005060067667816763,25,3.581031352493556
Fuzzy,02c0,additive,negative,medium,exponential,1.5,pird,300,True,0.01,0.12666666666666668,False,0.9999999925621325,153,3.581031352493556
Fuzzy,02c0,additive,negative,medium,exponential,1.5,global,300,True,0.5066666666666667,0.5066666666666667,False,0.5,137,3.581031352493556
Fuzzy,02c0,additive,negative,medium,exponential,1.5,or,300,True,0.5066666666666667,0.5066666666666667,False,0.5,137,3.581031352493556
Fuzzy,02c0,additive,negative,medium,exponential,1.5,max,300,True,0.5,0.5,False,0.5,138,3.581031352493556
Fuzzy,02c0,additive,negative,medium,exponential,1.5,weighted_0.25,300,True,0.5,0.5,False,0.5,138,3.581031352493556
Fuzzy,02c0,additive,negative,medium,exponential,1.5,weighted_0.5,300,True,0.51,0.49333333333333335,False,0.34154486667415607,137,3.581031352493556
Fuzzy,02c0,additive,negative,medium,exponential,1.5,weighted_0.75,300,True,0.5433333333333333,0.49,False,0.09558582545798215,35,3.581031352493556
Fuzzy,02c0,additive,negative,slow,exponential,1.5,pird,300,True,0.02666666666666667,0.12666666666666668,False,0.9999979201011355,153,3.2469066023312747
Fuzzy,02c0,additive,negative,slow,exponential,1.5,global,300,True,0.5066666666666667,0.5066666666666667,False,0.5,137,3.2469066023312747
Fuzzy,02c0,additive,negative,slow,exponential,1.5,or,300,True,0.5066666666666667,0.5066666666666667,False,0.5,137,3.2469066023312747
Fuzzy,02c0,additive,negative,slow,exponential,1.5,max,300,True,0.5,0.5,False,0.5,138,3.2469066023312747
Fuzzy,02c0,additive,negative,slow,exponential,1.5,weighted_0.25,300,True,0.5,0.5,False,0.5,138,3.2469066023312747
Fuzzy,02c0,additive,negative,slow,exponential,1.5,weighted_0.5,300,True,0.5066666666666667,0.49333333333333335,False,0.3719857390375282,137,3.2469066023312747
Fuzzy,02c0,additive,negative,slow,exponential,1.5,weighted_0.75,300,True,0.5166666666666667,0.49,False,0.25680987821590867,137,3.2469066023312747
Fuzzy,02c0,additive,negative,fast,exponential,2.0,pird,300,True,0.7933333333333333,0.12666666666666668,True,1.2764744623675342e-60,62,4.350801148389271
Fuzzy,02c0,additive,negative,fast,exponential,2.0,global,300,True,0.5033333333333333,0.5066666666666667,False,0.5325389675555868,137,4.350801148389271
Fuzzy,02c0,additive,negative,fast,exponential,2.0,or,300,True,0.7933333333333333,0.5066666666666667,True,9.132318181412067e-14,62,4.350801148389271
Fuzzy,02c0,additive,negative,fast,exponential,2.0,max,300,True,0.5,0.5,False,0.5,138,4.350801148389271
Fuzzy,02c0,additive,negative,fast,exponential,2.0,weighted_0.25,300,True,0.5033333333333333,0.5,False,0.4674624754578747,137,4.350801148389271
Fuzzy,02c0,additive,negative,fast,exponential,2.0,weighted_0.5,300,True,0.53,0.49333333333333335,False,0.18448861063006775,35,4.350801148389271
Fuzzy,02c0,additive,negative,fast,exponential,2.0,weighted_0.75,300,True,0.8033333333333333,0.49,True,4.94453779580474e-16,25,4.350801148389271
Fuzzy,02c0,additive,negative,medium,exponential,2.0,pird,300,True,0.5266666666666666,0.12666666666666668,True,7.664829571855302e-26,142,4.219247004724491
Fuzzy,02c0,additive,negative,medium,exponential,2.0,global,300,True,0.5033333333333333,0.5066666666666667,False,0.5325389675555868,137,4.219247004724491
Fuzzy,02c0,additive,negative,medium,exponential,2.0,or,300,True,0.5433333333333333,0.5066666666666667,False,0.18425415680535476,137,4.219247004724491
Fuzzy,02c0,additive,negative,medium,exponential,2.0,max,300,True,0.5,0.5,False,0.5,138,4.219247004724491
Fuzzy,02c0,additive,negative,medium,exponential,2.0,weighted_0.25,300,True,0.5033333333333333,0.5,False,0.4674624754578747,137,4.219247004724491
Fuzzy,02c0,additive,negative,medium,exponential,2.0,weighted_0.5,300,True,0.5133333333333333,0.49333333333333335,False,0.31209920525126433,137,4.219247004724491
Fuzzy,02c0,additive,negative,medium,exponential,2.0,weighted_0.75,300,True,0.5833333333333334,0.49,True,0.010942362862403278,35,4.219247004724491
Fuzzy,02c0,additive,negative,slow,exponential,2.0,pird,300,True,0.06666666666666667,0.12666666666666668,False,0.993554447385134,153,4.118695130205207
Fuzzy,02c0,additive,negative,slow,exponential,2.0,global,300,True,0.5066666666666667,0.5066666666666667,False,0.5,137,4.118695130205207
Fuzzy,02c0,additive,negative,slow,exponential,2.0,or,300,True,0.5333333333333333,0.5066666666666667,False,0.2566459626516453,137,4.118695130205207
Fuzzy,02c0,additive,negative,slow,exponential,2.0,max,300,True,0.5,0.5,False,0.5,138,4.118695130205207
Fuzzy,02c0,additive,negative,slow,exponential,2.0,weighted_0.25,300,True,0.5,0.5,False,0.5,138,4.118695130205207
Fuzzy,02c0,additive,negative,slow,exponential,2.0,weighted_0.5,300,True,0.5066666666666667,0.49333333333333335,False,0.3719857390375282,137,4.118695130205207
Fuzzy,02c0,additive,negative,slow,exponential,2.0,weighted_0.75,300,True,0.5266666666666666,0.49,False,0.18452054263939027,75,4.118695130205207
Fuzzy,02c0,additive,negative,fast,exponential,3.0,pird,300,True,0.8333333333333334,0.12666666666666668,True,1.5612234727122598e-67,50,7.8374397359734935
Fuzzy,02c0,additive,negative,fast,exponential,3.0,global,300,True,0.5033333333333333,0.5066666666666667,False,0.5325389675555868,137,7.8374397359734935
Fuzzy,02c0,additive,negative,fast,exponential,3.0,or,300,True,0.8333333333333334,0.5066666666666667,True,8.805318061005729e-18,50,7.8374397359734935
Fuzzy,02c0,additive,negative,fast,exponential,3.0,max,300,True,0.5,0.5,False,0.5,138,7.8374397359734935
Fuzzy,02c0,additive,negative,fast,exponential,3.0,weighted_0.25,300,True,0.5133333333333333,0.5,False,0.37197475744350705,75,7.8374397359734935
Fuzzy,02c0,additive,negative,fast,exponential,3.0,weighted_0.5,300,True,0.63,0.49333333333333335,True,0.0003712424418620568,25,7.8374397359734935
Fuzzy,02c0,additive,negative,fast,exponential,3.0,weighted_0.75,300,True,0.8566666666666667,0.49,True,5.081133018599232e-22,25,7.8374397359734935
Fuzzy,02c0,additive,negative,medium,exponential,3.0,pird,300,True,0.6566666666666666,0.12666666666666668,True,1.1857696558031777e-40,103,7.659853382751322
Fuzzy,02c0,additive,negative,medium,exponential,3.0,global,300,True,0.5033333333333333,0.5066666666666667,False,0.5325389675555868,137,7.659853382751322
Fuzzy,02c0,additive,negative,medium,exponential,3.0,or,300,True,0.6566666666666666,0.5066666666666667,True,9.794923531658598e-05,103,7.659853382751322
Fuzzy,02c0,additive,negative,medium,exponential,3.0,max,300,True,0.5,0.5,False,0.5,138,7.659853382751322
Fuzzy,02c0,additive,negative,medium,exponential,3.0,weighted_0.25,300,True,0.51,0.5,False,0.40324322828387876,137,7.659853382751322
Fuzzy,02c0,additive,negative,medium,exponential,3.0,weighted_0.5,300,True,0.53,0.49333333333333335,False,0.18448861063006775,75,7.659853382751322
Fuzzy,02c0,additive,negative,medium,exponential,3.0,weighted_0.75,300,True,0.7066666666666667,0.49,True,3.099908480111811e-08,25,7.659853382751322
Fuzzy,02c0,additive,negative,slow,exponential,3.0,pird,300,True,0.29,0.12666666666666668,True,4.2024720165572074e-07,153,7.656214999279614
Fuzzy,02c0,additive,negative,slow,exponential,3.0,global,300,True,0.5033333333333333,0.5066666666666667,False,0.5325389675555868,137,7.656214999279614
Fuzzy,02c0,additive,negative,slow,exponential,3.0,or,300,True,0.5433333333333333,0.5066666666666667,False,0.18425415680535476,137,7.656214999279614
Fuzzy,02c0,additive,negative,slow,exponential,3.0,max,300,True,0.5,0.5,False,0.5,138,7.656214999279614
Fuzzy,02c0,additive,negative,slow,exponential,3.0,weighted_0.25,300,True,0.5,0.5,False,0.5,138,7.656214999279614
Fuzzy,02c0,additive,negative,slow,exponential,3.0,weighted_0.5,300,True,0.5133333333333333,0.49333333333333335,False,0.31209920525126433,137,7.656214999279614
Fuzzy,02c0,additive,negative,slow,exponential,3.0,weighted_0.75,300,True,0.5566666666666666,0.49,False,0.051048193531062,35,7.656214999279614
Fuzzy,02c0,mean_shift,positive,fast,exponential,0.25,pird,300,False,0.0,0.12666666666666668,False,0.9999999999051221,-1,1.367405823937746
Fuzzy,02c0,mean_shift,positive,fast,exponential,0.25,global,300,True,0.5066666666666667,0.5066666666666667,False,0.5,137,1.367405823937746
Fuzzy,02c0,mean_shift,positive,fast,exponential,0.25,or,300,True,0.5066666666666667,0.5066666666666667,False,0.5,137,1.367405823937746
Fuzzy,02c0,mean_shift,positive,fast,exponential,0.25,max,300,True,0.5,0.5,False,0.5,138,1.367405823937746
Fuzzy,02c0,mean_shift,positive,fast,exponential,0.25,weighted_0.25,300,True,0.5033333333333333,0.5,False,0.4674624754578747,137,1.367405823937746
Fuzzy,02c0,mean_shift,positive,fast,exponential,0.25,weighted_0.5,300,True,0.5166666666666667,0.49333333333333335,False,0.28380456625686734,35,1.367405823937746
Fuzzy,02c0,mean_shift,positive,fast,exponential,0.25,weighted_0.75,300,True,0.5933333333333334,0.49,True,0.005543033588168253,10,1.367405823937746
Fuzzy,02c0,mean_shift,positive,medium,exponential,0.25,pird,300,False,0.0,0.12666666666666668,False,0.9999999999051221,-1,1.367405823937746
Fuzzy,02c0,mean_shift,positive,medium,exponential,0.25,global,300,True,0.5066666666666667,0.5066666666666667,False,0.5,137,1.367405823937746
Fuzzy,02c0,mean_shift,positive,medium,exponential,0.25,or,300,True,0.5066666666666667,0.5066666666666667,False,0.5,137,1.367405823937746
Fuzzy,02c0,mean_shift,positive,medium,exponential,0.25,max,300,True,0.5,0.5,False,0.5,138,1.367405823937746
Fuzzy,02c0,mean_shift,positive,medium,exponential,0.25,weighted_0.25,300,True,0.5033333333333333,0.5,False,0.4674624754578747,137,1.367405823937746
Fuzzy,02c0,mean_shift,positive,medium,exponential,0.25,weighted_0.5,300,True,0.51,0.49333333333333335,False,0.34154486667415607,137,1.367405823937746
Fuzzy,02c0,mean_shift,positive,medium,exponential,0.25,weighted_0.75,300,True,0.57,0.49,True,0.024815615868536606,25,1.367405823937746
Fuzzy,02c0,mean_shift,positive,slow,exponential,0.25,pird,300,False,0.0,0.12666666666666668,False,0.9999999999051221,-1,1.367405823937746
Fuzzy,02c0,mean_shift,positive,slow,exponential,0.25,global,300,True,0.5066666666666667,0.5066666666666667,False,0.5,137,1.367405823937746
Fuzzy,02c0,mean_shift,positive,slow,exponential,0.25,or,300,True,0.5066666666666667,0.5066666666666667,False,0.5,137,1.367405823937746
Fuzzy,02c0,mean_shift,positive,slow,exponential,0.25,max,300,True,0.5,0.5,False,0.5,138,1.367405823937746
Fuzzy,02c0,mean_shift,positive,slow,exponential,0.25,weighted_0.25,300,True,0.5,0.5,False,0.5,138,1.367405823937746
Fuzzy,02c0,mean_shift,positive,slow,exponential,0.25,weighted_0.5,300,True,0.5066666666666667,0.49333333333333335,False,0.3719857390375282,137,1.367405823937746
Fuzzy,02c0,mean_shift,positive,slow,exponential,0.25,weighted_0.75,300,True,0.5366666666666666,0.49,False,0.12641514061204542,10,1.367405823937746
Fuzzy,02c0,mean_shift,positive,fast,exponential,0.5,pird,300,True,0.8133333333333334,0.12666666666666668,True,5.229151003847927e-64,56,1.5978758723771638
Fuzzy,02c0,mean_shift,positive,fast,exponential,0.5,global,300,True,0.5066666666666667,0.5066666666666667,False,0.5,137,1.5978758723771638
Fuzzy,02c0,mean_shift,positive,fast,exponential,0.5,or,300,True,0.8133333333333334,0.5066666666666667,True,1.107455864179231e-15,56,1.5978758723771638
Fuzzy,02c0,mean_shift,positive,fast,exponential,0.5,max,300,True,0.5,0.5,False,0.5,138,1.5978758723771638
Fuzzy,02c0,mean_shift,positive,fast,exponential,0.5,weighted_0.25,300,True,0.5066666666666667,0.5,False,0.4351399575568747,137,1.5978758723771638
Fuzzy,02c0,mean_shift,positive,fast,exponential,0.5,weighted_0.5,300,True,0.5333333333333333,0.49333333333333335,False,0.16350740901194183,25,1.5978758723771638
Fuzzy,02c0,mean_shift,positive,fast,exponential,0.5,weighted_0.75,300,True,0.8433333333333334,0.49,True,2.1580752902585432e-20,10,1.5978758723771638
Fuzzy,02c0,mean_shift,positive,medium,exponential,0.5,pird,300,True,0.6266666666666667,0.12666666666666668,True,6.519934202019188e-37,112,1.5978758723771638
Fuzzy,02c0,mean_shift,positive,medium,exponential,0.5,global,300,True,0.5066666666666667,0.5066666666666667,False,0.5,137,1.5978758723771638
Fuzzy,02c0,mean_shift,positive,medium,exponential,0.5,or,300,True,0.6266666666666667,0.5066666666666667,True,0.0015091441529670095,112,1.5978758723771638
Fuzzy,02c0,mean_shift,positive,medium,exponential,0.5,max,300,True,0.5,0.5,False,0.5,138,1.5978758723771638
Fuzzy,02c0,mean_shift,positive,medium,exponential,0.5,weighted_0.25,300,True,0.5066666666666667,0.5,False,0.4351399575568747,137,1.5978758723771638
Fuzzy,02c0,mean_shift,positive,medium,exponential,0.5,weighted_0.5,300,True,0.5166666666666667,0.49333333333333335,False,0.28380456625686734,35,1.5978758723771638
Fuzzy,02c0,mean_shift,positive,medium,exponential,0.5,weighted_0.75,300,True,0.6333333333333333,0.49,True,0.00020162591026844827,10,1.5978758723771638
Fuzzy,02c0,mean_shift,positive,slow,exponential,0.5,pird,300,True,0.25333333333333335,0.12666666666666668,True,3.835169794103352e-05,224,1.5978758723771638
Fuzzy,02c0,mean_shift,positive,slow,exponential,0.5,global,300,True,0.5066666666666667,0.5066666666666667,False,0.5,137,1.5978758723771638
Fuzzy,02c0,mean_shift,positive,slow,exponential,0.5,or,300,True,0.5433333333333333,0.5066666666666667,False,0.18425415680535476,137,1.5978758723771638
Fuzzy,02c0,mean_shift,positive,slow,exponential,0.5,max,300,True,0.5,0.5,False,0.5,138,1.5978758723771638
Fuzzy,02c0,mean_shift,positive,slow,exponential,0.5,weighted_0.25,300,True,0.5,0.5,False,0.5,138,1.5978758723771638
Fuzzy,02c0,mean_shift,positive,slow,exponential,0.5,weighted_0.5,300,True,0.51,0.49333333333333335,False,0.34154486667415607,137,1.5978758723771638
Fuzzy,02c0,mean_shift,positive,slow,exponential,0.5,weighted_0.75,300,True,0.5633333333333334,0.49,True,0.03602099472301392,25,1.5978758723771638
Fuzzy,02c0,mean_shift,positive,fast,exponential,0.75,pird,300,True,0.86,0.12666666666666668,True,1.8472433997433655e-72,42,2.3828201857752327
Fuzzy,02c0,mean_shift,positive,fast,exponential,0.75,global,300,True,0.5066666666666667,0.5066666666666667,False,0.5,137,2.3828201857752327
Fuzzy,02c0,mean_shift,positive,fast,exponential,0.75,or,300,True,0.86,0.5066666666666667,True,6.841015011817735e-21,42,2.3828201857752327
Fuzzy,02c0,mean_shift,positive,fast,exponential,0.75,max,300,True,0.5,0.5,False,0.5,138,2.3828201857752327
Fuzzy,02c0,mean_shift,positive,fast,exponential,0.75,weighted_0.25,300,True,0.5066666666666667,0.5,False,0.4351399575568747,137,2.3828201857752327
Fuzzy,02c0,mean_shift,positive,fast,exponential,0.75,weighted_0.5,300,True,0.5666666666666667,0.49333333333333335,True,0.03596708101085841,25,2.3828201857752327
Fuzzy,02c0,mean_shift,positive,fast,exponential,0.75,weighted_0.75,300,True,0.8966666666666666,0.49,True,1.6950521867796037e-27,10,2.3828201857752327
Fuzzy,02c0,mean_shift,positive,medium,exponential,0.75,pird,300,True,0.7233333333333334,0.12666666666666668,True,9.493643073661798e-50,83,2.3828201857752327
Fuzzy,02c0,mean_shift,positive,medium,exponential,0.75,global,300,True,0.5066666666666667,0.5066666666666667,False,0.5,137,2.3828201857752327
Fuzzy,02c0,mean_shift,positive,medium,exponential,0.75,or,300,True,0.7233333333333334,0.5066666666666667,True,2.4703585228606275e-08,83,2.3828201857752327
Fuzzy,02c0,mean_shift,positive,medium,exponential,0.75,max,300,True,0.5,0.5,False,0.5,138,2.3828201857752327
Fuzzy,02c0,mean_shift,positive,medium,exponential,0.75,weighted_0.25,300,True,0.5066666666666667,0.5,False,0.4351399575568747,137,2.3828201857752327
Fuzzy,02c0,mean_shift,positive,medium,exponential,0.75,weighted_0.5,300,True,0.5233333333333333,0.49333333333333335,False,0.23118527548612922,35,2.3828201857752327
Fuzzy,02c0,mean_shift,positive,medium,exponential,0.75,weighted_0.75,300,True,0.7766666666666666,0.49,True,1.6000908385656252e-13,10,2.3828201857752327
Fuzzy,02c0,mean_shift,positive,slow,exponential,0.75,pird,300,True,0.44666666666666666,0.12666666666666668,True,2.2214042316311853e-18,166,2.3828201857752327
Fuzzy,02c0,mean_shift,positive,slow,exponential,0.75,global,300,True,0.5066666666666667,0.5066666666666667,False,0.5,137,2.3828201857752327
Fuzzy,02c0,mean_shift,positive,slow,exponential,0.75,or,300,True,0.5433333333333333,0.5066666666666667,False,0.18425415680535476,137,2.3828201857752327
Fuzzy,02c0,mean_shift,positive,slow,exponential,0.75,max,300,True,0.5,0.5,False,0.5,138,2.3828201857752327
Fuzzy,02c0,mean_shift,positive,slow,exponential,0.75,weighted_0.25,300,True,0.5066666666666667,0.5,False,0.4351399575568747,137,2.3828201857752327
Fuzzy,02c0,mean_shift,positive,slow,exponential,0.75,weighted_0.5,300,True,0.5133333333333333,0.49333333333333335,False,0.31209920525126433,137,2.3828201857752327
Fuzzy,02c0,mean_shift,positive,slow,exponential,0.75,weighted_0.75,300,True,0.6066666666666667,0.49,True,0.002044684941892992,10,2.3828201857752327
Fuzzy,02c0,mean_shift,positive,fast,exponential,1.0,pird,300,True,0.89,0.12666666666666668,True,2.4581591245742773e-78,33,3.170537283432555
Fuzzy,02c0,mean_shift,positive,fast,exponential,1.0,global,300,True,0.5066666666666667,0.5066666666666667,False,0.5,137,3.170537283432555
Fuzzy,02c0,mean_shift,positive,fast,exponential,1.0,or,300,True,0.89,0.5066666666666667,True,7.362241767000653e-25,33,3.170537283432555
Fuzzy,02c0,mean_shift,positive,fast,exponential,1.0,max,300,True,0.5,0.5,False,0.5,138,3.170537283432555
Fuzzy,02c0,mean_shift,positive,fast,exponential,1.0,weighted_0.25,300,True,0.5066666666666667,0.5,False,0.4351399575568747,137,3.170537283432555
Fuzzy,02c0,mean_shift,positive,fast,exponential,1.0,weighted_0.5,300,True,0.59,0.49333333333333335,True,0.008748245805601813,25,3.170537283432555
Fuzzy,02c0,mean_shift,positive,fast,exponential,1.0,weighted_0.75,300,True,0.9166666666666666,0.49,True,1.3220968063521696e-30,10,3.170537283432555
Fuzzy,02c0,mean_shift,positive,medium,exponential,1.0,pird,300,True,0.78,0.12666666666666668,True,1.9569138987407537e-58,66,3.170537283432555
Fuzzy,02c0,mean_shift,positive,medium,exponential,1.0,global,300,True,0.5066666666666667,0.5066666666666667,False,0.5,137,3.170537283432555
Fuzzy,02c0,mean_shift,positive,medium,exponential,1.0,or,300,True,0.78,0.5066666666666667,True,1.388412005554413e-12,66,3.170537283432555
Fuzzy,02c0,mean_shift,positive,medium,exponential,1.0,max,300,True,0.5,0.5,False,0.5,138,3.170537283432555
Fuzzy,02c0,mean_shift,positive,medium,exponential,1.0,weighted_0.25,300,True,0.5066666666666667,0.5,False,0.4351399575568747,137,3.170537283432555
Fuzzy,02c0,mean_shift,positive,medium,exponential,1.0,weighted_0.5,300,True,0.5466666666666666,0.49333333333333335,False,0.09553150702284738,25,3.170537283432555
Fuzzy,02c0,mean_shift,positive,medium,exponential,1.0,weighted_0.75,300,True,0.8333333333333334,0.49,True,3.13074085362266e-19,10,3.170537283432555
Fuzzy,02c0,mean_shift,positive,slow,exponential,1.0,pird,300,True,0.5566666666666666,0.12666666666666668,True,5.979794368376566e-29,133,3.170537283432555
Fuzzy,02c0,mean_shift,positive,slow,exponential,1.0,global,300,True,0.5066666666666667,0.5066666666666667,False,0.5,137,3.170537283432555
Fuzzy,02c0,mean_shift,positive,slow,exponential,1.0,or,300,True,0.5566666666666666,0.5066666666666667,False,0.109872102824868,133,3.170537283432555
Fuzzy,02c0,mean_shift,positive,slow,exponential,1.0,max,300,True,0.5,0.5,False,0.5,138,3.170537283432555
Fuzzy,02c0,mean_shift,positive,slow,exponential,1.0,weighted_0.25,300,True,0.5066666666666667,0.5,False,0.4351399575568747,137,3.170537283432555
Fuzzy,02c0,mean_shift,positive,slow,exponential,1.0,weighted_0.5,300,True,0.52,0.49333333333333335,False,0.25679584116850573,35,3.170537283432555
Fuzzy,02c0,mean_shift,positive,slow,exponential,1.0,weighted_0.75,300,True,0.61,0.49,True,0.0015674252907265345,10,3.170537283432555
Fuzzy,02c0,mean_shift,positive,fast,exponential,1.5,pird,300,True,0.92,0.12666666666666668,True,1.35271921341112e-84,24,4.748768851237895
Fuzzy,02c0,mean_shift,positive,fast,exponential,1.5,global,300,True,0.5066666666666667,0.5066666666666667,False,0.5,137,4.748768851237895
Fuzzy,02c0,mean_shift,positive,fast,exponential,1.5,or,300,True,0.92,0.5066666666666667,True,2.1651163038287268e-29,24,4.748768851237895
Fuzzy,02c0,mean_shift,positive,fast,exponential,1.5,max,300,True,0.7566666666666667,0.5,True,3.8862396840791574e-11,73,4.748768851237895
Fuzzy,02c0,mean_shift,positive,fast,exponential,1.5,weighted_0.25,300,True,0.5133333333333333,0.5,False,0.37197475744350705,75,4.748768851237895
Fuzzy,02c0,mean_shift,positive,fast,exponential,1.5,weighted_0.5,300,True,0.7866666666666666,0.49333333333333335,True,3.5895804861651646e-14,25,4.748768851237895
Fuzzy,02c0,mean_shift,positive,fast,exponential,1.5,weighted_0.75,300,True,0.9333333333333333,0.49,True,2.0924971371330264e-33,10,4.748768851237895
Fuzzy,02c0,mean_shift,positive,medium,exponential,1.5,pird,300,True,0.84,0.12666666666666668,True,9.697192544723852e-69,48,4.748768851237895
Fuzzy,02c0,mean_shift,positive,medium,exponential,1.5,global,300,True,0.5066666666666667,0.5066666666666667,False,0.5,137,4.748768851237895
Fuzzy,02c0,mean_shift,positive,medium,exponential,1.5,or,300,True,0.84,0.5066666666666667,True,1.5912077573549415e-18,48,4.748768851237895
Fuzzy,02c0,mean_shift,positive,medium,exponential,1.5,max,300,True,0.54,0.5,False,0.1633997838344828,138,4.748768851237895
Fuzzy,02c0,mean_shift,positive,medium,exponential,1.5,weighted_0.25,300,True,0.51,0.5,False,0.40324322828387876,137,4.748768851237895
Fuzzy,02c0,mean_shift,positive,medium,exponential,1.5,weighted_0.5,300,True,0.5833333333333334,0.49333333333333335,True,0.01351624381847197,25,4.748768851237895
Fuzzy,02c0,mean_shift,positive,medium,exponential,1.5,weighted_0.75,300,True,0.8866666666666667,0.49,True,4.8616005769849344e-26,10,4.748768851237895
Fuzzy,02c0,mean_shift,positive,slow,exponential,1.5,pird,300,True,0.6833333333333333,0.12666666666666668,True,3.7196478939786586e-44,95,4.748768851237895
Fuzzy,02c0,mean_shift,positive,slow,exponential,1.5,global,300,True,0.5066666666666667,0.5066666666666667,False,0.5,137,4.748768851237895
Fuzzy,02c0,mean_shift,positive,slow,exponential,1.5,or,300,True,0.6833333333333333,0.5066666666666667,True,5.223161951333038e-06,95,4.748768851237895
Fuzzy,02c0,mean_shift,positive,slow,exponential,1.5,max,300,True,0.52,0.5,False,0.31206837968761514,138,4.748768851237895
Fuzzy,02c0,mean_shift,positive,slow,exponential,1.5,weighted_0.25,300,True,0.5066666666666667,0.5,False,0.4351399575568747,137,4.748768851237895
Fuzzy,02c0,mean_shift,positive,slow,exponential,1.5,weighted_0.5,300,True,0.53,0.49333333333333335,False,0.18448861063006775,35,4.748768851237895
Fuzzy,02c0,mean_shift,positive,slow,exponential,1.5,weighted_0.75,300,True,0.7466666666666667,0.49,True,4.872502412380234e-11,10,4.748768851237895
Fuzzy,02c0,mean_shift,positive,fast,exponential,2.0,pird,300,True,0.9366666666666666,0.12666666666666668,True,2.98498715787728e-88,19,6.328404547283556
Fuzzy,02c0,mean_shift,positive,fast,exponential,2.0,global,300,True,0.5066666666666667,0.5066666666666667,False,0.5,137,6.328404547283556
Fuzzy,02c0,mean_shift,positive,fast,exponential,2.0,or,300,True,0.9366666666666666,0.5066666666666667,True,3.5024711698129655e-32,19,6.328404547283556
Fuzzy,02c0,mean_shift,positive,fast,exponential,2.0,max,300,True,0.7966666666666666,0.5,True,1.377007666976888e-14,61,6.328404547283556
Fuzzy,02c0,mean_shift,positive,fast,exponential,2.0,weighted_0.25,300,True,0.53,0.5,False,0.23111560038284884,35,6.328404547283556
Fuzzy,02c0,mean_shift,positive,fast,exponential,2.0,weighted_0.5,300,True,0.86,0.49333333333333335,True,3.96886324701022e-22,25,6.328404547283556
Fuzzy,02c0,mean_shift,positive,fast,exponential,2.0,weighted_0.75,300,True,0.9533333333333334,0.49,True,4.826225489685203e-37,10,6.328404547283556
Fuzzy,02c0,mean_shift,positive,medium,exponential,2.0,pird,300,True,0.8766666666666667,0.12666666666666668,True,1.1155402457800933e-75,37,6.328404547283556
Fuzzy,02c0,mean_shift,positive,medium,exponential,2.0,global,300,True,0.5066666666666667,0.5066666666666667,False,0.5,137,6.328404547283556
Fuzzy,02c0,mean_shift,positive,medium,exponential,2.0,or,300,True,0.8766666666666667,0.5066666666666667,True,4.963612561206995e-23,37,6.328404547283556
Fuzzy,02c0,mean_shift,positive,medium,exponential,2.0,max,300,True,0.5966666666666667,0.5,True,0.00868027826918387,120,6.328404547283556
Fuzzy,02c0,mean_shift,positive,medium,exponential,2.0,weighted_0.25,300,True,0.5133333333333333,0.5,False,0.37197475744350705,137,6.328404547283556
Fuzzy,02c0,mean_shift,positive,medium,exponential,2.0,weighted_0.5,300,True,0.6733333333333333,0.49333333333333335,True,3.881376373996514e-06,25,6.328404547283556
Fuzzy,02c0,mean_shift,positive,medium,exponential,2.0,weighted_0.75,300,True,0.91,0.49,True,1.5374163821306286e-29,10,6.328404547283556
Fuzzy,02c0,mean_shift,positive,slow,exponential,2.0,pird,300,True,0.7533333333333333,0.12666666666666668,True,3.1377556134019684e-54,74,6.328404547283556
Fuzzy,02c0,mean_shift,positive,slow,exponential,2.0,global,300,True,0.5066666666666667,0.5066666666666667,False,0.5,137,6.328404547283556
Fuzzy,02c0,mean_shift,positive,slow,exponential,2.0,or,300,True,0.7533333333333333,0.5066666666666667,True,1.95886274302126e-10,74,6.328404547283556
Fuzzy,02c0,mean_shift,positive,slow,exponential,2.0,max,300,True,0.5266666666666666,0.5,False,0.2567396688851043,138,6.328404547283556
Fuzzy,02c0,mean_shift,positive,slow,exponential,2.0,weighted_0.25,300,True,0.51,0.5,False,0.40324322828387876,137,6.328404547283556
Fuzzy,02c0,mean_shift,positive,slow,exponential,2.0,weighted_0.5,300,True,0.5566666666666666,0.49333333333333335,False,0.060177372693279704,25,6.328404547283556
Fuzzy,02c0,mean_shift,positive,slow,exponential,2.0,weighted_0.75,300,True,0.8133333333333334,0.49,True,4.720095307812769e-17,10,6.328404547283556
Fuzzy,02c0,mean_shift,positive,fast,exponential,3.0,pird,300,True,0.9566666666666667,0.12666666666666668,True,8.070557177418111e-93,13,10.4232946515332
Fuzzy,02c0,mean_shift,positive,fast,exponential,3.0,global,300,True,0.5066666666666667,0.5066666666666667,False,0.5,137,10.4232946515332
Fuzzy,02c0,mean_shift,positive,fast,exponential,3.0,or,300,True,0.9566666666666667,0.5066666666666667,True,8.08647350487903e-36,13,10.4232946515332
Fuzzy,02c0,mean_shift,positive,fast,exponential,3.0,max,300,True,0.8466666666666667,0.5,True,6.957685685430044e-20,46,10.4232946515332
Fuzzy,02c0,mean_shift,positive,fast,exponential,3.0,weighted_0.25,300,True,0.5833333333333334,0.5,True,0.020262064143252507,35,10.4232946515332
Fuzzy,02c0,mean_shift,positive,fast,exponential,3.0,weighted_0.5,300,True,0.8966666666666666,0.49333333333333335,True,3.711721577482003e-27,25,10.4232946515332
Fuzzy,02c0,mean_shift,positive,fast,exponential,3.0,weighted_0.75,300,True,0.9666666666666667,0.49,True,1.1944306871374236e-39,10,10.4232946515332
Fuzzy,02c0,mean_shift,positive,medium,exponential,3.0,pird,300,True,0.9133333333333333,0.12666666666666668,True,3.606665434933656e-83,26,10.4232946515332
Fuzzy,02c0,mean_shift,positive,medium,exponential,3.0,global,300,True,0.5066666666666667,0.5066666666666667,False,0.5,137,10.4232946515332
Fuzzy,02c0,mean_shift,positive,medium,exponential,3.0,or,300,True,0.9133333333333333,0.5066666666666667,True,2.484253947178702e-28,26,10.4232946515332
Fuzzy,02c0,mean_shift,positive,medium,exponential,3.0,max,300,True,0.7,0.5,True,2.866515718791955e-07,90,10.4232946515332
Fuzzy,02c0,mean_shift,positive,medium,exponential,3.0,weighted_0.25,300,True,0.53,0.5,False,0.23111560038284884,75,10.4232946515332
Fuzzy,02c0,mean_shift,positive,medium,exponential,3.0,weighted_0.5,300,True,0.7766666666666666,0.49333333333333335,True,2.840632903776029e-13,25,10.4232946515332
Fuzzy,02c0,mean_shift,positive,medium,exponential,3.0,weighted_0.75,300,True,0.93,0.49,True,7.886966892522873e-33,10,10.4232946515332
Fuzzy,02c0,mean_shift,positive,slow,exponential,3.0,pird,300,True,0.83,0.12666666666666668,True,6.177547245849679e-67,51,10.4232946515332
Fuzzy,02c0,mean_shift,positive,slow,exponential,3.0,global,300,True,0.5066666666666667,0.5066666666666667,False,0.5,137,10.4232946515332
Fuzzy,02c0,mean_shift,positive,slow,exponential,3.0,or,300,True,0.83,0.5066666666666667,True,2.0323123400703366e-17,51,10.4232946515332
Fuzzy,02c0,mean_shift,positive,slow,exponential,3.0,max,300,True,0.54,0.5,False,0.1633997838344828,138,10.4232946515332
Fuzzy,02c0,mean_shift,positive,slow,exponential,3.0,weighted_0.25,300,True,0.5133333333333333,0.5,False,0.37197475744350705,137,10.4232946515332
Fuzzy,02c0,mean_shift,positive,slow,exponential,3.0,weighted_0.5,300,True,0.5966666666666667,0.49333333333333335,True,0.005519635973586392,25,10.4232946515332
Fuzzy,02c0,mean_shift,positive,slow,exponential,3.0,weighted_0.75,300,True,0.8833333333333333,0.49,True,1.4422915914903868e-25,10,10.4232946515332
Fuzzy,02c0,mean_shift,negative,fast,exponential,0.25,pird,300,False,0.0,0.12666666666666668,False,0.9999999999051221,-1,1.367405823937746
Fuzzy,02c0,mean_shift,negative,fast,exponential,0.25,global,300,True,0.5066666666666667,0.5066666666666667,False,0.5,137,1.367405823937746
Fuzzy,02c0,mean_shift,negative,fast,exponential,0.25,or,300,True,0.5066666666666667,0.5066666666666667,False,0.5,137,1.367405823937746
Fuzzy,02c0,mean_shift,negative,fast,exponential,0.25,max,300,True,0.5,0.5,False,0.5,138,1.367405823937746
Fuzzy,02c0,mean_shift,negative,fast,exponential,0.25,weighted_0.25,300,True,0.5,0.5,False,0.5,138,1.367405823937746
Fuzzy,02c0,mean_shift,negative,fast,exponential,0.25,weighted_0.5,300,True,0.5,0.49333333333333335,False,0.43513995755687523,138,1.367405823937746
Fuzzy,02c0,mean_shift,negative,fast,exponential,0.25,weighted_0.75,300,True,0.49,0.49,False,0.5,139,1.367405823937746
Fuzzy,02c0,mean_shift,negative,medium,exponential,0.25,pird,300,False,0.0,0.12666666666666668,False,0.9999999999051221,-1,1.367405823937746
Fuzzy,02c0,mean_shift,negative,medium,exponential,0.25,global,300,True,0.5066666666666667,0.5066666666666667,False,0.5,137,1.367405823937746
Fuzzy,02c0,mean_shift,negative,medium,exponential,0.25,or,300,True,0.5066666666666667,0.5066666666666667,False,0.5,137,1.367405823937746
Fuzzy,02c0,mean_shift,negative,medium,exponential,0.25,max,300,True,0.5,0.5,False,0.5,138,1.367405823937746
Fuzzy,02c0,mean_shift,negative,medium,exponential,0.25,weighted_0.25,300,True,0.5,0.5,False,0.5,138,1.367405823937746
Fuzzy,02c0,mean_shift,negative,medium,exponential,0.25,weighted_0.5,300,True,0.5,0.49333333333333335,False,0.43513995755687523,138,1.367405823937746
Fuzzy,02c0,mean_shift,negative,medium,exponential,0.25,weighted_0.75,300,True,0.5,0.49,False,0.40324322828387876,25,1.367405823937746
Fuzzy,02c0,mean_shift,negative,slow,exponential,0.25,pird,300,False,0.0,0.12666666666666668,False,0.9999999999051221,-1,1.367405823937746
Fuzzy,02c0,mean_shift,negative,slow,exponential,0.25,global,300,True,0.5066666666666667,0.5066666666666667,False,0.5,137,1.367405823937746
Fuzzy,02c0,mean_shift,negative,slow,exponential,0.25,or,300,True,0.5066666666666667,0.5066666666666667,False,0.5,137,1.367405823937746
Fuzzy,02c0,mean_shift,negative,slow,exponential,0.25,max,300,True,0.5,0.5,False,0.5,138,1.367405823937746
Fuzzy,02c0,mean_shift,negative,slow,exponential,0.25,weighted_0.25,300,True,0.5,0.5,False,0.5,138,1.367405823937746
Fuzzy,02c0,mean_shift,negative,slow,exponential,0.25,weighted_0.5,300,True,0.5033333333333333,0.49333333333333335,False,0.4032474434025619,137,1.367405823937746
Fuzzy,02c0,mean_shift,negative,slow,exponential,0.25,weighted_0.75,300,True,0.51,0.49,False,0.3121030573832029,25,1.367405823937746
Fuzzy,02c0,mean_shift,negative,fast,exponential,0.5,pird,300,False,0.0,0.12666666666666668,False,0.9999999999051221,-1,1.5351602831482325
Fuzzy,02c0,mean_shift,negative,fast,exponential,0.5,global,300,True,0.5066666666666667,0.5066666666666667,False,0.5,137,1.5351602831482325
Fuzzy,02c0,mean_shift,negative,fast,exponential,0.5,or,300,True,0.5066666666666667,0.5066666666666667,False,0.5,137,1.5351602831482325
Fuzzy,02c0,mean_shift,negative,fast,exponential,0.5,max,300,True,0.5,0.5,False,0.5,138,1.5351602831482325
Fuzzy,02c0,mean_shift,negative,fast,exponential,0.5,weighted_0.25,300,True,0.5,0.5,False,0.5,138,1.5351602831482325
Fuzzy,02c0,mean_shift,negative,fast,exponential,0.5,weighted_0.5,300,True,0.5,0.49333333333333335,False,0.43513995755687523,138,1.5351602831482325
Fuzzy,02c0,mean_shift,negative,fast,exponential,0.5,weighted_0.75,300,True,0.5,0.49,False,0.40324322828387876,138,1.5351602831482325
Fuzzy,02c0,mean_shift,negative,medium,exponential,0.5,pird,300,False,0.0,0.12666666666666668,False,0.9999999999051221,-1,1.5351602831482325
Fuzzy,02c0,mean_shift,negative,medium,exponential,0.5,global,300,True,0.5066666666666667,0.5066666666666667,False,0.5,137,1.5351602831482325
Fuzzy,02c0,mean_shift,negative,medium,exponential,0.5,or,300,True,0.5066666666666667,0.5066666666666667,False,0.5,137,1.5351602831482325
Fuzzy,02c0,mean_shift,negative,medium,exponential,0.5,max,300,True,0.5,0.5,False,0.5,138,1.5351602831482325
Fuzzy,02c0,mean_shift,negative,medium,exponential,0.5,weighted_0.25,300,True,0.5,0.5,False,0.5,138,1.5351602831482325
Fuzzy,02c0,mean_shift,negative,medium,exponential,0.5,weighted_0.5,300,True,0.5,0.49333333333333335,False,0.43513995755687523,138,1.5351602831482325
Fuzzy,02c0,mean_shift,negative,medium,exponential,0.5,weighted_0.75,300,True,0.5,0.49,False,0.40324322828387876,25,1.5351602831482325
Fuzzy,02c0,mean_shift,negative,slow,exponential,0.5,pird,300,False,0.0,0.12666666666666668,False,0.9999999999051221,-1,1.5351602831482325
Fuzzy,02c0,mean_shift,negative,slow,exponential,0.5,global,300,True,0.5066666666666667,0.5066666666666667,False,0.5,137,1.5351602831482325
Fuzzy,02c0,mean_shift,negative,slow,exponential,0.5,or,300,True,0.5066666666666667,0.5066666666666667,False,0.5,137,1.5351602831482325
Fuzzy,02c0,mean_shift,negative,slow,exponential,0.5,max,300,True,0.5,0.5,False,0.5,138,1.5351602831482325
Fuzzy,02c0,mean_shift,negative,slow,exponential,0.5,weighted_0.25,300,True,0.5,0.5,False,0.5,138,1.5351602831482325
Fuzzy,02c0,mean_shift,negative,slow,exponential,0.5,weighted_0.5,300,True,0.5,0.49333333333333335,False,0.43513995755687523,138,1.5351602831482325
Fuzzy,02c0,mean_shift,negative,slow,exponential,0.5,weighted_0.75,300,True,0.5,0.49,False,0.40324322828387876,35,1.5351602831482325
Fuzzy,02c0,mean_shift,negative,fast,exponential,0.75,pird,300,False,0.0,0.12666666666666668,False,0.9999999999051221,-1,2.1287456080959837
Fuzzy,02c0,mean_shift,negative,fast,exponential,0.75,global,300,True,0.5066666666666667,0.5066666666666667,False,0.5,137,2.1287456080959837
Fuzzy,02c0,mean_shift,negative,fast,exponential,0.75,or,300,True,0.5066666666666667,0.5066666666666667,False,0.5,137,2.1287456080959837
Fuzzy,02c0,mean_shift,negative,fast,exponential,0.75,max,300,True,0.5,0.5,False,0.5,138,2.1287456080959837
Fuzzy,02c0,mean_shift,negative,fast,exponential,0.75,weighted_0.25,300,True,0.5,0.5,False,0.5,138,2.1287456080959837
Fuzzy,02c0,mean_shift,negative,fast,exponential,0.75,weighted_0.5,300,True,0.5033333333333333,0.49333333333333335,False,0.4032474434025619,137,2.1287456080959837
Fuzzy,02c0,mean_shift,negative,fast,exponential,0.75,weighted_0.75,300,True,0.5066666666666667,0.49,False,0.3415448666741556,137,2.1287456080959837
Fuzzy,02c0,mean_shift,negative,medium,exponential,0.75,pird,300,False,0.0,0.12666666666666668,False,0.9999999999051221,-1,2.1287456080959837
Fuzzy,02c0,mean_shift,negative,medium,exponential,0.75,global,300,True,0.5066666666666667,0.5066666666666667,False,0.5,137,2.1287456080959837
Fuzzy,02c0,mean_shift,negative,medium,exponential,0.75,or,300,True,0.5066666666666667,0.5066666666666667,False,0.5,137,2.1287456080959837
Fuzzy,02c0,mean_shift,negative,medium,exponential,0.75,max,300,True,0.5,0.5,False,0.5,138,2.1287456080959837
Fuzzy,02c0,mean_shift,negative,medium,exponential,0.75,weighted_0.25,300,True,0.5,0.5,False,0.5,138,2.1287456080959837
Fuzzy,02c0,mean_shift,negative,medium,exponential,0.75,weighted_0.5,300,True,0.5033333333333333,0.49333333333333335,False,0.4032474434025619,137,2.1287456080959837
Fuzzy,02c0,mean_shift,negative,medium,exponential,0.75,weighted_0.75,300,True,0.5066666666666667,0.49,False,0.3415448666741556,137,2.1287456080959837
Fuzzy,02c0,mean_shift,negative,slow,exponential,0.75,pird,300,False,0.0,0.12666666666666668,False,0.9999999999051221,-1,2.1287456080959837
Fuzzy,02c0,mean_shift,negative,slow,exponential,0.75,global,300,True,0.5066666666666667,0.5066666666666667,False,0.5,137,2.1287456080959837
Fuzzy,02c0,mean_shift,negative,slow,exponential,0.75,or,300,True,0.5066666666666667,0.5066666666666667,False,0.5,137,2.1287456080959837
Fuzzy,02c0,mean_shift,negative,slow,exponential,0.75,max,300,True,0.5,0.5,False,0.5,138,2.1287456080959837
Fuzzy,02c0,mean_shift,negative,slow,exponential,0.75,weighted_0.25,300,True,0.5,0.5,False,0.5,138,2.1287456080959837
Fuzzy,02c0,mean_shift,negative,slow,exponential,0.75,weighted_0.5,300,True,0.5,0.49333333333333335,False,0.43513995755687523,138,2.1287456080959837
Fuzzy,02c0,mean_shift,negative,slow,exponential,0.75,weighted_0.75,300,True,0.5,0.49,False,0.40324322828387876,25,2.1287456080959837
Fuzzy,02c0,mean_shift,negative,fast,exponential,1.0,pird,300,False,0.0,0.12666666666666668,False,0.9999999999051221,-1,2.6053928034737277
Fuzzy,02c0,mean_shift,negative,fast,exponential,1.0,global,300,True,0.5066666666666667,0.5066666666666667,False,0.5,137,2.6053928034737277
Fuzzy,02c0,mean_shift,negative,fast,exponential,1.0,or,300,True,0.5066666666666667,0.5066666666666667,False,0.5,137,2.6053928034737277
Fuzzy,02c0,mean_shift,negative,fast,exponential,1.0,max,300,True,0.5,0.5,False,0.5,138,2.6053928034737277
Fuzzy,02c0,mean_shift,negative,fast,exponential,1.0,weighted_0.25,300,True,0.5,0.5,False,0.5,138,2.6053928034737277
Fuzzy,02c0,mean_shift,negative,fast,exponential,1.0,weighted_0.5,300,True,0.5066666666666667,0.49333333333333335,False,0.3719857390375282,137,2.6053928034737277
Fuzzy,02c0,mean_shift,negative,fast,exponential,1.0,weighted_0.75,300,True,0.54,0.49,False,0.11023178613147445,65,2.6053928034737277
Fuzzy,02c0,mean_shift,negative,medium,exponential,1.0,pird,300,False,0.0,0.12666666666666668,False,0.9999999999051221,-1,2.6053928034737277
Fuzzy,02c0,mean_shift,negative,medium,exponential,1.0,global,300,True,0.5066666666666667,0.5066666666666667,False,0.5,137,2.6053928034737277
Fuzzy,02c0,mean_shift,negative,medium,exponential,1.0,or,300,True,0.5066666666666667,0.5066666666666667,False,0.5,137,2.6053928034737277
Fuzzy,02c0,mean_shift,negative,medium,exponential,1.0,max,300,True,0.5,0.5,False,0.5,138,2.6053928034737277
Fuzzy,02c0,mean_shift,negative,medium,exponential,1.0,weighted_0.25,300,True,0.5,0.5,False,0.5,138,2.6053928034737277
Fuzzy,02c0,mean_shift,negative,medium,exponential,1.0,weighted_0.5,300,True,0.5066666666666667,0.49333333333333335,False,0.3719857390375282,137,2.6053928034737277
Fuzzy,02c0,mean_shift,negative,medium,exponential,1.0,weighted_0.75,300,True,0.5133333333333333,0.49,False,0.28381317376505394,137,2.6053928034737277
Fuzzy,02c0,mean_shift,negative,slow,exponential,1.0,pird,300,False,0.0,0.12666666666666668,False,0.9999999999051221,-1,2.6053928034737277
Fuzzy,02c0,mean_shift,negative,slow,exponential,1.0,global,300,True,0.5066666666666667,0.5066666666666667,False,0.5,137,2.6053928034737277
Fuzzy,02c0,mean_shift,negative,slow,exponential,1.0,or,300,True,0.5066666666666667,0.5066666666666667,False,0.5,137,2.6053928034737277
Fuzzy,02c0,mean_shift,negative,slow,exponential,1.0,max,300,True,0.5,0.5,False,0.5,138,2.6053928034737277
Fuzzy,02c0,mean_shift,negative,slow,exponential,1.0,weighted_0.25,300,True,0.5,0.5,False,0.5,138,2.6053928034737277
Fuzzy,02c0,mean_shift,negative,slow,exponential,1.0,weighted_0.5,300,True,0.5,0.49333333333333335,False,0.43513995755687523,138,2.6053928034737277
Fuzzy,02c0,mean_shift,negative,slow,exponential,1.0,weighted_0.75,300,True,0.5,0.49,False,0.40324322828387876,25,2.6053928034737277
Fuzzy,02c0,mean_shift,negative,fast,exponential,1.5,pird,300,False,0.0,0.12666666666666668,False,0.9999999999051221,-1,3.4332092400202403
Fuzzy,02c0,mean_shift,negative,fast,exponential,1.5,global,300,True,0.5033333333333333,0.5066666666666667,False,0.5325389675555868,137,3.4332092400202403
Fuzzy,02c0,mean_shift,negative,fast,exponential,1.5,or,300,True,0.5033333333333333,0.5066666666666667,False,0.5325389675555868,137,3.4332092400202403
Fuzzy,02c0,mean_shift,negative,fast,exponential,1.5,max,300,True,0.5,0.5,False,0.5,138,3.4332092400202403
Fuzzy,02c0,mean_shift,negative,fast,exponential,1.5,weighted_0.25,300,True,0.5033333333333333,0.5,False,0.4674624754578747,137,3.4332092400202403
Fuzzy,02c0,mean_shift,negative,fast,exponential,1.5,weighted_0.5,300,True,0.5133333333333333,0.49333333333333335,False,0.31209920525126433,75,3.4332092400202403
Fuzzy,02c0,mean_shift,negative,fast,exponential,1.5,weighted_0.75,300,True,0.58,0.49,True,0.013553905948081011,65,3.4332092400202403
Fuzzy,02c0,mean_shift,negative,medium,exponential,1.5,pird,300,False,0.0,0.12666666666666668,False,0.9999999999051221,-1,3.4332092400202403
Fuzzy,02c0,mean_shift,negative,medium,exponential,1.5,global,300,True,0.5033333333333333,0.5066666666666667,False,0.5325389675555868,137,3.4332092400202403
Fuzzy,02c0,mean_shift,negative,medium,exponential,1.5,or,300,True,0.5033333333333333,0.5066666666666667,False,0.5325389675555868,137,3.4332092400202403
Fuzzy,02c0,mean_shift,negative,medium,exponential,1.5,max,300,True,0.5,0.5,False,0.5,138,3.4332092400202403
Fuzzy,02c0,mean_shift,negative,medium,exponential,1.5,weighted_0.25,300,True,0.5,0.5,False,0.5,138,3.4332092400202403
Fuzzy,02c0,mean_shift,negative,medium,exponential,1.5,weighted_0.5,300,True,0.51,0.49333333333333335,False,0.34154486667415607,137,3.4332092400202403
Fuzzy,02c0,mean_shift,negative,medium,exponential,1.5,weighted_0.75,300,True,0.52,0.49,False,0.23120517286287293,115,3.4332092400202403
Fuzzy,02c0,mean_shift,negative,slow,exponential,1.5,pird,300,False,0.0,0.12666666666666668,False,0.9999999999051221,-1,3.4332092400202403
Fuzzy,02c0,mean_shift,negative,slow,exponential,1.5,global,300,True,0.5066666666666667,0.5066666666666667,False,0.5,137,3.4332092400202403
Fuzzy,02c0,mean_shift,negative,slow,exponential,1.5,or,300,True,0.5066666666666667,0.5066666666666667,False,0.5,137,3.4332092400202403
Fuzzy,02c0,mean_shift,negative,slow,exponential,1.5,max,300,True,0.5,0.5,False,0.5,138,3.4332092400202403
Fuzzy,02c0,mean_shift,negative,slow,exponential,1.5,weighted_0.25,300,True,0.5,0.5,False,0.5,138,3.4332092400202403
Fuzzy,02c0,mean_shift,negative,slow,exponential,1.5,weighted_0.5,300,True,0.5033333333333333,0.49333333333333335,False,0.4032474434025619,138,3.4332092400202403
Fuzzy,02c0,mean_shift,negative,slow,exponential,1.5,weighted_0.75,300,True,0.51,0.49,False,0.3121030573832029,138,3.4332092400202403
Fuzzy,02c0,mean_shift,negative,fast,exponential,2.0,pird,300,True,0.7766666666666666,0.12666666666666668,True,6.74748568390051e-58,67,4.334203654799236
Fuzzy,02c0,mean_shift,negative,fast,exponential,2.0,global,300,True,0.5033333333333333,0.5066666666666667,False,0.5325389675555868,137,4.334203654799236
Fuzzy,02c0,mean_shift,negative,fast,exponential,2.0,or,300,True,0.7766666666666666,0.5066666666666667,True,2.670240916875308e-12,67,4.334203654799236
Fuzzy,02c0,mean_shift,negative,fast,exponential,2.0,max,300,True,0.5,0.5,False,0.5,138,4.334203654799236
Fuzzy,02c0,mean_shift,negative,fast,exponential,2.0,weighted_0.25,300,True,0.5033333333333333,0.5,False,0.4674624754578747,137,4.334203654799236
Fuzzy,02c0,mean_shift,negative,fast,exponential,2.0,weighted_0.5,300,True,0.52,0.49333333333333335,False,0.25679584116850573,65,4.334203654799236
Fuzzy,02c0,mean_shift,negative,fast,exponential,2.0,weighted_0.75,300,True,0.7933333333333333,0.49,True,4.682126281633042e-15,35,4.334203654799236
Fuzzy,02c0,mean_shift,negative,medium,exponential,2.0,pird,300,True,0.55,0.12666666666666668,True,3.0373917888608423e-28,135,4.334203654799236
Fuzzy,02c0,mean_shift,negative,medium,exponential,2.0,global,300,True,0.5033333333333333,0.5066666666666667,False,0.5325389675555868,137,4.334203654799236
Fuzzy,02c0,mean_shift,negative,medium,exponential,2.0,or,300,True,0.55,0.5066666666666667,False,0.14385608670958747,135,4.334203654799236
Fuzzy,02c0,mean_shift,negative,medium,exponential,2.0,max,300,True,0.5,0.5,False,0.5,138,4.334203654799236
Fuzzy,02c0,mean_shift,negative,medium,exponential,2.0,weighted_0.25,300,True,0.5033333333333333,0.5,False,0.4674624754578747,137,4.334203654799236
Fuzzy,02c0,mean_shift,negative,medium,exponential,2.0,weighted_0.5,300,True,0.5133333333333333,0.49333333333333335,False,0.31209920525126433,137,4.334203654799236
Fuzzy,02c0,mean_shift,negative,medium,exponential,2.0,weighted_0.75,300,True,0.5766666666666667,0.49,True,0.01668411752850532,85,4.334203654799236
Fuzzy,02c0,mean_shift,negative,slow,exponential,2.0,pird,300,True,0.09666666666666666,0.12666666666666668,False,0.8783114000853811,271,4.334203654799236
Fuzzy,02c0,mean_shift,negative,slow,exponential,2.0,global,300,True,0.5033333333333333,0.5066666666666667,False,0.5325389675555868,137,4.334203654799236
Fuzzy,02c0,mean_shift,negative,slow,exponential,2.0,or,300,True,0.53,0.5066666666666667,False,0.28368395365130095,137,4.334203654799236
Fuzzy,02c0,mean_shift,negative,slow,exponential,2.0,max,300,True,0.5,0.5,False,0.5,138,4.334203654799236
Fuzzy,02c0,mean_shift,negative,slow,exponential,2.0,weighted_0.25,300,True,0.5,0.5,False,0.5,138,4.334203654799236
Fuzzy,02c0,mean_shift,negative,slow,exponential,2.0,weighted_0.5,300,True,0.5066666666666667,0.49333333333333335,False,0.3719857390375282,137,4.334203654799236
Fuzzy,02c0,mean_shift,negative,slow,exponential,2.0,weighted_0.75,300,True,0.5266666666666666,0.49,False,0.18452054263939027,137,4.334203654799236
Fuzzy,02c0,mean_shift,negative,fast,exponential,3.0,pird,300,True,0.83,0.12666666666666668,True,6.177547245849679e-67,51,7.848158825437671
Fuzzy,02c0,mean_shift,negative,fast,exponential,3.0,global,300,True,0.5033333333333333,0.5066666666666667,False,0.5325389675555868,137,7.848158825437671
Fuzzy,02c0,mean_shift,negative,fast,exponential,3.0,or,300,True,0.83,0.5066666666666667,True,2.0323123400703366e-17,51,7.848158825437671
Fuzzy,02c0,mean_shift,negative,fast,exponential,3.0,max,300,True,0.5,0.5,False,0.5,138,7.848158825437671
Fuzzy,02c0,mean_shift,negative,fast,exponential,3.0,weighted_0.25,300,True,0.5133333333333333,0.5,False,0.37197475744350705,75,7.848158825437671
Fuzzy,02c0,mean_shift,negative,fast,exponential,3.0,weighted_0.5,300,True,0.6266666666666667,0.49333333333333335,True,0.0005013670654661094,35,7.848158825437671
Fuzzy,02c0,mean_shift,negative,fast,exponential,3.0,weighted_0.75,300,True,0.8533333333333334,0.49,True,1.323455393232378e-21,35,7.848158825437671
Fuzzy,02c0,mean_shift,negative,medium,exponential,3.0,pird,300,True,0.66,0.12666666666666668,True,4.420552043007495e-41,102,7.848158825437671
Fuzzy,02c0,mean_shift,negative,medium,exponential,3.0,global,300,True,0.5033333333333333,0.5066666666666667,False,0.5325389675555868,137,7.848158825437671
Fuzzy,02c0,mean_shift,negative,medium,exponential,3.0,or,300,True,0.66,0.5066666666666667,True,6.971932134136972e-05,102,7.848158825437671
Fuzzy,02c0,mean_shift,negative,medium,exponential,3.0,max,300,True,0.5,0.5,False,0.5,138,7.848158825437671
Fuzzy,02c0,mean_shift,negative,medium,exponential,3.0,weighted_0.25,300,True,0.51,0.5,False,0.40324322828387876,137,7.848158825437671
Fuzzy,02c0,mean_shift,negative,medium,exponential,3.0,weighted_0.5,300,True,0.52,0.49333333333333335,False,0.25679584116850573,135,7.848158825437671
Fuzzy,02c0,mean_shift,negative,medium,exponential,3.0,weighted_0.75,300,True,0.7,0.49,True,8.056358457804282e-08,65,7.848158825437671
Fuzzy,02c0,mean_shift,negative,slow,exponential,3.0,pird,300,True,0.31666666666666665,0.12666666666666668,True,1.057641316284096e-08,205,7.848158825437671
Fuzzy,02c0,mean_shift,negative,slow,exponential,3.0,global,300,True,0.5033333333333333,0.5066666666666667,False,0.5325389675555868,137,7.848158825437671
Fuzzy,02c0,mean_shift,negative,slow,exponential,3.0,or,300,True,0.5433333333333333,0.5066666666666667,False,0.18425415680535476,137,7.848158825437671
Fuzzy,02c0,mean_shift,negative,slow,exponential,3.0,max,300,True,0.5,0.5,False,0.5,138,7.848158825437671
Fuzzy,02c0,mean_shift,negative,slow,exponential,3.0,weighted_0.25,300,True,0.5,0.5,False,0.5,138,7.848158825437671
Fuzzy,02c0,mean_shift,negative,slow,exponential,3.0,weighted_0.5,300,True,0.5133333333333333,0.49333333333333335,False,0.31209920525126433,137,7.848158825437671
Fuzzy,02c0,mean_shift,negative,slow,exponential,3.0,weighted_0.75,300,True,0.5433333333333333,0.49,False,0.09558582545798215,137,7.848158825437671
Fuzzy,0316,additive,positive,fast,exponential,0.25,pird,300,True,0.3,0.19,True,0.0008668198234842445,165,4.8317273497932325
Fuzzy,0316,additive,positive,fast,exponential,0.25,global,300,True,0.5133333333333333,0.5133333333333333,False,0.5,144,4.8317273497932325
Fuzzy,0316,additive,positive,fast,exponential,0.25,or,300,True,0.5133333333333333,0.5133333333333333,False,0.5,144,4.8317273497932325
Fuzzy,0316,additive,positive,fast,exponential,0.25,max,300,True,0.5,0.5,False,0.5,146,4.8317273497932325
Fuzzy,0316,additive,positive,fast,exponential,0.25,weighted_0.25,300,True,0.5033333333333333,0.5,False,0.4674624754578747,144,4.8317273497932325
Fuzzy,0316,additive,positive,fast,exponential,0.25,weighted_0.5,300,True,0.5133333333333333,0.5066666666666667,False,0.4351285254884733,144,4.8317273497932325
Fuzzy,0316,additive,positive,fast,exponential,0.25,weighted_0.75,300,True,0.5133333333333333,0.5066666666666667,False,0.4351285254884733,144,4.8317273497932325
Fuzzy,0316,additive,positive,medium,exponential,0.25,pird,300,True,0.3,0.19,True,0.0008668198234842445,165,4.8317273497932325
Fuzzy,0316,additive,positive,medium,exponential,0.25,global,300,True,0.5133333333333333,0.5133333333333333,False,0.5,144,4.8317273497932325
Fuzzy,0316,additive,positive,medium,exponential,0.25,or,300,True,0.5133333333333333,0.5133333333333333,False,0.5,144,4.8317273497932325
Fuzzy,0316,additive,positive,medium,exponential,0.25,max,300,True,0.5,0.5,False,0.5,146,4.8317273497932325
Fuzzy,0316,additive,positive,medium,exponential,0.25,weighted_0.25,300,True,0.5033333333333333,0.5,False,0.4674624754578747,144,4.8317273497932325
Fuzzy,0316,additive,positive,medium,exponential,0.25,weighted_0.5,300,True,0.5133333333333333,0.5066666666666667,False,0.4351285254884733,144,4.8317273497932325
Fuzzy,0316,additive,positive,medium,exponential,0.25,weighted_0.75,300,True,0.5133333333333333,0.5066666666666667,False,0.4351285254884733,144,4.8317273497932325
Fuzzy,0316,additive,positive,slow,exponential,0.25,pird,300,True,0.2733333333333333,0.19,True,0.007779010616273721,165,4.598969320083983
Fuzzy,0316,additive,positive,slow,exponential,0.25,global,300,True,0.5133333333333333,0.5133333333333333,False,0.5,144,4.598969320083983
Fuzzy,0316,additive,positive,slow,exponential,0.25,or,300,True,0.5133333333333333,0.5133333333333333,False,0.5,144,4.598969320083983
Fuzzy,0316,additive,positive,slow,exponential,0.25,max,300,True,0.5,0.5,False,0.5,146,4.598969320083983
Fuzzy,0316,additive,positive,slow,exponential,0.25,weighted_0.25,300,True,0.5,0.5,False,0.5,146,4.598969320083983
Fuzzy,0316,additive,positive,slow,exponential,0.25,weighted_0.5,300,True,0.51,0.5066666666666667,False,0.46745814584143225,144,4.598969320083983
Fuzzy,0316,additive,positive,slow,exponential,0.25,weighted_0.75,300,True,0.51,0.5066666666666667,False,0.46745814584143225,144,4.598969320083983
Fuzzy,0316,additive,positive,fast,exponential,0.5,pird,300,True,0.44,0.19,True,2.1768417889845205e-11,147,5.478124143950372
Fuzzy,0316,additive,positive,fast,exponential,0.5,global,300,True,0.5133333333333333,0.5133333333333333,False,0.5,144,5.478124143950372
Fuzzy,0316,additive,positive,fast,exponential,0.5,or,300,True,0.5133333333333333,0.5133333333333333,False,0.5,144,5.478124143950372
Fuzzy,0316,additive,positive,fast,exponential,0.5,max,300,True,0.5,0.5,False,0.5,146,5.478124143950372
Fuzzy,0316,additive,positive,fast,exponential,0.5,weighted_0.25,300,True,0.51,0.5,False,0.40324322828387876,144,5.478124143950372
Fuzzy,0316,additive,positive,fast,exponential,0.5,weighted_0.5,300,True,0.5133333333333333,0.5066666666666667,False,0.4351285254884733,144,5.478124143950372
Fuzzy,0316,additive,positive,fast,exponential,0.5,weighted_0.75,300,True,0.59,0.5066666666666667,True,0.020140975563166356,65,5.478124143950372
Fuzzy,0316,additive,positive,medium,exponential,0.5,pird,300,True,0.44333333333333336,0.19,True,1.2797327672225379e-11,144,5.478124143950372
Fuzzy,0316,additive,positive,medium,exponential,0.5,global,300,True,0.5133333333333333,0.5133333333333333,False,0.5,144,5.478124143950372
Fuzzy,0316,additive,positive,medium,exponential,0.5,or,300,True,0.5133333333333333,0.5133333333333333,False,0.5,144,5.478124143950372
Fuzzy,0316,additive,positive,medium,exponential,0.5,max,300,True,0.5,0.5,False,0.5,146,5.478124143950372
Fuzzy,0316,additive,positive,medium,exponential,0.5,weighted_0.25,300,True,0.51,0.5,False,0.40324322828387876,144,5.478124143950372
Fuzzy,0316,additive,positive,medium,exponential,0.5,weighted_0.5,300,True,0.5133333333333333,0.5066666666666667,False,0.4351285254884733,144,5.478124143950372
Fuzzy,0316,additive,positive,medium,exponential,0.5,weighted_0.75,300,True,0.5233333333333333,0.5066666666666667,False,0.34147822573568676,100,5.478124143950372
Fuzzy,0316,additive,positive,slow,exponential,0.5,pird,300,True,0.37333333333333335,0.19,True,2.991110217735179e-07,165,4.958386252061132
Fuzzy,0316,additive,positive,slow,exponential,0.5,global,300,True,0.5133333333333333,0.5133333333333333,False,0.5,144,4.958386252061132
Fuzzy,0316,additive,positive,slow,exponential,0.5,or,300,True,0.5133333333333333,0.5133333333333333,False,0.5,144,4.958386252061132
Fuzzy,0316,additive,positive,slow,exponential,0.5,max,300,True,0.5,0.5,False,0.5,146,4.958386252061132
Fuzzy,0316,additive,positive,slow,exponential,0.5,weighted_0.25,300,True,0.5066666666666667,0.5,False,0.4351399575568747,144,4.958386252061132
Fuzzy,0316,additive,positive,slow,exponential,0.5,weighted_0.5,300,True,0.5133333333333333,0.5066666666666667,False,0.4351285254884733,144,4.958386252061132
Fuzzy,0316,additive,positive,slow,exponential,0.5,weighted_0.75,300,True,0.5166666666666667,0.5066666666666667,False,0.4032221444250837,144,4.958386252061132
Fuzzy,0316,additive,positive,fast,exponential,0.75,pird,300,True,0.7966666666666666,0.19,True,2.927341944489964e-50,61,6.169963060710104
Fuzzy,0316,additive,positive,fast,exponential,0.75,global,300,True,0.5133333333333333,0.5133333333333333,False,0.5,144,6.169963060710104
Fuzzy,0316,additive,positive,fast,exponential,0.75,or,300,True,0.7966666666666666,0.5133333333333333,True,1.4405935260589017e-13,61,6.169963060710104
Fuzzy,0316,additive,positive,fast,exponential,0.75,max,300,True,0.5,0.5,False,0.5,146,6.169963060710104
Fuzzy,0316,additive,positive,fast,exponential,0.75,weighted_0.25,300,True,0.5133333333333333,0.5,False,0.37197475744350705,144,6.169963060710104
Fuzzy,0316,additive,positive,fast,exponential,0.75,weighted_0.5,300,True,0.5166666666666667,0.5066666666666667,False,0.4032221444250837,100,6.169963060710104
Fuzzy,0316,additive,positive,fast,exponential,0.75,weighted_0.75,300,True,0.8033333333333333,0.5066666666666667,True,1.058145065232196e-14,59,6.169963060710104
Fuzzy,0316,additive,positive,medium,exponential,0.75,pird,300,True,0.6066666666666667,0.19,True,9.636971865645522e-26,118,6.169963060710104
Fuzzy,0316,additive,positive,medium,exponential,0.75,global,300,True,0.5133333333333333,0.5133333333333333,False,0.5,144,6.169963060710104
Fuzzy,0316,additive,positive,medium,exponential,0.75,or,300,True,0.6066666666666667,0.5133333333333333,True,0.010644178705393388,118,6.169963060710104
Fuzzy,0316,additive,positive,medium,exponential,0.75,max,300,True,0.5,0.5,False,0.5,146,6.169963060710104
Fuzzy,0316,additive,positive,medium,exponential,0.75,weighted_0.25,300,True,0.5133333333333333,0.5,False,0.37197475744350705,144,6.169963060710104
Fuzzy,0316,additive,positive,medium,exponential,0.75,weighted_0.5,300,True,0.5133333333333333,0.5066666666666667,False,0.4351285254884733,144,6.169963060710104
Fuzzy,0316,additive,positive,medium,exponential,0.75,weighted_0.75,300,True,0.61,0.5066666666666667,True,0.005408696332262758,100,6.169963060710104
Fuzzy,0316,additive,positive,slow,exponential,0.75,pird,300,True,0.42333333333333334,0.19,True,2.8679482341717525e-10,158,5.358977762767395
Fuzzy,0316,additive,positive,slow,exponential,0.75,global,300,True,0.5133333333333333,0.5133333333333333,False,0.5,144,5.358977762767395
Fuzzy,0316,additive,positive,slow,exponential,0.75,or,300,True,0.5166666666666667,0.5133333333333333,False,0.4674480366778786,144,5.358977762767395
Fuzzy,0316,additive,positive,slow,exponential,0.75,max,300,True,0.5,0.5,False,0.5,146,5.358977762767395
Fuzzy,0316,additive,positive,slow,exponential,0.75,weighted_0.25,300,True,0.51,0.5,False,0.40324322828387876,144,5.358977762767395
Fuzzy,0316,additive,positive,slow,exponential,0.75,weighted_0.5,300,True,0.5133333333333333,0.5066666666666667,False,0.4351285254884733,144,5.358977762767395
Fuzzy,0316,additive,positive,slow,exponential,0.75,weighted_0.75,300,True,0.52,0.5066666666666667,False,0.3719417957056961,144,5.358977762767395
Fuzzy,0316,additive,positive,fast,exponential,1.0,pird,300,True,0.8266666666666667,0.19,True,3.79982986132449e-55,52,6.893575943204335
Fuzzy,0316,additive,positive,fast,exponential,1.0,global,300,True,0.5133333333333333,0.5133333333333333,False,0.5,144,6.893575943204335
Fuzzy,0316,additive,positive,fast,exponential,1.0,or,300,True,0.8266666666666667,0.5133333333333333,True,1.6575721799756636e-16,52,6.893575943204335
Fuzzy,0316,additive,positive,fast,exponential,1.0,max,300,True,0.5,0.5,False,0.5,146,6.893575943204335
Fuzzy,0316,additive,positive,fast,exponential,1.0,weighted_0.25,300,True,0.5133333333333333,0.5,False,0.37197475744350705,144,6.893575943204335
Fuzzy,0316,additive,positive,fast,exponential,1.0,weighted_0.5,300,True,0.52,0.5066666666666667,False,0.3719417957056961,100,6.893575943204335
Fuzzy,0316,additive,positive,fast,exponential,1.0,weighted_0.75,300,True,0.8433333333333334,0.5066666666666667,True,6.6345282289953e-19,30,6.893575943204335
Fuzzy,0316,additive,positive,medium,exponential,1.0,pird,300,True,0.6633333333333333,0.19,True,4.97437149020609e-32,101,6.893575943204335
Fuzzy,0316,additive,positive,medium,exponential,1.0,global,300,True,0.5133333333333333,0.5133333333333333,False,0.5,144,6.893575943204335
Fuzzy,0316,additive,positive,medium,exponential,1.0,or,300,True,0.6633333333333333,0.5133333333333333,True,9.462464501424259e-05,101,6.893575943204335
Fuzzy,0316,additive,positive,medium,exponential,1.0,max,300,True,0.5,0.5,False,0.5,146,6.893575943204335
Fuzzy,0316,additive,positive,medium,exponential,1.0,weighted_0.25,300,True,0.5133333333333333,0.5,False,0.37197475744350705,144,6.893575943204335
Fuzzy,0316,additive,positive,medium,exponential,1.0,weighted_0.5,300,True,0.5166666666666667,0.5066666666666667,False,0.4032221444250837,144,6.893575943204335
Fuzzy,0316,additive,positive,medium,exponential,1.0,weighted_0.75,300,True,0.6866666666666666,0.5066666666666667,True,3.4970704899627693e-06,81,6.893575943204335
Fuzzy,0316,additive,positive,slow,exponential,1.0,pird,300,True,0.4666666666666667,0.19,True,2.686266645927507e-13,147,5.7504120079386505
Fuzzy,0316,additive,positive,slow,exponential,1.0,global,300,True,0.5133333333333333,0.5133333333333333,False,0.5,144,5.7504120079386505
Fuzzy,0316,additive,positive,slow,exponential,1.0,or,300,True,0.52,0.5133333333333333,False,0.43510564320562883,144,5.7504120079386505
Fuzzy,0316,additive,positive,slow,exponential,1.0,max,300,True,0.5,0.5,False,0.5,146,5.7504120079386505
Fuzzy,0316,additive,positive,slow,exponential,1.0,weighted_0.25,300,True,0.5133333333333333,0.5,False,0.37197475744350705,144,5.7504120079386505
Fuzzy,0316,additive,positive,slow,exponential,1.0,weighted_0.5,300,True,0.5133333333333333,0.5066666666666667,False,0.4351285254884733,144,5.7504120079386505
Fuzzy,0316,additive,positive,slow,exponential,1.0,weighted_0.75,300,True,0.52,0.5066666666666667,False,0.3719417957056961,144,5.7504120079386505
Fuzzy,0316,additive,positive,fast,exponential,1.5,pird,300,True,0.8666666666666667,0.19,True,3.395332171850742e-62,40,8.402994392104024
Fuzzy,0316,additive,positive,fast,exponential,1.5,global,300,True,0.5133333333333333,0.5133333333333333,False,0.5,144,8.402994392104024
Fuzzy,0316,additive,positive,fast,exponential,1.5,or,300,True,0.8666666666666667,0.5133333333333333,True,4.11150183717402e-21,40,8.402994392104024
Fuzzy,0316,additive,positive,fast,exponential,1.5,max,300,True,0.5,0.5,False,0.5,146,8.402994392104024
Fuzzy,0316,additive,positive,fast,exponential,1.5,weighted_0.25,300,True,0.5133333333333333,0.5,False,0.37197475744350705,144,8.402994392104024
Fuzzy,0316,additive,positive,fast,exponential,1.5,weighted_0.5,300,True,0.71,0.5066666666666667,True,1.682016805816927e-07,65,8.402994392104024
Fuzzy,0316,additive,positive,fast,exponential,1.5,weighted_0.75,300,True,0.8866666666666667,0.5066666666666667,True,2.159559238272635e-24,20,8.402994392104024
Fuzzy,0316,additive,positive,medium,exponential,1.5,pird,300,True,0.7633333333333333,0.19,True,3.3891086533302486e-45,71,8.402994392104024
Fuzzy,0316,additive,positive,medium,exponential,1.5,global,300,True,0.5133333333333333,0.5133333333333333,False,0.5,144,8.402994392104024
Fuzzy,0316,additive,positive,medium,exponential,1.5,or,300,True,0.7633333333333333,0.5133333333333333,True,9.300537457540059e-11,71,8.402994392104024
Fuzzy,0316,additive,positive,medium,exponential,1.5,max,300,True,0.5,0.5,False,0.5,146,8.402994392104024
Fuzzy,0316,additive,positive,medium,exponential,1.5,weighted_0.25,300,True,0.5133333333333333,0.5,False,0.37197475744350705,144,8.402994392104024
Fuzzy,0316,additive,positive,medium,exponential,1.5,weighted_0.5,300,True,0.54,0.5066666666666667,False,0.2068536198809093,100,8.402994392104024
Fuzzy,0316,additive,positive,medium,exponential,1.5,weighted_0.75,300,True,0.7866666666666666,0.5066666666666667,True,3.637598057870542e-13,61,8.402994392104024
Fuzzy,0316,additive,positive,slow,exponential,1.5,pird,300,True,0.5266666666666666,0.19,True,4.021062153580731e-18,142,6.5970153416829
Fuzzy,0316,additive,positive,slow,exponential,1.5,global,300,True,0.5133333333333333,0.5133333333333333,False,0.5,144,6.5970153416829
Fuzzy,0316,additive,positive,slow,exponential,1.5,or,300,True,0.5266666666666666,0.5133333333333333,False,0.37188680288411613,142,6.5970153416829
Fuzzy,0316,additive,positive,slow,exponential,1.5,max,300,True,0.5,0.5,False,0.5,146,6.5970153416829
Fuzzy,0316,additive,positive,slow,exponential,1.5,weighted_0.25,300,True,0.5133333333333333,0.5,False,0.37197475744350705,144,6.5970153416829
Fuzzy,0316,additive,positive,slow,exponential,1.5,weighted_0.5,300,True,0.5166666666666667,0.5066666666666667,False,0.4032221444250837,144,6.5970153416829
Fuzzy,0316,additive,positive,slow,exponential,1.5,weighted_0.75,300,True,0.55,0.5066666666666667,False,0.14385608670958747,100,6.5970153416829
Fuzzy,0316,additive,positive,fast,exponential,2.0,pird,300,True,0.9,0.19,True,1.3890048750706535e-68,30,9.90794000127926
Fuzzy,0316,additive,positive,fast,exponential,2.0,global,300,True,0.5133333333333333,0.5133333333333333,False,0.5,144,9.90794000127926
Fuzzy,0316,additive,positive,fast,exponential,2.0,or,300,True,0.9,0.5133333333333333,True,1.2208004057689192e-25,30,9.90794000127926
Fuzzy,0316,additive,positive,fast,exponential,2.0,max,300,True,0.7633333333333333,0.5,True,1.1442836248323063e-11,71,9.90794000127926
Fuzzy,0316,additive,positive,fast,exponential,2.0,weighted_0.25,300,True,0.5166666666666667,0.5,False,0.34152488320657537,100,9.90794000127926
Fuzzy,0316,additive,positive,fast,exponential,2.0,weighted_0.5,300,True,0.81,0.5066666666666667,True,2.3772411808535283e-15,30,9.90794000127926
Fuzzy,0316,additive,positive,fast,exponential,2.0,weighted_0.75,300,True,0.9066666666666666,0.5066666666666667,True,2.6546959161949643e-27,20,9.90794000127926
Fuzzy,0316,additive,positive,medium,exponential,2.0,pird,300,True,0.8066666666666666,0.19,True,7.474565046851108e-52,57,9.90794000127926
Fuzzy,0316,additive,positive,medium,exponential,2.0,global,300,True,0.5133333333333333,0.5133333333333333,False,0.5,144,9.90794000127926
Fuzzy,0316,additive,positive,medium,exponential,2.0,or,300,True,0.8066666666666666,0.5133333333333333,True,1.67591586376859e-14,57,9.90794000127926
Fuzzy,0316,additive,positive,medium,exponential,2.0,max,300,True,0.5233333333333333,0.5,False,0.2837615133691575,143,9.90794000127926
Fuzzy,0316,additive,positive,medium,exponential,2.0,weighted_0.25,300,True,0.5133333333333333,0.5,False,0.37197475744350705,144,9.90794000127926
Fuzzy,0316,additive,positive,medium,exponential,2.0,weighted_0.5,300,True,0.6033333333333334,0.5066666666666667,True,0.008602511115454419,100,9.90794000127926
Fuzzy,0316,additive,positive,medium,exponential,2.0,weighted_0.75,300,True,0.8166666666666667,0.5066666666666667,True,5.099070788259674e-16,30,9.90794000127926
Fuzzy,0316,additive,positive,slow,exponential,2.0,pird,300,True,0.61,0.19,True,4.319006317809259e-26,117,7.976182767326082
Fuzzy,0316,additive,positive,slow,exponential,2.0,global,300,True,0.5133333333333333,0.5133333333333333,False,0.5,144,7.976182767326082
Fuzzy,0316,additive,positive,slow,exponential,2.0,or,300,True,0.61,0.5133333333333333,True,0.008515057654719728,117,7.976182767326082
Fuzzy,0316,additive,positive,slow,exponential,2.0,max,300,True,0.5,0.5,False,0.5,146,7.976182767326082
Fuzzy,0316,additive,positive,slow,exponential,2.0,weighted_0.25,300,True,0.5133333333333333,0.5,False,0.37197475744350705,144,7.976182767326082
Fuzzy,0316,additive,positive,slow,exponential,2.0,weighted_0.5,300,True,0.52,0.5066666666666667,False,0.3719417957056961,144,7.976182767326082
Fuzzy,0316,additive,positive,slow,exponential,2.0,weighted_0.75,300,True,0.6166666666666667,0.5066666666666667,True,0.0033121057507753257,100,7.976182767326082
Fuzzy,0316,additive,positive,fast,exponential,3.0,pird,300,True,0.92,0.19,True,1.1573822058525692e-72,24,13.101651521106303
Fuzzy,0316,additive,positive,fast,exponential,3.0,global,300,True,0.5133333333333333,0.5133333333333333,False,0.5,144,13.101651521106303
Fuzzy,0316,additive,positive,fast,exponential,3.0,or,300,True,0.92,0.5133333333333333,True,1.061070470703318e-28,24,13.101651521106303
Fuzzy,0316,additive,positive,fast,exponential,3.0,max,300,True,0.82,0.5,True,6.50943397510276e-17,54,13.101651521106303
Fuzzy,0316,additive,positive,fast,exponential,3.0,weighted_0.25,300,True,0.52,0.5,False,0.31206837968761514,100,13.101651521106303
Fuzzy,0316,additive,positive,fast,exponential,3.0,weighted_0.5,300,True,0.87,0.5066666666666667,True,3.7198631679177457e-22,30,13.101651521106303
Fuzzy,0316,additive,positive,fast,exponential,3.0,weighted_0.75,300,True,0.93,0.5066666666666667,True,4.850534760335699e-31,10,13.101651521106303
Fuzzy,0316,additive,positive,medium,exponential,3.0,pird,300,True,0.8466666666666667,0.19,True,1.3649604899258553e-58,46,13.101651521106303
Fuzzy,0316,additive,positive,medium,exponential,3.0,global,300,True,0.5133333333333333,0.5133333333333333,False,0.5,144,13.101651521106303
Fuzzy,0316,additive,positive,medium,exponential,3.0,or,300,True,0.8466666666666667,0.5133333333333333,True,1.0503419378374882e-18,46,13.101651521106303
Fuzzy,0316,additive,positive,medium,exponential,3.0,max,300,True,0.64,0.5,True,0.00026670249223612177,108,13.101651521106303
Fuzzy,0316,additive,positive,medium,exponential,3.0,weighted_0.25,300,True,0.5166666666666667,0.5,False,0.34152488320657537,144,13.101651521106303
Fuzzy,0316,additive,positive,medium,exponential,3.0,weighted_0.5,300,True,0.7066666666666667,0.5066666666666667,True,2.659767735995094e-07,80,13.101651521106303
Fuzzy,0316,additive,positive,medium,exponential,3.0,weighted_0.75,300,True,0.8766666666666667,0.5066666666666667,True,4.963612561206995e-23,20,13.101651521106303
Fuzzy,0316,additive,positive,slow,exponential,3.0,pird,300,True,0.72,0.19,True,3.858447377889113e-39,84,10.964800432468168
Fuzzy,0316,additive,positive,slow,exponential,3.0,global,300,True,0.5133333333333333,0.5133333333333333,False,0.5,144,10.964800432468168
Fuzzy,0316,additive,positive,slow,exponential,3.0,or,300,True,0.72,0.5133333333333333,True,9.648747042886273e-08,84,10.964800432468168
Fuzzy,0316,additive,positive,slow,exponential,3.0,max,300,True,0.5133333333333333,0.5,False,0.37197475744350705,146,10.964800432468168
Fuzzy,0316,additive,positive,slow,exponential,3.0,weighted_0.25,300,True,0.5166666666666667,0.5,False,0.34152488320657537,144,10.964800432468168
Fuzzy,0316,additive,positive,slow,exponential,3.0,weighted_0.5,300,True,0.5233333333333333,0.5066666666666667,False,0.34147822573568676,100,10.964800432468168
Fuzzy,0316,additive,positive,slow,exponential,3.0,weighted_0.75,300,True,0.7566666666666667,0.5066666666666667,True,1.0922954844899359e-10,65,10.964800432468168
Fuzzy,0316,additive,negative,fast,exponential,0.25,pird,300,True,0.11,0.19,False,0.9969650138189883,165,4.293560535768578
Fuzzy,0316,additive,negative,fast,exponential,0.25,global,300,True,0.5133333333333333,0.5133333333333333,False,0.5,144,4.293560535768578
Fuzzy,0316,additive,negative,fast,exponential,0.25,or,300,True,0.5133333333333333,0.5133333333333333,False,0.5,144,4.293560535768578
Fuzzy,0316,additive,negative,fast,exponential,0.25,max,300,True,0.5,0.5,False,0.5,146,4.293560535768578
Fuzzy,0316,additive,negative,fast,exponential,0.25,weighted_0.25,300,True,0.5066666666666667,0.5,False,0.4351399575568747,144,4.293560535768578
Fuzzy,0316,additive,negative,fast,exponential,0.25,weighted_0.5,300,True,0.5133333333333333,0.5066666666666667,False,0.4351285254884733,144,4.293560535768578
Fuzzy,0316,additive,negative,fast,exponential,0.25,weighted_0.75,300,True,0.5366666666666666,0.5066666666666667,False,0.23100600305445604,30,4.293560535768578
Fuzzy,0316,additive,negative,medium,exponential,0.25,pird,300,True,0.11,0.19,False,0.9969650138189883,165,4.291518485477375
Fuzzy,0316,additive,negative,medium,exponential,0.25,global,300,True,0.5133333333333333,0.5133333333333333,False,0.5,144,4.291518485477375
Fuzzy,0316,additive,negative,medium,exponential,0.25,or,300,True,0.5133333333333333,0.5133333333333333,False,0.5,144,4.291518485477375
Fuzzy,0316,additive,negative,medium,exponential,0.25,max,300,True,0.5,0.5,False,0.5,146,4.291518485477375
Fuzzy,0316,additive,negative,medium,exponential,0.25,weighted_0.25,300,True,0.5066666666666667,0.5,False,0.4351399575568747,144,4.291518485477375
Fuzzy,0316,additive,negative,medium,exponential,0.25,weighted_0.5,300,True,0.5133333333333333,0.5066666666666667,False,0.4351285254884733,144,4.291518485477375
Fuzzy,0316,additive,negative,medium,exponential,0.25,weighted_0.75,300,True,0.5166666666666667,0.5066666666666667,False,0.4032221444250837,100,4.291518485477375
Fuzzy,0316,additive,negative,slow,exponential,0.25,pird,300,True,0.14,0.19,False,0.9505077354715292,165,4.201016783318746
Fuzzy,0316,additive,negative,slow,exponential,0.25,global,300,True,0.5133333333333333,0.5133333333333333,False,0.5,144,4.201016783318746
Fuzzy,0316,additive,negative,slow,exponential,0.25,or,300,True,0.5133333333333333,0.5133333333333333,False,0.5,144,4.201016783318746
Fuzzy,0316,additive,negative,slow,exponential,0.25,max,300,True,0.5,0.5,False,0.5,146,4.201016783318746
Fuzzy,0316,additive,negative,slow,exponential,0.25,weighted_0.25,300,True,0.5033333333333333,0.5,False,0.4674624754578747,144,4.201016783318746
Fuzzy,0316,additive,negative,slow,exponential,0.25,weighted_0.5,300,True,0.5133333333333333,0.5066666666666667,False,0.4351285254884733,144,4.201016783318746
Fuzzy,0316,additive,negative,slow,exponential,0.25,weighted_0.75,300,True,0.5166666666666667,0.5066666666666667,False,0.4032221444250837,100,4.201016783318746
Fuzzy,0316,additive,negative,fast,exponential,0.5,pird,300,True,0.22333333333333333,0.19,False,0.15667108766817944,57,4.435043953504882
Fuzzy,0316,additive,negative,fast,exponential,0.5,global,300,True,0.5133333333333333,0.5133333333333333,False,0.5,144,4.435043953504882
Fuzzy,0316,additive,negative,fast,exponential,0.5,or,300,True,0.6766666666666666,0.5133333333333333,True,2.3000822370022462e-05,57,4.435043953504882
Fuzzy,0316,additive,negative,fast,exponential,0.5,max,300,True,0.5,0.5,False,0.5,146,4.435043953504882
Fuzzy,0316,additive,negative,fast,exponential,0.5,weighted_0.25,300,True,0.51,0.5,False,0.40324322828387876,144,4.435043953504882
Fuzzy,0316,additive,negative,fast,exponential,0.5,weighted_0.5,300,True,0.5166666666666667,0.5066666666666667,False,0.4032221444250837,100,4.435043953504882
Fuzzy,0316,additive,negative,fast,exponential,0.5,weighted_0.75,300,True,0.7733333333333333,0.5066666666666667,True,5.082796817912354e-12,20,4.435043953504882
Fuzzy,0316,additive,negative,medium,exponential,0.5,pird,300,True,0.10333333333333333,0.19,False,0.9986516748470812,131,4.429476703066272
Fuzzy,0316,additive,negative,medium,exponential,0.5,global,300,True,0.5133333333333333,0.5133333333333333,False,0.5,144,4.429476703066272
Fuzzy,0316,additive,negative,medium,exponential,0.5,or,300,True,0.5566666666666666,0.5133333333333333,False,0.14365173538105758,131,4.429476703066272
Fuzzy,0316,additive,negative,medium,exponential,0.5,max,300,True,0.5,0.5,False,0.5,146,4.429476703066272
Fuzzy,0316,additive,negative,medium,exponential,0.5,weighted_0.25,300,True,0.51,0.5,False,0.40324322828387876,144,4.429476703066272
Fuzzy,0316,additive,negative,medium,exponential,0.5,weighted_0.5,300,True,0.5133333333333333,0.5066666666666667,False,0.4351285254884733,144,4.429476703066272
Fuzzy,0316,additive,negative,medium,exponential,0.5,weighted_0.75,300,True,0.59,0.5066666666666667,True,0.020140975563166356,30,4.429476703066272
Fuzzy,0316,additive,negative,slow,exponential,0.5,pird,300,True,0.10333333333333333,0.19,False,0.9986516748470812,165,4.274170496722505
Fuzzy,0316,additive,negative,slow,exponential,0.5,global,300,True,0.5133333333333333,0.5133333333333333,False,0.5,144,4.274170496722505
Fuzzy,0316,additive,negative,slow,exponential,0.5,or,300,True,0.5133333333333333,0.5133333333333333,False,0.5,144,4.274170496722505
Fuzzy,0316,additive,negative,slow,exponential,0.5,max,300,True,0.5,0.5,False,0.5,146,4.274170496722505
Fuzzy,0316,additive,negative,slow,exponential,0.5,weighted_0.25,300,True,0.51,0.5,False,0.40324322828387876,144,4.274170496722505
Fuzzy,0316,additive,negative,slow,exponential,0.5,weighted_0.5,300,True,0.5133333333333333,0.5066666666666667,False,0.4351285254884733,144,4.274170496722505
Fuzzy,0316,additive,negative,slow,exponential,0.5,weighted_0.75,300,True,0.52,0.5066666666666667,False,0.3719417957056961,100,4.274170496722505
Fuzzy,0316,additive,negative,fast,exponential,0.75,pird,300,True,0.33666666666666667,0.19,True,2.267444351306321e-05,57,4.591233762025141
Fuzzy,0316,additive,negative,fast,exponential,0.75,global,300,True,0.5133333333333333,0.5133333333333333,False,0.5,144,4.591233762025141
Fuzzy,0316,additive,negative,fast,exponential,0.75,or,300,True,0.7733333333333333,0.5133333333333333,True,1.48880827364422e-11,57,4.591233762025141
Fuzzy,0316,additive,negative,fast,exponential,0.75,max,300,True,0.5,0.5,False,0.5,146,4.591233762025141
Fuzzy,0316,additive,negative,fast,exponential,0.75,weighted_0.25,300,True,0.51,0.5,False,0.40324322828387876,144,4.591233762025141
Fuzzy,0316,additive,negative,fast,exponential,0.75,weighted_0.5,300,True,0.5166666666666667,0.5066666666666667,False,0.4032221444250837,100,4.591233762025141
Fuzzy,0316,additive,negative,fast,exponential,0.75,weighted_0.75,300,True,0.85,0.5066666666666667,True,1.1086351638872698e-19,10,4.591233762025141
Fuzzy,0316,additive,negative,medium,exponential,0.75,pird,300,True,0.19,0.19,False,0.5,92,4.58293316176691
Fuzzy,0316,additive,negative,medium,exponential,0.75,global,300,True,0.5133333333333333,0.5133333333333333,False,0.5,144,4.58293316176691
Fuzzy,0316,additive,negative,medium,exponential,0.75,or,300,True,0.6266666666666667,0.5133333333333333,True,0.002525989627241644,92,4.58293316176691
Fuzzy,0316,additive,negative,medium,exponential,0.75,max,300,True,0.5,0.5,False,0.5,146,4.58293316176691
Fuzzy,0316,additive,negative,medium,exponential,0.75,weighted_0.25,300,True,0.51,0.5,False,0.40324322828387876,144,4.58293316176691
Fuzzy,0316,additive,negative,medium,exponential,0.75,weighted_0.5,300,True,0.5133333333333333,0.5066666666666667,False,0.4351285254884733,144,4.58293316176691
Fuzzy,0316,additive,negative,medium,exponential,0.75,weighted_0.75,300,True,0.6866666666666666,0.5066666666666667,True,3.4970704899627693e-06,20,4.58293316176691
Fuzzy,0316,additive,negative,slow,exponential,0.75,pird,300,True,0.06333333333333334,0.19,False,0.9999984516780751,146,4.300537713077541
Fuzzy,0316,additive,negative,slow,exponential,0.75,global,300,True,0.5133333333333333,0.5133333333333333,False,0.5,144,4.300537713077541
Fuzzy,0316,additive,negative,slow,exponential,0.75,or,300,True,0.5133333333333333,0.5133333333333333,False,0.5,144,4.300537713077541
Fuzzy,0316,additive,negative,slow,exponential,0.75,max,300,True,0.5,0.5,False,0.5,146,4.300537713077541
Fuzzy,0316,additive,negative,slow,exponential,0.75,weighted_0.25,300,True,0.51,0.5,False,0.40324322828387876,144,4.300537713077541
Fuzzy,0316,additive,negative,slow,exponential,0.75,weighted_0.5,300,True,0.5133333333333333,0.5066666666666667,False,0.4351285254884733,144,4.300537713077541
Fuzzy,0316,additive,negative,slow,exponential,0.75,weighted_0.75,300,True,0.5233333333333333,0.5066666666666667,False,0.34147822573568676,100,4.300537713077541
Fuzzy,0316,additive,negative,fast,exponential,1.0,pird,300,True,0.4266666666666667,0.19,True,1.7303471110665743e-10,37,4.803559549559696
Fuzzy,0316,additive,negative,fast,exponential,1.0,global,300,True,0.5133333333333333,0.5133333333333333,False,0.5,144,4.803559549559696
Fuzzy,0316,additive,negative,fast,exponential,1.0,or,300,True,0.8066666666666666,0.5133333333333333,True,1.67591586376859e-14,37,4.803559549559696
Fuzzy,0316,additive,negative,fast,exponential,1.0,max,300,True,0.5,0.5,False,0.5,146,4.803559549559696
Fuzzy,0316,additive,negative,fast,exponential,1.0,weighted_0.25,300,True,0.51,0.5,False,0.40324322828387876,144,4.803559549559696
Fuzzy,0316,additive,negative,fast,exponential,1.0,weighted_0.5,300,True,0.5166666666666667,0.5066666666666667,False,0.4032221444250837,100,4.803559549559696
Fuzzy,0316,additive,negative,fast,exponential,1.0,weighted_0.75,300,True,0.8733333333333333,0.5066666666666667,True,1.3689544778942188e-22,10,4.803559549559696
Fuzzy,0316,additive,negative,medium,exponential,1.0,pird,300,True,0.29333333333333333,0.19,True,0.0015568007976280167,67,4.786503481908584
Fuzzy,0316,additive,negative,medium,exponential,1.0,global,300,True,0.5133333333333333,0.5133333333333333,False,0.5,144,4.786503481908584
Fuzzy,0316,additive,negative,medium,exponential,1.0,or,300,True,0.6733333333333333,0.5133333333333333,True,3.313395824671112e-05,67,4.786503481908584
Fuzzy,0316,additive,negative,medium,exponential,1.0,max,300,True,0.5,0.5,False,0.5,146,4.786503481908584
Fuzzy,0316,additive,negative,medium,exponential,1.0,weighted_0.25,300,True,0.51,0.5,False,0.40324322828387876,144,4.786503481908584
Fuzzy,0316,additive,negative,medium,exponential,1.0,weighted_0.5,300,True,0.5133333333333333,0.5066666666666667,False,0.4351285254884733,144,4.786503481908584
Fuzzy,0316,additive,negative,medium,exponential,1.0,weighted_0.75,300,True,0.7633333333333333,0.5066666666666667,True,3.298858381959202e-11,20,4.786503481908584
Fuzzy,0316,additive,negative,slow,exponential,1.0,pird,300,True,0.12,0.19,False,0.9910798219215884,141,4.324712738978328
Fuzzy,0316,additive,negative,slow,exponential,1.0,global,300,True,0.5133333333333333,0.5133333333333333,False,0.5,144,4.324712738978328
Fuzzy,0316,additive,negative,slow,exponential,1.0,or,300,True,0.5266666666666666,0.5133333333333333,False,0.37188680288411613,141,4.324712738978328
Fuzzy,0316,additive,negative,slow,exponential,1.0,max,300,True,0.5,0.5,False,0.5,146,4.324712738978328
Fuzzy,0316,additive,negative,slow,exponential,1.0,weighted_0.25,300,True,0.51,0.5,False,0.40324322828387876,144,4.324712738978328
Fuzzy,0316,additive,negative,slow,exponential,1.0,weighted_0.5,300,True,0.5133333333333333,0.5066666666666667,False,0.4351285254884733,144,4.324712738978328
Fuzzy,0316,additive,negative,slow,exponential,1.0,weighted_0.75,300,True,0.55,0.5066666666666667,False,0.14385608670958747,30,4.324712738978328
Fuzzy,0316,additive,negative,fast,exponential,1.5,pird,300,True,0.6866666666666666,0.19,True,7.480556028905803e-35,35,5.3848710653078635
Fuzzy,0316,additive,negative,fast,exponential,1.5,global,300,True,0.51,0.5133333333333333,False,0.5325461855038325,144,5.3848710653078635
Fuzzy,0316,additive,negative,fast,exponential,1.5,or,300,True,0.8633333333333333,0.5133333333333333,True,1.0727189453847307e-20,35,5.3848710653078635
Fuzzy,0316,additive,negative,fast,exponential,1.5,max,300,True,0.5,0.5,False,0.5,146,5.3848710653078635
Fuzzy,0316,additive,negative,fast,exponential,1.5,weighted_0.25,300,True,0.5133333333333333,0.5,False,0.37197475744350705,144,5.3848710653078635
Fuzzy,0316,additive,negative,fast,exponential,1.5,weighted_0.5,300,True,0.5233333333333333,0.5066666666666667,False,0.34147822573568676,30,5.3848710653078635
Fuzzy,0316,additive,negative,fast,exponential,1.5,weighted_0.75,300,True,0.9033333333333333,0.5066666666666667,True,8.455442926854136e-27,10,5.3848710653078635
Fuzzy,0316,additive,negative,medium,exponential,1.5,pird,300,True,0.59,0.19,True,4.879702960373211e-24,57,5.23065069322857
Fuzzy,0316,additive,negative,medium,exponential,1.5,global,300,True,0.51,0.5133333333333333,False,0.5325461855038325,144,5.23065069322857
Fuzzy,0316,additive,negative,medium,exponential,1.5,or,300,True,0.7666666666666667,0.5133333333333333,True,5.100861262565045e-11,57,5.23065069322857
Fuzzy,0316,additive,negative,medium,exponential,1.5,max,300,True,0.5,0.5,False,0.5,146,5.23065069322857
Fuzzy,0316,additive,negative,medium,exponential,1.5,weighted_0.25,300,True,0.5133333333333333,0.5,False,0.37197475744350705,144,5.23065069322857
Fuzzy,0316,additive,negative,medium,exponential,1.5,weighted_0.5,300,True,0.52,0.5066666666666667,False,0.3719417957056961,100,5.23065069322857
Fuzzy,0316,additive,negative,medium,exponential,1.5,weighted_0.75,300,True,0.8366666666666667,0.5066666666666667,True,3.767161849694238e-18,10,5.23065069322857
Fuzzy,0316,additive,negative,slow,exponential,1.5,pird,300,True,0.30333333333333334,0.19,True,0.0006409762678198437,92,4.700105819282805
Fuzzy,0316,additive,negative,slow,exponential,1.5,global,300,True,0.5133333333333333,0.5133333333333333,False,0.5,144,4.700105819282805
Fuzzy,0316,additive,negative,slow,exponential,1.5,or,300,True,0.6233333333333333,0.5133333333333333,True,0.0032644921532551754,92,4.700105819282805
Fuzzy,0316,additive,negative,slow,exponential,1.5,max,300,True,0.5,0.5,False,0.5,146,4.700105819282805
Fuzzy,0316,additive,negative,slow,exponential,1.5,weighted_0.25,300,True,0.51,0.5,False,0.40324322828387876,144,4.700105819282805
Fuzzy,0316,additive,negative,slow,exponential,1.5,weighted_0.5,300,True,0.5133333333333333,0.5066666666666667,False,0.4351285254884733,144,4.700105819282805
Fuzzy,0316,additive,negative,slow,exponential,1.5,weighted_0.75,300,True,0.6433333333333333,0.5066666666666667,True,0.00035466854961785973,20,4.700105819282805
Fuzzy,0316,additive,negative,fast,exponential,2.0,pird,300,True,0.8833333333333333,0.19,True,2.503482756312402e-65,34,6.000162827782152
Fuzzy,0316,additive,negative,fast,exponential,2.0,global,300,True,0.51,0.5133333333333333,False,0.5325461855038325,144,6.000162827782152
Fuzzy,0316,additive,negative,fast,exponential,2.0,or,300,True,0.8866666666666667,0.5133333333333333,True,9.536856476274529e-24,34,6.000162827782152
Fuzzy,0316,additive,negative,fast,exponential,2.0,max,300,True,0.5,0.5,False,0.5,146,6.000162827782152
Fuzzy,0316,additive,negative,fast,exponential,2.0,weighted_0.25,300,True,0.5133333333333333,0.5,False,0.37197475744350705,144,6.000162827782152
Fuzzy,0316,additive,negative,fast,exponential,2.0,weighted_0.5,300,True,0.5266666666666666,0.5066666666666667,False,0.31200668314501717,20,6.000162827782152
Fuzzy,0316,additive,negative,fast,exponential,2.0,weighted_0.75,300,True,0.92,0.5066666666666667,True,2.1651163038287268e-29,10,6.000162827782152
Fuzzy,0316,additive,negative,medium,exponential,2.0,pird,300,True,0.7933333333333333,0.19,True,9.764913386780154e-50,37,5.9311503639450285
Fuzzy,0316,additive,negative,medium,exponential,2.0,global,300,True,0.51,0.5133333333333333,False,0.5325461855038325,144,5.9311503639450285
Fuzzy,0316,additive,negative,medium,exponential,2.0,or,300,True,0.7966666666666666,0.5133333333333333,True,1.4405935260589017e-13,37,5.9311503639450285
Fuzzy,0316,additive,negative,medium,exponential,2.0,max,300,True,0.5,0.5,False,0.5,146,5.9311503639450285
Fuzzy,0316,additive,negative,medium,exponential,2.0,weighted_0.25,300,True,0.5133333333333333,0.5,False,0.37197475744350705,144,5.9311503639450285
Fuzzy,0316,additive,negative,medium,exponential,2.0,weighted_0.5,300,True,0.52,0.5066666666666667,False,0.3719417957056961,100,5.9311503639450285
Fuzzy,0316,additive,negative,medium,exponential,2.0,weighted_0.75,300,True,0.8733333333333333,0.5066666666666667,True,1.3689544778942188e-22,10,5.9311503639450285
Fuzzy,0316,additive,negative,slow,exponential,2.0,pird,300,True,0.42333333333333334,0.19,True,2.8679482341717525e-10,67,5.406461986206241
Fuzzy,0316,additive,negative,slow,exponential,2.0,global,300,True,0.51,0.5133333333333333,False,0.5325461855038325,144,5.406461986206241
Fuzzy,0316,additive,negative,slow,exponential,2.0,or,300,True,0.6566666666666666,0.5133333333333333,True,0.00018346352127849417,67,5.406461986206241
Fuzzy,0316,additive,negative,slow,exponential,2.0,max,300,True,0.5,0.5,False,0.5,146,5.406461986206241
Fuzzy,0316,additive,negative,slow,exponential,2.0,weighted_0.25,300,True,0.51,0.5,False,0.40324322828387876,144,5.406461986206241
Fuzzy,0316,additive,negative,slow,exponential,2.0,weighted_0.5,300,True,0.52,0.5066666666666667,False,0.3719417957056961,100,5.406461986206241
Fuzzy,0316,additive,negative,slow,exponential,2.0,weighted_0.75,300,True,0.7266666666666667,0.5066666666666667,True,1.4964616617686838e-08,20,5.406461986206241
Fuzzy,0316,additive,negative,fast,exponential,3.0,pird,300,True,0.91,0.19,True,1.340395908343076e-70,12,7.756035808394518
Fuzzy,0316,additive,negative,fast,exponential,3.0,global,300,True,0.51,0.5133333333333333,False,0.5325461855038325,144,7.756035808394518
Fuzzy,0316,additive,negative,fast,exponential,3.0,or,300,True,0.91,0.5133333333333333,True,3.896515660576737e-27,12,7.756035808394518
Fuzzy,0316,additive,negative,fast,exponential,3.0,max,300,True,0.5,0.5,False,0.5,146,7.756035808394518
Fuzzy,0316,additive,negative,fast,exponential,3.0,weighted_0.25,300,True,0.5133333333333333,0.5,False,0.37197475744350705,144,7.756035808394518
Fuzzy,0316,additive,negative,fast,exponential,3.0,weighted_0.5,300,True,0.6166666666666667,0.5066666666666667,True,0.0033121057507753257,20,7.756035808394518
Fuzzy,0316,additive,negative,fast,exponential,3.0,weighted_0.75,300,True,0.9566666666666667,0.5066666666666667,True,8.08647350487903e-36,10,7.756035808394518
Fuzzy,0316,additive,negative,medium,exponential,3.0,pird,300,True,0.86,0.19,True,5.631212021866913e-61,34,7.6273566713578465
Fuzzy,0316,additive,negative,medium,exponential,3.0,global,300,True,0.51,0.5133333333333333,False,0.5325461855038325,144,7.6273566713578465
Fuzzy,0316,additive,negative,medium,exponential,3.0,or,300,True,0.86,0.5133333333333333,True,2.759006341876871e-20,34,7.6273566713578465
Fuzzy,0316,additive,negative,medium,exponential,3.0,max,300,True,0.5,0.5,False,0.5,146,7.6273566713578465
Fuzzy,0316,additive,negative,medium,exponential,3.0,weighted_0.25,300,True,0.5133333333333333,0.5,False,0.37197475744350705,144,7.6273566713578465
Fuzzy,0316,additive,negative,medium,exponential,3.0,weighted_0.5,300,True,0.5366666666666666,0.5066666666666667,False,0.23100600305445604,100,7.6273566713578465
Fuzzy,0316,additive,negative,medium,exponential,3.0,weighted_0.75,300,True,0.8966666666666666,0.5066666666666667,True,8.15410058137686e-26,10,7.6273566713578465
Fuzzy,0316,additive,negative,slow,exponential,3.0,pird,300,True,0.57,0.19,True,4.477441929888849e-22,57,7.30493183035201
Fuzzy,0316,additive,negative,slow,exponential,3.0,global,300,True,0.51,0.5133333333333333,False,0.5325461855038325,144,7.30493183035201
Fuzzy,0316,additive,negative,slow,exponential,3.0,or,300,True,0.7333333333333333,0.5133333333333333,True,1.3434663187479072e-08,57,7.30493183035201
Fuzzy,0316,additive,negative,slow,exponential,3.0,max,300,True,0.5,0.5,False,0.5,146,7.30493183035201
Fuzzy,0316,additive,negative,slow,exponential,3.0,weighted_0.25,300,True,0.5133333333333333,0.5,False,0.37197475744350705,144,7.30493183035201
Fuzzy,0316,additive,negative,slow,exponential,3.0,weighted_0.5,300,True,0.52,0.5066666666666667,False,0.3719417957056961,100,7.30493183035201
Fuzzy,0316,additive,negative,slow,exponential,3.0,weighted_0.75,300,True,0.8233333333333334,0.5066666666666667,True,1.0430440026467038e-16,10,7.30493183035201
Fuzzy,0316,mean_shift,positive,fast,exponential,0.25,pird,300,False,0.0,0.19,False,0.9999999999999989,-1,2.941975129330691
Fuzzy,0316,mean_shift,positive,fast,exponential,0.25,global,300,True,0.51,0.5133333333333333,False,0.5325461855038325,144,2.941975129330691
Fuzzy,0316,mean_shift,positive,fast,exponential,0.25,or,300,True,0.51,0.5133333333333333,False,0.5325461855038325,144,2.941975129330691
Fuzzy,0316,mean_shift,positive,fast,exponential,0.25,max,300,True,0.5,0.5,False,0.5,146,2.941975129330691
Fuzzy,0316,mean_shift,positive,fast,exponential,0.25,weighted_0.25,300,True,0.51,0.5,False,0.40324322828387876,144,2.941975129330691
Fuzzy,0316,mean_shift,positive,fast,exponential,0.25,weighted_0.5,300,True,0.5133333333333333,0.5066666666666667,False,0.4351285254884733,144,2.941975129330691
Fuzzy,0316,mean_shift,positive,fast,exponential,0.25,weighted_0.75,300,True,0.59,0.5066666666666667,True,0.020140975563166356,10,2.941975129330691
Fuzzy,0316,mean_shift,positive,medium,exponential,0.25,pird,300,False,0.0,0.19,False,0.9999999999999989,-1,2.941975129330691
Fuzzy,0316,mean_shift,positive,medium,exponential,0.25,global,300,True,0.51,0.5133333333333333,False,0.5325461855038325,144,2.941975129330691
Fuzzy,0316,mean_shift,positive,medium,exponential,0.25,or,300,True,0.51,0.5133333333333333,False,0.5325461855038325,144,2.941975129330691
Fuzzy,0316,mean_shift,positive,medium,exponential,0.25,max,300,True,0.5,0.5,False,0.5,146,2.941975129330691
Fuzzy,0316,mean_shift,positive,medium,exponential,0.25,weighted_0.25,300,True,0.51,0.5,False,0.40324322828387876,144,2.941975129330691
Fuzzy,0316,mean_shift,positive,medium,exponential,0.25,weighted_0.5,300,True,0.5133333333333333,0.5066666666666667,False,0.4351285254884733,144,2.941975129330691
Fuzzy,0316,mean_shift,positive,medium,exponential,0.25,weighted_0.75,300,True,0.53,0.5066666666666667,False,0.28368395365130095,20,2.941975129330691
Fuzzy,0316,mean_shift,positive,slow,exponential,0.25,pird,300,False,0.0,0.19,False,0.9999999999999989,-1,2.941975129330691
Fuzzy,0316,mean_shift,positive,slow,exponential,0.25,global,300,True,0.51,0.5133333333333333,False,0.5325461855038325,144,2.941975129330691
Fuzzy,0316,mean_shift,positive,slow,exponential,0.25,or,300,True,0.51,0.5133333333333333,False,0.5325461855038325,144,2.941975129330691
Fuzzy,0316,mean_shift,positive,slow,exponential,0.25,max,300,True,0.5,0.5,False,0.5,146,2.941975129330691
Fuzzy,0316,mean_shift,positive,slow,exponential,0.25,weighted_0.25,300,True,0.5066666666666667,0.5,False,0.4351399575568747,144,2.941975129330691
Fuzzy,0316,mean_shift,positive,slow,exponential,0.25,weighted_0.5,300,True,0.5133333333333333,0.5066666666666667,False,0.4351285254884733,144,2.941975129330691
Fuzzy,0316,mean_shift,positive,slow,exponential,0.25,weighted_0.75,300,True,0.53,0.5066666666666667,False,0.28368395365130095,10,2.941975129330691
Fuzzy,0316,mean_shift,positive,fast,exponential,0.5,pird,300,True,0.8133333333333334,0.19,True,6.1928906356413835e-53,56,2.941975129330691
Fuzzy,0316,mean_shift,positive,fast,exponential,0.5,global,300,True,0.51,0.5133333333333333,False,0.5325461855038325,144,2.941975129330691
Fuzzy,0316,mean_shift,positive,fast,exponential,0.5,or,300,True,0.8133333333333334,0.5133333333333333,True,3.772094920977338e-15,56,2.941975129330691
Fuzzy,0316,mean_shift,positive,fast,exponential,0.5,max,300,True,0.5,0.5,False,0.5,146,2.941975129330691
Fuzzy,0316,mean_shift,positive,fast,exponential,0.5,weighted_0.25,300,True,0.51,0.5,False,0.40324322828387876,144,2.941975129330691
Fuzzy,0316,mean_shift,positive,fast,exponential,0.5,weighted_0.5,300,True,0.5166666666666667,0.5066666666666667,False,0.4032221444250837,100,2.941975129330691
Fuzzy,0316,mean_shift,positive,fast,exponential,0.5,weighted_0.75,300,True,0.8733333333333333,0.5066666666666667,True,1.3689544778942188e-22,10,2.941975129330691
Fuzzy,0316,mean_shift,positive,medium,exponential,0.5,pird,300,True,0.6266666666666667,0.19,True,7.13721613879301e-28,112,2.941975129330691
Fuzzy,0316,mean_shift,positive,medium,exponential,0.5,global,300,True,0.51,0.5133333333333333,False,0.5325461855038325,144,2.941975129330691
Fuzzy,0316,mean_shift,positive,medium,exponential,0.5,or,300,True,0.6266666666666667,0.5133333333333333,True,0.002525989627241644,112,2.941975129330691
Fuzzy,0316,mean_shift,positive,medium,exponential,0.5,max,300,True,0.5,0.5,False,0.5,146,2.941975129330691
Fuzzy,0316,mean_shift,positive,medium,exponential,0.5,weighted_0.25,300,True,0.51,0.5,False,0.40324322828387876,144,2.941975129330691
Fuzzy,0316,mean_shift,positive,medium,exponential,0.5,weighted_0.5,300,True,0.5133333333333333,0.5066666666666667,False,0.4351285254884733,144,2.941975129330691
Fuzzy,0316,mean_shift,positive,medium,exponential,0.5,weighted_0.75,300,True,0.68,0.5066666666666667,True,7.740030189000107e-06,10,2.941975129330691
Fuzzy,0316,mean_shift,positive,slow,exponential,0.5,pird,300,True,0.25333333333333335,0.19,True,0.03092059163403693,224,2.941975129330691
Fuzzy,0316,mean_shift,positive,slow,exponential,0.5,global,300,True,0.51,0.5133333333333333,False,0.5325461855038325,144,2.941975129330691
Fuzzy,0316,mean_shift,positive,slow,exponential,0.5,or,300,True,0.52,0.5133333333333333,False,0.43510564320562883,144,2.941975129330691
Fuzzy,0316,mean_shift,positive,slow,exponential,0.5,max,300,True,0.5,0.5,False,0.5,146,2.941975129330691
Fuzzy,0316,mean_shift,positive,slow,exponential,0.5,weighted_0.25,300,True,0.5066666666666667,0.5,False,0.4351399575568747,144,2.941975129330691
Fuzzy,0316,mean_shift,positive,slow,exponential,0.5,weighted_0.5,300,True,0.5133333333333333,0.5066666666666667,False,0.4351285254884733,144,2.941975129330691
Fuzzy,0316,mean_shift,positive,slow,exponential,0.5,weighted_0.75,300,True,0.53,0.5066666666666667,False,0.28368395365130095,20,2.941975129330691
Fuzzy,0316,mean_shift,positive,fast,exponential,0.75,pird,300,True,0.86,0.19,True,5.631212021866913e-61,42,2.941975129330691
Fuzzy,0316,mean_shift,positive,fast,exponential,0.75,global,300,True,0.5133333333333333,0.5133333333333333,False,0.5,144,2.941975129330691
Fuzzy,0316,mean_shift,positive,fast,exponential,0.75,or,300,True,0.86,0.5133333333333333,True,2.759006341876871e-20,42,2.941975129330691
Fuzzy,0316,mean_shift,positive,fast,exponential,0.75,max,300,True,0.5,0.5,False,0.5,146,2.941975129330691
Fuzzy,0316,mean_shift,positive,fast,exponential,0.75,weighted_0.25,300,True,0.5133333333333333,0.5,False,0.37197475744350705,144,2.941975129330691
Fuzzy,0316,mean_shift,positive,fast,exponential,0.75,weighted_0.5,300,True,0.5233333333333333,0.5066666666666667,False,0.34147822573568676,30,2.941975129330691
Fuzzy,0316,mean_shift,positive,fast,exponential,0.75,weighted_0.75,300,True,0.9,0.5066666666666667,True,2.647806243230191e-26,10,2.941975129330691
Fuzzy,0316,mean_shift,positive,medium,exponential,0.75,pird,300,True,0.7233333333333334,0.19,True,1.3818026271463244e-39,83,2.941975129330691
Fuzzy,0316,mean_shift,positive,medium,exponential,0.75,global,300,True,0.5133333333333333,0.5133333333333333,False,0.5,144,2.941975129330691
Fuzzy,0316,mean_shift,positive,medium,exponential,0.75,or,300,True,0.7233333333333334,0.5133333333333333,True,5.972490030952982e-08,83,2.941975129330691
Fuzzy,0316,mean_shift,positive,medium,exponential,0.75,max,300,True,0.5,0.5,False,0.5,146,2.941975129330691
Fuzzy,0316,mean_shift,positive,medium,exponential,0.75,weighted_0.25,300,True,0.5133333333333333,0.5,False,0.37197475744350705,144,2.941975129330691
Fuzzy,0316,mean_shift,positive,medium,exponential,0.75,weighted_0.5,300,True,0.52,0.5066666666666667,False,0.3719417957056961,100,2.941975129330691
Fuzzy,0316,mean_shift,positive,medium,exponential,0.75,weighted_0.75,300,True,0.79,0.5066666666666667,True,1.8324851611794613e-13,10,2.941975129330691
Fuzzy,0316,mean_shift,positive,slow,exponential,0.75,pird,300,True,0.44666666666666666,0.19,True,7.484472146402126e-12,166,2.941975129330691
Fuzzy,0316,mean_shift,positive,slow,exponential,0.75,global,300,True,0.51,0.5133333333333333,False,0.5325461855038325,144,2.941975129330691
Fuzzy,0316,mean_shift,positive,slow,exponential,0.75,or,300,True,0.52,0.5133333333333333,False,0.43510564320562883,144,2.941975129330691
Fuzzy,0316,mean_shift,positive,slow,exponential,0.75,max,300,True,0.5,0.5,False,0.5,146,2.941975129330691
Fuzzy,0316,mean_shift,positive,slow,exponential,0.75,weighted_0.25,300,True,0.5133333333333333,0.5,False,0.37197475744350705,144,2.941975129330691
Fuzzy,0316,mean_shift,positive,slow,exponential,0.75,weighted_0.5,300,True,0.5133333333333333,0.5066666666666667,False,0.4351285254884733,144,2.941975129330691
Fuzzy,0316,mean_shift,positive,slow,exponential,0.75,weighted_0.75,300,True,0.5366666666666666,0.5066666666666667,False,0.23100600305445604,10,2.941975129330691
Fuzzy,0316,mean_shift,positive,fast,exponential,1.0,pird,300,True,0.89,0.19,True,1.2923548648046537e-66,33,3.354623708415623
Fuzzy,0316,mean_shift,positive,fast,exponential,1.0,global,300,True,0.5133333333333333,0.5133333333333333,False,0.5,144,3.354623708415623
Fuzzy,0316,mean_shift,positive,fast,exponential,1.0,or,300,True,0.89,0.5133333333333333,True,3.2869963274710418e-24,33,3.354623708415623
Fuzzy,0316,mean_shift,positive,fast,exponential,1.0,max,300,True,0.5,0.5,False,0.5,146,3.354623708415623
Fuzzy,0316,mean_shift,positive,fast,exponential,1.0,weighted_0.25,300,True,0.5133333333333333,0.5,False,0.37197475744350705,144,3.354623708415623
Fuzzy,0316,mean_shift,positive,fast,exponential,1.0,weighted_0.5,300,True,0.5966666666666667,0.5066666666666667,True,0.013331865871563684,30,3.354623708415623
Fuzzy,0316,mean_shift,positive,fast,exponential,1.0,weighted_0.75,300,True,0.92,0.5066666666666667,True,2.1651163038287268e-29,10,3.354623708415623
Fuzzy,0316,mean_shift,positive,medium,exponential,1.0,pird,300,True,0.78,0.19,True,1.1079142557091469e-47,66,3.354623708415623
Fuzzy,0316,mean_shift,positive,medium,exponential,1.0,global,300,True,0.5133333333333333,0.5133333333333333,False,0.5,144,3.354623708415623
Fuzzy,0316,mean_shift,positive,medium,exponential,1.0,or,300,True,0.78,0.5133333333333333,True,4.1713732317348024e-12,66,3.354623708415623
Fuzzy,0316,mean_shift,positive,medium,exponential,1.0,max,300,True,0.5,0.5,False,0.5,146,3.354623708415623
Fuzzy,0316,mean_shift,positive,medium,exponential,1.0,weighted_0.25,300,True,0.5133333333333333,0.5,False,0.37197475744350705,144,3.354623708415623
Fuzzy,0316,mean_shift,positive,medium,exponential,1.0,weighted_0.5,300,True,0.5233333333333333,0.5066666666666667,False,0.34147822573568676,100,3.354623708415623
Fuzzy,0316,mean_shift,positive,medium,exponential,1.0,weighted_0.75,300,True,0.8433333333333334,0.5066666666666667,True,6.6345282289953e-19,10,3.354623708415623
Fuzzy,0316,mean_shift,positive,slow,exponential,1.0,pird,300,True,0.5566666666666666,0.19,True,8.136696583089045e-21,133,3.354623708415623
Fuzzy,0316,mean_shift,positive,slow,exponential,1.0,global,300,True,0.5133333333333333,0.5133333333333333,False,0.5,144,3.354623708415623
Fuzzy,0316,mean_shift,positive,slow,exponential,1.0,or,300,True,0.5566666666666666,0.5133333333333333,False,0.14365173538105758,133,3.354623708415623
Fuzzy,0316,mean_shift,positive,slow,exponential,1.0,max,300,True,0.5,0.5,False,0.5,146,3.354623708415623
Fuzzy,0316,mean_shift,positive,slow,exponential,1.0,weighted_0.25,300,True,0.5133333333333333,0.5,False,0.37197475744350705,144,3.354623708415623
Fuzzy,0316,mean_shift,positive,slow,exponential,1.0,weighted_0.5,300,True,0.5166666666666667,0.5066666666666667,False,0.4032221444250837,144,3.354623708415623
Fuzzy,0316,mean_shift,positive,slow,exponential,1.0,weighted_0.75,300,True,0.59,0.5066666666666667,True,0.020140975563166356,10,3.354623708415623
Fuzzy,0316,mean_shift,positive,fast,exponential,1.5,pird,300,True,0.92,0.19,True,1.1573822058525692e-72,24,4.942200183371162
Fuzzy,0316,mean_shift,positive,fast,exponential,1.5,global,300,True,0.5133333333333333,0.5133333333333333,False,0.5,144,4.942200183371162
Fuzzy,0316,mean_shift,positive,fast,exponential,1.5,or,300,True,0.92,0.5133333333333333,True,1.061070470703318e-28,24,4.942200183371162
Fuzzy,0316,mean_shift,positive,fast,exponential,1.5,max,300,True,0.76,0.5,True,2.1191000068179104e-11,72,4.942200183371162
Fuzzy,0316,mean_shift,positive,fast,exponential,1.5,weighted_0.25,300,True,0.5166666666666667,0.5,False,0.34152488320657537,100,4.942200183371162
Fuzzy,0316,mean_shift,positive,fast,exponential,1.5,weighted_0.5,300,True,0.82,0.5066666666666667,True,2.320087907840117e-16,20,4.942200183371162
Fuzzy,0316,mean_shift,positive,fast,exponential,1.5,weighted_0.75,300,True,0.94,0.5066666666666667,True,9.136185297875712e-33,10,4.942200183371162
Fuzzy,0316,mean_shift,positive,medium,exponential,1.5,pird,300,True,0.84,0.19,True,1.9981040761866912e-57,48,4.942200183371162
Fuzzy,0316,mean_shift,positive,medium,exponential,1.5,global,300,True,0.5133333333333333,0.5133333333333333,False,0.5,144,4.942200183371162
Fuzzy,0316,mean_shift,positive,medium,exponential,1.5,or,300,True,0.84,0.5133333333333333,True,5.976724529407487e-18,48,4.942200183371162
Fuzzy,0316,mean_shift,positive,medium,exponential,1.5,max,300,True,0.52,0.5,False,0.31206837968761514,144,4.942200183371162
Fuzzy,0316,mean_shift,positive,medium,exponential,1.5,weighted_0.25,300,True,0.5133333333333333,0.5,False,0.37197475744350705,144,4.942200183371162
Fuzzy,0316,mean_shift,positive,medium,exponential,1.5,weighted_0.5,300,True,0.5866666666666667,0.5066666666666667,True,0.024523488421573435,30,4.942200183371162
Fuzzy,0316,mean_shift,positive,medium,exponential,1.5,weighted_0.75,300,True,0.8933333333333333,0.5066666666666667,True,2.4701033900096518e-25,10,4.942200183371162
Fuzzy,0316,mean_shift,positive,slow,exponential,1.5,pird,300,True,0.6833333333333333,0.19,True,1.9317973919498153e-34,95,4.942200183371162
Fuzzy,0316,mean_shift,positive,slow,exponential,1.5,global,300,True,0.5133333333333333,0.5133333333333333,False,0.5,144,4.942200183371162
Fuzzy,0316,mean_shift,positive,slow,exponential,1.5,or,300,True,0.6833333333333333,0.5133333333333333,True,1.0828914521295539e-05,95,4.942200183371162
Fuzzy,0316,mean_shift,positive,slow,exponential,1.5,max,300,True,0.5,0.5,False,0.5,146,4.942200183371162
Fuzzy,0316,mean_shift,positive,slow,exponential,1.5,weighted_0.25,300,True,0.5133333333333333,0.5,False,0.37197475744350705,144,4.942200183371162
Fuzzy,0316,mean_shift,positive,slow,exponential,1.5,weighted_0.5,300,True,0.5233333333333333,0.5066666666666667,False,0.34147822573568676,100,4.942200183371162
Fuzzy,0316,mean_shift,positive,slow,exponential,1.5,weighted_0.75,300,True,0.7633333333333333,0.5066666666666667,True,3.298858381959202e-11,10,4.942200183371162
Fuzzy,0316,mean_shift,positive,fast,exponential,2.0,pird,300,True,0.9366666666666666,0.19,True,3.253122823870101e-76,19,6.610987509053348
Fuzzy,0316,mean_shift,positive,fast,exponential,2.0,global,300,True,0.5133333333333333,0.5133333333333333,False,0.5,144,6.610987509053348
Fuzzy,0316,mean_shift,positive,fast,exponential,2.0,or,300,True,0.9366666666666666,0.5133333333333333,True,1.7987124924395502e-31,19,6.610987509053348
Fuzzy,0316,mean_shift,positive,fast,exponential,2.0,max,300,True,0.8033333333333333,0.5,True,3.157231434680467e-15,59,6.610987509053348
Fuzzy,0316,mean_shift,positive,fast,exponential,2.0,weighted_0.25,300,True,0.5166666666666667,0.5,False,0.34152488320657537,100,6.610987509053348
Fuzzy,0316,mean_shift,positive,fast,exponential,2.0,weighted_0.5,300,True,0.8733333333333333,0.5066666666666667,True,1.3689544778942188e-22,20,6.610987509053348
Fuzzy,0316,mean_shift,positive,fast,exponential,2.0,weighted_0.75,300,True,0.9533333333333334,0.5066666666666667,True,3.4424785168635645e-35,10,6.610987509053348
Fuzzy,0316,mean_shift,positive,medium,exponential,2.0,pird,300,True,0.8766666666666667,0.19,True,4.6339595762865505e-64,37,6.610987509053348
Fuzzy,0316,mean_shift,positive,medium,exponential,2.0,global,300,True,0.5133333333333333,0.5133333333333333,False,0.5,144,6.610987509053348
Fuzzy,0316,mean_shift,positive,medium,exponential,2.0,or,300,True,0.8766666666666667,0.5133333333333333,True,2.1200136051715705e-22,37,6.610987509053348
Fuzzy,0316,mean_shift,positive,medium,exponential,2.0,max,300,True,0.6033333333333334,0.5,True,0.005467611096701248,119,6.610987509053348
Fuzzy,0316,mean_shift,positive,medium,exponential,2.0,weighted_0.25,300,True,0.5133333333333333,0.5,False,0.37197475744350705,144,6.610987509053348
Fuzzy,0316,mean_shift,positive,medium,exponential,2.0,weighted_0.5,300,True,0.6833333333333333,0.5066666666666667,True,5.223161951333038e-06,30,6.610987509053348
Fuzzy,0316,mean_shift,positive,medium,exponential,2.0,weighted_0.75,300,True,0.9133333333333333,0.5066666666666667,True,2.484253947178702e-28,10,6.610987509053348
Fuzzy,0316,mean_shift,positive,slow,exponential,2.0,pird,300,True,0.7533333333333333,0.19,True,9.520253403018864e-44,74,6.610987509053348
Fuzzy,0316,mean_shift,positive,slow,exponential,2.0,global,300,True,0.5133333333333333,0.5133333333333333,False,0.5,144,6.610987509053348
Fuzzy,0316,mean_shift,positive,slow,exponential,2.0,or,300,True,0.7533333333333333,0.5133333333333333,True,5.315016907445427e-10,74,6.610987509053348
Fuzzy,0316,mean_shift,positive,slow,exponential,2.0,max,300,True,0.5133333333333333,0.5,False,0.37197475744350705,146,6.610987509053348
Fuzzy,0316,mean_shift,positive,slow,exponential,2.0,weighted_0.25,300,True,0.5133333333333333,0.5,False,0.37197475744350705,144,6.610987509053348
Fuzzy,0316,mean_shift,positive,slow,exponential,2.0,weighted_0.5,300,True,0.5233333333333333,0.5066666666666667,False,0.34147822573568676,100,6.610987509053348
Fuzzy,0316,mean_shift,positive,slow,exponential,2.0,weighted_0.75,300,True,0.8233333333333334,0.5066666666666667,True,1.0430440026467038e-16,10,6.610987509053348
Fuzzy,0316,mean_shift,positive,fast,exponential,3.0,pird,300,True,0.9566666666666667,0.19,True,1.140687762269476e-80,13,9.949719754444743
Fuzzy,0316,mean_shift,positive,fast,exponential,3.0,global,300,True,0.5133333333333333,0.5133333333333333,False,0.5,144,9.949719754444743
Fuzzy,0316,mean_shift,positive,fast,exponential,3.0,or,300,True,0.9566666666666667,0.5133333333333333,True,4.366045409849114e-35,13,9.949719754444743
Fuzzy,0316,mean_shift,positive,fast,exponential,3.0,max,300,True,0.8533333333333334,0.5,True,1.1056169886771932e-20,44,9.949719754444743
Fuzzy,0316,mean_shift,positive,fast,exponential,3.0,weighted_0.25,300,True,0.52,0.5,False,0.31206837968761514,100,9.949719754444743
Fuzzy,0316,mean_shift,positive,fast,exponential,3.0,weighted_0.5,300,True,0.8966666666666666,0.5066666666666667,True,8.15410058137686e-26,20,9.949719754444743
Fuzzy,0316,mean_shift,positive,fast,exponential,3.0,weighted_0.75,300,True,0.9633333333333334,0.5066666666666667,True,4.174724397864977e-37,10,9.949719754444743
Fuzzy,0316,mean_shift,positive,medium,exponential,3.0,pird,300,True,0.9133333333333333,0.19,True,2.7845506922007652e-71,26,9.949719754444743
Fuzzy,0316,mean_shift,positive,medium,exponential,3.0,global,300,True,0.5133333333333333,0.5133333333333333,False,0.5,144,9.949719754444743
Fuzzy,0316,mean_shift,positive,medium,exponential,3.0,or,300,True,0.9133333333333333,0.5133333333333333,True,1.1935954576278361e-27,26,9.949719754444743
Fuzzy,0316,mean_shift,positive,medium,exponential,3.0,max,300,True,0.7033333333333334,0.5,True,1.8198508222840082e-07,89,9.949719754444743
Fuzzy,0316,mean_shift,positive,medium,exponential,3.0,weighted_0.25,300,True,0.52,0.5,False,0.31206837968761514,100,9.949719754444743
Fuzzy,0316,mean_shift,positive,medium,exponential,3.0,weighted_0.5,300,True,0.79,0.5066666666666667,True,1.8324851611794613e-13,20,9.949719754444743
Fuzzy,0316,mean_shift,positive,medium,exponential,3.0,weighted_0.75,300,True,0.9366666666666666,0.5066666666666667,True,3.5024711698129655e-32,10,9.949719754444743
Fuzzy,0316,mean_shift,positive,slow,exponential,3.0,pird,300,True,0.83,0.19,True,1.0383836457667422e-55,51,9.949719754444743
Fuzzy,0316,mean_shift,positive,slow,exponential,3.0,global,300,True,0.5133333333333333,0.5133333333333333,False,0.5,144,9.949719754444743
Fuzzy,0316,mean_shift,positive,slow,exponential,3.0,or,300,True,0.83,0.5133333333333333,True,7.361144612398058e-17,51,9.949719754444743
Fuzzy,0316,mean_shift,positive,slow,exponential,3.0,max,300,True,0.5133333333333333,0.5,False,0.37197475744350705,146,9.949719754444743
Fuzzy,0316,mean_shift,positive,slow,exponential,3.0,weighted_0.25,300,True,0.5166666666666667,0.5,False,0.34152488320657537,144,9.949719754444743
Fuzzy,0316,mean_shift,positive,slow,exponential,3.0,weighted_0.5,300,True,0.5433333333333333,0.5066666666666667,False,0.18425415680535476,30,9.949719754444743
Fuzzy,0316,mean_shift,positive,slow,exponential,3.0,weighted_0.75,300,True,0.8866666666666667,0.5066666666666667,True,2.159559238272635e-24,10,9.949719754444743
Fuzzy,0316,mean_shift,negative,fast,exponential,0.25,pird,300,False,0.0,0.19,False,0.9999999999999989,-1,2.941975129330691
Fuzzy,0316,mean_shift,negative,fast,exponential,0.25,global,300,True,0.51,0.5133333333333333,False,0.5325461855038325,144,2.941975129330691
Fuzzy,0316,mean_shift,negative,fast,exponential,0.25,or,300,True,0.51,0.5133333333333333,False,0.5325461855038325,144,2.941975129330691
Fuzzy,0316,mean_shift,negative,fast,exponential,0.25,max,300,True,0.5,0.5,False,0.5,146,2.941975129330691
Fuzzy,0316,mean_shift,negative,fast,exponential,0.25,weighted_0.25,300,True,0.5,0.5,False,0.5,146,2.941975129330691
Fuzzy,0316,mean_shift,negative,fast,exponential,0.25,weighted_0.5,300,True,0.5033333333333333,0.5066666666666667,False,0.5325389675555868,146,2.941975129330691
Fuzzy,0316,mean_shift,negative,fast,exponential,0.25,weighted_0.75,300,True,0.49666666666666665,0.5066666666666667,False,0.5967525565974391,146,2.941975129330691
Fuzzy,0316,mean_shift,negative,medium,exponential,0.25,pird,300,False,0.0,0.19,False,0.9999999999999989,-1,2.941975129330691
Fuzzy,0316,mean_shift,negative,medium,exponential,0.25,global,300,True,0.51,0.5133333333333333,False,0.5325461855038325,144,2.941975129330691
Fuzzy,0316,mean_shift,negative,medium,exponential,0.25,or,300,True,0.51,0.5133333333333333,False,0.5325461855038325,144,2.941975129330691
Fuzzy,0316,mean_shift,negative,medium,exponential,0.25,max,300,True,0.5,0.5,False,0.5,146,2.941975129330691
Fuzzy,0316,mean_shift,negative,medium,exponential,0.25,weighted_0.25,300,True,0.5,0.5,False,0.5,146,2.941975129330691
Fuzzy,0316,mean_shift,negative,medium,exponential,0.25,weighted_0.5,300,True,0.5033333333333333,0.5066666666666667,False,0.5325389675555868,146,2.941975129330691
Fuzzy,0316,mean_shift,negative,medium,exponential,0.25,weighted_0.75,300,True,0.49666666666666665,0.5066666666666667,False,0.5967525565974391,146,2.941975129330691
Fuzzy,0316,mean_shift,negative,slow,exponential,0.25,pird,300,False,0.0,0.19,False,0.9999999999999989,-1,2.941975129330691
Fuzzy,0316,mean_shift,negative,slow,exponential,0.25,global,300,True,0.51,0.5133333333333333,False,0.5325461855038325,144,2.941975129330691
Fuzzy,0316,mean_shift,negative,slow,exponential,0.25,or,300,True,0.51,0.5133333333333333,False,0.5325461855038325,144,2.941975129330691
Fuzzy,0316,mean_shift,negative,slow,exponential,0.25,max,300,True,0.5,0.5,False,0.5,146,2.941975129330691
Fuzzy,0316,mean_shift,negative,slow,exponential,0.25,weighted_0.25,300,True,0.5033333333333333,0.5,False,0.4674624754578747,146,2.941975129330691
Fuzzy,0316,mean_shift,negative,slow,exponential,0.25,weighted_0.5,300,True,0.51,0.5066666666666667,False,0.46745814584143225,144,2.941975129330691
Fuzzy,0316,mean_shift,negative,slow,exponential,0.25,weighted_0.75,300,True,0.51,0.5066666666666667,False,0.46745814584143225,20,2.941975129330691
Fuzzy,0316,mean_shift,negative,fast,exponential,0.5,pird,300,False,0.0,0.19,False,0.9999999999999989,-1,2.941975129330691
Fuzzy,0316,mean_shift,negative,fast,exponential,0.5,global,300,True,0.51,0.5133333333333333,False,0.5325461855038325,144,2.941975129330691
Fuzzy,0316,mean_shift,negative,fast,exponential,0.5,or,300,True,0.51,0.5133333333333333,False,0.5325461855038325,144,2.941975129330691
Fuzzy,0316,mean_shift,negative,fast,exponential,0.5,max,300,True,0.5,0.5,False,0.5,146,2.941975129330691
Fuzzy,0316,mean_shift,negative,fast,exponential,0.5,weighted_0.25,300,True,0.5033333333333333,0.5,False,0.4674624754578747,146,2.941975129330691
Fuzzy,0316,mean_shift,negative,fast,exponential,0.5,weighted_0.5,300,True,0.5066666666666667,0.5066666666666667,False,0.5,144,2.941975129330691
Fuzzy,0316,mean_shift,negative,fast,exponential,0.5,weighted_0.75,300,True,0.5033333333333333,0.5066666666666667,False,0.5325389675555868,146,2.941975129330691
Fuzzy,0316,mean_shift,negative,medium,exponential,0.5,pird,300,False,0.0,0.19,False,0.9999999999999989,-1,2.941975129330691
Fuzzy,0316,mean_shift,negative,medium,exponential,0.5,global,300,True,0.51,0.5133333333333333,False,0.5325461855038325,144,2.941975129330691
Fuzzy,0316,mean_shift,negative,medium,exponential,0.5,or,300,True,0.51,0.5133333333333333,False,0.5325461855038325,144,2.941975129330691
Fuzzy,0316,mean_shift,negative,medium,exponential,0.5,max,300,True,0.5,0.5,False,0.5,146,2.941975129330691
Fuzzy,0316,mean_shift,negative,medium,exponential,0.5,weighted_0.25,300,True,0.5033333333333333,0.5,False,0.4674624754578747,146,2.941975129330691
Fuzzy,0316,mean_shift,negative,medium,exponential,0.5,weighted_0.5,300,True,0.5033333333333333,0.5066666666666667,False,0.5325389675555868,146,2.941975129330691
Fuzzy,0316,mean_shift,negative,medium,exponential,0.5,weighted_0.75,300,True,0.5033333333333333,0.5066666666666667,False,0.5325389675555868,146,2.941975129330691
Fuzzy,0316,mean_shift,negative,slow,exponential,0.5,pird,300,False,0.0,0.19,False,0.9999999999999989,-1,2.941975129330691
Fuzzy,0316,mean_shift,negative,slow,exponential,0.5,global,300,True,0.51,0.5133333333333333,False,0.5325461855038325,144,2.941975129330691
Fuzzy,0316,mean_shift,negative,slow,exponential,0.5,or,300,True,0.51,0.5133333333333333,False,0.5325461855038325,144,2.941975129330691
Fuzzy,0316,mean_shift,negative,slow,exponential,0.5,max,300,True,0.5,0.5,False,0.5,146,2.941975129330691
Fuzzy,0316,mean_shift,negative,slow,exponential,0.5,weighted_0.25,300,True,0.5,0.5,False,0.5,146,2.941975129330691
Fuzzy,0316,mean_shift,negative,slow,exponential,0.5,weighted_0.5,300,True,0.5,0.5066666666666667,False,0.5648600424431253,146,2.941975129330691
Fuzzy,0316,mean_shift,negative,slow,exponential,0.5,weighted_0.75,300,True,0.5,0.5066666666666667,False,0.5648600424431253,146,2.941975129330691
Fuzzy,0316,mean_shift,negative,fast,exponential,0.75,pird,300,False,0.0,0.19,False,0.9999999999999989,-1,2.941975129330691
Fuzzy,0316,mean_shift,negative,fast,exponential,0.75,global,300,True,0.51,0.5133333333333333,False,0.5325461855038325,144,2.941975129330691
Fuzzy,0316,mean_shift,negative,fast,exponential,0.75,or,300,True,0.51,0.5133333333333333,False,0.5325461855038325,144,2.941975129330691
Fuzzy,0316,mean_shift,negative,fast,exponential,0.75,max,300,True,0.5,0.5,False,0.5,146,2.941975129330691
Fuzzy,0316,mean_shift,negative,fast,exponential,0.75,weighted_0.25,300,True,0.5066666666666667,0.5,False,0.4351399575568747,144,2.941975129330691
Fuzzy,0316,mean_shift,negative,fast,exponential,0.75,weighted_0.5,300,True,0.51,0.5066666666666667,False,0.46745814584143225,144,2.941975129330691
Fuzzy,0316,mean_shift,negative,fast,exponential,0.75,weighted_0.75,300,True,0.5166666666666667,0.5066666666666667,False,0.4032221444250837,100,2.941975129330691
Fuzzy,0316,mean_shift,negative,medium,exponential,0.75,pird,300,False,0.0,0.19,False,0.9999999999999989,-1,2.941975129330691
Fuzzy,0316,mean_shift,negative,medium,exponential,0.75,global,300,True,0.51,0.5133333333333333,False,0.5325461855038325,144,2.941975129330691
Fuzzy,0316,mean_shift,negative,medium,exponential,0.75,or,300,True,0.51,0.5133333333333333,False,0.5325461855038325,144,2.941975129330691
Fuzzy,0316,mean_shift,negative,medium,exponential,0.75,max,300,True,0.5,0.5,False,0.5,146,2.941975129330691
Fuzzy,0316,mean_shift,negative,medium,exponential,0.75,weighted_0.25,300,True,0.5033333333333333,0.5,False,0.4674624754578747,146,2.941975129330691
Fuzzy,0316,mean_shift,negative,medium,exponential,0.75,weighted_0.5,300,True,0.51,0.5066666666666667,False,0.46745814584143225,144,2.941975129330691
Fuzzy,0316,mean_shift,negative,medium,exponential,0.75,weighted_0.75,300,True,0.5133333333333333,0.5066666666666667,False,0.4351285254884733,144,2.941975129330691
Fuzzy,0316,mean_shift,negative,slow,exponential,0.75,pird,300,False,0.0,0.19,False,0.9999999999999989,-1,2.941975129330691
Fuzzy,0316,mean_shift,negative,slow,exponential,0.75,global,300,True,0.51,0.5133333333333333,False,0.5325461855038325,144,2.941975129330691
Fuzzy,0316,mean_shift,negative,slow,exponential,0.75,or,300,True,0.51,0.5133333333333333,False,0.5325461855038325,144,2.941975129330691
Fuzzy,0316,mean_shift,negative,slow,exponential,0.75,max,300,True,0.5,0.5,False,0.5,146,2.941975129330691
Fuzzy,0316,mean_shift,negative,slow,exponential,0.75,weighted_0.25,300,True,0.5033333333333333,0.5,False,0.4674624754578747,146,2.941975129330691
Fuzzy,0316,mean_shift,negative,slow,exponential,0.75,weighted_0.5,300,True,0.5033333333333333,0.5066666666666667,False,0.5325389675555868,146,2.941975129330691
Fuzzy,0316,mean_shift,negative,slow,exponential,0.75,weighted_0.75,300,True,0.5,0.5066666666666667,False,0.5648600424431253,146,2.941975129330691
Fuzzy,0316,mean_shift,negative,fast,exponential,1.0,pird,300,False,0.0,0.19,False,0.9999999999999989,-1,2.941975129330691
Fuzzy,0316,mean_shift,negative,fast,exponential,1.0,global,300,True,0.51,0.5133333333333333,False,0.5325461855038325,144,2.941975129330691
Fuzzy,0316,mean_shift,negative,fast,exponential,1.0,or,300,True,0.51,0.5133333333333333,False,0.5325461855038325,144,2.941975129330691
Fuzzy,0316,mean_shift,negative,fast,exponential,1.0,max,300,True,0.5,0.5,False,0.5,146,2.941975129330691
Fuzzy,0316,mean_shift,negative,fast,exponential,1.0,weighted_0.25,300,True,0.5066666666666667,0.5,False,0.4351399575568747,144,2.941975129330691
Fuzzy,0316,mean_shift,negative,fast,exponential,1.0,weighted_0.5,300,True,0.5166666666666667,0.5066666666666667,False,0.4032221444250837,100,2.941975129330691
Fuzzy,0316,mean_shift,negative,fast,exponential,1.0,weighted_0.75,300,True,0.5466666666666666,0.5066666666666667,False,0.16324894440784002,69,2.941975129330691
Fuzzy,0316,mean_shift,negative,medium,exponential,1.0,pird,300,False,0.0,0.19,False,0.9999999999999989,-1,2.941975129330691
Fuzzy,0316,mean_shift,negative,medium,exponential,1.0,global,300,True,0.51,0.5133333333333333,False,0.5325461855038325,144,2.941975129330691
Fuzzy,0316,mean_shift,negative,medium,exponential,1.0,or,300,True,0.51,0.5133333333333333,False,0.5325461855038325,144,2.941975129330691
Fuzzy,0316,mean_shift,negative,medium,exponential,1.0,max,300,True,0.5,0.5,False,0.5,146,2.941975129330691
Fuzzy,0316,mean_shift,negative,medium,exponential,1.0,weighted_0.25,300,True,0.5066666666666667,0.5,False,0.4351399575568747,144,2.941975129330691
Fuzzy,0316,mean_shift,negative,medium,exponential,1.0,weighted_0.5,300,True,0.5133333333333333,0.5066666666666667,False,0.4351285254884733,144,2.941975129330691
Fuzzy,0316,mean_shift,negative,medium,exponential,1.0,weighted_0.75,300,True,0.5166666666666667,0.5066666666666667,False,0.4032221444250837,144,2.941975129330691
Fuzzy,0316,mean_shift,negative,slow,exponential,1.0,pird,300,False,0.0,0.19,False,0.9999999999999989,-1,2.941975129330691
Fuzzy,0316,mean_shift,negative,slow,exponential,1.0,global,300,True,0.51,0.5133333333333333,False,0.5325461855038325,144,2.941975129330691
Fuzzy,0316,mean_shift,negative,slow,exponential,1.0,or,300,True,0.51,0.5133333333333333,False,0.5325461855038325,144,2.941975129330691
Fuzzy,0316,mean_shift,negative,slow,exponential,1.0,max,300,True,0.5,0.5,False,0.5,146,2.941975129330691
Fuzzy,0316,mean_shift,negative,slow,exponential,1.0,weighted_0.25,300,True,0.5033333333333333,0.5,False,0.4674624754578747,146,2.941975129330691
Fuzzy,0316,mean_shift,negative,slow,exponential,1.0,weighted_0.5,300,True,0.5033333333333333,0.5066666666666667,False,0.5325389675555868,146,2.941975129330691
Fuzzy,0316,mean_shift,negative,slow,exponential,1.0,weighted_0.75,300,True,0.49666666666666665,0.5066666666666667,False,0.5967525565974391,146,2.941975129330691
Fuzzy,0316,mean_shift,negative,fast,exponential,1.5,pird,300,True,0.7633333333333333,0.19,True,3.3891086533302486e-45,71,3.8227350117694425
Fuzzy,0316,mean_shift,negative,fast,exponential,1.5,global,300,True,0.51,0.5133333333333333,False,0.5325461855038325,144,3.8227350117694425
Fuzzy,0316,mean_shift,negative,fast,exponential,1.5,or,300,True,0.7633333333333333,0.5133333333333333,True,9.300537457540059e-11,71,3.8227350117694425
Fuzzy,0316,mean_shift,negative,fast,exponential,1.5,max,300,True,0.5033333333333333,0.5,False,0.4674624754578747,146,3.8227350117694425
Fuzzy,0316,mean_shift,negative,fast,exponential,1.5,weighted_0.25,300,True,0.51,0.5,False,0.40324322828387876,144,3.8227350117694425
Fuzzy,0316,mean_shift,negative,fast,exponential,1.5,weighted_0.5,300,True,0.5166666666666667,0.5066666666666667,False,0.4032221444250837,100,3.8227350117694425
Fuzzy,0316,mean_shift,negative,fast,exponential,1.5,weighted_0.75,300,True,0.8,0.5066666666666667,True,2.1947709119417274e-14,53,3.8227350117694425
Fuzzy,0316,mean_shift,negative,medium,exponential,1.5,pird,300,True,0.5233333333333333,0.19,True,7.796602908928733e-18,143,3.8227350117694425
Fuzzy,0316,mean_shift,negative,medium,exponential,1.5,global,300,True,0.51,0.5133333333333333,False,0.5325461855038325,144,3.8227350117694425
Fuzzy,0316,mean_shift,negative,medium,exponential,1.5,or,300,True,0.5233333333333333,0.5133333333333333,False,0.4031841587268096,143,3.8227350117694425
Fuzzy,0316,mean_shift,negative,medium,exponential,1.5,max,300,True,0.5033333333333333,0.5,False,0.4674624754578747,146,3.8227350117694425
Fuzzy,0316,mean_shift,negative,medium,exponential,1.5,weighted_0.25,300,True,0.51,0.5,False,0.40324322828387876,144,3.8227350117694425
Fuzzy,0316,mean_shift,negative,medium,exponential,1.5,weighted_0.5,300,True,0.5133333333333333,0.5066666666666667,False,0.4351285254884733,144,3.8227350117694425
Fuzzy,0316,mean_shift,negative,medium,exponential,1.5,weighted_0.75,300,True,0.5533333333333333,0.5066666666666667,False,0.12607178259789853,100,3.8227350117694425
Fuzzy,0316,mean_shift,negative,slow,exponential,1.5,pird,300,True,0.043333333333333335,0.19,False,0.9999999890026562,287,3.8227350117694425
Fuzzy,0316,mean_shift,negative,slow,exponential,1.5,global,300,True,0.51,0.5133333333333333,False,0.5325461855038325,144,3.8227350117694425
Fuzzy,0316,mean_shift,negative,slow,exponential,1.5,or,300,True,0.51,0.5133333333333333,False,0.5325461855038325,144,3.8227350117694425
Fuzzy,0316,mean_shift,negative,slow,exponential,1.5,max,300,True,0.5033333333333333,0.5,False,0.4674624754578747,146,3.8227350117694425
Fuzzy,0316,mean_shift,negative,slow,exponential,1.5,weighted_0.25,300,True,0.5033333333333333,0.5,False,0.4674624754578747,146,3.8227350117694425
Fuzzy,0316,mean_shift,negative,slow,exponential,1.5,weighted_0.5,300,True,0.51,0.5066666666666667,False,0.46745814584143225,144,3.8227350117694425
Fuzzy,0316,mean_shift,negative,slow,exponential,1.5,weighted_0.75,300,True,0.5133333333333333,0.5066666666666667,False,0.4351285254884733,146,3.8227350117694425
Fuzzy,0316,mean_shift,negative,fast,exponential,2.0,pird,300,True,0.8033333333333333,0.19,True,2.5613368101527885e-51,59,4.856568263320966
Fuzzy,0316,mean_shift,negative,fast,exponential,2.0,global,300,True,0.51,0.5133333333333333,False,0.5325461855038325,144,4.856568263320966
Fuzzy,0316,mean_shift,negative,fast,exponential,2.0,or,300,True,0.8033333333333333,0.5133333333333333,True,3.472037527671848e-14,59,4.856568263320966
Fuzzy,0316,mean_shift,negative,fast,exponential,2.0,max,300,True,0.5033333333333333,0.5,False,0.4674624754578747,146,4.856568263320966
Fuzzy,0316,mean_shift,negative,fast,exponential,2.0,weighted_0.25,300,True,0.5133333333333333,0.5,False,0.37197475744350705,144,4.856568263320966
Fuzzy,0316,mean_shift,negative,fast,exponential,2.0,weighted_0.5,300,True,0.53,0.5066666666666667,False,0.28368395365130095,77,4.856568263320966
Fuzzy,0316,mean_shift,negative,fast,exponential,2.0,weighted_0.75,300,True,0.8533333333333334,0.5066666666666667,True,4.4415060050031295e-20,41,4.856568263320966
Fuzzy,0316,mean_shift,negative,medium,exponential,2.0,pird,300,True,0.6066666666666667,0.19,True,9.636971865645522e-26,118,4.856568263320966
Fuzzy,0316,mean_shift,negative,medium,exponential,2.0,global,300,True,0.51,0.5133333333333333,False,0.5325461855038325,144,4.856568263320966
Fuzzy,0316,mean_shift,negative,medium,exponential,2.0,or,300,True,0.6066666666666667,0.5133333333333333,True,0.010644178705393388,118,4.856568263320966
Fuzzy,0316,mean_shift,negative,medium,exponential,2.0,max,300,True,0.5033333333333333,0.5,False,0.4674624754578747,146,4.856568263320966
Fuzzy,0316,mean_shift,negative,medium,exponential,2.0,weighted_0.25,300,True,0.5133333333333333,0.5,False,0.37197475744350705,144,4.856568263320966
Fuzzy,0316,mean_shift,negative,medium,exponential,2.0,weighted_0.5,300,True,0.52,0.5066666666666667,False,0.3719417957056961,100,4.856568263320966
Fuzzy,0316,mean_shift,negative,medium,exponential,2.0,weighted_0.75,300,True,0.63,0.5066666666666667,True,0.0011455335063800256,100,4.856568263320966
Fuzzy,0316,mean_shift,negative,slow,exponential,2.0,pird,300,True,0.21,0.19,False,0.27014568730371014,237,4.856568263320966
Fuzzy,0316,mean_shift,negative,slow,exponential,2.0,global,300,True,0.51,0.5133333333333333,False,0.5325461855038325,144,4.856568263320966
Fuzzy,0316,mean_shift,negative,slow,exponential,2.0,or,300,True,0.52,0.5133333333333333,False,0.43510564320562883,144,4.856568263320966
Fuzzy,0316,mean_shift,negative,slow,exponential,2.0,max,300,True,0.5033333333333333,0.5,False,0.4674624754578747,146,4.856568263320966
Fuzzy,0316,mean_shift,negative,slow,exponential,2.0,weighted_0.25,300,True,0.5033333333333333,0.5,False,0.4674624754578747,146,4.856568263320966
Fuzzy,0316,mean_shift,negative,slow,exponential,2.0,weighted_0.5,300,True,0.5133333333333333,0.5066666666666667,False,0.4351285254884733,144,4.856568263320966
Fuzzy,0316,mean_shift,negative,slow,exponential,2.0,weighted_0.75,300,True,0.52,0.5066666666666667,False,0.3719417957056961,144,4.856568263320966
Fuzzy,0316,mean_shift,negative,fast,exponential,3.0,pird,300,True,0.8533333333333334,0.19,True,8.951507252113003e-60,44,6.901084849105754
Fuzzy,0316,mean_shift,negative,fast,exponential,3.0,global,300,True,0.51,0.5133333333333333,False,0.5325461855038325,144,6.901084849105754
Fuzzy,0316,mean_shift,negative,fast,exponential,3.0,or,300,True,0.8533333333333334,0.5133333333333333,True,1.7497397574217875e-19,44,6.901084849105754
Fuzzy,0316,mean_shift,negative,fast,exponential,3.0,max,300,True,0.5033333333333333,0.5,False,0.4674624754578747,146,6.901084849105754
Fuzzy,0316,mean_shift,negative,fast,exponential,3.0,weighted_0.25,300,True,0.5166666666666667,0.5,False,0.34152488320657537,100,6.901084849105754
Fuzzy,0316,mean_shift,negative,fast,exponential,3.0,weighted_0.5,300,True,0.79,0.5066666666666667,True,1.8324851611794613e-13,30,6.901084849105754
Fuzzy,0316,mean_shift,negative,fast,exponential,3.0,weighted_0.75,300,True,0.89,0.5066666666666667,True,7.362241767000653e-25,30,6.901084849105754
Fuzzy,0316,mean_shift,negative,medium,exponential,3.0,pird,300,True,0.7066666666666667,0.19,True,2.18032946139712e-37,88,6.901084849105754
Fuzzy,0316,mean_shift,negative,medium,exponential,3.0,global,300,True,0.51,0.5133333333333333,False,0.5325461855038325,144,6.901084849105754
Fuzzy,0316,mean_shift,negative,medium,exponential,3.0,or,300,True,0.7066666666666667,0.5133333333333333,True,6.030922389155214e-07,88,6.901084849105754
Fuzzy,0316,mean_shift,negative,medium,exponential,3.0,max,300,True,0.5033333333333333,0.5,False,0.4674624754578747,146,6.901084849105754
Fuzzy,0316,mean_shift,negative,medium,exponential,3.0,weighted_0.25,300,True,0.5133333333333333,0.5,False,0.37197475744350705,144,6.901084849105754
Fuzzy,0316,mean_shift,negative,medium,exponential,3.0,weighted_0.5,300,True,0.5433333333333333,0.5066666666666667,False,0.18425415680535476,100,6.901084849105754
Fuzzy,0316,mean_shift,negative,medium,exponential,3.0,weighted_0.75,300,True,0.7633333333333333,0.5066666666666667,True,3.298858381959202e-11,65,6.901084849105754
Fuzzy,0316,mean_shift,negative,slow,exponential,3.0,pird,300,True,0.41,0.19,True,2.054466161616595e-09,177,6.901084849105754
Fuzzy,0316,mean_shift,negative,slow,exponential,3.0,global,300,True,0.51,0.5133333333333333,False,0.5325461855038325,144,6.901084849105754
Fuzzy,0316,mean_shift,negative,slow,exponential,3.0,or,300,True,0.52,0.5133333333333333,False,0.43510564320562883,144,6.901084849105754
Fuzzy,0316,mean_shift,negative,slow,exponential,3.0,max,300,True,0.5033333333333333,0.5,False,0.4674624754578747,146,6.901084849105754
Fuzzy,0316,mean_shift,negative,slow,exponential,3.0,weighted_0.25,300,True,0.51,0.5,False,0.40324322828387876,144,6.901084849105754
Fuzzy,0316,mean_shift,negative,slow,exponential,3.0,weighted_0.5,300,True,0.52,0.5066666666666667,False,0.3719417957056961,144,6.901084849105754
Fuzzy,0316,mean_shift,negative,slow,exponential,3.0,weighted_0.75,300,True,0.5233333333333333,0.5066666666666667,False,0.34147822573568676,100,6.901084849105754
Fuzzy,0153,additive,positive,fast,exponential,0.25,pird,300,True,0.09666666666666666,0.06666666666666667,False,0.08985221755730814,156,3.4543654689519667
Fuzzy,0153,additive,positive,fast,exponential,0.25,global,300,True,0.5233333333333333,0.5233333333333333,False,0.5,58,3.4543654689519667
Fuzzy,0153,additive,positive,fast,exponential,0.25,or,300,True,0.5233333333333333,0.5233333333333333,False,0.5,58,3.4543654689519667
Fuzzy,0153,additive,positive,fast,exponential,0.25,max,300,True,0.52,0.52,False,0.5,58,3.4543654689519667
Fuzzy,0153,additive,positive,fast,exponential,0.25,weighted_0.25,300,True,0.5233333333333333,0.52,False,0.46743213179719406,58,3.4543654689519667
Fuzzy,0153,additive,positive,fast,exponential,0.25,weighted_0.5,300,True,0.5233333333333333,0.5166666666666667,False,0.4350898975832912,58,3.4543654689519667
Fuzzy,0153,additive,positive,fast,exponential,0.25,weighted_0.75,300,True,0.5266666666666666,0.5033333333333333,False,0.28372705263076214,58,3.4543654689519667
Fuzzy,0153,additive,positive,medium,exponential,0.25,pird,300,True,0.09666666666666666,0.06666666666666667,False,0.08985221755730814,156,3.4543654689519667
Fuzzy,0153,additive,positive,medium,exponential,0.25,global,300,True,0.5233333333333333,0.5233333333333333,False,0.5,58,3.4543654689519667
Fuzzy,0153,additive,positive,medium,exponential,0.25,or,300,True,0.5233333333333333,0.5233333333333333,False,0.5,58,3.4543654689519667
Fuzzy,0153,additive,positive,medium,exponential,0.25,max,300,True,0.52,0.52,False,0.5,58,3.4543654689519667
Fuzzy,0153,additive,positive,medium,exponential,0.25,weighted_0.25,300,True,0.5233333333333333,0.52,False,0.46743213179719406,58,3.4543654689519667
Fuzzy,0153,additive,positive,medium,exponential,0.25,weighted_0.5,300,True,0.5233333333333333,0.5166666666666667,False,0.4350898975832912,58,3.4543654689519667
Fuzzy,0153,additive,positive,medium,exponential,0.25,weighted_0.75,300,True,0.5233333333333333,0.5033333333333333,False,0.31204139490497507,140,3.4543654689519667
Fuzzy,0153,additive,positive,slow,exponential,0.25,pird,300,True,0.08333333333333333,0.06666666666666667,False,0.2191744807308625,156,3.216023867371451
Fuzzy,0153,additive,positive,slow,exponential,0.25,global,300,True,0.5233333333333333,0.5233333333333333,False,0.5,58,3.216023867371451
Fuzzy,0153,additive,positive,slow,exponential,0.25,or,300,True,0.5233333333333333,0.5233333333333333,False,0.5,58,3.216023867371451
Fuzzy,0153,additive,positive,slow,exponential,0.25,max,300,True,0.52,0.52,False,0.5,58,3.216023867371451
Fuzzy,0153,additive,positive,slow,exponential,0.25,weighted_0.25,300,True,0.5233333333333333,0.52,False,0.46743213179719406,58,3.216023867371451
Fuzzy,0153,additive,positive,slow,exponential,0.25,weighted_0.5,300,True,0.5233333333333333,0.5166666666666667,False,0.4350898975832912,58,3.216023867371451
Fuzzy,0153,additive,positive,slow,exponential,0.25,weighted_0.75,300,True,0.51,0.5033333333333333,False,0.43513567123950686,141,3.216023867371451
Fuzzy,0153,additive,positive,fast,exponential,0.5,pird,300,True,0.16666666666666666,0.06666666666666667,True,6.805421542294146e-05,151,3.9063088522748366
Fuzzy,0153,additive,positive,fast,exponential,0.5,global,300,True,0.5233333333333333,0.5233333333333333,False,0.5,58,3.9063088522748366
Fuzzy,0153,additive,positive,fast,exponential,0.5,or,300,True,0.5233333333333333,0.5233333333333333,False,0.5,58,3.9063088522748366
Fuzzy,0153,additive,positive,fast,exponential,0.5,max,300,True,0.52,0.52,False,0.5,58,3.9063088522748366
Fuzzy,0153,additive,positive,fast,exponential,0.5,weighted_0.25,300,True,0.5233333333333333,0.52,False,0.46743213179719406,58,3.9063088522748366
Fuzzy,0153,additive,positive,fast,exponential,0.5,weighted_0.5,300,True,0.5266666666666666,0.5166666666666667,False,0.40315881006869314,58,3.9063088522748366
Fuzzy,0153,additive,positive,fast,exponential,0.5,weighted_0.75,300,True,0.5333333333333333,0.5033333333333333,False,0.23106579977260547,58,3.9063088522748366
Fuzzy,0153,additive,positive,medium,exponential,0.5,pird,300,True,0.16666666666666666,0.06666666666666667,True,6.805421542294146e-05,151,3.9063088522748366
Fuzzy,0153,additive,positive,medium,exponential,0.5,global,300,True,0.5233333333333333,0.5233333333333333,False,0.5,58,3.9063088522748366
Fuzzy,0153,additive,positive,medium,exponential,0.5,or,300,True,0.5233333333333333,0.5233333333333333,False,0.5,58,3.9063088522748366
Fuzzy,0153,additive,positive,medium,exponential,0.5,max,300,True,0.52,0.52,False,0.5,58,3.9063088522748366
Fuzzy,0153,additive,positive,medium,exponential,0.5,weighted_0.25,300,True,0.5233333333333333,0.52,False,0.46743213179719406,58,3.9063088522748366
Fuzzy,0153,additive,positive,medium,exponential,0.5,weighted_0.5,300,True,0.5266666666666666,0.5166666666666667,False,0.40315881006869314,58,3.9063088522748366
Fuzzy,0153,additive,positive,medium,exponential,0.5,weighted_0.75,300,True,0.5266666666666666,0.5033333333333333,False,0.28372705263076214,140,3.9063088522748366
Fuzzy,0153,additive,positive,slow,exponential,0.5,pird,300,True,0.12333333333333334,0.06666666666666667,True,0.008967926093993949,156,3.385477659063026
Fuzzy,0153,additive,positive,slow,exponential,0.5,global,300,True,0.5233333333333333,0.5233333333333333,False,0.5,58,3.385477659063026
Fuzzy,0153,additive,positive,slow,exponential,0.5,or,300,True,0.5233333333333333,0.5233333333333333,False,0.5,58,3.385477659063026
Fuzzy,0153,additive,positive,slow,exponential,0.5,max,300,True,0.52,0.52,False,0.5,58,3.385477659063026
Fuzzy,0153,additive,positive,slow,exponential,0.5,weighted_0.25,300,True,0.5233333333333333,0.52,False,0.46743213179719406,58,3.385477659063026
Fuzzy,0153,additive,positive,slow,exponential,0.5,weighted_0.5,300,True,0.5233333333333333,0.5166666666666667,False,0.4350898975832912,58,3.385477659063026
Fuzzy,0153,additive,positive,slow,exponential,0.5,weighted_0.75,300,True,0.5233333333333333,0.5033333333333333,False,0.31204139490497507,140,3.385477659063026
Fuzzy,0153,additive,positive,fast,exponential,0.75,pird,300,True,0.45,0.06666666666666667,True,3.8530290321232544e-27,144,4.397184874856239
Fuzzy,0153,additive,positive,fast,exponential,0.75,global,300,True,0.5233333333333333,0.5233333333333333,False,0.5,58,4.397184874856239
Fuzzy,0153,additive,positive,fast,exponential,0.75,or,300,True,0.5233333333333333,0.5233333333333333,False,0.5,58,4.397184874856239
Fuzzy,0153,additive,positive,fast,exponential,0.75,max,300,True,0.52,0.52,False,0.5,58,4.397184874856239
Fuzzy,0153,additive,positive,fast,exponential,0.75,weighted_0.25,300,True,0.5233333333333333,0.52,False,0.46743213179719406,58,4.397184874856239
Fuzzy,0153,additive,positive,fast,exponential,0.75,weighted_0.5,300,True,0.53,0.5166666666666667,False,0.37185101955477395,58,4.397184874856239
Fuzzy,0153,additive,positive,fast,exponential,0.75,weighted_0.75,300,True,0.6766666666666666,0.5033333333333333,True,7.93397156596526e-06,58,4.397184874856239
Fuzzy,0153,additive,positive,medium,exponential,0.75,pird,300,True,0.45,0.06666666666666667,True,3.8530290321232544e-27,144,4.397184874856239
Fuzzy,0153,additive,positive,medium,exponential,0.75,global,300,True,0.5233333333333333,0.5233333333333333,False,0.5,58,4.397184874856239
Fuzzy,0153,additive,positive,medium,exponential,0.75,or,300,True,0.5233333333333333,0.5233333333333333,False,0.5,58,4.397184874856239
Fuzzy,0153,additive,positive,medium,exponential,0.75,max,300,True,0.52,0.52,False,0.5,58,4.397184874856239
Fuzzy,0153,additive,positive,medium,exponential,0.75,weighted_0.25,300,True,0.5233333333333333,0.52,False,0.46743213179719406,58,4.397184874856239
Fuzzy,0153,additive,positive,medium,exponential,0.75,weighted_0.5,300,True,0.53,0.5166666666666667,False,0.37185101955477395,58,4.397184874856239
Fuzzy,0153,additive,positive,medium,exponential,0.75,weighted_0.75,300,True,0.54,0.5033333333333333,False,0.18432881035341625,58,4.397184874856239
Fuzzy,0153,additive,positive,slow,exponential,0.75,pird,300,True,0.22333333333333333,0.06666666666666667,True,2.5258453517539615e-08,156,3.56529929296007
Fuzzy,0153,additive,positive,slow,exponential,0.75,global,300,True,0.5233333333333333,0.5233333333333333,False,0.5,58,3.56529929296007
Fuzzy,0153,additive,positive,slow,exponential,0.75,or,300,True,0.5233333333333333,0.5233333333333333,False,0.5,58,3.56529929296007
Fuzzy,0153,additive,positive,slow,exponential,0.75,max,300,True,0.52,0.52,False,0.5,58,3.56529929296007
Fuzzy,0153,additive,positive,slow,exponential,0.75,weighted_0.25,300,True,0.5233333333333333,0.52,False,0.46743213179719406,58,3.56529929296007
Fuzzy,0153,additive,positive,slow,exponential,0.75,weighted_0.5,300,True,0.5233333333333333,0.5166666666666667,False,0.4350898975832912,58,3.56529929296007
Fuzzy,0153,additive,positive,slow,exponential,0.75,weighted_0.75,300,True,0.5266666666666666,0.5033333333333333,False,0.28372705263076214,140,3.56529929296007
Fuzzy,0153,additive,positive,fast,exponential,1.0,pird,300,True,0.7733333333333333,0.06666666666666667,True,3.829199311937719e-69,68,4.915343194121744
Fuzzy,0153,additive,positive,fast,exponential,1.0,global,300,True,0.5233333333333333,0.5233333333333333,False,0.5,58,4.915343194121744
Fuzzy,0153,additive,positive,fast,exponential,1.0,or,300,True,0.7766666666666666,0.5233333333333333,True,3.884682280978863e-11,58,4.915343194121744
Fuzzy,0153,additive,positive,fast,exponential,1.0,max,300,True,0.52,0.52,False,0.5,58,4.915343194121744
Fuzzy,0153,additive,positive,fast,exponential,1.0,weighted_0.25,300,True,0.5233333333333333,0.52,False,0.46743213179719406,58,4.915343194121744
Fuzzy,0153,additive,positive,fast,exponential,1.0,weighted_0.5,300,True,0.5366666666666666,0.5166666666666667,False,0.3118560435911939,58,4.915343194121744
Fuzzy,0153,additive,positive,fast,exponential,1.0,weighted_0.75,300,True,0.8,0.5033333333333333,True,1.2095449706520782e-14,53,4.915343194121744
Fuzzy,0153,additive,positive,medium,exponential,1.0,pird,300,True,0.5533333333333333,0.06666666666666667,True,2.643385463521742e-38,131,4.915343194121744
Fuzzy,0153,additive,positive,medium,exponential,1.0,global,300,True,0.5233333333333333,0.5233333333333333,False,0.5,58,4.915343194121744
Fuzzy,0153,additive,positive,medium,exponential,1.0,or,300,True,0.5566666666666666,0.5233333333333333,False,0.20635841168054564,58,4.915343194121744
Fuzzy,0153,additive,positive,medium,exponential,1.0,max,300,True,0.52,0.52,False,0.5,58,4.915343194121744
Fuzzy,0153,additive,positive,medium,exponential,1.0,weighted_0.25,300,True,0.5233333333333333,0.52,False,0.46743213179719406,58,4.915343194121744
Fuzzy,0153,additive,positive,medium,exponential,1.0,weighted_0.5,300,True,0.53,0.5166666666666667,False,0.37185101955477395,58,4.915343194121744
Fuzzy,0153,additive,positive,medium,exponential,1.0,weighted_0.75,300,True,0.6066666666666667,0.5033333333333333,True,0.005439008288983402,58,4.915343194121744
Fuzzy,0153,additive,positive,slow,exponential,1.0,pird,300,True,0.38666666666666666,0.06666666666666667,True,3.952365542911821e-21,154,3.7539991636390866
Fuzzy,0153,additive,positive,slow,exponential,1.0,global,300,True,0.5233333333333333,0.5233333333333333,False,0.5,58,3.7539991636390866
Fuzzy,0153,additive,positive,slow,exponential,1.0,or,300,True,0.5233333333333333,0.5233333333333333,False,0.5,58,3.7539991636390866
Fuzzy,0153,additive,positive,slow,exponential,1.0,max,300,True,0.52,0.52,False,0.5,58,3.7539991636390866
Fuzzy,0153,additive,positive,slow,exponential,1.0,weighted_0.25,300,True,0.5233333333333333,0.52,False,0.46743213179719406,58,3.7539991636390866
Fuzzy,0153,additive,positive,slow,exponential,1.0,weighted_0.5,300,True,0.5233333333333333,0.5166666666666667,False,0.4350898975832912,58,3.7539991636390866
Fuzzy,0153,additive,positive,slow,exponential,1.0,weighted_0.75,300,True,0.5266666666666666,0.5033333333333333,False,0.28372705263076214,140,3.7539991636390866
Fuzzy,0153,additive,positive,fast,exponential,1.5,pird,300,True,0.8333333333333334,0.06666666666666667,True,9.326093386331556e-80,50,6.004952976898323
Fuzzy,0153,additive,positive,fast,exponential,1.5,global,300,True,0.5233333333333333,0.5233333333333333,False,0.5,58,6.004952976898323
Fuzzy,0153,additive,positive,fast,exponential,1.5,or,300,True,0.8333333333333334,0.5233333333333333,True,2.1824863134639712e-16,50,6.004952976898323
Fuzzy,0153,additive,positive,fast,exponential,1.5,max,300,True,0.52,0.52,False,0.5,58,6.004952976898323
Fuzzy,0153,additive,positive,fast,exponential,1.5,weighted_0.25,300,True,0.5266666666666666,0.52,False,0.4350712743361826,58,6.004952976898323
Fuzzy,0153,additive,positive,fast,exponential,1.5,weighted_0.5,300,True,0.5966666666666667,0.5166666666666667,True,0.02428772615131475,58,6.004952976898323
Fuzzy,0153,additive,positive,fast,exponential,1.5,weighted_0.75,300,True,0.85,0.5033333333333333,True,5.577488230786785e-20,42,6.004952976898323
Fuzzy,0153,additive,positive,medium,exponential,1.5,pird,300,True,0.6566666666666666,0.06666666666666667,True,2.0375854387589041e-51,103,6.004952976898323
Fuzzy,0153,additive,positive,medium,exponential,1.5,global,300,True,0.5233333333333333,0.5233333333333333,False,0.5,58,6.004952976898323
Fuzzy,0153,additive,positive,medium,exponential,1.5,or,300,True,0.66,0.5233333333333333,True,0.00033039169912347615,58,6.004952976898323
Fuzzy,0153,additive,positive,medium,exponential,1.5,max,300,True,0.52,0.52,False,0.5,58,6.004952976898323
Fuzzy,0153,additive,positive,medium,exponential,1.5,weighted_0.25,300,True,0.5266666666666666,0.52,False,0.4350712743361826,58,6.004952976898323
Fuzzy,0153,additive,positive,medium,exponential,1.5,weighted_0.5,300,True,0.53,0.5166666666666667,False,0.37185101955477395,58,6.004952976898323
Fuzzy,0153,additive,positive,medium,exponential,1.5,weighted_0.75,300,True,0.7266666666666667,0.5033333333333333,True,9.480203671844603e-09,58,6.004952976898323
Fuzzy,0153,additive,positive,slow,exponential,1.5,pird,300,True,0.49666666666666665,0.06666666666666667,True,5.797992594025284e-32,146,4.153138918530147
Fuzzy,0153,additive,positive,slow,exponential,1.5,global,300,True,0.5233333333333333,0.5233333333333333,False,0.5,58,4.153138918530147
Fuzzy,0153,additive,positive,slow,exponential,1.5,or,300,True,0.5333333333333333,0.5233333333333333,False,0.4030953512259562,58,4.153138918530147
Fuzzy,0153,additive,positive,slow,exponential,1.5,max,300,True,0.52,0.52,False,0.5,58,4.153138918530147
Fuzzy,0153,additive,positive,slow,exponential,1.5,weighted_0.25,300,True,0.5233333333333333,0.52,False,0.46743213179719406,58,4.153138918530147
Fuzzy,0153,additive,positive,slow,exponential,1.5,weighted_0.5,300,True,0.53,0.5166666666666667,False,0.37185101955477395,58,4.153138918530147
Fuzzy,0153,additive,positive,slow,exponential,1.5,weighted_0.75,300,True,0.5366666666666666,0.5033333333333333,False,0.2069211952090525,58,4.153138918530147
Fuzzy,0153,additive,positive,fast,exponential,2.0,pird,300,True,0.8633333333333333,0.06666666666666667,True,1.622052626480173e-85,41,7.138335482845005
Fuzzy,0153,additive,positive,fast,exponential,2.0,global,300,True,0.5233333333333333,0.5233333333333333,False,0.5,58,7.138335482845005
Fuzzy,0153,additive,positive,fast,exponential,2.0,or,300,True,0.8633333333333333,0.5233333333333333,True,8.530793377445192e-20,41,7.138335482845005
Fuzzy,0153,additive,positive,fast,exponential,2.0,max,300,True,0.52,0.52,False,0.5,58,7.138335482845005
Fuzzy,0153,additive,positive,fast,exponential,2.0,weighted_0.25,300,True,0.53,0.52,False,0.4031292114585113,58,7.138335482845005
Fuzzy,0153,additive,positive,fast,exponential,2.0,weighted_0.5,300,True,0.7233333333333334,0.5166666666666667,True,9.206289112838207e-08,53,7.138335482845005
Fuzzy,0153,additive,positive,fast,exponential,2.0,weighted_0.75,300,True,0.8833333333333333,0.5033333333333333,True,2.963155852993006e-24,30,7.138335482845005
Fuzzy,0153,additive,positive,medium,exponential,2.0,pird,300,True,0.7233333333333334,0.06666666666666667,True,4.0682123080027484e-61,83,7.138335482845005
Fuzzy,0153,additive,positive,medium,exponential,2.0,global,300,True,0.5233333333333333,0.5233333333333333,False,0.5,58,7.138335482845005
Fuzzy,0153,additive,positive,medium,exponential,2.0,or,300,True,0.7266666666666667,0.5233333333333333,True,1.3449506450615407e-07,58,7.138335482845005
Fuzzy,0153,additive,positive,medium,exponential,2.0,max,300,True,0.52,0.52,False,0.5,58,7.138335482845005
Fuzzy,0153,additive,positive,medium,exponential,2.0,weighted_0.25,300,True,0.53,0.52,False,0.4031292114585113,58,7.138335482845005
Fuzzy,0153,additive,positive,medium,exponential,2.0,weighted_0.5,300,True,0.5566666666666666,0.5166666666666667,False,0.162941285155013,58,7.138335482845005
Fuzzy,0153,additive,positive,medium,exponential,2.0,weighted_0.75,300,True,0.7733333333333333,0.5033333333333333,True,2.945415041419848e-12,58,7.138335482845005
Fuzzy,0153,additive,positive,slow,exponential,2.0,pird,300,True,0.5166666666666667,0.06666666666666667,True,3.874272670840474e-34,144,5.120058005029107
Fuzzy,0153,additive,positive,slow,exponential,2.0,global,300,True,0.5233333333333333,0.5233333333333333,False,0.5,58,5.120058005029107
Fuzzy,0153,additive,positive,slow,exponential,2.0,or,300,True,0.5333333333333333,0.5233333333333333,False,0.4030953512259562,58,5.120058005029107
Fuzzy,0153,additive,positive,slow,exponential,2.0,max,300,True,0.52,0.52,False,0.5,58,5.120058005029107
Fuzzy,0153,additive,positive,slow,exponential,2.0,weighted_0.25,300,True,0.5233333333333333,0.52,False,0.46743213179719406,58,5.120058005029107
Fuzzy,0153,additive,positive,slow,exponential,2.0,weighted_0.5,300,True,0.53,0.5166666666666667,False,0.37185101955477395,58,5.120058005029107
Fuzzy,0153,additive,positive,slow,exponential,2.0,weighted_0.75,300,True,0.5466666666666666,0.5033333333333333,False,0.14394203257327465,58,5.120058005029107
Fuzzy,0153,additive,positive,fast,exponential,3.0,pird,300,True,0.9,0.06666666666666667,True,5.141374956969114e-93,30,9.473178711698663
Fuzzy,0153,additive,positive,fast,exponential,3.0,global,300,True,0.5233333333333333,0.5233333333333333,False,0.5,58,9.473178711698663
Fuzzy,0153,additive,positive,fast,exponential,3.0,or,300,True,0.9,0.5233333333333333,True,1.1691231691995845e-24,30,9.473178711698663
Fuzzy,0153,additive,positive,fast,exponential,3.0,max,300,True,0.7933333333333333,0.52,True,8.926456809406139e-13,58,9.473178711698663
Fuzzy,0153,additive,positive,fast,exponential,3.0,weighted_0.25,300,True,0.5466666666666666,0.52,False,0.2563453801309622,58,9.473178711698663
Fuzzy,0153,additive,positive,fast,exponential,3.0,weighted_0.5,300,True,0.8233333333333334,0.5166666666666667,True,6.87798983048656e-16,43,9.473178711698663
Fuzzy,0153,additive,positive,fast,exponential,3.0,weighted_0.75,300,True,0.9166666666666666,0.5033333333333333,True,3.337741643604612e-29,22,9.473178711698663
Fuzzy,0153,additive,positive,medium,exponential,3.0,pird,300,True,0.8,0.06666666666666667,True,1.0162095611997103e-73,60,9.473178711698663
Fuzzy,0153,additive,positive,medium,exponential,3.0,global,300,True,0.5233333333333333,0.5233333333333333,False,0.5,58,9.473178711698663
Fuzzy,0153,additive,positive,medium,exponential,3.0,or,300,True,0.8033333333333333,0.5233333333333333,True,1.9836025651725196e-13,58,9.473178711698663
Fuzzy,0153,additive,positive,medium,exponential,3.0,max,300,True,0.59,0.52,True,0.042253689442118283,58,9.473178711698663
Fuzzy,0153,additive,positive,medium,exponential,3.0,weighted_0.25,300,True,0.53,0.52,False,0.4031292114585113,58,9.473178711698663
Fuzzy,0153,additive,positive,medium,exponential,3.0,weighted_0.5,300,True,0.6833333333333333,0.5166666666666667,True,1.5454296882296092e-05,58,9.473178711698663
Fuzzy,0153,additive,positive,medium,exponential,3.0,weighted_0.75,300,True,0.82,0.5033333333333333,True,1.2321043737031559e-16,43,9.473178711698663
Fuzzy,0153,additive,positive,slow,exponential,3.0,pird,300,True,0.6233333333333333,0.06666666666666667,True,5.975333600548142e-47,112,7.315474605069315
Fuzzy,0153,additive,positive,slow,exponential,3.0,global,300,True,0.5233333333333333,0.5233333333333333,False,0.5,58,7.315474605069315
Fuzzy,0153,additive,positive,slow,exponential,3.0,or,300,True,0.6266666666666667,0.5233333333333333,True,0.005232035683761322,58,7.315474605069315
Fuzzy,0153,additive,positive,slow,exponential,3.0,max,300,True,0.52,0.52,False,0.5,58,7.315474605069315
Fuzzy,0153,additive,positive,slow,exponential,3.0,weighted_0.25,300,True,0.5233333333333333,0.52,False,0.46743213179719406,58,7.315474605069315
Fuzzy,0153,additive,positive,slow,exponential,3.0,weighted_0.5,300,True,0.5366666666666666,0.5166666666666667,False,0.3118560435911939,58,7.315474605069315
Fuzzy,0153,additive,positive,slow,exponential,3.0,weighted_0.75,300,True,0.6866666666666666,0.5033333333333333,True,2.391908474050247e-06,58,7.315474605069315
Fuzzy,0153,additive,negative,fast,exponential,0.25,pird,300,True,0.016666666666666666,0.06666666666666667,False,0.9989099148112979,162,2.7436396327932555
Fuzzy,0153,additive,negative,fast,exponential,0.25,global,300,True,0.5233333333333333,0.5233333333333333,False,0.5,58,2.7436396327932555
Fuzzy,0153,additive,negative,fast,exponential,0.25,or,300,True,0.5233333333333333,0.5233333333333333,False,0.5,58,2.7436396327932555
Fuzzy,0153,additive,negative,fast,exponential,0.25,max,300,True,0.52,0.52,False,0.5,58,2.7436396327932555
Fuzzy,0153,additive,negative,fast,exponential,0.25,weighted_0.25,300,True,0.5233333333333333,0.52,False,0.46743213179719406,58,2.7436396327932555
Fuzzy,0153,additive,negative,fast,exponential,0.25,weighted_0.5,300,True,0.5233333333333333,0.5166666666666667,False,0.4350898975832912,58,2.7436396327932555
Fuzzy,0153,additive,negative,fast,exponential,0.25,weighted_0.75,300,True,0.5233333333333333,0.5033333333333333,False,0.31204139490497507,58,2.7436396327932555
Fuzzy,0153,additive,negative,medium,exponential,0.25,pird,300,True,0.016666666666666666,0.06666666666666667,False,0.9989099148112979,162,2.7436396327932555
Fuzzy,0153,additive,negative,medium,exponential,0.25,global,300,True,0.5233333333333333,0.5233333333333333,False,0.5,58,2.7436396327932555
Fuzzy,0153,additive,negative,medium,exponential,0.25,or,300,True,0.5233333333333333,0.5233333333333333,False,0.5,58,2.7436396327932555
Fuzzy,0153,additive,negative,medium,exponential,0.25,max,300,True,0.52,0.52,False,0.5,58,2.7436396327932555
Fuzzy,0153,additive,negative,medium,exponential,0.25,weighted_0.25,300,True,0.5233333333333333,0.52,False,0.46743213179719406,58,2.7436396327932555
Fuzzy,0153,additive,negative,medium,exponential,0.25,weighted_0.5,300,True,0.5233333333333333,0.5166666666666667,False,0.4350898975832912,58,2.7436396327932555
Fuzzy,0153,additive,negative,medium,exponential,0.25,weighted_0.75,300,True,0.52,0.5033333333333333,False,0.34150489218628377,141,2.7436396327932555
Fuzzy,0153,additive,negative,slow,exponential,0.25,pird,300,True,0.023333333333333334,0.06666666666666667,False,0.9947681509706505,158,2.9153494469862062
Fuzzy,0153,additive,negative,slow,exponential,0.25,global,300,True,0.5233333333333333,0.5233333333333333,False,0.5,58,2.9153494469862062
Fuzzy,0153,additive,negative,slow,exponential,0.25,or,300,True,0.5233333333333333,0.5233333333333333,False,0.5,58,2.9153494469862062
Fuzzy,0153,additive,negative,slow,exponential,0.25,max,300,True,0.52,0.52,False,0.5,58,2.9153494469862062
Fuzzy,0153,additive,negative,slow,exponential,0.25,weighted_0.25,300,True,0.5233333333333333,0.52,False,0.46743213179719406,58,2.9153494469862062
Fuzzy,0153,additive,negative,slow,exponential,0.25,weighted_0.5,300,True,0.5233333333333333,0.5166666666666667,False,0.4350898975832912,58,2.9153494469862062
Fuzzy,0153,additive,negative,slow,exponential,0.25,weighted_0.75,300,True,0.5133333333333333,0.5033333333333333,False,0.40323479639379717,141,2.9153494469862062
Fuzzy,0153,additive,negative,fast,exponential,0.5,pird,300,True,0.006666666666666667,0.06666666666666667,False,0.9999538452537723,162,2.539504702191568
Fuzzy,0153,additive,negative,fast,exponential,0.5,global,300,True,0.5233333333333333,0.5233333333333333,False,0.5,58,2.539504702191568
Fuzzy,0153,additive,negative,fast,exponential,0.5,or,300,True,0.5233333333333333,0.5233333333333333,False,0.5,58,2.539504702191568
Fuzzy,0153,additive,negative,fast,exponential,0.5,max,300,True,0.52,0.52,False,0.5,58,2.539504702191568
Fuzzy,0153,additive,negative,fast,exponential,0.5,weighted_0.25,300,True,0.5233333333333333,0.52,False,0.46743213179719406,58,2.539504702191568
Fuzzy,0153,additive,negative,fast,exponential,0.5,weighted_0.5,300,True,0.5233333333333333,0.5166666666666667,False,0.4350898975832912,58,2.539504702191568
Fuzzy,0153,additive,negative,fast,exponential,0.5,weighted_0.75,300,True,0.5233333333333333,0.5033333333333333,False,0.31204139490497507,58,2.539504702191568
Fuzzy,0153,additive,negative,medium,exponential,0.5,pird,300,True,0.006666666666666667,0.06666666666666667,False,0.9999538452537723,162,2.539504702191568
Fuzzy,0153,additive,negative,medium,exponential,0.5,global,300,True,0.5233333333333333,0.5233333333333333,False,0.5,58,2.539504702191568
Fuzzy,0153,additive,negative,medium,exponential,0.5,or,300,True,0.5233333333333333,0.5233333333333333,False,0.5,58,2.539504702191568
Fuzzy,0153,additive,negative,medium,exponential,0.5,max,300,True,0.52,0.52,False,0.5,58,2.539504702191568
Fuzzy,0153,additive,negative,medium,exponential,0.5,weighted_0.25,300,True,0.5233333333333333,0.52,False,0.46743213179719406,58,2.539504702191568
Fuzzy,0153,additive,negative,medium,exponential,0.5,weighted_0.5,300,True,0.5233333333333333,0.5166666666666667,False,0.4350898975832912,58,2.539504702191568
Fuzzy,0153,additive,negative,medium,exponential,0.5,weighted_0.75,300,True,0.5233333333333333,0.5033333333333333,False,0.31204139490497507,58,2.539504702191568
Fuzzy,0153,additive,negative,slow,exponential,0.5,pird,300,True,0.016666666666666666,0.06666666666666667,False,0.9989099148112979,162,2.788254784824148
Fuzzy,0153,additive,negative,slow,exponential,0.5,global,300,True,0.5233333333333333,0.5233333333333333,False,0.5,58,2.788254784824148
Fuzzy,0153,additive,negative,slow,exponential,0.5,or,300,True,0.5233333333333333,0.5233333333333333,False,0.5,58,2.788254784824148
Fuzzy,0153,additive,negative,slow,exponential,0.5,max,300,True,0.52,0.52,False,0.5,58,2.788254784824148
Fuzzy,0153,additive,negative,slow,exponential,0.5,weighted_0.25,300,True,0.5233333333333333,0.52,False,0.46743213179719406,58,2.788254784824148
Fuzzy,0153,additive,negative,slow,exponential,0.5,weighted_0.5,300,True,0.5233333333333333,0.5166666666666667,False,0.4350898975832912,58,2.788254784824148
Fuzzy,0153,additive,negative,slow,exponential,0.5,weighted_0.75,300,True,0.52,0.5033333333333333,False,0.34150489218628377,141,2.788254784824148
Fuzzy,0153,additive,negative,fast,exponential,0.75,pird,300,True,0.0033333333333333335,0.06666666666666667,False,0.9999878205576875,162,2.7155242165609565
Fuzzy,0153,additive,negative,fast,exponential,0.75,global,300,True,0.5233333333333333,0.5233333333333333,False,0.5,58,2.7155242165609565
Fuzzy,0153,additive,negative,fast,exponential,0.75,or,300,True,0.5233333333333333,0.5233333333333333,False,0.5,58,2.7155242165609565
Fuzzy,0153,additive,negative,fast,exponential,0.75,max,300,True,0.52,0.52,False,0.5,58,2.7155242165609565
Fuzzy,0153,additive,negative,fast,exponential,0.75,weighted_0.25,300,True,0.5233333333333333,0.52,False,0.46743213179719406,58,2.7155242165609565
Fuzzy,0153,additive,negative,fast,exponential,0.75,weighted_0.5,300,True,0.5233333333333333,0.5166666666666667,False,0.4350898975832912,58,2.7155242165609565
Fuzzy,0153,additive,negative,fast,exponential,0.75,weighted_0.75,300,True,0.5233333333333333,0.5033333333333333,False,0.31204139490497507,58,2.7155242165609565
Fuzzy,0153,additive,negative,medium,exponential,0.75,pird,300,True,0.0033333333333333335,0.06666666666666667,False,0.9999878205576875,162,2.7155242165609565
Fuzzy,0153,additive,negative,medium,exponential,0.75,global,300,True,0.5233333333333333,0.5233333333333333,False,0.5,58,2.7155242165609565
Fuzzy,0153,additive,negative,medium,exponential,0.75,or,300,True,0.5233333333333333,0.5233333333333333,False,0.5,58,2.7155242165609565
Fuzzy,0153,additive,negative,medium,exponential,0.75,max,300,True,0.52,0.52,False,0.5,58,2.7155242165609565
Fuzzy,0153,additive,negative,medium,exponential,0.75,weighted_0.25,300,True,0.5233333333333333,0.52,False,0.46743213179719406,58,2.7155242165609565
Fuzzy,0153,additive,negative,medium,exponential,0.75,weighted_0.5,300,True,0.5233333333333333,0.5166666666666667,False,0.4350898975832912,58,2.7155242165609565
Fuzzy,0153,additive,negative,medium,exponential,0.75,weighted_0.75,300,True,0.5233333333333333,0.5033333333333333,False,0.31204139490497507,58,2.7155242165609565
Fuzzy,0153,additive,negative,slow,exponential,0.75,pird,300,True,0.013333333333333334,0.06666666666666667,False,0.9995709396668031,162,2.6796861189328545
Fuzzy,0153,additive,negative,slow,exponential,0.75,global,300,True,0.5233333333333333,0.5233333333333333,False,0.5,58,2.6796861189328545
Fuzzy,0153,additive,negative,slow,exponential,0.75,or,300,True,0.5233333333333333,0.5233333333333333,False,0.5,58,2.6796861189328545
Fuzzy,0153,additive,negative,slow,exponential,0.75,max,300,True,0.52,0.52,False,0.5,58,2.6796861189328545
Fuzzy,0153,additive,negative,slow,exponential,0.75,weighted_0.25,300,True,0.5233333333333333,0.52,False,0.46743213179719406,58,2.6796861189328545
Fuzzy,0153,additive,negative,slow,exponential,0.75,weighted_0.5,300,True,0.5233333333333333,0.5166666666666667,False,0.4350898975832912,58,2.6796861189328545
Fuzzy,0153,additive,negative,slow,exponential,0.75,weighted_0.75,300,True,0.5233333333333333,0.5033333333333333,False,0.31204139490497507,58,2.6796861189328545
Fuzzy,0153,additive,negative,fast,exponential,1.0,pird,300,False,0.0,0.06666666666666667,False,0.9999972996504047,-1,2.925630785300501
Fuzzy,0153,additive,negative,fast,exponential,1.0,global,300,True,0.5233333333333333,0.5233333333333333,False,0.5,58,2.925630785300501
Fuzzy,0153,additive,negative,fast,exponential,1.0,or,300,True,0.5233333333333333,0.5233333333333333,False,0.5,58,2.925630785300501
Fuzzy,0153,additive,negative,fast,exponential,1.0,max,300,True,0.52,0.52,False,0.5,58,2.925630785300501
Fuzzy,0153,additive,negative,fast,exponential,1.0,weighted_0.25,300,True,0.5233333333333333,0.52,False,0.46743213179719406,58,2.925630785300501
Fuzzy,0153,additive,negative,fast,exponential,1.0,weighted_0.5,300,True,0.5233333333333333,0.5166666666666667,False,0.4350898975832912,58,2.925630785300501
Fuzzy,0153,additive,negative,fast,exponential,1.0,weighted_0.75,300,True,0.5266666666666666,0.5033333333333333,False,0.28372705263076214,58,2.925630785300501
Fuzzy,0153,additive,negative,medium,exponential,1.0,pird,300,False,0.0,0.06666666666666667,False,0.9999972996504047,-1,2.925630785300501
Fuzzy,0153,additive,negative,medium,exponential,1.0,global,300,True,0.5233333333333333,0.5233333333333333,False,0.5,58,2.925630785300501
Fuzzy,0153,additive,negative,medium,exponential,1.0,or,300,True,0.5233333333333333,0.5233333333333333,False,0.5,58,2.925630785300501
Fuzzy,0153,additive,negative,medium,exponential,1.0,max,300,True,0.52,0.52,False,0.5,58,2.925630785300501
Fuzzy,0153,additive,negative,medium,exponential,1.0,weighted_0.25,300,True,0.5233333333333333,0.52,False,0.46743213179719406,58,2.925630785300501
Fuzzy,0153,additive,negative,medium,exponential,1.0,weighted_0.5,300,True,0.5233333333333333,0.5166666666666667,False,0.4350898975832912,58,2.925630785300501
Fuzzy,0153,additive,negative,medium,exponential,1.0,weighted_0.75,300,True,0.5266666666666666,0.5033333333333333,False,0.28372705263076214,58,2.925630785300501
Fuzzy,0153,additive,negative,slow,exponential,1.0,pird,300,True,0.01,0.06666666666666667,False,0.9998496544294164,162,2.770246350318555
Fuzzy,0153,additive,negative,slow,exponential,1.0,global,300,True,0.5233333333333333,0.5233333333333333,False,0.5,58,2.770246350318555
Fuzzy,0153,additive,negative,slow,exponential,1.0,or,300,True,0.5233333333333333,0.5233333333333333,False,0.5,58,2.770246350318555
Fuzzy,0153,additive,negative,slow,exponential,1.0,max,300,True,0.52,0.52,False,0.5,58,2.770246350318555
Fuzzy,0153,additive,negative,slow,exponential,1.0,weighted_0.25,300,True,0.5233333333333333,0.52,False,0.46743213179719406,58,2.770246350318555
Fuzzy,0153,additive,negative,slow,exponential,1.0,weighted_0.5,300,True,0.5233333333333333,0.5166666666666667,False,0.4350898975832912,58,2.770246350318555
Fuzzy,0153,additive,negative,slow,exponential,1.0,weighted_0.75,300,True,0.5233333333333333,0.5033333333333333,False,0.31204139490497507,58,2.770246350318555
Fuzzy,0153,additive,negative,fast,exponential,1.5,pird,300,True,0.0033333333333333335,0.06666666666666667,False,0.9999878205576875,162,3.361997873362112
Fuzzy,0153,additive,negative,fast,exponential,1.5,global,300,True,0.5233333333333333,0.5233333333333333,False,0.5,58,3.361997873362112
Fuzzy,0153,additive,negative,fast,exponential,1.5,or,300,True,0.5233333333333333,0.5233333333333333,False,0.5,58,3.361997873362112
Fuzzy,0153,additive,negative,fast,exponential,1.5,max,300,True,0.52,0.52,False,0.5,58,3.361997873362112
Fuzzy,0153,additive,negative,fast,exponential,1.5,weighted_0.25,300,True,0.5233333333333333,0.52,False,0.46743213179719406,58,3.361997873362112
Fuzzy,0153,additive,negative,fast,exponential,1.5,weighted_0.5,300,True,0.5233333333333333,0.5166666666666667,False,0.4350898975832912,58,3.361997873362112
Fuzzy,0153,additive,negative,fast,exponential,1.5,weighted_0.75,300,True,0.5366666666666666,0.5033333333333333,False,0.2069211952090525,58,3.361997873362112
Fuzzy,0153,additive,negative,medium,exponential,1.5,pird,300,True,0.0033333333333333335,0.06666666666666667,False,0.9999878205576875,162,3.361997873362112
Fuzzy,0153,additive,negative,medium,exponential,1.5,global,300,True,0.5233333333333333,0.5233333333333333,False,0.5,58,3.361997873362112
Fuzzy,0153,additive,negative,medium,exponential,1.5,or,300,True,0.5233333333333333,0.5233333333333333,False,0.5,58,3.361997873362112
Fuzzy,0153,additive,negative,medium,exponential,1.5,max,300,True,0.52,0.52,False,0.5,58,3.361997873362112
Fuzzy,0153,additive,negative,medium,exponential,1.5,weighted_0.25,300,True,0.5233333333333333,0.52,False,0.46743213179719406,58,3.361997873362112
Fuzzy,0153,additive,negative,medium,exponential,1.5,weighted_0.5,300,True,0.5233333333333333,0.5166666666666667,False,0.4350898975832912,58,3.361997873362112
Fuzzy,0153,additive,negative,medium,exponential,1.5,weighted_0.75,300,True,0.53,0.5033333333333333,False,0.25669751435498156,58,3.361997873362112
Fuzzy,0153,additive,negative,slow,exponential,1.5,pird,300,True,0.0033333333333333335,0.06666666666666667,False,0.9999878205576875,162,3.118632099025809
Fuzzy,0153,additive,negative,slow,exponential,1.5,global,300,True,0.5233333333333333,0.5233333333333333,False,0.5,58,3.118632099025809
Fuzzy,0153,additive,negative,slow,exponential,1.5,or,300,True,0.5233333333333333,0.5233333333333333,False,0.5,58,3.118632099025809
Fuzzy,0153,additive,negative,slow,exponential,1.5,max,300,True,0.52,0.52,False,0.5,58,3.118632099025809
Fuzzy,0153,additive,negative,slow,exponential,1.5,weighted_0.25,300,True,0.5233333333333333,0.52,False,0.46743213179719406,58,3.118632099025809
Fuzzy,0153,additive,negative,slow,exponential,1.5,weighted_0.5,300,True,0.5233333333333333,0.5166666666666667,False,0.4350898975832912,58,3.118632099025809
Fuzzy,0153,additive,negative,slow,exponential,1.5,weighted_0.75,300,True,0.5233333333333333,0.5033333333333333,False,0.31204139490497507,58,3.118632099025809
Fuzzy,0153,additive,negative,fast,exponential,2.0,pird,300,False,0.0,0.06666666666666667,False,0.9999972996504047,-1,3.8137094275029724
Fuzzy,0153,additive,negative,fast,exponential,2.0,global,300,True,0.5233333333333333,0.5233333333333333,False,0.5,58,3.8137094275029724
Fuzzy,0153,additive,negative,fast,exponential,2.0,or,300,True,0.5233333333333333,0.5233333333333333,False,0.5,58,3.8137094275029724
Fuzzy,0153,additive,negative,fast,exponential,2.0,max,300,True,0.52,0.52,False,0.5,58,3.8137094275029724
Fuzzy,0153,additive,negative,fast,exponential,2.0,weighted_0.25,300,True,0.5233333333333333,0.52,False,0.46743213179719406,58,3.8137094275029724
Fuzzy,0153,additive,negative,fast,exponential,2.0,weighted_0.5,300,True,0.5266666666666666,0.5166666666666667,False,0.40315881006869314,58,3.8137094275029724
Fuzzy,0153,additive,negative,fast,exponential,2.0,weighted_0.75,300,True,0.5466666666666666,0.5033333333333333,False,0.14394203257327465,58,3.8137094275029724
Fuzzy,0153,additive,negative,medium,exponential,2.0,pird,300,False,0.0,0.06666666666666667,False,0.9999972996504047,-1,3.8137094275029724
Fuzzy,0153,additive,negative,medium,exponential,2.0,global,300,True,0.5233333333333333,0.5233333333333333,False,0.5,58,3.8137094275029724
Fuzzy,0153,additive,negative,medium,exponential,2.0,or,300,True,0.5233333333333333,0.5233333333333333,False,0.5,58,3.8137094275029724
Fuzzy,0153,additive,negative,medium,exponential,2.0,max,300,True,0.52,0.52,False,0.5,58,3.8137094275029724
Fuzzy,0153,additive,negative,medium,exponential,2.0,weighted_0.25,300,True,0.5233333333333333,0.52,False,0.46743213179719406,58,3.8137094275029724
Fuzzy,0153,additive,negative,medium,exponential,2.0,weighted_0.5,300,True,0.5233333333333333,0.5166666666666667,False,0.4350898975832912,58,3.8137094275029724
Fuzzy,0153,additive,negative,medium,exponential,2.0,weighted_0.75,300,True,0.53,0.5033333333333333,False,0.25669751435498156,58,3.8137094275029724
Fuzzy,0153,additive,negative,slow,exponential,2.0,pird,300,True,0.0033333333333333335,0.06666666666666667,False,0.9999878205576875,162,3.4797573882674615
Fuzzy,0153,additive,negative,slow,exponential,2.0,global,300,True,0.5233333333333333,0.5233333333333333,False,0.5,58,3.4797573882674615
Fuzzy,0153,additive,negative,slow,exponential,2.0,or,300,True,0.5233333333333333,0.5233333333333333,False,0.5,58,3.4797573882674615
Fuzzy,0153,additive,negative,slow,exponential,2.0,max,300,True,0.52,0.52,False,0.5,58,3.4797573882674615
Fuzzy,0153,additive,negative,slow,exponential,2.0,weighted_0.25,300,True,0.5233333333333333,0.52,False,0.46743213179719406,58,3.4797573882674615
Fuzzy,0153,additive,negative,slow,exponential,2.0,weighted_0.5,300,True,0.5233333333333333,0.5166666666666667,False,0.4350898975832912,58,3.4797573882674615
Fuzzy,0153,additive,negative,slow,exponential,2.0,weighted_0.75,300,True,0.5233333333333333,0.5033333333333333,False,0.31204139490497507,58,3.4797573882674615
Fuzzy,0153,additive,negative,fast,exponential,3.0,pird,300,False,0.0,0.06666666666666667,False,0.9999972996504047,-1,4.745522780085834
Fuzzy,0153,additive,negative,fast,exponential,3.0,global,300,True,0.5233333333333333,0.5233333333333333,False,0.5,58,4.745522780085834
Fuzzy,0153,additive,negative,fast,exponential,3.0,or,300,True,0.5233333333333333,0.5233333333333333,False,0.5,58,4.745522780085834
Fuzzy,0153,additive,negative,fast,exponential,3.0,max,300,True,0.52,0.52,False,0.5,58,4.745522780085834
Fuzzy,0153,additive,negative,fast,exponential,3.0,weighted_0.25,300,True,0.5233333333333333,0.52,False,0.46743213179719406,58,4.745522780085834
Fuzzy,0153,additive,negative,fast,exponential,3.0,weighted_0.5,300,True,0.53,0.5166666666666667,False,0.37185101955477395,58,4.745522780085834
Fuzzy,0153,additive,negative,fast,exponential,3.0,weighted_0.75,300,True,0.6266666666666667,0.5033333333333333,True,0.0011560988336182004,53,4.745522780085834
Fuzzy,0153,additive,negative,medium,exponential,3.0,pird,300,False,0.0,0.06666666666666667,False,0.9999972996504047,-1,4.745522780085834
Fuzzy,0153,additive,negative,medium,exponential,3.0,global,300,True,0.5233333333333333,0.5233333333333333,False,0.5,58,4.745522780085834
Fuzzy,0153,additive,negative,medium,exponential,3.0,or,300,True,0.5233333333333333,0.5233333333333333,False,0.5,58,4.745522780085834
Fuzzy,0153,additive,negative,medium,exponential,3.0,max,300,True,0.52,0.52,False,0.5,58,4.745522780085834
Fuzzy,0153,additive,negative,medium,exponential,3.0,weighted_0.25,300,True,0.5233333333333333,0.52,False,0.46743213179719406,58,4.745522780085834
Fuzzy,0153,additive,negative,medium,exponential,3.0,weighted_0.5,300,True,0.53,0.5166666666666667,False,0.37185101955477395,58,4.745522780085834
Fuzzy,0153,additive,negative,medium,exponential,3.0,weighted_0.75,300,True,0.54,0.5033333333333333,False,0.18432881035341625,58,4.745522780085834
Fuzzy,0153,additive,negative,slow,exponential,3.0,pird,300,True,0.0033333333333333335,0.06666666666666667,False,0.9999878205576875,162,4.227071570127321
Fuzzy,0153,additive,negative,slow,exponential,3.0,global,300,True,0.5233333333333333,0.5233333333333333,False,0.5,58,4.227071570127321
Fuzzy,0153,additive,negative,slow,exponential,3.0,or,300,True,0.5233333333333333,0.5233333333333333,False,0.5,58,4.227071570127321
Fuzzy,0153,additive,negative,slow,exponential,3.0,max,300,True,0.52,0.52,False,0.5,58,4.227071570127321
Fuzzy,0153,additive,negative,slow,exponential,3.0,weighted_0.25,300,True,0.5233333333333333,0.52,False,0.46743213179719406,58,4.227071570127321
Fuzzy,0153,additive,negative,slow,exponential,3.0,weighted_0.5,300,True,0.5233333333333333,0.5166666666666667,False,0.4350898975832912,58,4.227071570127321
Fuzzy,0153,additive,negative,slow,exponential,3.0,weighted_0.75,300,True,0.53,0.5033333333333333,False,0.25669751435498156,58,4.227071570127321
Fuzzy,0153,mean_shift,positive,fast,exponential,0.25,pird,300,False,0.0,0.06666666666666667,False,0.9999972996504047,-1,1.1226554649515943
Fuzzy,0153,mean_shift,positive,fast,exponential,0.25,global,300,True,0.5233333333333333,0.5233333333333333,False,0.5,58,1.1226554649515943
Fuzzy,0153,mean_shift,positive,fast,exponential,0.25,or,300,True,0.5233333333333333,0.5233333333333333,False,0.5,58,1.1226554649515943
Fuzzy,0153,mean_shift,positive,fast,exponential,0.25,max,300,True,0.52,0.52,False,0.5,58,1.1226554649515943
Fuzzy,0153,mean_shift,positive,fast,exponential,0.25,weighted_0.25,300,True,0.5233333333333333,0.52,False,0.46743213179719406,58,1.1226554649515943
Fuzzy,0153,mean_shift,positive,fast,exponential,0.25,weighted_0.5,300,True,0.53,0.5166666666666667,False,0.37185101955477395,58,1.1226554649515943
Fuzzy,0153,mean_shift,positive,fast,exponential,0.25,weighted_0.75,300,True,0.6466666666666666,0.5033333333333333,True,0.0001918031330740101,43,1.1226554649515943
Fuzzy,0153,mean_shift,positive,medium,exponential,0.25,pird,300,False,0.0,0.06666666666666667,False,0.9999972996504047,-1,1.1226554649515943
Fuzzy,0153,mean_shift,positive,medium,exponential,0.25,global,300,True,0.5233333333333333,0.5233333333333333,False,0.5,58,1.1226554649515943
Fuzzy,0153,mean_shift,positive,medium,exponential,0.25,or,300,True,0.5233333333333333,0.5233333333333333,False,0.5,58,1.1226554649515943
Fuzzy,0153,mean_shift,positive,medium,exponential,0.25,max,300,True,0.52,0.52,False,0.5,58,1.1226554649515943
Fuzzy,0153,mean_shift,positive,medium,exponential,0.25,weighted_0.25,300,True,0.5233333333333333,0.52,False,0.46743213179719406,58,1.1226554649515943
Fuzzy,0153,mean_shift,positive,medium,exponential,0.25,weighted_0.5,300,True,0.53,0.5166666666666667,False,0.37185101955477395,58,1.1226554649515943
Fuzzy,0153,mean_shift,positive,medium,exponential,0.25,weighted_0.75,300,True,0.56,0.5033333333333333,False,0.08213752271902376,58,1.1226554649515943
Fuzzy,0153,mean_shift,positive,slow,exponential,0.25,pird,300,False,0.0,0.06666666666666667,False,0.9999972996504047,-1,1.1226554649515943
Fuzzy,0153,mean_shift,positive,slow,exponential,0.25,global,300,True,0.5233333333333333,0.5233333333333333,False,0.5,58,1.1226554649515943
Fuzzy,0153,mean_shift,positive,slow,exponential,0.25,or,300,True,0.5233333333333333,0.5233333333333333,False,0.5,58,1.1226554649515943
Fuzzy,0153,mean_shift,positive,slow,exponential,0.25,max,300,True,0.52,0.52,False,0.5,58,1.1226554649515943
Fuzzy,0153,mean_shift,positive,slow,exponential,0.25,weighted_0.25,300,True,0.5233333333333333,0.52,False,0.46743213179719406,58,1.1226554649515943
Fuzzy,0153,mean_shift,positive,slow,exponential,0.25,weighted_0.5,300,True,0.5266666666666666,0.5166666666666667,False,0.40315881006869314,58,1.1226554649515943
Fuzzy,0153,mean_shift,positive,slow,exponential,0.25,weighted_0.75,300,True,0.5333333333333333,0.5033333333333333,False,0.23106579977260547,58,1.1226554649515943
Fuzzy,0153,mean_shift,positive,fast,exponential,0.5,pird,300,True,0.7833333333333333,0.06666666666666667,True,7.804874336938107e-71,65,1.2242368382226758
Fuzzy,0153,mean_shift,positive,fast,exponential,0.5,global,300,True,0.5233333333333333,0.5233333333333333,False,0.5,58,1.2242368382226758
Fuzzy,0153,mean_shift,positive,fast,exponential,0.5,or,300,True,0.7866666666666666,0.5233333333333333,True,5.822305767106067e-12,58,1.2242368382226758
Fuzzy,0153,mean_shift,positive,fast,exponential,0.5,max,300,True,0.52,0.52,False,0.5,58,1.2242368382226758
Fuzzy,0153,mean_shift,positive,fast,exponential,0.5,weighted_0.25,300,True,0.5233333333333333,0.52,False,0.46743213179719406,58,1.2242368382226758
Fuzzy,0153,mean_shift,positive,fast,exponential,0.5,weighted_0.5,300,True,0.5333333333333333,0.5166666666666667,False,0.3413580601411488,58,1.2242368382226758
Fuzzy,0153,mean_shift,positive,fast,exponential,0.5,weighted_0.75,300,True,0.8133333333333334,0.5033333333333333,True,5.953896034885307e-16,33,1.2242368382226758
Fuzzy,0153,mean_shift,positive,medium,exponential,0.5,pird,300,True,0.5666666666666667,0.06666666666666667,True,7.040756139356873e-40,130,1.2242368382226758
Fuzzy,0153,mean_shift,positive,medium,exponential,0.5,global,300,True,0.5233333333333333,0.5233333333333333,False,0.5,58,1.2242368382226758
Fuzzy,0153,mean_shift,positive,medium,exponential,0.5,or,300,True,0.57,0.5233333333333333,False,0.12546223986949587,58,1.2242368382226758
Fuzzy,0153,mean_shift,positive,medium,exponential,0.5,max,300,True,0.52,0.52,False,0.5,58,1.2242368382226758
Fuzzy,0153,mean_shift,positive,medium,exponential,0.5,weighted_0.25,300,True,0.5233333333333333,0.52,False,0.46743213179719406,58,1.2242368382226758
Fuzzy,0153,mean_shift,positive,medium,exponential,0.5,weighted_0.5,300,True,0.53,0.5166666666666667,False,0.37185101955477395,58,1.2242368382226758
Fuzzy,0153,mean_shift,positive,medium,exponential,0.5,weighted_0.75,300,True,0.6833333333333333,0.5033333333333333,True,3.595334914948877e-06,43,1.2242368382226758
Fuzzy,0153,mean_shift,positive,slow,exponential,0.5,pird,300,True,0.13333333333333333,0.06666666666666667,True,0.0032477931285895146,260,1.2242368382226758
Fuzzy,0153,mean_shift,positive,slow,exponential,0.5,global,300,True,0.5233333333333333,0.5233333333333333,False,0.5,58,1.2242368382226758
Fuzzy,0153,mean_shift,positive,slow,exponential,0.5,or,300,True,0.5233333333333333,0.5233333333333333,False,0.5,58,1.2242368382226758
Fuzzy,0153,mean_shift,positive,slow,exponential,0.5,max,300,True,0.52,0.52,False,0.5,58,1.2242368382226758
Fuzzy,0153,mean_shift,positive,slow,exponential,0.5,weighted_0.25,300,True,0.5233333333333333,0.52,False,0.46743213179719406,58,1.2242368382226758
Fuzzy,0153,mean_shift,positive,slow,exponential,0.5,weighted_0.5,300,True,0.53,0.5166666666666667,False,0.37185101955477395,58,1.2242368382226758
Fuzzy,0153,mean_shift,positive,slow,exponential,0.5,weighted_0.75,300,True,0.5466666666666666,0.5033333333333333,False,0.14394203257327465,58,1.2242368382226758
Fuzzy,0153,mean_shift,positive,fast,exponential,0.75,pird,300,True,0.8366666666666667,0.06666666666666667,True,2.215625607574157e-80,49,1.8363552573340125
Fuzzy,0153,mean_shift,positive,fast,exponential,0.75,global,300,True,0.5233333333333333,0.5233333333333333,False,0.5,58,1.8363552573340125
Fuzzy,0153,mean_shift,positive,fast,exponential,0.75,or,300,True,0.8366666666666667,0.5233333333333333,True,9.626459444509461e-17,49,1.8363552573340125
Fuzzy,0153,mean_shift,positive,fast,exponential,0.75,max,300,True,0.52,0.52,False,0.5,58,1.8363552573340125
Fuzzy,0153,mean_shift,positive,fast,exponential,0.75,weighted_0.25,300,True,0.5233333333333333,0.52,False,0.46743213179719406,58,1.8363552573340125
Fuzzy,0153,mean_shift,positive,fast,exponential,0.75,weighted_0.5,300,True,0.5466666666666666,0.5166666666666667,False,0.23076642278805296,58,1.8363552573340125
Fuzzy,0153,mean_shift,positive,fast,exponential,0.75,weighted_0.75,300,True,0.8933333333333333,0.5033333333333333,True,1.1548438522889644e-25,24,1.8363552573340125
Fuzzy,0153,mean_shift,positive,medium,exponential,0.75,pird,300,True,0.6733333333333333,0.06666666666666667,True,9.62509448225044e-54,98,1.8363552573340125
Fuzzy,0153,mean_shift,positive,medium,exponential,0.75,global,300,True,0.5233333333333333,0.5233333333333333,False,0.5,58,1.8363552573340125
Fuzzy,0153,mean_shift,positive,medium,exponential,0.75,or,300,True,0.6766666666666666,0.5233333333333333,True,6.320923186840288e-05,58,1.8363552573340125
Fuzzy,0153,mean_shift,positive,medium,exponential,0.75,max,300,True,0.52,0.52,False,0.5,58,1.8363552573340125
Fuzzy,0153,mean_shift,positive,medium,exponential,0.75,weighted_0.25,300,True,0.5233333333333333,0.52,False,0.46743213179719406,58,1.8363552573340125
Fuzzy,0153,mean_shift,positive,medium,exponential,0.75,weighted_0.5,300,True,0.53,0.5166666666666667,False,0.37185101955477395,58,1.8363552573340125
Fuzzy,0153,mean_shift,positive,medium,exponential,0.75,weighted_0.75,300,True,0.7666666666666667,0.5033333333333333,True,1.0483460014115089e-11,43,1.8363552573340125
Fuzzy,0153,mean_shift,positive,slow,exponential,0.75,pird,300,True,0.3466666666666667,0.06666666666666667,True,1.2357921687647053e-17,196,1.8363552573340125
Fuzzy,0153,mean_shift,positive,slow,exponential,0.75,global,300,True,0.5233333333333333,0.5233333333333333,False,0.5,58,1.8363552573340125
Fuzzy,0153,mean_shift,positive,slow,exponential,0.75,or,300,True,0.5333333333333333,0.5233333333333333,False,0.4030953512259562,58,1.8363552573340125
Fuzzy,0153,mean_shift,positive,slow,exponential,0.75,max,300,True,0.52,0.52,False,0.5,58,1.8363552573340125
Fuzzy,0153,mean_shift,positive,slow,exponential,0.75,weighted_0.25,300,True,0.5233333333333333,0.52,False,0.46743213179719406,58,1.8363552573340125
Fuzzy,0153,mean_shift,positive,slow,exponential,0.75,weighted_0.5,300,True,0.53,0.5166666666666667,False,0.37185101955477395,58,1.8363552573340125
Fuzzy,0153,mean_shift,positive,slow,exponential,0.75,weighted_0.75,300,True,0.5633333333333334,0.5033333333333333,False,0.07037946027952466,58,1.8363552573340125
Fuzzy,0153,mean_shift,positive,fast,exponential,1.0,pird,300,True,0.87,0.06666666666666667,True,7.6821121616567635e-87,39,2.4484736764453503
Fuzzy,0153,mean_shift,positive,fast,exponential,1.0,global,300,True,0.5233333333333333,0.5233333333333333,False,0.5,58,2.4484736764453503
Fuzzy,0153,mean_shift,positive,fast,exponential,1.0,or,300,True,0.87,0.5233333333333333,True,1.2791161625712187e-20,39,2.4484736764453503
Fuzzy,0153,mean_shift,positive,fast,exponential,1.0,max,300,True,0.52,0.52,False,0.5,58,2.4484736764453503
Fuzzy,0153,mean_shift,positive,fast,exponential,1.0,weighted_0.25,300,True,0.5266666666666666,0.52,False,0.4350712743361826,58,2.4484736764453503
Fuzzy,0153,mean_shift,positive,fast,exponential,1.0,weighted_0.5,300,True,0.5933333333333334,0.5166666666666667,True,0.02941860039587169,58,2.4484736764453503
Fuzzy,0153,mean_shift,positive,fast,exponential,1.0,weighted_0.75,300,True,0.91,0.5033333333333333,True,3.731837773868586e-28,22,2.4484736764453503
Fuzzy,0153,mean_shift,positive,medium,exponential,1.0,pird,300,True,0.7366666666666667,0.06666666666666667,True,3.4362132683242965e-63,79,2.4484736764453503
Fuzzy,0153,mean_shift,positive,medium,exponential,1.0,global,300,True,0.5233333333333333,0.5233333333333333,False,0.5,58,2.4484736764453503
Fuzzy,0153,mean_shift,positive,medium,exponential,1.0,or,300,True,0.74,0.5233333333333333,True,1.8839342005236302e-08,58,2.4484736764453503
Fuzzy,0153,mean_shift,positive,medium,exponential,1.0,max,300,True,0.52,0.52,False,0.5,58,2.4484736764453503
Fuzzy,0153,mean_shift,positive,medium,exponential,1.0,weighted_0.25,300,True,0.5266666666666666,0.52,False,0.4350712743361826,58,2.4484736764453503
Fuzzy,0153,mean_shift,positive,medium,exponential,1.0,weighted_0.5,300,True,0.5333333333333333,0.5166666666666667,False,0.3413580601411488,58,2.4484736764453503
Fuzzy,0153,mean_shift,positive,medium,exponential,1.0,weighted_0.75,300,True,0.81,0.5033333333333333,True,1.2859567411622194e-15,33,2.4484736764453503
Fuzzy,0153,mean_shift,positive,slow,exponential,1.0,pird,300,True,0.47333333333333333,0.06666666666666667,True,1.651226345101487e-29,158,2.4484736764453503
Fuzzy,0153,mean_shift,positive,slow,exponential,1.0,global,300,True,0.5233333333333333,0.5233333333333333,False,0.5,58,2.4484736764453503
Fuzzy,0153,mean_shift,positive,slow,exponential,1.0,or,300,True,0.5333333333333333,0.5233333333333333,False,0.4030953512259562,58,2.4484736764453503
Fuzzy,0153,mean_shift,positive,slow,exponential,1.0,max,300,True,0.52,0.52,False,0.5,58,2.4484736764453503
Fuzzy,0153,mean_shift,positive,slow,exponential,1.0,weighted_0.25,300,True,0.5233333333333333,0.52,False,0.46743213179719406,58,2.4484736764453503
Fuzzy,0153,mean_shift,positive,slow,exponential,1.0,weighted_0.5,300,True,0.53,0.5166666666666667,False,0.37185101955477395,58,2.4484736764453503
Fuzzy,0153,mean_shift,positive,slow,exponential,1.0,weighted_0.75,300,True,0.6266666666666667,0.5033333333333333,True,0.0011560988336182004,58,2.4484736764453503
Fuzzy,0153,mean_shift,positive,fast,exponential,1.5,pird,300,True,0.9033333333333333,0.06666666666666667,True,1.0060363886547479e-93,29,3.6727105146680263
Fuzzy,0153,mean_shift,positive,fast,exponential,1.5,global,300,True,0.5233333333333333,0.5233333333333333,False,0.5,58,3.6727105146680263
Fuzzy,0153,mean_shift,positive,fast,exponential,1.5,or,300,True,0.9033333333333333,0.5233333333333333,True,3.8335598339776625e-25,29,3.6727105146680263
Fuzzy,0153,mean_shift,positive,fast,exponential,1.5,max,300,True,0.52,0.52,False,0.5,58,3.6727105146680263
Fuzzy,0153,mean_shift,positive,fast,exponential,1.5,weighted_0.25,300,True,0.53,0.52,False,0.4031292114585113,58,3.6727105146680263
Fuzzy,0153,mean_shift,positive,fast,exponential,1.5,weighted_0.5,300,True,0.71,0.5166666666666667,True,5.803460407801181e-07,43,3.6727105146680263
Fuzzy,0153,mean_shift,positive,fast,exponential,1.5,weighted_0.75,300,True,0.9333333333333333,0.5033333333333333,True,5.797992594025284e-32,13,3.6727105146680263
Fuzzy,0153,mean_shift,positive,medium,exponential,1.5,pird,300,True,0.81,0.06666666666666667,True,1.71386729788345e-75,57,3.6727105146680263
Fuzzy,0153,mean_shift,positive,medium,exponential,1.5,global,300,True,0.5233333333333333,0.5233333333333333,False,0.5,58,3.6727105146680263
Fuzzy,0153,mean_shift,positive,medium,exponential,1.5,or,300,True,0.81,0.5233333333333333,True,4.7448133808654584e-14,57,3.6727105146680263
Fuzzy,0153,mean_shift,positive,medium,exponential,1.5,max,300,True,0.52,0.52,False,0.5,58,3.6727105146680263
Fuzzy,0153,mean_shift,positive,medium,exponential,1.5,weighted_0.25,300,True,0.53,0.52,False,0.4031292114585113,58,3.6727105146680263
Fuzzy,0153,mean_shift,positive,medium,exponential,1.5,weighted_0.5,300,True,0.5633333333333334,0.5166666666666667,False,0.12573818637151749,58,3.6727105146680263
Fuzzy,0153,mean_shift,positive,medium,exponential,1.5,weighted_0.75,300,True,0.87,0.5033333333333333,True,1.807610213171363e-22,26,3.6727105146680263
Fuzzy,0153,mean_shift,positive,slow,exponential,1.5,pird,300,True,0.62,0.06666666666666667,True,1.6221431021910003e-46,114,3.6727105146680263
Fuzzy,0153,mean_shift,positive,slow,exponential,1.5,global,300,True,0.5233333333333333,0.5233333333333333,False,0.5,58,3.6727105146680263
Fuzzy,0153,mean_shift,positive,slow,exponential,1.5,or,300,True,0.6233333333333333,0.5233333333333333,True,0.00663819069768448,58,3.6727105146680263
Fuzzy,0153,mean_shift,positive,slow,exponential,1.5,max,300,True,0.52,0.52,False,0.5,58,3.6727105146680263
Fuzzy,0153,mean_shift,positive,slow,exponential,1.5,weighted_0.25,300,True,0.5233333333333333,0.52,False,0.46743213179719406,58,3.6727105146680263
Fuzzy,0153,mean_shift,positive,slow,exponential,1.5,weighted_0.5,300,True,0.53,0.5166666666666667,False,0.37185101955477395,58,3.6727105146680263
Fuzzy,0153,mean_shift,positive,slow,exponential,1.5,weighted_0.75,300,True,0.7166666666666667,0.5033333333333333,True,4.2349497660938075e-08,43,3.6727105146680263
Fuzzy,0153,mean_shift,positive,fast,exponential,2.0,pird,300,True,0.9266666666666666,0.06666666666666667,True,8.143490741383534e-99,22,4.896947352890701
Fuzzy,0153,mean_shift,positive,fast,exponential,2.0,global,300,True,0.5233333333333333,0.5233333333333333,False,0.5,58,4.896947352890701
Fuzzy,0153,mean_shift,positive,fast,exponential,2.0,or,300,True,0.9266666666666666,0.5233333333333333,True,9.47832136239007e-29,22,4.896947352890701
Fuzzy,0153,mean_shift,positive,fast,exponential,2.0,max,300,True,0.7666666666666667,0.52,True,1.4246187038967558e-10,58,4.896947352890701
Fuzzy,0153,mean_shift,positive,fast,exponential,2.0,weighted_0.25,300,True,0.5333333333333333,0.52,False,0.37180969383572116,58,4.896947352890701
Fuzzy,0153,mean_shift,positive,fast,exponential,2.0,weighted_0.5,300,True,0.8133333333333334,0.5166666666666667,True,6.907505985975438e-15,33,4.896947352890701
Fuzzy,0153,mean_shift,positive,fast,exponential,2.0,weighted_0.75,300,True,0.9433333333333334,0.5033333333333333,True,1.015297964510067e-33,13,4.896947352890701
Fuzzy,0153,mean_shift,positive,medium,exponential,2.0,pird,300,True,0.85,0.06666666666666667,True,6.453116968900322e-83,45,4.896947352890701
Fuzzy,0153,mean_shift,positive,medium,exponential,2.0,global,300,True,0.5233333333333333,0.5233333333333333,False,0.5,58,4.896947352890701
Fuzzy,0153,mean_shift,positive,medium,exponential,2.0,or,300,True,0.85,0.5233333333333333,True,3.196265767927908e-18,45,4.896947352890701
Fuzzy,0153,mean_shift,positive,medium,exponential,2.0,max,300,True,0.5333333333333333,0.52,False,0.37180969383572116,58,4.896947352890701
Fuzzy,0153,mean_shift,positive,medium,exponential,2.0,weighted_0.25,300,True,0.53,0.52,False,0.4031292114585113,58,4.896947352890701
Fuzzy,0153,mean_shift,positive,medium,exponential,2.0,weighted_0.5,300,True,0.6466666666666666,0.5166666666666667,True,0.0006239894536672711,58,4.896947352890701
Fuzzy,0153,mean_shift,positive,medium,exponential,2.0,weighted_0.75,300,True,0.9033333333333333,0.5033333333333333,True,3.891266204373405e-27,22,4.896947352890701
Fuzzy,0153,mean_shift,positive,slow,exponential,2.0,pird,300,True,0.7033333333333334,0.06666666666666667,True,4.2954485314986996e-58,89,4.896947352890701
Fuzzy,0153,mean_shift,positive,slow,exponential,2.0,global,300,True,0.5233333333333333,0.5233333333333333,False,0.5,58,4.896947352890701
Fuzzy,0153,mean_shift,positive,slow,exponential,2.0,or,300,True,0.7066666666666667,0.5233333333333333,True,1.9707691458144887e-06,58,4.896947352890701
Fuzzy,0153,mean_shift,positive,slow,exponential,2.0,max,300,True,0.52,0.52,False,0.5,58,4.896947352890701
Fuzzy,0153,mean_shift,positive,slow,exponential,2.0,weighted_0.25,300,True,0.5233333333333333,0.52,False,0.46743213179719406,58,4.896947352890701
Fuzzy,0153,mean_shift,positive,slow,exponential,2.0,weighted_0.5,300,True,0.5333333333333333,0.5166666666666667,False,0.3413580601411488,58,4.896947352890701
Fuzzy,0153,mean_shift,positive,slow,exponential,2.0,weighted_0.75,300,True,0.79,0.5033333333333333,True,1.0289928499930178e-13,33,4.896947352890701
Fuzzy,0153,mean_shift,positive,fast,exponential,3.0,pird,300,True,0.9466666666666667,0.06666666666666667,True,2.255015053988713e-103,16,7.345421029336051
Fuzzy,0153,mean_shift,positive,fast,exponential,3.0,global,300,True,0.5233333333333333,0.5233333333333333,False,0.5,58,7.345421029336051
Fuzzy,0153,mean_shift,positive,fast,exponential,3.0,or,300,True,0.9466666666666667,0.5233333333333333,True,3.618336353029153e-32,16,7.345421029336051
Fuzzy,0153,mean_shift,positive,fast,exponential,3.0,max,300,True,0.82,0.52,True,2.7704084323927333e-15,54,7.345421029336051
Fuzzy,0153,mean_shift,positive,fast,exponential,3.0,weighted_0.25,300,True,0.5833333333333334,0.52,False,0.05941623790455219,58,7.345421029336051
Fuzzy,0153,mean_shift,positive,fast,exponential,3.0,weighted_0.5,300,True,0.8733333333333333,0.5166666666666667,True,1.179730983218728e-21,28,7.345421029336051
Fuzzy,0153,mean_shift,positive,fast,exponential,3.0,weighted_0.75,300,True,0.96,0.5033333333333333,True,7.918662702611265e-37,10,7.345421029336051
Fuzzy,0153,mean_shift,positive,medium,exponential,3.0,pird,300,True,0.8966666666666666,0.06666666666666667,True,2.5998404009526948e-92,31,7.345421029336051
Fuzzy,0153,mean_shift,positive,medium,exponential,3.0,global,300,True,0.5233333333333333,0.5233333333333333,False,0.5,58,7.345421029336051
Fuzzy,0153,mean_shift,positive,medium,exponential,3.0,or,300,True,0.8966666666666666,0.5233333333333333,True,3.5053436022651296e-24,31,7.345421029336051
Fuzzy,0153,mean_shift,positive,medium,exponential,3.0,max,300,True,0.6433333333333333,0.52,True,0.001098732488451513,58,7.345421029336051
Fuzzy,0153,mean_shift,positive,medium,exponential,3.0,weighted_0.25,300,True,0.53,0.52,False,0.4031292114585113,58,7.345421029336051
Fuzzy,0153,mean_shift,positive,medium,exponential,3.0,weighted_0.5,300,True,0.74,0.5166666666666667,True,7.562392811600887e-09,53,7.345421029336051
Fuzzy,0153,mean_shift,positive,medium,exponential,3.0,weighted_0.75,300,True,0.9266666666666666,0.5033333333333333,True,7.794970939120406e-31,13,7.345421029336051
Fuzzy,0153,mean_shift,positive,slow,exponential,3.0,pird,300,True,0.7933333333333333,0.06666666666666667,True,1.483991207983999e-72,62,7.345421029336051
Fuzzy,0153,mean_shift,positive,slow,exponential,3.0,global,300,True,0.5233333333333333,0.5233333333333333,False,0.5,58,7.345421029336051
Fuzzy,0153,mean_shift,positive,slow,exponential,3.0,or,300,True,0.7966666666666666,0.5233333333333333,True,7.923643630900912e-13,58,7.345421029336051
Fuzzy,0153,mean_shift,positive,slow,exponential,3.0,max,300,True,0.52,0.52,False,0.5,58,7.345421029336051
Fuzzy,0153,mean_shift,positive,slow,exponential,3.0,weighted_0.25,300,True,0.53,0.52,False,0.4031292114585113,58,7.345421029336051
Fuzzy,0153,mean_shift,positive,slow,exponential,3.0,weighted_0.5,300,True,0.5566666666666666,0.5166666666666667,False,0.162941285155013,58,7.345421029336051
Fuzzy,0153,mean_shift,positive,slow,exponential,3.0,weighted_0.75,300,True,0.8566666666666667,0.5033333333333333,True,8.727693426953212e-21,28,7.345421029336051
Fuzzy,0153,mean_shift,negative,fast,exponential,0.25,pird,300,False,0.0,0.06666666666666667,False,0.9999972996504047,-1,1.1226554649515943
Fuzzy,0153,mean_shift,negative,fast,exponential,0.25,global,300,True,0.5233333333333333,0.5233333333333333,False,0.5,58,1.1226554649515943
Fuzzy,0153,mean_shift,negative,fast,exponential,0.25,or,300,True,0.5233333333333333,0.5233333333333333,False,0.5,58,1.1226554649515943
Fuzzy,0153,mean_shift,negative,fast,exponential,0.25,max,300,True,0.52,0.52,False,0.5,58,1.1226554649515943
Fuzzy,0153,mean_shift,negative,fast,exponential,0.25,weighted_0.25,300,True,0.5233333333333333,0.52,False,0.46743213179719406,58,1.1226554649515943
Fuzzy,0153,mean_shift,negative,fast,exponential,0.25,weighted_0.5,300,True,0.5233333333333333,0.5166666666666667,False,0.4350898975832912,58,1.1226554649515943
Fuzzy,0153,mean_shift,negative,fast,exponential,0.25,weighted_0.75,300,True,0.51,0.5033333333333333,False,0.43513567123950686,58,1.1226554649515943
Fuzzy,0153,mean_shift,negative,medium,exponential,0.25,pird,300,False,0.0,0.06666666666666667,False,0.9999972996504047,-1,1.1226554649515943
Fuzzy,0153,mean_shift,negative,medium,exponential,0.25,global,300,True,0.5233333333333333,0.5233333333333333,False,0.5,58,1.1226554649515943
Fuzzy,0153,mean_shift,negative,medium,exponential,0.25,or,300,True,0.5233333333333333,0.5233333333333333,False,0.5,58,1.1226554649515943
Fuzzy,0153,mean_shift,negative,medium,exponential,0.25,max,300,True,0.52,0.52,False,0.5,58,1.1226554649515943
Fuzzy,0153,mean_shift,negative,medium,exponential,0.25,weighted_0.25,300,True,0.5233333333333333,0.52,False,0.46743213179719406,58,1.1226554649515943
Fuzzy,0153,mean_shift,negative,medium,exponential,0.25,weighted_0.5,300,True,0.5233333333333333,0.5166666666666667,False,0.4350898975832912,58,1.1226554649515943
Fuzzy,0153,mean_shift,negative,medium,exponential,0.25,weighted_0.75,300,True,0.51,0.5033333333333333,False,0.43513567123950686,58,1.1226554649515943
Fuzzy,0153,mean_shift,negative,slow,exponential,0.25,pird,300,False,0.0,0.06666666666666667,False,0.9999972996504047,-1,1.1226554649515943
Fuzzy,0153,mean_shift,negative,slow,exponential,0.25,global,300,True,0.5233333333333333,0.5233333333333333,False,0.5,58,1.1226554649515943
Fuzzy,0153,mean_shift,negative,slow,exponential,0.25,or,300,True,0.5233333333333333,0.5233333333333333,False,0.5,58,1.1226554649515943
Fuzzy,0153,mean_shift,negative,slow,exponential,0.25,max,300,True,0.52,0.52,False,0.5,58,1.1226554649515943
Fuzzy,0153,mean_shift,negative,slow,exponential,0.25,weighted_0.25,300,True,0.5233333333333333,0.52,False,0.46743213179719406,58,1.1226554649515943
Fuzzy,0153,mean_shift,negative,slow,exponential,0.25,weighted_0.5,300,True,0.5233333333333333,0.5166666666666667,False,0.4350898975832912,58,1.1226554649515943
Fuzzy,0153,mean_shift,negative,slow,exponential,0.25,weighted_0.75,300,True,0.5233333333333333,0.5033333333333333,False,0.31204139490497507,58,1.1226554649515943
Fuzzy,0153,mean_shift,negative,fast,exponential,0.5,pird,300,False,0.0,0.06666666666666667,False,0.9999972996504047,-1,1.2149904653676993
Fuzzy,0153,mean_shift,negative,fast,exponential,0.5,global,300,True,0.5233333333333333,0.5233333333333333,False,0.5,58,1.2149904653676993
Fuzzy,0153,mean_shift,negative,fast,exponential,0.5,or,300,True,0.5233333333333333,0.5233333333333333,False,0.5,58,1.2149904653676993
Fuzzy,0153,mean_shift,negative,fast,exponential,0.5,max,300,True,0.52,0.52,False,0.5,58,1.2149904653676993
Fuzzy,0153,mean_shift,negative,fast,exponential,0.5,weighted_0.25,300,True,0.5233333333333333,0.52,False,0.46743213179719406,58,1.2149904653676993
Fuzzy,0153,mean_shift,negative,fast,exponential,0.5,weighted_0.5,300,True,0.5233333333333333,0.5166666666666667,False,0.4350898975832912,58,1.2149904653676993
Fuzzy,0153,mean_shift,negative,fast,exponential,0.5,weighted_0.75,300,True,0.5133333333333333,0.5033333333333333,False,0.40323479639379717,141,1.2149904653676993
Fuzzy,0153,mean_shift,negative,medium,exponential,0.5,pird,300,False,0.0,0.06666666666666667,False,0.9999972996504047,-1,1.2149904653676993
Fuzzy,0153,mean_shift,negative,medium,exponential,0.5,global,300,True,0.5233333333333333,0.5233333333333333,False,0.5,58,1.2149904653676993
Fuzzy,0153,mean_shift,negative,medium,exponential,0.5,or,300,True,0.5233333333333333,0.5233333333333333,False,0.5,58,1.2149904653676993
Fuzzy,0153,mean_shift,negative,medium,exponential,0.5,max,300,True,0.52,0.52,False,0.5,58,1.2149904653676993
Fuzzy,0153,mean_shift,negative,medium,exponential,0.5,weighted_0.25,300,True,0.5233333333333333,0.52,False,0.46743213179719406,58,1.2149904653676993
Fuzzy,0153,mean_shift,negative,medium,exponential,0.5,weighted_0.5,300,True,0.5233333333333333,0.5166666666666667,False,0.4350898975832912,58,1.2149904653676993
Fuzzy,0153,mean_shift,negative,medium,exponential,0.5,weighted_0.75,300,True,0.5133333333333333,0.5033333333333333,False,0.40323479639379717,58,1.2149904653676993
Fuzzy,0153,mean_shift,negative,slow,exponential,0.5,pird,300,False,0.0,0.06666666666666667,False,0.9999972996504047,-1,1.2149904653676993
Fuzzy,0153,mean_shift,negative,slow,exponential,0.5,global,300,True,0.5233333333333333,0.5233333333333333,False,0.5,58,1.2149904653676993
Fuzzy,0153,mean_shift,negative,slow,exponential,0.5,or,300,True,0.5233333333333333,0.5233333333333333,False,0.5,58,1.2149904653676993
Fuzzy,0153,mean_shift,negative,slow,exponential,0.5,max,300,True,0.52,0.52,False,0.5,58,1.2149904653676993
Fuzzy,0153,mean_shift,negative,slow,exponential,0.5,weighted_0.25,300,True,0.52,0.52,False,0.5,58,1.2149904653676993
Fuzzy,0153,mean_shift,negative,slow,exponential,0.5,weighted_0.5,300,True,0.52,0.5166666666666667,False,0.46744081007592647,58,1.2149904653676993
Fuzzy,0153,mean_shift,negative,slow,exponential,0.5,weighted_0.75,300,True,0.51,0.5033333333333333,False,0.43513567123950686,58,1.2149904653676993
Fuzzy,0153,mean_shift,negative,fast,exponential,0.75,pird,300,False,0.0,0.06666666666666667,False,0.9999972996504047,-1,1.625388733846066
Fuzzy,0153,mean_shift,negative,fast,exponential,0.75,global,300,True,0.5233333333333333,0.5233333333333333,False,0.5,58,1.625388733846066
Fuzzy,0153,mean_shift,negative,fast,exponential,0.75,or,300,True,0.5233333333333333,0.5233333333333333,False,0.5,58,1.625388733846066
Fuzzy,0153,mean_shift,negative,fast,exponential,0.75,max,300,True,0.52,0.52,False,0.5,58,1.625388733846066
Fuzzy,0153,mean_shift,negative,fast,exponential,0.75,weighted_0.25,300,True,0.5233333333333333,0.52,False,0.46743213179719406,58,1.625388733846066
Fuzzy,0153,mean_shift,negative,fast,exponential,0.75,weighted_0.5,300,True,0.5233333333333333,0.5166666666666667,False,0.4350898975832912,58,1.625388733846066
Fuzzy,0153,mean_shift,negative,fast,exponential,0.75,weighted_0.75,300,True,0.5233333333333333,0.5033333333333333,False,0.31204139490497507,58,1.625388733846066
Fuzzy,0153,mean_shift,negative,medium,exponential,0.75,pird,300,False,0.0,0.06666666666666667,False,0.9999972996504047,-1,1.625388733846066
Fuzzy,0153,mean_shift,negative,medium,exponential,0.75,global,300,True,0.5233333333333333,0.5233333333333333,False,0.5,58,1.625388733846066
Fuzzy,0153,mean_shift,negative,medium,exponential,0.75,or,300,True,0.5233333333333333,0.5233333333333333,False,0.5,58,1.625388733846066
Fuzzy,0153,mean_shift,negative,medium,exponential,0.75,max,300,True,0.52,0.52,False,0.5,58,1.625388733846066
Fuzzy,0153,mean_shift,negative,medium,exponential,0.75,weighted_0.25,300,True,0.5233333333333333,0.52,False,0.46743213179719406,58,1.625388733846066
Fuzzy,0153,mean_shift,negative,medium,exponential,0.75,weighted_0.5,300,True,0.5233333333333333,0.5166666666666667,False,0.4350898975832912,58,1.625388733846066
Fuzzy,0153,mean_shift,negative,medium,exponential,0.75,weighted_0.75,300,True,0.5233333333333333,0.5033333333333333,False,0.31204139490497507,58,1.625388733846066
Fuzzy,0153,mean_shift,negative,slow,exponential,0.75,pird,300,False,0.0,0.06666666666666667,False,0.9999972996504047,-1,1.625388733846066
Fuzzy,0153,mean_shift,negative,slow,exponential,0.75,global,300,True,0.5233333333333333,0.5233333333333333,False,0.5,58,1.625388733846066
Fuzzy,0153,mean_shift,negative,slow,exponential,0.75,or,300,True,0.5233333333333333,0.5233333333333333,False,0.5,58,1.625388733846066
Fuzzy,0153,mean_shift,negative,slow,exponential,0.75,max,300,True,0.52,0.52,False,0.5,58,1.625388733846066
Fuzzy,0153,mean_shift,negative,slow,exponential,0.75,weighted_0.25,300,True,0.52,0.52,False,0.5,58,1.625388733846066
Fuzzy,0153,mean_shift,negative,slow,exponential,0.75,weighted_0.5,300,True,0.5166666666666667,0.5166666666666667,False,0.5,58,1.625388733846066
Fuzzy,0153,mean_shift,negative,slow,exponential,0.75,weighted_0.75,300,True,0.5066666666666667,0.5033333333333333,False,0.46746103244441317,58,1.625388733846066
Fuzzy,0153,mean_shift,negative,fast,exponential,1.0,pird,300,False,0.0,0.06666666666666667,False,0.9999972996504047,-1,1.816729425592338
Fuzzy,0153,mean_shift,negative,fast,exponential,1.0,global,300,True,0.5233333333333333,0.5233333333333333,False,0.5,58,1.816729425592338
Fuzzy,0153,mean_shift,negative,fast,exponential,1.0,or,300,True,0.5233333333333333,0.5233333333333333,False,0.5,58,1.816729425592338
Fuzzy,0153,mean_shift,negative,fast,exponential,1.0,max,300,True,0.52,0.52,False,0.5,58,1.816729425592338
Fuzzy,0153,mean_shift,negative,fast,exponential,1.0,weighted_0.25,300,True,0.5233333333333333,0.52,False,0.46743213179719406,58,1.816729425592338
Fuzzy,0153,mean_shift,negative,fast,exponential,1.0,weighted_0.5,300,True,0.5233333333333333,0.5166666666666667,False,0.4350898975832912,58,1.816729425592338
Fuzzy,0153,mean_shift,negative,fast,exponential,1.0,weighted_0.75,300,True,0.5266666666666666,0.5033333333333333,False,0.28372705263076214,58,1.816729425592338
Fuzzy,0153,mean_shift,negative,medium,exponential,1.0,pird,300,False,0.0,0.06666666666666667,False,0.9999972996504047,-1,1.816729425592338
Fuzzy,0153,mean_shift,negative,medium,exponential,1.0,global,300,True,0.5233333333333333,0.5233333333333333,False,0.5,58,1.816729425592338
Fuzzy,0153,mean_shift,negative,medium,exponential,1.0,or,300,True,0.5233333333333333,0.5233333333333333,False,0.5,58,1.816729425592338
Fuzzy,0153,mean_shift,negative,medium,exponential,1.0,max,300,True,0.52,0.52,False,0.5,58,1.816729425592338
Fuzzy,0153,mean_shift,negative,medium,exponential,1.0,weighted_0.25,300,True,0.5233333333333333,0.52,False,0.46743213179719406,58,1.816729425592338
Fuzzy,0153,mean_shift,negative,medium,exponential,1.0,weighted_0.5,300,True,0.5233333333333333,0.5166666666666667,False,0.4350898975832912,58,1.816729425592338
Fuzzy,0153,mean_shift,negative,medium,exponential,1.0,weighted_0.75,300,True,0.52,0.5033333333333333,False,0.34150489218628377,141,1.816729425592338
Fuzzy,0153,mean_shift,negative,slow,exponential,1.0,pird,300,False,0.0,0.06666666666666667,False,0.9999972996504047,-1,1.816729425592338
Fuzzy,0153,mean_shift,negative,slow,exponential,1.0,global,300,True,0.5233333333333333,0.5233333333333333,False,0.5,58,1.816729425592338
Fuzzy,0153,mean_shift,negative,slow,exponential,1.0,or,300,True,0.5233333333333333,0.5233333333333333,False,0.5,58,1.816729425592338
Fuzzy,0153,mean_shift,negative,slow,exponential,1.0,max,300,True,0.52,0.52,False,0.5,58,1.816729425592338
Fuzzy,0153,mean_shift,negative,slow,exponential,1.0,weighted_0.25,300,True,0.5233333333333333,0.52,False,0.46743213179719406,58,1.816729425592338
Fuzzy,0153,mean_shift,negative,slow,exponential,1.0,weighted_0.5,300,True,0.5233333333333333,0.5166666666666667,False,0.4350898975832912,58,1.816729425592338
Fuzzy,0153,mean_shift,negative,slow,exponential,1.0,weighted_0.75,300,True,0.5166666666666667,0.5033333333333333,False,0.3719610264779696,58,1.816729425592338
Fuzzy,0153,mean_shift,negative,fast,exponential,1.5,pird,300,False,0.0,0.06666666666666667,False,0.9999972996504047,-1,2.131805579001989
Fuzzy,0153,mean_shift,negative,fast,exponential,1.5,global,300,True,0.5233333333333333,0.5233333333333333,False,0.5,58,2.131805579001989
Fuzzy,0153,mean_shift,negative,fast,exponential,1.5,or,300,True,0.5233333333333333,0.5233333333333333,False,0.5,58,2.131805579001989
Fuzzy,0153,mean_shift,negative,fast,exponential,1.5,max,300,True,0.52,0.52,False,0.5,58,2.131805579001989
Fuzzy,0153,mean_shift,negative,fast,exponential,1.5,weighted_0.25,300,True,0.5233333333333333,0.52,False,0.46743213179719406,58,2.131805579001989
Fuzzy,0153,mean_shift,negative,fast,exponential,1.5,weighted_0.5,300,True,0.5233333333333333,0.5166666666666667,False,0.4350898975832912,58,2.131805579001989
Fuzzy,0153,mean_shift,negative,fast,exponential,1.5,weighted_0.75,300,True,0.5266666666666666,0.5033333333333333,False,0.28372705263076214,58,2.131805579001989
Fuzzy,0153,mean_shift,negative,medium,exponential,1.5,pird,300,False,0.0,0.06666666666666667,False,0.9999972996504047,-1,2.131805579001989
Fuzzy,0153,mean_shift,negative,medium,exponential,1.5,global,300,True,0.5233333333333333,0.5233333333333333,False,0.5,58,2.131805579001989
Fuzzy,0153,mean_shift,negative,medium,exponential,1.5,or,300,True,0.5233333333333333,0.5233333333333333,False,0.5,58,2.131805579001989
Fuzzy,0153,mean_shift,negative,medium,exponential,1.5,max,300,True,0.52,0.52,False,0.5,58,2.131805579001989
Fuzzy,0153,mean_shift,negative,medium,exponential,1.5,weighted_0.25,300,True,0.5233333333333333,0.52,False,0.46743213179719406,58,2.131805579001989
Fuzzy,0153,mean_shift,negative,medium,exponential,1.5,weighted_0.5,300,True,0.5233333333333333,0.5166666666666667,False,0.4350898975832912,58,2.131805579001989
Fuzzy,0153,mean_shift,negative,medium,exponential,1.5,weighted_0.75,300,True,0.5233333333333333,0.5033333333333333,False,0.31204139490497507,140,2.131805579001989
Fuzzy,0153,mean_shift,negative,slow,exponential,1.5,pird,300,False,0.0,0.06666666666666667,False,0.9999972996504047,-1,2.131805579001989
Fuzzy,0153,mean_shift,negative,slow,exponential,1.5,global,300,True,0.5233333333333333,0.5233333333333333,False,0.5,58,2.131805579001989
Fuzzy,0153,mean_shift,negative,slow,exponential,1.5,or,300,True,0.5233333333333333,0.5233333333333333,False,0.5,58,2.131805579001989
Fuzzy,0153,mean_shift,negative,slow,exponential,1.5,max,300,True,0.52,0.52,False,0.5,58,2.131805579001989
Fuzzy,0153,mean_shift,negative,slow,exponential,1.5,weighted_0.25,300,True,0.5233333333333333,0.52,False,0.46743213179719406,58,2.131805579001989
Fuzzy,0153,mean_shift,negative,slow,exponential,1.5,weighted_0.5,300,True,0.5233333333333333,0.5166666666666667,False,0.4350898975832912,58,2.131805579001989
Fuzzy,0153,mean_shift,negative,slow,exponential,1.5,weighted_0.75,300,True,0.5233333333333333,0.5033333333333333,False,0.31204139490497507,58,2.131805579001989
Fuzzy,0153,mean_shift,negative,fast,exponential,2.0,pird,300,False,0.0,0.06666666666666667,False,0.9999972996504047,-1,2.5072534646212583
Fuzzy,0153,mean_shift,negative,fast,exponential,2.0,global,300,True,0.5233333333333333,0.5233333333333333,False,0.5,58,2.5072534646212583
Fuzzy,0153,mean_shift,negative,fast,exponential,2.0,or,300,True,0.5233333333333333,0.5233333333333333,False,0.5,58,2.5072534646212583
Fuzzy,0153,mean_shift,negative,fast,exponential,2.0,max,300,True,0.52,0.52,False,0.5,58,2.5072534646212583
Fuzzy,0153,mean_shift,negative,fast,exponential,2.0,weighted_0.25,300,True,0.5233333333333333,0.52,False,0.46743213179719406,58,2.5072534646212583
Fuzzy,0153,mean_shift,negative,fast,exponential,2.0,weighted_0.5,300,True,0.5233333333333333,0.5166666666666667,False,0.4350898975832912,58,2.5072534646212583
Fuzzy,0153,mean_shift,negative,fast,exponential,2.0,weighted_0.75,300,True,0.53,0.5033333333333333,False,0.25669751435498156,58,2.5072534646212583
Fuzzy,0153,mean_shift,negative,medium,exponential,2.0,pird,300,False,0.0,0.06666666666666667,False,0.9999972996504047,-1,2.5072534646212583
Fuzzy,0153,mean_shift,negative,medium,exponential,2.0,global,300,True,0.5233333333333333,0.5233333333333333,False,0.5,58,2.5072534646212583
Fuzzy,0153,mean_shift,negative,medium,exponential,2.0,or,300,True,0.5233333333333333,0.5233333333333333,False,0.5,58,2.5072534646212583
Fuzzy,0153,mean_shift,negative,medium,exponential,2.0,max,300,True,0.52,0.52,False,0.5,58,2.5072534646212583
Fuzzy,0153,mean_shift,negative,medium,exponential,2.0,weighted_0.25,300,True,0.5233333333333333,0.52,False,0.46743213179719406,58,2.5072534646212583
Fuzzy,0153,mean_shift,negative,medium,exponential,2.0,weighted_0.5,300,True,0.5233333333333333,0.5166666666666667,False,0.4350898975832912,58,2.5072534646212583
Fuzzy,0153,mean_shift,negative,medium,exponential,2.0,weighted_0.75,300,True,0.53,0.5033333333333333,False,0.25669751435498156,58,2.5072534646212583
Fuzzy,0153,mean_shift,negative,slow,exponential,2.0,pird,300,False,0.0,0.06666666666666667,False,0.9999972996504047,-1,2.5072534646212583
Fuzzy,0153,mean_shift,negative,slow,exponential,2.0,global,300,True,0.5233333333333333,0.5233333333333333,False,0.5,58,2.5072534646212583
Fuzzy,0153,mean_shift,negative,slow,exponential,2.0,or,300,True,0.5233333333333333,0.5233333333333333,False,0.5,58,2.5072534646212583
Fuzzy,0153,mean_shift,negative,slow,exponential,2.0,max,300,True,0.52,0.52,False,0.5,58,2.5072534646212583
Fuzzy,0153,mean_shift,negative,slow,exponential,2.0,weighted_0.25,300,True,0.5233333333333333,0.52,False,0.46743213179719406,58,2.5072534646212583
Fuzzy,0153,mean_shift,negative,slow,exponential,2.0,weighted_0.5,300,True,0.5233333333333333,0.5166666666666667,False,0.4350898975832912,58,2.5072534646212583
Fuzzy,0153,mean_shift,negative,slow,exponential,2.0,weighted_0.75,300,True,0.5233333333333333,0.5033333333333333,False,0.31204139490497507,58,2.5072534646212583
Fuzzy,0153,mean_shift,negative,fast,exponential,3.0,pird,300,False,0.0,0.06666666666666667,False,0.9999972996504047,-1,3.3559911828339226
Fuzzy,0153,mean_shift,negative,fast,exponential,3.0,global,300,True,0.5233333333333333,0.5233333333333333,False,0.5,58,3.3559911828339226
Fuzzy,0153,mean_shift,negative,fast,exponential,3.0,or,300,True,0.5233333333333333,0.5233333333333333,False,0.5,58,3.3559911828339226
Fuzzy,0153,mean_shift,negative,fast,exponential,3.0,max,300,True,0.52,0.52,False,0.5,58,3.3559911828339226
Fuzzy,0153,mean_shift,negative,fast,exponential,3.0,weighted_0.25,300,True,0.5233333333333333,0.52,False,0.46743213179719406,58,3.3559911828339226
Fuzzy,0153,mean_shift,negative,fast,exponential,3.0,weighted_0.5,300,True,0.5266666666666666,0.5166666666666667,False,0.40315881006869314,58,3.3559911828339226
Fuzzy,0153,mean_shift,negative,fast,exponential,3.0,weighted_0.75,300,True,0.5733333333333334,0.5033333333333333,True,0.04274310397187012,58,3.3559911828339226
Fuzzy,0153,mean_shift,negative,medium,exponential,3.0,pird,300,False,0.0,0.06666666666666667,False,0.9999972996504047,-1,3.3559911828339226
Fuzzy,0153,mean_shift,negative,medium,exponential,3.0,global,300,True,0.5233333333333333,0.5233333333333333,False,0.5,58,3.3559911828339226
Fuzzy,0153,mean_shift,negative,medium,exponential,3.0,or,300,True,0.5233333333333333,0.5233333333333333,False,0.5,58,3.3559911828339226
Fuzzy,0153,mean_shift,negative,medium,exponential,3.0,max,300,True,0.52,0.52,False,0.5,58,3.3559911828339226
Fuzzy,0153,mean_shift,negative,medium,exponential,3.0,weighted_0.25,300,True,0.5233333333333333,0.52,False,0.46743213179719406,58,3.3559911828339226
Fuzzy,0153,mean_shift,negative,medium,exponential,3.0,weighted_0.5,300,True,0.5266666666666666,0.5166666666666667,False,0.40315881006869314,58,3.3559911828339226
Fuzzy,0153,mean_shift,negative,medium,exponential,3.0,weighted_0.75,300,True,0.53,0.5033333333333333,False,0.25669751435498156,58,3.3559911828339226
Fuzzy,0153,mean_shift,negative,slow,exponential,3.0,pird,300,False,0.0,0.06666666666666667,False,0.9999972996504047,-1,3.3559911828339226
Fuzzy,0153,mean_shift,negative,slow,exponential,3.0,global,300,True,0.5233333333333333,0.5233333333333333,False,0.5,58,3.3559911828339226
Fuzzy,0153,mean_shift,negative,slow,exponential,3.0,or,300,True,0.5233333333333333,0.5233333333333333,False,0.5,58,3.3559911828339226
Fuzzy,0153,mean_shift,negative,slow,exponential,3.0,max,300,True,0.52,0.52,False,0.5,58,3.3559911828339226
Fuzzy,0153,mean_shift,negative,slow,exponential,3.0,weighted_0.25,300,True,0.5233333333333333,0.52,False,0.46743213179719406,58,3.3559911828339226
Fuzzy,0153,mean_shift,negative,slow,exponential,3.0,weighted_0.5,300,True,0.5233333333333333,0.5166666666666667,False,0.4350898975832912,58,3.3559911828339226
Fuzzy,0153,mean_shift,negative,slow,exponential,3.0,weighted_0.75,300,True,0.5233333333333333,0.5033333333333333,False,0.31204139490497507,140,3.3559911828339226
RPM,0002,additive,positive,fast,exponential,0.25,pird,300,False,0.0,0.0,False,1.0,-1,8.356699752012556
RPM,0002,additive,positive,fast,exponential,0.25,global,300,True,0.023333333333333334,0.023333333333333334,False,0.5,37,8.356699752012556
RPM,0002,additive,positive,fast,exponential,0.25,or,300,True,0.023333333333333334,0.023333333333333334,False,0.5,37,8.356699752012556
RPM,0002,additive,positive,fast,exponential,0.25,max,300,True,0.006666666666666667,0.006666666666666667,False,0.5,121,8.356699752012556
RPM,0002,additive,positive,fast,exponential,0.25,weighted_0.25,300,True,0.03,0.02666666666666667,False,0.40282318520557847,82,8.356699752012556
RPM,0002,additive,positive,fast,exponential,0.25,weighted_0.5,300,True,0.016666666666666666,0.016666666666666666,False,0.5,82,8.356699752012556
RPM,0002,additive,positive,fast,exponential,0.25,weighted_0.75,300,True,0.006666666666666667,0.006666666666666667,False,0.5,82,8.356699752012556
RPM,0002,additive,positive,medium,exponential,0.25,pird,300,False,0.0,0.0,False,1.0,-1,8.083507451154313
RPM,0002,additive,positive,medium,exponential,0.25,global,300,True,0.023333333333333334,0.023333333333333334,False,0.5,37,8.083507451154313
RPM,0002,additive,positive,medium,exponential,0.25,or,300,True,0.023333333333333334,0.023333333333333334,False,0.5,37,8.083507451154313
RPM,0002,additive,positive,medium,exponential,0.25,max,300,True,0.006666666666666667,0.006666666666666667,False,0.5,121,8.083507451154313
RPM,0002,additive,positive,medium,exponential,0.25,weighted_0.25,300,True,0.03,0.02666666666666667,False,0.40282318520557847,82,8.083507451154313
RPM,0002,additive,positive,medium,exponential,0.25,weighted_0.5,300,True,0.016666666666666666,0.016666666666666666,False,0.5,82,8.083507451154313
RPM,0002,additive,positive,medium,exponential,0.25,weighted_0.75,300,True,0.006666666666666667,0.006666666666666667,False,0.5,82,8.083507451154313
RPM,0002,additive,positive,slow,exponential,0.25,pird,300,False,0.0,0.0,False,1.0,-1,7.972377185291346
RPM,0002,additive,positive,slow,exponential,0.25,global,300,True,0.023333333333333334,0.023333333333333334,False,0.5,37,7.972377185291346
RPM,0002,additive,positive,slow,exponential,0.25,or,300,True,0.023333333333333334,0.023333333333333334,False,0.5,37,7.972377185291346
RPM,0002,additive,positive,slow,exponential,0.25,max,300,True,0.006666666666666667,0.006666666666666667,False,0.5,121,7.972377185291346
RPM,0002,additive,positive,slow,exponential,0.25,weighted_0.25,300,True,0.03,0.02666666666666667,False,0.40282318520557847,82,7.972377185291346
RPM,0002,additive,positive,slow,exponential,0.25,weighted_0.5,300,True,0.016666666666666666,0.016666666666666666,False,0.5,82,7.972377185291346
RPM,0002,additive,positive,slow,exponential,0.25,weighted_0.75,300,True,0.006666666666666667,0.006666666666666667,False,0.5,82,7.972377185291346
RPM,0002,additive,positive,fast,exponential,0.5,pird,300,True,0.006666666666666667,0.0,False,0.07830339250362212,82,8.83293929301477
RPM,0002,additive,positive,fast,exponential,0.5,global,300,True,0.023333333333333334,0.023333333333333334,False,0.5,37,8.83293929301477
RPM,0002,additive,positive,fast,exponential,0.5,or,300,True,0.03,0.023333333333333334,False,0.30614651372868384,37,8.83293929301477
RPM,0002,additive,positive,fast,exponential,0.5,max,300,True,0.013333333333333334,0.006666666666666667,False,0.2059342420289756,82,8.83293929301477
RPM,0002,additive,positive,fast,exponential,0.5,weighted_0.25,300,True,0.04,0.02666666666666667,False,0.18148571616991524,37,8.83293929301477
RPM,0002,additive,positive,fast,exponential,0.5,weighted_0.5,300,True,0.023333333333333334,0.016666666666666666,False,0.27987534962930805,82,8.83293929301477
RPM,0002,additive,positive,fast,exponential,0.5,weighted_0.75,300,True,0.013333333333333334,0.006666666666666667,False,0.2059342420289756,82,8.83293929301477
RPM,0002,additive,positive,medium,exponential,0.5,pird,300,False,0.0,0.0,False,1.0,-1,8.285660532326943
RPM,0002,additive,positive,medium,exponential,0.5,global,300,True,0.023333333333333334,0.023333333333333334,False,0.5,37,8.285660532326943
RPM,0002,additive,positive,medium,exponential,0.5,or,300,True,0.023333333333333334,0.023333333333333334,False,0.5,37,8.285660532326943
RPM,0002,additive,positive,medium,exponential,0.5,max,300,True,0.006666666666666667,0.006666666666666667,False,0.5,121,8.285660532326943
RPM,0002,additive,positive,medium,exponential,0.5,weighted_0.25,300,True,0.03,0.02666666666666667,False,0.40282318520557847,82,8.285660532326943
RPM,0002,additive,positive,medium,exponential,0.5,weighted_0.5,300,True,0.02,0.016666666666666666,False,0.38044441945749663,82,8.285660532326943
RPM,0002,additive,positive,medium,exponential,0.5,weighted_0.75,300,True,0.006666666666666667,0.006666666666666667,False,0.5,82,8.285660532326943
RPM,0002,additive,positive,slow,exponential,0.5,pird,300,False,0.0,0.0,False,1.0,-1,8.055924761148104
RPM,0002,additive,positive,slow,exponential,0.5,global,300,True,0.023333333333333334,0.023333333333333334,False,0.5,37,8.055924761148104
RPM,0002,additive,positive,slow,exponential,0.5,or,300,True,0.023333333333333334,0.023333333333333334,False,0.5,37,8.055924761148104
RPM,0002,additive,positive,slow,exponential,0.5,max,300,True,0.006666666666666667,0.006666666666666667,False,0.5,121,8.055924761148104
RPM,0002,additive,positive,slow,exponential,0.5,weighted_0.25,300,True,0.03,0.02666666666666667,False,0.40282318520557847,82,8.055924761148104
RPM,0002,additive,positive,slow,exponential,0.5,weighted_0.5,300,True,0.016666666666666666,0.016666666666666666,False,0.5,82,8.055924761148104
RPM,0002,additive,positive,slow,exponential,0.5,weighted_0.75,300,True,0.006666666666666667,0.006666666666666667,False,0.5,82,8.055924761148104
RPM,0002,additive,positive,fast,exponential,0.75,pird,300,True,0.01,0.0,True,0.041246809928419524,82,9.385682397023754
RPM,0002,additive,positive,fast,exponential,0.75,global,300,True,0.023333333333333334,0.023333333333333334,False,0.5,37,9.385682397023754
RPM,0002,additive,positive,fast,exponential,0.75,or,300,True,0.03333333333333333,0.023333333333333334,False,0.2302149985593076,37,9.385682397023754
RPM,0002,additive,positive,fast,exponential,0.75,max,300,True,0.016666666666666666,0.006666666666666667,False,0.12702523609430322,82,9.385682397023754
RPM,0002,additive,positive,fast,exponential,0.75,weighted_0.25,300,True,0.043333333333333335,0.02666666666666667,False,0.13334879052731374,37,9.385682397023754
RPM,0002,additive,positive,fast,exponential,0.75,weighted_0.5,300,True,0.03666666666666667,0.016666666666666666,False,0.06420409422247622,82,9.385682397023754
RPM,0002,additive,positive,fast,exponential,0.75,weighted_0.75,300,True,0.02666666666666667,0.006666666666666667,True,0.027849812983324812,82,9.385682397023754
RPM,0002,additive,positive,medium,exponential,0.75,pird,300,False,0.0,0.0,False,1.0,-1,8.496412050850786
RPM,0002,additive,positive,medium,exponential,0.75,global,300,True,0.023333333333333334,0.023333333333333334,False,0.5,37,8.496412050850786
RPM,0002,additive,positive,medium,exponential,0.75,or,300,True,0.023333333333333334,0.023333333333333334,False,0.5,37,8.496412050850786
RPM,0002,additive,positive,medium,exponential,0.75,max,300,True,0.006666666666666667,0.006666666666666667,False,0.5,121,8.496412050850786
RPM,0002,additive,positive,medium,exponential,0.75,weighted_0.25,300,True,0.03666666666666667,0.02666666666666667,False,0.2421478316499533,82,8.496412050850786
RPM,0002,additive,positive,medium,exponential,0.75,weighted_0.5,300,True,0.023333333333333334,0.016666666666666666,False,0.27987534962930805,82,8.496412050850786
RPM,0002,additive,positive,medium,exponential,0.75,weighted_0.75,300,True,0.01,0.006666666666666667,False,0.32668383109995014,82,8.496412050850786
RPM,0002,additive,positive,slow,exponential,0.75,pird,300,False,0.0,0.0,False,1.0,-1,8.141201497551744
RPM,0002,additive,positive,slow,exponential,0.75,global,300,True,0.023333333333333334,0.023333333333333334,False,0.5,37,8.141201497551744
RPM,0002,additive,positive,slow,exponential,0.75,or,300,True,0.023333333333333334,0.023333333333333334,False,0.5,37,8.141201497551744
RPM,0002,additive,positive,slow,exponential,0.75,max,300,True,0.006666666666666667,0.006666666666666667,False,0.5,121,8.141201497551744
RPM,0002,additive,positive,slow,exponential,0.75,weighted_0.25,300,True,0.03,0.02666666666666667,False,0.40282318520557847,82,8.141201497551744
RPM,0002,additive,positive,slow,exponential,0.75,weighted_0.5,300,True,0.016666666666666666,0.016666666666666666,False,0.5,82,8.141201497551744
RPM,0002,additive,positive,slow,exponential,0.75,weighted_0.75,300,True,0.006666666666666667,0.006666666666666667,False,0.5,82,8.141201497551744
RPM,0002,additive,positive,fast,exponential,1.0,pird,300,True,0.03,0.0,True,0.001252419223782351,69,9.970458223848881
RPM,0002,additive,positive,fast,exponential,1.0,global,300,True,0.023333333333333334,0.023333333333333334,False,0.5,37,9.970458223848881
RPM,0002,additive,positive,fast,exponential,1.0,or,300,True,0.05333333333333334,0.023333333333333334,True,0.02783137535599488,37,9.970458223848881
RPM,0002,additive,positive,fast,exponential,1.0,max,300,True,0.03666666666666667,0.006666666666666667,True,0.0058073396086648675,69,9.970458223848881
RPM,0002,additive,positive,fast,exponential,1.0,weighted_0.25,300,True,0.04666666666666667,0.02666666666666667,False,0.09623248310447309,37,9.970458223848881
RPM,0002,additive,positive,fast,exponential,1.0,weighted_0.5,300,True,0.056666666666666664,0.016666666666666666,True,0.004571727261417135,69,9.970458223848881
RPM,0002,additive,positive,fast,exponential,1.0,weighted_0.75,300,True,0.03333333333333333,0.006666666666666667,True,0.009828078625084946,69,9.970458223848881
RPM,0002,additive,positive,medium,exponential,1.0,pird,300,True,0.006666666666666667,0.0,False,0.07830339250362212,82,8.67862826099784
RPM,0002,additive,positive,medium,exponential,1.0,global,300,True,0.023333333333333334,0.023333333333333334,False,0.5,37,8.67862826099784
RPM,0002,additive,positive,medium,exponential,1.0,or,300,True,0.03,0.023333333333333334,False,0.30614651372868384,37,8.67862826099784
RPM,0002,additive,positive,medium,exponential,1.0,max,300,True,0.013333333333333334,0.006666666666666667,False,0.2059342420289756,82,8.67862826099784
RPM,0002,additive,positive,medium,exponential,1.0,weighted_0.25,300,True,0.04,0.02666666666666667,False,0.18148571616991524,82,8.67862826099784
RPM,0002,additive,positive,medium,exponential,1.0,weighted_0.5,300,True,0.03666666666666667,0.016666666666666666,False,0.06420409422247622,82,8.67862826099784
RPM,0002,additive,positive,medium,exponential,1.0,weighted_0.75,300,True,0.013333333333333334,0.006666666666666667,False,0.2059342420289756,82,8.67862826099784
RPM,0002,additive,positive,slow,exponential,1.0,pird,300,False,0.0,0.0,False,1.0,-1,8.228153631522249
RPM,0002,additive,positive,slow,exponential,1.0,global,300,True,0.023333333333333334,0.023333333333333334,False,0.5,37,8.228153631522249
RPM,0002,additive,positive,slow,exponential,1.0,or,300,True,0.023333333333333334,0.023333333333333334,False,0.5,37,8.228153631522249
RPM,0002,additive,positive,slow,exponential,1.0,max,300,True,0.006666666666666667,0.006666666666666667,False,0.5,121,8.228153631522249
RPM,0002,additive,positive,slow,exponential,1.0,weighted_0.25,300,True,0.03,0.02666666666666667,False,0.40282318520557847,82,8.228153631522249
RPM,0002,additive,positive,slow,exponential,1.0,weighted_0.5,300,True,0.02,0.016666666666666666,False,0.38044441945749663,82,8.228153631522249
RPM,0002,additive,positive,slow,exponential,1.0,weighted_0.75,300,True,0.006666666666666667,0.006666666666666667,False,0.5,82,8.228153631522249
RPM,0002,additive,positive,fast,exponential,1.5,pird,300,True,0.13,0.0,True,5.28997733105618e-11,69,11.247940235477934
RPM,0002,additive,positive,fast,exponential,1.5,global,300,True,0.023333333333333334,0.023333333333333334,False,0.5,37,11.247940235477934
RPM,0002,additive,positive,fast,exponential,1.5,or,300,True,0.15333333333333332,0.023333333333333334,True,1.0081822659294178e-08,37,11.247940235477934
RPM,0002,additive,positive,fast,exponential,1.5,max,300,True,0.13666666666666666,0.006666666666666667,True,3.35569929850818e-10,69,11.247940235477934
RPM,0002,additive,positive,fast,exponential,1.5,weighted_0.25,300,True,0.05,0.02666666666666667,False,0.068321734059852,37,11.247940235477934
RPM,0002,additive,positive,fast,exponential,1.5,weighted_0.5,300,True,0.07333333333333333,0.016666666666666666,True,0.000407212615548952,37,11.247940235477934
RPM,0002,additive,positive,fast,exponential,1.5,weighted_0.75,300,True,0.09666666666666666,0.006666666666666667,True,3.184290933225795e-07,69,11.247940235477934
RPM,0002,additive,positive,medium,exponential,1.5,pird,300,True,0.013333333333333334,0.0,True,0.022390798093968527,82,9.139536680723978
RPM,0002,additive,positive,medium,exponential,1.5,global,300,True,0.023333333333333334,0.023333333333333334,False,0.5,37,9.139536680723978
RPM,0002,additive,positive,medium,exponential,1.5,or,300,True,0.03666666666666667,0.023333333333333334,False,0.16921359309980635,37,9.139536680723978
RPM,0002,additive,positive,medium,exponential,1.5,max,300,True,0.02,0.006666666666666667,False,0.07726131031423313,82,9.139536680723978
RPM,0002,additive,positive,medium,exponential,1.5,weighted_0.25,300,True,0.05,0.02666666666666667,False,0.068321734059852,37,9.139536680723978
RPM,0002,additive,positive,medium,exponential,1.5,weighted_0.5,300,True,0.056666666666666664,0.016666666666666666,True,0.004571727261417135,82,9.139536680723978
RPM,0002,additive,positive,medium,exponential,1.5,weighted_0.75,300,True,0.02666666666666667,0.006666666666666667,True,0.027849812983324812,82,9.139536680723978
RPM,0002,additive,positive,slow,exponential,1.5,pird,300,False,0.0,0.0,False,1.0,-1,8.406875149871325
RPM,0002,additive,positive,slow,exponential,1.5,global,300,True,0.023333333333333334,0.023333333333333334,False,0.5,37,8.406875149871325
RPM,0002,additive,positive,slow,exponential,1.5,or,300,True,0.023333333333333334,0.023333333333333334,False,0.5,37,8.406875149871325
RPM,0002,additive,positive,slow,exponential,1.5,max,300,True,0.006666666666666667,0.006666666666666667,False,0.5,121,8.406875149871325
RPM,0002,additive,positive,slow,exponential,1.5,weighted_0.25,300,True,0.03,0.02666666666666667,False,0.40282318520557847,82,8.406875149871325
RPM,0002,additive,positive,slow,exponential,1.5,weighted_0.5,300,True,0.02,0.016666666666666666,False,0.38044441945749663,82,8.406875149871325
RPM,0002,additive,positive,slow,exponential,1.5,weighted_0.75,300,True,0.006666666666666667,0.006666666666666667,False,0.5,82,8.406875149871325
RPM,0002,additive,positive,fast,exponential,2.0,pird,300,True,0.30666666666666664,0.0,True,9.625796566541347e-26,47,12.491049196543848
RPM,0002,additive,positive,fast,exponential,2.0,global,300,True,0.023333333333333334,0.023333333333333334,False,0.5,37,12.491049196543848
RPM,0002,additive,positive,fast,exponential,2.0,or,300,True,0.31,0.023333333333333334,True,2.2377236420734343e-21,37,12.491049196543848
RPM,0002,additive,positive,fast,exponential,2.0,max,300,True,0.30666666666666664,0.006666666666666667,True,2.537369159909968e-24,47,12.491049196543848
RPM,0002,additive,positive,fast,exponential,2.0,weighted_0.25,300,True,0.06,0.02666666666666667,True,0.02247692686126362,36,12.491049196543848
RPM,0002,additive,positive,fast,exponential,2.0,weighted_0.5,300,True,0.12666666666666668,0.016666666666666666,True,8.797958905596884e-08,35,12.491049196543848
RPM,0002,additive,positive,fast,exponential,2.0,weighted_0.75,300,True,0.21666666666666667,0.006666666666666667,True,1.5924785240103707e-16,47,12.491049196543848
RPM,0002,additive,positive,medium,exponential,2.0,pird,300,True,0.11333333333333333,0.0,True,9.653503165031727e-10,82,9.625733797023656
RPM,0002,additive,positive,medium,exponential,2.0,global,300,True,0.023333333333333334,0.023333333333333334,False,0.5,37,9.625733797023656
RPM,0002,additive,positive,medium,exponential,2.0,or,300,True,0.13666666666666666,0.023333333333333334,True,1.5571216187817505e-07,37,9.625733797023656
RPM,0002,additive,positive,medium,exponential,2.0,max,300,True,0.12,0.006666666666666667,True,6.027499419829132e-09,82,9.625733797023656
RPM,0002,additive,positive,medium,exponential,2.0,weighted_0.25,300,True,0.05,0.02666666666666667,False,0.068321734059852,37,9.625733797023656
RPM,0002,additive,positive,medium,exponential,2.0,weighted_0.5,300,True,0.07,0.016666666666666666,True,0.0006679878081478351,82,9.625733797023656
RPM,0002,additive,positive,medium,exponential,2.0,weighted_0.75,300,True,0.08666666666666667,0.006666666666666667,True,1.6982588373145651e-06,82,9.625733797023656
RPM,0002,additive,positive,slow,exponential,2.0,pird,300,True,0.006666666666666667,0.0,False,0.07830339250362212,82,8.591684151669734
RPM,0002,additive,positive,slow,exponential,2.0,global,300,True,0.023333333333333334,0.023333333333333334,False,0.5,37,8.591684151669734
RPM,0002,additive,positive,slow,exponential,2.0,or,300,True,0.03,0.023333333333333334,False,0.30614651372868384,37,8.591684151669734
RPM,0002,additive,positive,slow,exponential,2.0,max,300,True,0.013333333333333334,0.006666666666666667,False,0.2059342420289756,82,8.591684151669734
RPM,0002,additive,positive,slow,exponential,2.0,weighted_0.25,300,True,0.04,0.02666666666666667,False,0.18148571616991524,82,8.591684151669734
RPM,0002,additive,positive,slow,exponential,2.0,weighted_0.5,300,True,0.023333333333333334,0.016666666666666666,False,0.27987534962930805,82,8.591684151669734
RPM,0002,additive,positive,slow,exponential,2.0,weighted_0.75,300,True,0.01,0.006666666666666667,False,0.32668383109995014,82,8.591684151669734
RPM,0002,additive,positive,fast,exponential,3.0,pird,300,True,0.8733333333333333,0.0,True,1.8770371034976118e-103,32,15.253800235461725
RPM,0002,additive,positive,fast,exponential,3.0,global,300,True,0.023333333333333334,0.023333333333333334,False,0.5,37,15.253800235461725
RPM,0002,additive,positive,fast,exponential,3.0,or,300,True,0.8766666666666667,0.023333333333333334,True,2.7935961810687807e-98,32,15.253800235461725
RPM,0002,additive,positive,fast,exponential,3.0,max,300,True,0.8733333333333333,0.006666666666666667,True,9.529653398897292e-102,32,15.253800235461725
RPM,0002,additive,positive,fast,exponential,3.0,weighted_0.25,300,True,0.07333333333333333,0.02666666666666667,True,0.004365128436245394,36,15.253800235461725
RPM,0002,additive,positive,fast,exponential,3.0,weighted_0.5,300,True,0.2733333333333333,0.016666666666666666,True,2.1713737600973525e-19,35,15.253800235461725
RPM,0002,additive,positive,fast,exponential,3.0,weighted_0.75,300,True,0.8533333333333334,0.006666666666666667,True,1.0356091310379327e-97,32,15.253800235461725
RPM,0002,additive,positive,medium,exponential,3.0,pird,300,True,0.73,0.0,True,2.7585051506334168e-77,69,12.2895747333822
RPM,0002,additive,positive,medium,exponential,3.0,global,300,True,0.023333333333333334,0.023333333333333334,False,0.5,37,12.2895747333822
RPM,0002,additive,positive,medium,exponential,3.0,or,300,True,0.7333333333333333,0.023333333333333334,True,3.419645208753246e-72,37,12.2895747333822
RPM,0002,additive,positive,medium,exponential,3.0,max,300,True,0.73,0.006666666666666667,True,1.2245793765293477e-75,69,12.2895747333822
RPM,0002,additive,positive,medium,exponential,3.0,weighted_0.25,300,True,0.05333333333333334,0.02666666666666667,True,0.0477903522728147,37,12.2895747333822
RPM,0002,additive,positive,medium,exponential,3.0,weighted_0.5,300,True,0.18666666666666668,0.016666666666666666,True,2.7998168747169777e-12,37,12.2895747333822
RPM,0002,additive,positive,medium,exponential,3.0,weighted_0.75,300,True,0.6633333333333333,0.006666666666666667,True,2.0907211012627256e-65,69,12.2895747333822
RPM,0002,additive,positive,slow,exponential,3.0,pird,300,True,0.14666666666666667,0.0,True,2.775546206506757e-12,82,10.188313901975645
RPM,0002,additive,positive,slow,exponential,3.0,global,300,True,0.023333333333333334,0.023333333333333334,False,0.5,37,10.188313901975645
RPM,0002,additive,positive,slow,exponential,3.0,or,300,True,0.17,0.023333333333333334,True,6.055951035270305e-10,37,10.188313901975645
RPM,0002,additive,positive,slow,exponential,3.0,max,300,True,0.15333333333333332,0.006666666666666667,True,1.7812083774858532e-11,82,10.188313901975645
RPM,0002,additive,positive,slow,exponential,3.0,weighted_0.25,300,True,0.04666666666666667,0.02666666666666667,False,0.09623248310447309,37,10.188313901975645
RPM,0002,additive,positive,slow,exponential,3.0,weighted_0.5,300,True,0.07,0.016666666666666666,True,0.0006679878081478351,82,10.188313901975645
RPM,0002,additive,positive,slow,exponential,3.0,weighted_0.75,300,True,0.09333333333333334,0.006666666666666667,True,5.572963564570532e-07,82,10.188313901975645
RPM,0002,additive,negative,fast,exponential,0.25,pird,300,False,0.0,0.0,False,1.0,-1,7.4791659894560745
RPM,0002,additive,negative,fast,exponential,0.25,global,300,True,0.023333333333333334,0.023333333333333334,False,0.5,37,7.4791659894560745
RPM,0002,additive,negative,fast,exponential,0.25,or,300,True,0.023333333333333334,0.023333333333333334,False,0.5,37,7.4791659894560745
RPM,0002,additive,negative,fast,exponential,0.25,max,300,True,0.006666666666666667,0.006666666666666667,False,0.5,121,7.4791659894560745
RPM,0002,additive,negative,fast,exponential,0.25,weighted_0.25,300,True,0.023333333333333334,0.02666666666666667,False,0.6031419683102132,82,7.4791659894560745
RPM,0002,additive,negative,fast,exponential,0.25,weighted_0.5,300,True,0.006666666666666667,0.016666666666666666,False,0.8729747639056968,82,7.4791659894560745
RPM,0002,additive,negative,fast,exponential,0.25,weighted_0.75,300,False,0.0,0.006666666666666667,False,0.9216966074963778,-1,7.4791659894560745
RPM,0002,additive,negative,medium,exponential,0.25,pird,300,False,0.0,0.0,False,1.0,-1,7.707674476458378
RPM,0002,additive,negative,medium,exponential,0.25,global,300,True,0.023333333333333334,0.023333333333333334,False,0.5,37,7.707674476458378
RPM,0002,additive,negative,medium,exponential,0.25,or,300,True,0.023333333333333334,0.023333333333333334,False,0.5,37,7.707674476458378
RPM,0002,additive,negative,medium,exponential,0.25,max,300,True,0.006666666666666667,0.006666666666666667,False,0.5,121,7.707674476458378
RPM,0002,additive,negative,medium,exponential,0.25,weighted_0.25,300,True,0.023333333333333334,0.02666666666666667,False,0.6031419683102132,82,7.707674476458378
RPM,0002,additive,negative,medium,exponential,0.25,weighted_0.5,300,True,0.013333333333333334,0.016666666666666666,False,0.6315124632110658,82,7.707674476458378
RPM,0002,additive,negative,medium,exponential,0.25,weighted_0.75,300,True,0.006666666666666667,0.006666666666666667,False,0.5,82,7.707674476458378
RPM,0002,additive,negative,slow,exponential,0.25,pird,300,False,0.0,0.0,False,1.0,-1,7.810690322904035
RPM,0002,additive,negative,slow,exponential,0.25,global,300,True,0.023333333333333334,0.023333333333333334,False,0.5,37,7.810690322904035
RPM,0002,additive,negative,slow,exponential,0.25,or,300,True,0.023333333333333334,0.023333333333333334,False,0.5,37,7.810690322904035
RPM,0002,additive,negative,slow,exponential,0.25,max,300,True,0.006666666666666667,0.006666666666666667,False,0.5,121,7.810690322904035
RPM,0002,additive,negative,slow,exponential,0.25,weighted_0.25,300,True,0.023333333333333334,0.02666666666666667,False,0.6031419683102132,82,7.810690322904035
RPM,0002,additive,negative,slow,exponential,0.25,weighted_0.5,300,True,0.016666666666666666,0.016666666666666666,False,0.5,82,7.810690322904035
RPM,0002,additive,negative,slow,exponential,0.25,weighted_0.75,300,True,0.006666666666666667,0.006666666666666667,False,0.5,82,7.810690322904035
RPM,0002,additive,negative,fast,exponential,0.5,pird,300,False,0.0,0.0,False,1.0,-1,7.270123811043462
RPM,0002,additive,negative,fast,exponential,0.5,global,300,True,0.023333333333333334,0.023333333333333334,False,0.5,37,7.270123811043462
RPM,0002,additive,negative,fast,exponential,0.5,or,300,True,0.023333333333333334,0.023333333333333334,False,0.5,37,7.270123811043462
RPM,0002,additive,negative,fast,exponential,0.5,max,300,True,0.006666666666666667,0.006666666666666667,False,0.5,121,7.270123811043462
RPM,0002,additive,negative,fast,exponential,0.5,weighted_0.25,300,True,0.023333333333333334,0.02666666666666667,False,0.6031419683102132,82,7.270123811043462
RPM,0002,additive,negative,fast,exponential,0.5,weighted_0.5,300,True,0.006666666666666667,0.016666666666666666,False,0.8729747639056968,82,7.270123811043462
RPM,0002,additive,negative,fast,exponential,0.5,weighted_0.75,300,False,0.0,0.006666666666666667,False,0.9216966074963778,-1,7.270123811043462
RPM,0002,additive,negative,medium,exponential,0.5,pird,300,False,0.0,0.0,False,1.0,-1,7.535414832729622
RPM,0002,additive,negative,medium,exponential,0.5,global,300,True,0.023333333333333334,0.023333333333333334,False,0.5,37,7.535414832729622
RPM,0002,additive,negative,medium,exponential,0.5,or,300,True,0.023333333333333334,0.023333333333333334,False,0.5,37,7.535414832729622
RPM,0002,additive,negative,medium,exponential,0.5,max,300,True,0.006666666666666667,0.006666666666666667,False,0.5,121,7.535414832729622
RPM,0002,additive,negative,medium,exponential,0.5,weighted_0.25,300,True,0.023333333333333334,0.02666666666666667,False,0.6031419683102132,82,7.535414832729622
RPM,0002,additive,negative,medium,exponential,0.5,weighted_0.5,300,True,0.006666666666666667,0.016666666666666666,False,0.8729747639056968,82,7.535414832729622
RPM,0002,additive,negative,medium,exponential,0.5,weighted_0.75,300,False,0.0,0.006666666666666667,False,0.9216966074963778,-1,7.535414832729622
RPM,0002,additive,negative,slow,exponential,0.5,pird,300,False,0.0,0.0,False,1.0,-1,7.732664122330982
RPM,0002,additive,negative,slow,exponential,0.5,global,300,True,0.023333333333333334,0.023333333333333334,False,0.5,37,7.732664122330982
RPM,0002,additive,negative,slow,exponential,0.5,or,300,True,0.023333333333333334,0.023333333333333334,False,0.5,37,7.732664122330982
RPM,0002,additive,negative,slow,exponential,0.5,max,300,True,0.006666666666666667,0.006666666666666667,False,0.5,121,7.732664122330982
RPM,0002,additive,negative,slow,exponential,0.5,weighted_0.25,300,True,0.023333333333333334,0.02666666666666667,False,0.6031419683102132,82,7.732664122330982
RPM,0002,additive,negative,slow,exponential,0.5,weighted_0.5,300,True,0.013333333333333334,0.016666666666666666,False,0.6315124632110658,82,7.732664122330982
RPM,0002,additive,negative,slow,exponential,0.5,weighted_0.75,300,True,0.0033333333333333335,0.006666666666666667,False,0.7186376240640555,83,7.732664122330982
RPM,0002,additive,negative,fast,exponential,0.75,pird,300,False,0.0,0.0,False,1.0,-1,7.002029054793201
RPM,0002,additive,negative,fast,exponential,0.75,global,300,True,0.023333333333333334,0.023333333333333334,False,0.5,37,7.002029054793201
RPM,0002,additive,negative,fast,exponential,0.75,or,300,True,0.023333333333333334,0.023333333333333334,False,0.5,37,7.002029054793201
RPM,0002,additive,negative,fast,exponential,0.75,max,300,True,0.006666666666666667,0.006666666666666667,False,0.5,121,7.002029054793201
RPM,0002,additive,negative,fast,exponential,0.75,weighted_0.25,300,True,0.02,0.02666666666666667,False,0.7057013626965842,83,7.002029054793201
RPM,0002,additive,negative,fast,exponential,0.75,weighted_0.5,300,True,0.006666666666666667,0.016666666666666666,False,0.8729747639056968,82,7.002029054793201
RPM,0002,additive,negative,fast,exponential,0.75,weighted_0.75,300,False,0.0,0.006666666666666667,False,0.9216966074963778,-1,7.002029054793201
RPM,0002,additive,negative,medium,exponential,0.75,pird,300,False,0.0,0.0,False,1.0,-1,7.374583181738764
RPM,0002,additive,negative,medium,exponential,0.75,global,300,True,0.023333333333333334,0.023333333333333334,False,0.5,37,7.374583181738764
RPM,0002,additive,negative,medium,exponential,0.75,or,300,True,0.023333333333333334,0.023333333333333334,False,0.5,37,7.374583181738764
RPM,0002,additive,negative,medium,exponential,0.75,max,300,True,0.006666666666666667,0.006666666666666667,False,0.5,121,7.374583181738764
RPM,0002,additive,negative,medium,exponential,0.75,weighted_0.25,300,True,0.023333333333333334,0.02666666666666667,False,0.6031419683102132,82,7.374583181738764
RPM,0002,additive,negative,medium,exponential,0.75,weighted_0.5,300,True,0.006666666666666667,0.016666666666666666,False,0.8729747639056968,82,7.374583181738764
RPM,0002,additive,negative,medium,exponential,0.75,weighted_0.75,300,False,0.0,0.006666666666666667,False,0.9216966074963778,-1,7.374583181738764
RPM,0002,additive,negative,slow,exponential,0.75,pird,300,False,0.0,0.0,False,1.0,-1,7.656593095561314
RPM,0002,additive,negative,slow,exponential,0.75,global,300,True,0.023333333333333334,0.023333333333333334,False,0.5,37,7.656593095561314
RPM,0002,additive,negative,slow,exponential,0.75,or,300,True,0.023333333333333334,0.023333333333333334,False,0.5,37,7.656593095561314
RPM,0002,additive,negative,slow,exponential,0.75,max,300,True,0.006666666666666667,0.006666666666666667,False,0.5,121,7.656593095561314
RPM,0002,additive,negative,slow,exponential,0.75,weighted_0.25,300,True,0.023333333333333334,0.02666666666666667,False,0.6031419683102132,82,7.656593095561314
RPM,0002,additive,negative,slow,exponential,0.75,weighted_0.5,300,True,0.006666666666666667,0.016666666666666666,False,0.8729747639056968,82,7.656593095561314
RPM,0002,additive,negative,slow,exponential,0.75,weighted_0.75,300,True,0.0033333333333333335,0.006666666666666667,False,0.7186376240640555,83,7.656593095561314
RPM,0002,additive,negative,fast,exponential,1.0,pird,300,False,0.0,0.0,False,1.0,-1,6.8154902371313035
RPM,0002,additive,negative,fast,exponential,1.0,global,300,True,0.023333333333333334,0.023333333333333334,False,0.5,37,6.8154902371313035
RPM,0002,additive,negative,fast,exponential,1.0,or,300,True,0.023333333333333334,0.023333333333333334,False,0.5,37,6.8154902371313035
RPM,0002,additive,negative,fast,exponential,1.0,max,300,True,0.006666666666666667,0.006666666666666667,False,0.5,121,6.8154902371313035
RPM,0002,additive,negative,fast,exponential,1.0,weighted_0.25,300,True,0.023333333333333334,0.02666666666666667,False,0.6031419683102132,83,6.8154902371313035
RPM,0002,additive,negative,fast,exponential,1.0,weighted_0.5,300,True,0.013333333333333334,0.016666666666666666,False,0.6315124632110658,82,6.8154902371313035
RPM,0002,additive,negative,fast,exponential,1.0,weighted_0.75,300,False,0.0,0.006666666666666667,False,0.9216966074963778,-1,6.8154902371313035
RPM,0002,additive,negative,medium,exponential,1.0,pird,300,False,0.0,0.0,False,1.0,-1,7.362479089955385
RPM,0002,additive,negative,medium,exponential,1.0,global,300,True,0.023333333333333334,0.023333333333333334,False,0.5,37,7.362479089955385
RPM,0002,additive,negative,medium,exponential,1.0,or,300,True,0.023333333333333334,0.023333333333333334,False,0.5,37,7.362479089955385
RPM,0002,additive,negative,medium,exponential,1.0,max,300,True,0.006666666666666667,0.006666666666666667,False,0.5,121,7.362479089955385
RPM,0002,additive,negative,medium,exponential,1.0,weighted_0.25,300,True,0.023333333333333334,0.02666666666666667,False,0.6031419683102132,82,7.362479089955385
RPM,0002,additive,negative,medium,exponential,1.0,weighted_0.5,300,True,0.006666666666666667,0.016666666666666666,False,0.8729747639056968,82,7.362479089955385
RPM,0002,additive,negative,medium,exponential,1.0,weighted_0.75,300,False,0.0,0.006666666666666667,False,0.9216966074963778,-1,7.362479089955385
RPM,0002,additive,negative,slow,exponential,1.0,pird,300,False,0.0,0.0,False,1.0,-1,7.582536088073965
RPM,0002,additive,negative,slow,exponential,1.0,global,300,True,0.023333333333333334,0.023333333333333334,False,0.5,37,7.582536088073965
RPM,0002,additive,negative,slow,exponential,1.0,or,300,True,0.023333333333333334,0.023333333333333334,False,0.5,37,7.582536088073965
RPM,0002,additive,negative,slow,exponential,1.0,max,300,True,0.006666666666666667,0.006666666666666667,False,0.5,121,7.582536088073965
RPM,0002,additive,negative,slow,exponential,1.0,weighted_0.25,300,True,0.023333333333333334,0.02666666666666667,False,0.6031419683102132,82,7.582536088073965
RPM,0002,additive,negative,slow,exponential,1.0,weighted_0.5,300,True,0.006666666666666667,0.016666666666666666,False,0.8729747639056968,82,7.582536088073965
RPM,0002,additive,negative,slow,exponential,1.0,weighted_0.75,300,False,0.0,0.006666666666666667,False,0.9216966074963778,-1,7.582536088073965
RPM,0002,additive,negative,fast,exponential,1.5,pird,300,False,0.0,0.0,False,1.0,-1,7.353697186358893
RPM,0002,additive,negative,fast,exponential,1.5,global,300,True,0.023333333333333334,0.023333333333333334,False,0.5,37,7.353697186358893
RPM,0002,additive,negative,fast,exponential,1.5,or,300,True,0.023333333333333334,0.023333333333333334,False,0.5,37,7.353697186358893
RPM,0002,additive,negative,fast,exponential,1.5,max,300,True,0.006666666666666667,0.006666666666666667,False,0.5,121,7.353697186358893
RPM,0002,additive,negative,fast,exponential,1.5,weighted_0.25,300,True,0.043333333333333335,0.02666666666666667,False,0.13334879052731374,82,7.353697186358893
RPM,0002,additive,negative,fast,exponential,1.5,weighted_0.5,300,True,0.043333333333333335,0.016666666666666666,True,0.02777463359617745,82,7.353697186358893
RPM,0002,additive,negative,fast,exponential,1.5,weighted_0.75,300,False,0.0,0.006666666666666667,False,0.9216966074963778,-1,7.353697186358893
RPM,0002,additive,negative,medium,exponential,1.5,pird,300,False,0.0,0.0,False,1.0,-1,7.260140602032853
RPM,0002,additive,negative,medium,exponential,1.5,global,300,True,0.023333333333333334,0.023333333333333334,False,0.5,37,7.260140602032853
RPM,0002,additive,negative,medium,exponential,1.5,or,300,True,0.023333333333333334,0.023333333333333334,False,0.5,37,7.260140602032853
RPM,0002,additive,negative,medium,exponential,1.5,max,300,True,0.006666666666666667,0.006666666666666667,False,0.5,121,7.260140602032853
RPM,0002,additive,negative,medium,exponential,1.5,weighted_0.25,300,True,0.023333333333333334,0.02666666666666667,False,0.6031419683102132,83,7.260140602032853
RPM,0002,additive,negative,medium,exponential,1.5,weighted_0.5,300,True,0.02,0.016666666666666666,False,0.38044441945749663,82,7.260140602032853
RPM,0002,additive,negative,medium,exponential,1.5,weighted_0.75,300,False,0.0,0.006666666666666667,False,0.9216966074963778,-1,7.260140602032853
RPM,0002,additive,negative,slow,exponential,1.5,pird,300,False,0.0,0.0,False,1.0,-1,7.440703044742536
RPM,0002,additive,negative,slow,exponential,1.5,global,300,True,0.023333333333333334,0.023333333333333334,False,0.5,37,7.440703044742536
RPM,0002,additive,negative,slow,exponential,1.5,or,300,True,0.023333333333333334,0.023333333333333334,False,0.5,37,7.440703044742536
RPM,0002,additive,negative,slow,exponential,1.5,max,300,True,0.006666666666666667,0.006666666666666667,False,0.5,121,7.440703044742536
RPM,0002,additive,negative,slow,exponential,1.5,weighted_0.25,300,True,0.023333333333333334,0.02666666666666667,False,0.6031419683102132,82,7.440703044742536
RPM,0002,additive,negative,slow,exponential,1.5,weighted_0.5,300,True,0.006666666666666667,0.016666666666666666,False,0.8729747639056968,82,7.440703044742536
RPM,0002,additive,negative,slow,exponential,1.5,weighted_0.75,300,False,0.0,0.006666666666666667,False,0.9216966074963778,-1,7.440703044742536
RPM,0002,additive,negative,fast,exponential,2.0,pird,300,False,0.0,0.0,False,1.0,-1,8.487927499702572
RPM,0002,additive,negative,fast,exponential,2.0,global,300,True,0.023333333333333334,0.023333333333333334,False,0.5,37,8.487927499702572
RPM,0002,additive,negative,fast,exponential,2.0,or,300,True,0.023333333333333334,0.023333333333333334,False,0.5,37,8.487927499702572
RPM,0002,additive,negative,fast,exponential,2.0,max,300,True,0.006666666666666667,0.006666666666666667,False,0.5,121,8.487927499702572
RPM,0002,additive,negative,fast,exponential,2.0,weighted_0.25,300,True,0.043333333333333335,0.02666666666666667,False,0.13334879052731374,82,8.487927499702572
RPM,0002,additive,negative,fast,exponential,2.0,weighted_0.5,300,True,0.05333333333333334,0.016666666666666666,True,0.007271986739122512,82,8.487927499702572
RPM,0002,additive,negative,fast,exponential,2.0,weighted_0.75,300,True,0.03666666666666667,0.006666666666666667,True,0.0058073396086648675,82,8.487927499702572
RPM,0002,additive,negative,medium,exponential,2.0,pird,300,False,0.0,0.0,False,1.0,-1,8.487927499702572
RPM,0002,additive,negative,medium,exponential,2.0,global,300,True,0.023333333333333334,0.023333333333333334,False,0.5,37,8.487927499702572
RPM,0002,additive,negative,medium,exponential,2.0,or,300,True,0.023333333333333334,0.023333333333333334,False,0.5,37,8.487927499702572
RPM,0002,additive,negative,medium,exponential,2.0,max,300,True,0.006666666666666667,0.006666666666666667,False,0.5,121,8.487927499702572
RPM,0002,additive,negative,medium,exponential,2.0,weighted_0.25,300,True,0.03666666666666667,0.02666666666666667,False,0.2421478316499533,83,8.487927499702572
RPM,0002,additive,negative,medium,exponential,2.0,weighted_0.5,300,True,0.04,0.016666666666666666,True,0.042505394754601175,82,8.487927499702572
RPM,0002,additive,negative,medium,exponential,2.0,weighted_0.75,300,False,0.0,0.006666666666666667,False,0.9216966074963778,-1,8.487927499702572
RPM,0002,additive,negative,slow,exponential,2.0,pird,300,False,0.0,0.0,False,1.0,-1,8.231333886636309
RPM,0002,additive,negative,slow,exponential,2.0,global,300,True,0.023333333333333334,0.023333333333333334,False,0.5,37,8.231333886636309
RPM,0002,additive,negative,slow,exponential,2.0,or,300,True,0.023333333333333334,0.023333333333333334,False,0.5,37,8.231333886636309
RPM,0002,additive,negative,slow,exponential,2.0,max,300,True,0.006666666666666667,0.006666666666666667,False,0.5,121,8.231333886636309
RPM,0002,additive,negative,slow,exponential,2.0,weighted_0.25,300,True,0.023333333333333334,0.02666666666666667,False,0.6031419683102132,82,8.231333886636309
RPM,0002,additive,negative,slow,exponential,2.0,weighted_0.5,300,True,0.006666666666666667,0.016666666666666666,False,0.8729747639056968,82,8.231333886636309
RPM,0002,additive,negative,slow,exponential,2.0,weighted_0.75,300,False,0.0,0.006666666666666667,False,0.9216966074963778,-1,8.231333886636309
RPM,0002,additive,negative,fast,exponential,3.0,pird,300,True,0.67,0.0,True,5.312752906076827e-68,61,11.46668132980461
RPM,0002,additive,negative,fast,exponential,3.0,global,300,True,0.023333333333333334,0.023333333333333334,False,0.5,37,11.46668132980461
RPM,0002,additive,negative,fast,exponential,3.0,or,300,True,0.6733333333333333,0.023333333333333334,True,5.641834852802511e-63,37,11.46668132980461
RPM,0002,additive,negative,fast,exponential,3.0,max,300,True,0.67,0.006666666666666667,True,2.204260002343064e-66,61,11.46668132980461
RPM,0002,additive,negative,fast,exponential,3.0,weighted_0.25,300,True,0.05333333333333334,0.02666666666666667,True,0.0477903522728147,37,11.46668132980461
RPM,0002,additive,negative,fast,exponential,3.0,weighted_0.5,300,True,0.17666666666666667,0.016666666666666666,True,1.6629334009288138e-11,63,11.46668132980461
RPM,0002,additive,negative,fast,exponential,3.0,weighted_0.75,300,True,0.51,0.006666666666666667,True,2.4029613493220924e-45,62,11.46668132980461
RPM,0002,additive,negative,medium,exponential,3.0,pird,300,True,0.48,0.0,True,2.071024473064927e-43,124,11.202761384476014
RPM,0002,additive,negative,medium,exponential,3.0,global,300,True,0.023333333333333334,0.023333333333333334,False,0.5,37,11.202761384476014
RPM,0002,additive,negative,medium,exponential,3.0,or,300,True,0.49666666666666665,0.023333333333333334,True,3.532323651615253e-40,37,11.202761384476014
RPM,0002,additive,negative,medium,exponential,3.0,max,300,True,0.4866666666666667,0.006666666666666667,True,1.1964884180606381e-42,121,11.202761384476014
RPM,0002,additive,negative,medium,exponential,3.0,weighted_0.25,300,True,0.04,0.02666666666666667,False,0.18148571616991524,82,11.202761384476014
RPM,0002,additive,negative,medium,exponential,3.0,weighted_0.5,300,True,0.14,0.016666666666666666,True,9.455654525191335e-09,82,11.202761384476014
RPM,0002,additive,negative,medium,exponential,3.0,weighted_0.75,300,True,0.37666666666666665,0.006666666666666667,True,5.690000452850443e-31,118,11.202761384476014
RPM,0002,additive,negative,slow,exponential,3.0,pird,300,True,0.15,0.0,True,1.53089602939187e-12,252,10.914531054304325
RPM,0002,additive,negative,slow,exponential,3.0,global,300,True,0.023333333333333334,0.023333333333333334,False,0.5,37,10.914531054304325
RPM,0002,additive,negative,slow,exponential,3.0,or,300,True,0.17333333333333334,0.023333333333333334,True,3.4211521155241004e-10,37,10.914531054304325
RPM,0002,additive,negative,slow,exponential,3.0,max,300,True,0.15666666666666668,0.006666666666666667,True,9.843340738462715e-12,121,10.914531054304325
RPM,0002,additive,negative,slow,exponential,3.0,weighted_0.25,300,True,0.02,0.02666666666666667,False,0.7057013626965842,83,10.914531054304325
RPM,0002,additive,negative,slow,exponential,3.0,weighted_0.5,300,True,0.016666666666666666,0.016666666666666666,False,0.5,82,10.914531054304325
RPM,0002,additive,negative,slow,exponential,3.0,weighted_0.75,300,True,0.06,0.006666666666666667,True,0.0001369181670992154,253,10.914531054304325
RPM,0002,mean_shift,positive,fast,exponential,0.25,pird,300,False,0.0,0.0,False,1.0,-1,3.941975842802003
RPM,0002,mean_shift,positive,fast,exponential,0.25,global,300,True,0.023333333333333334,0.023333333333333334,False,0.5,37,3.941975842802003
RPM,0002,mean_shift,positive,fast,exponential,0.25,or,300,True,0.023333333333333334,0.023333333333333334,False,0.5,37,3.941975842802003
RPM,0002,mean_shift,positive,fast,exponential,0.25,max,300,True,0.006666666666666667,0.006666666666666667,False,0.5,121,3.941975842802003
RPM,0002,mean_shift,positive,fast,exponential,0.25,weighted_0.25,300,True,0.0033333333333333335,0.02666666666666667,False,0.9906393057914435,122,3.941975842802003
RPM,0002,mean_shift,positive,fast,exponential,0.25,weighted_0.5,300,False,0.0,0.016666666666666666,False,0.9876301643523357,-1,3.941975842802003
RPM,0002,mean_shift,positive,fast,exponential,0.25,weighted_0.75,300,False,0.0,0.006666666666666667,False,0.9216966074963778,-1,3.941975842802003
RPM,0002,mean_shift,positive,medium,exponential,0.25,pird,300,False,0.0,0.0,False,1.0,-1,3.941975842802003
RPM,0002,mean_shift,positive,medium,exponential,0.25,global,300,True,0.023333333333333334,0.023333333333333334,False,0.5,37,3.941975842802003
RPM,0002,mean_shift,positive,medium,exponential,0.25,or,300,True,0.023333333333333334,0.023333333333333334,False,0.5,37,3.941975842802003
RPM,0002,mean_shift,positive,medium,exponential,0.25,max,300,True,0.006666666666666667,0.006666666666666667,False,0.5,121,3.941975842802003
RPM,0002,mean_shift,positive,medium,exponential,0.25,weighted_0.25,300,True,0.0033333333333333335,0.02666666666666667,False,0.9906393057914435,122,3.941975842802003
RPM,0002,mean_shift,positive,medium,exponential,0.25,weighted_0.5,300,False,0.0,0.016666666666666666,False,0.9876301643523357,-1,3.941975842802003
RPM,0002,mean_shift,positive,medium,exponential,0.25,weighted_0.75,300,False,0.0,0.006666666666666667,False,0.9216966074963778,-1,3.941975842802003
RPM,0002,mean_shift,positive,slow,exponential,0.25,pird,300,False,0.0,0.0,False,1.0,-1,3.941975842802003
RPM,0002,mean_shift,positive,slow,exponential,0.25,global,300,True,0.023333333333333334,0.023333333333333334,False,0.5,37,3.941975842802003
RPM,0002,mean_shift,positive,slow,exponential,0.25,or,300,True,0.023333333333333334,0.023333333333333334,False,0.5,37,3.941975842802003
RPM,0002,mean_shift,positive,slow,exponential,0.25,max,300,True,0.006666666666666667,0.006666666666666667,False,0.5,121,3.941975842802003
RPM,0002,mean_shift,positive,slow,exponential,0.25,weighted_0.25,300,True,0.0033333333333333335,0.02666666666666667,False,0.9906393057914435,122,3.941975842802003
RPM,0002,mean_shift,positive,slow,exponential,0.25,weighted_0.5,300,False,0.0,0.016666666666666666,False,0.9876301643523357,-1,3.941975842802003
RPM,0002,mean_shift,positive,slow,exponential,0.25,weighted_0.75,300,False,0.0,0.006666666666666667,False,0.9216966074963778,-1,3.941975842802003
RPM,0002,mean_shift,positive,fast,exponential,0.5,pird,300,False,0.0,0.0,False,1.0,-1,3.941975842802003
RPM,0002,mean_shift,positive,fast,exponential,0.5,global,300,True,0.023333333333333334,0.023333333333333334,False,0.5,37,3.941975842802003
RPM,0002,mean_shift,positive,fast,exponential,0.5,or,300,True,0.023333333333333334,0.023333333333333334,False,0.5,37,3.941975842802003
RPM,0002,mean_shift,positive,fast,exponential,0.5,max,300,True,0.006666666666666667,0.006666666666666667,False,0.5,121,3.941975842802003
RPM,0002,mean_shift,positive,fast,exponential,0.5,weighted_0.25,300,True,0.006666666666666667,0.02666666666666667,False,0.9721501870166752,121,3.941975842802003
RPM,0002,mean_shift,positive,fast,exponential,0.5,weighted_0.5,300,False,0.0,0.016666666666666666,False,0.9876301643523357,-1,3.941975842802003
RPM,0002,mean_shift,positive,fast,exponential,0.5,weighted_0.75,300,False,0.0,0.006666666666666667,False,0.9216966074963778,-1,3.941975842802003
RPM,0002,mean_shift,positive,medium,exponential,0.5,pird,300,False,0.0,0.0,False,1.0,-1,3.941975842802003
RPM,0002,mean_shift,positive,medium,exponential,0.5,global,300,True,0.023333333333333334,0.023333333333333334,False,0.5,37,3.941975842802003
RPM,0002,mean_shift,positive,medium,exponential,0.5,or,300,True,0.023333333333333334,0.023333333333333334,False,0.5,37,3.941975842802003
RPM,0002,mean_shift,positive,medium,exponential,0.5,max,300,True,0.006666666666666667,0.006666666666666667,False,0.5,121,3.941975842802003
RPM,0002,mean_shift,positive,medium,exponential,0.5,weighted_0.25,300,True,0.006666666666666667,0.02666666666666667,False,0.9721501870166752,121,3.941975842802003
RPM,0002,mean_shift,positive,medium,exponential,0.5,weighted_0.5,300,False,0.0,0.016666666666666666,False,0.9876301643523357,-1,3.941975842802003
RPM,0002,mean_shift,positive,medium,exponential,0.5,weighted_0.75,300,False,0.0,0.006666666666666667,False,0.9216966074963778,-1,3.941975842802003
RPM,0002,mean_shift,positive,slow,exponential,0.5,pird,300,False,0.0,0.0,False,1.0,-1,3.941975842802003
RPM,0002,mean_shift,positive,slow,exponential,0.5,global,300,True,0.023333333333333334,0.023333333333333334,False,0.5,37,3.941975842802003
RPM,0002,mean_shift,positive,slow,exponential,0.5,or,300,True,0.023333333333333334,0.023333333333333334,False,0.5,37,3.941975842802003
RPM,0002,mean_shift,positive,slow,exponential,0.5,max,300,True,0.006666666666666667,0.006666666666666667,False,0.5,121,3.941975842802003
RPM,0002,mean_shift,positive,slow,exponential,0.5,weighted_0.25,300,True,0.0033333333333333335,0.02666666666666667,False,0.9906393057914435,122,3.941975842802003
RPM,0002,mean_shift,positive,slow,exponential,0.5,weighted_0.5,300,False,0.0,0.016666666666666666,False,0.9876301643523357,-1,3.941975842802003
RPM,0002,mean_shift,positive,slow,exponential,0.5,weighted_0.75,300,False,0.0,0.006666666666666667,False,0.9216966074963778,-1,3.941975842802003
RPM,0002,mean_shift,positive,fast,exponential,0.75,pird,300,False,0.0,0.0,False,1.0,-1,3.941975842802003
RPM,0002,mean_shift,positive,fast,exponential,0.75,global,300,True,0.023333333333333334,0.023333333333333334,False,0.5,37,3.941975842802003
RPM,0002,mean_shift,positive,fast,exponential,0.75,or,300,True,0.023333333333333334,0.023333333333333334,False,0.5,37,3.941975842802003
RPM,0002,mean_shift,positive,fast,exponential,0.75,max,300,True,0.006666666666666667,0.006666666666666667,False,0.5,121,3.941975842802003
RPM,0002,mean_shift,positive,fast,exponential,0.75,weighted_0.25,300,True,0.016666666666666666,0.02666666666666667,False,0.7998857868186544,121,3.941975842802003
RPM,0002,mean_shift,positive,fast,exponential,0.75,weighted_0.5,300,False,0.0,0.016666666666666666,False,0.9876301643523357,-1,3.941975842802003
RPM,0002,mean_shift,positive,fast,exponential,0.75,weighted_0.75,300,False,0.0,0.006666666666666667,False,0.9216966074963778,-1,3.941975842802003
RPM,0002,mean_shift,positive,medium,exponential,0.75,pird,300,False,0.0,0.0,False,1.0,-1,3.941975842802003
RPM,0002,mean_shift,positive,medium,exponential,0.75,global,300,True,0.023333333333333334,0.023333333333333334,False,0.5,37,3.941975842802003
RPM,0002,mean_shift,positive,medium,exponential,0.75,or,300,True,0.023333333333333334,0.023333333333333334,False,0.5,37,3.941975842802003
RPM,0002,mean_shift,positive,medium,exponential,0.75,max,300,True,0.006666666666666667,0.006666666666666667,False,0.5,121,3.941975842802003
RPM,0002,mean_shift,positive,medium,exponential,0.75,weighted_0.25,300,True,0.006666666666666667,0.02666666666666667,False,0.9721501870166752,121,3.941975842802003
RPM,0002,mean_shift,positive,medium,exponential,0.75,weighted_0.5,300,False,0.0,0.016666666666666666,False,0.9876301643523357,-1,3.941975842802003
RPM,0002,mean_shift,positive,medium,exponential,0.75,weighted_0.75,300,False,0.0,0.006666666666666667,False,0.9216966074963778,-1,3.941975842802003
RPM,0002,mean_shift,positive,slow,exponential,0.75,pird,300,False,0.0,0.0,False,1.0,-1,3.941975842802003
RPM,0002,mean_shift,positive,slow,exponential,0.75,global,300,True,0.023333333333333334,0.023333333333333334,False,0.5,37,3.941975842802003
RPM,0002,mean_shift,positive,slow,exponential,0.75,or,300,True,0.023333333333333334,0.023333333333333334,False,0.5,37,3.941975842802003
RPM,0002,mean_shift,positive,slow,exponential,0.75,max,300,True,0.006666666666666667,0.006666666666666667,False,0.5,121,3.941975842802003
RPM,0002,mean_shift,positive,slow,exponential,0.75,weighted_0.25,300,True,0.0033333333333333335,0.02666666666666667,False,0.9906393057914435,122,3.941975842802003
RPM,0002,mean_shift,positive,slow,exponential,0.75,weighted_0.5,300,False,0.0,0.016666666666666666,False,0.9876301643523357,-1,3.941975842802003
RPM,0002,mean_shift,positive,slow,exponential,0.75,weighted_0.75,300,False,0.0,0.006666666666666667,False,0.9216966074963778,-1,3.941975842802003
RPM,0002,mean_shift,positive,fast,exponential,1.0,pird,300,False,0.0,0.0,False,1.0,-1,3.941975842802003
RPM,0002,mean_shift,positive,fast,exponential,1.0,global,300,True,0.023333333333333334,0.023333333333333334,False,0.5,37,3.941975842802003
RPM,0002,mean_shift,positive,fast,exponential,1.0,or,300,True,0.023333333333333334,0.023333333333333334,False,0.5,37,3.941975842802003
RPM,0002,mean_shift,positive,fast,exponential,1.0,max,300,True,0.006666666666666667,0.006666666666666667,False,0.5,121,3.941975842802003
RPM,0002,mean_shift,positive,fast,exponential,1.0,weighted_0.25,300,True,0.02,0.02666666666666667,False,0.7057013626965842,120,3.941975842802003
RPM,0002,mean_shift,positive,fast,exponential,1.0,weighted_0.5,300,False,0.0,0.016666666666666666,False,0.9876301643523357,-1,3.941975842802003
RPM,0002,mean_shift,positive,fast,exponential,1.0,weighted_0.75,300,False,0.0,0.006666666666666667,False,0.9216966074963778,-1,3.941975842802003
RPM,0002,mean_shift,positive,medium,exponential,1.0,pird,300,False,0.0,0.0,False,1.0,-1,3.941975842802003
RPM,0002,mean_shift,positive,medium,exponential,1.0,global,300,True,0.023333333333333334,0.023333333333333334,False,0.5,37,3.941975842802003
RPM,0002,mean_shift,positive,medium,exponential,1.0,or,300,True,0.023333333333333334,0.023333333333333334,False,0.5,37,3.941975842802003
RPM,0002,mean_shift,positive,medium,exponential,1.0,max,300,True,0.006666666666666667,0.006666666666666667,False,0.5,121,3.941975842802003
RPM,0002,mean_shift,positive,medium,exponential,1.0,weighted_0.25,300,True,0.016666666666666666,0.02666666666666667,False,0.7998857868186544,121,3.941975842802003
RPM,0002,mean_shift,positive,medium,exponential,1.0,weighted_0.5,300,False,0.0,0.016666666666666666,False,0.9876301643523357,-1,3.941975842802003
RPM,0002,mean_shift,positive,medium,exponential,1.0,weighted_0.75,300,False,0.0,0.006666666666666667,False,0.9216966074963778,-1,3.941975842802003
RPM,0002,mean_shift,positive,slow,exponential,1.0,pird,300,False,0.0,0.0,False,1.0,-1,3.941975842802003
RPM,0002,mean_shift,positive,slow,exponential,1.0,global,300,True,0.023333333333333334,0.023333333333333334,False,0.5,37,3.941975842802003
RPM,0002,mean_shift,positive,slow,exponential,1.0,or,300,True,0.023333333333333334,0.023333333333333334,False,0.5,37,3.941975842802003
RPM,0002,mean_shift,positive,slow,exponential,1.0,max,300,True,0.006666666666666667,0.006666666666666667,False,0.5,121,3.941975842802003
RPM,0002,mean_shift,positive,slow,exponential,1.0,weighted_0.25,300,True,0.0033333333333333335,0.02666666666666667,False,0.9906393057914435,122,3.941975842802003
RPM,0002,mean_shift,positive,slow,exponential,1.0,weighted_0.5,300,False,0.0,0.016666666666666666,False,0.9876301643523357,-1,3.941975842802003
RPM,0002,mean_shift,positive,slow,exponential,1.0,weighted_0.75,300,False,0.0,0.006666666666666667,False,0.9216966074963778,-1,3.941975842802003
RPM,0002,mean_shift,positive,fast,exponential,1.5,pird,300,False,0.0,0.0,False,1.0,-1,5.0278382736203024
RPM,0002,mean_shift,positive,fast,exponential,1.5,global,300,True,0.023333333333333334,0.023333333333333334,False,0.5,37,5.0278382736203024
RPM,0002,mean_shift,positive,fast,exponential,1.5,or,300,True,0.023333333333333334,0.023333333333333334,False,0.5,37,5.0278382736203024
RPM,0002,mean_shift,positive,fast,exponential,1.5,max,300,True,0.006666666666666667,0.006666666666666667,False,0.5,121,5.0278382736203024
RPM,0002,mean_shift,positive,fast,exponential,1.5,weighted_0.25,300,True,0.043333333333333335,0.02666666666666667,False,0.13334879052731374,82,5.0278382736203024
RPM,0002,mean_shift,positive,fast,exponential,1.5,weighted_0.5,300,True,0.05,0.016666666666666666,True,0.011474153911437326,82,5.0278382736203024
RPM,0002,mean_shift,positive,fast,exponential,1.5,weighted_0.75,300,True,0.013333333333333334,0.006666666666666667,False,0.2059342420289756,121,5.0278382736203024
RPM,0002,mean_shift,positive,medium,exponential,1.5,pird,300,False,0.0,0.0,False,1.0,-1,5.0278382736203024
RPM,0002,mean_shift,positive,medium,exponential,1.5,global,300,True,0.023333333333333334,0.023333333333333334,False,0.5,37,5.0278382736203024
RPM,0002,mean_shift,positive,medium,exponential,1.5,or,300,True,0.023333333333333334,0.023333333333333334,False,0.5,37,5.0278382736203024
RPM,0002,mean_shift,positive,medium,exponential,1.5,max,300,True,0.006666666666666667,0.006666666666666667,False,0.5,121,5.0278382736203024
RPM,0002,mean_shift,positive,medium,exponential,1.5,weighted_0.25,300,True,0.02,0.02666666666666667,False,0.7057013626965842,120,5.0278382736203024
RPM,0002,mean_shift,positive,medium,exponential,1.5,weighted_0.5,300,True,0.013333333333333334,0.016666666666666666,False,0.6315124632110658,121,5.0278382736203024
RPM,0002,mean_shift,positive,medium,exponential,1.5,weighted_0.75,300,False,0.0,0.006666666666666667,False,0.9216966074963778,-1,5.0278382736203024
RPM,0002,mean_shift,positive,slow,exponential,1.5,pird,300,False,0.0,0.0,False,1.0,-1,5.0278382736203024
RPM,0002,mean_shift,positive,slow,exponential,1.5,global,300,True,0.023333333333333334,0.023333333333333334,False,0.5,37,5.0278382736203024
RPM,0002,mean_shift,positive,slow,exponential,1.5,or,300,True,0.023333333333333334,0.023333333333333334,False,0.5,37,5.0278382736203024
RPM,0002,mean_shift,positive,slow,exponential,1.5,max,300,True,0.006666666666666667,0.006666666666666667,False,0.5,121,5.0278382736203024
RPM,0002,mean_shift,positive,slow,exponential,1.5,weighted_0.25,300,True,0.006666666666666667,0.02666666666666667,False,0.9721501870166752,121,5.0278382736203024
RPM,0002,mean_shift,positive,slow,exponential,1.5,weighted_0.5,300,False,0.0,0.016666666666666666,False,0.9876301643523357,-1,5.0278382736203024
RPM,0002,mean_shift,positive,slow,exponential,1.5,weighted_0.75,300,False,0.0,0.006666666666666667,False,0.9216966074963778,-1,5.0278382736203024
RPM,0002,mean_shift,positive,fast,exponential,2.0,pird,300,True,0.7633333333333333,0.0,True,7.850012106882794e-83,71,6.539277984123129
RPM,0002,mean_shift,positive,fast,exponential,2.0,global,300,True,0.023333333333333334,0.023333333333333334,False,0.5,37,6.539277984123129
RPM,0002,mean_shift,positive,fast,exponential,2.0,or,300,True,0.7666666666666667,0.023333333333333334,True,1.0429970981634713e-77,37,6.539277984123129
RPM,0002,mean_shift,positive,fast,exponential,2.0,max,300,True,0.7633333333333333,0.006666666666666667,True,3.6102709674000625e-81,71,6.539277984123129
RPM,0002,mean_shift,positive,fast,exponential,2.0,weighted_0.25,300,True,0.04666666666666667,0.02666666666666667,False,0.09623248310447309,82,6.539277984123129
RPM,0002,mean_shift,positive,fast,exponential,2.0,weighted_0.5,300,True,0.15666666666666668,0.016666666666666666,True,5.491465829709659e-10,73,6.539277984123129
RPM,0002,mean_shift,positive,fast,exponential,2.0,weighted_0.75,300,True,0.20666666666666667,0.006666666666666667,True,1.0513054944664572e-15,70,6.539277984123129
RPM,0002,mean_shift,positive,medium,exponential,2.0,pird,300,True,0.5233333333333333,0.0,True,1.8223969005608166e-48,143,6.539277984123129
RPM,0002,mean_shift,positive,medium,exponential,2.0,global,300,True,0.023333333333333334,0.023333333333333334,False,0.5,37,6.539277984123129
RPM,0002,mean_shift,positive,medium,exponential,2.0,or,300,True,0.5466666666666666,0.023333333333333334,True,4.6663982421705306e-46,37,6.539277984123129
RPM,0002,mean_shift,positive,medium,exponential,2.0,max,300,True,0.53,0.006666666666666667,True,1.0023603079315816e-47,121,6.539277984123129
RPM,0002,mean_shift,positive,medium,exponential,2.0,weighted_0.25,300,True,0.03,0.02666666666666667,False,0.40282318520557847,119,6.539277984123129
RPM,0002,mean_shift,positive,medium,exponential,2.0,weighted_0.5,300,True,0.11,0.016666666666666666,True,1.3444919131753735e-06,119,6.539277984123129
RPM,0002,mean_shift,positive,medium,exponential,2.0,weighted_0.75,300,True,0.12,0.006666666666666667,True,6.027499419829132e-09,122,6.539277984123129
RPM,0002,mean_shift,positive,slow,exponential,2.0,pird,300,True,0.04666666666666667,0.0,True,7.651839750873978e-05,286,6.539277984123129
RPM,0002,mean_shift,positive,slow,exponential,2.0,global,300,True,0.023333333333333334,0.023333333333333334,False,0.5,37,6.539277984123129
RPM,0002,mean_shift,positive,slow,exponential,2.0,or,300,True,0.07,0.023333333333333334,True,0.003366861259334387,37,6.539277984123129
RPM,0002,mean_shift,positive,slow,exponential,2.0,max,300,True,0.05333333333333334,0.006666666666666667,True,0.00040337068883977066,121,6.539277984123129
RPM,0002,mean_shift,positive,slow,exponential,2.0,weighted_0.25,300,True,0.01,0.02666666666666667,False,0.9359414397471031,121,6.539277984123129
RPM,0002,mean_shift,positive,slow,exponential,2.0,weighted_0.5,300,False,0.0,0.016666666666666666,False,0.9876301643523357,-1,6.539277984123129
RPM,0002,mean_shift,positive,slow,exponential,2.0,weighted_0.75,300,True,0.006666666666666667,0.006666666666666667,False,0.5,293,6.539277984123129
RPM,0002,mean_shift,positive,fast,exponential,3.0,pird,300,True,0.82,0.0,True,5.629567081548163e-93,54,9.895924145687498
RPM,0002,mean_shift,positive,fast,exponential,3.0,global,300,True,0.023333333333333334,0.023333333333333334,False,0.5,37,9.895924145687498
RPM,0002,mean_shift,positive,fast,exponential,3.0,or,300,True,0.8233333333333334,0.023333333333333334,True,8.133444051203925e-88,37,9.895924145687498
RPM,0002,mean_shift,positive,fast,exponential,3.0,max,300,True,0.82,0.006666666666666667,True,2.7355511155501047e-91,54,9.895924145687498
RPM,0002,mean_shift,positive,fast,exponential,3.0,weighted_0.25,300,True,0.06333333333333334,0.02666666666666667,True,0.015145940959111688,37,9.895924145687498
RPM,0002,mean_shift,positive,fast,exponential,3.0,weighted_0.5,300,True,0.37333333333333335,0.016666666666666666,True,1.4417600386378906e-28,43,9.895924145687498
RPM,0002,mean_shift,positive,fast,exponential,3.0,weighted_0.75,300,True,0.8033333333333333,0.006666666666666667,True,3.2614834168104605e-88,59,9.895924145687498
RPM,0002,mean_shift,positive,medium,exponential,3.0,pird,300,True,0.64,0.0,True,1.1529939200891808e-63,108,9.895924145687498
RPM,0002,mean_shift,positive,medium,exponential,3.0,global,300,True,0.023333333333333334,0.023333333333333334,False,0.5,37,9.895924145687498
RPM,0002,mean_shift,positive,medium,exponential,3.0,or,300,True,0.6433333333333333,0.023333333333333334,True,1.1194737984858604e-58,37,9.895924145687498
RPM,0002,mean_shift,positive,medium,exponential,3.0,max,300,True,0.64,0.006666666666666667,True,4.6181070855314545e-62,108,9.895924145687498
RPM,0002,mean_shift,positive,medium,exponential,3.0,weighted_0.25,300,True,0.04,0.02666666666666667,False,0.18148571616991524,83,9.895924145687498
RPM,0002,mean_shift,positive,medium,exponential,3.0,weighted_0.5,300,True,0.2733333333333333,0.016666666666666666,True,2.1713737600973525e-19,83,9.895924145687498
RPM,0002,mean_shift,positive,medium,exponential,3.0,weighted_0.75,300,True,0.6166666666666667,0.006666666666666667,True,7.867477146784674e-59,102,9.895924145687498
RPM,0002,mean_shift,positive,slow,exponential,3.0,pird,300,True,0.27666666666666667,0.0,True,4.874678437544965e-23,217,9.895924145687498
RPM,0002,mean_shift,positive,slow,exponential,3.0,global,300,True,0.023333333333333334,0.023333333333333334,False,0.5,37,9.895924145687498
RPM,0002,mean_shift,positive,slow,exponential,3.0,or,300,True,0.3,0.023333333333333334,True,1.7218721915456425e-20,37,9.895924145687498
RPM,0002,mean_shift,positive,slow,exponential,3.0,max,300,True,0.2833333333333333,0.006666666666666667,True,3.179806913085008e-22,121,9.895924145687498
RPM,0002,mean_shift,positive,slow,exponential,3.0,weighted_0.25,300,True,0.016666666666666666,0.02666666666666667,False,0.7998857868186544,121,9.895924145687498
RPM,0002,mean_shift,positive,slow,exponential,3.0,weighted_0.5,300,True,0.05333333333333334,0.016666666666666666,True,0.007271986739122512,223,9.895924145687498
RPM,0002,mean_shift,positive,slow,exponential,3.0,weighted_0.75,300,True,0.23333333333333334,0.006666666666666667,True,6.549186388614896e-18,213,9.895924145687498
RPM,0002,mean_shift,negative,fast,exponential,0.25,pird,300,False,0.0,0.0,False,1.0,-1,3.941975842802003
RPM,0002,mean_shift,negative,fast,exponential,0.25,global,300,True,0.023333333333333334,0.023333333333333334,False,0.5,37,3.941975842802003
RPM,0002,mean_shift,negative,fast,exponential,0.25,or,300,True,0.023333333333333334,0.023333333333333334,False,0.5,37,3.941975842802003
RPM,0002,mean_shift,negative,fast,exponential,0.25,max,300,True,0.006666666666666667,0.006666666666666667,False,0.5,121,3.941975842802003
RPM,0002,mean_shift,negative,fast,exponential,0.25,weighted_0.25,300,True,0.0033333333333333335,0.02666666666666667,False,0.9906393057914435,122,3.941975842802003
RPM,0002,mean_shift,negative,fast,exponential,0.25,weighted_0.5,300,False,0.0,0.016666666666666666,False,0.9876301643523357,-1,3.941975842802003
RPM,0002,mean_shift,negative,fast,exponential,0.25,weighted_0.75,300,False,0.0,0.006666666666666667,False,0.9216966074963778,-1,3.941975842802003
RPM,0002,mean_shift,negative,medium,exponential,0.25,pird,300,False,0.0,0.0,False,1.0,-1,3.941975842802003
RPM,0002,mean_shift,negative,medium,exponential,0.25,global,300,True,0.023333333333333334,0.023333333333333334,False,0.5,37,3.941975842802003
RPM,0002,mean_shift,negative,medium,exponential,0.25,or,300,True,0.023333333333333334,0.023333333333333334,False,0.5,37,3.941975842802003
RPM,0002,mean_shift,negative,medium,exponential,0.25,max,300,True,0.006666666666666667,0.006666666666666667,False,0.5,121,3.941975842802003
RPM,0002,mean_shift,negative,medium,exponential,0.25,weighted_0.25,300,True,0.0033333333333333335,0.02666666666666667,False,0.9906393057914435,122,3.941975842802003
RPM,0002,mean_shift,negative,medium,exponential,0.25,weighted_0.5,300,False,0.0,0.016666666666666666,False,0.9876301643523357,-1,3.941975842802003
RPM,0002,mean_shift,negative,medium,exponential,0.25,weighted_0.75,300,False,0.0,0.006666666666666667,False,0.9216966074963778,-1,3.941975842802003
RPM,0002,mean_shift,negative,slow,exponential,0.25,pird,300,False,0.0,0.0,False,1.0,-1,3.941975842802003
RPM,0002,mean_shift,negative,slow,exponential,0.25,global,300,True,0.023333333333333334,0.023333333333333334,False,0.5,37,3.941975842802003
RPM,0002,mean_shift,negative,slow,exponential,0.25,or,300,True,0.023333333333333334,0.023333333333333334,False,0.5,37,3.941975842802003
RPM,0002,mean_shift,negative,slow,exponential,0.25,max,300,True,0.006666666666666667,0.006666666666666667,False,0.5,121,3.941975842802003
RPM,0002,mean_shift,negative,slow,exponential,0.25,weighted_0.25,300,True,0.0033333333333333335,0.02666666666666667,False,0.9906393057914435,122,3.941975842802003
RPM,0002,mean_shift,negative,slow,exponential,0.25,weighted_0.5,300,False,0.0,0.016666666666666666,False,0.9876301643523357,-1,3.941975842802003
RPM,0002,mean_shift,negative,slow,exponential,0.25,weighted_0.75,300,False,0.0,0.006666666666666667,False,0.9216966074963778,-1,3.941975842802003
RPM,0002,mean_shift,negative,fast,exponential,0.5,pird,300,False,0.0,0.0,False,1.0,-1,3.941975842802003
RPM,0002,mean_shift,negative,fast,exponential,0.5,global,300,True,0.023333333333333334,0.023333333333333334,False,0.5,37,3.941975842802003
RPM,0002,mean_shift,negative,fast,exponential,0.5,or,300,True,0.023333333333333334,0.023333333333333334,False,0.5,37,3.941975842802003
RPM,0002,mean_shift,negative,fast,exponential,0.5,max,300,True,0.006666666666666667,0.006666666666666667,False,0.5,121,3.941975842802003
RPM,0002,mean_shift,negative,fast,exponential,0.5,weighted_0.25,300,True,0.006666666666666667,0.02666666666666667,False,0.9721501870166752,121,3.941975842802003
RPM,0002,mean_shift,negative,fast,exponential,0.5,weighted_0.5,300,False,0.0,0.016666666666666666,False,0.9876301643523357,-1,3.941975842802003
RPM,0002,mean_shift,negative,fast,exponential,0.5,weighted_0.75,300,False,0.0,0.006666666666666667,False,0.9216966074963778,-1,3.941975842802003
RPM,0002,mean_shift,negative,medium,exponential,0.5,pird,300,False,0.0,0.0,False,1.0,-1,3.941975842802003
RPM,0002,mean_shift,negative,medium,exponential,0.5,global,300,True,0.023333333333333334,0.023333333333333334,False,0.5,37,3.941975842802003
RPM,0002,mean_shift,negative,medium,exponential,0.5,or,300,True,0.023333333333333334,0.023333333333333334,False,0.5,37,3.941975842802003
RPM,0002,mean_shift,negative,medium,exponential,0.5,max,300,True,0.006666666666666667,0.006666666666666667,False,0.5,121,3.941975842802003
RPM,0002,mean_shift,negative,medium,exponential,0.5,weighted_0.25,300,True,0.0033333333333333335,0.02666666666666667,False,0.9906393057914435,122,3.941975842802003
RPM,0002,mean_shift,negative,medium,exponential,0.5,weighted_0.5,300,False,0.0,0.016666666666666666,False,0.9876301643523357,-1,3.941975842802003
RPM,0002,mean_shift,negative,medium,exponential,0.5,weighted_0.75,300,False,0.0,0.006666666666666667,False,0.9216966074963778,-1,3.941975842802003
RPM,0002,mean_shift,negative,slow,exponential,0.5,pird,300,False,0.0,0.0,False,1.0,-1,3.941975842802003
RPM,0002,mean_shift,negative,slow,exponential,0.5,global,300,True,0.023333333333333334,0.023333333333333334,False,0.5,37,3.941975842802003
RPM,0002,mean_shift,negative,slow,exponential,0.5,or,300,True,0.023333333333333334,0.023333333333333334,False,0.5,37,3.941975842802003
RPM,0002,mean_shift,negative,slow,exponential,0.5,max,300,True,0.006666666666666667,0.006666666666666667,False,0.5,121,3.941975842802003
RPM,0002,mean_shift,negative,slow,exponential,0.5,weighted_0.25,300,True,0.0033333333333333335,0.02666666666666667,False,0.9906393057914435,122,3.941975842802003
RPM,0002,mean_shift,negative,slow,exponential,0.5,weighted_0.5,300,False,0.0,0.016666666666666666,False,0.9876301643523357,-1,3.941975842802003
RPM,0002,mean_shift,negative,slow,exponential,0.5,weighted_0.75,300,False,0.0,0.006666666666666667,False,0.9216966074963778,-1,3.941975842802003
RPM,0002,mean_shift,negative,fast,exponential,0.75,pird,300,False,0.0,0.0,False,1.0,-1,3.941975842802003
RPM,0002,mean_shift,negative,fast,exponential,0.75,global,300,True,0.023333333333333334,0.023333333333333334,False,0.5,37,3.941975842802003
RPM,0002,mean_shift,negative,fast,exponential,0.75,or,300,True,0.023333333333333334,0.023333333333333334,False,0.5,37,3.941975842802003
RPM,0002,mean_shift,negative,fast,exponential,0.75,max,300,True,0.006666666666666667,0.006666666666666667,False,0.5,121,3.941975842802003
RPM,0002,mean_shift,negative,fast,exponential,0.75,weighted_0.25,300,True,0.013333333333333334,0.02666666666666667,False,0.8782784069034336,121,3.941975842802003
RPM,0002,mean_shift,negative,fast,exponential,0.75,weighted_0.5,300,False,0.0,0.016666666666666666,False,0.9876301643523357,-1,3.941975842802003
RPM,0002,mean_shift,negative,fast,exponential,0.75,weighted_0.75,300,False,0.0,0.006666666666666667,False,0.9216966074963778,-1,3.941975842802003
RPM,0002,mean_shift,negative,medium,exponential,0.75,pird,300,False,0.0,0.0,False,1.0,-1,3.941975842802003
RPM,0002,mean_shift,negative,medium,exponential,0.75,global,300,True,0.023333333333333334,0.023333333333333334,False,0.5,37,3.941975842802003
RPM,0002,mean_shift,negative,medium,exponential,0.75,or,300,True,0.023333333333333334,0.023333333333333334,False,0.5,37,3.941975842802003
RPM,0002,mean_shift,negative,medium,exponential,0.75,max,300,True,0.006666666666666667,0.006666666666666667,False,0.5,121,3.941975842802003
RPM,0002,mean_shift,negative,medium,exponential,0.75,weighted_0.25,300,True,0.006666666666666667,0.02666666666666667,False,0.9721501870166752,121,3.941975842802003
RPM,0002,mean_shift,negative,medium,exponential,0.75,weighted_0.5,300,False,0.0,0.016666666666666666,False,0.9876301643523357,-1,3.941975842802003
RPM,0002,mean_shift,negative,medium,exponential,0.75,weighted_0.75,300,False,0.0,0.006666666666666667,False,0.9216966074963778,-1,3.941975842802003
RPM,0002,mean_shift,negative,slow,exponential,0.75,pird,300,False,0.0,0.0,False,1.0,-1,3.941975842802003
RPM,0002,mean_shift,negative,slow,exponential,0.75,global,300,True,0.023333333333333334,0.023333333333333334,False,0.5,37,3.941975842802003
RPM,0002,mean_shift,negative,slow,exponential,0.75,or,300,True,0.023333333333333334,0.023333333333333334,False,0.5,37,3.941975842802003
RPM,0002,mean_shift,negative,slow,exponential,0.75,max,300,True,0.006666666666666667,0.006666666666666667,False,0.5,121,3.941975842802003
RPM,0002,mean_shift,negative,slow,exponential,0.75,weighted_0.25,300,True,0.0033333333333333335,0.02666666666666667,False,0.9906393057914435,122,3.941975842802003
RPM,0002,mean_shift,negative,slow,exponential,0.75,weighted_0.5,300,False,0.0,0.016666666666666666,False,0.9876301643523357,-1,3.941975842802003
RPM,0002,mean_shift,negative,slow,exponential,0.75,weighted_0.75,300,False,0.0,0.006666666666666667,False,0.9216966074963778,-1,3.941975842802003
RPM,0002,mean_shift,negative,fast,exponential,1.0,pird,300,False,0.0,0.0,False,1.0,-1,3.941975842802003
RPM,0002,mean_shift,negative,fast,exponential,1.0,global,300,True,0.023333333333333334,0.023333333333333334,False,0.5,37,3.941975842802003
RPM,0002,mean_shift,negative,fast,exponential,1.0,or,300,True,0.023333333333333334,0.023333333333333334,False,0.5,37,3.941975842802003
RPM,0002,mean_shift,negative,fast,exponential,1.0,max,300,True,0.006666666666666667,0.006666666666666667,False,0.5,121,3.941975842802003
RPM,0002,mean_shift,negative,fast,exponential,1.0,weighted_0.25,300,True,0.016666666666666666,0.02666666666666667,False,0.7998857868186544,121,3.941975842802003
RPM,0002,mean_shift,negative,fast,exponential,1.0,weighted_0.5,300,False,0.0,0.016666666666666666,False,0.9876301643523357,-1,3.941975842802003
RPM,0002,mean_shift,negative,fast,exponential,1.0,weighted_0.75,300,False,0.0,0.006666666666666667,False,0.9216966074963778,-1,3.941975842802003
RPM,0002,mean_shift,negative,medium,exponential,1.0,pird,300,False,0.0,0.0,False,1.0,-1,3.941975842802003
RPM,0002,mean_shift,negative,medium,exponential,1.0,global,300,True,0.023333333333333334,0.023333333333333334,False,0.5,37,3.941975842802003
RPM,0002,mean_shift,negative,medium,exponential,1.0,or,300,True,0.023333333333333334,0.023333333333333334,False,0.5,37,3.941975842802003
RPM,0002,mean_shift,negative,medium,exponential,1.0,max,300,True,0.006666666666666667,0.006666666666666667,False,0.5,121,3.941975842802003
RPM,0002,mean_shift,negative,medium,exponential,1.0,weighted_0.25,300,True,0.013333333333333334,0.02666666666666667,False,0.8782784069034336,121,3.941975842802003
RPM,0002,mean_shift,negative,medium,exponential,1.0,weighted_0.5,300,False,0.0,0.016666666666666666,False,0.9876301643523357,-1,3.941975842802003
RPM,0002,mean_shift,negative,medium,exponential,1.0,weighted_0.75,300,False,0.0,0.006666666666666667,False,0.9216966074963778,-1,3.941975842802003
RPM,0002,mean_shift,negative,slow,exponential,1.0,pird,300,False,0.0,0.0,False,1.0,-1,3.941975842802003
RPM,0002,mean_shift,negative,slow,exponential,1.0,global,300,True,0.023333333333333334,0.023333333333333334,False,0.5,37,3.941975842802003
RPM,0002,mean_shift,negative,slow,exponential,1.0,or,300,True,0.023333333333333334,0.023333333333333334,False,0.5,37,3.941975842802003
RPM,0002,mean_shift,negative,slow,exponential,1.0,max,300,True,0.006666666666666667,0.006666666666666667,False,0.5,121,3.941975842802003
RPM,0002,mean_shift,negative,slow,exponential,1.0,weighted_0.25,300,True,0.0033333333333333335,0.02666666666666667,False,0.9906393057914435,122,3.941975842802003
RPM,0002,mean_shift,negative,slow,exponential,1.0,weighted_0.5,300,False,0.0,0.016666666666666666,False,0.9876301643523357,-1,3.941975842802003
RPM,0002,mean_shift,negative,slow,exponential,1.0,weighted_0.75,300,False,0.0,0.006666666666666667,False,0.9216966074963778,-1,3.941975842802003
RPM,0002,mean_shift,negative,fast,exponential,1.5,pird,300,False,0.0,0.0,False,1.0,-1,4.988751697606329
RPM,0002,mean_shift,negative,fast,exponential,1.5,global,300,True,0.023333333333333334,0.023333333333333334,False,0.5,37,4.988751697606329
RPM,0002,mean_shift,negative,fast,exponential,1.5,or,300,True,0.023333333333333334,0.023333333333333334,False,0.5,37,4.988751697606329
RPM,0002,mean_shift,negative,fast,exponential,1.5,max,300,True,0.006666666666666667,0.006666666666666667,False,0.5,121,4.988751697606329
RPM,0002,mean_shift,negative,fast,exponential,1.5,weighted_0.25,300,True,0.04,0.02666666666666667,False,0.18148571616991524,83,4.988751697606329
RPM,0002,mean_shift,negative,fast,exponential,1.5,weighted_0.5,300,True,0.04666666666666667,0.016666666666666666,True,0.01794237885970424,82,4.988751697606329
RPM,0002,mean_shift,negative,fast,exponential,1.5,weighted_0.75,300,False,0.0,0.006666666666666667,False,0.9216966074963778,-1,4.988751697606329
RPM,0002,mean_shift,negative,medium,exponential,1.5,pird,300,False,0.0,0.0,False,1.0,-1,4.988751697606329
RPM,0002,mean_shift,negative,medium,exponential,1.5,global,300,True,0.023333333333333334,0.023333333333333334,False,0.5,37,4.988751697606329
RPM,0002,mean_shift,negative,medium,exponential,1.5,or,300,True,0.023333333333333334,0.023333333333333334,False,0.5,37,4.988751697606329
RPM,0002,mean_shift,negative,medium,exponential,1.5,max,300,True,0.006666666666666667,0.006666666666666667,False,0.5,121,4.988751697606329
RPM,0002,mean_shift,negative,medium,exponential,1.5,weighted_0.25,300,True,0.02,0.02666666666666667,False,0.7057013626965842,120,4.988751697606329
RPM,0002,mean_shift,negative,medium,exponential,1.5,weighted_0.5,300,True,0.006666666666666667,0.016666666666666666,False,0.8729747639056968,122,4.988751697606329
RPM,0002,mean_shift,negative,medium,exponential,1.5,weighted_0.75,300,False,0.0,0.006666666666666667,False,0.9216966074963778,-1,4.988751697606329
RPM,0002,mean_shift,negative,slow,exponential,1.5,pird,300,False,0.0,0.0,False,1.0,-1,4.988751697606329
RPM,0002,mean_shift,negative,slow,exponential,1.5,global,300,True,0.023333333333333334,0.023333333333333334,False,0.5,37,4.988751697606329
RPM,0002,mean_shift,negative,slow,exponential,1.5,or,300,True,0.023333333333333334,0.023333333333333334,False,0.5,37,4.988751697606329
RPM,0002,mean_shift,negative,slow,exponential,1.5,max,300,True,0.006666666666666667,0.006666666666666667,False,0.5,121,4.988751697606329
RPM,0002,mean_shift,negative,slow,exponential,1.5,weighted_0.25,300,True,0.006666666666666667,0.02666666666666667,False,0.9721501870166752,121,4.988751697606329
RPM,0002,mean_shift,negative,slow,exponential,1.5,weighted_0.5,300,False,0.0,0.016666666666666666,False,0.9876301643523357,-1,4.988751697606329
RPM,0002,mean_shift,negative,slow,exponential,1.5,weighted_0.75,300,False,0.0,0.006666666666666667,False,0.9216966074963778,-1,4.988751697606329
RPM,0002,mean_shift,negative,fast,exponential,2.0,pird,300,False,0.0,0.0,False,1.0,-1,6.3735539765198865
RPM,0002,mean_shift,negative,fast,exponential,2.0,global,300,True,0.023333333333333334,0.023333333333333334,False,0.5,37,6.3735539765198865
RPM,0002,mean_shift,negative,fast,exponential,2.0,or,300,True,0.023333333333333334,0.023333333333333334,False,0.5,37,6.3735539765198865
RPM,0002,mean_shift,negative,fast,exponential,2.0,max,300,True,0.006666666666666667,0.006666666666666667,False,0.5,121,6.3735539765198865
RPM,0002,mean_shift,negative,fast,exponential,2.0,weighted_0.25,300,True,0.04666666666666667,0.02666666666666667,False,0.09623248310447309,82,6.3735539765198865
RPM,0002,mean_shift,negative,fast,exponential,2.0,weighted_0.5,300,True,0.07333333333333333,0.016666666666666666,True,0.000407212615548952,82,6.3735539765198865
RPM,0002,mean_shift,negative,fast,exponential,2.0,weighted_0.75,300,True,0.08666666666666667,0.006666666666666667,True,1.6982588373145651e-06,82,6.3735539765198865
RPM,0002,mean_shift,negative,medium,exponential,2.0,pird,300,False,0.0,0.0,False,1.0,-1,6.3735539765198865
RPM,0002,mean_shift,negative,medium,exponential,2.0,global,300,True,0.023333333333333334,0.023333333333333334,False,0.5,37,6.3735539765198865
RPM,0002,mean_shift,negative,medium,exponential,2.0,or,300,True,0.023333333333333334,0.023333333333333334,False,0.5,37,6.3735539765198865
RPM,0002,mean_shift,negative,medium,exponential,2.0,max,300,True,0.006666666666666667,0.006666666666666667,False,0.5,121,6.3735539765198865
RPM,0002,mean_shift,negative,medium,exponential,2.0,weighted_0.25,300,True,0.02666666666666667,0.02666666666666667,False,0.5,120,6.3735539765198865
RPM,0002,mean_shift,negative,medium,exponential,2.0,weighted_0.5,300,True,0.043333333333333335,0.016666666666666666,True,0.02777463359617745,119,6.3735539765198865
RPM,0002,mean_shift,negative,medium,exponential,2.0,weighted_0.75,300,True,0.02,0.006666666666666667,False,0.07726131031423313,158,6.3735539765198865
RPM,0002,mean_shift,negative,slow,exponential,2.0,pird,300,False,0.0,0.0,False,1.0,-1,6.3735539765198865
RPM,0002,mean_shift,negative,slow,exponential,2.0,global,300,True,0.023333333333333334,0.023333333333333334,False,0.5,37,6.3735539765198865
RPM,0002,mean_shift,negative,slow,exponential,2.0,or,300,True,0.023333333333333334,0.023333333333333334,False,0.5,37,6.3735539765198865
RPM,0002,mean_shift,negative,slow,exponential,2.0,max,300,True,0.006666666666666667,0.006666666666666667,False,0.5,121,6.3735539765198865
RPM,0002,mean_shift,negative,slow,exponential,2.0,weighted_0.25,300,True,0.01,0.02666666666666667,False,0.9359414397471031,121,6.3735539765198865
RPM,0002,mean_shift,negative,slow,exponential,2.0,weighted_0.5,300,False,0.0,0.016666666666666666,False,0.9876301643523357,-1,6.3735539765198865
RPM,0002,mean_shift,negative,slow,exponential,2.0,weighted_0.75,300,False,0.0,0.006666666666666667,False,0.9216966074963778,-1,6.3735539765198865
RPM,0002,mean_shift,negative,fast,exponential,3.0,pird,300,True,0.8066666666666666,0.0,True,1.6741507143937094e-90,58,9.319670312876958
RPM,0002,mean_shift,negative,fast,exponential,3.0,global,300,True,0.023333333333333334,0.023333333333333334,False,0.5,37,9.319670312876958
RPM,0002,mean_shift,negative,fast,exponential,3.0,or,300,True,0.81,0.023333333333333334,True,2.3818536541571438e-85,37,9.319670312876958
RPM,0002,mean_shift,negative,fast,exponential,3.0,max,300,True,0.8066666666666666,0.006666666666666667,True,8.035902834549515e-89,58,9.319670312876958
RPM,0002,mean_shift,negative,fast,exponential,3.0,weighted_0.25,300,True,0.05333333333333334,0.02666666666666667,True,0.0477903522728147,37,9.319670312876958
RPM,0002,mean_shift,negative,fast,exponential,3.0,weighted_0.5,300,True,0.20666666666666667,0.016666666666666666,True,7.431185073511779e-14,44,9.319670312876958
RPM,0002,mean_shift,negative,fast,exponential,3.0,weighted_0.75,300,True,0.7766666666666666,0.006666666666666667,True,1.8230645173596124e-83,60,9.319670312876958
RPM,0002,mean_shift,negative,medium,exponential,3.0,pird,300,True,0.6133333333333333,0.0,True,5.751933251685548e-60,116,9.319670312876958
RPM,0002,mean_shift,negative,medium,exponential,3.0,global,300,True,0.023333333333333334,0.023333333333333334,False,0.5,37,9.319670312876958
RPM,0002,mean_shift,negative,medium,exponential,3.0,or,300,True,0.6166666666666667,0.023333333333333334,True,5.126624023932113e-55,37,9.319670312876958
RPM,0002,mean_shift,negative,medium,exponential,3.0,max,300,True,0.6133333333333333,0.006666666666666667,True,2.231451562835214e-58,116,9.319670312876958
RPM,0002,mean_shift,negative,medium,exponential,3.0,weighted_0.25,300,True,0.04,0.02666666666666667,False,0.18148571616991524,83,9.319670312876958
RPM,0002,mean_shift,negative,medium,exponential,3.0,weighted_0.5,300,True,0.16333333333333333,0.016666666666666666,True,1.7285732637471145e-10,83,9.319670312876958
RPM,0002,mean_shift,negative,medium,exponential,3.0,weighted_0.75,300,True,0.5966666666666667,0.006666666666666667,True,3.80288894504144e-56,116,9.319670312876958
RPM,0002,mean_shift,negative,slow,exponential,3.0,pird,300,True,0.22666666666666666,0.0,True,9.991926465683173e-19,232,9.319670312876958
RPM,0002,mean_shift,negative,slow,exponential,3.0,global,300,True,0.023333333333333334,0.023333333333333334,False,0.5,37,9.319670312876958
RPM,0002,mean_shift,negative,slow,exponential,3.0,or,300,True,0.25,0.023333333333333334,True,3.1886297062652933e-16,37,9.319670312876958
RPM,0002,mean_shift,negative,slow,exponential,3.0,max,300,True,0.23333333333333334,0.006666666666666667,True,6.549186388614896e-18,121,9.319670312876958
RPM,0002,mean_shift,negative,slow,exponential,3.0,weighted_0.25,300,True,0.016666666666666666,0.02666666666666667,False,0.7998857868186544,121,9.319670312876958
RPM,0002,mean_shift,negative,slow,exponential,3.0,weighted_0.5,300,True,0.023333333333333334,0.016666666666666666,False,0.27987534962930805,238,9.319670312876958
RPM,0002,mean_shift,negative,slow,exponential,3.0,weighted_0.75,300,True,0.12666666666666668,0.006666666666666667,True,1.9090970245421202e-09,233,9.319670312876958
RPM,018f,additive,positive,fast,exponential,0.25,pird,300,True,0.03333333333333333,0.02,False,0.15538538063177879,51,21.45174896965831
RPM,018f,additive,positive,fast,exponential,0.25,global,300,True,0.023333333333333334,0.023333333333333334,False,0.5,56,21.45174896965831
RPM,018f,additive,positive,fast,exponential,0.25,or,300,True,0.056666666666666664,0.043333333333333335,False,0.22684764985196462,51,21.45174896965831
RPM,018f,additive,positive,fast,exponential,0.25,max,300,True,0.04666666666666667,0.03333333333333333,False,0.20232838096364303,51,21.45174896965831
RPM,018f,additive,positive,fast,exponential,0.25,weighted_0.25,300,True,0.06,0.05,False,0.29555944875059714,56,21.45174896965831
RPM,018f,additive,positive,fast,exponential,0.25,weighted_0.5,300,True,0.09333333333333334,0.07333333333333333,False,0.18773905990197165,51,21.45174896965831
RPM,018f,additive,positive,fast,exponential,0.25,weighted_0.75,300,True,0.05333333333333334,0.03666666666666667,False,0.16239547515040015,51,21.45174896965831
RPM,018f,additive,positive,medium,exponential,0.25,pird,300,True,0.023333333333333334,0.02,False,0.38958361245067186,51,21.136765152333457
RPM,018f,additive,positive,medium,exponential,0.25,global,300,True,0.023333333333333334,0.023333333333333334,False,0.5,56,21.136765152333457
RPM,018f,additive,positive,medium,exponential,0.25,or,300,True,0.04666666666666667,0.043333333333333335,False,0.421940350865722,51,21.136765152333457
RPM,018f,additive,positive,medium,exponential,0.25,max,300,True,0.03666666666666667,0.03333333333333333,False,0.41210246432595243,51,21.136765152333457
RPM,018f,additive,positive,medium,exponential,0.25,weighted_0.25,300,True,0.06,0.05,False,0.29555944875059714,56,21.136765152333457
RPM,018f,additive,positive,medium,exponential,0.25,weighted_0.5,300,True,0.08333333333333333,0.07333333333333333,False,0.324262726441896,51,21.136765152333457
RPM,018f,additive,positive,medium,exponential,0.25,weighted_0.75,300,True,0.04,0.03666666666666667,False,0.4158079259690797,51,21.136765152333457
RPM,018f,additive,positive,slow,exponential,0.25,pird,300,True,0.016666666666666666,0.02,False,0.6195555805425034,51,21.029033819124543
RPM,018f,additive,positive,slow,exponential,0.25,global,300,True,0.023333333333333334,0.023333333333333334,False,0.5,56,21.029033819124543
RPM,018f,additive,positive,slow,exponential,0.25,or,300,True,0.04,0.043333333333333335,False,0.5809410773947465,51,21.029033819124543
RPM,018f,additive,positive,slow,exponential,0.25,max,300,True,0.03,0.03333333333333333,False,0.5921723949491122,51,21.029033819124543
RPM,018f,additive,positive,slow,exponential,0.25,weighted_0.25,300,True,0.06,0.05,False,0.29555944875059714,56,21.029033819124543
RPM,018f,additive,positive,slow,exponential,0.25,weighted_0.5,300,True,0.07333333333333333,0.07333333333333333,False,0.5,51,21.029033819124543
RPM,018f,additive,positive,slow,exponential,0.25,weighted_0.75,300,True,0.03666666666666667,0.03666666666666667,False,0.5,51,21.029033819124543
RPM,018f,additive,positive,fast,exponential,0.5,pird,300,True,0.09666666666666666,0.02,True,3.083654734027383e-05,51,21.97384921889872
RPM,018f,additive,positive,fast,exponential,0.5,global,300,True,0.023333333333333334,0.023333333333333334,False,0.5,56,21.97384921889872
RPM,018f,additive,positive,fast,exponential,0.5,or,300,True,0.11666666666666667,0.043333333333333335,True,0.0004654626785456048,51,21.97384921889872
RPM,018f,additive,positive,fast,exponential,0.5,max,300,True,0.11,0.03333333333333333,True,0.00013614051315006875,51,21.97384921889872
RPM,018f,additive,positive,fast,exponential,0.5,weighted_0.25,300,True,0.06666666666666667,0.05,False,0.1918939247244889,56,21.97384921889872
RPM,018f,additive,positive,fast,exponential,0.5,weighted_0.5,300,True,0.11333333333333333,0.07333333333333333,True,0.046082846114011394,51,21.97384921889872
RPM,018f,additive,positive,fast,exponential,0.5,weighted_0.75,300,True,0.11,0.03666666666666667,True,0.0002851499472661793,51,21.97384921889872
RPM,018f,additive,positive,medium,exponential,0.5,pird,300,True,0.03666666666666667,0.02,False,0.10930518785648219,51,21.32967235020373
RPM,018f,additive,positive,medium,exponential,0.5,global,300,True,0.023333333333333334,0.023333333333333334,False,0.5,56,21.32967235020373
RPM,018f,additive,positive,medium,exponential,0.5,or,300,True,0.06,0.043333333333333335,False,0.1782212501763378,51,21.32967235020373
RPM,018f,additive,positive,medium,exponential,0.5,max,300,True,0.05,0.03333333333333333,False,0.15350694901691256,51,21.32967235020373
RPM,018f,additive,positive,medium,exponential,0.5,weighted_0.25,300,True,0.06666666666666667,0.05,False,0.1918939247244889,56,21.32967235020373
RPM,018f,additive,positive,medium,exponential,0.5,weighted_0.5,300,True,0.09333333333333334,0.07333333333333333,False,0.18773905990197165,51,21.32967235020373
RPM,018f,additive,positive,medium,exponential,0.5,weighted_0.75,300,True,0.05333333333333334,0.03666666666666667,False,0.16239547515040015,51,21.32967235020373
RPM,018f,additive,positive,slow,exponential,0.5,pird,300,True,0.023333333333333334,0.02,False,0.38958361245067186,51,21.112161597053266
RPM,018f,additive,positive,slow,exponential,0.5,global,300,True,0.023333333333333334,0.023333333333333334,False,0.5,56,21.112161597053266
RPM,018f,additive,positive,slow,exponential,0.5,or,300,True,0.04666666666666667,0.043333333333333335,False,0.421940350865722,51,21.112161597053266
RPM,018f,additive,positive,slow,exponential,0.5,max,300,True,0.03666666666666667,0.03333333333333333,False,0.41210246432595243,51,21.112161597053266
RPM,018f,additive,positive,slow,exponential,0.5,weighted_0.25,300,True,0.06,0.05,False,0.29555944875059714,56,21.112161597053266
RPM,018f,additive,positive,slow,exponential,0.5,weighted_0.5,300,True,0.08333333333333333,0.07333333333333333,False,0.324262726441896,51,21.112161597053266
RPM,018f,additive,positive,slow,exponential,0.5,weighted_0.75,300,True,0.04,0.03666666666666667,False,0.4158079259690797,51,21.112161597053266
RPM,018f,additive,positive,fast,exponential,0.75,pird,300,True,0.17,0.02,True,1.8590047514327566e-10,51,22.5115308476308
RPM,018f,additive,positive,fast,exponential,0.75,global,300,True,0.023333333333333334,0.023333333333333334,False,0.5,56,22.5115308476308
RPM,018f,additive,positive,fast,exponential,0.75,or,300,True,0.19,0.043333333333333335,True,1.0997343795678985e-08,51,22.5115308476308
RPM,018f,additive,positive,fast,exponential,0.75,max,300,True,0.18333333333333332,0.03333333333333333,True,1.7010831513314184e-09,51,22.5115308476308
RPM,018f,additive,positive,fast,exponential,0.75,weighted_0.25,300,True,0.07,0.05,False,0.15117166088818684,56,22.5115308476308
RPM,018f,additive,positive,fast,exponential,0.75,weighted_0.5,300,True,0.14333333333333334,0.07333333333333333,True,0.002904021949964885,51,22.5115308476308
RPM,018f,additive,positive,fast,exponential,0.75,weighted_0.75,300,True,0.18,0.03666666666666667,True,8.106551549858454e-09,51,22.5115308476308
RPM,018f,additive,positive,medium,exponential,0.75,pird,300,True,0.07666666666666666,0.02,True,0.0006061030496223377,51,21.525048631238835
RPM,018f,additive,positive,medium,exponential,0.75,global,300,True,0.023333333333333334,0.023333333333333334,False,0.5,56,21.525048631238835
RPM,018f,additive,positive,medium,exponential,0.75,or,300,True,0.1,0.043333333333333335,True,0.0035652834043567736,51,21.525048631238835
RPM,018f,additive,positive,medium,exponential,0.75,max,300,True,0.09,0.03333333333333333,True,0.0019560910475649143,51,21.525048631238835
RPM,018f,additive,positive,medium,exponential,0.75,weighted_0.25,300,True,0.06666666666666667,0.05,False,0.1918939247244889,56,21.525048631238835
RPM,018f,additive,positive,medium,exponential,0.75,weighted_0.5,300,True,0.11,0.07333333333333333,False,0.05982034599515392,51,21.525048631238835
RPM,018f,additive,positive,medium,exponential,0.75,weighted_0.75,300,True,0.09666666666666666,0.03666666666666667,True,0.0016098663454608888,51,21.525048631238835
RPM,018f,additive,positive,slow,exponential,0.75,pird,300,True,0.02666666666666667,0.02,False,0.2942986373034158,51,21.195772833121943
RPM,018f,additive,positive,slow,exponential,0.75,global,300,True,0.023333333333333334,0.023333333333333334,False,0.5,56,21.195772833121943
RPM,018f,additive,positive,slow,exponential,0.75,or,300,True,0.05,0.043333333333333335,False,0.3493393008002108,51,21.195772833121943
RPM,018f,additive,positive,slow,exponential,0.75,max,300,True,0.04,0.03333333333333333,False,0.3319842761185523,51,21.195772833121943
RPM,018f,additive,positive,slow,exponential,0.75,weighted_0.25,300,True,0.06,0.05,False,0.29555944875059714,56,21.195772833121943
RPM,018f,additive,positive,slow,exponential,0.75,weighted_0.5,300,True,0.08666666666666667,0.07333333333333333,False,0.27361061138370363,51,21.195772833121943
RPM,018f,additive,positive,slow,exponential,0.75,weighted_0.75,300,True,0.043333333333333335,0.03666666666666667,False,0.3384611195106897,51,21.195772833121943
RPM,018f,additive,positive,fast,exponential,1.0,pird,300,True,0.24,0.02,True,5.646224083775708e-16,49,23.06370414057584
RPM,018f,additive,positive,fast,exponential,1.0,global,300,True,0.023333333333333334,0.023333333333333334,False,0.5,56,23.06370414057584
RPM,018f,additive,positive,fast,exponential,1.0,or,300,True,0.25,0.043333333333333335,True,4.193021890299054e-13,49,23.06370414057584
RPM,018f,additive,positive,fast,exponential,1.0,max,300,True,0.24333333333333335,0.03333333333333333,True,4.6818505815781327e-14,49,23.06370414057584
RPM,018f,additive,positive,fast,exponential,1.0,weighted_0.25,300,True,0.07666666666666666,0.05,False,0.08997181655228581,56,23.06370414057584
RPM,018f,additive,positive,fast,exponential,1.0,weighted_0.5,300,True,0.15666666666666668,0.07333333333333333,True,0.000689004746964897,51,23.06370414057584
RPM,018f,additive,positive,fast,exponential,1.0,weighted_0.75,300,True,0.24333333333333335,0.03666666666666667,True,1.497488296871266e-13,51,23.06370414057584
RPM,018f,additive,positive,medium,exponential,1.0,pird,300,True,0.1,0.02,True,1.848164671691523e-05,51,21.722827374339953
RPM,018f,additive,positive,medium,exponential,1.0,global,300,True,0.023333333333333334,0.023333333333333334,False,0.5,56,21.722827374339953
RPM,018f,additive,positive,medium,exponential,1.0,or,300,True,0.12333333333333334,0.043333333333333335,True,0.00019628052267801606,51,21.722827374339953
RPM,018f,additive,positive,medium,exponential,1.0,max,300,True,0.11333333333333333,0.03333333333333333,True,8.544216848291633e-05,51,21.722827374339953
RPM,018f,additive,positive,medium,exponential,1.0,weighted_0.25,300,True,0.07,0.05,False,0.15117166088818684,56,21.722827374339953
RPM,018f,additive,positive,medium,exponential,1.0,weighted_0.5,300,True,0.12,0.07333333333333333,True,0.026547379865081263,51,21.722827374339953
RPM,018f,additive,positive,medium,exponential,1.0,weighted_0.75,300,True,0.11666666666666667,0.03666666666666667,True,0.00011543931487161618,51,21.722827374339953
RPM,018f,additive,positive,slow,exponential,1.0,pird,300,True,0.03,0.02,False,0.2163837903338924,51,21.27986182863207
RPM,018f,additive,positive,slow,exponential,1.0,global,300,True,0.023333333333333334,0.023333333333333334,False,0.5,56,21.27986182863207
RPM,018f,additive,positive,slow,exponential,1.0,or,300,True,0.05333333333333334,0.043333333333333335,False,0.2839803389582446,51,21.27986182863207
RPM,018f,additive,positive,slow,exponential,1.0,max,300,True,0.043333333333333335,0.03333333333333333,False,0.2617729969877296,51,21.27986182863207
RPM,018f,additive,positive,slow,exponential,1.0,weighted_0.25,300,True,0.06333333333333334,0.05,False,0.24000143569275623,56,21.27986182863207
RPM,018f,additive,positive,slow,exponential,1.0,weighted_0.5,300,True,0.09333333333333334,0.07333333333333333,False,0.18773905990197165,51,21.27986182863207
RPM,018f,additive,positive,slow,exponential,1.0,weighted_0.75,300,True,0.05333333333333334,0.03666666666666667,False,0.16239547515040015,51,21.27986182863207
RPM,018f,additive,positive,fast,exponential,1.5,pird,300,True,0.36666666666666664,0.02,True,2.924506162397299e-27,49,24.207533367900098
RPM,018f,additive,positive,fast,exponential,1.5,global,300,True,0.023333333333333334,0.023333333333333334,False,0.5,56,24.207533367900098
RPM,018f,additive,positive,fast,exponential,1.5,or,300,True,0.36666666666666664,0.043333333333333335,True,5.136678751609159e-23,49,24.207533367900098
RPM,018f,additive,positive,fast,exponential,1.5,max,300,True,0.36666666666666664,0.03333333333333333,True,9.299675859299511e-25,49,24.207533367900098
RPM,018f,additive,positive,fast,exponential,1.5,weighted_0.25,300,True,0.09333333333333334,0.05,True,0.019815137973092388,55,24.207533367900098
RPM,018f,additive,positive,fast,exponential,1.5,weighted_0.5,300,True,0.20666666666666667,0.07333333333333333,True,1.2618348251972335e-06,51,24.207533367900098
RPM,018f,additive,positive,fast,exponential,1.5,weighted_0.75,300,True,0.36,0.03666666666666667,True,1.522974611527039e-23,49,24.207533367900098
RPM,018f,additive,positive,medium,exponential,1.5,pird,300,True,0.28,0.02,True,2.375499316792783e-19,51,22.43102879921436
RPM,018f,additive,positive,medium,exponential,1.5,global,300,True,0.023333333333333334,0.023333333333333334,False,0.5,56,22.43102879921436
RPM,018f,additive,positive,medium,exponential,1.5,or,300,True,0.28,0.043333333333333335,True,1.7252049700291435e-15,51,22.43102879921436
RPM,018f,additive,positive,medium,exponential,1.5,max,300,True,0.28,0.03333333333333333,True,4.733573977187343e-17,51,22.43102879921436
RPM,018f,additive,positive,medium,exponential,1.5,weighted_0.25,300,True,0.07666666666666666,0.05,False,0.08997181655228581,56,22.43102879921436
RPM,018f,additive,positive,medium,exponential,1.5,weighted_0.5,300,True,0.15333333333333332,0.07333333333333333,True,0.0009979540767862788,51,22.43102879921436
RPM,018f,additive,positive,medium,exponential,1.5,weighted_0.75,300,True,0.23,0.03666666666666667,True,1.6353292102262344e-12,51,22.43102879921436
RPM,018f,additive,positive,slow,exponential,1.5,pird,300,True,0.06,0.02,True,0.006209665325776144,51,21.854477824529933
RPM,018f,additive,positive,slow,exponential,1.5,global,300,True,0.023333333333333334,0.023333333333333334,False,0.5,56,21.854477824529933
RPM,018f,additive,positive,slow,exponential,1.5,or,300,True,0.08333333333333333,0.043333333333333335,True,0.02214198577256304,51,21.854477824529933
RPM,018f,additive,positive,slow,exponential,1.5,max,300,True,0.07333333333333333,0.03333333333333333,True,0.014619203682655105,51,21.854477824529933
RPM,018f,additive,positive,slow,exponential,1.5,weighted_0.25,300,True,0.06666666666666667,0.05,False,0.1918939247244889,56,21.854477824529933
RPM,018f,additive,positive,slow,exponential,1.5,weighted_0.5,300,True,0.10333333333333333,0.07333333333333333,False,0.09770292534776731,51,21.854477824529933
RPM,018f,additive,positive,slow,exponential,1.5,weighted_0.75,300,True,0.07666666666666666,0.03666666666666667,True,0.017049720094840702,51,21.854477824529933
RPM,018f,additive,positive,fast,exponential,2.0,pird,300,True,0.39,0.02,True,1.536703509422883e-29,40,25.39804556884214
RPM,018f,additive,positive,fast,exponential,2.0,global,300,True,0.023333333333333334,0.023333333333333334,False,0.5,56,25.39804556884214
RPM,018f,additive,positive,fast,exponential,2.0,or,300,True,0.39,0.043333333333333335,True,3.311431419059863e-25,40,25.39804556884214
RPM,018f,additive,positive,fast,exponential,2.0,max,300,True,0.39,0.03333333333333333,True,5.448307928351441e-27,40,25.39804556884214
RPM,018f,additive,positive,fast,exponential,2.0,weighted_0.25,300,True,0.09666666666666666,0.05,True,0.014171652413108065,55,25.39804556884214
RPM,018f,additive,positive,fast,exponential,2.0,weighted_0.5,300,True,0.25333333333333335,0.07333333333333333,True,1.2341184408018248e-09,51,25.39804556884214
RPM,018f,additive,positive,fast,exponential,2.0,weighted_0.75,300,True,0.4533333333333333,0.03666666666666667,True,8.965436920096186e-33,40,25.39804556884214
RPM,018f,additive,positive,medium,exponential,2.0,pird,300,True,0.34,0.02,True,9.789120761905194e-25,51,23.336555750714556
RPM,018f,additive,positive,medium,exponential,2.0,global,300,True,0.023333333333333334,0.023333333333333334,False,0.5,56,23.336555750714556
RPM,018f,additive,positive,medium,exponential,2.0,or,300,True,0.34,0.043333333333333335,True,1.3413586730902246e-20,51,23.336555750714556
RPM,018f,additive,positive,medium,exponential,2.0,max,300,True,0.34,0.03333333333333333,True,2.7285072036162273e-22,51,23.336555750714556
RPM,018f,additive,positive,medium,exponential,2.0,weighted_0.25,300,True,0.08,0.05,False,0.06805884349071552,56,23.336555750714556
RPM,018f,additive,positive,medium,exponential,2.0,weighted_0.5,300,True,0.20333333333333334,0.07333333333333333,True,1.997469477137397e-06,51,23.336555750714556
RPM,018f,additive,positive,medium,exponential,2.0,weighted_0.75,300,True,0.41333333333333333,0.03666666666666667,True,1.128077832338468e-28,51,23.336555750714556
RPM,018f,additive,positive,slow,exponential,2.0,pird,300,True,0.07666666666666666,0.02,True,0.0006061030496223377,51,22.8049935366682
RPM,018f,additive,positive,slow,exponential,2.0,global,300,True,0.023333333333333334,0.023333333333333334,False,0.5,56,22.8049935366682
RPM,018f,additive,positive,slow,exponential,2.0,or,300,True,0.1,0.043333333333333335,True,0.0035652834043567736,51,22.8049935366682
RPM,018f,additive,positive,slow,exponential,2.0,max,300,True,0.09,0.03333333333333333,True,0.0019560910475649143,51,22.8049935366682
RPM,018f,additive,positive,slow,exponential,2.0,weighted_0.25,300,True,0.06666666666666667,0.05,False,0.1918939247244889,56,22.8049935366682
RPM,018f,additive,positive,slow,exponential,2.0,weighted_0.5,300,True,0.11333333333333333,0.07333333333333333,True,0.046082846114011394,51,22.8049935366682
RPM,018f,additive,positive,slow,exponential,2.0,weighted_0.75,300,True,0.10666666666666667,0.03666666666666667,True,0.0004440210716909873,51,22.8049935366682
RPM,018f,additive,positive,fast,exponential,3.0,pird,300,True,0.8866666666666667,0.02,True,3.5492745435023644e-101,29,27.89498672323916
RPM,018f,additive,positive,fast,exponential,3.0,global,300,True,0.023333333333333334,0.023333333333333334,False,0.5,56,27.89498672323916
RPM,018f,additive,positive,fast,exponential,3.0,or,300,True,0.8866666666666667,0.043333333333333335,True,1.462046541241823e-95,29,27.89498672323916
RPM,018f,additive,positive,fast,exponential,3.0,max,300,True,0.8866666666666667,0.03333333333333333,True,6.225345641420631e-98,29,27.89498672323916
RPM,018f,additive,positive,fast,exponential,3.0,weighted_0.25,300,True,0.11333333333333333,0.05,True,0.0023099629809624827,55,27.89498672323916
RPM,018f,additive,positive,fast,exponential,3.0,weighted_0.5,300,True,0.47333333333333333,0.07333333333333333,True,2.0790894617645367e-28,40,27.89498672323916
RPM,018f,additive,positive,fast,exponential,3.0,weighted_0.75,300,True,0.8633333333333333,0.03666666666666667,True,2.2686356090466005e-92,37,27.89498672323916
RPM,018f,additive,positive,medium,exponential,3.0,pird,300,True,0.8333333333333334,0.02,True,1.6362586729662993e-90,49,25.532599032829825
RPM,018f,additive,positive,medium,exponential,3.0,global,300,True,0.023333333333333334,0.023333333333333334,False,0.5,56,25.532599032829825
RPM,018f,additive,positive,medium,exponential,3.0,or,300,True,0.8333333333333334,0.043333333333333335,True,5.505836485565145e-85,49,25.532599032829825
RPM,018f,additive,positive,medium,exponential,3.0,max,300,True,0.8333333333333334,0.03333333333333333,True,2.5702922082132868e-87,49,25.532599032829825
RPM,018f,additive,positive,medium,exponential,3.0,weighted_0.25,300,True,0.08666666666666667,0.05,True,0.03755459182133159,56,25.532599032829825
RPM,018f,additive,positive,medium,exponential,3.0,weighted_0.5,300,True,0.4266666666666667,0.07333333333333333,True,8.11399245170917e-24,51,25.532599032829825
RPM,018f,additive,positive,medium,exponential,3.0,weighted_0.75,300,True,0.8266666666666667,0.03666666666666667,True,2.807854081208793e-85,51,25.532599032829825
RPM,018f,additive,positive,slow,exponential,3.0,pird,300,True,0.4166666666666667,0.02,True,3.1435671609988e-32,51,24.898278259980763
RPM,018f,additive,positive,slow,exponential,3.0,global,300,True,0.023333333333333334,0.023333333333333334,False,0.5,56,24.898278259980763
RPM,018f,additive,positive,slow,exponential,3.0,or,300,True,0.42333333333333334,0.043333333333333335,True,1.8344552813408812e-28,51,24.898278259980763
RPM,018f,additive,positive,slow,exponential,3.0,max,300,True,0.4166666666666667,0.03333333333333333,True,1.2543484058428088e-29,51,24.898278259980763
RPM,018f,additive,positive,slow,exponential,3.0,weighted_0.25,300,True,0.07333333333333333,0.05,False,0.11741553817149493,56,24.898278259980763
RPM,018f,additive,positive,slow,exponential,3.0,weighted_0.5,300,True,0.19,0.07333333333333333,True,1.1903474221679474e-05,51,24.898278259980763
RPM,018f,additive,positive,slow,exponential,3.0,weighted_0.75,300,True,0.3466666666666667,0.03666666666666667,True,2.5602213297709945e-22,51,24.898278259980763
RPM,018f,additive,negative,fast,exponential,0.25,pird,300,True,0.006666666666666667,0.02,False,0.9227386896857668,75,20.535717504738816
RPM,018f,additive,negative,fast,exponential,0.25,global,300,True,0.023333333333333334,0.023333333333333334,False,0.5,56,20.535717504738816
RPM,018f,additive,negative,fast,exponential,0.25,or,300,True,0.03,0.043333333333333335,False,0.8075439194108697,56,20.535717504738816
RPM,018f,additive,negative,fast,exponential,0.25,max,300,True,0.02,0.03333333333333333,False,0.8446146193682212,75,20.535717504738816
RPM,018f,additive,negative,fast,exponential,0.25,weighted_0.25,300,True,0.04666666666666667,0.05,False,0.575483539498865,56,20.535717504738816
RPM,018f,additive,negative,fast,exponential,0.25,weighted_0.5,300,True,0.06,0.07333333333333333,False,0.7436546198690382,51,20.535717504738816
RPM,018f,additive,negative,fast,exponential,0.25,weighted_0.75,300,True,0.016666666666666666,0.03666666666666667,False,0.9357959057775238,51,20.535717504738816
RPM,018f,additive,negative,medium,exponential,0.25,pird,300,True,0.01,0.02,False,0.8431732400763812,51,20.75764697004435
RPM,018f,additive,negative,medium,exponential,0.25,global,300,True,0.023333333333333334,0.023333333333333334,False,0.5,56,20.75764697004435
RPM,018f,additive,negative,medium,exponential,0.25,or,300,True,0.03333333333333333,0.043333333333333335,False,0.7382270030122704,51,20.75764697004435
RPM,018f,additive,negative,medium,exponential,0.25,max,300,True,0.023333333333333334,0.03333333333333333,False,0.7697850014406924,51,20.75764697004435
RPM,018f,additive,negative,medium,exponential,0.25,weighted_0.25,300,True,0.05,0.05,False,0.5,56,20.75764697004435
RPM,018f,additive,negative,medium,exponential,0.25,weighted_0.5,300,True,0.06333333333333334,0.07333333333333333,False,0.6863033967146297,51,20.75764697004435
RPM,018f,additive,negative,medium,exponential,0.25,weighted_0.75,300,True,0.023333333333333334,0.03666666666666667,False,0.8307864069001937,51,20.75764697004435
RPM,018f,additive,negative,slow,exponential,0.25,pird,300,True,0.013333333333333334,0.02,False,0.7381957178138747,51,20.863877854327427
RPM,018f,additive,negative,slow,exponential,0.25,global,300,True,0.023333333333333334,0.023333333333333334,False,0.5,56,20.863877854327427
RPM,018f,additive,negative,slow,exponential,0.25,or,300,True,0.03666666666666667,0.043333333333333335,False,0.6615388804893103,51,20.863877854327427
RPM,018f,additive,negative,slow,exponential,0.25,max,300,True,0.02666666666666667,0.03333333333333333,False,0.6839021848052191,51,20.863877854327427
RPM,018f,additive,negative,slow,exponential,0.25,weighted_0.25,300,True,0.05,0.05,False,0.5,56,20.863877854327427
RPM,018f,additive,negative,slow,exponential,0.25,weighted_0.5,300,True,0.07333333333333333,0.07333333333333333,False,0.5,51,20.863877854327427
RPM,018f,additive,negative,slow,exponential,0.25,weighted_0.75,300,True,0.03,0.03666666666666667,False,0.6753945969951923,51,20.863877854327427
RPM,018f,additive,negative,fast,exponential,0.5,pird,300,True,0.0033333333333333335,0.02,False,0.9713453086968328,75,20.26181239167142
RPM,018f,additive,negative,fast,exponential,0.5,global,300,True,0.023333333333333334,0.023333333333333334,False,0.5,56,20.26181239167142
RPM,018f,additive,negative,fast,exponential,0.5,or,300,True,0.02666666666666667,0.043333333333333335,False,0.8666512094726863,56,20.26181239167142
RPM,018f,additive,negative,fast,exponential,0.5,max,300,True,0.016666666666666666,0.03333333333333333,False,0.9044684929771528,75,20.26181239167142
RPM,018f,additive,negative,fast,exponential,0.5,weighted_0.25,300,True,0.04666666666666667,0.05,False,0.575483539498865,56,20.26181239167142
RPM,018f,additive,negative,fast,exponential,0.5,weighted_0.5,300,True,0.06,0.07333333333333333,False,0.7436546198690382,51,20.26181239167142
RPM,018f,additive,negative,fast,exponential,0.5,weighted_0.75,300,True,0.01,0.03666666666666667,False,0.984747840975976,51,20.26181239167142
RPM,018f,additive,negative,medium,exponential,0.5,pird,300,True,0.01,0.02,False,0.8431732400763812,51,20.584816373907724
RPM,018f,additive,negative,medium,exponential,0.5,global,300,True,0.023333333333333334,0.023333333333333334,False,0.5,56,20.584816373907724
RPM,018f,additive,negative,medium,exponential,0.5,or,300,True,0.03333333333333333,0.043333333333333335,False,0.7382270030122704,51,20.584816373907724
RPM,018f,additive,negative,medium,exponential,0.5,max,300,True,0.023333333333333334,0.03333333333333333,False,0.7697850014406924,51,20.584816373907724
RPM,018f,additive,negative,medium,exponential,0.5,weighted_0.25,300,True,0.04666666666666667,0.05,False,0.575483539498865,56,20.584816373907724
RPM,018f,additive,negative,medium,exponential,0.5,weighted_0.5,300,True,0.06333333333333334,0.07333333333333333,False,0.6863033967146297,51,20.584816373907724
RPM,018f,additive,negative,medium,exponential,0.5,weighted_0.75,300,True,0.02,0.03666666666666667,False,0.8906948121435179,51,20.584816373907724
RPM,018f,additive,negative,slow,exponential,0.5,pird,300,True,0.01,0.02,False,0.8431732400763812,51,20.781775612747094
RPM,018f,additive,negative,slow,exponential,0.5,global,300,True,0.023333333333333334,0.023333333333333334,False,0.5,56,20.781775612747094
RPM,018f,additive,negative,slow,exponential,0.5,or,300,True,0.03333333333333333,0.043333333333333335,False,0.7382270030122704,51,20.781775612747094
RPM,018f,additive,negative,slow,exponential,0.5,max,300,True,0.023333333333333334,0.03333333333333333,False,0.7697850014406924,51,20.781775612747094
RPM,018f,additive,negative,slow,exponential,0.5,weighted_0.25,300,True,0.05,0.05,False,0.5,56,20.781775612747094
RPM,018f,additive,negative,slow,exponential,0.5,weighted_0.5,300,True,0.07,0.07333333333333333,False,0.5628801586951655,51,20.781775612747094
RPM,018f,additive,negative,slow,exponential,0.5,weighted_0.75,300,True,0.023333333333333334,0.03666666666666667,False,0.8307864069001937,51,20.781775612747094
RPM,018f,additive,negative,fast,exponential,0.75,pird,300,True,0.0033333333333333335,0.02,False,0.9713453086968328,75,19.993505085247698
RPM,018f,additive,negative,fast,exponential,0.75,global,300,True,0.023333333333333334,0.023333333333333334,False,0.5,56,19.993505085247698
RPM,018f,additive,negative,fast,exponential,0.75,or,300,True,0.02666666666666667,0.043333333333333335,False,0.8666512094726863,56,19.993505085247698
RPM,018f,additive,negative,fast,exponential,0.75,max,300,True,0.016666666666666666,0.03333333333333333,False,0.9044684929771528,75,19.993505085247698
RPM,018f,additive,negative,fast,exponential,0.75,weighted_0.25,300,True,0.04666666666666667,0.05,False,0.575483539498865,56,19.993505085247698
RPM,018f,additive,negative,fast,exponential,0.75,weighted_0.5,300,True,0.056666666666666664,0.07333333333333333,False,0.7961655914841483,51,19.993505085247698
RPM,018f,additive,negative,fast,exponential,0.75,weighted_0.75,300,True,0.01,0.03666666666666667,False,0.984747840975976,51,19.993505085247698
RPM,018f,additive,negative,medium,exponential,0.75,pird,300,True,0.0033333333333333335,0.02,False,0.9713453086968328,75,20.471072590941684
RPM,018f,additive,negative,medium,exponential,0.75,global,300,True,0.023333333333333334,0.023333333333333334,False,0.5,56,20.471072590941684
RPM,018f,additive,negative,medium,exponential,0.75,or,300,True,0.02666666666666667,0.043333333333333335,False,0.8666512094726863,56,20.471072590941684
RPM,018f,additive,negative,medium,exponential,0.75,max,300,True,0.016666666666666666,0.03333333333333333,False,0.9044684929771528,75,20.471072590941684
RPM,018f,additive,negative,medium,exponential,0.75,weighted_0.25,300,True,0.04666666666666667,0.05,False,0.575483539498865,56,20.471072590941684
RPM,018f,additive,negative,medium,exponential,0.75,weighted_0.5,300,True,0.06,0.07333333333333333,False,0.7436546198690382,51,20.471072590941684
RPM,018f,additive,negative,medium,exponential,0.75,weighted_0.75,300,True,0.016666666666666666,0.03666666666666667,False,0.9357959057775238,51,20.471072590941684
RPM,018f,additive,negative,slow,exponential,0.75,pird,300,True,0.01,0.02,False,0.8431732400763812,51,20.700093470457222
RPM,018f,additive,negative,slow,exponential,0.75,global,300,True,0.023333333333333334,0.023333333333333334,False,0.5,56,20.700093470457222
RPM,018f,additive,negative,slow,exponential,0.75,or,300,True,0.03333333333333333,0.043333333333333335,False,0.7382270030122704,51,20.700093470457222
RPM,018f,additive,negative,slow,exponential,0.75,max,300,True,0.023333333333333334,0.03333333333333333,False,0.7697850014406924,51,20.700093470457222
RPM,018f,additive,negative,slow,exponential,0.75,weighted_0.25,300,True,0.04666666666666667,0.05,False,0.575483539498865,56,20.700093470457222
RPM,018f,additive,negative,slow,exponential,0.75,weighted_0.5,300,True,0.06333333333333334,0.07333333333333333,False,0.6863033967146297,51,20.700093470457222
RPM,018f,additive,negative,slow,exponential,0.75,weighted_0.75,300,True,0.023333333333333334,0.03666666666666667,False,0.8307864069001937,51,20.700093470457222
RPM,018f,additive,negative,fast,exponential,1.0,pird,300,False,0.0,0.02,False,0.9930884880898116,-1,19.731023947833798
RPM,018f,additive,negative,fast,exponential,1.0,global,300,True,0.023333333333333334,0.023333333333333334,False,0.5,56,19.731023947833798
RPM,018f,additive,negative,fast,exponential,1.0,or,300,True,0.023333333333333334,0.043333333333333335,False,0.9138068991055699,56,19.731023947833798
RPM,018f,additive,negative,fast,exponential,1.0,max,300,True,0.013333333333333334,0.03333333333333333,False,0.9476635599370559,137,19.731023947833798
RPM,018f,additive,negative,fast,exponential,1.0,weighted_0.25,300,True,0.04666666666666667,0.05,False,0.575483539498865,56,19.731023947833798
RPM,018f,additive,negative,fast,exponential,1.0,weighted_0.5,300,True,0.056666666666666664,0.07333333333333333,False,0.7961655914841483,51,19.731023947833798
RPM,018f,additive,negative,fast,exponential,1.0,weighted_0.75,300,True,0.0033333333333333335,0.03666666666666667,False,0.9982275839361923,98,19.731023947833798
RPM,018f,additive,negative,medium,exponential,1.0,pird,300,True,0.0033333333333333335,0.02,False,0.9713453086968328,75,20.358247427967505
RPM,018f,additive,negative,medium,exponential,1.0,global,300,True,0.023333333333333334,0.023333333333333334,False,0.5,56,20.358247427967505
RPM,018f,additive,negative,medium,exponential,1.0,or,300,True,0.02666666666666667,0.043333333333333335,False,0.8666512094726863,56,20.358247427967505
RPM,018f,additive,negative,medium,exponential,1.0,max,300,True,0.016666666666666666,0.03333333333333333,False,0.9044684929771528,75,20.358247427967505
RPM,018f,additive,negative,medium,exponential,1.0,weighted_0.25,300,True,0.04666666666666667,0.05,False,0.575483539498865,56,20.358247427967505
RPM,018f,additive,negative,medium,exponential,1.0,weighted_0.5,300,True,0.06,0.07333333333333333,False,0.7436546198690382,51,20.358247427967505
RPM,018f,additive,negative,medium,exponential,1.0,weighted_0.75,300,True,0.013333333333333334,0.03666666666666667,False,0.9664062157387181,51,20.358247427967505
RPM,018f,additive,negative,slow,exponential,1.0,pird,300,True,0.01,0.02,False,0.8431732400763812,51,20.618836420163323
RPM,018f,additive,negative,slow,exponential,1.0,global,300,True,0.023333333333333334,0.023333333333333334,False,0.5,56,20.618836420163323
RPM,018f,additive,negative,slow,exponential,1.0,or,300,True,0.03333333333333333,0.043333333333333335,False,0.7382270030122704,51,20.618836420163323
RPM,018f,additive,negative,slow,exponential,1.0,max,300,True,0.023333333333333334,0.03333333333333333,False,0.7697850014406924,51,20.618836420163323
RPM,018f,additive,negative,slow,exponential,1.0,weighted_0.25,300,True,0.04666666666666667,0.05,False,0.575483539498865,56,20.618836420163323
RPM,018f,additive,negative,slow,exponential,1.0,weighted_0.5,300,True,0.06333333333333334,0.07333333333333333,False,0.6863033967146297,51,20.618836420163323
RPM,018f,additive,negative,slow,exponential,1.0,weighted_0.75,300,True,0.023333333333333334,0.03666666666666667,False,0.8307864069001937,51,20.618836420163323
RPM,018f,additive,negative,fast,exponential,1.5,pird,300,False,0.0,0.02,False,0.9930884880898116,-1,19.567974214343376
RPM,018f,additive,negative,fast,exponential,1.5,global,300,True,0.023333333333333334,0.023333333333333334,False,0.5,56,19.567974214343376
RPM,018f,additive,negative,fast,exponential,1.5,or,300,True,0.023333333333333334,0.043333333333333335,False,0.9138068991055699,56,19.567974214343376
RPM,018f,additive,negative,fast,exponential,1.5,max,300,True,0.013333333333333334,0.03333333333333333,False,0.9476635599370559,137,19.567974214343376
RPM,018f,additive,negative,fast,exponential,1.5,weighted_0.25,300,True,0.04666666666666667,0.05,False,0.575483539498865,56,19.567974214343376
RPM,018f,additive,negative,fast,exponential,1.5,weighted_0.5,300,True,0.056666666666666664,0.07333333333333333,False,0.7961655914841483,56,19.567974214343376
RPM,018f,additive,negative,fast,exponential,1.5,weighted_0.75,300,True,0.0033333333333333335,0.03666666666666667,False,0.9982275839361923,98,19.567974214343376
RPM,018f,additive,negative,medium,exponential,1.5,pird,300,True,0.0033333333333333335,0.02,False,0.9713453086968328,75,20.1354146042187
RPM,018f,additive,negative,medium,exponential,1.5,global,300,True,0.023333333333333334,0.023333333333333334,False,0.5,56,20.1354146042187
RPM,018f,additive,negative,medium,exponential,1.5,or,300,True,0.02666666666666667,0.043333333333333335,False,0.8666512094726863,56,20.1354146042187
RPM,018f,additive,negative,medium,exponential,1.5,max,300,True,0.016666666666666666,0.03333333333333333,False,0.9044684929771528,75,20.1354146042187
RPM,018f,additive,negative,medium,exponential,1.5,weighted_0.25,300,True,0.04666666666666667,0.05,False,0.575483539498865,56,20.1354146042187
RPM,018f,additive,negative,medium,exponential,1.5,weighted_0.5,300,True,0.056666666666666664,0.07333333333333333,False,0.7961655914841483,51,20.1354146042187
RPM,018f,additive,negative,medium,exponential,1.5,weighted_0.75,300,True,0.01,0.03666666666666667,False,0.984747840975976,51,20.1354146042187
RPM,018f,additive,negative,slow,exponential,1.5,pird,300,True,0.0033333333333333335,0.02,False,0.9713453086968328,75,20.501247157669066
RPM,018f,additive,negative,slow,exponential,1.5,global,300,True,0.023333333333333334,0.023333333333333334,False,0.5,56,20.501247157669066
RPM,018f,additive,negative,slow,exponential,1.5,or,300,True,0.02666666666666667,0.043333333333333335,False,0.8666512094726863,56,20.501247157669066
RPM,018f,additive,negative,slow,exponential,1.5,max,300,True,0.016666666666666666,0.03333333333333333,False,0.9044684929771528,75,20.501247157669066
RPM,018f,additive,negative,slow,exponential,1.5,weighted_0.25,300,True,0.04666666666666667,0.05,False,0.575483539498865,56,20.501247157669066
RPM,018f,additive,negative,slow,exponential,1.5,weighted_0.5,300,True,0.06,0.07333333333333333,False,0.7436546198690382,51,20.501247157669066
RPM,018f,additive,negative,slow,exponential,1.5,weighted_0.75,300,True,0.016666666666666666,0.03666666666666667,False,0.9357959057775238,51,20.501247157669066
RPM,018f,additive,negative,fast,exponential,2.0,pird,300,False,0.0,0.02,False,0.9930884880898116,-1,19.567974214343376
RPM,018f,additive,negative,fast,exponential,2.0,global,300,True,0.023333333333333334,0.023333333333333334,False,0.5,56,19.567974214343376
RPM,018f,additive,negative,fast,exponential,2.0,or,300,True,0.023333333333333334,0.043333333333333335,False,0.9138068991055699,56,19.567974214343376
RPM,018f,additive,negative,fast,exponential,2.0,max,300,True,0.013333333333333334,0.03333333333333333,False,0.9476635599370559,137,19.567974214343376
RPM,018f,additive,negative,fast,exponential,2.0,weighted_0.25,300,True,0.05,0.05,False,0.5,56,19.567974214343376
RPM,018f,additive,negative,fast,exponential,2.0,weighted_0.5,300,True,0.07,0.07333333333333333,False,0.5628801586951655,56,19.567974214343376
RPM,018f,additive,negative,fast,exponential,2.0,weighted_0.75,300,False,0.0,0.03666666666666667,False,0.9995922090180888,-1,19.567974214343376
RPM,018f,additive,negative,medium,exponential,2.0,pird,300,False,0.0,0.02,False,0.9930884880898116,-1,19.916443306569086
RPM,018f,additive,negative,medium,exponential,2.0,global,300,True,0.023333333333333334,0.023333333333333334,False,0.5,56,19.916443306569086
RPM,018f,additive,negative,medium,exponential,2.0,or,300,True,0.023333333333333334,0.043333333333333335,False,0.9138068991055699,56,19.916443306569086
RPM,018f,additive,negative,medium,exponential,2.0,max,300,True,0.013333333333333334,0.03333333333333333,False,0.9476635599370559,137,19.916443306569086
RPM,018f,additive,negative,medium,exponential,2.0,weighted_0.25,300,True,0.05333333333333334,0.05,False,0.4268368893749523,56,19.916443306569086
RPM,018f,additive,negative,medium,exponential,2.0,weighted_0.5,300,True,0.06333333333333334,0.07333333333333333,False,0.6863033967146297,51,19.916443306569086
RPM,018f,additive,negative,medium,exponential,2.0,weighted_0.75,300,True,0.006666666666666667,0.03666666666666667,False,0.9941926603913351,51,19.916443306569086
RPM,018f,additive,negative,slow,exponential,2.0,pird,300,True,0.0033333333333333335,0.02,False,0.9713453086968328,75,20.398166950791648
RPM,018f,additive,negative,slow,exponential,2.0,global,300,True,0.023333333333333334,0.023333333333333334,False,0.5,56,20.398166950791648
RPM,018f,additive,negative,slow,exponential,2.0,or,300,True,0.02666666666666667,0.043333333333333335,False,0.8666512094726863,56,20.398166950791648
RPM,018f,additive,negative,slow,exponential,2.0,max,300,True,0.016666666666666666,0.03333333333333333,False,0.9044684929771528,75,20.398166950791648
RPM,018f,additive,negative,slow,exponential,2.0,weighted_0.25,300,True,0.04666666666666667,0.05,False,0.575483539498865,56,20.398166950791648
RPM,018f,additive,negative,slow,exponential,2.0,weighted_0.5,300,True,0.06,0.07333333333333333,False,0.7436546198690382,51,20.398166950791648
RPM,018f,additive,negative,slow,exponential,2.0,weighted_0.75,300,True,0.016666666666666666,0.03666666666666667,False,0.9357959057775238,51,20.398166950791648
RPM,018f,additive,negative,fast,exponential,3.0,pird,300,False,0.0,0.02,False,0.9930884880898116,-1,19.567974214343376
RPM,018f,additive,negative,fast,exponential,3.0,global,300,True,0.023333333333333334,0.023333333333333334,False,0.5,56,19.567974214343376
RPM,018f,additive,negative,fast,exponential,3.0,or,300,True,0.023333333333333334,0.043333333333333335,False,0.9138068991055699,56,19.567974214343376
RPM,018f,additive,negative,fast,exponential,3.0,max,300,True,0.013333333333333334,0.03333333333333333,False,0.9476635599370559,137,19.567974214343376
RPM,018f,additive,negative,fast,exponential,3.0,weighted_0.25,300,True,0.06333333333333334,0.05,False,0.24000143569275623,56,19.567974214343376
RPM,018f,additive,negative,fast,exponential,3.0,weighted_0.5,300,True,0.09,0.07333333333333333,False,0.2280240990066374,56,19.567974214343376
RPM,018f,additive,negative,fast,exponential,3.0,weighted_0.75,300,True,0.05333333333333334,0.03666666666666667,False,0.16239547515040015,98,19.567974214343376
RPM,018f,additive,negative,medium,exponential,3.0,pird,300,False,0.0,0.02,False,0.9930884880898116,-1,19.567974214343376
RPM,018f,additive,negative,medium,exponential,3.0,global,300,True,0.023333333333333334,0.023333333333333334,False,0.5,56,19.567974214343376
RPM,018f,additive,negative,medium,exponential,3.0,or,300,True,0.023333333333333334,0.043333333333333335,False,0.9138068991055699,56,19.567974214343376
RPM,018f,additive,negative,medium,exponential,3.0,max,300,True,0.013333333333333334,0.03333333333333333,False,0.9476635599370559,137,19.567974214343376
RPM,018f,additive,negative,medium,exponential,3.0,weighted_0.25,300,True,0.05333333333333334,0.05,False,0.4268368893749523,56,19.567974214343376
RPM,018f,additive,negative,medium,exponential,3.0,weighted_0.5,300,True,0.07666666666666666,0.07333333333333333,False,0.43841189966210353,56,19.567974214343376
RPM,018f,additive,negative,medium,exponential,3.0,weighted_0.75,300,True,0.03333333333333333,0.03666666666666667,False,0.5878975356740476,134,19.567974214343376
RPM,018f,additive,negative,slow,exponential,3.0,pird,300,True,0.0033333333333333335,0.02,False,0.9713453086968328,75,20.194331582448633
RPM,018f,additive,negative,slow,exponential,3.0,global,300,True,0.023333333333333334,0.023333333333333334,False,0.5,56,20.194331582448633
RPM,018f,additive,negative,slow,exponential,3.0,or,300,True,0.02666666666666667,0.043333333333333335,False,0.8666512094726863,56,20.194331582448633
RPM,018f,additive,negative,slow,exponential,3.0,max,300,True,0.016666666666666666,0.03333333333333333,False,0.9044684929771528,75,20.194331582448633
RPM,018f,additive,negative,slow,exponential,3.0,weighted_0.25,300,True,0.04666666666666667,0.05,False,0.575483539498865,56,20.194331582448633
RPM,018f,additive,negative,slow,exponential,3.0,weighted_0.5,300,True,0.06,0.07333333333333333,False,0.7436546198690382,51,20.194331582448633
RPM,018f,additive,negative,slow,exponential,3.0,weighted_0.75,300,True,0.013333333333333334,0.03666666666666667,False,0.9664062157387181,51,20.194331582448633
RPM,018f,mean_shift,positive,fast,exponential,0.25,pird,300,False,0.0,0.02,False,0.9930884880898116,-1,19.567974214343376
RPM,018f,mean_shift,positive,fast,exponential,0.25,global,300,True,0.023333333333333334,0.023333333333333334,False,0.5,56,19.567974214343376
RPM,018f,mean_shift,positive,fast,exponential,0.25,or,300,True,0.023333333333333334,0.043333333333333335,False,0.9138068991055699,56,19.567974214343376
RPM,018f,mean_shift,positive,fast,exponential,0.25,max,300,True,0.013333333333333334,0.03333333333333333,False,0.9476635599370559,137,19.567974214343376
RPM,018f,mean_shift,positive,fast,exponential,0.25,weighted_0.25,300,True,0.006666666666666667,0.05,False,0.9993095222583481,138,19.567974214343376
RPM,018f,mean_shift,positive,fast,exponential,0.25,weighted_0.5,300,False,0.0,0.07333333333333333,False,0.999999118479718,-1,19.567974214343376
RPM,018f,mean_shift,positive,fast,exponential,0.25,weighted_0.75,300,False,0.0,0.03666666666666667,False,0.9995922090180888,-1,19.567974214343376
RPM,018f,mean_shift,positive,medium,exponential,0.25,pird,300,False,0.0,0.02,False,0.9930884880898116,-1,19.567974214343376
RPM,018f,mean_shift,positive,medium,exponential,0.25,global,300,True,0.023333333333333334,0.023333333333333334,False,0.5,56,19.567974214343376
RPM,018f,mean_shift,positive,medium,exponential,0.25,or,300,True,0.023333333333333334,0.043333333333333335,False,0.9138068991055699,56,19.567974214343376
RPM,018f,mean_shift,positive,medium,exponential,0.25,max,300,True,0.013333333333333334,0.03333333333333333,False,0.9476635599370559,137,19.567974214343376
RPM,018f,mean_shift,positive,medium,exponential,0.25,weighted_0.25,300,True,0.006666666666666667,0.05,False,0.9993095222583481,138,19.567974214343376
RPM,018f,mean_shift,positive,medium,exponential,0.25,weighted_0.5,300,False,0.0,0.07333333333333333,False,0.999999118479718,-1,19.567974214343376
RPM,018f,mean_shift,positive,medium,exponential,0.25,weighted_0.75,300,False,0.0,0.03666666666666667,False,0.9995922090180888,-1,19.567974214343376
RPM,018f,mean_shift,positive,slow,exponential,0.25,pird,300,False,0.0,0.02,False,0.9930884880898116,-1,19.567974214343376
RPM,018f,mean_shift,positive,slow,exponential,0.25,global,300,True,0.023333333333333334,0.023333333333333334,False,0.5,56,19.567974214343376
RPM,018f,mean_shift,positive,slow,exponential,0.25,or,300,True,0.023333333333333334,0.043333333333333335,False,0.9138068991055699,56,19.567974214343376
RPM,018f,mean_shift,positive,slow,exponential,0.25,max,300,True,0.013333333333333334,0.03333333333333333,False,0.9476635599370559,137,19.567974214343376
RPM,018f,mean_shift,positive,slow,exponential,0.25,weighted_0.25,300,True,0.006666666666666667,0.05,False,0.9993095222583481,138,19.567974214343376
RPM,018f,mean_shift,positive,slow,exponential,0.25,weighted_0.5,300,False,0.0,0.07333333333333333,False,0.999999118479718,-1,19.567974214343376
RPM,018f,mean_shift,positive,slow,exponential,0.25,weighted_0.75,300,False,0.0,0.03666666666666667,False,0.9995922090180888,-1,19.567974214343376
RPM,018f,mean_shift,positive,fast,exponential,0.5,pird,300,False,0.0,0.02,False,0.9930884880898116,-1,19.567974214343376
RPM,018f,mean_shift,positive,fast,exponential,0.5,global,300,True,0.023333333333333334,0.023333333333333334,False,0.5,56,19.567974214343376
RPM,018f,mean_shift,positive,fast,exponential,0.5,or,300,True,0.023333333333333334,0.043333333333333335,False,0.9138068991055699,56,19.567974214343376
RPM,018f,mean_shift,positive,fast,exponential,0.5,max,300,True,0.013333333333333334,0.03333333333333333,False,0.9476635599370559,137,19.567974214343376
RPM,018f,mean_shift,positive,fast,exponential,0.5,weighted_0.25,300,True,0.013333333333333334,0.05,False,0.9948338361079303,137,19.567974214343376
RPM,018f,mean_shift,positive,fast,exponential,0.5,weighted_0.5,300,False,0.0,0.07333333333333333,False,0.999999118479718,-1,19.567974214343376
RPM,018f,mean_shift,positive,fast,exponential,0.5,weighted_0.75,300,False,0.0,0.03666666666666667,False,0.9995922090180888,-1,19.567974214343376
RPM,018f,mean_shift,positive,medium,exponential,0.5,pird,300,False,0.0,0.02,False,0.9930884880898116,-1,19.567974214343376
RPM,018f,mean_shift,positive,medium,exponential,0.5,global,300,True,0.023333333333333334,0.023333333333333334,False,0.5,56,19.567974214343376
RPM,018f,mean_shift,positive,medium,exponential,0.5,or,300,True,0.023333333333333334,0.043333333333333335,False,0.9138068991055699,56,19.567974214343376
RPM,018f,mean_shift,positive,medium,exponential,0.5,max,300,True,0.013333333333333334,0.03333333333333333,False,0.9476635599370559,137,19.567974214343376
RPM,018f,mean_shift,positive,medium,exponential,0.5,weighted_0.25,300,True,0.013333333333333334,0.05,False,0.9948338361079303,137,19.567974214343376
RPM,018f,mean_shift,positive,medium,exponential,0.5,weighted_0.5,300,False,0.0,0.07333333333333333,False,0.999999118479718,-1,19.567974214343376
RPM,018f,mean_shift,positive,medium,exponential,0.5,weighted_0.75,300,False,0.0,0.03666666666666667,False,0.9995922090180888,-1,19.567974214343376
RPM,018f,mean_shift,positive,slow,exponential,0.5,pird,300,False,0.0,0.02,False,0.9930884880898116,-1,19.567974214343376
RPM,018f,mean_shift,positive,slow,exponential,0.5,global,300,True,0.023333333333333334,0.023333333333333334,False,0.5,56,19.567974214343376
RPM,018f,mean_shift,positive,slow,exponential,0.5,or,300,True,0.023333333333333334,0.043333333333333335,False,0.9138068991055699,56,19.567974214343376
RPM,018f,mean_shift,positive,slow,exponential,0.5,max,300,True,0.013333333333333334,0.03333333333333333,False,0.9476635599370559,137,19.567974214343376
RPM,018f,mean_shift,positive,slow,exponential,0.5,weighted_0.25,300,True,0.006666666666666667,0.05,False,0.9993095222583481,138,19.567974214343376
RPM,018f,mean_shift,positive,slow,exponential,0.5,weighted_0.5,300,False,0.0,0.07333333333333333,False,0.999999118479718,-1,19.567974214343376
RPM,018f,mean_shift,positive,slow,exponential,0.5,weighted_0.75,300,False,0.0,0.03666666666666667,False,0.9995922090180888,-1,19.567974214343376
RPM,018f,mean_shift,positive,fast,exponential,0.75,pird,300,False,0.0,0.02,False,0.9930884880898116,-1,19.567974214343376
RPM,018f,mean_shift,positive,fast,exponential,0.75,global,300,True,0.023333333333333334,0.023333333333333334,False,0.5,56,19.567974214343376
RPM,018f,mean_shift,positive,fast,exponential,0.75,or,300,True,0.023333333333333334,0.043333333333333335,False,0.9138068991055699,56,19.567974214343376
RPM,018f,mean_shift,positive,fast,exponential,0.75,max,300,True,0.013333333333333334,0.03333333333333333,False,0.9476635599370559,137,19.567974214343376
RPM,018f,mean_shift,positive,fast,exponential,0.75,weighted_0.25,300,True,0.02,0.05,False,0.9772098673453498,137,19.567974214343376
RPM,018f,mean_shift,positive,fast,exponential,0.75,weighted_0.5,300,False,0.0,0.07333333333333333,False,0.999999118479718,-1,19.567974214343376
RPM,018f,mean_shift,positive,fast,exponential,0.75,weighted_0.75,300,False,0.0,0.03666666666666667,False,0.9995922090180888,-1,19.567974214343376
RPM,018f,mean_shift,positive,medium,exponential,0.75,pird,300,False,0.0,0.02,False,0.9930884880898116,-1,19.567974214343376
RPM,018f,mean_shift,positive,medium,exponential,0.75,global,300,True,0.023333333333333334,0.023333333333333334,False,0.5,56,19.567974214343376
RPM,018f,mean_shift,positive,medium,exponential,0.75,or,300,True,0.023333333333333334,0.043333333333333335,False,0.9138068991055699,56,19.567974214343376
RPM,018f,mean_shift,positive,medium,exponential,0.75,max,300,True,0.013333333333333334,0.03333333333333333,False,0.9476635599370559,137,19.567974214343376
RPM,018f,mean_shift,positive,medium,exponential,0.75,weighted_0.25,300,True,0.016666666666666666,0.05,False,0.9885258460885626,137,19.567974214343376
RPM,018f,mean_shift,positive,medium,exponential,0.75,weighted_0.5,300,False,0.0,0.07333333333333333,False,0.999999118479718,-1,19.567974214343376
RPM,018f,mean_shift,positive,medium,exponential,0.75,weighted_0.75,300,False,0.0,0.03666666666666667,False,0.9995922090180888,-1,19.567974214343376
RPM,018f,mean_shift,positive,slow,exponential,0.75,pird,300,False,0.0,0.02,False,0.9930884880898116,-1,19.567974214343376
RPM,018f,mean_shift,positive,slow,exponential,0.75,global,300,True,0.023333333333333334,0.023333333333333334,False,0.5,56,19.567974214343376
RPM,018f,mean_shift,positive,slow,exponential,0.75,or,300,True,0.023333333333333334,0.043333333333333335,False,0.9138068991055699,56,19.567974214343376
RPM,018f,mean_shift,positive,slow,exponential,0.75,max,300,True,0.013333333333333334,0.03333333333333333,False,0.9476635599370559,137,19.567974214343376
RPM,018f,mean_shift,positive,slow,exponential,0.75,weighted_0.25,300,True,0.006666666666666667,0.05,False,0.9993095222583481,138,19.567974214343376
RPM,018f,mean_shift,positive,slow,exponential,0.75,weighted_0.5,300,False,0.0,0.07333333333333333,False,0.999999118479718,-1,19.567974214343376
RPM,018f,mean_shift,positive,slow,exponential,0.75,weighted_0.75,300,False,0.0,0.03666666666666667,False,0.9995922090180888,-1,19.567974214343376
RPM,018f,mean_shift,positive,fast,exponential,1.0,pird,300,False,0.0,0.02,False,0.9930884880898116,-1,19.567974214343376
RPM,018f,mean_shift,positive,fast,exponential,1.0,global,300,True,0.023333333333333334,0.023333333333333334,False,0.5,56,19.567974214343376
RPM,018f,mean_shift,positive,fast,exponential,1.0,or,300,True,0.023333333333333334,0.043333333333333335,False,0.9138068991055699,56,19.567974214343376
RPM,018f,mean_shift,positive,fast,exponential,1.0,max,300,True,0.013333333333333334,0.03333333333333333,False,0.9476635599370559,137,19.567974214343376
RPM,018f,mean_shift,positive,fast,exponential,1.0,weighted_0.25,300,True,0.02,0.05,False,0.9772098673453498,137,19.567974214343376
RPM,018f,mean_shift,positive,fast,exponential,1.0,weighted_0.5,300,False,0.0,0.07333333333333333,False,0.999999118479718,-1,19.567974214343376
RPM,018f,mean_shift,positive,fast,exponential,1.0,weighted_0.75,300,False,0.0,0.03666666666666667,False,0.9995922090180888,-1,19.567974214343376
RPM,018f,mean_shift,positive,medium,exponential,1.0,pird,300,False,0.0,0.02,False,0.9930884880898116,-1,19.567974214343376
RPM,018f,mean_shift,positive,medium,exponential,1.0,global,300,True,0.023333333333333334,0.023333333333333334,False,0.5,56,19.567974214343376
RPM,018f,mean_shift,positive,medium,exponential,1.0,or,300,True,0.023333333333333334,0.043333333333333335,False,0.9138068991055699,56,19.567974214343376
RPM,018f,mean_shift,positive,medium,exponential,1.0,max,300,True,0.013333333333333334,0.03333333333333333,False,0.9476635599370559,137,19.567974214343376
RPM,018f,mean_shift,positive,medium,exponential,1.0,weighted_0.25,300,True,0.02,0.05,False,0.9772098673453498,137,19.567974214343376
RPM,018f,mean_shift,positive,medium,exponential,1.0,weighted_0.5,300,False,0.0,0.07333333333333333,False,0.999999118479718,-1,19.567974214343376
RPM,018f,mean_shift,positive,medium,exponential,1.0,weighted_0.75,300,False,0.0,0.03666666666666667,False,0.9995922090180888,-1,19.567974214343376
RPM,018f,mean_shift,positive,slow,exponential,1.0,pird,300,False,0.0,0.02,False,0.9930884880898116,-1,19.567974214343376
RPM,018f,mean_shift,positive,slow,exponential,1.0,global,300,True,0.023333333333333334,0.023333333333333334,False,0.5,56,19.567974214343376
RPM,018f,mean_shift,positive,slow,exponential,1.0,or,300,True,0.023333333333333334,0.043333333333333335,False,0.9138068991055699,56,19.567974214343376
RPM,018f,mean_shift,positive,slow,exponential,1.0,max,300,True,0.013333333333333334,0.03333333333333333,False,0.9476635599370559,137,19.567974214343376
RPM,018f,mean_shift,positive,slow,exponential,1.0,weighted_0.25,300,True,0.01,0.05,False,0.9979595048085627,137,19.567974214343376
RPM,018f,mean_shift,positive,slow,exponential,1.0,weighted_0.5,300,False,0.0,0.07333333333333333,False,0.999999118479718,-1,19.567974214343376
RPM,018f,mean_shift,positive,slow,exponential,1.0,weighted_0.75,300,False,0.0,0.03666666666666667,False,0.9995922090180888,-1,19.567974214343376
RPM,018f,mean_shift,positive,fast,exponential,1.5,pird,300,False,0.0,0.02,False,0.9930884880898116,-1,19.567974214343376
RPM,018f,mean_shift,positive,fast,exponential,1.5,global,300,True,0.023333333333333334,0.023333333333333334,False,0.5,56,19.567974214343376
RPM,018f,mean_shift,positive,fast,exponential,1.5,or,300,True,0.023333333333333334,0.043333333333333335,False,0.9138068991055699,56,19.567974214343376
RPM,018f,mean_shift,positive,fast,exponential,1.5,max,300,True,0.013333333333333334,0.03333333333333333,False,0.9476635599370559,137,19.567974214343376
RPM,018f,mean_shift,positive,fast,exponential,1.5,weighted_0.25,300,True,0.05,0.05,False,0.5,56,19.567974214343376
RPM,018f,mean_shift,positive,fast,exponential,1.5,weighted_0.5,300,True,0.056666666666666664,0.07333333333333333,False,0.7961655914841483,98,19.567974214343376
RPM,018f,mean_shift,positive,fast,exponential,1.5,weighted_0.75,300,False,0.0,0.03666666666666667,False,0.9995922090180888,-1,19.567974214343376
RPM,018f,mean_shift,positive,medium,exponential,1.5,pird,300,False,0.0,0.02,False,0.9930884880898116,-1,19.567974214343376
RPM,018f,mean_shift,positive,medium,exponential,1.5,global,300,True,0.023333333333333334,0.023333333333333334,False,0.5,56,19.567974214343376
RPM,018f,mean_shift,positive,medium,exponential,1.5,or,300,True,0.023333333333333334,0.043333333333333335,False,0.9138068991055699,56,19.567974214343376
RPM,018f,mean_shift,positive,medium,exponential,1.5,max,300,True,0.013333333333333334,0.03333333333333333,False,0.9476635599370559,137,19.567974214343376
RPM,018f,mean_shift,positive,medium,exponential,1.5,weighted_0.25,300,True,0.023333333333333334,0.05,False,0.9588736403926206,137,19.567974214343376
RPM,018f,mean_shift,positive,medium,exponential,1.5,weighted_0.5,300,True,0.023333333333333334,0.07333333333333333,False,0.997850105119453,137,19.567974214343376
RPM,018f,mean_shift,positive,medium,exponential,1.5,weighted_0.75,300,False,0.0,0.03666666666666667,False,0.9995922090180888,-1,19.567974214343376
RPM,018f,mean_shift,positive,slow,exponential,1.5,pird,300,False,0.0,0.02,False,0.9930884880898116,-1,19.567974214343376
RPM,018f,mean_shift,positive,slow,exponential,1.5,global,300,True,0.023333333333333334,0.023333333333333334,False,0.5,56,19.567974214343376
RPM,018f,mean_shift,positive,slow,exponential,1.5,or,300,True,0.023333333333333334,0.043333333333333335,False,0.9138068991055699,56,19.567974214343376
RPM,018f,mean_shift,positive,slow,exponential,1.5,max,300,True,0.013333333333333334,0.03333333333333333,False,0.9476635599370559,137,19.567974214343376
RPM,018f,mean_shift,positive,slow,exponential,1.5,weighted_0.25,300,True,0.013333333333333334,0.05,False,0.9948338361079303,137,19.567974214343376
RPM,018f,mean_shift,positive,slow,exponential,1.5,weighted_0.5,300,False,0.0,0.07333333333333333,False,0.999999118479718,-1,19.567974214343376
RPM,018f,mean_shift,positive,slow,exponential,1.5,weighted_0.75,300,False,0.0,0.03666666666666667,False,0.9995922090180888,-1,19.567974214343376
RPM,018f,mean_shift,positive,fast,exponential,2.0,pird,300,True,0.7533333333333333,0.02,True,2.9704494721929194e-76,74,19.567974214343376
RPM,018f,mean_shift,positive,fast,exponential,2.0,global,300,True,0.023333333333333334,0.023333333333333334,False,0.5,56,19.567974214343376
RPM,018f,mean_shift,positive,fast,exponential,2.0,or,300,True,0.7566666666666667,0.043333333333333335,True,1.947457700419275e-71,56,19.567974214343376
RPM,018f,mean_shift,positive,fast,exponential,2.0,max,300,True,0.7533333333333333,0.03333333333333333,True,3.811823309074518e-73,74,19.567974214343376
RPM,018f,mean_shift,positive,fast,exponential,2.0,weighted_0.25,300,True,0.07333333333333333,0.05,False,0.11741553817149493,56,19.567974214343376
RPM,018f,mean_shift,positive,fast,exponential,2.0,weighted_0.5,300,True,0.12,0.07333333333333333,True,0.026547379865081263,56,19.567974214343376
RPM,018f,mean_shift,positive,fast,exponential,2.0,weighted_0.75,300,True,0.3233333333333333,0.03666666666666667,True,3.163313765430493e-20,75,19.567974214343376
RPM,018f,mean_shift,positive,medium,exponential,2.0,pird,300,True,0.5066666666666667,0.02,True,5.0043635320325833e-42,148,19.567974214343376
RPM,018f,mean_shift,positive,medium,exponential,2.0,global,300,True,0.023333333333333334,0.023333333333333334,False,0.5,56,19.567974214343376
RPM,018f,mean_shift,positive,medium,exponential,2.0,or,300,True,0.53,0.043333333333333335,True,5.65783763318676e-40,56,19.567974214343376
RPM,018f,mean_shift,positive,medium,exponential,2.0,max,300,True,0.52,0.03333333333333333,True,8.410796856407257e-41,137,19.567974214343376
RPM,018f,mean_shift,positive,medium,exponential,2.0,weighted_0.25,300,True,0.03666666666666667,0.05,False,0.7887334703686852,134,19.567974214343376
RPM,018f,mean_shift,positive,medium,exponential,2.0,weighted_0.5,300,True,0.06333333333333334,0.07333333333333333,False,0.6863033967146297,133,19.567974214343376
RPM,018f,mean_shift,positive,medium,exponential,2.0,weighted_0.75,300,True,0.23666666666666666,0.03666666666666667,True,4.979362764205853e-13,135,19.567974214343376
RPM,018f,mean_shift,positive,slow,exponential,2.0,pird,300,True,0.013333333333333334,0.02,False,0.7381957178138747,296,19.567974214343376
RPM,018f,mean_shift,positive,slow,exponential,2.0,global,300,True,0.023333333333333334,0.023333333333333334,False,0.5,56,19.567974214343376
RPM,018f,mean_shift,positive,slow,exponential,2.0,or,300,True,0.03666666666666667,0.043333333333333335,False,0.6615388804893103,56,19.567974214343376
RPM,018f,mean_shift,positive,slow,exponential,2.0,max,300,True,0.02666666666666667,0.03333333333333333,False,0.6839021848052191,137,19.567974214343376
RPM,018f,mean_shift,positive,slow,exponential,2.0,weighted_0.25,300,True,0.02,0.05,False,0.9772098673453498,137,19.567974214343376
RPM,018f,mean_shift,positive,slow,exponential,2.0,weighted_0.5,300,False,0.0,0.07333333333333333,False,0.999999118479718,-1,19.567974214343376
RPM,018f,mean_shift,positive,slow,exponential,2.0,weighted_0.75,300,True,0.0033333333333333335,0.03666666666666667,False,0.9982275839361923,295,19.567974214343376
RPM,018f,mean_shift,positive,fast,exponential,3.0,pird,300,True,0.8133333333333334,0.02,True,9.155619988573066e-87,56,19.567974214343376
RPM,018f,mean_shift,positive,fast,exponential,3.0,global,300,True,0.023333333333333334,0.023333333333333334,False,0.5,56,19.567974214343376
RPM,018f,mean_shift,positive,fast,exponential,3.0,or,300,True,0.8133333333333334,0.043333333333333335,True,2.8273807492672448e-81,56,19.567974214343376
RPM,018f,mean_shift,positive,fast,exponential,3.0,max,300,True,0.8133333333333334,0.03333333333333333,True,1.3723137683435004e-83,56,19.567974214343376
RPM,018f,mean_shift,positive,fast,exponential,3.0,weighted_0.25,300,True,0.08666666666666667,0.05,True,0.03755459182133159,56,19.567974214343376
RPM,018f,mean_shift,positive,fast,exponential,3.0,weighted_0.5,300,True,0.43333333333333335,0.07333333333333333,True,1.8796059599586545e-24,52,19.567974214343376
RPM,018f,mean_shift,positive,fast,exponential,3.0,weighted_0.75,300,True,0.82,0.03666666666666667,True,4.885978713365892e-84,54,19.567974214343376
RPM,018f,mean_shift,positive,medium,exponential,3.0,pird,300,True,0.6233333333333333,0.02,True,1.1510490625363413e-56,113,19.567974214343376
RPM,018f,mean_shift,positive,medium,exponential,3.0,global,300,True,0.023333333333333334,0.023333333333333334,False,0.5,56,19.567974214343376
RPM,018f,mean_shift,positive,medium,exponential,3.0,or,300,True,0.6266666666666667,0.043333333333333335,True,4.642558888495152e-52,56,19.567974214343376
RPM,018f,mean_shift,positive,medium,exponential,3.0,max,300,True,0.6233333333333333,0.03333333333333333,True,9.954022923653427e-54,113,19.567974214343376
RPM,018f,mean_shift,positive,medium,exponential,3.0,weighted_0.25,300,True,0.06666666666666667,0.05,False,0.1918939247244889,56,19.567974214343376
RPM,018f,mean_shift,positive,medium,exponential,3.0,weighted_0.5,300,True,0.31666666666666665,0.07333333333333333,True,2.697708197914141e-14,97,19.567974214343376
RPM,018f,mean_shift,positive,medium,exponential,3.0,weighted_0.75,300,True,0.6166666666666667,0.03666666666666667,True,4.00854182400611e-52,100,19.567974214343376
RPM,018f,mean_shift,positive,slow,exponential,3.0,pird,300,True,0.24666666666666667,0.02,True,1.5868556604155285e-16,226,19.567974214343376
RPM,018f,mean_shift,positive,slow,exponential,3.0,global,300,True,0.023333333333333334,0.023333333333333334,False,0.5,56,19.567974214343376
RPM,018f,mean_shift,positive,slow,exponential,3.0,or,300,True,0.27,0.043333333333333335,True,1.1082882148551619e-14,56,19.567974214343376
RPM,018f,mean_shift,positive,slow,exponential,3.0,max,300,True,0.26,0.03333333333333333,True,2.1291348778785198e-15,137,19.567974214343376
RPM,018f,mean_shift,positive,slow,exponential,3.0,weighted_0.25,300,True,0.02,0.05,False,0.9772098673453498,137,19.567974214343376
RPM,018f,mean_shift,positive,slow,exponential,3.0,weighted_0.5,300,True,0.07333333333333333,0.07333333333333333,False,0.5,138,19.567974214343376
RPM,018f,mean_shift,positive,slow,exponential,3.0,weighted_0.75,300,True,0.21333333333333335,0.03666666666666667,True,3.025709980669529e-11,215,19.567974214343376
RPM,018f,mean_shift,negative,fast,exponential,0.25,pird,300,False,0.0,0.02,False,0.9930884880898116,-1,19.567974214343376
RPM,018f,mean_shift,negative,fast,exponential,0.25,global,300,True,0.023333333333333334,0.023333333333333334,False,0.5,56,19.567974214343376
RPM,018f,mean_shift,negative,fast,exponential,0.25,or,300,True,0.023333333333333334,0.043333333333333335,False,0.9138068991055699,56,19.567974214343376
RPM,018f,mean_shift,negative,fast,exponential,0.25,max,300,True,0.013333333333333334,0.03333333333333333,False,0.9476635599370559,137,19.567974214343376
RPM,018f,mean_shift,negative,fast,exponential,0.25,weighted_0.25,300,True,0.006666666666666667,0.05,False,0.9993095222583481,138,19.567974214343376
RPM,018f,mean_shift,negative,fast,exponential,0.25,weighted_0.5,300,False,0.0,0.07333333333333333,False,0.999999118479718,-1,19.567974214343376
RPM,018f,mean_shift,negative,fast,exponential,0.25,weighted_0.75,300,False,0.0,0.03666666666666667,False,0.9995922090180888,-1,19.567974214343376
RPM,018f,mean_shift,negative,medium,exponential,0.25,pird,300,False,0.0,0.02,False,0.9930884880898116,-1,19.567974214343376
RPM,018f,mean_shift,negative,medium,exponential,0.25,global,300,True,0.023333333333333334,0.023333333333333334,False,0.5,56,19.567974214343376
RPM,018f,mean_shift,negative,medium,exponential,0.25,or,300,True,0.023333333333333334,0.043333333333333335,False,0.9138068991055699,56,19.567974214343376
RPM,018f,mean_shift,negative,medium,exponential,0.25,max,300,True,0.013333333333333334,0.03333333333333333,False,0.9476635599370559,137,19.567974214343376
RPM,018f,mean_shift,negative,medium,exponential,0.25,weighted_0.25,300,True,0.006666666666666667,0.05,False,0.9993095222583481,138,19.567974214343376
RPM,018f,mean_shift,negative,medium,exponential,0.25,weighted_0.5,300,False,0.0,0.07333333333333333,False,0.999999118479718,-1,19.567974214343376
RPM,018f,mean_shift,negative,medium,exponential,0.25,weighted_0.75,300,False,0.0,0.03666666666666667,False,0.9995922090180888,-1,19.567974214343376
RPM,018f,mean_shift,negative,slow,exponential,0.25,pird,300,False,0.0,0.02,False,0.9930884880898116,-1,19.567974214343376
RPM,018f,mean_shift,negative,slow,exponential,0.25,global,300,True,0.023333333333333334,0.023333333333333334,False,0.5,56,19.567974214343376
RPM,018f,mean_shift,negative,slow,exponential,0.25,or,300,True,0.023333333333333334,0.043333333333333335,False,0.9138068991055699,56,19.567974214343376
RPM,018f,mean_shift,negative,slow,exponential,0.25,max,300,True,0.013333333333333334,0.03333333333333333,False,0.9476635599370559,137,19.567974214343376
RPM,018f,mean_shift,negative,slow,exponential,0.25,weighted_0.25,300,True,0.006666666666666667,0.05,False,0.9993095222583481,138,19.567974214343376
RPM,018f,mean_shift,negative,slow,exponential,0.25,weighted_0.5,300,False,0.0,0.07333333333333333,False,0.999999118479718,-1,19.567974214343376
RPM,018f,mean_shift,negative,slow,exponential,0.25,weighted_0.75,300,False,0.0,0.03666666666666667,False,0.9995922090180888,-1,19.567974214343376
RPM,018f,mean_shift,negative,fast,exponential,0.5,pird,300,False,0.0,0.02,False,0.9930884880898116,-1,19.567974214343376
RPM,018f,mean_shift,negative,fast,exponential,0.5,global,300,True,0.023333333333333334,0.023333333333333334,False,0.5,56,19.567974214343376
RPM,018f,mean_shift,negative,fast,exponential,0.5,or,300,True,0.023333333333333334,0.043333333333333335,False,0.9138068991055699,56,19.567974214343376
RPM,018f,mean_shift,negative,fast,exponential,0.5,max,300,True,0.013333333333333334,0.03333333333333333,False,0.9476635599370559,137,19.567974214343376
RPM,018f,mean_shift,negative,fast,exponential,0.5,weighted_0.25,300,True,0.01,0.05,False,0.9979595048085627,137,19.567974214343376
RPM,018f,mean_shift,negative,fast,exponential,0.5,weighted_0.5,300,False,0.0,0.07333333333333333,False,0.999999118479718,-1,19.567974214343376
RPM,018f,mean_shift,negative,fast,exponential,0.5,weighted_0.75,300,False,0.0,0.03666666666666667,False,0.9995922090180888,-1,19.567974214343376
RPM,018f,mean_shift,negative,medium,exponential,0.5,pird,300,False,0.0,0.02,False,0.9930884880898116,-1,19.567974214343376
RPM,018f,mean_shift,negative,medium,exponential,0.5,global,300,True,0.023333333333333334,0.023333333333333334,False,0.5,56,19.567974214343376
RPM,018f,mean_shift,negative,medium,exponential,0.5,or,300,True,0.023333333333333334,0.043333333333333335,False,0.9138068991055699,56,19.567974214343376
RPM,018f,mean_shift,negative,medium,exponential,0.5,max,300,True,0.013333333333333334,0.03333333333333333,False,0.9476635599370559,137,19.567974214343376
RPM,018f,mean_shift,negative,medium,exponential,0.5,weighted_0.25,300,True,0.006666666666666667,0.05,False,0.9993095222583481,138,19.567974214343376
RPM,018f,mean_shift,negative,medium,exponential,0.5,weighted_0.5,300,False,0.0,0.07333333333333333,False,0.999999118479718,-1,19.567974214343376
RPM,018f,mean_shift,negative,medium,exponential,0.5,weighted_0.75,300,False,0.0,0.03666666666666667,False,0.9995922090180888,-1,19.567974214343376
RPM,018f,mean_shift,negative,slow,exponential,0.5,pird,300,False,0.0,0.02,False,0.9930884880898116,-1,19.567974214343376
RPM,018f,mean_shift,negative,slow,exponential,0.5,global,300,True,0.023333333333333334,0.023333333333333334,False,0.5,56,19.567974214343376
RPM,018f,mean_shift,negative,slow,exponential,0.5,or,300,True,0.023333333333333334,0.043333333333333335,False,0.9138068991055699,56,19.567974214343376
RPM,018f,mean_shift,negative,slow,exponential,0.5,max,300,True,0.013333333333333334,0.03333333333333333,False,0.9476635599370559,137,19.567974214343376
RPM,018f,mean_shift,negative,slow,exponential,0.5,weighted_0.25,300,True,0.006666666666666667,0.05,False,0.9993095222583481,138,19.567974214343376
RPM,018f,mean_shift,negative,slow,exponential,0.5,weighted_0.5,300,False,0.0,0.07333333333333333,False,0.999999118479718,-1,19.567974214343376
RPM,018f,mean_shift,negative,slow,exponential,0.5,weighted_0.75,300,False,0.0,0.03666666666666667,False,0.9995922090180888,-1,19.567974214343376
RPM,018f,mean_shift,negative,fast,exponential,0.75,pird,300,False,0.0,0.02,False,0.9930884880898116,-1,19.567974214343376
RPM,018f,mean_shift,negative,fast,exponential,0.75,global,300,True,0.023333333333333334,0.023333333333333334,False,0.5,56,19.567974214343376
RPM,018f,mean_shift,negative,fast,exponential,0.75,or,300,True,0.023333333333333334,0.043333333333333335,False,0.9138068991055699,56,19.567974214343376
RPM,018f,mean_shift,negative,fast,exponential,0.75,max,300,True,0.013333333333333334,0.03333333333333333,False,0.9476635599370559,137,19.567974214343376
RPM,018f,mean_shift,negative,fast,exponential,0.75,weighted_0.25,300,True,0.013333333333333334,0.05,False,0.9948338361079303,137,19.567974214343376
RPM,018f,mean_shift,negative,fast,exponential,0.75,weighted_0.5,300,False,0.0,0.07333333333333333,False,0.999999118479718,-1,19.567974214343376
RPM,018f,mean_shift,negative,fast,exponential,0.75,weighted_0.75,300,False,0.0,0.03666666666666667,False,0.9995922090180888,-1,19.567974214343376
RPM,018f,mean_shift,negative,medium,exponential,0.75,pird,300,False,0.0,0.02,False,0.9930884880898116,-1,19.567974214343376
RPM,018f,mean_shift,negative,medium,exponential,0.75,global,300,True,0.023333333333333334,0.023333333333333334,False,0.5,56,19.567974214343376
RPM,018f,mean_shift,negative,medium,exponential,0.75,or,300,True,0.023333333333333334,0.043333333333333335,False,0.9138068991055699,56,19.567974214343376
RPM,018f,mean_shift,negative,medium,exponential,0.75,max,300,True,0.013333333333333334,0.03333333333333333,False,0.9476635599370559,137,19.567974214343376
RPM,018f,mean_shift,negative,medium,exponential,0.75,weighted_0.25,300,True,0.013333333333333334,0.05,False,0.9948338361079303,137,19.567974214343376
RPM,018f,mean_shift,negative,medium,exponential,0.75,weighted_0.5,300,False,0.0,0.07333333333333333,False,0.999999118479718,-1,19.567974214343376
RPM,018f,mean_shift,negative,medium,exponential,0.75,weighted_0.75,300,False,0.0,0.03666666666666667,False,0.9995922090180888,-1,19.567974214343376
RPM,018f,mean_shift,negative,slow,exponential,0.75,pird,300,False,0.0,0.02,False,0.9930884880898116,-1,19.567974214343376
RPM,018f,mean_shift,negative,slow,exponential,0.75,global,300,True,0.023333333333333334,0.023333333333333334,False,0.5,56,19.567974214343376
RPM,018f,mean_shift,negative,slow,exponential,0.75,or,300,True,0.023333333333333334,0.043333333333333335,False,0.9138068991055699,56,19.567974214343376
RPM,018f,mean_shift,negative,slow,exponential,0.75,max,300,True,0.013333333333333334,0.03333333333333333,False,0.9476635599370559,137,19.567974214343376
RPM,018f,mean_shift,negative,slow,exponential,0.75,weighted_0.25,300,True,0.006666666666666667,0.05,False,0.9993095222583481,138,19.567974214343376
RPM,018f,mean_shift,negative,slow,exponential,0.75,weighted_0.5,300,False,0.0,0.07333333333333333,False,0.999999118479718,-1,19.567974214343376
RPM,018f,mean_shift,negative,slow,exponential,0.75,weighted_0.75,300,False,0.0,0.03666666666666667,False,0.9995922090180888,-1,19.567974214343376
RPM,018f,mean_shift,negative,fast,exponential,1.0,pird,300,False,0.0,0.02,False,0.9930884880898116,-1,19.567974214343376
RPM,018f,mean_shift,negative,fast,exponential,1.0,global,300,True,0.023333333333333334,0.023333333333333334,False,0.5,56,19.567974214343376
RPM,018f,mean_shift,negative,fast,exponential,1.0,or,300,True,0.023333333333333334,0.043333333333333335,False,0.9138068991055699,56,19.567974214343376
RPM,018f,mean_shift,negative,fast,exponential,1.0,max,300,True,0.013333333333333334,0.03333333333333333,False,0.9476635599370559,137,19.567974214343376
RPM,018f,mean_shift,negative,fast,exponential,1.0,weighted_0.25,300,True,0.02,0.05,False,0.9772098673453498,137,19.567974214343376
RPM,018f,mean_shift,negative,fast,exponential,1.0,weighted_0.5,300,False,0.0,0.07333333333333333,False,0.999999118479718,-1,19.567974214343376
RPM,018f,mean_shift,negative,fast,exponential,1.0,weighted_0.75,300,False,0.0,0.03666666666666667,False,0.9995922090180888,-1,19.567974214343376
RPM,018f,mean_shift,negative,medium,exponential,1.0,pird,300,False,0.0,0.02,False,0.9930884880898116,-1,19.567974214343376
RPM,018f,mean_shift,negative,medium,exponential,1.0,global,300,True,0.023333333333333334,0.023333333333333334,False,0.5,56,19.567974214343376
RPM,018f,mean_shift,negative,medium,exponential,1.0,or,300,True,0.023333333333333334,0.043333333333333335,False,0.9138068991055699,56,19.567974214343376
RPM,018f,mean_shift,negative,medium,exponential,1.0,max,300,True,0.013333333333333334,0.03333333333333333,False,0.9476635599370559,137,19.567974214343376
RPM,018f,mean_shift,negative,medium,exponential,1.0,weighted_0.25,300,True,0.02,0.05,False,0.9772098673453498,137,19.567974214343376
RPM,018f,mean_shift,negative,medium,exponential,1.0,weighted_0.5,300,False,0.0,0.07333333333333333,False,0.999999118479718,-1,19.567974214343376
RPM,018f,mean_shift,negative,medium,exponential,1.0,weighted_0.75,300,False,0.0,0.03666666666666667,False,0.9995922090180888,-1,19.567974214343376
RPM,018f,mean_shift,negative,slow,exponential,1.0,pird,300,False,0.0,0.02,False,0.9930884880898116,-1,19.567974214343376
RPM,018f,mean_shift,negative,slow,exponential,1.0,global,300,True,0.023333333333333334,0.023333333333333334,False,0.5,56,19.567974214343376
RPM,018f,mean_shift,negative,slow,exponential,1.0,or,300,True,0.023333333333333334,0.043333333333333335,False,0.9138068991055699,56,19.567974214343376
RPM,018f,mean_shift,negative,slow,exponential,1.0,max,300,True,0.013333333333333334,0.03333333333333333,False,0.9476635599370559,137,19.567974214343376
RPM,018f,mean_shift,negative,slow,exponential,1.0,weighted_0.25,300,True,0.006666666666666667,0.05,False,0.9993095222583481,138,19.567974214343376
RPM,018f,mean_shift,negative,slow,exponential,1.0,weighted_0.5,300,False,0.0,0.07333333333333333,False,0.999999118479718,-1,19.567974214343376
RPM,018f,mean_shift,negative,slow,exponential,1.0,weighted_0.75,300,False,0.0,0.03666666666666667,False,0.9995922090180888,-1,19.567974214343376
RPM,018f,mean_shift,negative,fast,exponential,1.5,pird,300,False,0.0,0.02,False,0.9930884880898116,-1,19.567974214343376
RPM,018f,mean_shift,negative,fast,exponential,1.5,global,300,True,0.023333333333333334,0.023333333333333334,False,0.5,56,19.567974214343376
RPM,018f,mean_shift,negative,fast,exponential,1.5,or,300,True,0.023333333333333334,0.043333333333333335,False,0.9138068991055699,56,19.567974214343376
RPM,018f,mean_shift,negative,fast,exponential,1.5,max,300,True,0.013333333333333334,0.03333333333333333,False,0.9476635599370559,137,19.567974214343376
RPM,018f,mean_shift,negative,fast,exponential,1.5,weighted_0.25,300,True,0.03,0.05,False,0.8943502263331448,56,19.567974214343376
RPM,018f,mean_shift,negative,fast,exponential,1.5,weighted_0.5,300,True,0.02,0.07333333333333333,False,0.9990220184560116,137,19.567974214343376
RPM,018f,mean_shift,negative,fast,exponential,1.5,weighted_0.75,300,False,0.0,0.03666666666666667,False,0.9995922090180888,-1,19.567974214343376
RPM,018f,mean_shift,negative,medium,exponential,1.5,pird,300,False,0.0,0.02,False,0.9930884880898116,-1,19.567974214343376
RPM,018f,mean_shift,negative,medium,exponential,1.5,global,300,True,0.023333333333333334,0.023333333333333334,False,0.5,56,19.567974214343376
RPM,018f,mean_shift,negative,medium,exponential,1.5,or,300,True,0.023333333333333334,0.043333333333333335,False,0.9138068991055699,56,19.567974214343376
RPM,018f,mean_shift,negative,medium,exponential,1.5,max,300,True,0.013333333333333334,0.03333333333333333,False,0.9476635599370559,137,19.567974214343376
RPM,018f,mean_shift,negative,medium,exponential,1.5,weighted_0.25,300,True,0.02,0.05,False,0.9772098673453498,137,19.567974214343376
RPM,018f,mean_shift,negative,medium,exponential,1.5,weighted_0.5,300,True,0.02,0.07333333333333333,False,0.9990220184560116,137,19.567974214343376
RPM,018f,mean_shift,negative,medium,exponential,1.5,weighted_0.75,300,False,0.0,0.03666666666666667,False,0.9995922090180888,-1,19.567974214343376
RPM,018f,mean_shift,negative,slow,exponential,1.5,pird,300,False,0.0,0.02,False,0.9930884880898116,-1,19.567974214343376
RPM,018f,mean_shift,negative,slow,exponential,1.5,global,300,True,0.023333333333333334,0.023333333333333334,False,0.5,56,19.567974214343376
RPM,018f,mean_shift,negative,slow,exponential,1.5,or,300,True,0.023333333333333334,0.043333333333333335,False,0.9138068991055699,56,19.567974214343376
RPM,018f,mean_shift,negative,slow,exponential,1.5,max,300,True,0.013333333333333334,0.03333333333333333,False,0.9476635599370559,137,19.567974214343376
RPM,018f,mean_shift,negative,slow,exponential,1.5,weighted_0.25,300,True,0.01,0.05,False,0.9979595048085627,137,19.567974214343376
RPM,018f,mean_shift,negative,slow,exponential,1.5,weighted_0.5,300,False,0.0,0.07333333333333333,False,0.999999118479718,-1,19.567974214343376
RPM,018f,mean_shift,negative,slow,exponential,1.5,weighted_0.75,300,False,0.0,0.03666666666666667,False,0.9995922090180888,-1,19.567974214343376
RPM,018f,mean_shift,negative,fast,exponential,2.0,pird,300,False,0.0,0.02,False,0.9930884880898116,-1,19.567974214343376
RPM,018f,mean_shift,negative,fast,exponential,2.0,global,300,True,0.023333333333333334,0.023333333333333334,False,0.5,56,19.567974214343376
RPM,018f,mean_shift,negative,fast,exponential,2.0,or,300,True,0.023333333333333334,0.043333333333333335,False,0.9138068991055699,56,19.567974214343376
RPM,018f,mean_shift,negative,fast,exponential,2.0,max,300,True,0.013333333333333334,0.03333333333333333,False,0.9476635599370559,137,19.567974214343376
RPM,018f,mean_shift,negative,fast,exponential,2.0,weighted_0.25,300,True,0.056666666666666664,0.05,False,0.3581619437906779,56,19.567974214343376
RPM,018f,mean_shift,negative,fast,exponential,2.0,weighted_0.5,300,True,0.07,0.07333333333333333,False,0.5628801586951655,56,19.567974214343376
RPM,018f,mean_shift,negative,fast,exponential,2.0,weighted_0.75,300,True,0.006666666666666667,0.03666666666666667,False,0.9941926603913351,138,19.567974214343376
RPM,018f,mean_shift,negative,medium,exponential,2.0,pird,300,False,0.0,0.02,False,0.9930884880898116,-1,19.567974214343376
RPM,018f,mean_shift,negative,medium,exponential,2.0,global,300,True,0.023333333333333334,0.023333333333333334,False,0.5,56,19.567974214343376
RPM,018f,mean_shift,negative,medium,exponential,2.0,or,300,True,0.023333333333333334,0.043333333333333335,False,0.9138068991055699,56,19.567974214343376
RPM,018f,mean_shift,negative,medium,exponential,2.0,max,300,True,0.013333333333333334,0.03333333333333333,False,0.9476635599370559,137,19.567974214343376
RPM,018f,mean_shift,negative,medium,exponential,2.0,weighted_0.25,300,True,0.02666666666666667,0.05,False,0.931678265940148,136,19.567974214343376
RPM,018f,mean_shift,negative,medium,exponential,2.0,weighted_0.5,300,True,0.03666666666666667,0.07333333333333333,False,0.9755687479144912,134,19.567974214343376
RPM,018f,mean_shift,negative,medium,exponential,2.0,weighted_0.75,300,False,0.0,0.03666666666666667,False,0.9995922090180888,-1,19.567974214343376
RPM,018f,mean_shift,negative,slow,exponential,2.0,pird,300,False,0.0,0.02,False,0.9930884880898116,-1,19.567974214343376
RPM,018f,mean_shift,negative,slow,exponential,2.0,global,300,True,0.023333333333333334,0.023333333333333334,False,0.5,56,19.567974214343376
RPM,018f,mean_shift,negative,slow,exponential,2.0,or,300,True,0.023333333333333334,0.043333333333333335,False,0.9138068991055699,56,19.567974214343376
RPM,018f,mean_shift,negative,slow,exponential,2.0,max,300,True,0.013333333333333334,0.03333333333333333,False,0.9476635599370559,137,19.567974214343376
RPM,018f,mean_shift,negative,slow,exponential,2.0,weighted_0.25,300,True,0.013333333333333334,0.05,False,0.9948338361079303,137,19.567974214343376
RPM,018f,mean_shift,negative,slow,exponential,2.0,weighted_0.5,300,False,0.0,0.07333333333333333,False,0.999999118479718,-1,19.567974214343376
RPM,018f,mean_shift,negative,slow,exponential,2.0,weighted_0.75,300,False,0.0,0.03666666666666667,False,0.9995922090180888,-1,19.567974214343376
RPM,018f,mean_shift,negative,fast,exponential,3.0,pird,300,False,0.0,0.02,False,0.9930884880898116,-1,19.567974214343376
RPM,018f,mean_shift,negative,fast,exponential,3.0,global,300,True,0.023333333333333334,0.023333333333333334,False,0.5,56,19.567974214343376
RPM,018f,mean_shift,negative,fast,exponential,3.0,or,300,True,0.023333333333333334,0.043333333333333335,False,0.9138068991055699,56,19.567974214343376
RPM,018f,mean_shift,negative,fast,exponential,3.0,max,300,True,0.013333333333333334,0.03333333333333333,False,0.9476635599370559,137,19.567974214343376
RPM,018f,mean_shift,negative,fast,exponential,3.0,weighted_0.25,300,True,0.06333333333333334,0.05,False,0.24000143569275623,56,19.567974214343376
RPM,018f,mean_shift,negative,fast,exponential,3.0,weighted_0.5,300,True,0.10333333333333333,0.07333333333333333,False,0.09770292534776731,56,19.567974214343376
RPM,018f,mean_shift,negative,fast,exponential,3.0,weighted_0.75,300,True,0.07333333333333333,0.03666666666666667,True,0.024431252085508816,97,19.567974214343376
RPM,018f,mean_shift,negative,medium,exponential,3.0,pird,300,False,0.0,0.02,False,0.9930884880898116,-1,19.567974214343376
RPM,018f,mean_shift,negative,medium,exponential,3.0,global,300,True,0.023333333333333334,0.023333333333333334,False,0.5,56,19.567974214343376
RPM,018f,mean_shift,negative,medium,exponential,3.0,or,300,True,0.023333333333333334,0.043333333333333335,False,0.9138068991055699,56,19.567974214343376
RPM,018f,mean_shift,negative,medium,exponential,3.0,max,300,True,0.013333333333333334,0.03333333333333333,False,0.9476635599370559,137,19.567974214343376
RPM,018f,mean_shift,negative,medium,exponential,3.0,weighted_0.25,300,True,0.043333333333333335,0.05,False,0.6506606991997892,100,19.567974214343376
RPM,018f,mean_shift,negative,medium,exponential,3.0,weighted_0.5,300,True,0.056666666666666664,0.07333333333333333,False,0.7961655914841483,100,19.567974214343376
RPM,018f,mean_shift,negative,medium,exponential,3.0,weighted_0.75,300,True,0.03666666666666667,0.03666666666666667,False,0.5,134,19.567974214343376
RPM,018f,mean_shift,negative,slow,exponential,3.0,pird,300,False,0.0,0.02,False,0.9930884880898116,-1,19.567974214343376
RPM,018f,mean_shift,negative,slow,exponential,3.0,global,300,True,0.023333333333333334,0.023333333333333334,False,0.5,56,19.567974214343376
RPM,018f,mean_shift,negative,slow,exponential,3.0,or,300,True,0.023333333333333334,0.043333333333333335,False,0.9138068991055699,56,19.567974214343376
RPM,018f,mean_shift,negative,slow,exponential,3.0,max,300,True,0.013333333333333334,0.03333333333333333,False,0.9476635599370559,137,19.567974214343376
RPM,018f,mean_shift,negative,slow,exponential,3.0,weighted_0.25,300,True,0.02,0.05,False,0.9772098673453498,137,19.567974214343376
RPM,018f,mean_shift,negative,slow,exponential,3.0,weighted_0.5,300,False,0.0,0.07333333333333333,False,0.999999118479718,-1,19.567974214343376
RPM,018f,mean_shift,negative,slow,exponential,3.0,weighted_0.75,300,False,0.0,0.03666666666666667,False,0.9995922090180888,-1,19.567974214343376
RPM,0153,additive,positive,fast,exponential,0.25,pird,300,False,0.0,0.0,False,1.0,-1,8.294155552904833
RPM,0153,additive,positive,fast,exponential,0.25,global,300,True,0.023333333333333334,0.023333333333333334,False,0.5,36,8.294155552904833
RPM,0153,additive,positive,fast,exponential,0.25,or,300,True,0.023333333333333334,0.023333333333333334,False,0.5,36,8.294155552904833
RPM,0153,additive,positive,fast,exponential,0.25,max,300,True,0.006666666666666667,0.006666666666666667,False,0.5,122,8.294155552904833
RPM,0153,additive,positive,fast,exponential,0.25,weighted_0.25,300,True,0.023333333333333334,0.01,False,0.1010510220946863,83,8.294155552904833
RPM,0153,additive,positive,fast,exponential,0.25,weighted_0.5,300,True,0.006666666666666667,0.0033333333333333335,False,0.28136237593594443,83,8.294155552904833
RPM,0153,additive,positive,fast,exponential,0.25,weighted_0.75,300,False,0.0,0.0,False,1.0,-1,8.294155552904833
RPM,0153,additive,positive,medium,exponential,0.25,pird,300,False,0.0,0.0,False,1.0,-1,8.041479296539066
RPM,0153,additive,positive,medium,exponential,0.25,global,300,True,0.023333333333333334,0.023333333333333334,False,0.5,36,8.041479296539066
RPM,0153,additive,positive,medium,exponential,0.25,or,300,True,0.023333333333333334,0.023333333333333334,False,0.5,36,8.041479296539066
RPM,0153,additive,positive,medium,exponential,0.25,max,300,True,0.006666666666666667,0.006666666666666667,False,0.5,122,8.041479296539066
RPM,0153,additive,positive,medium,exponential,0.25,weighted_0.25,300,True,0.02,0.01,False,0.15682675992361889,84,8.041479296539066
RPM,0153,additive,positive,medium,exponential,0.25,weighted_0.5,300,True,0.006666666666666667,0.0033333333333333335,False,0.28136237593594443,83,8.041479296539066
RPM,0153,additive,positive,medium,exponential,0.25,weighted_0.75,300,False,0.0,0.0,False,1.0,-1,8.041479296539066
RPM,0153,additive,positive,slow,exponential,0.25,pird,300,False,0.0,0.0,False,1.0,-1,7.933164413518845
RPM,0153,additive,positive,slow,exponential,0.25,global,300,True,0.023333333333333334,0.023333333333333334,False,0.5,36,7.933164413518845
RPM,0153,additive,positive,slow,exponential,0.25,or,300,True,0.023333333333333334,0.023333333333333334,False,0.5,36,7.933164413518845
RPM,0153,additive,positive,slow,exponential,0.25,max,300,True,0.006666666666666667,0.006666666666666667,False,0.5,122,7.933164413518845
RPM,0153,additive,positive,slow,exponential,0.25,weighted_0.25,300,True,0.01,0.01,False,0.5,84,7.933164413518845
RPM,0153,additive,positive,slow,exponential,0.25,weighted_0.5,300,True,0.0033333333333333335,0.0033333333333333335,False,0.5,84,7.933164413518845
RPM,0153,additive,positive,slow,exponential,0.25,weighted_0.75,300,False,0.0,0.0,False,1.0,-1,7.933164413518845
RPM,0153,additive,positive,fast,exponential,0.5,pird,300,False,0.0,0.0,False,1.0,-1,8.756150144520817
RPM,0153,additive,positive,fast,exponential,0.5,global,300,True,0.023333333333333334,0.023333333333333334,False,0.5,36,8.756150144520817
RPM,0153,additive,positive,fast,exponential,0.5,or,300,True,0.023333333333333334,0.023333333333333334,False,0.5,36,8.756150144520817
RPM,0153,additive,positive,fast,exponential,0.5,max,300,True,0.006666666666666667,0.006666666666666667,False,0.5,122,8.756150144520817
RPM,0153,additive,positive,fast,exponential,0.5,weighted_0.25,300,True,0.02666666666666667,0.01,False,0.06405856025289687,83,8.756150144520817
RPM,0153,additive,positive,fast,exponential,0.5,weighted_0.5,300,True,0.01,0.0033333333333333335,False,0.15784598729932525,83,8.756150144520817
RPM,0153,additive,positive,fast,exponential,0.5,weighted_0.75,300,True,0.006666666666666667,0.0,False,0.07830339250362212,83,8.756150144520817
RPM,0153,additive,positive,medium,exponential,0.5,pird,300,False,0.0,0.0,False,1.0,-1,8.234514669719118
RPM,0153,additive,positive,medium,exponential,0.5,global,300,True,0.023333333333333334,0.023333333333333334,False,0.5,36,8.234514669719118
RPM,0153,additive,positive,medium,exponential,0.5,or,300,True,0.023333333333333334,0.023333333333333334,False,0.5,36,8.234514669719118
RPM,0153,additive,positive,medium,exponential,0.5,max,300,True,0.006666666666666667,0.006666666666666667,False,0.5,122,8.234514669719118
RPM,0153,additive,positive,medium,exponential,0.5,weighted_0.25,300,True,0.02,0.01,False,0.15682675992361889,84,8.234514669719118
RPM,0153,additive,positive,medium,exponential,0.5,weighted_0.5,300,True,0.006666666666666667,0.0033333333333333335,False,0.28136237593594443,83,8.234514669719118
RPM,0153,additive,positive,medium,exponential,0.5,weighted_0.75,300,False,0.0,0.0,False,1.0,-1,8.234514669719118
RPM,0153,additive,positive,slow,exponential,0.5,pird,300,False,0.0,0.0,False,1.0,-1,8.014467238646606
RPM,0153,additive,positive,slow,exponential,0.5,global,300,True,0.023333333333333334,0.023333333333333334,False,0.5,36,8.014467238646606
RPM,0153,additive,positive,slow,exponential,0.5,or,300,True,0.023333333333333334,0.023333333333333334,False,0.5,36,8.014467238646606
RPM,0153,additive,positive,slow,exponential,0.5,max,300,True,0.006666666666666667,0.006666666666666667,False,0.5,122,8.014467238646606
RPM,0153,additive,positive,slow,exponential,0.5,weighted_0.25,300,True,0.016666666666666666,0.01,False,0.2382731058925248,84,8.014467238646606
RPM,0153,additive,positive,slow,exponential,0.5,weighted_0.5,300,True,0.006666666666666667,0.0033333333333333335,False,0.28136237593594443,83,8.014467238646606
RPM,0153,additive,positive,slow,exponential,0.5,weighted_0.75,300,False,0.0,0.0,False,1.0,-1,8.014467238646606
RPM,0153,additive,positive,fast,exponential,0.75,pird,300,False,0.0,0.0,False,1.0,-1,9.235578591588686
RPM,0153,additive,positive,fast,exponential,0.75,global,300,True,0.023333333333333334,0.023333333333333334,False,0.5,36,9.235578591588686
RPM,0153,additive,positive,fast,exponential,0.75,or,300,True,0.023333333333333334,0.023333333333333334,False,0.5,36,9.235578591588686
RPM,0153,additive,positive,fast,exponential,0.75,max,300,True,0.006666666666666667,0.006666666666666667,False,0.5,122,9.235578591588686
RPM,0153,additive,positive,fast,exponential,0.75,weighted_0.25,300,True,0.03666666666666667,0.01,True,0.015252159024023954,83,9.235578591588686
RPM,0153,additive,positive,fast,exponential,0.75,weighted_0.5,300,True,0.043333333333333335,0.0033333333333333335,True,0.0005868010980826267,83,9.235578591588686
RPM,0153,additive,positive,fast,exponential,0.75,weighted_0.75,300,True,0.006666666666666667,0.0,False,0.07830339250362212,83,9.235578591588686
RPM,0153,additive,positive,medium,exponential,0.75,pird,300,False,0.0,0.0,False,1.0,-1,8.431488159040523
RPM,0153,additive,positive,medium,exponential,0.75,global,300,True,0.023333333333333334,0.023333333333333334,False,0.5,36,8.431488159040523
RPM,0153,additive,positive,medium,exponential,0.75,or,300,True,0.023333333333333334,0.023333333333333334,False,0.5,36,8.431488159040523
RPM,0153,additive,positive,medium,exponential,0.75,max,300,True,0.006666666666666667,0.006666666666666667,False,0.5,122,8.431488159040523
RPM,0153,additive,positive,medium,exponential,0.75,weighted_0.25,300,True,0.02666666666666667,0.01,False,0.06405856025289687,83,8.431488159040523
RPM,0153,additive,positive,medium,exponential,0.75,weighted_0.5,300,True,0.01,0.0033333333333333335,False,0.15784598729932525,83,8.431488159040523
RPM,0153,additive,positive,medium,exponential,0.75,weighted_0.75,300,True,0.0033333333333333335,0.0,False,0.15845344348567247,84,8.431488159040523
RPM,0153,additive,positive,slow,exponential,0.75,pird,300,False,0.0,0.0,False,1.0,-1,8.096556514397687
RPM,0153,additive,positive,slow,exponential,0.75,global,300,True,0.023333333333333334,0.023333333333333334,False,0.5,36,8.096556514397687
RPM,0153,additive,positive,slow,exponential,0.75,or,300,True,0.023333333333333334,0.023333333333333334,False,0.5,36,8.096556514397687
RPM,0153,additive,positive,slow,exponential,0.75,max,300,True,0.006666666666666667,0.006666666666666667,False,0.5,122,8.096556514397687
RPM,0153,additive,positive,slow,exponential,0.75,weighted_0.25,300,True,0.02,0.01,False,0.15682675992361889,84,8.096556514397687
RPM,0153,additive,positive,slow,exponential,0.75,weighted_0.5,300,True,0.006666666666666667,0.0033333333333333335,False,0.28136237593594443,83,8.096556514397687
RPM,0153,additive,positive,slow,exponential,0.75,weighted_0.75,300,False,0.0,0.0,False,1.0,-1,8.096556514397687
RPM,0153,additive,positive,fast,exponential,1.0,pird,300,True,0.006666666666666667,0.0,False,0.07830339250362212,83,9.729864132650572
RPM,0153,additive,positive,fast,exponential,1.0,global,300,True,0.023333333333333334,0.023333333333333334,False,0.5,36,9.729864132650572
RPM,0153,additive,positive,fast,exponential,1.0,or,300,True,0.03,0.023333333333333334,False,0.30614651372868384,36,9.729864132650572
RPM,0153,additive,positive,fast,exponential,1.0,max,300,True,0.013333333333333334,0.006666666666666667,False,0.2059342420289756,83,9.729864132650572
RPM,0153,additive,positive,fast,exponential,1.0,weighted_0.25,300,True,0.043333333333333335,0.01,True,0.005638192511821721,36,9.729864132650572
RPM,0153,additive,positive,fast,exponential,1.0,weighted_0.5,300,True,0.04666666666666667,0.0033333333333333335,True,0.0003377356107429585,83,9.729864132650572
RPM,0153,additive,positive,fast,exponential,1.0,weighted_0.75,300,True,0.013333333333333334,0.0,True,0.022390798093968527,83,9.729864132650572
RPM,0153,additive,positive,medium,exponential,1.0,pird,300,False,0.0,0.0,False,1.0,-1,8.632130181324301
RPM,0153,additive,positive,medium,exponential,1.0,global,300,True,0.023333333333333334,0.023333333333333334,False,0.5,36,8.632130181324301
RPM,0153,additive,positive,medium,exponential,1.0,or,300,True,0.023333333333333334,0.023333333333333334,False,0.5,36,8.632130181324301
RPM,0153,additive,positive,medium,exponential,1.0,max,300,True,0.006666666666666667,0.006666666666666667,False,0.5,122,8.632130181324301
RPM,0153,additive,positive,medium,exponential,1.0,weighted_0.25,300,True,0.03,0.01,True,0.04009061233967222,83,8.632130181324301
RPM,0153,additive,positive,medium,exponential,1.0,weighted_0.5,300,True,0.03,0.0033333333333333335,True,0.005368078420490934,83,8.632130181324301
RPM,0153,additive,positive,medium,exponential,1.0,weighted_0.75,300,True,0.0033333333333333335,0.0,False,0.15845344348567247,84,8.632130181324301
RPM,0153,additive,positive,slow,exponential,1.0,pird,300,False,0.0,0.0,False,1.0,-1,8.179408562140011
RPM,0153,additive,positive,slow,exponential,1.0,global,300,True,0.023333333333333334,0.023333333333333334,False,0.5,36,8.179408562140011
RPM,0153,additive,positive,slow,exponential,1.0,or,300,True,0.023333333333333334,0.023333333333333334,False,0.5,36,8.179408562140011
RPM,0153,additive,positive,slow,exponential,1.0,max,300,True,0.006666666666666667,0.006666666666666667,False,0.5,122,8.179408562140011
RPM,0153,additive,positive,slow,exponential,1.0,weighted_0.25,300,True,0.02,0.01,False,0.15682675992361889,84,8.179408562140011
RPM,0153,additive,positive,slow,exponential,1.0,weighted_0.5,300,True,0.006666666666666667,0.0033333333333333335,False,0.28136237593594443,83,8.179408562140011
RPM,0153,additive,positive,slow,exponential,1.0,weighted_0.75,300,False,0.0,0.0,False,1.0,-1,8.179408562140011
RPM,0153,additive,positive,fast,exponential,1.5,pird,300,True,0.013333333333333334,0.0,True,0.022390798093968527,83,10.75475415469485
RPM,0153,additive,positive,fast,exponential,1.5,global,300,True,0.023333333333333334,0.023333333333333334,False,0.5,36,10.75475415469485
RPM,0153,additive,positive,fast,exponential,1.5,or,300,True,0.03666666666666667,0.023333333333333334,False,0.16921359309980635,36,10.75475415469485
RPM,0153,additive,positive,fast,exponential,1.5,max,300,True,0.02,0.006666666666666667,False,0.07726131031423313,83,10.75475415469485
RPM,0153,additive,positive,fast,exponential,1.5,weighted_0.25,300,True,0.05,0.01,True,0.002040495191437343,36,10.75475415469485
RPM,0153,additive,positive,fast,exponential,1.5,weighted_0.5,300,True,0.056666666666666664,0.0033333333333333335,True,6.430371156653373e-05,83,10.75475415469485
RPM,0153,additive,positive,fast,exponential,1.5,weighted_0.75,300,True,0.03666666666666667,0.0,True,0.0004077909819112412,83,10.75475415469485
RPM,0153,additive,positive,medium,exponential,1.5,pird,300,False,0.0,0.0,False,1.0,-1,9.043438711746402
RPM,0153,additive,positive,medium,exponential,1.5,global,300,True,0.023333333333333334,0.023333333333333334,False,0.5,36,9.043438711746402
RPM,0153,additive,positive,medium,exponential,1.5,or,300,True,0.023333333333333334,0.023333333333333334,False,0.5,36,9.043438711746402
RPM,0153,additive,positive,medium,exponential,1.5,max,300,True,0.006666666666666667,0.006666666666666667,False,0.5,122,9.043438711746402
RPM,0153,additive,positive,medium,exponential,1.5,weighted_0.25,300,True,0.043333333333333335,0.01,True,0.005638192511821721,83,9.043438711746402
RPM,0153,additive,positive,medium,exponential,1.5,weighted_0.5,300,True,0.05,0.0033333333333333335,True,0.00019436340009940252,83,9.043438711746402
RPM,0153,additive,positive,medium,exponential,1.5,weighted_0.75,300,True,0.01,0.0,True,0.041246809928419524,83,9.043438711746402
RPM,0153,additive,positive,slow,exponential,1.5,pird,300,False,0.0,0.0,False,1.0,-1,8.347309913366727
RPM,0153,additive,positive,slow,exponential,1.5,global,300,True,0.023333333333333334,0.023333333333333334,False,0.5,36,8.347309913366727
RPM,0153,additive,positive,slow,exponential,1.5,or,300,True,0.023333333333333334,0.023333333333333334,False,0.5,36,8.347309913366727
RPM,0153,additive,positive,slow,exponential,1.5,max,300,True,0.006666666666666667,0.006666666666666667,False,0.5,122,8.347309913366727
RPM,0153,additive,positive,slow,exponential,1.5,weighted_0.25,300,True,0.023333333333333334,0.01,False,0.1010510220946863,83,8.347309913366727
RPM,0153,additive,positive,slow,exponential,1.5,weighted_0.5,300,True,0.006666666666666667,0.0033333333333333335,False,0.28136237593594443,83,8.347309913366727
RPM,0153,additive,positive,slow,exponential,1.5,weighted_0.75,300,False,0.0,0.0,False,1.0,-1,8.347309913366727
RPM,0153,additive,positive,fast,exponential,2.0,pird,300,True,0.03666666666666667,0.0,True,0.0004077909819112412,69,11.8175127678226
RPM,0153,additive,positive,fast,exponential,2.0,global,300,True,0.023333333333333334,0.023333333333333334,False,0.5,36,11.8175127678226
RPM,0153,additive,positive,fast,exponential,2.0,or,300,True,0.06,0.023333333333333334,True,0.012309879891491989,36,11.8175127678226
RPM,0153,additive,positive,fast,exponential,2.0,max,300,True,0.043333333333333335,0.006666666666666667,True,0.0020113894221640977,69,11.8175127678226
RPM,0153,additive,positive,fast,exponential,2.0,weighted_0.25,300,True,0.05,0.01,True,0.002040495191437343,36,11.8175127678226
RPM,0153,additive,positive,fast,exponential,2.0,weighted_0.5,300,True,0.07333333333333333,0.0033333333333333335,True,3.999280923660805e-06,36,11.8175127678226
RPM,0153,additive,positive,fast,exponential,2.0,weighted_0.75,300,True,0.06333333333333334,0.0,True,4.720435185568017e-06,69,11.8175127678226
RPM,0153,additive,positive,medium,exponential,2.0,pird,300,True,0.0033333333333333335,0.0,False,0.15845344348567247,119,9.466655620818257
RPM,0153,additive,positive,medium,exponential,2.0,global,300,True,0.023333333333333334,0.023333333333333334,False,0.5,36,9.466655620818257
RPM,0153,additive,positive,medium,exponential,2.0,or,300,True,0.02666666666666667,0.023333333333333334,False,0.3968580316897869,36,9.466655620818257
RPM,0153,additive,positive,medium,exponential,2.0,max,300,True,0.01,0.006666666666666667,False,0.32668383109995014,119,9.466655620818257
RPM,0153,additive,positive,medium,exponential,2.0,weighted_0.25,300,True,0.04666666666666667,0.01,True,0.0033997307963961132,36,9.466655620818257
RPM,0153,additive,positive,medium,exponential,2.0,weighted_0.5,300,True,0.056666666666666664,0.0033333333333333335,True,6.430371156653373e-05,83,9.466655620818257
RPM,0153,additive,positive,medium,exponential,2.0,weighted_0.75,300,True,0.03333333333333333,0.0,True,0.0007139182388684503,83,9.466655620818257
RPM,0153,additive,positive,slow,exponential,2.0,pird,300,False,0.0,0.0,False,1.0,-1,8.517996255545262
RPM,0153,additive,positive,slow,exponential,2.0,global,300,True,0.023333333333333334,0.023333333333333334,False,0.5,36,8.517996255545262
RPM,0153,additive,positive,slow,exponential,2.0,or,300,True,0.023333333333333334,0.023333333333333334,False,0.5,36,8.517996255545262
RPM,0153,additive,positive,slow,exponential,2.0,max,300,True,0.006666666666666667,0.006666666666666667,False,0.5,122,8.517996255545262
RPM,0153,additive,positive,slow,exponential,2.0,weighted_0.25,300,True,0.02666666666666667,0.01,False,0.06405856025289687,83,8.517996255545262
RPM,0153,additive,positive,slow,exponential,2.0,weighted_0.5,300,True,0.013333333333333334,0.0033333333333333335,False,0.0889472666679817,83,8.517996255545262
RPM,0153,additive,positive,slow,exponential,2.0,weighted_0.75,300,True,0.0033333333333333335,0.0,False,0.15845344348567247,84,8.517996255545262
RPM,0153,additive,positive,fast,exponential,3.0,pird,300,True,0.056666666666666664,0.0,True,1.4397821768935085e-05,57,14.021929995618008
RPM,0153,additive,positive,fast,exponential,3.0,global,300,True,0.023333333333333334,0.023333333333333334,False,0.5,36,14.021929995618008
RPM,0153,additive,positive,fast,exponential,3.0,or,300,True,0.08,0.023333333333333334,True,0.0008582134349829361,36,14.021929995618008
RPM,0153,additive,positive,fast,exponential,3.0,max,300,True,0.06333333333333334,0.006666666666666667,True,7.956228266603414e-05,57,14.021929995618008
RPM,0153,additive,positive,fast,exponential,3.0,weighted_0.25,300,True,0.06,0.01,True,0.00043096724252016187,35,14.021929995618008
RPM,0153,additive,positive,fast,exponential,3.0,weighted_0.5,300,True,0.08666666666666667,0.0033333333333333335,True,4.2548074740304435e-07,34,14.021929995618008
RPM,0153,additive,positive,fast,exponential,3.0,weighted_0.75,300,True,0.08666666666666667,0.0,True,9.279348359448357e-08,62,14.021929995618008
RPM,0153,additive,positive,medium,exponential,3.0,pird,300,True,0.013333333333333334,0.0,True,0.022390798093968527,83,10.342927844479124
RPM,0153,additive,positive,medium,exponential,3.0,global,300,True,0.023333333333333334,0.023333333333333334,False,0.5,36,10.342927844479124
RPM,0153,additive,positive,medium,exponential,3.0,or,300,True,0.03666666666666667,0.023333333333333334,False,0.16921359309980635,36,10.342927844479124
RPM,0153,additive,positive,medium,exponential,3.0,max,300,True,0.02,0.006666666666666667,False,0.07726131031423313,83,10.342927844479124
RPM,0153,additive,positive,medium,exponential,3.0,weighted_0.25,300,True,0.04666666666666667,0.01,True,0.0033997307963961132,36,10.342927844479124
RPM,0153,additive,positive,medium,exponential,3.0,weighted_0.5,300,True,0.056666666666666664,0.0033333333333333335,True,6.430371156653373e-05,83,10.342927844479124
RPM,0153,additive,positive,medium,exponential,3.0,weighted_0.75,300,True,0.04666666666666667,0.0,True,7.651839750873978e-05,83,10.342927844479124
RPM,0153,additive,positive,slow,exponential,3.0,pird,300,False,0.0,0.0,False,1.0,-1,8.867077997728623
RPM,0153,additive,positive,slow,exponential,3.0,global,300,True,0.023333333333333334,0.023333333333333334,False,0.5,36,8.867077997728623
RPM,0153,additive,positive,slow,exponential,3.0,or,300,True,0.023333333333333334,0.023333333333333334,False,0.5,36,8.867077997728623
RPM,0153,additive,positive,slow,exponential,3.0,max,300,True,0.006666666666666667,0.006666666666666667,False,0.5,122,8.867077997728623
RPM,0153,additive,positive,slow,exponential,3.0,weighted_0.25,300,True,0.03,0.01,True,0.04009061233967222,83,8.867077997728623
RPM,0153,additive,positive,slow,exponential,3.0,weighted_0.5,300,True,0.03333333333333333,0.0033333333333333335,True,0.0030829674214280602,83,8.867077997728623
RPM,0153,additive,positive,slow,exponential,3.0,weighted_0.75,300,True,0.01,0.0,True,0.041246809928419524,83,8.867077997728623
RPM,0153,additive,negative,fast,exponential,0.25,pird,300,False,0.0,0.0,False,1.0,-1,7.435355469094322
RPM,0153,additive,negative,fast,exponential,0.25,global,300,True,0.023333333333333334,0.023333333333333334,False,0.5,36,7.435355469094322
RPM,0153,additive,negative,fast,exponential,0.25,or,300,True,0.023333333333333334,0.023333333333333334,False,0.5,36,7.435355469094322
RPM,0153,additive,negative,fast,exponential,0.25,max,300,True,0.006666666666666667,0.006666666666666667,False,0.5,122,7.435355469094322
RPM,0153,additive,negative,fast,exponential,0.25,weighted_0.25,300,True,0.0033333333333333335,0.01,False,0.8421540127006748,122,7.435355469094322
RPM,0153,additive,negative,fast,exponential,0.25,weighted_0.5,300,False,0.0,0.0033333333333333335,False,0.8415465565143274,-1,7.435355469094322
RPM,0153,additive,negative,fast,exponential,0.25,weighted_0.75,300,False,0.0,0.0,False,1.0,-1,7.435355469094322
RPM,0153,additive,negative,medium,exponential,0.25,pird,300,False,0.0,0.0,False,1.0,-1,7.668406524276425
RPM,0153,additive,negative,medium,exponential,0.25,global,300,True,0.023333333333333334,0.023333333333333334,False,0.5,36,7.668406524276425
RPM,0153,additive,negative,medium,exponential,0.25,or,300,True,0.023333333333333334,0.023333333333333334,False,0.5,36,7.668406524276425
RPM,0153,additive,negative,medium,exponential,0.25,max,300,True,0.006666666666666667,0.006666666666666667,False,0.5,122,7.668406524276425
RPM,0153,additive,negative,medium,exponential,0.25,weighted_0.25,300,True,0.0033333333333333335,0.01,False,0.8421540127006748,122,7.668406524276425
RPM,0153,additive,negative,medium,exponential,0.25,weighted_0.5,300,False,0.0,0.0033333333333333335,False,0.8415465565143274,-1,7.668406524276425
RPM,0153,additive,negative,medium,exponential,0.25,weighted_0.75,300,False,0.0,0.0,False,1.0,-1,7.668406524276425
RPM,0153,additive,negative,slow,exponential,0.25,pird,300,False,0.0,0.0,False,1.0,-1,7.773016588771667
RPM,0153,additive,negative,slow,exponential,0.25,global,300,True,0.023333333333333334,0.023333333333333334,False,0.5,36,7.773016588771667
RPM,0153,additive,negative,slow,exponential,0.25,or,300,True,0.023333333333333334,0.023333333333333334,False,0.5,36,7.773016588771667
RPM,0153,additive,negative,slow,exponential,0.25,max,300,True,0.006666666666666667,0.006666666666666667,False,0.5,122,7.773016588771667
RPM,0153,additive,negative,slow,exponential,0.25,weighted_0.25,300,True,0.01,0.01,False,0.5,84,7.773016588771667
RPM,0153,additive,negative,slow,exponential,0.25,weighted_0.5,300,True,0.0033333333333333335,0.0033333333333333335,False,0.5,84,7.773016588771667
RPM,0153,additive,negative,slow,exponential,0.25,weighted_0.75,300,False,0.0,0.0,False,1.0,-1,7.773016588771667
RPM,0153,additive,negative,fast,exponential,0.5,pird,300,False,0.0,0.0,False,1.0,-1,7.046499456141997
RPM,0153,additive,negative,fast,exponential,0.5,global,300,True,0.023333333333333334,0.023333333333333334,False,0.5,36,7.046499456141997
RPM,0153,additive,negative,fast,exponential,0.5,or,300,True,0.023333333333333334,0.023333333333333334,False,0.5,36,7.046499456141997
RPM,0153,additive,negative,fast,exponential,0.5,max,300,True,0.006666666666666667,0.006666666666666667,False,0.5,122,7.046499456141997
RPM,0153,additive,negative,fast,exponential,0.5,weighted_0.25,300,True,0.0033333333333333335,0.01,False,0.8421540127006748,122,7.046499456141997
RPM,0153,additive,negative,fast,exponential,0.5,weighted_0.5,300,False,0.0,0.0033333333333333335,False,0.8415465565143274,-1,7.046499456141997
RPM,0153,additive,negative,fast,exponential,0.5,weighted_0.75,300,False,0.0,0.0,False,1.0,-1,7.046499456141997
RPM,0153,additive,negative,medium,exponential,0.5,pird,300,False,0.0,0.0,False,1.0,-1,7.489016660124147
RPM,0153,additive,negative,medium,exponential,0.5,global,300,True,0.023333333333333334,0.023333333333333334,False,0.5,36,7.489016660124147
RPM,0153,additive,negative,medium,exponential,0.5,or,300,True,0.023333333333333334,0.023333333333333334,False,0.5,36,7.489016660124147
RPM,0153,additive,negative,medium,exponential,0.5,max,300,True,0.006666666666666667,0.006666666666666667,False,0.5,122,7.489016660124147
RPM,0153,additive,negative,medium,exponential,0.5,weighted_0.25,300,True,0.0033333333333333335,0.01,False,0.8421540127006748,122,7.489016660124147
RPM,0153,additive,negative,medium,exponential,0.5,weighted_0.5,300,False,0.0,0.0033333333333333335,False,0.8415465565143274,-1,7.489016660124147
RPM,0153,additive,negative,medium,exponential,0.5,weighted_0.75,300,False,0.0,0.0,False,1.0,-1,7.489016660124147
RPM,0153,additive,negative,slow,exponential,0.5,pird,300,False,0.0,0.0,False,1.0,-1,7.694222746589499
RPM,0153,additive,negative,slow,exponential,0.5,global,300,True,0.023333333333333334,0.023333333333333334,False,0.5,36,7.694222746589499
RPM,0153,additive,negative,slow,exponential,0.5,or,300,True,0.023333333333333334,0.023333333333333334,False,0.5,36,7.694222746589499
RPM,0153,additive,negative,slow,exponential,0.5,max,300,True,0.006666666666666667,0.006666666666666667,False,0.5,122,7.694222746589499
RPM,0153,additive,negative,slow,exponential,0.5,weighted_0.25,300,True,0.006666666666666667,0.01,False,0.6733161689000499,84,7.694222746589499
RPM,0153,additive,negative,slow,exponential,0.5,weighted_0.5,300,False,0.0,0.0033333333333333335,False,0.8415465565143274,-1,7.694222746589499
RPM,0153,additive,negative,slow,exponential,0.5,weighted_0.75,300,False,0.0,0.0,False,1.0,-1,7.694222746589499
RPM,0153,additive,negative,fast,exponential,0.75,pird,300,False,0.0,0.0,False,1.0,-1,6.6910683578512
RPM,0153,additive,negative,fast,exponential,0.75,global,300,True,0.023333333333333334,0.023333333333333334,False,0.5,36,6.6910683578512
RPM,0153,additive,negative,fast,exponential,0.75,or,300,True,0.023333333333333334,0.023333333333333334,False,0.5,36,6.6910683578512
RPM,0153,additive,negative,fast,exponential,0.75,max,300,True,0.006666666666666667,0.006666666666666667,False,0.5,122,6.6910683578512
RPM,0153,additive,negative,fast,exponential,0.75,weighted_0.25,300,True,0.006666666666666667,0.01,False,0.6733161689000499,122,6.6910683578512
RPM,0153,additive,negative,fast,exponential,0.75,weighted_0.5,300,False,0.0,0.0033333333333333335,False,0.8415465565143274,-1,6.6910683578512
RPM,0153,additive,negative,fast,exponential,0.75,weighted_0.75,300,False,0.0,0.0,False,1.0,-1,6.6910683578512
RPM,0153,additive,negative,medium,exponential,0.75,pird,300,False,0.0,0.0,False,1.0,-1,7.314861626219392
RPM,0153,additive,negative,medium,exponential,0.75,global,300,True,0.023333333333333334,0.023333333333333334,False,0.5,36,7.314861626219392
RPM,0153,additive,negative,medium,exponential,0.75,or,300,True,0.023333333333333334,0.023333333333333334,False,0.5,36,7.314861626219392
RPM,0153,additive,negative,medium,exponential,0.75,max,300,True,0.006666666666666667,0.006666666666666667,False,0.5,122,7.314861626219392
RPM,0153,additive,negative,medium,exponential,0.75,weighted_0.25,300,True,0.006666666666666667,0.01,False,0.6733161689000499,122,7.314861626219392
RPM,0153,additive,negative,medium,exponential,0.75,weighted_0.5,300,False,0.0,0.0033333333333333335,False,0.8415465565143274,-1,7.314861626219392
RPM,0153,additive,negative,medium,exponential,0.75,weighted_0.75,300,False,0.0,0.0,False,1.0,-1,7.314861626219392
RPM,0153,additive,negative,slow,exponential,0.75,pird,300,False,0.0,0.0,False,1.0,-1,7.616317694465535
RPM,0153,additive,negative,slow,exponential,0.75,global,300,True,0.023333333333333334,0.023333333333333334,False,0.5,36,7.616317694465535
RPM,0153,additive,negative,slow,exponential,0.75,or,300,True,0.023333333333333334,0.023333333333333334,False,0.5,36,7.616317694465535
RPM,0153,additive,negative,slow,exponential,0.75,max,300,True,0.006666666666666667,0.006666666666666667,False,0.5,122,7.616317694465535
RPM,0153,additive,negative,slow,exponential,0.75,weighted_0.25,300,True,0.0033333333333333335,0.01,False,0.8421540127006748,122,7.616317694465535
RPM,0153,additive,negative,slow,exponential,0.75,weighted_0.5,300,False,0.0,0.0033333333333333335,False,0.8415465565143274,-1,7.616317694465535
RPM,0153,additive,negative,slow,exponential,0.75,weighted_0.75,300,False,0.0,0.0,False,1.0,-1,7.616317694465535
RPM,0153,additive,negative,fast,exponential,1.0,pird,300,False,0.0,0.0,False,1.0,-1,6.3746556380619595
RPM,0153,additive,negative,fast,exponential,1.0,global,300,True,0.023333333333333334,0.023333333333333334,False,0.5,36,6.3746556380619595
RPM,0153,additive,negative,fast,exponential,1.0,or,300,True,0.023333333333333334,0.023333333333333334,False,0.5,36,6.3746556380619595
RPM,0153,additive,negative,fast,exponential,1.0,max,300,True,0.006666666666666667,0.006666666666666667,False,0.5,122,6.3746556380619595
RPM,0153,additive,negative,fast,exponential,1.0,weighted_0.25,300,True,0.006666666666666667,0.01,False,0.6733161689000499,122,6.3746556380619595
RPM,0153,additive,negative,fast,exponential,1.0,weighted_0.5,300,False,0.0,0.0033333333333333335,False,0.8415465565143274,-1,6.3746556380619595
RPM,0153,additive,negative,fast,exponential,1.0,weighted_0.75,300,False,0.0,0.0,False,1.0,-1,6.3746556380619595
RPM,0153,additive,negative,medium,exponential,1.0,pird,300,False,0.0,0.0,False,1.0,-1,7.1463241493039815
RPM,0153,additive,negative,medium,exponential,1.0,global,300,True,0.023333333333333334,0.023333333333333334,False,0.5,36,7.1463241493039815
RPM,0153,additive,negative,medium,exponential,1.0,or,300,True,0.023333333333333334,0.023333333333333334,False,0.5,36,7.1463241493039815
RPM,0153,additive,negative,medium,exponential,1.0,max,300,True,0.006666666666666667,0.006666666666666667,False,0.5,122,7.1463241493039815
RPM,0153,additive,negative,medium,exponential,1.0,weighted_0.25,300,True,0.006666666666666667,0.01,False,0.6733161689000499,122,7.1463241493039815
RPM,0153,additive,negative,medium,exponential,1.0,weighted_0.5,300,False,0.0,0.0033333333333333335,False,0.8415465565143274,-1,7.1463241493039815
RPM,0153,additive,negative,medium,exponential,1.0,weighted_0.75,300,False,0.0,0.0,False,1.0,-1,7.1463241493039815
RPM,0153,additive,negative,slow,exponential,1.0,pird,300,False,0.0,0.0,False,1.0,-1,7.539328984465414
RPM,0153,additive,negative,slow,exponential,1.0,global,300,True,0.023333333333333334,0.023333333333333334,False,0.5,36,7.539328984465414
RPM,0153,additive,negative,slow,exponential,1.0,or,300,True,0.023333333333333334,0.023333333333333334,False,0.5,36,7.539328984465414
RPM,0153,additive,negative,slow,exponential,1.0,max,300,True,0.006666666666666667,0.006666666666666667,False,0.5,122,7.539328984465414
RPM,0153,additive,negative,slow,exponential,1.0,weighted_0.25,300,True,0.0033333333333333335,0.01,False,0.8421540127006748,122,7.539328984465414
RPM,0153,additive,negative,slow,exponential,1.0,weighted_0.5,300,False,0.0,0.0033333333333333335,False,0.8415465565143274,-1,7.539328984465414
RPM,0153,additive,negative,slow,exponential,1.0,weighted_0.75,300,False,0.0,0.0,False,1.0,-1,7.539328984465414
RPM,0153,additive,negative,fast,exponential,1.5,pird,300,False,0.0,0.0,False,1.0,-1,5.883341280597169
RPM,0153,additive,negative,fast,exponential,1.5,global,300,True,0.023333333333333334,0.023333333333333334,False,0.5,36,5.883341280597169
RPM,0153,additive,negative,fast,exponential,1.5,or,300,True,0.023333333333333334,0.023333333333333334,False,0.5,36,5.883341280597169
RPM,0153,additive,negative,fast,exponential,1.5,max,300,True,0.006666666666666667,0.006666666666666667,False,0.5,122,5.883341280597169
RPM,0153,additive,negative,fast,exponential,1.5,weighted_0.25,300,True,0.006666666666666667,0.01,False,0.6733161689000499,122,5.883341280597169
RPM,0153,additive,negative,fast,exponential,1.5,weighted_0.5,300,False,0.0,0.0033333333333333335,False,0.8415465565143274,-1,5.883341280597169
RPM,0153,additive,negative,fast,exponential,1.5,weighted_0.75,300,False,0.0,0.0,False,1.0,-1,5.883341280597169
RPM,0153,additive,negative,medium,exponential,1.5,pird,300,False,0.0,0.0,False,1.0,-1,6.827752177877171
RPM,0153,additive,negative,medium,exponential,1.5,global,300,True,0.023333333333333334,0.023333333333333334,False,0.5,36,6.827752177877171
RPM,0153,additive,negative,medium,exponential,1.5,or,300,True,0.023333333333333334,0.023333333333333334,False,0.5,36,6.827752177877171
RPM,0153,additive,negative,medium,exponential,1.5,max,300,True,0.006666666666666667,0.006666666666666667,False,0.5,122,6.827752177877171
RPM,0153,additive,negative,medium,exponential,1.5,weighted_0.25,300,True,0.006666666666666667,0.01,False,0.6733161689000499,122,6.827752177877171
RPM,0153,additive,negative,medium,exponential,1.5,weighted_0.5,300,False,0.0,0.0033333333333333335,False,0.8415465565143274,-1,6.827752177877171
RPM,0153,additive,negative,medium,exponential,1.5,weighted_0.75,300,False,0.0,0.0,False,1.0,-1,6.827752177877171
RPM,0153,additive,negative,slow,exponential,1.5,pird,300,False,0.0,0.0,False,1.0,-1,7.388214835410306
RPM,0153,additive,negative,slow,exponential,1.5,global,300,True,0.023333333333333334,0.023333333333333334,False,0.5,36,7.388214835410306
RPM,0153,additive,negative,slow,exponential,1.5,or,300,True,0.023333333333333334,0.023333333333333334,False,0.5,36,7.388214835410306
RPM,0153,additive,negative,slow,exponential,1.5,max,300,True,0.006666666666666667,0.006666666666666667,False,0.5,122,7.388214835410306
RPM,0153,additive,negative,slow,exponential,1.5,weighted_0.25,300,True,0.006666666666666667,0.01,False,0.6733161689000499,122,7.388214835410306
RPM,0153,additive,negative,slow,exponential,1.5,weighted_0.5,300,False,0.0,0.0033333333333333335,False,0.8415465565143274,-1,7.388214835410306
RPM,0153,additive,negative,slow,exponential,1.5,weighted_0.75,300,False,0.0,0.0,False,1.0,-1,7.388214835410306
RPM,0153,additive,negative,fast,exponential,2.0,pird,300,False,0.0,0.0,False,1.0,-1,5.714227097483515
RPM,0153,additive,negative,fast,exponential,2.0,global,300,True,0.023333333333333334,0.023333333333333334,False,0.5,36,5.714227097483515
RPM,0153,additive,negative,fast,exponential,2.0,or,300,True,0.023333333333333334,0.023333333333333334,False,0.5,36,5.714227097483515
RPM,0153,additive,negative,fast,exponential,2.0,max,300,True,0.006666666666666667,0.006666666666666667,False,0.5,122,5.714227097483515
RPM,0153,additive,negative,fast,exponential,2.0,weighted_0.25,300,True,0.016666666666666666,0.01,False,0.2382731058925248,121,5.714227097483515
RPM,0153,additive,negative,fast,exponential,2.0,weighted_0.5,300,False,0.0,0.0033333333333333335,False,0.8415465565143274,-1,5.714227097483515
RPM,0153,additive,negative,fast,exponential,2.0,weighted_0.75,300,False,0.0,0.0,False,1.0,-1,5.714227097483515
RPM,0153,additive,negative,medium,exponential,2.0,pird,300,False,0.0,0.0,False,1.0,-1,6.536828237177461
RPM,0153,additive,negative,medium,exponential,2.0,global,300,True,0.023333333333333334,0.023333333333333334,False,0.5,36,6.536828237177461
RPM,0153,additive,negative,medium,exponential,2.0,or,300,True,0.023333333333333334,0.023333333333333334,False,0.5,36,6.536828237177461
RPM,0153,additive,negative,medium,exponential,2.0,max,300,True,0.006666666666666667,0.006666666666666667,False,0.5,122,6.536828237177461
RPM,0153,additive,negative,medium,exponential,2.0,weighted_0.25,300,True,0.006666666666666667,0.01,False,0.6733161689000499,122,6.536828237177461
RPM,0153,additive,negative,medium,exponential,2.0,weighted_0.5,300,False,0.0,0.0033333333333333335,False,0.8415465565143274,-1,6.536828237177461
RPM,0153,additive,negative,medium,exponential,2.0,weighted_0.75,300,False,0.0,0.0,False,1.0,-1,6.536828237177461
RPM,0153,additive,negative,slow,exponential,2.0,pird,300,False,0.0,0.0,False,1.0,-1,7.24111693239828
RPM,0153,additive,negative,slow,exponential,2.0,global,300,True,0.023333333333333334,0.023333333333333334,False,0.5,36,7.24111693239828
RPM,0153,additive,negative,slow,exponential,2.0,or,300,True,0.023333333333333334,0.023333333333333334,False,0.5,36,7.24111693239828
RPM,0153,additive,negative,slow,exponential,2.0,max,300,True,0.006666666666666667,0.006666666666666667,False,0.5,122,7.24111693239828
RPM,0153,additive,negative,slow,exponential,2.0,weighted_0.25,300,True,0.0033333333333333335,0.01,False,0.8421540127006748,122,7.24111693239828
RPM,0153,additive,negative,slow,exponential,2.0,weighted_0.5,300,False,0.0,0.0033333333333333335,False,0.8415465565143274,-1,7.24111693239828
RPM,0153,additive,negative,slow,exponential,2.0,weighted_0.75,300,False,0.0,0.0,False,1.0,-1,7.24111693239828
RPM,0153,additive,negative,fast,exponential,3.0,pird,300,False,0.0,0.0,False,1.0,-1,7.203259509674693
RPM,0153,additive,negative,fast,exponential,3.0,global,300,True,0.023333333333333334,0.023333333333333334,False,0.5,36,7.203259509674693
RPM,0153,additive,negative,fast,exponential,3.0,or,300,True,0.023333333333333334,0.023333333333333334,False,0.5,36,7.203259509674693
RPM,0153,additive,negative,fast,exponential,3.0,max,300,True,0.006666666666666667,0.006666666666666667,False,0.5,122,7.203259509674693
RPM,0153,additive,negative,fast,exponential,3.0,weighted_0.25,300,True,0.02,0.01,False,0.15682675992361889,120,7.203259509674693
RPM,0153,additive,negative,fast,exponential,3.0,weighted_0.5,300,True,0.013333333333333334,0.0033333333333333335,False,0.0889472666679817,121,7.203259509674693
RPM,0153,additive,negative,fast,exponential,3.0,weighted_0.75,300,False,0.0,0.0,False,1.0,-1,7.203259509674693
RPM,0153,additive,negative,medium,exponential,3.0,pird,300,False,0.0,0.0,False,1.0,-1,7.203259509674693
RPM,0153,additive,negative,medium,exponential,3.0,global,300,True,0.023333333333333334,0.023333333333333334,False,0.5,36,7.203259509674693
RPM,0153,additive,negative,medium,exponential,3.0,or,300,True,0.023333333333333334,0.023333333333333334,False,0.5,36,7.203259509674693
RPM,0153,additive,negative,medium,exponential,3.0,max,300,True,0.006666666666666667,0.006666666666666667,False,0.5,122,7.203259509674693
RPM,0153,additive,negative,medium,exponential,3.0,weighted_0.25,300,True,0.016666666666666666,0.01,False,0.2382731058925248,121,7.203259509674693
RPM,0153,additive,negative,medium,exponential,3.0,weighted_0.5,300,False,0.0,0.0033333333333333335,False,0.8415465565143274,-1,7.203259509674693
RPM,0153,additive,negative,medium,exponential,3.0,weighted_0.75,300,False,0.0,0.0,False,1.0,-1,7.203259509674693
RPM,0153,additive,negative,slow,exponential,3.0,pird,300,False,0.0,0.0,False,1.0,-1,7.170925639963808
RPM,0153,additive,negative,slow,exponential,3.0,global,300,True,0.023333333333333334,0.023333333333333334,False,0.5,36,7.170925639963808
RPM,0153,additive,negative,slow,exponential,3.0,or,300,True,0.023333333333333334,0.023333333333333334,False,0.5,36,7.170925639963808
RPM,0153,additive,negative,slow,exponential,3.0,max,300,True,0.006666666666666667,0.006666666666666667,False,0.5,122,7.170925639963808
RPM,0153,additive,negative,slow,exponential,3.0,weighted_0.25,300,True,0.006666666666666667,0.01,False,0.6733161689000499,122,7.170925639963808
RPM,0153,additive,negative,slow,exponential,3.0,weighted_0.5,300,False,0.0,0.0033333333333333335,False,0.8415465565143274,-1,7.170925639963808
RPM,0153,additive,negative,slow,exponential,3.0,weighted_0.75,300,False,0.0,0.0,False,1.0,-1,7.170925639963808
RPM,0153,mean_shift,positive,fast,exponential,0.25,pird,300,False,0.0,0.0,False,1.0,-1,2.84361951833752
RPM,0153,mean_shift,positive,fast,exponential,0.25,global,300,True,0.023333333333333334,0.023333333333333334,False,0.5,36,2.84361951833752
RPM,0153,mean_shift,positive,fast,exponential,0.25,or,300,True,0.023333333333333334,0.023333333333333334,False,0.5,36,2.84361951833752
RPM,0153,mean_shift,positive,fast,exponential,0.25,max,300,True,0.006666666666666667,0.006666666666666667,False,0.5,122,2.84361951833752
RPM,0153,mean_shift,positive,fast,exponential,0.25,weighted_0.25,300,True,0.0033333333333333335,0.01,False,0.8421540127006748,122,2.84361951833752
RPM,0153,mean_shift,positive,fast,exponential,0.25,weighted_0.5,300,False,0.0,0.0033333333333333335,False,0.8415465565143274,-1,2.84361951833752
RPM,0153,mean_shift,positive,fast,exponential,0.25,weighted_0.75,300,False,0.0,0.0,False,1.0,-1,2.84361951833752
RPM,0153,mean_shift,positive,medium,exponential,0.25,pird,300,False,0.0,0.0,False,1.0,-1,2.84361951833752
RPM,0153,mean_shift,positive,medium,exponential,0.25,global,300,True,0.023333333333333334,0.023333333333333334,False,0.5,36,2.84361951833752
RPM,0153,mean_shift,positive,medium,exponential,0.25,or,300,True,0.023333333333333334,0.023333333333333334,False,0.5,36,2.84361951833752
RPM,0153,mean_shift,positive,medium,exponential,0.25,max,300,True,0.006666666666666667,0.006666666666666667,False,0.5,122,2.84361951833752
RPM,0153,mean_shift,positive,medium,exponential,0.25,weighted_0.25,300,True,0.0033333333333333335,0.01,False,0.8421540127006748,122,2.84361951833752
RPM,0153,mean_shift,positive,medium,exponential,0.25,weighted_0.5,300,False,0.0,0.0033333333333333335,False,0.8415465565143274,-1,2.84361951833752
RPM,0153,mean_shift,positive,medium,exponential,0.25,weighted_0.75,300,False,0.0,0.0,False,1.0,-1,2.84361951833752
RPM,0153,mean_shift,positive,slow,exponential,0.25,pird,300,False,0.0,0.0,False,1.0,-1,2.84361951833752
RPM,0153,mean_shift,positive,slow,exponential,0.25,global,300,True,0.023333333333333334,0.023333333333333334,False,0.5,36,2.84361951833752
RPM,0153,mean_shift,positive,slow,exponential,0.25,or,300,True,0.023333333333333334,0.023333333333333334,False,0.5,36,2.84361951833752
RPM,0153,mean_shift,positive,slow,exponential,0.25,max,300,True,0.006666666666666667,0.006666666666666667,False,0.5,122,2.84361951833752
RPM,0153,mean_shift,positive,slow,exponential,0.25,weighted_0.25,300,True,0.0033333333333333335,0.01,False,0.8421540127006748,122,2.84361951833752
RPM,0153,mean_shift,positive,slow,exponential,0.25,weighted_0.5,300,False,0.0,0.0033333333333333335,False,0.8415465565143274,-1,2.84361951833752
RPM,0153,mean_shift,positive,slow,exponential,0.25,weighted_0.75,300,False,0.0,0.0,False,1.0,-1,2.84361951833752
RPM,0153,mean_shift,positive,fast,exponential,0.5,pird,300,False,0.0,0.0,False,1.0,-1,2.84361951833752
RPM,0153,mean_shift,positive,fast,exponential,0.5,global,300,True,0.023333333333333334,0.023333333333333334,False,0.5,36,2.84361951833752
RPM,0153,mean_shift,positive,fast,exponential,0.5,or,300,True,0.023333333333333334,0.023333333333333334,False,0.5,36,2.84361951833752
RPM,0153,mean_shift,positive,fast,exponential,0.5,max,300,True,0.006666666666666667,0.006666666666666667,False,0.5,122,2.84361951833752
RPM,0153,mean_shift,positive,fast,exponential,0.5,weighted_0.25,300,True,0.0033333333333333335,0.01,False,0.8421540127006748,122,2.84361951833752
RPM,0153,mean_shift,positive,fast,exponential,0.5,weighted_0.5,300,False,0.0,0.0033333333333333335,False,0.8415465565143274,-1,2.84361951833752
RPM,0153,mean_shift,positive,fast,exponential,0.5,weighted_0.75,300,False,0.0,0.0,False,1.0,-1,2.84361951833752
RPM,0153,mean_shift,positive,medium,exponential,0.5,pird,300,False,0.0,0.0,False,1.0,-1,2.84361951833752
RPM,0153,mean_shift,positive,medium,exponential,0.5,global,300,True,0.023333333333333334,0.023333333333333334,False,0.5,36,2.84361951833752
RPM,0153,mean_shift,positive,medium,exponential,0.5,or,300,True,0.023333333333333334,0.023333333333333334,False,0.5,36,2.84361951833752
RPM,0153,mean_shift,positive,medium,exponential,0.5,max,300,True,0.006666666666666667,0.006666666666666667,False,0.5,122,2.84361951833752
RPM,0153,mean_shift,positive,medium,exponential,0.5,weighted_0.25,300,True,0.0033333333333333335,0.01,False,0.8421540127006748,122,2.84361951833752
RPM,0153,mean_shift,positive,medium,exponential,0.5,weighted_0.5,300,False,0.0,0.0033333333333333335,False,0.8415465565143274,-1,2.84361951833752
RPM,0153,mean_shift,positive,medium,exponential,0.5,weighted_0.75,300,False,0.0,0.0,False,1.0,-1,2.84361951833752
RPM,0153,mean_shift,positive,slow,exponential,0.5,pird,300,False,0.0,0.0,False,1.0,-1,2.84361951833752
RPM,0153,mean_shift,positive,slow,exponential,0.5,global,300,True,0.023333333333333334,0.023333333333333334,False,0.5,36,2.84361951833752
RPM,0153,mean_shift,positive,slow,exponential,0.5,or,300,True,0.023333333333333334,0.023333333333333334,False,0.5,36,2.84361951833752
RPM,0153,mean_shift,positive,slow,exponential,0.5,max,300,True,0.006666666666666667,0.006666666666666667,False,0.5,122,2.84361951833752
RPM,0153,mean_shift,positive,slow,exponential,0.5,weighted_0.25,300,True,0.0033333333333333335,0.01,False,0.8421540127006748,122,2.84361951833752
RPM,0153,mean_shift,positive,slow,exponential,0.5,weighted_0.5,300,False,0.0,0.0033333333333333335,False,0.8415465565143274,-1,2.84361951833752
RPM,0153,mean_shift,positive,slow,exponential,0.5,weighted_0.75,300,False,0.0,0.0,False,1.0,-1,2.84361951833752
RPM,0153,mean_shift,positive,fast,exponential,0.75,pird,300,False,0.0,0.0,False,1.0,-1,2.84361951833752
RPM,0153,mean_shift,positive,fast,exponential,0.75,global,300,True,0.023333333333333334,0.023333333333333334,False,0.5,36,2.84361951833752
RPM,0153,mean_shift,positive,fast,exponential,0.75,or,300,True,0.023333333333333334,0.023333333333333334,False,0.5,36,2.84361951833752
RPM,0153,mean_shift,positive,fast,exponential,0.75,max,300,True,0.006666666666666667,0.006666666666666667,False,0.5,122,2.84361951833752
RPM,0153,mean_shift,positive,fast,exponential,0.75,weighted_0.25,300,True,0.006666666666666667,0.01,False,0.6733161689000499,122,2.84361951833752
RPM,0153,mean_shift,positive,fast,exponential,0.75,weighted_0.5,300,False,0.0,0.0033333333333333335,False,0.8415465565143274,-1,2.84361951833752
RPM,0153,mean_shift,positive,fast,exponential,0.75,weighted_0.75,300,False,0.0,0.0,False,1.0,-1,2.84361951833752
RPM,0153,mean_shift,positive,medium,exponential,0.75,pird,300,False,0.0,0.0,False,1.0,-1,2.84361951833752
RPM,0153,mean_shift,positive,medium,exponential,0.75,global,300,True,0.023333333333333334,0.023333333333333334,False,0.5,36,2.84361951833752
RPM,0153,mean_shift,positive,medium,exponential,0.75,or,300,True,0.023333333333333334,0.023333333333333334,False,0.5,36,2.84361951833752
RPM,0153,mean_shift,positive,medium,exponential,0.75,max,300,True,0.006666666666666667,0.006666666666666667,False,0.5,122,2.84361951833752
RPM,0153,mean_shift,positive,medium,exponential,0.75,weighted_0.25,300,True,0.0033333333333333335,0.01,False,0.8421540127006748,122,2.84361951833752
RPM,0153,mean_shift,positive,medium,exponential,0.75,weighted_0.5,300,False,0.0,0.0033333333333333335,False,0.8415465565143274,-1,2.84361951833752
RPM,0153,mean_shift,positive,medium,exponential,0.75,weighted_0.75,300,False,0.0,0.0,False,1.0,-1,2.84361951833752
RPM,0153,mean_shift,positive,slow,exponential,0.75,pird,300,False,0.0,0.0,False,1.0,-1,2.84361951833752
RPM,0153,mean_shift,positive,slow,exponential,0.75,global,300,True,0.023333333333333334,0.023333333333333334,False,0.5,36,2.84361951833752
RPM,0153,mean_shift,positive,slow,exponential,0.75,or,300,True,0.023333333333333334,0.023333333333333334,False,0.5,36,2.84361951833752
RPM,0153,mean_shift,positive,slow,exponential,0.75,max,300,True,0.006666666666666667,0.006666666666666667,False,0.5,122,2.84361951833752
RPM,0153,mean_shift,positive,slow,exponential,0.75,weighted_0.25,300,True,0.0033333333333333335,0.01,False,0.8421540127006748,122,2.84361951833752
RPM,0153,mean_shift,positive,slow,exponential,0.75,weighted_0.5,300,False,0.0,0.0033333333333333335,False,0.8415465565143274,-1,2.84361951833752
RPM,0153,mean_shift,positive,slow,exponential,0.75,weighted_0.75,300,False,0.0,0.0,False,1.0,-1,2.84361951833752
RPM,0153,mean_shift,positive,fast,exponential,1.0,pird,300,False,0.0,0.0,False,1.0,-1,2.84361951833752
RPM,0153,mean_shift,positive,fast,exponential,1.0,global,300,True,0.023333333333333334,0.023333333333333334,False,0.5,36,2.84361951833752
RPM,0153,mean_shift,positive,fast,exponential,1.0,or,300,True,0.023333333333333334,0.023333333333333334,False,0.5,36,2.84361951833752
RPM,0153,mean_shift,positive,fast,exponential,1.0,max,300,True,0.006666666666666667,0.006666666666666667,False,0.5,122,2.84361951833752
RPM,0153,mean_shift,positive,fast,exponential,1.0,weighted_0.25,300,True,0.013333333333333334,0.01,False,0.35190265583276026,121,2.84361951833752
RPM,0153,mean_shift,positive,fast,exponential,1.0,weighted_0.5,300,False,0.0,0.0033333333333333335,False,0.8415465565143274,-1,2.84361951833752
RPM,0153,mean_shift,positive,fast,exponential,1.0,weighted_0.75,300,False,0.0,0.0,False,1.0,-1,2.84361951833752
RPM,0153,mean_shift,positive,medium,exponential,1.0,pird,300,False,0.0,0.0,False,1.0,-1,2.84361951833752
RPM,0153,mean_shift,positive,medium,exponential,1.0,global,300,True,0.023333333333333334,0.023333333333333334,False,0.5,36,2.84361951833752
RPM,0153,mean_shift,positive,medium,exponential,1.0,or,300,True,0.023333333333333334,0.023333333333333334,False,0.5,36,2.84361951833752
RPM,0153,mean_shift,positive,medium,exponential,1.0,max,300,True,0.006666666666666667,0.006666666666666667,False,0.5,122,2.84361951833752
RPM,0153,mean_shift,positive,medium,exponential,1.0,weighted_0.25,300,True,0.006666666666666667,0.01,False,0.6733161689000499,122,2.84361951833752
RPM,0153,mean_shift,positive,medium,exponential,1.0,weighted_0.5,300,False,0.0,0.0033333333333333335,False,0.8415465565143274,-1,2.84361951833752
RPM,0153,mean_shift,positive,medium,exponential,1.0,weighted_0.75,300,False,0.0,0.0,False,1.0,-1,2.84361951833752
RPM,0153,mean_shift,positive,slow,exponential,1.0,pird,300,False,0.0,0.0,False,1.0,-1,2.84361951833752
RPM,0153,mean_shift,positive,slow,exponential,1.0,global,300,True,0.023333333333333334,0.023333333333333334,False,0.5,36,2.84361951833752
RPM,0153,mean_shift,positive,slow,exponential,1.0,or,300,True,0.023333333333333334,0.023333333333333334,False,0.5,36,2.84361951833752
RPM,0153,mean_shift,positive,slow,exponential,1.0,max,300,True,0.006666666666666667,0.006666666666666667,False,0.5,122,2.84361951833752
RPM,0153,mean_shift,positive,slow,exponential,1.0,weighted_0.25,300,True,0.0033333333333333335,0.01,False,0.8421540127006748,122,2.84361951833752
RPM,0153,mean_shift,positive,slow,exponential,1.0,weighted_0.5,300,False,0.0,0.0033333333333333335,False,0.8415465565143274,-1,2.84361951833752
RPM,0153,mean_shift,positive,slow,exponential,1.0,weighted_0.75,300,False,0.0,0.0,False,1.0,-1,2.84361951833752
RPM,0153,mean_shift,positive,fast,exponential,1.5,pird,300,False,0.0,0.0,False,1.0,-1,3.6707977208463456
RPM,0153,mean_shift,positive,fast,exponential,1.5,global,300,True,0.023333333333333334,0.023333333333333334,False,0.5,36,3.6707977208463456
RPM,0153,mean_shift,positive,fast,exponential,1.5,or,300,True,0.023333333333333334,0.023333333333333334,False,0.5,36,3.6707977208463456
RPM,0153,mean_shift,positive,fast,exponential,1.5,max,300,True,0.006666666666666667,0.006666666666666667,False,0.5,122,3.6707977208463456
RPM,0153,mean_shift,positive,fast,exponential,1.5,weighted_0.25,300,True,0.02,0.01,False,0.15682675992361889,120,3.6707977208463456
RPM,0153,mean_shift,positive,fast,exponential,1.5,weighted_0.5,300,True,0.0033333333333333335,0.0033333333333333335,False,0.5,122,3.6707977208463456
RPM,0153,mean_shift,positive,fast,exponential,1.5,weighted_0.75,300,False,0.0,0.0,False,1.0,-1,3.6707977208463456
RPM,0153,mean_shift,positive,medium,exponential,1.5,pird,300,False,0.0,0.0,False,1.0,-1,3.6707977208463456
RPM,0153,mean_shift,positive,medium,exponential,1.5,global,300,True,0.023333333333333334,0.023333333333333334,False,0.5,36,3.6707977208463456
RPM,0153,mean_shift,positive,medium,exponential,1.5,or,300,True,0.023333333333333334,0.023333333333333334,False,0.5,36,3.6707977208463456
RPM,0153,mean_shift,positive,medium,exponential,1.5,max,300,True,0.006666666666666667,0.006666666666666667,False,0.5,122,3.6707977208463456
RPM,0153,mean_shift,positive,medium,exponential,1.5,weighted_0.25,300,True,0.016666666666666666,0.01,False,0.2382731058925248,121,3.6707977208463456
RPM,0153,mean_shift,positive,medium,exponential,1.5,weighted_0.5,300,False,0.0,0.0033333333333333335,False,0.8415465565143274,-1,3.6707977208463456
RPM,0153,mean_shift,positive,medium,exponential,1.5,weighted_0.75,300,False,0.0,0.0,False,1.0,-1,3.6707977208463456
RPM,0153,mean_shift,positive,slow,exponential,1.5,pird,300,False,0.0,0.0,False,1.0,-1,3.6707977208463456
RPM,0153,mean_shift,positive,slow,exponential,1.5,global,300,True,0.023333333333333334,0.023333333333333334,False,0.5,36,3.6707977208463456
RPM,0153,mean_shift,positive,slow,exponential,1.5,or,300,True,0.023333333333333334,0.023333333333333334,False,0.5,36,3.6707977208463456
RPM,0153,mean_shift,positive,slow,exponential,1.5,max,300,True,0.006666666666666667,0.006666666666666667,False,0.5,122,3.6707977208463456
RPM,0153,mean_shift,positive,slow,exponential,1.5,weighted_0.25,300,True,0.0033333333333333335,0.01,False,0.8421540127006748,122,3.6707977208463456
RPM,0153,mean_shift,positive,slow,exponential,1.5,weighted_0.5,300,False,0.0,0.0033333333333333335,False,0.8415465565143274,-1,3.6707977208463456
RPM,0153,mean_shift,positive,slow,exponential,1.5,weighted_0.75,300,False,0.0,0.0,False,1.0,-1,3.6707977208463456
RPM,0153,mean_shift,positive,fast,exponential,2.0,pird,300,False,0.0,0.0,False,1.0,-1,4.894396961128461
RPM,0153,mean_shift,positive,fast,exponential,2.0,global,300,True,0.023333333333333334,0.023333333333333334,False,0.5,36,4.894396961128461
RPM,0153,mean_shift,positive,fast,exponential,2.0,or,300,True,0.023333333333333334,0.023333333333333334,False,0.5,36,4.894396961128461
RPM,0153,mean_shift,positive,fast,exponential,2.0,max,300,True,0.006666666666666667,0.006666666666666667,False,0.5,122,4.894396961128461
RPM,0153,mean_shift,positive,fast,exponential,2.0,weighted_0.25,300,True,0.02666666666666667,0.01,False,0.06405856025289687,84,4.894396961128461
RPM,0153,mean_shift,positive,fast,exponential,2.0,weighted_0.5,300,True,0.02666666666666667,0.0033333333333333335,True,0.009360694208556435,84,4.894396961128461
RPM,0153,mean_shift,positive,fast,exponential,2.0,weighted_0.75,300,False,0.0,0.0,False,1.0,-1,4.894396961128461
RPM,0153,mean_shift,positive,medium,exponential,2.0,pird,300,False,0.0,0.0,False,1.0,-1,4.894396961128461
RPM,0153,mean_shift,positive,medium,exponential,2.0,global,300,True,0.023333333333333334,0.023333333333333334,False,0.5,36,4.894396961128461
RPM,0153,mean_shift,positive,medium,exponential,2.0,or,300,True,0.023333333333333334,0.023333333333333334,False,0.5,36,4.894396961128461
RPM,0153,mean_shift,positive,medium,exponential,2.0,max,300,True,0.006666666666666667,0.006666666666666667,False,0.5,122,4.894396961128461
RPM,0153,mean_shift,positive,medium,exponential,2.0,weighted_0.25,300,True,0.02,0.01,False,0.15682675992361889,120,4.894396961128461
RPM,0153,mean_shift,positive,medium,exponential,2.0,weighted_0.5,300,False,0.0,0.0033333333333333335,False,0.8415465565143274,-1,4.894396961128461
RPM,0153,mean_shift,positive,medium,exponential,2.0,weighted_0.75,300,False,0.0,0.0,False,1.0,-1,4.894396961128461
RPM,0153,mean_shift,positive,slow,exponential,2.0,pird,300,False,0.0,0.0,False,1.0,-1,4.894396961128461
RPM,0153,mean_shift,positive,slow,exponential,2.0,global,300,True,0.023333333333333334,0.023333333333333334,False,0.5,36,4.894396961128461
RPM,0153,mean_shift,positive,slow,exponential,2.0,or,300,True,0.023333333333333334,0.023333333333333334,False,0.5,36,4.894396961128461
RPM,0153,mean_shift,positive,slow,exponential,2.0,max,300,True,0.006666666666666667,0.006666666666666667,False,0.5,122,4.894396961128461
RPM,0153,mean_shift,positive,slow,exponential,2.0,weighted_0.25,300,True,0.006666666666666667,0.01,False,0.6733161689000499,122,4.894396961128461
RPM,0153,mean_shift,positive,slow,exponential,2.0,weighted_0.5,300,False,0.0,0.0033333333333333335,False,0.8415465565143274,-1,4.894396961128461
RPM,0153,mean_shift,positive,slow,exponential,2.0,weighted_0.75,300,False,0.0,0.0,False,1.0,-1,4.894396961128461
RPM,0153,mean_shift,positive,fast,exponential,3.0,pird,300,False,0.0,0.0,False,1.0,-1,7.341595441692689
RPM,0153,mean_shift,positive,fast,exponential,3.0,global,300,True,0.023333333333333334,0.023333333333333334,False,0.5,36,7.341595441692689
RPM,0153,mean_shift,positive,fast,exponential,3.0,or,300,True,0.023333333333333334,0.023333333333333334,False,0.5,36,7.341595441692689
RPM,0153,mean_shift,positive,fast,exponential,3.0,max,300,True,0.006666666666666667,0.006666666666666667,False,0.5,122,7.341595441692689
RPM,0153,mean_shift,positive,fast,exponential,3.0,weighted_0.25,300,True,0.04666666666666667,0.01,True,0.0033997307963961132,83,7.341595441692689
RPM,0153,mean_shift,positive,fast,exponential,3.0,weighted_0.5,300,True,0.06333333333333334,0.0033333333333333335,True,2.1224481247072712e-05,83,7.341595441692689
RPM,0153,mean_shift,positive,fast,exponential,3.0,weighted_0.75,300,True,0.06333333333333334,0.0,True,4.720435185568017e-06,83,7.341595441692689
RPM,0153,mean_shift,positive,medium,exponential,3.0,pird,300,False,0.0,0.0,False,1.0,-1,7.341595441692689
RPM,0153,mean_shift,positive,medium,exponential,3.0,global,300,True,0.023333333333333334,0.023333333333333334,False,0.5,36,7.341595441692689
RPM,0153,mean_shift,positive,medium,exponential,3.0,or,300,True,0.023333333333333334,0.023333333333333334,False,0.5,36,7.341595441692689
RPM,0153,mean_shift,positive,medium,exponential,3.0,max,300,True,0.006666666666666667,0.006666666666666667,False,0.5,122,7.341595441692689
RPM,0153,mean_shift,positive,medium,exponential,3.0,weighted_0.25,300,True,0.02666666666666667,0.01,False,0.06405856025289687,120,7.341595441692689
RPM,0153,mean_shift,positive,medium,exponential,3.0,weighted_0.5,300,True,0.03333333333333333,0.0033333333333333335,True,0.0030829674214280602,119,7.341595441692689
RPM,0153,mean_shift,positive,medium,exponential,3.0,weighted_0.75,300,False,0.0,0.0,False,1.0,-1,7.341595441692689
RPM,0153,mean_shift,positive,slow,exponential,3.0,pird,300,False,0.0,0.0,False,1.0,-1,7.341595441692689
RPM,0153,mean_shift,positive,slow,exponential,3.0,global,300,True,0.023333333333333334,0.023333333333333334,False,0.5,36,7.341595441692689
RPM,0153,mean_shift,positive,slow,exponential,3.0,or,300,True,0.023333333333333334,0.023333333333333334,False,0.5,36,7.341595441692689
RPM,0153,mean_shift,positive,slow,exponential,3.0,max,300,True,0.006666666666666667,0.006666666666666667,False,0.5,122,7.341595441692689
RPM,0153,mean_shift,positive,slow,exponential,3.0,weighted_0.25,300,True,0.006666666666666667,0.01,False,0.6733161689000499,122,7.341595441692689
RPM,0153,mean_shift,positive,slow,exponential,3.0,weighted_0.5,300,False,0.0,0.0033333333333333335,False,0.8415465565143274,-1,7.341595441692689
RPM,0153,mean_shift,positive,slow,exponential,3.0,weighted_0.75,300,False,0.0,0.0,False,1.0,-1,7.341595441692689
RPM,0153,mean_shift,negative,fast,exponential,0.25,pird,300,False,0.0,0.0,False,1.0,-1,2.84361951833752
RPM,0153,mean_shift,negative,fast,exponential,0.25,global,300,True,0.023333333333333334,0.023333333333333334,False,0.5,36,2.84361951833752
RPM,0153,mean_shift,negative,fast,exponential,0.25,or,300,True,0.023333333333333334,0.023333333333333334,False,0.5,36,2.84361951833752
RPM,0153,mean_shift,negative,fast,exponential,0.25,max,300,True,0.006666666666666667,0.006666666666666667,False,0.5,122,2.84361951833752
RPM,0153,mean_shift,negative,fast,exponential,0.25,weighted_0.25,300,False,0.0,0.01,False,0.9587531900715804,-1,2.84361951833752
RPM,0153,mean_shift,negative,fast,exponential,0.25,weighted_0.5,300,False,0.0,0.0033333333333333335,False,0.8415465565143274,-1,2.84361951833752
RPM,0153,mean_shift,negative,fast,exponential,0.25,weighted_0.75,300,False,0.0,0.0,False,1.0,-1,2.84361951833752
RPM,0153,mean_shift,negative,medium,exponential,0.25,pird,300,False,0.0,0.0,False,1.0,-1,2.84361951833752
RPM,0153,mean_shift,negative,medium,exponential,0.25,global,300,True,0.023333333333333334,0.023333333333333334,False,0.5,36,2.84361951833752
RPM,0153,mean_shift,negative,medium,exponential,0.25,or,300,True,0.023333333333333334,0.023333333333333334,False,0.5,36,2.84361951833752
RPM,0153,mean_shift,negative,medium,exponential,0.25,max,300,True,0.006666666666666667,0.006666666666666667,False,0.5,122,2.84361951833752
RPM,0153,mean_shift,negative,medium,exponential,0.25,weighted_0.25,300,True,0.0033333333333333335,0.01,False,0.8421540127006748,122,2.84361951833752
RPM,0153,mean_shift,negative,medium,exponential,0.25,weighted_0.5,300,False,0.0,0.0033333333333333335,False,0.8415465565143274,-1,2.84361951833752
RPM,0153,mean_shift,negative,medium,exponential,0.25,weighted_0.75,300,False,0.0,0.0,False,1.0,-1,2.84361951833752
RPM,0153,mean_shift,negative,slow,exponential,0.25,pird,300,False,0.0,0.0,False,1.0,-1,2.84361951833752
RPM,0153,mean_shift,negative,slow,exponential,0.25,global,300,True,0.023333333333333334,0.023333333333333334,False,0.5,36,2.84361951833752
RPM,0153,mean_shift,negative,slow,exponential,0.25,or,300,True,0.023333333333333334,0.023333333333333334,False,0.5,36,2.84361951833752
RPM,0153,mean_shift,negative,slow,exponential,0.25,max,300,True,0.006666666666666667,0.006666666666666667,False,0.5,122,2.84361951833752
RPM,0153,mean_shift,negative,slow,exponential,0.25,weighted_0.25,300,True,0.0033333333333333335,0.01,False,0.8421540127006748,122,2.84361951833752
RPM,0153,mean_shift,negative,slow,exponential,0.25,weighted_0.5,300,False,0.0,0.0033333333333333335,False,0.8415465565143274,-1,2.84361951833752
RPM,0153,mean_shift,negative,slow,exponential,0.25,weighted_0.75,300,False,0.0,0.0,False,1.0,-1,2.84361951833752
RPM,0153,mean_shift,negative,fast,exponential,0.5,pird,300,False,0.0,0.0,False,1.0,-1,2.84361951833752
RPM,0153,mean_shift,negative,fast,exponential,0.5,global,300,True,0.023333333333333334,0.023333333333333334,False,0.5,36,2.84361951833752
RPM,0153,mean_shift,negative,fast,exponential,0.5,or,300,True,0.023333333333333334,0.023333333333333334,False,0.5,36,2.84361951833752
RPM,0153,mean_shift,negative,fast,exponential,0.5,max,300,True,0.006666666666666667,0.006666666666666667,False,0.5,122,2.84361951833752
RPM,0153,mean_shift,negative,fast,exponential,0.5,weighted_0.25,300,True,0.0033333333333333335,0.01,False,0.8421540127006748,122,2.84361951833752
RPM,0153,mean_shift,negative,fast,exponential,0.5,weighted_0.5,300,False,0.0,0.0033333333333333335,False,0.8415465565143274,-1,2.84361951833752
RPM,0153,mean_shift,negative,fast,exponential,0.5,weighted_0.75,300,False,0.0,0.0,False,1.0,-1,2.84361951833752
RPM,0153,mean_shift,negative,medium,exponential,0.5,pird,300,False,0.0,0.0,False,1.0,-1,2.84361951833752
RPM,0153,mean_shift,negative,medium,exponential,0.5,global,300,True,0.023333333333333334,0.023333333333333334,False,0.5,36,2.84361951833752
RPM,0153,mean_shift,negative,medium,exponential,0.5,or,300,True,0.023333333333333334,0.023333333333333334,False,0.5,36,2.84361951833752
RPM,0153,mean_shift,negative,medium,exponential,0.5,max,300,True,0.006666666666666667,0.006666666666666667,False,0.5,122,2.84361951833752
RPM,0153,mean_shift,negative,medium,exponential,0.5,weighted_0.25,300,True,0.0033333333333333335,0.01,False,0.8421540127006748,122,2.84361951833752
RPM,0153,mean_shift,negative,medium,exponential,0.5,weighted_0.5,300,False,0.0,0.0033333333333333335,False,0.8415465565143274,-1,2.84361951833752
RPM,0153,mean_shift,negative,medium,exponential,0.5,weighted_0.75,300,False,0.0,0.0,False,1.0,-1,2.84361951833752
RPM,0153,mean_shift,negative,slow,exponential,0.5,pird,300,False,0.0,0.0,False,1.0,-1,2.84361951833752
RPM,0153,mean_shift,negative,slow,exponential,0.5,global,300,True,0.023333333333333334,0.023333333333333334,False,0.5,36,2.84361951833752
RPM,0153,mean_shift,negative,slow,exponential,0.5,or,300,True,0.023333333333333334,0.023333333333333334,False,0.5,36,2.84361951833752
RPM,0153,mean_shift,negative,slow,exponential,0.5,max,300,True,0.006666666666666667,0.006666666666666667,False,0.5,122,2.84361951833752
RPM,0153,mean_shift,negative,slow,exponential,0.5,weighted_0.25,300,True,0.0033333333333333335,0.01,False,0.8421540127006748,122,2.84361951833752
RPM,0153,mean_shift,negative,slow,exponential,0.5,weighted_0.5,300,False,0.0,0.0033333333333333335,False,0.8415465565143274,-1,2.84361951833752
RPM,0153,mean_shift,negative,slow,exponential,0.5,weighted_0.75,300,False,0.0,0.0,False,1.0,-1,2.84361951833752
RPM,0153,mean_shift,negative,fast,exponential,0.75,pird,300,False,0.0,0.0,False,1.0,-1,2.84361951833752
RPM,0153,mean_shift,negative,fast,exponential,0.75,global,300,True,0.023333333333333334,0.023333333333333334,False,0.5,36,2.84361951833752
RPM,0153,mean_shift,negative,fast,exponential,0.75,or,300,True,0.023333333333333334,0.023333333333333334,False,0.5,36,2.84361951833752
RPM,0153,mean_shift,negative,fast,exponential,0.75,max,300,True,0.006666666666666667,0.006666666666666667,False,0.5,122,2.84361951833752
RPM,0153,mean_shift,negative,fast,exponential,0.75,weighted_0.25,300,True,0.006666666666666667,0.01,False,0.6733161689000499,122,2.84361951833752
RPM,0153,mean_shift,negative,fast,exponential,0.75,weighted_0.5,300,False,0.0,0.0033333333333333335,False,0.8415465565143274,-1,2.84361951833752
RPM,0153,mean_shift,negative,fast,exponential,0.75,weighted_0.75,300,False,0.0,0.0,False,1.0,-1,2.84361951833752
RPM,0153,mean_shift,negative,medium,exponential,0.75,pird,300,False,0.0,0.0,False,1.0,-1,2.84361951833752
RPM,0153,mean_shift,negative,medium,exponential,0.75,global,300,True,0.023333333333333334,0.023333333333333334,False,0.5,36,2.84361951833752
RPM,0153,mean_shift,negative,medium,exponential,0.75,or,300,True,0.023333333333333334,0.023333333333333334,False,0.5,36,2.84361951833752
RPM,0153,mean_shift,negative,medium,exponential,0.75,max,300,True,0.006666666666666667,0.006666666666666667,False,0.5,122,2.84361951833752
RPM,0153,mean_shift,negative,medium,exponential,0.75,weighted_0.25,300,True,0.0033333333333333335,0.01,False,0.8421540127006748,122,2.84361951833752
RPM,0153,mean_shift,negative,medium,exponential,0.75,weighted_0.5,300,False,0.0,0.0033333333333333335,False,0.8415465565143274,-1,2.84361951833752
RPM,0153,mean_shift,negative,medium,exponential,0.75,weighted_0.75,300,False,0.0,0.0,False,1.0,-1,2.84361951833752
RPM,0153,mean_shift,negative,slow,exponential,0.75,pird,300,False,0.0,0.0,False,1.0,-1,2.84361951833752
RPM,0153,mean_shift,negative,slow,exponential,0.75,global,300,True,0.023333333333333334,0.023333333333333334,False,0.5,36,2.84361951833752
RPM,0153,mean_shift,negative,slow,exponential,0.75,or,300,True,0.023333333333333334,0.023333333333333334,False,0.5,36,2.84361951833752
RPM,0153,mean_shift,negative,slow,exponential,0.75,max,300,True,0.006666666666666667,0.006666666666666667,False,0.5,122,2.84361951833752
RPM,0153,mean_shift,negative,slow,exponential,0.75,weighted_0.25,300,False,0.0,0.01,False,0.9587531900715804,-1,2.84361951833752
RPM,0153,mean_shift,negative,slow,exponential,0.75,weighted_0.5,300,False,0.0,0.0033333333333333335,False,0.8415465565143274,-1,2.84361951833752
RPM,0153,mean_shift,negative,slow,exponential,0.75,weighted_0.75,300,False,0.0,0.0,False,1.0,-1,2.84361951833752
RPM,0153,mean_shift,negative,fast,exponential,1.0,pird,300,False,0.0,0.0,False,1.0,-1,2.84361951833752
RPM,0153,mean_shift,negative,fast,exponential,1.0,global,300,True,0.023333333333333334,0.023333333333333334,False,0.5,36,2.84361951833752
RPM,0153,mean_shift,negative,fast,exponential,1.0,or,300,True,0.023333333333333334,0.023333333333333334,False,0.5,36,2.84361951833752
RPM,0153,mean_shift,negative,fast,exponential,1.0,max,300,True,0.006666666666666667,0.006666666666666667,False,0.5,122,2.84361951833752
RPM,0153,mean_shift,negative,fast,exponential,1.0,weighted_0.25,300,True,0.01,0.01,False,0.5,122,2.84361951833752
RPM,0153,mean_shift,negative,fast,exponential,1.0,weighted_0.5,300,False,0.0,0.0033333333333333335,False,0.8415465565143274,-1,2.84361951833752
RPM,0153,mean_shift,negative,fast,exponential,1.0,weighted_0.75,300,False,0.0,0.0,False,1.0,-1,2.84361951833752
RPM,0153,mean_shift,negative,medium,exponential,1.0,pird,300,False,0.0,0.0,False,1.0,-1,2.84361951833752
RPM,0153,mean_shift,negative,medium,exponential,1.0,global,300,True,0.023333333333333334,0.023333333333333334,False,0.5,36,2.84361951833752
RPM,0153,mean_shift,negative,medium,exponential,1.0,or,300,True,0.023333333333333334,0.023333333333333334,False,0.5,36,2.84361951833752
RPM,0153,mean_shift,negative,medium,exponential,1.0,max,300,True,0.006666666666666667,0.006666666666666667,False,0.5,122,2.84361951833752
RPM,0153,mean_shift,negative,medium,exponential,1.0,weighted_0.25,300,True,0.006666666666666667,0.01,False,0.6733161689000499,122,2.84361951833752
RPM,0153,mean_shift,negative,medium,exponential,1.0,weighted_0.5,300,False,0.0,0.0033333333333333335,False,0.8415465565143274,-1,2.84361951833752
RPM,0153,mean_shift,negative,medium,exponential,1.0,weighted_0.75,300,False,0.0,0.0,False,1.0,-1,2.84361951833752
RPM,0153,mean_shift,negative,slow,exponential,1.0,pird,300,False,0.0,0.0,False,1.0,-1,2.84361951833752
RPM,0153,mean_shift,negative,slow,exponential,1.0,global,300,True,0.023333333333333334,0.023333333333333334,False,0.5,36,2.84361951833752
RPM,0153,mean_shift,negative,slow,exponential,1.0,or,300,True,0.023333333333333334,0.023333333333333334,False,0.5,36,2.84361951833752
RPM,0153,mean_shift,negative,slow,exponential,1.0,max,300,True,0.006666666666666667,0.006666666666666667,False,0.5,122,2.84361951833752
RPM,0153,mean_shift,negative,slow,exponential,1.0,weighted_0.25,300,True,0.0033333333333333335,0.01,False,0.8421540127006748,122,2.84361951833752
RPM,0153,mean_shift,negative,slow,exponential,1.0,weighted_0.5,300,False,0.0,0.0033333333333333335,False,0.8415465565143274,-1,2.84361951833752
RPM,0153,mean_shift,negative,slow,exponential,1.0,weighted_0.75,300,False,0.0,0.0,False,1.0,-1,2.84361951833752
RPM,0153,mean_shift,negative,fast,exponential,1.5,pird,300,False,0.0,0.0,False,1.0,-1,3.5677667198068668
RPM,0153,mean_shift,negative,fast,exponential,1.5,global,300,True,0.023333333333333334,0.023333333333333334,False,0.5,36,3.5677667198068668
RPM,0153,mean_shift,negative,fast,exponential,1.5,or,300,True,0.023333333333333334,0.023333333333333334,False,0.5,36,3.5677667198068668
RPM,0153,mean_shift,negative,fast,exponential,1.5,max,300,True,0.006666666666666667,0.006666666666666667,False,0.5,122,3.5677667198068668
RPM,0153,mean_shift,negative,fast,exponential,1.5,weighted_0.25,300,True,0.02,0.01,False,0.15682675992361889,120,3.5677667198068668
RPM,0153,mean_shift,negative,fast,exponential,1.5,weighted_0.5,300,False,0.0,0.0033333333333333335,False,0.8415465565143274,-1,3.5677667198068668
RPM,0153,mean_shift,negative,fast,exponential,1.5,weighted_0.75,300,False,0.0,0.0,False,1.0,-1,3.5677667198068668
RPM,0153,mean_shift,negative,medium,exponential,1.5,pird,300,False,0.0,0.0,False,1.0,-1,3.5677667198068668
RPM,0153,mean_shift,negative,medium,exponential,1.5,global,300,True,0.023333333333333334,0.023333333333333334,False,0.5,36,3.5677667198068668
RPM,0153,mean_shift,negative,medium,exponential,1.5,or,300,True,0.023333333333333334,0.023333333333333334,False,0.5,36,3.5677667198068668
RPM,0153,mean_shift,negative,medium,exponential,1.5,max,300,True,0.006666666666666667,0.006666666666666667,False,0.5,122,3.5677667198068668
RPM,0153,mean_shift,negative,medium,exponential,1.5,weighted_0.25,300,True,0.016666666666666666,0.01,False,0.2382731058925248,121,3.5677667198068668
RPM,0153,mean_shift,negative,medium,exponential,1.5,weighted_0.5,300,False,0.0,0.0033333333333333335,False,0.8415465565143274,-1,3.5677667198068668
RPM,0153,mean_shift,negative,medium,exponential,1.5,weighted_0.75,300,False,0.0,0.0,False,1.0,-1,3.5677667198068668
RPM,0153,mean_shift,negative,slow,exponential,1.5,pird,300,False,0.0,0.0,False,1.0,-1,3.5677667198068668
RPM,0153,mean_shift,negative,slow,exponential,1.5,global,300,True,0.023333333333333334,0.023333333333333334,False,0.5,36,3.5677667198068668
RPM,0153,mean_shift,negative,slow,exponential,1.5,or,300,True,0.023333333333333334,0.023333333333333334,False,0.5,36,3.5677667198068668
RPM,0153,mean_shift,negative,slow,exponential,1.5,max,300,True,0.006666666666666667,0.006666666666666667,False,0.5,122,3.5677667198068668
RPM,0153,mean_shift,negative,slow,exponential,1.5,weighted_0.25,300,True,0.0033333333333333335,0.01,False,0.8421540127006748,122,3.5677667198068668
RPM,0153,mean_shift,negative,slow,exponential,1.5,weighted_0.5,300,False,0.0,0.0033333333333333335,False,0.8415465565143274,-1,3.5677667198068668
RPM,0153,mean_shift,negative,slow,exponential,1.5,weighted_0.75,300,False,0.0,0.0,False,1.0,-1,3.5677667198068668
RPM,0153,mean_shift,negative,fast,exponential,2.0,pird,300,False,0.0,0.0,False,1.0,-1,4.632579204814792
RPM,0153,mean_shift,negative,fast,exponential,2.0,global,300,True,0.023333333333333334,0.023333333333333334,False,0.5,36,4.632579204814792
RPM,0153,mean_shift,negative,fast,exponential,2.0,or,300,True,0.023333333333333334,0.023333333333333334,False,0.5,36,4.632579204814792
RPM,0153,mean_shift,negative,fast,exponential,2.0,max,300,True,0.006666666666666667,0.006666666666666667,False,0.5,122,4.632579204814792
RPM,0153,mean_shift,negative,fast,exponential,2.0,weighted_0.25,300,True,0.02,0.01,False,0.15682675992361889,120,4.632579204814792
RPM,0153,mean_shift,negative,fast,exponential,2.0,weighted_0.5,300,True,0.016666666666666666,0.0033333333333333335,False,0.05037589024688565,121,4.632579204814792
RPM,0153,mean_shift,negative,fast,exponential,2.0,weighted_0.75,300,False,0.0,0.0,False,1.0,-1,4.632579204814792
RPM,0153,mean_shift,negative,medium,exponential,2.0,pird,300,False,0.0,0.0,False,1.0,-1,4.632579204814792
RPM,0153,mean_shift,negative,medium,exponential,2.0,global,300,True,0.023333333333333334,0.023333333333333334,False,0.5,36,4.632579204814792
RPM,0153,mean_shift,negative,medium,exponential,2.0,or,300,True,0.023333333333333334,0.023333333333333334,False,0.5,36,4.632579204814792
RPM,0153,mean_shift,negative,medium,exponential,2.0,max,300,True,0.006666666666666667,0.006666666666666667,False,0.5,122,4.632579204814792
RPM,0153,mean_shift,negative,medium,exponential,2.0,weighted_0.25,300,True,0.02,0.01,False,0.15682675992361889,120,4.632579204814792
RPM,0153,mean_shift,negative,medium,exponential,2.0,weighted_0.5,300,False,0.0,0.0033333333333333335,False,0.8415465565143274,-1,4.632579204814792
RPM,0153,mean_shift,negative,medium,exponential,2.0,weighted_0.75,300,False,0.0,0.0,False,1.0,-1,4.632579204814792
RPM,0153,mean_shift,negative,slow,exponential,2.0,pird,300,False,0.0,0.0,False,1.0,-1,4.632579204814792
RPM,0153,mean_shift,negative,slow,exponential,2.0,global,300,True,0.023333333333333334,0.023333333333333334,False,0.5,36,4.632579204814792
RPM,0153,mean_shift,negative,slow,exponential,2.0,or,300,True,0.023333333333333334,0.023333333333333334,False,0.5,36,4.632579204814792
RPM,0153,mean_shift,negative,slow,exponential,2.0,max,300,True,0.006666666666666667,0.006666666666666667,False,0.5,122,4.632579204814792
RPM,0153,mean_shift,negative,slow,exponential,2.0,weighted_0.25,300,True,0.006666666666666667,0.01,False,0.6733161689000499,122,4.632579204814792
RPM,0153,mean_shift,negative,slow,exponential,2.0,weighted_0.5,300,False,0.0,0.0033333333333333335,False,0.8415465565143274,-1,4.632579204814792
RPM,0153,mean_shift,negative,slow,exponential,2.0,weighted_0.75,300,False,0.0,0.0,False,1.0,-1,4.632579204814792
RPM,0153,mean_shift,negative,fast,exponential,3.0,pird,300,False,0.0,0.0,False,1.0,-1,6.341661456263418
RPM,0153,mean_shift,negative,fast,exponential,3.0,global,300,True,0.023333333333333334,0.023333333333333334,False,0.5,36,6.341661456263418
RPM,0153,mean_shift,negative,fast,exponential,3.0,or,300,True,0.023333333333333334,0.023333333333333334,False,0.5,36,6.341661456263418
RPM,0153,mean_shift,negative,fast,exponential,3.0,max,300,True,0.006666666666666667,0.006666666666666667,False,0.5,122,6.341661456263418
RPM,0153,mean_shift,negative,fast,exponential,3.0,weighted_0.25,300,True,0.02,0.01,False,0.15682675992361889,120,6.341661456263418
RPM,0153,mean_shift,negative,fast,exponential,3.0,weighted_0.5,300,True,0.02,0.0033333333333333335,True,0.028654691303167192,120,6.341661456263418
RPM,0153,mean_shift,negative,fast,exponential,3.0,weighted_0.75,300,False,0.0,0.0,False,1.0,-1,6.341661456263418
RPM,0153,mean_shift,negative,medium,exponential,3.0,pird,300,False,0.0,0.0,False,1.0,-1,6.341661456263418
RPM,0153,mean_shift,negative,medium,exponential,3.0,global,300,True,0.023333333333333334,0.023333333333333334,False,0.5,36,6.341661456263418
RPM,0153,mean_shift,negative,medium,exponential,3.0,or,300,True,0.023333333333333334,0.023333333333333334,False,0.5,36,6.341661456263418
RPM,0153,mean_shift,negative,medium,exponential,3.0,max,300,True,0.006666666666666667,0.006666666666666667,False,0.5,122,6.341661456263418
RPM,0153,mean_shift,negative,medium,exponential,3.0,weighted_0.25,300,True,0.02,0.01,False,0.15682675992361889,120,6.341661456263418
RPM,0153,mean_shift,negative,medium,exponential,3.0,weighted_0.5,300,True,0.016666666666666666,0.0033333333333333335,False,0.05037589024688565,121,6.341661456263418
RPM,0153,mean_shift,negative,medium,exponential,3.0,weighted_0.75,300,False,0.0,0.0,False,1.0,-1,6.341661456263418
RPM,0153,mean_shift,negative,slow,exponential,3.0,pird,300,False,0.0,0.0,False,1.0,-1,6.341661456263418
RPM,0153,mean_shift,negative,slow,exponential,3.0,global,300,True,0.023333333333333334,0.023333333333333334,False,0.5,36,6.341661456263418
RPM,0153,mean_shift,negative,slow,exponential,3.0,or,300,True,0.023333333333333334,0.023333333333333334,False,0.5,36,6.341661456263418
RPM,0153,mean_shift,negative,slow,exponential,3.0,max,300,True,0.006666666666666667,0.006666666666666667,False,0.5,122,6.341661456263418
RPM,0153,mean_shift,negative,slow,exponential,3.0,weighted_0.25,300,True,0.006666666666666667,0.01,False,0.6733161689000499,122,6.341661456263418
RPM,0153,mean_shift,negative,slow,exponential,3.0,weighted_0.5,300,False,0.0,0.0033333333333333335,False,0.8415465565143274,-1,6.341661456263418
RPM,0153,mean_shift,negative,slow,exponential,3.0,weighted_0.75,300,False,0.0,0.0,False,1.0,-1,6.341661456263418
gear,0316,additive,positive,fast,exponential,0.25,pird,300,True,0.006666666666666667,0.0033333333333333335,False,0.28136237593594443,8,5.2810723952672
gear,0316,additive,positive,fast,exponential,0.25,global,300,False,0.0,0.0,False,1.0,-1,5.2810723952672
gear,0316,additive,positive,fast,exponential,0.25,or,300,True,0.006666666666666667,0.0033333333333333335,False,0.28136237593594443,8,5.2810723952672
gear,0316,additive,positive,fast,exponential,0.25,max,300,True,0.006666666666666667,0.0033333333333333335,False,0.28136237593594443,8,5.2810723952672
gear,0316,additive,positive,fast,exponential,0.25,weighted_0.25,300,True,0.006666666666666667,0.006666666666666667,False,0.5,12,5.2810723952672
gear,0316,additive,positive,fast,exponential,0.25,weighted_0.5,300,True,0.016666666666666666,0.013333333333333334,False,0.3684875367889342,10,5.2810723952672
gear,0316,additive,positive,fast,exponential,0.25,weighted_0.75,300,True,0.0033333333333333335,0.0033333333333333335,False,0.5,10,5.2810723952672
gear,0316,additive,positive,medium,exponential,0.25,pird,300,True,0.006666666666666667,0.0033333333333333335,False,0.28136237593594443,8,5.285227929740525
gear,0316,additive,positive,medium,exponential,0.25,global,300,False,0.0,0.0,False,1.0,-1,5.285227929740525
gear,0316,additive,positive,medium,exponential,0.25,or,300,True,0.006666666666666667,0.0033333333333333335,False,0.28136237593594443,8,5.285227929740525
gear,0316,additive,positive,medium,exponential,0.25,max,300,True,0.006666666666666667,0.0033333333333333335,False,0.28136237593594443,8,5.285227929740525
gear,0316,additive,positive,medium,exponential,0.25,weighted_0.25,300,True,0.006666666666666667,0.006666666666666667,False,0.5,12,5.285227929740525
gear,0316,additive,positive,medium,exponential,0.25,weighted_0.5,300,True,0.013333333333333334,0.013333333333333334,False,0.5,10,5.285227929740525
gear,0316,additive,positive,medium,exponential,0.25,weighted_0.75,300,True,0.0033333333333333335,0.0033333333333333335,False,0.5,10,5.285227929740525
gear,0316,additive,positive,slow,exponential,0.25,pird,300,True,0.006666666666666667,0.0033333333333333335,False,0.28136237593594443,8,5.287250342925667
gear,0316,additive,positive,slow,exponential,0.25,global,300,False,0.0,0.0,False,1.0,-1,5.287250342925667
gear,0316,additive,positive,slow,exponential,0.25,or,300,True,0.006666666666666667,0.0033333333333333335,False,0.28136237593594443,8,5.287250342925667
gear,0316,additive,positive,slow,exponential,0.25,max,300,True,0.006666666666666667,0.0033333333333333335,False,0.28136237593594443,8,5.287250342925667
gear,0316,additive,positive,slow,exponential,0.25,weighted_0.25,300,True,0.006666666666666667,0.006666666666666667,False,0.5,12,5.287250342925667
gear,0316,additive,positive,slow,exponential,0.25,weighted_0.5,300,True,0.013333333333333334,0.013333333333333334,False,0.5,10,5.287250342925667
gear,0316,additive,positive,slow,exponential,0.25,weighted_0.75,300,True,0.0033333333333333335,0.0033333333333333335,False,0.5,10,5.287250342925667
gear,0316,additive,positive,fast,exponential,0.5,pird,300,True,0.023333333333333334,0.0033333333333333335,True,0.016355791764910255,8,5.576467543126347
gear,0316,additive,positive,fast,exponential,0.5,global,300,False,0.0,0.0,False,1.0,-1,5.576467543126347
gear,0316,additive,positive,fast,exponential,0.5,or,300,True,0.023333333333333334,0.0033333333333333335,True,0.016355791764910255,8,5.576467543126347
gear,0316,additive,positive,fast,exponential,0.5,max,300,True,0.023333333333333334,0.0033333333333333335,True,0.016355791764910255,8,5.576467543126347
gear,0316,additive,positive,fast,exponential,0.5,weighted_0.25,300,True,0.006666666666666667,0.006666666666666667,False,0.5,12,5.576467543126347
gear,0316,additive,positive,fast,exponential,0.5,weighted_0.5,300,True,0.016666666666666666,0.013333333333333334,False,0.3684875367889342,10,5.576467543126347
gear,0316,additive,positive,fast,exponential,0.5,weighted_0.75,300,True,0.006666666666666667,0.0033333333333333335,False,0.28136237593594443,10,5.576467543126347
gear,0316,additive,positive,medium,exponential,0.5,pird,300,True,0.006666666666666667,0.0033333333333333335,False,0.28136237593594443,8,5.281339408163011
gear,0316,additive,positive,medium,exponential,0.5,global,300,False,0.0,0.0,False,1.0,-1,5.281339408163011
gear,0316,additive,positive,medium,exponential,0.5,or,300,True,0.006666666666666667,0.0033333333333333335,False,0.28136237593594443,8,5.281339408163011
gear,0316,additive,positive,medium,exponential,0.5,max,300,True,0.006666666666666667,0.0033333333333333335,False,0.28136237593594443,8,5.281339408163011
gear,0316,additive,positive,medium,exponential,0.5,weighted_0.25,300,True,0.006666666666666667,0.006666666666666667,False,0.5,12,5.281339408163011
gear,0316,additive,positive,medium,exponential,0.5,weighted_0.5,300,True,0.013333333333333334,0.013333333333333334,False,0.5,10,5.281339408163011
gear,0316,additive,positive,medium,exponential,0.5,weighted_0.75,300,True,0.0033333333333333335,0.0033333333333333335,False,0.5,10,5.281339408163011
gear,0316,additive,positive,slow,exponential,0.5,pird,300,True,0.006666666666666667,0.0033333333333333335,False,0.28136237593594443,8,5.285294137544709
gear,0316,additive,positive,slow,exponential,0.5,global,300,False,0.0,0.0,False,1.0,-1,5.285294137544709
gear,0316,additive,positive,slow,exponential,0.5,or,300,True,0.006666666666666667,0.0033333333333333335,False,0.28136237593594443,8,5.285294137544709
gear,0316,additive,positive,slow,exponential,0.5,max,300,True,0.006666666666666667,0.0033333333333333335,False,0.28136237593594443,8,5.285294137544709
gear,0316,additive,positive,slow,exponential,0.5,weighted_0.25,300,True,0.006666666666666667,0.006666666666666667,False,0.5,12,5.285294137544709
gear,0316,additive,positive,slow,exponential,0.5,weighted_0.5,300,True,0.013333333333333334,0.013333333333333334,False,0.5,10,5.285294137544709
gear,0316,additive,positive,slow,exponential,0.5,weighted_0.75,300,True,0.0033333333333333335,0.0033333333333333335,False,0.5,10,5.285294137544709
gear,0316,additive,positive,fast,exponential,0.75,pird,300,True,0.08,0.0033333333333333335,True,1.3076016026214785e-06,8,6.098003352451886
gear,0316,additive,positive,fast,exponential,0.75,global,300,False,0.0,0.0,False,1.0,-1,6.098003352451886
gear,0316,additive,positive,fast,exponential,0.75,or,300,True,0.08,0.0033333333333333335,True,1.3076016026214785e-06,8,6.098003352451886
gear,0316,additive,positive,fast,exponential,0.75,max,300,True,0.08,0.0033333333333333335,True,1.3076016026214785e-06,8,6.098003352451886
gear,0316,additive,positive,fast,exponential,0.75,weighted_0.25,300,True,0.01,0.006666666666666667,False,0.32668383109995014,12,6.098003352451886
gear,0316,additive,positive,fast,exponential,0.75,weighted_0.5,300,True,0.023333333333333334,0.013333333333333334,False,0.18063668770631358,10,6.098003352451886
gear,0316,additive,positive,fast,exponential,0.75,weighted_0.75,300,True,0.03666666666666667,0.0033333333333333335,True,0.0017724160638077932,10,6.098003352451886
gear,0316,additive,positive,medium,exponential,0.75,pird,300,True,0.01,0.0033333333333333335,False,0.15784598729932525,8,5.277569918286202
gear,0316,additive,positive,medium,exponential,0.75,global,300,False,0.0,0.0,False,1.0,-1,5.277569918286202
gear,0316,additive,positive,medium,exponential,0.75,or,300,True,0.01,0.0033333333333333335,False,0.15784598729932525,8,5.277569918286202
gear,0316,additive,positive,medium,exponential,0.75,max,300,True,0.01,0.0033333333333333335,False,0.15784598729932525,8,5.277569918286202
gear,0316,additive,positive,medium,exponential,0.75,weighted_0.25,300,True,0.006666666666666667,0.006666666666666667,False,0.5,12,5.277569918286202
gear,0316,additive,positive,medium,exponential,0.75,weighted_0.5,300,True,0.016666666666666666,0.013333333333333334,False,0.3684875367889342,10,5.277569918286202
gear,0316,additive,positive,medium,exponential,0.75,weighted_0.75,300,True,0.0033333333333333335,0.0033333333333333335,False,0.5,10,5.277569918286202
gear,0316,additive,positive,slow,exponential,0.75,pird,300,True,0.006666666666666667,0.0033333333333333335,False,0.28136237593594443,8,5.283366636196206
gear,0316,additive,positive,slow,exponential,0.75,global,300,False,0.0,0.0,False,1.0,-1,5.283366636196206
gear,0316,additive,positive,slow,exponential,0.75,or,300,True,0.006666666666666667,0.0033333333333333335,False,0.28136237593594443,8,5.283366636196206
gear,0316,additive,positive,slow,exponential,0.75,max,300,True,0.006666666666666667,0.0033333333333333335,False,0.28136237593594443,8,5.283366636196206
gear,0316,additive,positive,slow,exponential,0.75,weighted_0.25,300,True,0.006666666666666667,0.006666666666666667,False,0.5,12,5.283366636196206
gear,0316,additive,positive,slow,exponential,0.75,weighted_0.5,300,True,0.013333333333333334,0.013333333333333334,False,0.5,10,5.283366636196206
gear,0316,additive,positive,slow,exponential,0.75,weighted_0.75,300,True,0.0033333333333333335,0.0033333333333333335,False,0.5,10,5.283366636196206
gear,0316,additive,positive,fast,exponential,1.0,pird,300,True,0.13666666666666666,0.0033333333333333335,True,7.758433397133403e-11,8,6.678201769990128
gear,0316,additive,positive,fast,exponential,1.0,global,300,False,0.0,0.0,False,1.0,-1,6.678201769990128
gear,0316,additive,positive,fast,exponential,1.0,or,300,True,0.13666666666666666,0.0033333333333333335,True,7.758433397133403e-11,8,6.678201769990128
gear,0316,additive,positive,fast,exponential,1.0,max,300,True,0.13666666666666666,0.0033333333333333335,True,7.758433397133403e-11,8,6.678201769990128
gear,0316,additive,positive,fast,exponential,1.0,weighted_0.25,300,True,0.013333333333333334,0.006666666666666667,False,0.2059342420289756,12,6.678201769990128
gear,0316,additive,positive,fast,exponential,1.0,weighted_0.5,300,True,0.04666666666666667,0.013333333333333334,True,0.008351206673610646,10,6.678201769990128
gear,0316,additive,positive,fast,exponential,1.0,weighted_0.75,300,True,0.11666666666666667,0.0033333333333333335,True,2.5370991337771022e-09,10,6.678201769990128
gear,0316,additive,positive,medium,exponential,1.0,pird,300,True,0.02,0.0033333333333333335,True,0.028654691303167192,8,5.398571689376182
gear,0316,additive,positive,medium,exponential,1.0,global,300,False,0.0,0.0,False,1.0,-1,5.398571689376182
gear,0316,additive,positive,medium,exponential,1.0,or,300,True,0.02,0.0033333333333333335,True,0.028654691303167192,8,5.398571689376182
gear,0316,additive,positive,medium,exponential,1.0,max,300,True,0.016666666666666666,0.0033333333333333335,False,0.05037589024688565,8,5.398571689376182
gear,0316,additive,positive,medium,exponential,1.0,weighted_0.25,300,True,0.006666666666666667,0.006666666666666667,False,0.5,12,5.398571689376182
gear,0316,additive,positive,medium,exponential,1.0,weighted_0.5,300,True,0.016666666666666666,0.013333333333333334,False,0.3684875367889342,10,5.398571689376182
gear,0316,additive,positive,medium,exponential,1.0,weighted_0.75,300,True,0.0033333333333333335,0.0033333333333333335,False,0.5,10,5.398571689376182
gear,0316,additive,positive,slow,exponential,1.0,pird,300,True,0.006666666666666667,0.0033333333333333335,False,0.28136237593594443,8,5.281467870307252
gear,0316,additive,positive,slow,exponential,1.0,global,300,False,0.0,0.0,False,1.0,-1,5.281467870307252
gear,0316,additive,positive,slow,exponential,1.0,or,300,True,0.006666666666666667,0.0033333333333333335,False,0.28136237593594443,8,5.281467870307252
gear,0316,additive,positive,slow,exponential,1.0,max,300,True,0.006666666666666667,0.0033333333333333335,False,0.28136237593594443,8,5.281467870307252
gear,0316,additive,positive,slow,exponential,1.0,weighted_0.25,300,True,0.006666666666666667,0.006666666666666667,False,0.5,12,5.281467870307252
gear,0316,additive,positive,slow,exponential,1.0,weighted_0.5,300,True,0.013333333333333334,0.013333333333333334,False,0.5,10,5.281467870307252
gear,0316,additive,positive,slow,exponential,1.0,weighted_0.75,300,True,0.0033333333333333335,0.0033333333333333335,False,0.5,10,5.281467870307252
gear,0316,additive,positive,fast,exponential,1.5,pird,300,True,0.37333333333333335,0.0033333333333333335,True,2.3074049198842725e-31,8,8.001610904211562
gear,0316,additive,positive,fast,exponential,1.5,global,300,False,0.0,0.0,False,1.0,-1,8.001610904211562
gear,0316,additive,positive,fast,exponential,1.5,or,300,True,0.37333333333333335,0.0033333333333333335,True,2.3074049198842725e-31,8,8.001610904211562
gear,0316,additive,positive,fast,exponential,1.5,max,300,True,0.36666666666666664,0.0033333333333333335,True,1.047067743764502e-30,8,8.001610904211562
gear,0316,additive,positive,fast,exponential,1.5,weighted_0.25,300,True,0.03,0.006666666666666667,True,0.016577695243507835,12,8.001610904211562
gear,0316,additive,positive,fast,exponential,1.5,weighted_0.5,300,True,0.09333333333333334,0.013333333333333334,True,6.487856607620207e-06,10,8.001610904211562
gear,0316,additive,positive,fast,exponential,1.5,weighted_0.75,300,True,0.33,0.0033333333333333335,True,3.4723080020127414e-27,10,8.001610904211562
gear,0316,additive,positive,medium,exponential,1.5,pird,300,True,0.13666666666666666,0.0033333333333333335,True,7.758433397133403e-11,8,5.8065791419057335
gear,0316,additive,positive,medium,exponential,1.5,global,300,False,0.0,0.0,False,1.0,-1,5.8065791419057335
gear,0316,additive,positive,medium,exponential,1.5,or,300,True,0.13666666666666666,0.0033333333333333335,True,7.758433397133403e-11,8,5.8065791419057335
gear,0316,additive,positive,medium,exponential,1.5,max,300,True,0.12666666666666668,0.0033333333333333335,True,4.4713332212739396e-10,8,5.8065791419057335
gear,0316,additive,positive,medium,exponential,1.5,weighted_0.25,300,True,0.006666666666666667,0.006666666666666667,False,0.5,12,5.8065791419057335
gear,0316,additive,positive,medium,exponential,1.5,weighted_0.5,300,True,0.03666666666666667,0.013333333333333334,True,0.03359378426128187,10,5.8065791419057335
gear,0316,additive,positive,medium,exponential,1.5,weighted_0.75,300,True,0.07666666666666666,0.0033333333333333335,True,2.288108286958129e-06,10,5.8065791419057335
gear,0316,additive,positive,slow,exponential,1.5,pird,300,True,0.01,0.0033333333333333335,False,0.15784598729932525,8,5.277756668495681
gear,0316,additive,positive,slow,exponential,1.5,global,300,False,0.0,0.0,False,1.0,-1,5.277756668495681
gear,0316,additive,positive,slow,exponential,1.5,or,300,True,0.01,0.0033333333333333335,False,0.15784598729932525,8,5.277756668495681
gear,0316,additive,positive,slow,exponential,1.5,max,300,True,0.006666666666666667,0.0033333333333333335,False,0.28136237593594443,8,5.277756668495681
gear,0316,additive,positive,slow,exponential,1.5,weighted_0.25,300,True,0.006666666666666667,0.006666666666666667,False,0.5,12,5.277756668495681
gear,0316,additive,positive,slow,exponential,1.5,weighted_0.5,300,True,0.016666666666666666,0.013333333333333334,False,0.3684875367889342,10,5.277756668495681
gear,0316,additive,positive,slow,exponential,1.5,weighted_0.75,300,True,0.0033333333333333335,0.0033333333333333335,False,0.5,10,5.277756668495681
gear,0316,additive,positive,fast,exponential,2.0,pird,300,True,0.8766666666666667,0.0033333333333333335,True,2.7690915836437853e-103,19,9.395255850775616
gear,0316,additive,positive,fast,exponential,2.0,global,300,False,0.0,0.0,False,1.0,-1,9.395255850775616
gear,0316,additive,positive,fast,exponential,2.0,or,300,True,0.8766666666666667,0.0033333333333333335,True,2.7690915836437853e-103,19,9.395255850775616
gear,0316,additive,positive,fast,exponential,2.0,max,300,True,0.8766666666666667,0.0033333333333333335,True,2.7690915836437853e-103,19,9.395255850775616
gear,0316,additive,positive,fast,exponential,2.0,weighted_0.25,300,True,0.03333333333333333,0.006666666666666667,True,0.009828078625084946,12,9.395255850775616
gear,0316,additive,positive,fast,exponential,2.0,weighted_0.5,300,True,0.48,0.013333333333333334,True,2.006843913513466e-40,10,9.395255850775616
gear,0316,additive,positive,fast,exponential,2.0,weighted_0.75,300,True,0.87,0.0033333333333333335,True,6.4979358376590655e-102,10,9.395255850775616
gear,0316,additive,positive,medium,exponential,2.0,pird,300,True,0.7233333333333334,0.0033333333333333335,True,2.1945299674361685e-75,8,7.134518962390697
gear,0316,additive,positive,medium,exponential,2.0,global,300,False,0.0,0.0,False,1.0,-1,7.134518962390697
gear,0316,additive,positive,medium,exponential,2.0,or,300,True,0.7233333333333334,0.0033333333333333335,True,2.1945299674361685e-75,8,7.134518962390697
gear,0316,additive,positive,medium,exponential,2.0,max,300,True,0.7233333333333334,0.0033333333333333335,True,2.1945299674361685e-75,8,7.134518962390697
gear,0316,additive,positive,medium,exponential,2.0,weighted_0.25,300,True,0.02,0.006666666666666667,False,0.07726131031423313,12,7.134518962390697
gear,0316,additive,positive,medium,exponential,2.0,weighted_0.5,300,True,0.35,0.013333333333333334,True,5.425159239728889e-27,10,7.134518962390697
gear,0316,additive,positive,medium,exponential,2.0,weighted_0.75,300,True,0.66,0.0033333333333333335,True,1.0073613571689497e-65,10,7.134518962390697
gear,0316,additive,positive,slow,exponential,2.0,pird,300,True,0.12666666666666668,0.0033333333333333335,True,4.4713332212739396e-10,8,6.44917542115116
gear,0316,additive,positive,slow,exponential,2.0,global,300,False,0.0,0.0,False,1.0,-1,6.44917542115116
gear,0316,additive,positive,slow,exponential,2.0,or,300,True,0.12666666666666668,0.0033333333333333335,True,4.4713332212739396e-10,8,6.44917542115116
gear,0316,additive,positive,slow,exponential,2.0,max,300,True,0.12666666666666668,0.0033333333333333335,True,4.4713332212739396e-10,8,6.44917542115116
gear,0316,additive,positive,slow,exponential,2.0,weighted_0.25,300,True,0.006666666666666667,0.006666666666666667,False,0.5,12,6.44917542115116
gear,0316,additive,positive,slow,exponential,2.0,weighted_0.5,300,True,0.04,0.013333333333333334,True,0.021320361320047877,10,6.44917542115116
gear,0316,additive,positive,slow,exponential,2.0,weighted_0.75,300,True,0.12,0.0033333333333333335,True,1.424852978582141e-09,10,6.44917542115116
gear,0316,additive,positive,fast,exponential,3.0,pird,300,True,0.91,0.0033333333333333335,True,2.1803238586887155e-110,8,12.314611378724178
gear,0316,additive,positive,fast,exponential,3.0,global,300,False,0.0,0.0,False,1.0,-1,12.314611378724178
gear,0316,additive,positive,fast,exponential,3.0,or,300,True,0.91,0.0033333333333333335,True,2.1803238586887155e-110,8,12.314611378724178
gear,0316,additive,positive,fast,exponential,3.0,max,300,True,0.91,0.0033333333333333335,True,2.1803238586887155e-110,8,12.314611378724178
gear,0316,additive,positive,fast,exponential,3.0,weighted_0.25,300,True,0.07333333333333333,0.006666666666666667,True,1.5454296882296007e-05,12,12.314611378724178
gear,0316,additive,positive,fast,exponential,3.0,weighted_0.5,300,True,0.8333333333333334,0.013333333333333334,True,3.772443531272305e-92,10,12.314611378724178
gear,0316,additive,positive,fast,exponential,3.0,weighted_0.75,300,True,0.8933333333333333,0.0033333333333333335,True,8.78943793034212e-107,10,12.314611378724178
gear,0316,additive,positive,medium,exponential,3.0,pird,300,True,0.84,0.0033333333333333335,True,6.091635343423519e-96,8,10.087549379258864
gear,0316,additive,positive,medium,exponential,3.0,global,300,False,0.0,0.0,False,1.0,-1,10.087549379258864
gear,0316,additive,positive,medium,exponential,3.0,or,300,True,0.84,0.0033333333333333335,True,6.091635343423519e-96,8,10.087549379258864
gear,0316,additive,positive,medium,exponential,3.0,max,300,True,0.84,0.0033333333333333335,True,6.091635343423519e-96,8,10.087549379258864
gear,0316,additive,positive,medium,exponential,3.0,weighted_0.25,300,True,0.06,0.006666666666666667,True,0.0001369181670992154,12,10.087549379258864
gear,0316,additive,positive,medium,exponential,3.0,weighted_0.5,300,True,0.6966666666666667,0.013333333333333334,True,8.571761914787309e-69,10,10.087549379258864
gear,0316,additive,positive,medium,exponential,3.0,weighted_0.75,300,True,0.8366666666666667,0.0033333333333333335,True,2.6869943146541087e-95,10,10.087549379258864
gear,0316,additive,positive,slow,exponential,3.0,pird,300,True,0.42333333333333334,0.0033333333333333335,True,1.8298173682817833e-36,8,9.416500147854602
gear,0316,additive,positive,slow,exponential,3.0,global,300,False,0.0,0.0,False,1.0,-1,9.416500147854602
gear,0316,additive,positive,slow,exponential,3.0,or,300,True,0.42333333333333334,0.0033333333333333335,True,1.8298173682817833e-36,8,9.416500147854602
gear,0316,additive,positive,slow,exponential,3.0,max,300,True,0.42333333333333334,0.0033333333333333335,True,1.8298173682817833e-36,8,9.416500147854602
gear,0316,additive,positive,slow,exponential,3.0,weighted_0.25,300,True,0.006666666666666667,0.006666666666666667,False,0.5,12,9.416500147854602
gear,0316,additive,positive,slow,exponential,3.0,weighted_0.5,300,True,0.30666666666666664,0.013333333333333334,True,5.652800375866927e-23,10,9.416500147854602
gear,0316,additive,positive,slow,exponential,3.0,weighted_0.75,300,True,0.4,0.0033333333333333335,True,4.806825819839916e-34,10,9.416500147854602
gear,0316,additive,negative,fast,exponential,0.25,pird,300,True,0.0033333333333333335,0.0033333333333333335,False,0.5,8,5.297905701999155
gear,0316,additive,negative,fast,exponential,0.25,global,300,False,0.0,0.0,False,1.0,-1,5.297905701999155
gear,0316,additive,negative,fast,exponential,0.25,or,300,True,0.0033333333333333335,0.0033333333333333335,False,0.5,8,5.297905701999155
gear,0316,additive,negative,fast,exponential,0.25,max,300,True,0.0033333333333333335,0.0033333333333333335,False,0.5,8,5.297905701999155
gear,0316,additive,negative,fast,exponential,0.25,weighted_0.25,300,True,0.006666666666666667,0.006666666666666667,False,0.5,12,5.297905701999155
gear,0316,additive,negative,fast,exponential,0.25,weighted_0.5,300,True,0.013333333333333334,0.013333333333333334,False,0.5,10,5.297905701999155
gear,0316,additive,negative,fast,exponential,0.25,weighted_0.75,300,True,0.0033333333333333335,0.0033333333333333335,False,0.5,10,5.297905701999155
gear,0316,additive,negative,medium,exponential,0.25,pird,300,True,0.0033333333333333335,0.0033333333333333335,False,0.5,8,5.293361010674532
gear,0316,additive,negative,medium,exponential,0.25,global,300,False,0.0,0.0,False,1.0,-1,5.293361010674532
gear,0316,additive,negative,medium,exponential,0.25,or,300,True,0.0033333333333333335,0.0033333333333333335,False,0.5,8,5.293361010674532
gear,0316,additive,negative,medium,exponential,0.25,max,300,True,0.0033333333333333335,0.0033333333333333335,False,0.5,8,5.293361010674532
gear,0316,additive,negative,medium,exponential,0.25,weighted_0.25,300,True,0.006666666666666667,0.006666666666666667,False,0.5,12,5.293361010674532
gear,0316,additive,negative,medium,exponential,0.25,weighted_0.5,300,True,0.013333333333333334,0.013333333333333334,False,0.5,10,5.293361010674532
gear,0316,additive,negative,medium,exponential,0.25,weighted_0.75,300,True,0.0033333333333333335,0.0033333333333333335,False,0.5,10,5.293361010674532
gear,0316,additive,negative,slow,exponential,0.25,pird,300,True,0.0033333333333333335,0.0033333333333333335,False,0.5,8,5.2912487379732385
gear,0316,additive,negative,slow,exponential,0.25,global,300,False,0.0,0.0,False,1.0,-1,5.2912487379732385
gear,0316,additive,negative,slow,exponential,0.25,or,300,True,0.0033333333333333335,0.0033333333333333335,False,0.5,8,5.2912487379732385
gear,0316,additive,negative,slow,exponential,0.25,max,300,True,0.0033333333333333335,0.0033333333333333335,False,0.5,8,5.2912487379732385
gear,0316,additive,negative,slow,exponential,0.25,weighted_0.25,300,True,0.006666666666666667,0.006666666666666667,False,0.5,12,5.2912487379732385
gear,0316,additive,negative,slow,exponential,0.25,weighted_0.5,300,True,0.013333333333333334,0.013333333333333334,False,0.5,10,5.2912487379732385
gear,0316,additive,negative,slow,exponential,0.25,weighted_0.75,300,True,0.0033333333333333335,0.0033333333333333335,False,0.5,10,5.2912487379732385
gear,0316,additive,negative,fast,exponential,0.5,pird,300,True,0.006666666666666667,0.0033333333333333335,False,0.28136237593594443,8,5.307081351631712
gear,0316,additive,negative,fast,exponential,0.5,global,300,False,0.0,0.0,False,1.0,-1,5.307081351631712
gear,0316,additive,negative,fast,exponential,0.5,or,300,True,0.006666666666666667,0.0033333333333333335,False,0.28136237593594443,8,5.307081351631712
gear,0316,additive,negative,fast,exponential,0.5,max,300,True,0.006666666666666667,0.0033333333333333335,False,0.28136237593594443,8,5.307081351631712
gear,0316,additive,negative,fast,exponential,0.5,weighted_0.25,300,True,0.01,0.006666666666666667,False,0.32668383109995014,12,5.307081351631712
gear,0316,additive,negative,fast,exponential,0.5,weighted_0.5,300,True,0.03333333333333333,0.013333333333333334,False,0.05233644006294417,10,5.307081351631712
gear,0316,additive,negative,fast,exponential,0.5,weighted_0.75,300,True,0.023333333333333334,0.0033333333333333335,True,0.016355791764910255,10,5.307081351631712
gear,0316,additive,negative,medium,exponential,0.5,pird,300,True,0.0033333333333333335,0.0033333333333333335,False,0.5,8,5.297605023428567
gear,0316,additive,negative,medium,exponential,0.5,global,300,False,0.0,0.0,False,1.0,-1,5.297605023428567
gear,0316,additive,negative,medium,exponential,0.5,or,300,True,0.0033333333333333335,0.0033333333333333335,False,0.5,8,5.297605023428567
gear,0316,additive,negative,medium,exponential,0.5,max,300,True,0.0033333333333333335,0.0033333333333333335,False,0.5,8,5.297605023428567
gear,0316,additive,negative,medium,exponential,0.5,weighted_0.25,300,True,0.006666666666666667,0.006666666666666667,False,0.5,12,5.297605023428567
gear,0316,additive,negative,medium,exponential,0.5,weighted_0.5,300,True,0.016666666666666666,0.013333333333333334,False,0.3684875367889342,10,5.297605023428567
gear,0316,additive,negative,medium,exponential,0.5,weighted_0.75,300,True,0.01,0.0033333333333333335,False,0.15784598729932525,10,5.297605023428567
gear,0316,additive,negative,slow,exponential,0.5,pird,300,True,0.006666666666666667,0.0033333333333333335,False,0.28136237593594443,8,5.293290862689871
gear,0316,additive,negative,slow,exponential,0.5,global,300,False,0.0,0.0,False,1.0,-1,5.293290862689871
gear,0316,additive,negative,slow,exponential,0.5,or,300,True,0.006666666666666667,0.0033333333333333335,False,0.28136237593594443,8,5.293290862689871
gear,0316,additive,negative,slow,exponential,0.5,max,300,True,0.0033333333333333335,0.0033333333333333335,False,0.5,8,5.293290862689871
gear,0316,additive,negative,slow,exponential,0.5,weighted_0.25,300,True,0.006666666666666667,0.006666666666666667,False,0.5,12,5.293290862689871
gear,0316,additive,negative,slow,exponential,0.5,weighted_0.5,300,True,0.016666666666666666,0.013333333333333334,False,0.3684875367889342,10,5.293290862689871
gear,0316,additive,negative,slow,exponential,0.5,weighted_0.75,300,True,0.006666666666666667,0.0033333333333333335,False,0.28136237593594443,10,5.293290862689871
gear,0316,additive,negative,fast,exponential,0.75,pird,300,True,0.17666666666666667,0.0033333333333333335,True,5.945918684099814e-14,8,5.316759553935676
gear,0316,additive,negative,fast,exponential,0.75,global,300,False,0.0,0.0,False,1.0,-1,5.316759553935676
gear,0316,additive,negative,fast,exponential,0.75,or,300,True,0.17666666666666667,0.0033333333333333335,True,5.945918684099814e-14,8,5.316759553935676
gear,0316,additive,negative,fast,exponential,0.75,max,300,True,0.17666666666666667,0.0033333333333333335,True,5.945918684099814e-14,8,5.316759553935676
gear,0316,additive,negative,fast,exponential,0.75,weighted_0.25,300,True,0.013333333333333334,0.006666666666666667,False,0.2059342420289756,12,5.316759553935676
gear,0316,additive,negative,fast,exponential,0.75,weighted_0.5,300,True,0.05,0.013333333333333334,True,0.005166163892069683,10,5.316759553935676
gear,0316,additive,negative,fast,exponential,0.75,weighted_0.75,300,True,0.15,0.0033333333333333335,True,7.320743619248669e-12,10,5.316759553935676
gear,0316,additive,negative,medium,exponential,0.75,pird,300,True,0.17333333333333334,0.0033333333333333335,True,1.0927679406693138e-13,8,5.301966974855595
gear,0316,additive,negative,medium,exponential,0.75,global,300,False,0.0,0.0,False,1.0,-1,5.301966974855595
gear,0316,additive,negative,medium,exponential,0.75,or,300,True,0.17333333333333334,0.0033333333333333335,True,1.0927679406693138e-13,8,5.301966974855595
gear,0316,additive,negative,medium,exponential,0.75,max,300,True,0.17333333333333334,0.0033333333333333335,True,1.0927679406693138e-13,8,5.301966974855595
gear,0316,additive,negative,medium,exponential,0.75,weighted_0.25,300,True,0.006666666666666667,0.006666666666666667,False,0.5,12,5.301966974855595
gear,0316,additive,negative,medium,exponential,0.75,weighted_0.5,300,True,0.03666666666666667,0.013333333333333334,True,0.03359378426128187,10,5.301966974855595
gear,0316,additive,negative,medium,exponential,0.75,weighted_0.75,300,True,0.12333333333333334,0.0033333333333333335,True,7.988657477246395e-10,10,5.301966974855595
gear,0316,additive,negative,slow,exponential,0.75,pird,300,True,0.08333333333333333,0.0033333333333333335,True,7.463653449916999e-07,8,5.295361561544087
gear,0316,additive,negative,slow,exponential,0.75,global,300,False,0.0,0.0,False,1.0,-1,5.295361561544087
gear,0316,additive,negative,slow,exponential,0.75,or,300,True,0.08333333333333333,0.0033333333333333335,True,7.463653449916999e-07,8,5.295361561544087
gear,0316,additive,negative,slow,exponential,0.75,max,300,True,0.08333333333333333,0.0033333333333333335,True,7.463653449916999e-07,8,5.295361561544087
gear,0316,additive,negative,slow,exponential,0.75,weighted_0.25,300,True,0.006666666666666667,0.006666666666666667,False,0.5,12,5.295361561544087
gear,0316,additive,negative,slow,exponential,0.75,weighted_0.5,300,True,0.016666666666666666,0.013333333333333334,False,0.3684875367889342,10,5.295361561544087
gear,0316,additive,negative,slow,exponential,0.75,weighted_0.75,300,True,0.056666666666666664,0.0033333333333333335,True,6.430371156653373e-05,10,5.295361561544087
gear,0316,additive,negative,fast,exponential,1.0,pird,300,True,0.38666666666666666,0.0033333333333333335,True,1.0799485383596858e-32,8,5.326937569735807
gear,0316,additive,negative,fast,exponential,1.0,global,300,False,0.0,0.0,False,1.0,-1,5.326937569735807
gear,0316,additive,negative,fast,exponential,1.0,or,300,True,0.38666666666666666,0.0033333333333333335,True,1.0799485383596858e-32,8,5.326937569735807
gear,0316,additive,negative,fast,exponential,1.0,max,300,True,0.38666666666666666,0.0033333333333333335,True,1.0799485383596858e-32,8,5.326937569735807
gear,0316,additive,negative,fast,exponential,1.0,weighted_0.25,300,True,0.016666666666666666,0.006666666666666667,False,0.12702523609430322,12,5.326937569735807
gear,0316,additive,negative,fast,exponential,1.0,weighted_0.5,300,True,0.08,0.013333333333333334,True,5.4184156268136494e-05,10,5.326937569735807
gear,0316,additive,negative,fast,exponential,1.0,weighted_0.75,300,True,0.35,0.0033333333333333335,True,4.3579951524150323e-29,10,5.326937569735807
gear,0316,additive,negative,medium,exponential,1.0,pird,300,True,0.34,0.0033333333333333335,True,3.940586805295693e-28,8,5.306446574115367
gear,0316,additive,negative,medium,exponential,1.0,global,300,False,0.0,0.0,False,1.0,-1,5.306446574115367
gear,0316,additive,negative,medium,exponential,1.0,or,300,True,0.34,0.0033333333333333335,True,3.940586805295693e-28,8,5.306446574115367
gear,0316,additive,negative,medium,exponential,1.0,max,300,True,0.34,0.0033333333333333335,True,3.940586805295693e-28,8,5.306446574115367
gear,0316,additive,negative,medium,exponential,1.0,weighted_0.25,300,True,0.01,0.006666666666666667,False,0.32668383109995014,12,5.306446574115367
gear,0316,additive,negative,medium,exponential,1.0,weighted_0.5,300,True,0.07333333333333333,0.013333333333333334,True,0.0001535981298428559,10,5.306446574115367
gear,0316,additive,negative,medium,exponential,1.0,weighted_0.75,300,True,0.32,0.0033333333333333335,True,2.9831367881461e-26,10,5.306446574115367
gear,0316,additive,negative,slow,exponential,1.0,pird,300,True,0.16666666666666666,0.0033333333333333335,True,3.668763527077119e-13,8,5.297460801028267
gear,0316,additive,negative,slow,exponential,1.0,global,300,False,0.0,0.0,False,1.0,-1,5.297460801028267
gear,0316,additive,negative,slow,exponential,1.0,or,300,True,0.16666666666666666,0.0033333333333333335,True,3.668763527077119e-13,8,5.297460801028267
gear,0316,additive,negative,slow,exponential,1.0,max,300,True,0.16333333333333333,0.0033333333333333335,True,6.702214860998915e-13,8,5.297460801028267
gear,0316,additive,negative,slow,exponential,1.0,weighted_0.25,300,True,0.006666666666666667,0.006666666666666667,False,0.5,12,5.297460801028267
gear,0316,additive,negative,slow,exponential,1.0,weighted_0.5,300,True,0.03,0.013333333333333334,False,0.08045430280769496,10,5.297460801028267
gear,0316,additive,negative,slow,exponential,1.0,weighted_0.75,300,True,0.13,0.0033333333333333335,True,2.4983230272021913e-10,10,5.297460801028267
gear,0316,additive,negative,fast,exponential,1.5,pird,300,True,0.7433333333333333,0.0033333333333333335,True,1.2252969746272423e-78,8,6.578538737490851
gear,0316,additive,negative,fast,exponential,1.5,global,300,False,0.0,0.0,False,1.0,-1,6.578538737490851
gear,0316,additive,negative,fast,exponential,1.5,or,300,True,0.7433333333333333,0.0033333333333333335,True,1.2252969746272423e-78,8,6.578538737490851
gear,0316,additive,negative,fast,exponential,1.5,max,300,True,0.7433333333333333,0.0033333333333333335,True,1.2252969746272423e-78,8,6.578538737490851
gear,0316,additive,negative,fast,exponential,1.5,weighted_0.25,300,True,0.03,0.006666666666666667,True,0.016577695243507835,12,6.578538737490851
gear,0316,additive,negative,fast,exponential,1.5,weighted_0.5,300,True,0.22,0.013333333333333334,True,1.5775639409707699e-15,10,6.578538737490851
gear,0316,additive,negative,fast,exponential,1.5,weighted_0.75,300,True,0.6533333333333333,0.0033333333333333335,True,9.278284077815038e-65,10,6.578538737490851
gear,0316,additive,negative,medium,exponential,1.5,pird,300,True,0.56,0.0033333333333333335,True,3.411192411825146e-52,8,6.578538737490851
gear,0316,additive,negative,medium,exponential,1.5,global,300,False,0.0,0.0,False,1.0,-1,6.578538737490851
gear,0316,additive,negative,medium,exponential,1.5,or,300,True,0.56,0.0033333333333333335,True,3.411192411825146e-52,8,6.578538737490851
gear,0316,additive,negative,medium,exponential,1.5,max,300,True,0.56,0.0033333333333333335,True,3.411192411825146e-52,8,6.578538737490851
gear,0316,additive,negative,medium,exponential,1.5,weighted_0.25,300,True,0.016666666666666666,0.006666666666666667,False,0.12702523609430322,12,6.578538737490851
gear,0316,additive,negative,medium,exponential,1.5,weighted_0.5,300,True,0.19,0.013333333333333334,True,4.0439692684853033e-13,10,6.578538737490851
gear,0316,additive,negative,medium,exponential,1.5,weighted_0.75,300,True,0.5333333333333333,0.0033333333333333335,True,6.7695551461719975e-49,10,6.578538737490851
gear,0316,additive,negative,slow,exponential,1.5,pird,300,True,0.29,0.0033333333333333335,True,1.632718003621514e-23,8,6.275401750636116
gear,0316,additive,negative,slow,exponential,1.5,global,300,False,0.0,0.0,False,1.0,-1,6.275401750636116
gear,0316,additive,negative,slow,exponential,1.5,or,300,True,0.29,0.0033333333333333335,True,1.632718003621514e-23,8,6.275401750636116
gear,0316,additive,negative,slow,exponential,1.5,max,300,True,0.29,0.0033333333333333335,True,1.632718003621514e-23,8,6.275401750636116
gear,0316,additive,negative,slow,exponential,1.5,weighted_0.25,300,True,0.006666666666666667,0.006666666666666667,False,0.5,12,6.275401750636116
gear,0316,additive,negative,slow,exponential,1.5,weighted_0.5,300,True,0.06333333333333334,0.013333333333333334,True,0.0007127323512433679,10,6.275401750636116
gear,0316,additive,negative,slow,exponential,1.5,weighted_0.75,300,True,0.3,0.0033333333333333335,True,2.044628189677619e-24,10,6.275401750636116
gear,0316,additive,negative,fast,exponential,2.0,pird,300,True,0.7933333333333333,0.0033333333333333335,True,3.0489562884877203e-87,8,7.792805034439154
gear,0316,additive,negative,fast,exponential,2.0,global,300,False,0.0,0.0,False,1.0,-1,7.792805034439154
gear,0316,additive,negative,fast,exponential,2.0,or,300,True,0.7933333333333333,0.0033333333333333335,True,3.0489562884877203e-87,8,7.792805034439154
gear,0316,additive,negative,fast,exponential,2.0,max,300,True,0.7933333333333333,0.0033333333333333335,True,3.0489562884877203e-87,8,7.792805034439154
gear,0316,additive,negative,fast,exponential,2.0,weighted_0.25,300,True,0.03,0.006666666666666667,True,0.016577695243507835,12,7.792805034439154
gear,0316,additive,negative,fast,exponential,2.0,weighted_0.5,300,True,0.47,0.013333333333333334,True,2.6122461799133596e-39,10,7.792805034439154
gear,0316,additive,negative,fast,exponential,2.0,weighted_0.75,300,True,0.79,0.0033333333333333335,True,1.2018936622167418e-86,10,7.792805034439154
gear,0316,additive,negative,medium,exponential,2.0,pird,300,True,0.67,0.0033333333333333335,True,3.456860649189346e-67,8,7.792805034439154
gear,0316,additive,negative,medium,exponential,2.0,global,300,False,0.0,0.0,False,1.0,-1,7.792805034439154
gear,0316,additive,negative,medium,exponential,2.0,or,300,True,0.67,0.0033333333333333335,True,3.456860649189346e-67,8,7.792805034439154
gear,0316,additive,negative,medium,exponential,2.0,max,300,True,0.67,0.0033333333333333335,True,3.456860649189346e-67,8,7.792805034439154
gear,0316,additive,negative,medium,exponential,2.0,weighted_0.25,300,True,0.016666666666666666,0.006666666666666667,False,0.12702523609430322,12,7.792805034439154
gear,0316,additive,negative,medium,exponential,2.0,weighted_0.5,300,True,0.38666666666666666,0.013333333333333334,True,1.4643980411506172e-30,10,7.792805034439154
gear,0316,additive,negative,medium,exponential,2.0,weighted_0.75,300,True,0.6733333333333333,0.0033333333333333335,True,1.1107582603382184e-67,10,7.792805034439154
gear,0316,additive,negative,slow,exponential,2.0,pird,300,True,0.35333333333333333,0.0033333333333333335,True,2.079689128766188e-29,8,7.444705490254744
gear,0316,additive,negative,slow,exponential,2.0,global,300,False,0.0,0.0,False,1.0,-1,7.444705490254744
gear,0316,additive,negative,slow,exponential,2.0,or,300,True,0.35333333333333333,0.0033333333333333335,True,2.079689128766188e-29,8,7.444705490254744
gear,0316,additive,negative,slow,exponential,2.0,max,300,True,0.35333333333333333,0.0033333333333333335,True,2.079689128766188e-29,8,7.444705490254744
gear,0316,additive,negative,slow,exponential,2.0,weighted_0.25,300,True,0.006666666666666667,0.006666666666666667,False,0.5,12,7.444705490254744
gear,0316,additive,negative,slow,exponential,2.0,weighted_0.5,300,True,0.16,0.013333333333333334,True,8.590110000233455e-11,10,7.444705490254744
gear,0316,additive,negative,slow,exponential,2.0,weighted_0.75,300,True,0.3333333333333333,0.0033333333333333335,True,1.6859012139307234e-27,10,7.444705490254744
gear,0316,additive,negative,fast,exponential,3.0,pird,300,True,0.8266666666666667,0.0033333333333333335,True,2.192250108138458e-93,8,9.820406775207893
gear,0316,additive,negative,fast,exponential,3.0,global,300,False,0.0,0.0,False,1.0,-1,9.820406775207893
gear,0316,additive,negative,fast,exponential,3.0,or,300,True,0.8266666666666667,0.0033333333333333335,True,2.192250108138458e-93,8,9.820406775207893
gear,0316,additive,negative,fast,exponential,3.0,max,300,True,0.8266666666666667,0.0033333333333333335,True,2.192250108138458e-93,8,9.820406775207893
gear,0316,additive,negative,fast,exponential,3.0,weighted_0.25,300,True,0.03666666666666667,0.006666666666666667,True,0.0058073396086648675,12,9.820406775207893
gear,0316,additive,negative,fast,exponential,3.0,weighted_0.5,300,True,0.73,0.013333333333333334,True,5.053553084281618e-74,10,9.820406775207893
gear,0316,additive,negative,fast,exponential,3.0,weighted_0.75,300,True,0.83,0.0033333333333333335,True,5.096985579389475e-94,8,9.820406775207893
gear,0316,additive,negative,medium,exponential,3.0,pird,300,True,0.7233333333333334,0.0033333333333333335,True,2.1945299674361685e-75,8,9.820406775207893
gear,0316,additive,negative,medium,exponential,3.0,global,300,False,0.0,0.0,False,1.0,-1,9.820406775207893
gear,0316,additive,negative,medium,exponential,3.0,or,300,True,0.7233333333333334,0.0033333333333333335,True,2.1945299674361685e-75,8,9.820406775207893
gear,0316,additive,negative,medium,exponential,3.0,max,300,True,0.7233333333333334,0.0033333333333333335,True,2.1945299674361685e-75,8,9.820406775207893
gear,0316,additive,negative,medium,exponential,3.0,weighted_0.25,300,True,0.03,0.006666666666666667,True,0.016577695243507835,12,9.820406775207893
gear,0316,additive,negative,medium,exponential,3.0,weighted_0.5,300,True,0.6566666666666666,0.013333333333333334,True,7.30234001501689e-63,10,9.820406775207893
gear,0316,additive,negative,medium,exponential,3.0,weighted_0.75,300,True,0.7166666666666667,0.0033333333333333335,True,2.5304932313666808e-74,10,9.820406775207893
gear,0316,additive,negative,slow,exponential,3.0,pird,300,True,0.49666666666666665,0.0033333333333333335,True,1.4961379254091384e-44,8,9.456293182336253
gear,0316,additive,negative,slow,exponential,3.0,global,300,False,0.0,0.0,False,1.0,-1,9.456293182336253
gear,0316,additive,negative,slow,exponential,3.0,or,300,True,0.49666666666666665,0.0033333333333333335,True,1.4961379254091384e-44,8,9.456293182336253
gear,0316,additive,negative,slow,exponential,3.0,max,300,True,0.49666666666666665,0.0033333333333333335,True,1.4961379254091384e-44,8,9.456293182336253
gear,0316,additive,negative,slow,exponential,3.0,weighted_0.25,300,True,0.016666666666666666,0.006666666666666667,False,0.12702523609430322,12,9.456293182336253
gear,0316,additive,negative,slow,exponential,3.0,weighted_0.5,300,True,0.35333333333333333,0.013333333333333334,True,2.609537482541468e-27,10,9.456293182336253
gear,0316,additive,negative,slow,exponential,3.0,weighted_0.75,300,True,0.4633333333333333,0.0033333333333333335,True,8.827940315512656e-41,10,9.456293182336253
gear,0316,mean_shift,positive,fast,exponential,0.25,pird,300,False,0.0,0.0033333333333333335,False,0.8415465565143274,-1,3.314675059599437
gear,0316,mean_shift,positive,fast,exponential,0.25,global,300,False,0.0,0.0,False,1.0,-1,3.314675059599437
gear,0316,mean_shift,positive,fast,exponential,0.25,or,300,False,0.0,0.0033333333333333335,False,0.8415465565143274,-1,3.314675059599437
gear,0316,mean_shift,positive,fast,exponential,0.25,max,300,False,0.0,0.0033333333333333335,False,0.8415465565143274,-1,3.314675059599437
gear,0316,mean_shift,positive,fast,exponential,0.25,weighted_0.25,300,False,0.0,0.006666666666666667,False,0.9216966074963778,-1,3.314675059599437
gear,0316,mean_shift,positive,fast,exponential,0.25,weighted_0.5,300,False,0.0,0.013333333333333334,False,0.9776092019060314,-1,3.314675059599437
gear,0316,mean_shift,positive,fast,exponential,0.25,weighted_0.75,300,False,0.0,0.0033333333333333335,False,0.8415465565143274,-1,3.314675059599437
gear,0316,mean_shift,positive,medium,exponential,0.25,pird,300,False,0.0,0.0033333333333333335,False,0.8415465565143274,-1,3.314675059599437
gear,0316,mean_shift,positive,medium,exponential,0.25,global,300,False,0.0,0.0,False,1.0,-1,3.314675059599437
gear,0316,mean_shift,positive,medium,exponential,0.25,or,300,False,0.0,0.0033333333333333335,False,0.8415465565143274,-1,3.314675059599437
gear,0316,mean_shift,positive,medium,exponential,0.25,max,300,False,0.0,0.0033333333333333335,False,0.8415465565143274,-1,3.314675059599437
gear,0316,mean_shift,positive,medium,exponential,0.25,weighted_0.25,300,False,0.0,0.006666666666666667,False,0.9216966074963778,-1,3.314675059599437
gear,0316,mean_shift,positive,medium,exponential,0.25,weighted_0.5,300,False,0.0,0.013333333333333334,False,0.9776092019060314,-1,3.314675059599437
gear,0316,mean_shift,positive,medium,exponential,0.25,weighted_0.75,300,False,0.0,0.0033333333333333335,False,0.8415465565143274,-1,3.314675059599437
gear,0316,mean_shift,positive,slow,exponential,0.25,pird,300,False,0.0,0.0033333333333333335,False,0.8415465565143274,-1,3.314675059599437
gear,0316,mean_shift,positive,slow,exponential,0.25,global,300,False,0.0,0.0,False,1.0,-1,3.314675059599437
gear,0316,mean_shift,positive,slow,exponential,0.25,or,300,False,0.0,0.0033333333333333335,False,0.8415465565143274,-1,3.314675059599437
gear,0316,mean_shift,positive,slow,exponential,0.25,max,300,False,0.0,0.0033333333333333335,False,0.8415465565143274,-1,3.314675059599437
gear,0316,mean_shift,positive,slow,exponential,0.25,weighted_0.25,300,False,0.0,0.006666666666666667,False,0.9216966074963778,-1,3.314675059599437
gear,0316,mean_shift,positive,slow,exponential,0.25,weighted_0.5,300,False,0.0,0.013333333333333334,False,0.9776092019060314,-1,3.314675059599437
gear,0316,mean_shift,positive,slow,exponential,0.25,weighted_0.75,300,False,0.0,0.0033333333333333335,False,0.8415465565143274,-1,3.314675059599437
gear,0316,mean_shift,positive,fast,exponential,0.5,pird,300,False,0.0,0.0033333333333333335,False,0.8415465565143274,-1,3.314675059599437
gear,0316,mean_shift,positive,fast,exponential,0.5,global,300,False,0.0,0.0,False,1.0,-1,3.314675059599437
gear,0316,mean_shift,positive,fast,exponential,0.5,or,300,False,0.0,0.0033333333333333335,False,0.8415465565143274,-1,3.314675059599437
gear,0316,mean_shift,positive,fast,exponential,0.5,max,300,False,0.0,0.0033333333333333335,False,0.8415465565143274,-1,3.314675059599437
gear,0316,mean_shift,positive,fast,exponential,0.5,weighted_0.25,300,False,0.0,0.006666666666666667,False,0.9216966074963778,-1,3.314675059599437
gear,0316,mean_shift,positive,fast,exponential,0.5,weighted_0.5,300,False,0.0,0.013333333333333334,False,0.9776092019060314,-1,3.314675059599437
gear,0316,mean_shift,positive,fast,exponential,0.5,weighted_0.75,300,False,0.0,0.0033333333333333335,False,0.8415465565143274,-1,3.314675059599437
gear,0316,mean_shift,positive,medium,exponential,0.5,pird,300,False,0.0,0.0033333333333333335,False,0.8415465565143274,-1,3.314675059599437
gear,0316,mean_shift,positive,medium,exponential,0.5,global,300,False,0.0,0.0,False,1.0,-1,3.314675059599437
gear,0316,mean_shift,positive,medium,exponential,0.5,or,300,False,0.0,0.0033333333333333335,False,0.8415465565143274,-1,3.314675059599437
gear,0316,mean_shift,positive,medium,exponential,0.5,max,300,False,0.0,0.0033333333333333335,False,0.8415465565143274,-1,3.314675059599437
gear,0316,mean_shift,positive,medium,exponential,0.5,weighted_0.25,300,False,0.0,0.006666666666666667,False,0.9216966074963778,-1,3.314675059599437
gear,0316,mean_shift,positive,medium,exponential,0.5,weighted_0.5,300,False,0.0,0.013333333333333334,False,0.9776092019060314,-1,3.314675059599437
gear,0316,mean_shift,positive,medium,exponential,0.5,weighted_0.75,300,False,0.0,0.0033333333333333335,False,0.8415465565143274,-1,3.314675059599437
gear,0316,mean_shift,positive,slow,exponential,0.5,pird,300,False,0.0,0.0033333333333333335,False,0.8415465565143274,-1,3.314675059599437
gear,0316,mean_shift,positive,slow,exponential,0.5,global,300,False,0.0,0.0,False,1.0,-1,3.314675059599437
gear,0316,mean_shift,positive,slow,exponential,0.5,or,300,False,0.0,0.0033333333333333335,False,0.8415465565143274,-1,3.314675059599437
gear,0316,mean_shift,positive,slow,exponential,0.5,max,300,False,0.0,0.0033333333333333335,False,0.8415465565143274,-1,3.314675059599437
gear,0316,mean_shift,positive,slow,exponential,0.5,weighted_0.25,300,False,0.0,0.006666666666666667,False,0.9216966074963778,-1,3.314675059599437
gear,0316,mean_shift,positive,slow,exponential,0.5,weighted_0.5,300,False,0.0,0.013333333333333334,False,0.9776092019060314,-1,3.314675059599437
gear,0316,mean_shift,positive,slow,exponential,0.5,weighted_0.75,300,False,0.0,0.0033333333333333335,False,0.8415465565143274,-1,3.314675059599437
gear,0316,mean_shift,positive,fast,exponential,0.75,pird,300,False,0.0,0.0033333333333333335,False,0.8415465565143274,-1,3.314675059599437
gear,0316,mean_shift,positive,fast,exponential,0.75,global,300,False,0.0,0.0,False,1.0,-1,3.314675059599437
gear,0316,mean_shift,positive,fast,exponential,0.75,or,300,False,0.0,0.0033333333333333335,False,0.8415465565143274,-1,3.314675059599437
gear,0316,mean_shift,positive,fast,exponential,0.75,max,300,False,0.0,0.0033333333333333335,False,0.8415465565143274,-1,3.314675059599437
gear,0316,mean_shift,positive,fast,exponential,0.75,weighted_0.25,300,False,0.0,0.006666666666666667,False,0.9216966074963778,-1,3.314675059599437
gear,0316,mean_shift,positive,fast,exponential,0.75,weighted_0.5,300,False,0.0,0.013333333333333334,False,0.9776092019060314,-1,3.314675059599437
gear,0316,mean_shift,positive,fast,exponential,0.75,weighted_0.75,300,False,0.0,0.0033333333333333335,False,0.8415465565143274,-1,3.314675059599437
gear,0316,mean_shift,positive,medium,exponential,0.75,pird,300,False,0.0,0.0033333333333333335,False,0.8415465565143274,-1,3.314675059599437
gear,0316,mean_shift,positive,medium,exponential,0.75,global,300,False,0.0,0.0,False,1.0,-1,3.314675059599437
gear,0316,mean_shift,positive,medium,exponential,0.75,or,300,False,0.0,0.0033333333333333335,False,0.8415465565143274,-1,3.314675059599437
gear,0316,mean_shift,positive,medium,exponential,0.75,max,300,False,0.0,0.0033333333333333335,False,0.8415465565143274,-1,3.314675059599437
gear,0316,mean_shift,positive,medium,exponential,0.75,weighted_0.25,300,False,0.0,0.006666666666666667,False,0.9216966074963778,-1,3.314675059599437
gear,0316,mean_shift,positive,medium,exponential,0.75,weighted_0.5,300,False,0.0,0.013333333333333334,False,0.9776092019060314,-1,3.314675059599437
gear,0316,mean_shift,positive,medium,exponential,0.75,weighted_0.75,300,False,0.0,0.0033333333333333335,False,0.8415465565143274,-1,3.314675059599437
gear,0316,mean_shift,positive,slow,exponential,0.75,pird,300,False,0.0,0.0033333333333333335,False,0.8415465565143274,-1,3.314675059599437
gear,0316,mean_shift,positive,slow,exponential,0.75,global,300,False,0.0,0.0,False,1.0,-1,3.314675059599437
gear,0316,mean_shift,positive,slow,exponential,0.75,or,300,False,0.0,0.0033333333333333335,False,0.8415465565143274,-1,3.314675059599437
gear,0316,mean_shift,positive,slow,exponential,0.75,max,300,False,0.0,0.0033333333333333335,False,0.8415465565143274,-1,3.314675059599437
gear,0316,mean_shift,positive,slow,exponential,0.75,weighted_0.25,300,False,0.0,0.006666666666666667,False,0.9216966074963778,-1,3.314675059599437
gear,0316,mean_shift,positive,slow,exponential,0.75,weighted_0.5,300,False,0.0,0.013333333333333334,False,0.9776092019060314,-1,3.314675059599437
gear,0316,mean_shift,positive,slow,exponential,0.75,weighted_0.75,300,False,0.0,0.0033333333333333335,False,0.8415465565143274,-1,3.314675059599437
gear,0316,mean_shift,positive,fast,exponential,1.0,pird,300,False,0.0,0.0033333333333333335,False,0.8415465565143274,-1,3.314675059599437
gear,0316,mean_shift,positive,fast,exponential,1.0,global,300,False,0.0,0.0,False,1.0,-1,3.314675059599437
gear,0316,mean_shift,positive,fast,exponential,1.0,or,300,False,0.0,0.0033333333333333335,False,0.8415465565143274,-1,3.314675059599437
gear,0316,mean_shift,positive,fast,exponential,1.0,max,300,False,0.0,0.0033333333333333335,False,0.8415465565143274,-1,3.314675059599437
gear,0316,mean_shift,positive,fast,exponential,1.0,weighted_0.25,300,False,0.0,0.006666666666666667,False,0.9216966074963778,-1,3.314675059599437
gear,0316,mean_shift,positive,fast,exponential,1.0,weighted_0.5,300,True,0.013333333333333334,0.013333333333333334,False,0.5,76,3.314675059599437
gear,0316,mean_shift,positive,fast,exponential,1.0,weighted_0.75,300,False,0.0,0.0033333333333333335,False,0.8415465565143274,-1,3.314675059599437
gear,0316,mean_shift,positive,medium,exponential,1.0,pird,300,False,0.0,0.0033333333333333335,False,0.8415465565143274,-1,3.314675059599437
gear,0316,mean_shift,positive,medium,exponential,1.0,global,300,False,0.0,0.0,False,1.0,-1,3.314675059599437
gear,0316,mean_shift,positive,medium,exponential,1.0,or,300,False,0.0,0.0033333333333333335,False,0.8415465565143274,-1,3.314675059599437
gear,0316,mean_shift,positive,medium,exponential,1.0,max,300,False,0.0,0.0033333333333333335,False,0.8415465565143274,-1,3.314675059599437
gear,0316,mean_shift,positive,medium,exponential,1.0,weighted_0.25,300,False,0.0,0.006666666666666667,False,0.9216966074963778,-1,3.314675059599437
gear,0316,mean_shift,positive,medium,exponential,1.0,weighted_0.5,300,False,0.0,0.013333333333333334,False,0.9776092019060314,-1,3.314675059599437
gear,0316,mean_shift,positive,medium,exponential,1.0,weighted_0.75,300,False,0.0,0.0033333333333333335,False,0.8415465565143274,-1,3.314675059599437
gear,0316,mean_shift,positive,slow,exponential,1.0,pird,300,False,0.0,0.0033333333333333335,False,0.8415465565143274,-1,3.314675059599437
gear,0316,mean_shift,positive,slow,exponential,1.0,global,300,False,0.0,0.0,False,1.0,-1,3.314675059599437
gear,0316,mean_shift,positive,slow,exponential,1.0,or,300,False,0.0,0.0033333333333333335,False,0.8415465565143274,-1,3.314675059599437
gear,0316,mean_shift,positive,slow,exponential,1.0,max,300,False,0.0,0.0033333333333333335,False,0.8415465565143274,-1,3.314675059599437
gear,0316,mean_shift,positive,slow,exponential,1.0,weighted_0.25,300,False,0.0,0.006666666666666667,False,0.9216966074963778,-1,3.314675059599437
gear,0316,mean_shift,positive,slow,exponential,1.0,weighted_0.5,300,False,0.0,0.013333333333333334,False,0.9776092019060314,-1,3.314675059599437
gear,0316,mean_shift,positive,slow,exponential,1.0,weighted_0.75,300,False,0.0,0.0033333333333333335,False,0.8415465565143274,-1,3.314675059599437
gear,0316,mean_shift,positive,fast,exponential,1.5,pird,300,True,0.78,0.0033333333333333335,True,7.038623079857763e-85,66,4.914816634951165
gear,0316,mean_shift,positive,fast,exponential,1.5,global,300,False,0.0,0.0,False,1.0,-1,4.914816634951165
gear,0316,mean_shift,positive,fast,exponential,1.5,or,300,True,0.78,0.0033333333333333335,True,7.038623079857763e-85,66,4.914816634951165
gear,0316,mean_shift,positive,fast,exponential,1.5,max,300,True,0.78,0.0033333333333333335,True,7.038623079857763e-85,66,4.914816634951165
gear,0316,mean_shift,positive,fast,exponential,1.5,weighted_0.25,300,True,0.023333333333333334,0.006666666666666667,True,0.04654591184311554,76,4.914816634951165
gear,0316,mean_shift,positive,fast,exponential,1.5,weighted_0.5,300,True,0.2833333333333333,0.013333333333333334,True,6.782765459971524e-21,76,4.914816634951165
gear,0316,mean_shift,positive,fast,exponential,1.5,weighted_0.75,300,True,0.7666666666666667,0.0033333333333333335,True,1.444617974929964e-82,68,4.914816634951165
gear,0316,mean_shift,positive,medium,exponential,1.5,pird,300,True,0.5633333333333334,0.0033333333333333335,True,1.2946092670676462e-52,131,4.914816634951165
gear,0316,mean_shift,positive,medium,exponential,1.5,global,300,False,0.0,0.0,False,1.0,-1,4.914816634951165
gear,0316,mean_shift,positive,medium,exponential,1.5,or,300,True,0.5633333333333334,0.0033333333333333335,True,1.2946092670676462e-52,131,4.914816634951165
gear,0316,mean_shift,positive,medium,exponential,1.5,max,300,True,0.5633333333333334,0.0033333333333333335,True,1.2946092670676462e-52,131,4.914816634951165
gear,0316,mean_shift,positive,medium,exponential,1.5,weighted_0.25,300,False,0.0,0.006666666666666667,False,0.9216966074963778,-1,4.914816634951165
gear,0316,mean_shift,positive,medium,exponential,1.5,weighted_0.5,300,True,0.22,0.013333333333333334,True,1.5775639409707699e-15,140,4.914816634951165
gear,0316,mean_shift,positive,medium,exponential,1.5,weighted_0.75,300,True,0.56,0.0033333333333333335,True,3.411192411825146e-52,130,4.914816634951165
gear,0316,mean_shift,positive,slow,exponential,1.5,pird,300,True,0.12333333333333334,0.0033333333333333335,True,7.988657477246395e-10,263,4.914816634951165
gear,0316,mean_shift,positive,slow,exponential,1.5,global,300,False,0.0,0.0,False,1.0,-1,4.914816634951165
gear,0316,mean_shift,positive,slow,exponential,1.5,or,300,True,0.12333333333333334,0.0033333333333333335,True,7.988657477246395e-10,263,4.914816634951165
gear,0316,mean_shift,positive,slow,exponential,1.5,max,300,True,0.12333333333333334,0.0033333333333333335,True,7.988657477246395e-10,263,4.914816634951165
gear,0316,mean_shift,positive,slow,exponential,1.5,weighted_0.25,300,False,0.0,0.006666666666666667,False,0.9216966074963778,-1,4.914816634951165
gear,0316,mean_shift,positive,slow,exponential,1.5,weighted_0.5,300,True,0.016666666666666666,0.013333333333333334,False,0.3684875367889342,280,4.914816634951165
gear,0316,mean_shift,positive,slow,exponential,1.5,weighted_0.75,300,True,0.10666666666666667,0.0033333333333333335,True,1.4183745636948682e-08,255,4.914816634951165
gear,0316,mean_shift,positive,fast,exponential,2.0,pird,300,True,0.82,0.0033333333333333335,True,3.956441748992486e-92,54,6.420296775990658
gear,0316,mean_shift,positive,fast,exponential,2.0,global,300,False,0.0,0.0,False,1.0,-1,6.420296775990658
gear,0316,mean_shift,positive,fast,exponential,2.0,or,300,True,0.82,0.0033333333333333335,True,3.956441748992486e-92,54,6.420296775990658
gear,0316,mean_shift,positive,fast,exponential,2.0,max,300,True,0.82,0.0033333333333333335,True,3.956441748992486e-92,54,6.420296775990658
gear,0316,mean_shift,positive,fast,exponential,2.0,weighted_0.25,300,True,0.03,0.006666666666666667,True,0.016577695243507835,76,6.420296775990658
gear,0316,mean_shift,positive,fast,exponential,2.0,weighted_0.5,300,True,0.7166666666666667,0.013333333333333334,True,6.733353346719664e-72,46,6.420296775990658
gear,0316,mean_shift,positive,fast,exponential,2.0,weighted_0.75,300,True,0.8066666666666666,0.0033333333333333335,True,1.1695612796663119e-89,58,6.420296775990658
gear,0316,mean_shift,positive,medium,exponential,2.0,pird,300,True,0.64,0.0033333333333333335,True,7.374755244801564e-63,108,6.420296775990658
gear,0316,mean_shift,positive,medium,exponential,2.0,global,300,False,0.0,0.0,False,1.0,-1,6.420296775990658
gear,0316,mean_shift,positive,medium,exponential,2.0,or,300,True,0.64,0.0033333333333333335,True,7.374755244801564e-63,108,6.420296775990658
gear,0316,mean_shift,positive,medium,exponential,2.0,max,300,True,0.64,0.0033333333333333335,True,7.374755244801564e-63,108,6.420296775990658
gear,0316,mean_shift,positive,medium,exponential,2.0,weighted_0.25,300,True,0.013333333333333334,0.006666666666666667,False,0.2059342420289756,103,6.420296775990658
gear,0316,mean_shift,positive,medium,exponential,2.0,weighted_0.5,300,True,0.6,0.013333333333333334,True,4.7986954673632076e-55,101,6.420296775990658
gear,0316,mean_shift,positive,medium,exponential,2.0,weighted_0.75,300,True,0.6533333333333333,0.0033333333333333335,True,9.278284077815038e-65,101,6.420296775990658
gear,0316,mean_shift,positive,slow,exponential,2.0,pird,300,True,0.28,0.0033333333333333335,True,1.2735833171198777e-22,216,6.420296775990658
gear,0316,mean_shift,positive,slow,exponential,2.0,global,300,False,0.0,0.0,False,1.0,-1,6.420296775990658
gear,0316,mean_shift,positive,slow,exponential,2.0,or,300,True,0.28,0.0033333333333333335,True,1.2735833171198777e-22,216,6.420296775990658
gear,0316,mean_shift,positive,slow,exponential,2.0,max,300,True,0.28,0.0033333333333333335,True,1.2735833171198777e-22,216,6.420296775990658
gear,0316,mean_shift,positive,slow,exponential,2.0,weighted_0.25,300,True,0.0033333333333333335,0.006666666666666667,False,0.7186376240640555,290,6.420296775990658
gear,0316,mean_shift,positive,slow,exponential,2.0,weighted_0.5,300,True,0.18666666666666668,0.013333333333333334,True,7.402510887094692e-13,215,6.420296775990658
gear,0316,mean_shift,positive,slow,exponential,2.0,weighted_0.75,300,True,0.2966666666666667,0.0033333333333333335,True,4.097542497356964e-24,210,6.420296775990658
gear,0316,mean_shift,positive,fast,exponential,3.0,pird,300,True,0.8666666666666667,0.0033333333333333335,True,3.104168880887706e-101,40,9.590611597077014
gear,0316,mean_shift,positive,fast,exponential,3.0,global,300,False,0.0,0.0,False,1.0,-1,9.590611597077014
gear,0316,mean_shift,positive,fast,exponential,3.0,or,300,True,0.8666666666666667,0.0033333333333333335,True,3.104168880887706e-101,40,9.590611597077014
gear,0316,mean_shift,positive,fast,exponential,3.0,max,300,True,0.8666666666666667,0.0033333333333333335,True,3.104168880887706e-101,40,9.590611597077014
gear,0316,mean_shift,positive,fast,exponential,3.0,weighted_0.25,300,True,0.07333333333333333,0.006666666666666667,True,1.5454296882296007e-05,46,9.590611597077014
gear,0316,mean_shift,positive,fast,exponential,3.0,weighted_0.5,300,True,0.81,0.013333333333333334,True,8.859893438766049e-88,43,9.590611597077014
gear,0316,mean_shift,positive,fast,exponential,3.0,weighted_0.75,300,True,0.8566666666666667,0.0033333333333333335,True,3.2039346119109075e-99,43,9.590611597077014
gear,0316,mean_shift,positive,medium,exponential,3.0,pird,300,True,0.7333333333333333,0.0033333333333333335,True,5.3409305422422796e-77,80,9.590611597077014
gear,0316,mean_shift,positive,medium,exponential,3.0,global,300,False,0.0,0.0,False,1.0,-1,9.590611597077014
gear,0316,mean_shift,positive,medium,exponential,3.0,or,300,True,0.7333333333333333,0.0033333333333333335,True,5.3409305422422796e-77,80,9.590611597077014
gear,0316,mean_shift,positive,medium,exponential,3.0,max,300,True,0.7333333333333333,0.0033333333333333335,True,5.3409305422422796e-77,80,9.590611597077014
gear,0316,mean_shift,positive,medium,exponential,3.0,weighted_0.25,300,True,0.056666666666666664,0.006666666666666667,True,0.0002352155774534243,76,9.590611597077014
gear,0316,mean_shift,positive,medium,exponential,3.0,weighted_0.5,300,True,0.67,0.013333333333333334,True,8.444455193513837e-65,76,9.590611597077014
gear,0316,mean_shift,positive,medium,exponential,3.0,weighted_0.75,300,True,0.72,0.0033333333333333335,True,7.475736762488279e-75,76,9.590611597077014
gear,0316,mean_shift,positive,slow,exponential,3.0,pird,300,True,0.4666666666666667,0.0033333333333333335,True,3.767773645171919e-41,160,9.590611597077014
gear,0316,mean_shift,positive,slow,exponential,3.0,global,300,False,0.0,0.0,False,1.0,-1,9.590611597077014
gear,0316,mean_shift,positive,slow,exponential,3.0,or,300,True,0.4666666666666667,0.0033333333333333335,True,3.767773645171919e-41,160,9.590611597077014
gear,0316,mean_shift,positive,slow,exponential,3.0,max,300,True,0.4666666666666667,0.0033333333333333335,True,3.767773645171919e-41,160,9.590611597077014
gear,0316,mean_shift,positive,slow,exponential,3.0,weighted_0.25,300,True,0.01,0.006666666666666667,False,0.32668383109995014,215,9.590611597077014
gear,0316,mean_shift,positive,slow,exponential,3.0,weighted_0.5,300,True,0.36666666666666664,0.013333333333333334,True,1.3556964379779107e-28,170,9.590611597077014
gear,0316,mean_shift,positive,slow,exponential,3.0,weighted_0.75,300,True,0.45666666666666667,0.0033333333333333335,True,4.793597773762024e-40,160,9.590611597077014
gear,0316,mean_shift,negative,fast,exponential,0.25,pird,300,False,0.0,0.0033333333333333335,False,0.8415465565143274,-1,3.314675059599437
gear,0316,mean_shift,negative,fast,exponential,0.25,global,300,False,0.0,0.0,False,1.0,-1,3.314675059599437
gear,0316,mean_shift,negative,fast,exponential,0.25,or,300,False,0.0,0.0033333333333333335,False,0.8415465565143274,-1,3.314675059599437
gear,0316,mean_shift,negative,fast,exponential,0.25,max,300,False,0.0,0.0033333333333333335,False,0.8415465565143274,-1,3.314675059599437
gear,0316,mean_shift,negative,fast,exponential,0.25,weighted_0.25,300,False,0.0,0.006666666666666667,False,0.9216966074963778,-1,3.314675059599437
gear,0316,mean_shift,negative,fast,exponential,0.25,weighted_0.5,300,False,0.0,0.013333333333333334,False,0.9776092019060314,-1,3.314675059599437
gear,0316,mean_shift,negative,fast,exponential,0.25,weighted_0.75,300,False,0.0,0.0033333333333333335,False,0.8415465565143274,-1,3.314675059599437
gear,0316,mean_shift,negative,medium,exponential,0.25,pird,300,False,0.0,0.0033333333333333335,False,0.8415465565143274,-1,3.314675059599437
gear,0316,mean_shift,negative,medium,exponential,0.25,global,300,False,0.0,0.0,False,1.0,-1,3.314675059599437
gear,0316,mean_shift,negative,medium,exponential,0.25,or,300,False,0.0,0.0033333333333333335,False,0.8415465565143274,-1,3.314675059599437
gear,0316,mean_shift,negative,medium,exponential,0.25,max,300,False,0.0,0.0033333333333333335,False,0.8415465565143274,-1,3.314675059599437
gear,0316,mean_shift,negative,medium,exponential,0.25,weighted_0.25,300,False,0.0,0.006666666666666667,False,0.9216966074963778,-1,3.314675059599437
gear,0316,mean_shift,negative,medium,exponential,0.25,weighted_0.5,300,False,0.0,0.013333333333333334,False,0.9776092019060314,-1,3.314675059599437
gear,0316,mean_shift,negative,medium,exponential,0.25,weighted_0.75,300,False,0.0,0.0033333333333333335,False,0.8415465565143274,-1,3.314675059599437
gear,0316,mean_shift,negative,slow,exponential,0.25,pird,300,False,0.0,0.0033333333333333335,False,0.8415465565143274,-1,3.314675059599437
gear,0316,mean_shift,negative,slow,exponential,0.25,global,300,False,0.0,0.0,False,1.0,-1,3.314675059599437
gear,0316,mean_shift,negative,slow,exponential,0.25,or,300,False,0.0,0.0033333333333333335,False,0.8415465565143274,-1,3.314675059599437
gear,0316,mean_shift,negative,slow,exponential,0.25,max,300,False,0.0,0.0033333333333333335,False,0.8415465565143274,-1,3.314675059599437
gear,0316,mean_shift,negative,slow,exponential,0.25,weighted_0.25,300,False,0.0,0.006666666666666667,False,0.9216966074963778,-1,3.314675059599437
gear,0316,mean_shift,negative,slow,exponential,0.25,weighted_0.5,300,False,0.0,0.013333333333333334,False,0.9776092019060314,-1,3.314675059599437
gear,0316,mean_shift,negative,slow,exponential,0.25,weighted_0.75,300,False,0.0,0.0033333333333333335,False,0.8415465565143274,-1,3.314675059599437
gear,0316,mean_shift,negative,fast,exponential,0.5,pird,300,False,0.0,0.0033333333333333335,False,0.8415465565143274,-1,3.314675059599437
gear,0316,mean_shift,negative,fast,exponential,0.5,global,300,False,0.0,0.0,False,1.0,-1,3.314675059599437
gear,0316,mean_shift,negative,fast,exponential,0.5,or,300,False,0.0,0.0033333333333333335,False,0.8415465565143274,-1,3.314675059599437
gear,0316,mean_shift,negative,fast,exponential,0.5,max,300,False,0.0,0.0033333333333333335,False,0.8415465565143274,-1,3.314675059599437
gear,0316,mean_shift,negative,fast,exponential,0.5,weighted_0.25,300,False,0.0,0.006666666666666667,False,0.9216966074963778,-1,3.314675059599437
gear,0316,mean_shift,negative,fast,exponential,0.5,weighted_0.5,300,False,0.0,0.013333333333333334,False,0.9776092019060314,-1,3.314675059599437
gear,0316,mean_shift,negative,fast,exponential,0.5,weighted_0.75,300,False,0.0,0.0033333333333333335,False,0.8415465565143274,-1,3.314675059599437
gear,0316,mean_shift,negative,medium,exponential,0.5,pird,300,False,0.0,0.0033333333333333335,False,0.8415465565143274,-1,3.314675059599437
gear,0316,mean_shift,negative,medium,exponential,0.5,global,300,False,0.0,0.0,False,1.0,-1,3.314675059599437
gear,0316,mean_shift,negative,medium,exponential,0.5,or,300,False,0.0,0.0033333333333333335,False,0.8415465565143274,-1,3.314675059599437
gear,0316,mean_shift,negative,medium,exponential,0.5,max,300,False,0.0,0.0033333333333333335,False,0.8415465565143274,-1,3.314675059599437
gear,0316,mean_shift,negative,medium,exponential,0.5,weighted_0.25,300,False,0.0,0.006666666666666667,False,0.9216966074963778,-1,3.314675059599437
gear,0316,mean_shift,negative,medium,exponential,0.5,weighted_0.5,300,False,0.0,0.013333333333333334,False,0.9776092019060314,-1,3.314675059599437
gear,0316,mean_shift,negative,medium,exponential,0.5,weighted_0.75,300,False,0.0,0.0033333333333333335,False,0.8415465565143274,-1,3.314675059599437
gear,0316,mean_shift,negative,slow,exponential,0.5,pird,300,False,0.0,0.0033333333333333335,False,0.8415465565143274,-1,3.314675059599437
gear,0316,mean_shift,negative,slow,exponential,0.5,global,300,False,0.0,0.0,False,1.0,-1,3.314675059599437
gear,0316,mean_shift,negative,slow,exponential,0.5,or,300,False,0.0,0.0033333333333333335,False,0.8415465565143274,-1,3.314675059599437
gear,0316,mean_shift,negative,slow,exponential,0.5,max,300,False,0.0,0.0033333333333333335,False,0.8415465565143274,-1,3.314675059599437
gear,0316,mean_shift,negative,slow,exponential,0.5,weighted_0.25,300,False,0.0,0.006666666666666667,False,0.9216966074963778,-1,3.314675059599437
gear,0316,mean_shift,negative,slow,exponential,0.5,weighted_0.5,300,False,0.0,0.013333333333333334,False,0.9776092019060314,-1,3.314675059599437
gear,0316,mean_shift,negative,slow,exponential,0.5,weighted_0.75,300,False,0.0,0.0033333333333333335,False,0.8415465565143274,-1,3.314675059599437
gear,0316,mean_shift,negative,fast,exponential,0.75,pird,300,False,0.0,0.0033333333333333335,False,0.8415465565143274,-1,3.314675059599437
gear,0316,mean_shift,negative,fast,exponential,0.75,global,300,False,0.0,0.0,False,1.0,-1,3.314675059599437
gear,0316,mean_shift,negative,fast,exponential,0.75,or,300,False,0.0,0.0033333333333333335,False,0.8415465565143274,-1,3.314675059599437
gear,0316,mean_shift,negative,fast,exponential,0.75,max,300,False,0.0,0.0033333333333333335,False,0.8415465565143274,-1,3.314675059599437
gear,0316,mean_shift,negative,fast,exponential,0.75,weighted_0.25,300,False,0.0,0.006666666666666667,False,0.9216966074963778,-1,3.314675059599437
gear,0316,mean_shift,negative,fast,exponential,0.75,weighted_0.5,300,False,0.0,0.013333333333333334,False,0.9776092019060314,-1,3.314675059599437
gear,0316,mean_shift,negative,fast,exponential,0.75,weighted_0.75,300,False,0.0,0.0033333333333333335,False,0.8415465565143274,-1,3.314675059599437
gear,0316,mean_shift,negative,medium,exponential,0.75,pird,300,False,0.0,0.0033333333333333335,False,0.8415465565143274,-1,3.314675059599437
gear,0316,mean_shift,negative,medium,exponential,0.75,global,300,False,0.0,0.0,False,1.0,-1,3.314675059599437
gear,0316,mean_shift,negative,medium,exponential,0.75,or,300,False,0.0,0.0033333333333333335,False,0.8415465565143274,-1,3.314675059599437
gear,0316,mean_shift,negative,medium,exponential,0.75,max,300,False,0.0,0.0033333333333333335,False,0.8415465565143274,-1,3.314675059599437
gear,0316,mean_shift,negative,medium,exponential,0.75,weighted_0.25,300,False,0.0,0.006666666666666667,False,0.9216966074963778,-1,3.314675059599437
gear,0316,mean_shift,negative,medium,exponential,0.75,weighted_0.5,300,False,0.0,0.013333333333333334,False,0.9776092019060314,-1,3.314675059599437
gear,0316,mean_shift,negative,medium,exponential,0.75,weighted_0.75,300,False,0.0,0.0033333333333333335,False,0.8415465565143274,-1,3.314675059599437
gear,0316,mean_shift,negative,slow,exponential,0.75,pird,300,False,0.0,0.0033333333333333335,False,0.8415465565143274,-1,3.314675059599437
gear,0316,mean_shift,negative,slow,exponential,0.75,global,300,False,0.0,0.0,False,1.0,-1,3.314675059599437
gear,0316,mean_shift,negative,slow,exponential,0.75,or,300,False,0.0,0.0033333333333333335,False,0.8415465565143274,-1,3.314675059599437
gear,0316,mean_shift,negative,slow,exponential,0.75,max,300,False,0.0,0.0033333333333333335,False,0.8415465565143274,-1,3.314675059599437
gear,0316,mean_shift,negative,slow,exponential,0.75,weighted_0.25,300,False,0.0,0.006666666666666667,False,0.9216966074963778,-1,3.314675059599437
gear,0316,mean_shift,negative,slow,exponential,0.75,weighted_0.5,300,False,0.0,0.013333333333333334,False,0.9776092019060314,-1,3.314675059599437
gear,0316,mean_shift,negative,slow,exponential,0.75,weighted_0.75,300,False,0.0,0.0033333333333333335,False,0.8415465565143274,-1,3.314675059599437
gear,0316,mean_shift,negative,fast,exponential,1.0,pird,300,False,0.0,0.0033333333333333335,False,0.8415465565143274,-1,3.315781670605278
gear,0316,mean_shift,negative,fast,exponential,1.0,global,300,False,0.0,0.0,False,1.0,-1,3.315781670605278
gear,0316,mean_shift,negative,fast,exponential,1.0,or,300,False,0.0,0.0033333333333333335,False,0.8415465565143274,-1,3.315781670605278
gear,0316,mean_shift,negative,fast,exponential,1.0,max,300,False,0.0,0.0033333333333333335,False,0.8415465565143274,-1,3.315781670605278
gear,0316,mean_shift,negative,fast,exponential,1.0,weighted_0.25,300,False,0.0,0.006666666666666667,False,0.9216966074963778,-1,3.315781670605278
gear,0316,mean_shift,negative,fast,exponential,1.0,weighted_0.5,300,False,0.0,0.013333333333333334,False,0.9776092019060314,-1,3.315781670605278
gear,0316,mean_shift,negative,fast,exponential,1.0,weighted_0.75,300,False,0.0,0.0033333333333333335,False,0.8415465565143274,-1,3.315781670605278
gear,0316,mean_shift,negative,medium,exponential,1.0,pird,300,False,0.0,0.0033333333333333335,False,0.8415465565143274,-1,3.315781670605278
gear,0316,mean_shift,negative,medium,exponential,1.0,global,300,False,0.0,0.0,False,1.0,-1,3.315781670605278
gear,0316,mean_shift,negative,medium,exponential,1.0,or,300,False,0.0,0.0033333333333333335,False,0.8415465565143274,-1,3.315781670605278
gear,0316,mean_shift,negative,medium,exponential,1.0,max,300,False,0.0,0.0033333333333333335,False,0.8415465565143274,-1,3.315781670605278
gear,0316,mean_shift,negative,medium,exponential,1.0,weighted_0.25,300,False,0.0,0.006666666666666667,False,0.9216966074963778,-1,3.315781670605278
gear,0316,mean_shift,negative,medium,exponential,1.0,weighted_0.5,300,False,0.0,0.013333333333333334,False,0.9776092019060314,-1,3.315781670605278
gear,0316,mean_shift,negative,medium,exponential,1.0,weighted_0.75,300,False,0.0,0.0033333333333333335,False,0.8415465565143274,-1,3.315781670605278
gear,0316,mean_shift,negative,slow,exponential,1.0,pird,300,False,0.0,0.0033333333333333335,False,0.8415465565143274,-1,3.315781670605278
gear,0316,mean_shift,negative,slow,exponential,1.0,global,300,False,0.0,0.0,False,1.0,-1,3.315781670605278
gear,0316,mean_shift,negative,slow,exponential,1.0,or,300,False,0.0,0.0033333333333333335,False,0.8415465565143274,-1,3.315781670605278
gear,0316,mean_shift,negative,slow,exponential,1.0,max,300,False,0.0,0.0033333333333333335,False,0.8415465565143274,-1,3.315781670605278
gear,0316,mean_shift,negative,slow,exponential,1.0,weighted_0.25,300,False,0.0,0.006666666666666667,False,0.9216966074963778,-1,3.315781670605278
gear,0316,mean_shift,negative,slow,exponential,1.0,weighted_0.5,300,False,0.0,0.013333333333333334,False,0.9776092019060314,-1,3.315781670605278
gear,0316,mean_shift,negative,slow,exponential,1.0,weighted_0.75,300,False,0.0,0.0033333333333333335,False,0.8415465565143274,-1,3.315781670605278
gear,0316,mean_shift,negative,fast,exponential,1.5,pird,300,True,0.77,0.0033333333333333335,True,3.858187492763606e-83,69,4.798578435109343
gear,0316,mean_shift,negative,fast,exponential,1.5,global,300,False,0.0,0.0,False,1.0,-1,4.798578435109343
gear,0316,mean_shift,negative,fast,exponential,1.5,or,300,True,0.77,0.0033333333333333335,True,3.858187492763606e-83,69,4.798578435109343
gear,0316,mean_shift,negative,fast,exponential,1.5,max,300,True,0.77,0.0033333333333333335,True,3.858187492763606e-83,69,4.798578435109343
gear,0316,mean_shift,negative,fast,exponential,1.5,weighted_0.25,300,True,0.016666666666666666,0.006666666666666667,False,0.12702523609430322,76,4.798578435109343
gear,0316,mean_shift,negative,fast,exponential,1.5,weighted_0.5,300,True,0.09,0.013333333333333334,True,1.1078851850162191e-05,76,4.798578435109343
gear,0316,mean_shift,negative,fast,exponential,1.5,weighted_0.75,300,True,0.65,0.0033333333333333335,True,2.7928451617474276e-64,73,4.798578435109343
gear,0316,mean_shift,negative,medium,exponential,1.5,pird,300,True,0.54,0.0033333333333333335,True,1.0408213290711e-49,138,4.798578435109343
gear,0316,mean_shift,negative,medium,exponential,1.5,global,300,False,0.0,0.0,False,1.0,-1,4.798578435109343
gear,0316,mean_shift,negative,medium,exponential,1.5,or,300,True,0.54,0.0033333333333333335,True,1.0408213290711e-49,138,4.798578435109343
gear,0316,mean_shift,negative,medium,exponential,1.5,max,300,True,0.54,0.0033333333333333335,True,1.0408213290711e-49,138,4.798578435109343
gear,0316,mean_shift,negative,medium,exponential,1.5,weighted_0.25,300,False,0.0,0.006666666666666667,False,0.9216966074963778,-1,4.798578435109343
gear,0316,mean_shift,negative,medium,exponential,1.5,weighted_0.5,300,True,0.056666666666666664,0.013333333333333334,True,0.0019396119041970082,185,4.798578435109343
gear,0316,mean_shift,negative,medium,exponential,1.5,weighted_0.75,300,True,0.49666666666666665,0.0033333333333333335,True,1.4961379254091384e-44,140,4.798578435109343
gear,0316,mean_shift,negative,slow,exponential,1.5,pird,300,True,0.07666666666666666,0.0033333333333333335,True,2.288108286958129e-06,277,4.798578435109343
gear,0316,mean_shift,negative,slow,exponential,1.5,global,300,False,0.0,0.0,False,1.0,-1,4.798578435109343
gear,0316,mean_shift,negative,slow,exponential,1.5,or,300,True,0.07666666666666666,0.0033333333333333335,True,2.288108286958129e-06,277,4.798578435109343
gear,0316,mean_shift,negative,slow,exponential,1.5,max,300,True,0.07666666666666666,0.0033333333333333335,True,2.288108286958129e-06,277,4.798578435109343
gear,0316,mean_shift,negative,slow,exponential,1.5,weighted_0.25,300,False,0.0,0.006666666666666667,False,0.9216966074963778,-1,4.798578435109343
gear,0316,mean_shift,negative,slow,exponential,1.5,weighted_0.5,300,True,0.01,0.013333333333333334,False,0.6480973441672397,280,4.798578435109343
gear,0316,mean_shift,negative,slow,exponential,1.5,weighted_0.75,300,True,0.05,0.0033333333333333335,True,0.00019436340009940252,280,4.798578435109343
gear,0316,mean_shift,negative,fast,exponential,2.0,pird,300,True,0.81,0.0033333333333333335,True,2.8545211097557868e-90,57,6.076981913704606
gear,0316,mean_shift,negative,fast,exponential,2.0,global,300,False,0.0,0.0,False,1.0,-1,6.076981913704606
gear,0316,mean_shift,negative,fast,exponential,2.0,or,300,True,0.81,0.0033333333333333335,True,2.8545211097557868e-90,57,6.076981913704606
gear,0316,mean_shift,negative,fast,exponential,2.0,max,300,True,0.81,0.0033333333333333335,True,2.8545211097557868e-90,57,6.076981913704606
gear,0316,mean_shift,negative,fast,exponential,2.0,weighted_0.25,300,True,0.023333333333333334,0.006666666666666667,True,0.04654591184311554,76,6.076981913704606
gear,0316,mean_shift,negative,fast,exponential,2.0,weighted_0.5,300,True,0.44,0.013333333333333334,True,4.7261623774499605e-36,73,6.076981913704606
gear,0316,mean_shift,negative,fast,exponential,2.0,weighted_0.75,300,True,0.7866666666666666,0.0033333333333333335,True,4.702286789140991e-86,59,6.076981913704606
gear,0316,mean_shift,negative,medium,exponential,2.0,pird,300,True,0.62,0.0033333333333333335,True,4.461916544186243e-60,114,6.076981913704606
gear,0316,mean_shift,negative,medium,exponential,2.0,global,300,False,0.0,0.0,False,1.0,-1,6.076981913704606
gear,0316,mean_shift,negative,medium,exponential,2.0,or,300,True,0.62,0.0033333333333333335,True,4.461916544186243e-60,114,6.076981913704606
gear,0316,mean_shift,negative,medium,exponential,2.0,max,300,True,0.62,0.0033333333333333335,True,4.461916544186243e-60,114,6.076981913704606
gear,0316,mean_shift,negative,medium,exponential,2.0,weighted_0.25,300,False,0.0,0.006666666666666667,False,0.9216966074963778,-1,6.076981913704606
gear,0316,mean_shift,negative,medium,exponential,2.0,weighted_0.5,300,True,0.38333333333333336,0.013333333333333334,True,3.1390381847400125e-30,102,6.076981913704606
gear,0316,mean_shift,negative,medium,exponential,2.0,weighted_0.75,300,True,0.6033333333333334,0.0033333333333333335,True,8.072583457645864e-58,103,6.076981913704606
gear,0316,mean_shift,negative,slow,exponential,2.0,pird,300,True,0.24,0.0033333333333333335,True,3.7636739553184014e-19,228,6.076981913704606
gear,0316,mean_shift,negative,slow,exponential,2.0,global,300,False,0.0,0.0,False,1.0,-1,6.076981913704606
gear,0316,mean_shift,negative,slow,exponential,2.0,or,300,True,0.24,0.0033333333333333335,True,3.7636739553184014e-19,228,6.076981913704606
gear,0316,mean_shift,negative,slow,exponential,2.0,max,300,True,0.24,0.0033333333333333335,True,3.7636739553184014e-19,228,6.076981913704606
gear,0316,mean_shift,negative,slow,exponential,2.0,weighted_0.25,300,False,0.0,0.006666666666666667,False,0.9216966074963778,-1,6.076981913704606
gear,0316,mean_shift,negative,slow,exponential,2.0,weighted_0.5,300,True,0.07,0.013333333333333334,True,0.0002572162736035877,240,6.076981913704606
gear,0316,mean_shift,negative,slow,exponential,2.0,weighted_0.75,300,True,0.23333333333333334,0.0033333333333333335,True,1.3784301913422847e-18,225,6.076981913704606
gear,0316,mean_shift,negative,fast,exponential,3.0,pird,300,True,0.86,0.0033333333333333335,True,6.892306014395535e-100,42,8.420367539339805
gear,0316,mean_shift,negative,fast,exponential,3.0,global,300,False,0.0,0.0,False,1.0,-1,8.420367539339805
gear,0316,mean_shift,negative,fast,exponential,3.0,or,300,True,0.86,0.0033333333333333335,True,6.892306014395535e-100,42,8.420367539339805
gear,0316,mean_shift,negative,fast,exponential,3.0,max,300,True,0.86,0.0033333333333333335,True,6.892306014395535e-100,42,8.420367539339805
gear,0316,mean_shift,negative,fast,exponential,3.0,weighted_0.25,300,True,0.03666666666666667,0.006666666666666667,True,0.0058073396086648675,46,8.420367539339805
gear,0316,mean_shift,negative,fast,exponential,3.0,weighted_0.5,300,True,0.7433333333333333,0.013333333333333334,True,3.416037637810786e-76,45,8.420367539339805
gear,0316,mean_shift,negative,fast,exponential,3.0,weighted_0.75,300,True,0.8566666666666667,0.0033333333333333335,True,3.2039346119109075e-99,43,8.420367539339805
gear,0316,mean_shift,negative,medium,exponential,3.0,pird,300,True,0.7166666666666667,0.0033333333333333335,True,2.5304932313666808e-74,85,8.420367539339805
gear,0316,mean_shift,negative,medium,exponential,3.0,global,300,False,0.0,0.0,False,1.0,-1,8.420367539339805
gear,0316,mean_shift,negative,medium,exponential,3.0,or,300,True,0.7166666666666667,0.0033333333333333335,True,2.5304932313666808e-74,85,8.420367539339805
gear,0316,mean_shift,negative,medium,exponential,3.0,max,300,True,0.7166666666666667,0.0033333333333333335,True,2.5304932313666808e-74,85,8.420367539339805
gear,0316,mean_shift,negative,medium,exponential,3.0,weighted_0.25,300,True,0.03,0.006666666666666667,True,0.016577695243507835,101,8.420367539339805
gear,0316,mean_shift,negative,medium,exponential,3.0,weighted_0.5,300,True,0.62,0.013333333333333334,True,9.90154720763642e-58,76,8.420367539339805
gear,0316,mean_shift,negative,medium,exponential,3.0,weighted_0.75,300,True,0.68,0.0033333333333333335,True,1.1273041077128686e-68,76,8.420367539339805
gear,0316,mean_shift,negative,slow,exponential,3.0,pird,300,True,0.43666666666666665,0.0033333333333333335,True,7.04431966088268e-38,169,8.420367539339805
gear,0316,mean_shift,negative,slow,exponential,3.0,global,300,False,0.0,0.0,False,1.0,-1,8.420367539339805
gear,0316,mean_shift,negative,slow,exponential,3.0,or,300,True,0.43666666666666665,0.0033333333333333335,True,7.04431966088268e-38,169,8.420367539339805
gear,0316,mean_shift,negative,slow,exponential,3.0,max,300,True,0.43666666666666665,0.0033333333333333335,True,7.04431966088268e-38,169,8.420367539339805
gear,0316,mean_shift,negative,slow,exponential,3.0,weighted_0.25,300,True,0.0033333333333333335,0.006666666666666667,False,0.7186376240640555,290,8.420367539339805
gear,0316,mean_shift,negative,slow,exponential,3.0,weighted_0.5,300,True,0.3,0.013333333333333334,True,2.24985521715846e-22,185,8.420367539339805
gear,0316,mean_shift,negative,slow,exponential,3.0,weighted_0.75,300,True,0.4066666666666667,0.0033333333333333335,True,9.947722223805762e-35,170,8.420367539339805
gear,018f,additive,positive,fast,exponential,0.25,pird,300,True,0.016666666666666666,0.01,False,0.2382731058925248,0,5.6947939414927635
gear,018f,additive,positive,fast,exponential,0.25,global,300,False,0.0,0.0,False,1.0,-1,5.6947939414927635
gear,018f,additive,positive,fast,exponential,0.25,or,300,True,0.016666666666666666,0.01,False,0.2382731058925248,0,5.6947939414927635
gear,018f,additive,positive,fast,exponential,0.25,max,300,True,0.016666666666666666,0.01,False,0.2382731058925248,0,5.6947939414927635
gear,018f,additive,positive,fast,exponential,0.25,weighted_0.25,300,False,0.0,0.0,False,1.0,-1,5.6947939414927635
gear,018f,additive,positive,fast,exponential,0.25,weighted_0.5,300,True,0.006666666666666667,0.006666666666666667,False,0.5,13,5.6947939414927635
gear,018f,additive,positive,fast,exponential,0.25,weighted_0.75,300,True,0.006666666666666667,0.006666666666666667,False,0.5,13,5.6947939414927635
gear,018f,additive,positive,medium,exponential,0.25,pird,300,True,0.013333333333333334,0.01,False,0.35190265583276026,0,5.6875376813160745
gear,018f,additive,positive,medium,exponential,0.25,global,300,False,0.0,0.0,False,1.0,-1,5.6875376813160745
gear,018f,additive,positive,medium,exponential,0.25,or,300,True,0.013333333333333334,0.01,False,0.35190265583276026,0,5.6875376813160745
gear,018f,additive,positive,medium,exponential,0.25,max,300,True,0.013333333333333334,0.01,False,0.35190265583276026,0,5.6875376813160745
gear,018f,additive,positive,medium,exponential,0.25,weighted_0.25,300,False,0.0,0.0,False,1.0,-1,5.6875376813160745
gear,018f,additive,positive,medium,exponential,0.25,weighted_0.5,300,True,0.006666666666666667,0.006666666666666667,False,0.5,13,5.6875376813160745
gear,018f,additive,positive,medium,exponential,0.25,weighted_0.75,300,True,0.006666666666666667,0.006666666666666667,False,0.5,13,5.6875376813160745
gear,018f,additive,positive,slow,exponential,0.25,pird,300,True,0.013333333333333334,0.01,False,0.35190265583276026,0,5.6875376813160745
gear,018f,additive,positive,slow,exponential,0.25,global,300,False,0.0,0.0,False,1.0,-1,5.6875376813160745
gear,018f,additive,positive,slow,exponential,0.25,or,300,True,0.013333333333333334,0.01,False,0.35190265583276026,0,5.6875376813160745
gear,018f,additive,positive,slow,exponential,0.25,max,300,True,0.013333333333333334,0.01,False,0.35190265583276026,0,5.6875376813160745
gear,018f,additive,positive,slow,exponential,0.25,weighted_0.25,300,False,0.0,0.0,False,1.0,-1,5.6875376813160745
gear,018f,additive,positive,slow,exponential,0.25,weighted_0.5,300,True,0.006666666666666667,0.006666666666666667,False,0.5,13,5.6875376813160745
gear,018f,additive,positive,slow,exponential,0.25,weighted_0.75,300,True,0.006666666666666667,0.006666666666666667,False,0.5,13,5.6875376813160745
gear,018f,additive,positive,fast,exponential,0.5,pird,300,True,0.04,0.01,True,0.009301464950567894,0,5.944585302432693
gear,018f,additive,positive,fast,exponential,0.5,global,300,False,0.0,0.0,False,1.0,-1,5.944585302432693
gear,018f,additive,positive,fast,exponential,0.5,or,300,True,0.04,0.01,True,0.009301464950567894,0,5.944585302432693
gear,018f,additive,positive,fast,exponential,0.5,max,300,True,0.04,0.01,True,0.009301464950567894,0,5.944585302432693
gear,018f,additive,positive,fast,exponential,0.5,weighted_0.25,300,False,0.0,0.0,False,1.0,-1,5.944585302432693
gear,018f,additive,positive,fast,exponential,0.5,weighted_0.5,300,True,0.02666666666666667,0.006666666666666667,True,0.027849812983324812,13,5.944585302432693
gear,018f,additive,positive,fast,exponential,0.5,weighted_0.75,300,True,0.016666666666666666,0.006666666666666667,False,0.12702523609430322,13,5.944585302432693
gear,018f,additive,positive,medium,exponential,0.5,pird,300,True,0.013333333333333334,0.01,False,0.35190265583276026,0,5.6875376813160745
gear,018f,additive,positive,medium,exponential,0.5,global,300,False,0.0,0.0,False,1.0,-1,5.6875376813160745
gear,018f,additive,positive,medium,exponential,0.5,or,300,True,0.013333333333333334,0.01,False,0.35190265583276026,0,5.6875376813160745
gear,018f,additive,positive,medium,exponential,0.5,max,300,True,0.013333333333333334,0.01,False,0.35190265583276026,0,5.6875376813160745
gear,018f,additive,positive,medium,exponential,0.5,weighted_0.25,300,False,0.0,0.0,False,1.0,-1,5.6875376813160745
gear,018f,additive,positive,medium,exponential,0.5,weighted_0.5,300,True,0.006666666666666667,0.006666666666666667,False,0.5,13,5.6875376813160745
gear,018f,additive,positive,medium,exponential,0.5,weighted_0.75,300,True,0.006666666666666667,0.006666666666666667,False,0.5,13,5.6875376813160745
gear,018f,additive,positive,slow,exponential,0.5,pird,300,True,0.013333333333333334,0.01,False,0.35190265583276026,0,5.6875376813160745
gear,018f,additive,positive,slow,exponential,0.5,global,300,False,0.0,0.0,False,1.0,-1,5.6875376813160745
gear,018f,additive,positive,slow,exponential,0.5,or,300,True,0.013333333333333334,0.01,False,0.35190265583276026,0,5.6875376813160745
gear,018f,additive,positive,slow,exponential,0.5,max,300,True,0.013333333333333334,0.01,False,0.35190265583276026,0,5.6875376813160745
gear,018f,additive,positive,slow,exponential,0.5,weighted_0.25,300,False,0.0,0.0,False,1.0,-1,5.6875376813160745
gear,018f,additive,positive,slow,exponential,0.5,weighted_0.5,300,True,0.006666666666666667,0.006666666666666667,False,0.5,13,5.6875376813160745
gear,018f,additive,positive,slow,exponential,0.5,weighted_0.75,300,True,0.006666666666666667,0.006666666666666667,False,0.5,13,5.6875376813160745
gear,018f,additive,positive,fast,exponential,0.75,pird,300,True,0.13,0.01,True,4.20110642558432e-09,0,6.458131274050575
gear,018f,additive,positive,fast,exponential,0.75,global,300,False,0.0,0.0,False,1.0,-1,6.458131274050575
gear,018f,additive,positive,fast,exponential,0.75,or,300,True,0.13,0.01,True,4.20110642558432e-09,0,6.458131274050575
gear,018f,additive,positive,fast,exponential,0.75,max,300,True,0.13,0.01,True,4.20110642558432e-09,0,6.458131274050575
gear,018f,additive,positive,fast,exponential,0.75,weighted_0.25,300,True,0.01,0.0,True,0.041246809928419524,104,6.458131274050575
gear,018f,additive,positive,fast,exponential,0.75,weighted_0.5,300,True,0.03666666666666667,0.006666666666666667,True,0.0058073396086648675,13,6.458131274050575
gear,018f,additive,positive,fast,exponential,0.75,weighted_0.75,300,True,0.07666666666666666,0.006666666666666667,True,8.92027351853763e-06,13,6.458131274050575
gear,018f,additive,positive,medium,exponential,0.75,pird,300,True,0.016666666666666666,0.01,False,0.2382731058925248,0,6.063457543290244
gear,018f,additive,positive,medium,exponential,0.75,global,300,False,0.0,0.0,False,1.0,-1,6.063457543290244
gear,018f,additive,positive,medium,exponential,0.75,or,300,True,0.016666666666666666,0.01,False,0.2382731058925248,0,6.063457543290244
gear,018f,additive,positive,medium,exponential,0.75,max,300,True,0.016666666666666666,0.01,False,0.2382731058925248,0,6.063457543290244
gear,018f,additive,positive,medium,exponential,0.75,weighted_0.25,300,False,0.0,0.0,False,1.0,-1,6.063457543290244
gear,018f,additive,positive,medium,exponential,0.75,weighted_0.5,300,True,0.013333333333333334,0.006666666666666667,False,0.2059342420289756,13,6.063457543290244
gear,018f,additive,positive,medium,exponential,0.75,weighted_0.75,300,True,0.013333333333333334,0.006666666666666667,False,0.2059342420289756,13,6.063457543290244
gear,018f,additive,positive,slow,exponential,0.75,pird,300,True,0.013333333333333334,0.01,False,0.35190265583276026,0,5.6875376813160745
gear,018f,additive,positive,slow,exponential,0.75,global,300,False,0.0,0.0,False,1.0,-1,5.6875376813160745
gear,018f,additive,positive,slow,exponential,0.75,or,300,True,0.013333333333333334,0.01,False,0.35190265583276026,0,5.6875376813160745
gear,018f,additive,positive,slow,exponential,0.75,max,300,True,0.013333333333333334,0.01,False,0.35190265583276026,0,5.6875376813160745
gear,018f,additive,positive,slow,exponential,0.75,weighted_0.25,300,False,0.0,0.0,False,1.0,-1,5.6875376813160745
gear,018f,additive,positive,slow,exponential,0.75,weighted_0.5,300,True,0.006666666666666667,0.006666666666666667,False,0.5,13,5.6875376813160745
gear,018f,additive,positive,slow,exponential,0.75,weighted_0.75,300,True,0.006666666666666667,0.006666666666666667,False,0.5,13,5.6875376813160745
gear,018f,additive,positive,fast,exponential,1.0,pird,300,True,0.24,0.01,True,8.148557637942558e-18,0,7.034235734927612
gear,018f,additive,positive,fast,exponential,1.0,global,300,False,0.0,0.0,False,1.0,-1,7.034235734927612
gear,018f,additive,positive,fast,exponential,1.0,or,300,True,0.24,0.01,True,8.148557637942558e-18,0,7.034235734927612
gear,018f,additive,positive,fast,exponential,1.0,max,300,True,0.24,0.01,True,8.148557637942558e-18,0,7.034235734927612
gear,018f,additive,positive,fast,exponential,1.0,weighted_0.25,300,True,0.02,0.0,True,0.006911511910188324,79,7.034235734927612
gear,018f,additive,positive,fast,exponential,1.0,weighted_0.5,300,True,0.06333333333333334,0.006666666666666667,True,7.956228266603414e-05,13,7.034235734927612
gear,018f,additive,positive,fast,exponential,1.0,weighted_0.75,300,True,0.16333333333333333,0.006666666666666667,True,2.988043920340751e-12,13,7.034235734927612
gear,018f,additive,positive,medium,exponential,1.0,pird,300,True,0.02666666666666667,0.01,False,0.06405856025289687,0,6.5316898856252745
gear,018f,additive,positive,medium,exponential,1.0,global,300,False,0.0,0.0,False,1.0,-1,6.5316898856252745
gear,018f,additive,positive,medium,exponential,1.0,or,300,True,0.02666666666666667,0.01,False,0.06405856025289687,0,6.5316898856252745
gear,018f,additive,positive,medium,exponential,1.0,max,300,True,0.02666666666666667,0.01,False,0.06405856025289687,0,6.5316898856252745
gear,018f,additive,positive,medium,exponential,1.0,weighted_0.25,300,True,0.006666666666666667,0.0,False,0.07830339250362212,105,6.5316898856252745
gear,018f,additive,positive,medium,exponential,1.0,weighted_0.5,300,True,0.03,0.006666666666666667,True,0.016577695243507835,13,6.5316898856252745
gear,018f,additive,positive,medium,exponential,1.0,weighted_0.75,300,True,0.03,0.006666666666666667,True,0.016577695243507835,13,6.5316898856252745
gear,018f,additive,positive,slow,exponential,1.0,pird,300,True,0.013333333333333334,0.01,False,0.35190265583276026,0,5.6875376813160745
gear,018f,additive,positive,slow,exponential,1.0,global,300,False,0.0,0.0,False,1.0,-1,5.6875376813160745
gear,018f,additive,positive,slow,exponential,1.0,or,300,True,0.013333333333333334,0.01,False,0.35190265583276026,0,5.6875376813160745
gear,018f,additive,positive,slow,exponential,1.0,max,300,True,0.013333333333333334,0.01,False,0.35190265583276026,0,5.6875376813160745
gear,018f,additive,positive,slow,exponential,1.0,weighted_0.25,300,False,0.0,0.0,False,1.0,-1,5.6875376813160745
gear,018f,additive,positive,slow,exponential,1.0,weighted_0.5,300,True,0.006666666666666667,0.006666666666666667,False,0.5,13,5.6875376813160745
gear,018f,additive,positive,slow,exponential,1.0,weighted_0.75,300,True,0.006666666666666667,0.006666666666666667,False,0.5,13,5.6875376813160745
gear,018f,additive,positive,fast,exponential,1.5,pird,300,True,0.32666666666666666,0.01,True,1.7803434963739193e-25,0,8.253779574807064
gear,018f,additive,positive,fast,exponential,1.5,global,300,False,0.0,0.0,False,1.0,-1,8.253779574807064
gear,018f,additive,positive,fast,exponential,1.5,or,300,True,0.32666666666666666,0.01,True,1.7803434963739193e-25,0,8.253779574807064
gear,018f,additive,positive,fast,exponential,1.5,max,300,True,0.32666666666666666,0.01,True,1.7803434963739193e-25,0,8.253779574807064
gear,018f,additive,positive,fast,exponential,1.5,weighted_0.25,300,True,0.03,0.0,True,0.001252419223782351,14,8.253779574807064
gear,018f,additive,positive,fast,exponential,1.5,weighted_0.5,300,True,0.14,0.006666666666666667,True,1.872634731497577e-10,13,8.253779574807064
gear,018f,additive,positive,fast,exponential,1.5,weighted_0.75,300,True,0.32,0.006666666666666667,True,1.5131749692054658e-25,13,8.253779574807064
gear,018f,additive,positive,medium,exponential,1.5,pird,300,True,0.17,0.01,True,3.761055330402843e-12,0,7.386016563590204
gear,018f,additive,positive,medium,exponential,1.5,global,300,False,0.0,0.0,False,1.0,-1,7.386016563590204
gear,018f,additive,positive,medium,exponential,1.5,or,300,True,0.17,0.01,True,3.761055330402843e-12,0,7.386016563590204
gear,018f,additive,positive,medium,exponential,1.5,max,300,True,0.16666666666666666,0.01,True,6.829372563695141e-12,0,7.386016563590204
gear,018f,additive,positive,medium,exponential,1.5,weighted_0.25,300,True,0.016666666666666666,0.0,True,0.012369835647664244,103,7.386016563590204
gear,018f,additive,positive,medium,exponential,1.5,weighted_0.5,300,True,0.05,0.006666666666666667,True,0.0006904777416519537,13,7.386016563590204
gear,018f,additive,positive,medium,exponential,1.5,weighted_0.75,300,True,0.11,0.006666666666666667,True,3.335438305685803e-08,13,7.386016563590204
gear,018f,additive,positive,slow,exponential,1.5,pird,300,True,0.016666666666666666,0.01,False,0.2382731058925248,0,5.913115203614045
gear,018f,additive,positive,slow,exponential,1.5,global,300,False,0.0,0.0,False,1.0,-1,5.913115203614045
gear,018f,additive,positive,slow,exponential,1.5,or,300,True,0.016666666666666666,0.01,False,0.2382731058925248,0,5.913115203614045
gear,018f,additive,positive,slow,exponential,1.5,max,300,True,0.016666666666666666,0.01,False,0.2382731058925248,0,5.913115203614045
gear,018f,additive,positive,slow,exponential,1.5,weighted_0.25,300,False,0.0,0.0,False,1.0,-1,5.913115203614045
gear,018f,additive,positive,slow,exponential,1.5,weighted_0.5,300,True,0.01,0.006666666666666667,False,0.32668383109995014,13,5.913115203614045
gear,018f,additive,positive,slow,exponential,1.5,weighted_0.75,300,True,0.006666666666666667,0.006666666666666667,False,0.5,13,5.913115203614045
gear,018f,additive,positive,fast,exponential,2.0,pird,300,True,0.8233333333333334,0.01,True,4.4127834788830737e-91,0,9.77406401294109
gear,018f,additive,positive,fast,exponential,2.0,global,300,False,0.0,0.0,False,1.0,-1,9.77406401294109
gear,018f,additive,positive,fast,exponential,2.0,or,300,True,0.8233333333333334,0.01,True,4.4127834788830737e-91,0,9.77406401294109
gear,018f,additive,positive,fast,exponential,2.0,max,300,True,0.8233333333333334,0.01,True,4.4127834788830737e-91,0,9.77406401294109
gear,018f,additive,positive,fast,exponential,2.0,weighted_0.25,300,True,0.04666666666666667,0.0,True,7.651839750873978e-05,13,9.77406401294109
gear,018f,additive,positive,fast,exponential,2.0,weighted_0.5,300,True,0.4,0.006666666666666667,True,2.5773099092469273e-33,13,9.77406401294109
gear,018f,additive,positive,fast,exponential,2.0,weighted_0.75,300,True,0.7966666666666666,0.006666666666666667,True,5.248531188147217e-87,13,9.77406401294109
gear,018f,additive,positive,medium,exponential,2.0,pird,300,True,0.7333333333333333,0.01,True,2.2941532469536884e-75,0,8.52853745614667
gear,018f,additive,positive,medium,exponential,2.0,global,300,False,0.0,0.0,False,1.0,-1,8.52853745614667
gear,018f,additive,positive,medium,exponential,2.0,or,300,True,0.7333333333333333,0.01,True,2.2941532469536884e-75,0,8.52853745614667
gear,018f,additive,positive,medium,exponential,2.0,max,300,True,0.7333333333333333,0.01,True,2.2941532469536884e-75,0,8.52853745614667
gear,018f,additive,positive,medium,exponential,2.0,weighted_0.25,300,True,0.023333333333333334,0.0,True,0.0038917330287714905,79,8.52853745614667
gear,018f,additive,positive,medium,exponential,2.0,weighted_0.5,300,True,0.20333333333333334,0.006666666666666667,True,1.9633931964444765e-15,13,8.52853745614667
gear,018f,additive,positive,medium,exponential,2.0,weighted_0.75,300,True,0.67,0.006666666666666667,True,2.204260002343064e-66,13,8.52853745614667
gear,018f,additive,positive,slow,exponential,2.0,pird,300,True,0.04666666666666667,0.01,True,0.0033997307963961132,0,6.097617293370617
gear,018f,additive,positive,slow,exponential,2.0,global,300,False,0.0,0.0,False,1.0,-1,6.097617293370617
gear,018f,additive,positive,slow,exponential,2.0,or,300,True,0.04666666666666667,0.01,True,0.0033997307963961132,0,6.097617293370617
gear,018f,additive,positive,slow,exponential,2.0,max,300,True,0.04666666666666667,0.01,True,0.0033997307963961132,0,6.097617293370617
gear,018f,additive,positive,slow,exponential,2.0,weighted_0.25,300,False,0.0,0.0,False,1.0,-1,6.097617293370617
gear,018f,additive,positive,slow,exponential,2.0,weighted_0.5,300,True,0.023333333333333334,0.006666666666666667,True,0.04654591184311554,13,6.097617293370617
gear,018f,additive,positive,slow,exponential,2.0,weighted_0.75,300,True,0.043333333333333335,0.006666666666666667,True,0.0020113894221640977,13,6.097617293370617
gear,018f,additive,positive,fast,exponential,3.0,pird,300,True,0.91,0.01,True,1.101513809367178e-108,0,12.930235871340448
gear,018f,additive,positive,fast,exponential,3.0,global,300,False,0.0,0.0,False,1.0,-1,12.930235871340448
gear,018f,additive,positive,fast,exponential,3.0,or,300,True,0.91,0.01,True,1.101513809367178e-108,0,12.930235871340448
gear,018f,additive,positive,fast,exponential,3.0,max,300,True,0.91,0.01,True,1.101513809367178e-108,0,12.930235871340448
gear,018f,additive,positive,fast,exponential,3.0,weighted_0.25,300,True,0.1,0.0,True,9.574719930959334e-09,13,12.930235871340448
gear,018f,additive,positive,fast,exponential,3.0,weighted_0.5,300,True,0.8533333333333334,0.006666666666666667,True,1.0356091310379327e-97,13,12.930235871340448
gear,018f,additive,positive,fast,exponential,3.0,weighted_0.75,300,True,0.9033333333333333,0.006666666666666667,True,4.444692485716891e-108,13,12.930235871340448
gear,018f,additive,positive,medium,exponential,3.0,pird,300,True,0.8366666666666667,0.01,True,1.283539754085842e-93,0,10.81800546980733
gear,018f,additive,positive,medium,exponential,3.0,global,300,False,0.0,0.0,False,1.0,-1,10.81800546980733
gear,018f,additive,positive,medium,exponential,3.0,or,300,True,0.8366666666666667,0.01,True,1.283539754085842e-93,0,10.81800546980733
gear,018f,additive,positive,medium,exponential,3.0,max,300,True,0.8366666666666667,0.01,True,1.283539754085842e-93,0,10.81800546980733
gear,018f,additive,positive,medium,exponential,3.0,weighted_0.25,300,True,0.07,0.0,True,1.5435412780864303e-06,14,10.81800546980733
gear,018f,additive,positive,medium,exponential,3.0,weighted_0.5,300,True,0.7266666666666667,0.006666666666666667,True,4.2177333499639286e-75,13,10.81800546980733
gear,018f,additive,positive,medium,exponential,3.0,weighted_0.75,300,True,0.8166666666666667,0.006666666666666667,True,1.1462283783541886e-90,13,10.81800546980733
gear,018f,additive,positive,slow,exponential,3.0,pird,300,True,0.35,0.01,True,1.1269904518851014e-27,0,8.622118056651257
gear,018f,additive,positive,slow,exponential,3.0,global,300,False,0.0,0.0,False,1.0,-1,8.622118056651257
gear,018f,additive,positive,slow,exponential,3.0,or,300,True,0.35,0.01,True,1.1269904518851014e-27,0,8.622118056651257
gear,018f,additive,positive,slow,exponential,3.0,max,300,True,0.35,0.01,True,1.1269904518851014e-27,0,8.622118056651257
gear,018f,additive,positive,slow,exponential,3.0,weighted_0.25,300,True,0.016666666666666666,0.0,True,0.012369835647664244,104,8.622118056651257
gear,018f,additive,positive,slow,exponential,3.0,weighted_0.5,300,True,0.27,0.006666666666666667,True,4.747225080324455e-21,13,8.622118056651257
gear,018f,additive,positive,slow,exponential,3.0,weighted_0.75,300,True,0.33,0.006666666666666667,True,1.7738659167771033e-26,13,8.622118056651257
gear,018f,additive,negative,fast,exponential,0.25,pird,300,True,0.006666666666666667,0.01,False,0.6733161689000499,0,5.6875376813160745
gear,018f,additive,negative,fast,exponential,0.25,global,300,False,0.0,0.0,False,1.0,-1,5.6875376813160745
gear,018f,additive,negative,fast,exponential,0.25,or,300,True,0.006666666666666667,0.01,False,0.6733161689000499,0,5.6875376813160745
gear,018f,additive,negative,fast,exponential,0.25,max,300,True,0.006666666666666667,0.01,False,0.6733161689000499,0,5.6875376813160745
gear,018f,additive,negative,fast,exponential,0.25,weighted_0.25,300,False,0.0,0.0,False,1.0,-1,5.6875376813160745
gear,018f,additive,negative,fast,exponential,0.25,weighted_0.5,300,True,0.0033333333333333335,0.006666666666666667,False,0.7186376240640555,13,5.6875376813160745
gear,018f,additive,negative,fast,exponential,0.25,weighted_0.75,300,True,0.0033333333333333335,0.006666666666666667,False,0.7186376240640555,13,5.6875376813160745
gear,018f,additive,negative,medium,exponential,0.25,pird,300,True,0.01,0.01,False,0.5,0,5.6875376813160745
gear,018f,additive,negative,medium,exponential,0.25,global,300,False,0.0,0.0,False,1.0,-1,5.6875376813160745
gear,018f,additive,negative,medium,exponential,0.25,or,300,True,0.01,0.01,False,0.5,0,5.6875376813160745
gear,018f,additive,negative,medium,exponential,0.25,max,300,True,0.01,0.01,False,0.5,0,5.6875376813160745
gear,018f,additive,negative,medium,exponential,0.25,weighted_0.25,300,False,0.0,0.0,False,1.0,-1,5.6875376813160745
gear,018f,additive,negative,medium,exponential,0.25,weighted_0.5,300,True,0.006666666666666667,0.006666666666666667,False,0.5,13,5.6875376813160745
gear,018f,additive,negative,medium,exponential,0.25,weighted_0.75,300,True,0.006666666666666667,0.006666666666666667,False,0.5,13,5.6875376813160745
gear,018f,additive,negative,slow,exponential,0.25,pird,300,True,0.01,0.01,False,0.5,0,5.6875376813160745
gear,018f,additive,negative,slow,exponential,0.25,global,300,False,0.0,0.0,False,1.0,-1,5.6875376813160745
gear,018f,additive,negative,slow,exponential,0.25,or,300,True,0.01,0.01,False,0.5,0,5.6875376813160745
gear,018f,additive,negative,slow,exponential,0.25,max,300,True,0.01,0.01,False,0.5,0,5.6875376813160745
gear,018f,additive,negative,slow,exponential,0.25,weighted_0.25,300,False,0.0,0.0,False,1.0,-1,5.6875376813160745
gear,018f,additive,negative,slow,exponential,0.25,weighted_0.5,300,True,0.006666666666666667,0.006666666666666667,False,0.5,13,5.6875376813160745
gear,018f,additive,negative,slow,exponential,0.25,weighted_0.75,300,True,0.006666666666666667,0.006666666666666667,False,0.5,13,5.6875376813160745
gear,018f,additive,negative,fast,exponential,0.5,pird,300,True,0.006666666666666667,0.01,False,0.6733161689000499,0,6.101107747674469
gear,018f,additive,negative,fast,exponential,0.5,global,300,False,0.0,0.0,False,1.0,-1,6.101107747674469
gear,018f,additive,negative,fast,exponential,0.5,or,300,True,0.006666666666666667,0.01,False,0.6733161689000499,0,6.101107747674469
gear,018f,additive,negative,fast,exponential,0.5,max,300,True,0.0033333333333333335,0.01,False,0.8421540127006748,0,6.101107747674469
gear,018f,additive,negative,fast,exponential,0.5,weighted_0.25,300,False,0.0,0.0,False,1.0,-1,6.101107747674469
gear,018f,additive,negative,fast,exponential,0.5,weighted_0.5,300,True,0.006666666666666667,0.006666666666666667,False,0.5,13,6.101107747674469
gear,018f,additive,negative,fast,exponential,0.5,weighted_0.75,300,True,0.016666666666666666,0.006666666666666667,False,0.12702523609430322,13,6.101107747674469
gear,018f,additive,negative,medium,exponential,0.5,pird,300,True,0.01,0.01,False,0.5,0,6.101107747674469
gear,018f,additive,negative,medium,exponential,0.5,global,300,False,0.0,0.0,False,1.0,-1,6.101107747674469
gear,018f,additive,negative,medium,exponential,0.5,or,300,True,0.01,0.01,False,0.5,0,6.101107747674469
gear,018f,additive,negative,medium,exponential,0.5,max,300,True,0.006666666666666667,0.01,False,0.6733161689000499,0,6.101107747674469
gear,018f,additive,negative,medium,exponential,0.5,weighted_0.25,300,False,0.0,0.0,False,1.0,-1,6.101107747674469
gear,018f,additive,negative,medium,exponential,0.5,weighted_0.5,300,True,0.01,0.006666666666666667,False,0.32668383109995014,13,6.101107747674469
gear,018f,additive,negative,medium,exponential,0.5,weighted_0.75,300,True,0.02,0.006666666666666667,False,0.07726131031423313,13,6.101107747674469
gear,018f,additive,negative,slow,exponential,0.5,pird,300,True,0.01,0.01,False,0.5,0,5.77162132383653
gear,018f,additive,negative,slow,exponential,0.5,global,300,False,0.0,0.0,False,1.0,-1,5.77162132383653
gear,018f,additive,negative,slow,exponential,0.5,or,300,True,0.01,0.01,False,0.5,0,5.77162132383653
gear,018f,additive,negative,slow,exponential,0.5,max,300,True,0.01,0.01,False,0.5,0,5.77162132383653
gear,018f,additive,negative,slow,exponential,0.5,weighted_0.25,300,False,0.0,0.0,False,1.0,-1,5.77162132383653
gear,018f,additive,negative,slow,exponential,0.5,weighted_0.5,300,True,0.006666666666666667,0.006666666666666667,False,0.5,13,5.77162132383653
gear,018f,additive,negative,slow,exponential,0.5,weighted_0.75,300,True,0.006666666666666667,0.006666666666666667,False,0.5,13,5.77162132383653
gear,018f,additive,negative,fast,exponential,0.75,pird,300,True,0.10666666666666667,0.01,True,2.1924346146739657e-07,0,6.66885103516981
gear,018f,additive,negative,fast,exponential,0.75,global,300,False,0.0,0.0,False,1.0,-1,6.66885103516981
gear,018f,additive,negative,fast,exponential,0.75,or,300,True,0.10666666666666667,0.01,True,2.1924346146739657e-07,0,6.66885103516981
gear,018f,additive,negative,fast,exponential,0.75,max,300,True,0.10666666666666667,0.01,True,2.1924346146739657e-07,0,6.66885103516981
gear,018f,additive,negative,fast,exponential,0.75,weighted_0.25,300,False,0.0,0.0,False,1.0,-1,6.66885103516981
gear,018f,additive,negative,fast,exponential,0.75,weighted_0.5,300,True,0.02666666666666667,0.006666666666666667,True,0.027849812983324812,13,6.66885103516981
gear,018f,additive,negative,fast,exponential,0.75,weighted_0.75,300,True,0.12333333333333334,0.006666666666666667,True,3.3953422389732708e-09,13,6.66885103516981
gear,018f,additive,negative,medium,exponential,0.75,pird,300,True,0.11,0.01,True,1.2539776562145546e-07,0,6.66885103516981
gear,018f,additive,negative,medium,exponential,0.75,global,300,False,0.0,0.0,False,1.0,-1,6.66885103516981
gear,018f,additive,negative,medium,exponential,0.75,or,300,True,0.11,0.01,True,1.2539776562145546e-07,0,6.66885103516981
gear,018f,additive,negative,medium,exponential,0.75,max,300,True,0.11,0.01,True,1.2539776562145546e-07,0,6.66885103516981
gear,018f,additive,negative,medium,exponential,0.75,weighted_0.25,300,False,0.0,0.0,False,1.0,-1,6.66885103516981
gear,018f,additive,negative,medium,exponential,0.75,weighted_0.5,300,True,0.02666666666666667,0.006666666666666667,True,0.027849812983324812,13,6.66885103516981
gear,018f,additive,negative,medium,exponential,0.75,weighted_0.75,300,True,0.12666666666666668,0.006666666666666667,True,1.9090970245421202e-09,13,6.66885103516981
gear,018f,additive,negative,slow,exponential,0.75,pird,300,True,0.04666666666666667,0.01,True,0.0033997307963961132,0,6.211169610577159
gear,018f,additive,negative,slow,exponential,0.75,global,300,False,0.0,0.0,False,1.0,-1,6.211169610577159
gear,018f,additive,negative,slow,exponential,0.75,or,300,True,0.04666666666666667,0.01,True,0.0033997307963961132,0,6.211169610577159
gear,018f,additive,negative,slow,exponential,0.75,max,300,True,0.043333333333333335,0.01,True,0.005638192511821721,0,6.211169610577159
gear,018f,additive,negative,slow,exponential,0.75,weighted_0.25,300,False,0.0,0.0,False,1.0,-1,6.211169610577159
gear,018f,additive,negative,slow,exponential,0.75,weighted_0.5,300,True,0.01,0.006666666666666667,False,0.32668383109995014,13,6.211169610577159
gear,018f,additive,negative,slow,exponential,0.75,weighted_0.75,300,True,0.03333333333333333,0.006666666666666667,True,0.009828078625084946,13,6.211169610577159
gear,018f,additive,negative,fast,exponential,1.0,pird,300,True,0.4866666666666667,0.01,True,6.613359329530773e-42,0,7.258476163835214
gear,018f,additive,negative,fast,exponential,1.0,global,300,False,0.0,0.0,False,1.0,-1,7.258476163835214
gear,018f,additive,negative,fast,exponential,1.0,or,300,True,0.4866666666666667,0.01,True,6.613359329530773e-42,0,7.258476163835214
gear,018f,additive,negative,fast,exponential,1.0,max,300,True,0.48333333333333334,0.01,True,1.5774653751391098e-41,0,7.258476163835214
gear,018f,additive,negative,fast,exponential,1.0,weighted_0.25,300,False,0.0,0.0,False,1.0,-1,7.258476163835214
gear,018f,additive,negative,fast,exponential,1.0,weighted_0.5,300,True,0.10333333333333333,0.006666666666666667,True,1.0342088882208101e-07,13,7.258476163835214
gear,018f,additive,negative,fast,exponential,1.0,weighted_0.75,300,True,0.45666666666666667,0.006666666666666667,True,2.6696161919364112e-39,13,7.258476163835214
gear,018f,additive,negative,medium,exponential,1.0,pird,300,True,0.49,0.01,True,2.7619722996875227e-42,0,7.258476163835214
gear,018f,additive,negative,medium,exponential,1.0,global,300,False,0.0,0.0,False,1.0,-1,7.258476163835214
gear,018f,additive,negative,medium,exponential,1.0,or,300,True,0.49,0.01,True,2.7619722996875227e-42,0,7.258476163835214
gear,018f,additive,negative,medium,exponential,1.0,max,300,True,0.4866666666666667,0.01,True,6.613359329530773e-42,0,7.258476163835214
gear,018f,additive,negative,medium,exponential,1.0,weighted_0.25,300,False,0.0,0.0,False,1.0,-1,7.258476163835214
gear,018f,additive,negative,medium,exponential,1.0,weighted_0.5,300,True,0.10333333333333333,0.006666666666666667,True,1.0342088882208101e-07,13,7.258476163835214
gear,018f,additive,negative,medium,exponential,1.0,weighted_0.75,300,True,0.4533333333333333,0.006666666666666667,True,6.173590548488382e-39,13,7.258476163835214
gear,018f,additive,negative,slow,exponential,1.0,pird,300,True,0.19333333333333333,0.01,True,5.436770138594286e-14,0,6.64124779093761
gear,018f,additive,negative,slow,exponential,1.0,global,300,False,0.0,0.0,False,1.0,-1,6.64124779093761
gear,018f,additive,negative,slow,exponential,1.0,or,300,True,0.19333333333333333,0.01,True,5.436770138594286e-14,0,6.64124779093761
gear,018f,additive,negative,slow,exponential,1.0,max,300,True,0.19,0.01,True,1.002448040140159e-13,0,6.64124779093761
gear,018f,additive,negative,slow,exponential,1.0,weighted_0.25,300,False,0.0,0.0,False,1.0,-1,6.64124779093761
gear,018f,additive,negative,slow,exponential,1.0,weighted_0.5,300,True,0.03,0.006666666666666667,True,0.016577695243507835,13,6.64124779093761
gear,018f,additive,negative,slow,exponential,1.0,weighted_0.75,300,True,0.15666666666666668,0.006666666666666667,True,9.843340738462715e-12,13,6.64124779093761
gear,018f,additive,negative,fast,exponential,1.5,pird,300,True,0.58,0.01,True,3.38704004065666e-53,0,8.35200830062819
gear,018f,additive,negative,fast,exponential,1.5,global,300,False,0.0,0.0,False,1.0,-1,8.35200830062819
gear,018f,additive,negative,fast,exponential,1.5,or,300,True,0.58,0.01,True,3.38704004065666e-53,0,8.35200830062819
gear,018f,additive,negative,fast,exponential,1.5,max,300,True,0.58,0.01,True,3.38704004065666e-53,0,8.35200830062819
gear,018f,additive,negative,fast,exponential,1.5,weighted_0.25,300,False,0.0,0.0,False,1.0,-1,8.35200830062819
gear,018f,additive,negative,fast,exponential,1.5,weighted_0.5,300,True,0.31,0.006666666666666667,True,1.2590325910977551e-24,13,8.35200830062819
gear,018f,additive,negative,fast,exponential,1.5,weighted_0.75,300,True,0.5633333333333334,0.006666666666666667,True,7.727654000950981e-52,13,8.35200830062819
gear,018f,additive,negative,medium,exponential,1.5,pird,300,True,0.5466666666666666,0.01,True,5.354706511265384e-49,0,8.35200830062819
gear,018f,additive,negative,medium,exponential,1.5,global,300,False,0.0,0.0,False,1.0,-1,8.35200830062819
gear,018f,additive,negative,medium,exponential,1.5,or,300,True,0.5466666666666666,0.01,True,5.354706511265384e-49,0,8.35200830062819
gear,018f,additive,negative,medium,exponential,1.5,max,300,True,0.5466666666666666,0.01,True,5.354706511265384e-49,0,8.35200830062819
gear,018f,additive,negative,medium,exponential,1.5,weighted_0.25,300,False,0.0,0.0,False,1.0,-1,8.35200830062819
gear,018f,additive,negative,medium,exponential,1.5,weighted_0.5,300,True,0.29333333333333333,0.006666666666666667,True,4.0749509567031614e-23,13,8.35200830062819
gear,018f,additive,negative,medium,exponential,1.5,weighted_0.75,300,True,0.53,0.006666666666666667,True,1.0023603079315816e-47,13,8.35200830062819
gear,018f,additive,negative,slow,exponential,1.5,pird,300,True,0.30333333333333334,0.01,True,2.449741003017645e-23,0,7.488388441336816
gear,018f,additive,negative,slow,exponential,1.5,global,300,False,0.0,0.0,False,1.0,-1,7.488388441336816
gear,018f,additive,negative,slow,exponential,1.5,or,300,True,0.30333333333333334,0.01,True,2.449741003017645e-23,0,7.488388441336816
gear,018f,additive,negative,slow,exponential,1.5,max,300,True,0.3,0.01,True,4.8965438605895935e-23,0,7.488388441336816
gear,018f,additive,negative,slow,exponential,1.5,weighted_0.25,300,False,0.0,0.0,False,1.0,-1,7.488388441336816
gear,018f,additive,negative,slow,exponential,1.5,weighted_0.5,300,True,0.12333333333333334,0.006666666666666667,True,3.3953422389732708e-09,13,7.488388441336816
gear,018f,additive,negative,slow,exponential,1.5,weighted_0.75,300,True,0.30333333333333334,0.006666666666666667,True,5.09985893009735e-24,13,7.488388441336816
gear,018f,additive,negative,fast,exponential,2.0,pird,300,True,0.67,0.01,True,1.3777987503731893e-65,0,9.403658472871449
gear,018f,additive,negative,fast,exponential,2.0,global,300,False,0.0,0.0,False,1.0,-1,9.403658472871449
gear,018f,additive,negative,fast,exponential,2.0,or,300,True,0.67,0.01,True,1.3777987503731893e-65,0,9.403658472871449
gear,018f,additive,negative,fast,exponential,2.0,max,300,True,0.67,0.01,True,1.3777987503731893e-65,0,9.403658472871449
gear,018f,additive,negative,fast,exponential,2.0,weighted_0.25,300,True,0.013333333333333334,0.0,True,0.022390798093968527,104,9.403658472871449
gear,018f,additive,negative,fast,exponential,2.0,weighted_0.5,300,True,0.4666666666666667,0.006666666666666667,True,2.112243864616358e-40,13,9.403658472871449
gear,018f,additive,negative,fast,exponential,2.0,weighted_0.75,300,True,0.62,0.006666666666666667,True,2.7599287440493668e-59,13,9.403658472871449
gear,018f,additive,negative,medium,exponential,2.0,pird,300,True,0.5766666666666667,0.01,True,9.09020283374833e-53,0,9.403658472871449
gear,018f,additive,negative,medium,exponential,2.0,global,300,False,0.0,0.0,False,1.0,-1,9.403658472871449
gear,018f,additive,negative,medium,exponential,2.0,or,300,True,0.5766666666666667,0.01,True,9.09020283374833e-53,0,9.403658472871449
gear,018f,additive,negative,medium,exponential,2.0,max,300,True,0.5766666666666667,0.01,True,9.09020283374833e-53,0,9.403658472871449
gear,018f,additive,negative,medium,exponential,2.0,weighted_0.25,300,True,0.0033333333333333335,0.0,False,0.15845344348567247,232,9.403658472871449
gear,018f,additive,negative,medium,exponential,2.0,weighted_0.5,300,True,0.43666666666666665,0.006666666666666667,True,3.871252982917002e-37,13,9.403658472871449
gear,018f,additive,negative,medium,exponential,2.0,weighted_0.75,300,True,0.5733333333333334,0.006666666666666667,True,4.1377851494415216e-53,13,9.403658472871449
gear,018f,additive,negative,slow,exponential,2.0,pird,300,True,0.43333333333333335,0.01,True,4.6618802027791524e-36,0,8.304544559503007
gear,018f,additive,negative,slow,exponential,2.0,global,300,False,0.0,0.0,False,1.0,-1,8.304544559503007
gear,018f,additive,negative,slow,exponential,2.0,or,300,True,0.43333333333333335,0.01,True,4.6618802027791524e-36,0,8.304544559503007
gear,018f,additive,negative,slow,exponential,2.0,max,300,True,0.4266666666666667,0.01,True,2.3537849886414303e-35,0,8.304544559503007
gear,018f,additive,negative,slow,exponential,2.0,weighted_0.25,300,False,0.0,0.0,False,1.0,-1,8.304544559503007
gear,018f,additive,negative,slow,exponential,2.0,weighted_0.5,300,True,0.25666666666666665,0.006666666666666667,True,6.807513286306913e-20,13,8.304544559503007
gear,018f,additive,negative,slow,exponential,2.0,weighted_0.75,300,True,0.4033333333333333,0.006666666666666667,True,1.1770197108220678e-33,13,8.304544559503007
gear,018f,additive,negative,fast,exponential,3.0,pird,300,True,0.81,0.01,True,1.329965599180411e-88,0,11.607751096383662
gear,018f,additive,negative,fast,exponential,3.0,global,300,False,0.0,0.0,False,1.0,-1,11.607751096383662
gear,018f,additive,negative,fast,exponential,3.0,or,300,True,0.81,0.01,True,1.329965599180411e-88,0,11.607751096383662
gear,018f,additive,negative,fast,exponential,3.0,max,300,True,0.81,0.01,True,1.329965599180411e-88,0,11.607751096383662
gear,018f,additive,negative,fast,exponential,3.0,weighted_0.25,300,True,0.023333333333333334,0.0,True,0.0038917330287714905,103,11.607751096383662
gear,018f,additive,negative,fast,exponential,3.0,weighted_0.5,300,True,0.61,0.006666666666666667,True,6.297521883672849e-58,13,11.607751096383662
gear,018f,additive,negative,fast,exponential,3.0,weighted_0.75,300,True,0.74,0.006666666666666667,True,2.881591934114952e-77,13,11.607751096383662
gear,018f,additive,negative,medium,exponential,3.0,pird,300,True,0.63,0.01,True,7.041273912895024e-60,0,11.607751096383662
gear,018f,additive,negative,medium,exponential,3.0,global,300,False,0.0,0.0,False,1.0,-1,11.607751096383662
gear,018f,additive,negative,medium,exponential,3.0,or,300,True,0.63,0.01,True,7.041273912895024e-60,0,11.607751096383662
gear,018f,additive,negative,medium,exponential,3.0,max,300,True,0.63,0.01,True,7.041273912895024e-60,0,11.607751096383662
gear,018f,additive,negative,medium,exponential,3.0,weighted_0.25,300,True,0.013333333333333334,0.0,True,0.022390798093968527,105,11.607751096383662
gear,018f,additive,negative,medium,exponential,3.0,weighted_0.5,300,True,0.55,0.006666666666666667,True,3.596418078394979e-50,13,11.607751096383662
gear,018f,additive,negative,medium,exponential,3.0,weighted_0.75,300,True,0.6233333333333333,0.006666666666666667,True,9.632933368826056e-60,13,11.607751096383662
gear,018f,additive,negative,slow,exponential,3.0,pird,300,True,0.51,0.01,True,1.3502055009880965e-44,0,9.86903282502526
gear,018f,additive,negative,slow,exponential,3.0,global,300,False,0.0,0.0,False,1.0,-1,9.86903282502526
gear,018f,additive,negative,slow,exponential,3.0,or,300,True,0.51,0.01,True,1.3502055009880965e-44,0,9.86903282502526
gear,018f,additive,negative,slow,exponential,3.0,max,300,True,0.51,0.01,True,1.3502055009880965e-44,0,9.86903282502526
gear,018f,additive,negative,slow,exponential,3.0,weighted_0.25,300,True,0.006666666666666667,0.0,False,0.07830339250362212,232,9.86903282502526
gear,018f,additive,negative,slow,exponential,3.0,weighted_0.5,300,True,0.36666666666666664,0.006666666666666667,True,5.487727444468041e-30,13,9.86903282502526
gear,018f,additive,negative,slow,exponential,3.0,weighted_0.75,300,True,0.49666666666666665,0.006666666666666667,True,8.55437135915015e-44,13,9.86903282502526
gear,018f,mean_shift,positive,fast,exponential,0.25,pird,300,True,0.0033333333333333335,0.01,False,0.8421540127006748,0,5.6875376813160745
gear,018f,mean_shift,positive,fast,exponential,0.25,global,300,False,0.0,0.0,False,1.0,-1,5.6875376813160745
gear,018f,mean_shift,positive,fast,exponential,0.25,or,300,True,0.0033333333333333335,0.01,False,0.8421540127006748,0,5.6875376813160745
gear,018f,mean_shift,positive,fast,exponential,0.25,max,300,True,0.0033333333333333335,0.01,False,0.8421540127006748,0,5.6875376813160745
gear,018f,mean_shift,positive,fast,exponential,0.25,weighted_0.25,300,False,0.0,0.0,False,1.0,-1,5.6875376813160745
gear,018f,mean_shift,positive,fast,exponential,0.25,weighted_0.5,300,False,0.0,0.006666666666666667,False,0.9216966074963778,-1,5.6875376813160745
gear,018f,mean_shift,positive,fast,exponential,0.25,weighted_0.75,300,False,0.0,0.006666666666666667,False,0.9216966074963778,-1,5.6875376813160745
gear,018f,mean_shift,positive,medium,exponential,0.25,pird,300,True,0.0033333333333333335,0.01,False,0.8421540127006748,0,5.6875376813160745
gear,018f,mean_shift,positive,medium,exponential,0.25,global,300,False,0.0,0.0,False,1.0,-1,5.6875376813160745
gear,018f,mean_shift,positive,medium,exponential,0.25,or,300,True,0.0033333333333333335,0.01,False,0.8421540127006748,0,5.6875376813160745
gear,018f,mean_shift,positive,medium,exponential,0.25,max,300,True,0.0033333333333333335,0.01,False,0.8421540127006748,0,5.6875376813160745
gear,018f,mean_shift,positive,medium,exponential,0.25,weighted_0.25,300,False,0.0,0.0,False,1.0,-1,5.6875376813160745
gear,018f,mean_shift,positive,medium,exponential,0.25,weighted_0.5,300,False,0.0,0.006666666666666667,False,0.9216966074963778,-1,5.6875376813160745
gear,018f,mean_shift,positive,medium,exponential,0.25,weighted_0.75,300,False,0.0,0.006666666666666667,False,0.9216966074963778,-1,5.6875376813160745
gear,018f,mean_shift,positive,slow,exponential,0.25,pird,300,True,0.0033333333333333335,0.01,False,0.8421540127006748,0,5.6875376813160745
gear,018f,mean_shift,positive,slow,exponential,0.25,global,300,False,0.0,0.0,False,1.0,-1,5.6875376813160745
gear,018f,mean_shift,positive,slow,exponential,0.25,or,300,True,0.0033333333333333335,0.01,False,0.8421540127006748,0,5.6875376813160745
gear,018f,mean_shift,positive,slow,exponential,0.25,max,300,True,0.0033333333333333335,0.01,False,0.8421540127006748,0,5.6875376813160745
gear,018f,mean_shift,positive,slow,exponential,0.25,weighted_0.25,300,False,0.0,0.0,False,1.0,-1,5.6875376813160745
gear,018f,mean_shift,positive,slow,exponential,0.25,weighted_0.5,300,False,0.0,0.006666666666666667,False,0.9216966074963778,-1,5.6875376813160745
gear,018f,mean_shift,positive,slow,exponential,0.25,weighted_0.75,300,False,0.0,0.006666666666666667,False,0.9216966074963778,-1,5.6875376813160745
gear,018f,mean_shift,positive,fast,exponential,0.5,pird,300,True,0.0033333333333333335,0.01,False,0.8421540127006748,0,5.6875376813160745
gear,018f,mean_shift,positive,fast,exponential,0.5,global,300,False,0.0,0.0,False,1.0,-1,5.6875376813160745
gear,018f,mean_shift,positive,fast,exponential,0.5,or,300,True,0.0033333333333333335,0.01,False,0.8421540127006748,0,5.6875376813160745
gear,018f,mean_shift,positive,fast,exponential,0.5,max,300,True,0.0033333333333333335,0.01,False,0.8421540127006748,0,5.6875376813160745
gear,018f,mean_shift,positive,fast,exponential,0.5,weighted_0.25,300,False,0.0,0.0,False,1.0,-1,5.6875376813160745
gear,018f,mean_shift,positive,fast,exponential,0.5,weighted_0.5,300,False,0.0,0.006666666666666667,False,0.9216966074963778,-1,5.6875376813160745
gear,018f,mean_shift,positive,fast,exponential,0.5,weighted_0.75,300,False,0.0,0.006666666666666667,False,0.9216966074963778,-1,5.6875376813160745
gear,018f,mean_shift,positive,medium,exponential,0.5,pird,300,True,0.0033333333333333335,0.01,False,0.8421540127006748,0,5.6875376813160745
gear,018f,mean_shift,positive,medium,exponential,0.5,global,300,False,0.0,0.0,False,1.0,-1,5.6875376813160745
gear,018f,mean_shift,positive,medium,exponential,0.5,or,300,True,0.0033333333333333335,0.01,False,0.8421540127006748,0,5.6875376813160745
gear,018f,mean_shift,positive,medium,exponential,0.5,max,300,True,0.0033333333333333335,0.01,False,0.8421540127006748,0,5.6875376813160745
gear,018f,mean_shift,positive,medium,exponential,0.5,weighted_0.25,300,False,0.0,0.0,False,1.0,-1,5.6875376813160745
gear,018f,mean_shift,positive,medium,exponential,0.5,weighted_0.5,300,False,0.0,0.006666666666666667,False,0.9216966074963778,-1,5.6875376813160745
gear,018f,mean_shift,positive,medium,exponential,0.5,weighted_0.75,300,False,0.0,0.006666666666666667,False,0.9216966074963778,-1,5.6875376813160745
gear,018f,mean_shift,positive,slow,exponential,0.5,pird,300,True,0.0033333333333333335,0.01,False,0.8421540127006748,0,5.6875376813160745
gear,018f,mean_shift,positive,slow,exponential,0.5,global,300,False,0.0,0.0,False,1.0,-1,5.6875376813160745
gear,018f,mean_shift,positive,slow,exponential,0.5,or,300,True,0.0033333333333333335,0.01,False,0.8421540127006748,0,5.6875376813160745
gear,018f,mean_shift,positive,slow,exponential,0.5,max,300,True,0.0033333333333333335,0.01,False,0.8421540127006748,0,5.6875376813160745
gear,018f,mean_shift,positive,slow,exponential,0.5,weighted_0.25,300,False,0.0,0.0,False,1.0,-1,5.6875376813160745
gear,018f,mean_shift,positive,slow,exponential,0.5,weighted_0.5,300,False,0.0,0.006666666666666667,False,0.9216966074963778,-1,5.6875376813160745
gear,018f,mean_shift,positive,slow,exponential,0.5,weighted_0.75,300,False,0.0,0.006666666666666667,False,0.9216966074963778,-1,5.6875376813160745
gear,018f,mean_shift,positive,fast,exponential,0.75,pird,300,True,0.0033333333333333335,0.01,False,0.8421540127006748,0,5.6875376813160745
gear,018f,mean_shift,positive,fast,exponential,0.75,global,300,False,0.0,0.0,False,1.0,-1,5.6875376813160745
gear,018f,mean_shift,positive,fast,exponential,0.75,or,300,True,0.0033333333333333335,0.01,False,0.8421540127006748,0,5.6875376813160745
gear,018f,mean_shift,positive,fast,exponential,0.75,max,300,True,0.0033333333333333335,0.01,False,0.8421540127006748,0,5.6875376813160745
gear,018f,mean_shift,positive,fast,exponential,0.75,weighted_0.25,300,False,0.0,0.0,False,1.0,-1,5.6875376813160745
gear,018f,mean_shift,positive,fast,exponential,0.75,weighted_0.5,300,False,0.0,0.006666666666666667,False,0.9216966074963778,-1,5.6875376813160745
gear,018f,mean_shift,positive,fast,exponential,0.75,weighted_0.75,300,False,0.0,0.006666666666666667,False,0.9216966074963778,-1,5.6875376813160745
gear,018f,mean_shift,positive,medium,exponential,0.75,pird,300,True,0.0033333333333333335,0.01,False,0.8421540127006748,0,5.6875376813160745
gear,018f,mean_shift,positive,medium,exponential,0.75,global,300,False,0.0,0.0,False,1.0,-1,5.6875376813160745
gear,018f,mean_shift,positive,medium,exponential,0.75,or,300,True,0.0033333333333333335,0.01,False,0.8421540127006748,0,5.6875376813160745
gear,018f,mean_shift,positive,medium,exponential,0.75,max,300,True,0.0033333333333333335,0.01,False,0.8421540127006748,0,5.6875376813160745
gear,018f,mean_shift,positive,medium,exponential,0.75,weighted_0.25,300,False,0.0,0.0,False,1.0,-1,5.6875376813160745
gear,018f,mean_shift,positive,medium,exponential,0.75,weighted_0.5,300,False,0.0,0.006666666666666667,False,0.9216966074963778,-1,5.6875376813160745
gear,018f,mean_shift,positive,medium,exponential,0.75,weighted_0.75,300,False,0.0,0.006666666666666667,False,0.9216966074963778,-1,5.6875376813160745
gear,018f,mean_shift,positive,slow,exponential,0.75,pird,300,True,0.0033333333333333335,0.01,False,0.8421540127006748,0,5.6875376813160745
gear,018f,mean_shift,positive,slow,exponential,0.75,global,300,False,0.0,0.0,False,1.0,-1,5.6875376813160745
gear,018f,mean_shift,positive,slow,exponential,0.75,or,300,True,0.0033333333333333335,0.01,False,0.8421540127006748,0,5.6875376813160745
gear,018f,mean_shift,positive,slow,exponential,0.75,max,300,True,0.0033333333333333335,0.01,False,0.8421540127006748,0,5.6875376813160745
gear,018f,mean_shift,positive,slow,exponential,0.75,weighted_0.25,300,False,0.0,0.0,False,1.0,-1,5.6875376813160745
gear,018f,mean_shift,positive,slow,exponential,0.75,weighted_0.5,300,False,0.0,0.006666666666666667,False,0.9216966074963778,-1,5.6875376813160745
gear,018f,mean_shift,positive,slow,exponential,0.75,weighted_0.75,300,False,0.0,0.006666666666666667,False,0.9216966074963778,-1,5.6875376813160745
gear,018f,mean_shift,positive,fast,exponential,1.0,pird,300,True,0.0033333333333333335,0.01,False,0.8421540127006748,0,5.6875376813160745
gear,018f,mean_shift,positive,fast,exponential,1.0,global,300,False,0.0,0.0,False,1.0,-1,5.6875376813160745
gear,018f,mean_shift,positive,fast,exponential,1.0,or,300,True,0.0033333333333333335,0.01,False,0.8421540127006748,0,5.6875376813160745
gear,018f,mean_shift,positive,fast,exponential,1.0,max,300,True,0.0033333333333333335,0.01,False,0.8421540127006748,0,5.6875376813160745
gear,018f,mean_shift,positive,fast,exponential,1.0,weighted_0.25,300,False,0.0,0.0,False,1.0,-1,5.6875376813160745
gear,018f,mean_shift,positive,fast,exponential,1.0,weighted_0.5,300,True,0.01,0.006666666666666667,False,0.32668383109995014,104,5.6875376813160745
gear,018f,mean_shift,positive,fast,exponential,1.0,weighted_0.75,300,False,0.0,0.006666666666666667,False,0.9216966074963778,-1,5.6875376813160745
gear,018f,mean_shift,positive,medium,exponential,1.0,pird,300,True,0.0033333333333333335,0.01,False,0.8421540127006748,0,5.6875376813160745
gear,018f,mean_shift,positive,medium,exponential,1.0,global,300,False,0.0,0.0,False,1.0,-1,5.6875376813160745
gear,018f,mean_shift,positive,medium,exponential,1.0,or,300,True,0.0033333333333333335,0.01,False,0.8421540127006748,0,5.6875376813160745
gear,018f,mean_shift,positive,medium,exponential,1.0,max,300,True,0.0033333333333333335,0.01,False,0.8421540127006748,0,5.6875376813160745
gear,018f,mean_shift,positive,medium,exponential,1.0,weighted_0.25,300,False,0.0,0.0,False,1.0,-1,5.6875376813160745
gear,018f,mean_shift,positive,medium,exponential,1.0,weighted_0.5,300,False,0.0,0.006666666666666667,False,0.9216966074963778,-1,5.6875376813160745
gear,018f,mean_shift,positive,medium,exponential,1.0,weighted_0.75,300,False,0.0,0.006666666666666667,False,0.9216966074963778,-1,5.6875376813160745
gear,018f,mean_shift,positive,slow,exponential,1.0,pird,300,True,0.0033333333333333335,0.01,False,0.8421540127006748,0,5.6875376813160745
gear,018f,mean_shift,positive,slow,exponential,1.0,global,300,False,0.0,0.0,False,1.0,-1,5.6875376813160745
gear,018f,mean_shift,positive,slow,exponential,1.0,or,300,True,0.0033333333333333335,0.01,False,0.8421540127006748,0,5.6875376813160745
gear,018f,mean_shift,positive,slow,exponential,1.0,max,300,True,0.0033333333333333335,0.01,False,0.8421540127006748,0,5.6875376813160745
gear,018f,mean_shift,positive,slow,exponential,1.0,weighted_0.25,300,False,0.0,0.0,False,1.0,-1,5.6875376813160745
gear,018f,mean_shift,positive,slow,exponential,1.0,weighted_0.5,300,False,0.0,0.006666666666666667,False,0.9216966074963778,-1,5.6875376813160745
gear,018f,mean_shift,positive,slow,exponential,1.0,weighted_0.75,300,False,0.0,0.006666666666666667,False,0.9216966074963778,-1,5.6875376813160745
gear,018f,mean_shift,positive,fast,exponential,1.5,pird,300,True,0.7866666666666666,0.01,True,2.1402244946464687e-84,0,5.6875376813160745
gear,018f,mean_shift,positive,fast,exponential,1.5,global,300,False,0.0,0.0,False,1.0,-1,5.6875376813160745
gear,018f,mean_shift,positive,fast,exponential,1.5,or,300,True,0.7866666666666666,0.01,True,2.1402244946464687e-84,0,5.6875376813160745
gear,018f,mean_shift,positive,fast,exponential,1.5,max,300,True,0.7866666666666666,0.01,True,2.1402244946464687e-84,0,5.6875376813160745
gear,018f,mean_shift,positive,fast,exponential,1.5,weighted_0.25,300,True,0.02,0.0,True,0.006911511910188324,103,5.6875376813160745
gear,018f,mean_shift,positive,fast,exponential,1.5,weighted_0.5,300,True,0.39,0.006666666666666667,True,2.654262733506819e-32,75,5.6875376813160745
gear,018f,mean_shift,positive,fast,exponential,1.5,weighted_0.75,300,True,0.7666666666666667,0.006666666666666667,True,9.727943139881306e-82,70,5.6875376813160745
gear,018f,mean_shift,positive,medium,exponential,1.5,pird,300,True,0.5666666666666667,0.01,True,1.7094275937061307e-51,0,5.6875376813160745
gear,018f,mean_shift,positive,medium,exponential,1.5,global,300,False,0.0,0.0,False,1.0,-1,5.6875376813160745
gear,018f,mean_shift,positive,medium,exponential,1.5,or,300,True,0.5666666666666667,0.01,True,1.7094275937061307e-51,0,5.6875376813160745
gear,018f,mean_shift,positive,medium,exponential,1.5,max,300,True,0.5666666666666667,0.01,True,1.7094275937061307e-51,0,5.6875376813160745
gear,018f,mean_shift,positive,medium,exponential,1.5,weighted_0.25,300,True,0.0033333333333333335,0.0,False,0.15845344348567247,232,5.6875376813160745
gear,018f,mean_shift,positive,medium,exponential,1.5,weighted_0.5,300,True,0.31333333333333335,0.006666666666666667,True,6.230324439138109e-25,142,5.6875376813160745
gear,018f,mean_shift,positive,medium,exponential,1.5,weighted_0.75,300,True,0.56,0.006666666666666667,True,2.0318519428573554e-51,127,5.6875376813160745
gear,018f,mean_shift,positive,slow,exponential,1.5,pird,300,True,0.12666666666666668,0.01,True,7.43786756393596e-09,0,5.6875376813160745
gear,018f,mean_shift,positive,slow,exponential,1.5,global,300,False,0.0,0.0,False,1.0,-1,5.6875376813160745
gear,018f,mean_shift,positive,slow,exponential,1.5,or,300,True,0.12666666666666668,0.01,True,7.43786756393596e-09,0,5.6875376813160745
gear,018f,mean_shift,positive,slow,exponential,1.5,max,300,True,0.12666666666666668,0.01,True,7.43786756393596e-09,0,5.6875376813160745
gear,018f,mean_shift,positive,slow,exponential,1.5,weighted_0.25,300,False,0.0,0.0,False,1.0,-1,5.6875376813160745
gear,018f,mean_shift,positive,slow,exponential,1.5,weighted_0.5,300,True,0.02,0.006666666666666667,False,0.07726131031423313,267,5.6875376813160745
gear,018f,mean_shift,positive,slow,exponential,1.5,weighted_0.75,300,True,0.11666666666666667,0.006666666666666667,True,1.068059688136938e-08,257,5.6875376813160745
gear,018f,mean_shift,positive,fast,exponential,2.0,pird,300,True,0.8233333333333334,0.01,True,4.4127834788830737e-91,0,6.632896395666291
gear,018f,mean_shift,positive,fast,exponential,2.0,global,300,False,0.0,0.0,False,1.0,-1,6.632896395666291
gear,018f,mean_shift,positive,fast,exponential,2.0,or,300,True,0.8233333333333334,0.01,True,4.4127834788830737e-91,0,6.632896395666291
gear,018f,mean_shift,positive,fast,exponential,2.0,max,300,True,0.8233333333333334,0.01,True,4.4127834788830737e-91,0,6.632896395666291
gear,018f,mean_shift,positive,fast,exponential,2.0,weighted_0.25,300,True,0.04,0.0,True,0.00023326602349477607,78,6.632896395666291
gear,018f,mean_shift,positive,fast,exponential,2.0,weighted_0.5,300,True,0.7066666666666667,0.006666666666666667,True,6.157612618538894e-72,48,6.632896395666291
gear,018f,mean_shift,positive,fast,exponential,2.0,weighted_0.75,300,True,0.8066666666666666,0.006666666666666667,True,8.035902834549515e-89,49,6.632896395666291
gear,018f,mean_shift,positive,medium,exponential,2.0,pird,300,True,0.6433333333333333,0.01,True,9.601656139172631e-62,0,6.632896395666291
gear,018f,mean_shift,positive,medium,exponential,2.0,global,300,False,0.0,0.0,False,1.0,-1,6.632896395666291
gear,018f,mean_shift,positive,medium,exponential,2.0,or,300,True,0.6433333333333333,0.01,True,9.601656139172631e-62,0,6.632896395666291
gear,018f,mean_shift,positive,medium,exponential,2.0,max,300,True,0.6433333333333333,0.01,True,9.601656139172631e-62,0,6.632896395666291
gear,018f,mean_shift,positive,medium,exponential,2.0,weighted_0.25,300,True,0.023333333333333334,0.0,True,0.0038917330287714905,105,6.632896395666291
gear,018f,mean_shift,positive,medium,exponential,2.0,weighted_0.5,300,True,0.6066666666666667,0.006666666666666667,True,1.7684708073254093e-57,103,6.632896395666291
gear,018f,mean_shift,positive,medium,exponential,2.0,weighted_0.75,300,True,0.6533333333333333,0.006666666666666667,True,5.857368226511234e-64,103,6.632896395666291
gear,018f,mean_shift,positive,slow,exponential,2.0,pird,300,True,0.2866666666666667,0.01,True,7.610006005395036e-22,0,6.632896395666291
gear,018f,mean_shift,positive,slow,exponential,2.0,global,300,False,0.0,0.0,False,1.0,-1,6.632896395666291
gear,018f,mean_shift,positive,slow,exponential,2.0,or,300,True,0.2866666666666667,0.01,True,7.610006005395036e-22,0,6.632896395666291
gear,018f,mean_shift,positive,slow,exponential,2.0,max,300,True,0.2866666666666667,0.01,True,7.610006005395036e-22,0,6.632896395666291
gear,018f,mean_shift,positive,slow,exponential,2.0,weighted_0.25,300,True,0.0033333333333333335,0.0,False,0.15845344348567247,267,6.632896395666291
gear,018f,mean_shift,positive,slow,exponential,2.0,weighted_0.5,300,True,0.22333333333333333,0.006666666666666667,True,4.4742582832353895e-17,217,6.632896395666291
gear,018f,mean_shift,positive,slow,exponential,2.0,weighted_0.75,300,True,0.2966666666666667,0.006666666666666667,True,2.043714351673321e-23,207,6.632896395666291
gear,018f,mean_shift,positive,fast,exponential,3.0,pird,300,True,0.87,0.01,True,3.1922130342309943e-100,0,9.898332448140907
gear,018f,mean_shift,positive,fast,exponential,3.0,global,300,False,0.0,0.0,False,1.0,-1,9.898332448140907
gear,018f,mean_shift,positive,fast,exponential,3.0,or,300,True,0.87,0.01,True,3.1922130342309943e-100,0,9.898332448140907
gear,018f,mean_shift,positive,fast,exponential,3.0,max,300,True,0.87,0.01,True,3.1922130342309943e-100,0,9.898332448140907
gear,018f,mean_shift,positive,fast,exponential,3.0,weighted_0.25,300,True,0.10666666666666667,0.0,True,3.049524406043987e-09,48,9.898332448140907
gear,018f,mean_shift,positive,fast,exponential,3.0,weighted_0.5,300,True,0.8133333333333334,0.006666666666666667,True,4.764220398875003e-90,45,9.898332448140907
gear,018f,mean_shift,positive,fast,exponential,3.0,weighted_0.75,300,True,0.8666666666666667,0.006666666666666667,True,2.189441361097828e-100,40,9.898332448140907
gear,018f,mean_shift,positive,medium,exponential,3.0,pird,300,True,0.7366666666666667,0.01,True,6.586936388680166e-76,0,9.898332448140907
gear,018f,mean_shift,positive,medium,exponential,3.0,global,300,False,0.0,0.0,False,1.0,-1,9.898332448140907
gear,018f,mean_shift,positive,medium,exponential,3.0,or,300,True,0.7366666666666667,0.01,True,6.586936388680166e-76,0,9.898332448140907
gear,018f,mean_shift,positive,medium,exponential,3.0,max,300,True,0.7366666666666667,0.01,True,6.586936388680166e-76,0,9.898332448140907
gear,018f,mean_shift,positive,medium,exponential,3.0,weighted_0.25,300,True,0.07333333333333333,0.0,True,8.81520282018051e-07,103,9.898332448140907
gear,018f,mean_shift,positive,medium,exponential,3.0,weighted_0.5,300,True,0.6733333333333333,0.006666666666666667,True,7.096795044783193e-67,78,9.898332448140907
gear,018f,mean_shift,positive,medium,exponential,3.0,weighted_0.75,300,True,0.72,0.006666666666666667,True,4.907485323390912e-74,78,9.898332448140907
gear,018f,mean_shift,positive,slow,exponential,3.0,pird,300,True,0.47333333333333333,0.01,True,2.092634084755923e-40,0,9.898332448140907
gear,018f,mean_shift,positive,slow,exponential,3.0,global,300,False,0.0,0.0,False,1.0,-1,9.898332448140907
gear,018f,mean_shift,positive,slow,exponential,3.0,or,300,True,0.47333333333333333,0.01,True,2.092634084755923e-40,0,9.898332448140907
gear,018f,mean_shift,positive,slow,exponential,3.0,max,300,True,0.47333333333333333,0.01,True,2.092634084755923e-40,0,9.898332448140907
gear,018f,mean_shift,positive,slow,exponential,3.0,weighted_0.25,300,True,0.016666666666666666,0.0,True,0.012369835647664244,217,9.898332448140907
gear,018f,mean_shift,positive,slow,exponential,3.0,weighted_0.5,300,True,0.38,0.006666666666666667,True,2.6567528349232503e-31,167,9.898332448140907
gear,018f,mean_shift,positive,slow,exponential,3.0,weighted_0.75,300,True,0.4533333333333333,0.006666666666666667,True,6.173590548488382e-39,157,9.898332448140907
gear,018f,mean_shift,negative,fast,exponential,0.25,pird,300,True,0.0033333333333333335,0.01,False,0.8421540127006748,0,5.6875376813160745
gear,018f,mean_shift,negative,fast,exponential,0.25,global,300,False,0.0,0.0,False,1.0,-1,5.6875376813160745
gear,018f,mean_shift,negative,fast,exponential,0.25,or,300,True,0.0033333333333333335,0.01,False,0.8421540127006748,0,5.6875376813160745
gear,018f,mean_shift,negative,fast,exponential,0.25,max,300,True,0.0033333333333333335,0.01,False,0.8421540127006748,0,5.6875376813160745
gear,018f,mean_shift,negative,fast,exponential,0.25,weighted_0.25,300,False,0.0,0.0,False,1.0,-1,5.6875376813160745
gear,018f,mean_shift,negative,fast,exponential,0.25,weighted_0.5,300,False,0.0,0.006666666666666667,False,0.9216966074963778,-1,5.6875376813160745
gear,018f,mean_shift,negative,fast,exponential,0.25,weighted_0.75,300,False,0.0,0.006666666666666667,False,0.9216966074963778,-1,5.6875376813160745
gear,018f,mean_shift,negative,medium,exponential,0.25,pird,300,True,0.0033333333333333335,0.01,False,0.8421540127006748,0,5.6875376813160745
gear,018f,mean_shift,negative,medium,exponential,0.25,global,300,False,0.0,0.0,False,1.0,-1,5.6875376813160745
gear,018f,mean_shift,negative,medium,exponential,0.25,or,300,True,0.0033333333333333335,0.01,False,0.8421540127006748,0,5.6875376813160745
gear,018f,mean_shift,negative,medium,exponential,0.25,max,300,True,0.0033333333333333335,0.01,False,0.8421540127006748,0,5.6875376813160745
gear,018f,mean_shift,negative,medium,exponential,0.25,weighted_0.25,300,False,0.0,0.0,False,1.0,-1,5.6875376813160745
gear,018f,mean_shift,negative,medium,exponential,0.25,weighted_0.5,300,False,0.0,0.006666666666666667,False,0.9216966074963778,-1,5.6875376813160745
gear,018f,mean_shift,negative,medium,exponential,0.25,weighted_0.75,300,False,0.0,0.006666666666666667,False,0.9216966074963778,-1,5.6875376813160745
gear,018f,mean_shift,negative,slow,exponential,0.25,pird,300,True,0.0033333333333333335,0.01,False,0.8421540127006748,0,5.6875376813160745
gear,018f,mean_shift,negative,slow,exponential,0.25,global,300,False,0.0,0.0,False,1.0,-1,5.6875376813160745
gear,018f,mean_shift,negative,slow,exponential,0.25,or,300,True,0.0033333333333333335,0.01,False,0.8421540127006748,0,5.6875376813160745
gear,018f,mean_shift,negative,slow,exponential,0.25,max,300,True,0.0033333333333333335,0.01,False,0.8421540127006748,0,5.6875376813160745
gear,018f,mean_shift,negative,slow,exponential,0.25,weighted_0.25,300,False,0.0,0.0,False,1.0,-1,5.6875376813160745
gear,018f,mean_shift,negative,slow,exponential,0.25,weighted_0.5,300,False,0.0,0.006666666666666667,False,0.9216966074963778,-1,5.6875376813160745
gear,018f,mean_shift,negative,slow,exponential,0.25,weighted_0.75,300,False,0.0,0.006666666666666667,False,0.9216966074963778,-1,5.6875376813160745
gear,018f,mean_shift,negative,fast,exponential,0.5,pird,300,True,0.0033333333333333335,0.01,False,0.8421540127006748,0,5.6875376813160745
gear,018f,mean_shift,negative,fast,exponential,0.5,global,300,False,0.0,0.0,False,1.0,-1,5.6875376813160745
gear,018f,mean_shift,negative,fast,exponential,0.5,or,300,True,0.0033333333333333335,0.01,False,0.8421540127006748,0,5.6875376813160745
gear,018f,mean_shift,negative,fast,exponential,0.5,max,300,True,0.0033333333333333335,0.01,False,0.8421540127006748,0,5.6875376813160745
gear,018f,mean_shift,negative,fast,exponential,0.5,weighted_0.25,300,False,0.0,0.0,False,1.0,-1,5.6875376813160745
gear,018f,mean_shift,negative,fast,exponential,0.5,weighted_0.5,300,False,0.0,0.006666666666666667,False,0.9216966074963778,-1,5.6875376813160745
gear,018f,mean_shift,negative,fast,exponential,0.5,weighted_0.75,300,False,0.0,0.006666666666666667,False,0.9216966074963778,-1,5.6875376813160745
gear,018f,mean_shift,negative,medium,exponential,0.5,pird,300,True,0.0033333333333333335,0.01,False,0.8421540127006748,0,5.6875376813160745
gear,018f,mean_shift,negative,medium,exponential,0.5,global,300,False,0.0,0.0,False,1.0,-1,5.6875376813160745
gear,018f,mean_shift,negative,medium,exponential,0.5,or,300,True,0.0033333333333333335,0.01,False,0.8421540127006748,0,5.6875376813160745
gear,018f,mean_shift,negative,medium,exponential,0.5,max,300,True,0.0033333333333333335,0.01,False,0.8421540127006748,0,5.6875376813160745
gear,018f,mean_shift,negative,medium,exponential,0.5,weighted_0.25,300,False,0.0,0.0,False,1.0,-1,5.6875376813160745
gear,018f,mean_shift,negative,medium,exponential,0.5,weighted_0.5,300,False,0.0,0.006666666666666667,False,0.9216966074963778,-1,5.6875376813160745
gear,018f,mean_shift,negative,medium,exponential,0.5,weighted_0.75,300,False,0.0,0.006666666666666667,False,0.9216966074963778,-1,5.6875376813160745
gear,018f,mean_shift,negative,slow,exponential,0.5,pird,300,True,0.0033333333333333335,0.01,False,0.8421540127006748,0,5.6875376813160745
gear,018f,mean_shift,negative,slow,exponential,0.5,global,300,False,0.0,0.0,False,1.0,-1,5.6875376813160745
gear,018f,mean_shift,negative,slow,exponential,0.5,or,300,True,0.0033333333333333335,0.01,False,0.8421540127006748,0,5.6875376813160745
gear,018f,mean_shift,negative,slow,exponential,0.5,max,300,True,0.0033333333333333335,0.01,False,0.8421540127006748,0,5.6875376813160745
gear,018f,mean_shift,negative,slow,exponential,0.5,weighted_0.25,300,False,0.0,0.0,False,1.0,-1,5.6875376813160745
gear,018f,mean_shift,negative,slow,exponential,0.5,weighted_0.5,300,False,0.0,0.006666666666666667,False,0.9216966074963778,-1,5.6875376813160745
gear,018f,mean_shift,negative,slow,exponential,0.5,weighted_0.75,300,False,0.0,0.006666666666666667,False,0.9216966074963778,-1,5.6875376813160745
gear,018f,mean_shift,negative,fast,exponential,0.75,pird,300,True,0.0033333333333333335,0.01,False,0.8421540127006748,0,5.6875376813160745
gear,018f,mean_shift,negative,fast,exponential,0.75,global,300,False,0.0,0.0,False,1.0,-1,5.6875376813160745
gear,018f,mean_shift,negative,fast,exponential,0.75,or,300,True,0.0033333333333333335,0.01,False,0.8421540127006748,0,5.6875376813160745
gear,018f,mean_shift,negative,fast,exponential,0.75,max,300,True,0.0033333333333333335,0.01,False,0.8421540127006748,0,5.6875376813160745
gear,018f,mean_shift,negative,fast,exponential,0.75,weighted_0.25,300,False,0.0,0.0,False,1.0,-1,5.6875376813160745
gear,018f,mean_shift,negative,fast,exponential,0.75,weighted_0.5,300,False,0.0,0.006666666666666667,False,0.9216966074963778,-1,5.6875376813160745
gear,018f,mean_shift,negative,fast,exponential,0.75,weighted_0.75,300,False,0.0,0.006666666666666667,False,0.9216966074963778,-1,5.6875376813160745
gear,018f,mean_shift,negative,medium,exponential,0.75,pird,300,True,0.0033333333333333335,0.01,False,0.8421540127006748,0,5.6875376813160745
gear,018f,mean_shift,negative,medium,exponential,0.75,global,300,False,0.0,0.0,False,1.0,-1,5.6875376813160745
gear,018f,mean_shift,negative,medium,exponential,0.75,or,300,True,0.0033333333333333335,0.01,False,0.8421540127006748,0,5.6875376813160745
gear,018f,mean_shift,negative,medium,exponential,0.75,max,300,True,0.0033333333333333335,0.01,False,0.8421540127006748,0,5.6875376813160745
gear,018f,mean_shift,negative,medium,exponential,0.75,weighted_0.25,300,False,0.0,0.0,False,1.0,-1,5.6875376813160745
gear,018f,mean_shift,negative,medium,exponential,0.75,weighted_0.5,300,False,0.0,0.006666666666666667,False,0.9216966074963778,-1,5.6875376813160745
gear,018f,mean_shift,negative,medium,exponential,0.75,weighted_0.75,300,False,0.0,0.006666666666666667,False,0.9216966074963778,-1,5.6875376813160745
gear,018f,mean_shift,negative,slow,exponential,0.75,pird,300,True,0.0033333333333333335,0.01,False,0.8421540127006748,0,5.6875376813160745
gear,018f,mean_shift,negative,slow,exponential,0.75,global,300,False,0.0,0.0,False,1.0,-1,5.6875376813160745
gear,018f,mean_shift,negative,slow,exponential,0.75,or,300,True,0.0033333333333333335,0.01,False,0.8421540127006748,0,5.6875376813160745
gear,018f,mean_shift,negative,slow,exponential,0.75,max,300,True,0.0033333333333333335,0.01,False,0.8421540127006748,0,5.6875376813160745
gear,018f,mean_shift,negative,slow,exponential,0.75,weighted_0.25,300,False,0.0,0.0,False,1.0,-1,5.6875376813160745
gear,018f,mean_shift,negative,slow,exponential,0.75,weighted_0.5,300,False,0.0,0.006666666666666667,False,0.9216966074963778,-1,5.6875376813160745
gear,018f,mean_shift,negative,slow,exponential,0.75,weighted_0.75,300,False,0.0,0.006666666666666667,False,0.9216966074963778,-1,5.6875376813160745
gear,018f,mean_shift,negative,fast,exponential,1.0,pird,300,True,0.0033333333333333335,0.01,False,0.8421540127006748,0,5.6875376813160745
gear,018f,mean_shift,negative,fast,exponential,1.0,global,300,False,0.0,0.0,False,1.0,-1,5.6875376813160745
gear,018f,mean_shift,negative,fast,exponential,1.0,or,300,True,0.0033333333333333335,0.01,False,0.8421540127006748,0,5.6875376813160745
gear,018f,mean_shift,negative,fast,exponential,1.0,max,300,True,0.0033333333333333335,0.01,False,0.8421540127006748,0,5.6875376813160745
gear,018f,mean_shift,negative,fast,exponential,1.0,weighted_0.25,300,False,0.0,0.0,False,1.0,-1,5.6875376813160745
gear,018f,mean_shift,negative,fast,exponential,1.0,weighted_0.5,300,False,0.0,0.006666666666666667,False,0.9216966074963778,-1,5.6875376813160745
gear,018f,mean_shift,negative,fast,exponential,1.0,weighted_0.75,300,False,0.0,0.006666666666666667,False,0.9216966074963778,-1,5.6875376813160745
gear,018f,mean_shift,negative,medium,exponential,1.0,pird,300,True,0.0033333333333333335,0.01,False,0.8421540127006748,0,5.6875376813160745
gear,018f,mean_shift,negative,medium,exponential,1.0,global,300,False,0.0,0.0,False,1.0,-1,5.6875376813160745
gear,018f,mean_shift,negative,medium,exponential,1.0,or,300,True,0.0033333333333333335,0.01,False,0.8421540127006748,0,5.6875376813160745
gear,018f,mean_shift,negative,medium,exponential,1.0,max,300,True,0.0033333333333333335,0.01,False,0.8421540127006748,0,5.6875376813160745
gear,018f,mean_shift,negative,medium,exponential,1.0,weighted_0.25,300,False,0.0,0.0,False,1.0,-1,5.6875376813160745
gear,018f,mean_shift,negative,medium,exponential,1.0,weighted_0.5,300,False,0.0,0.006666666666666667,False,0.9216966074963778,-1,5.6875376813160745
gear,018f,mean_shift,negative,medium,exponential,1.0,weighted_0.75,300,False,0.0,0.006666666666666667,False,0.9216966074963778,-1,5.6875376813160745
gear,018f,mean_shift,negative,slow,exponential,1.0,pird,300,True,0.0033333333333333335,0.01,False,0.8421540127006748,0,5.6875376813160745
gear,018f,mean_shift,negative,slow,exponential,1.0,global,300,False,0.0,0.0,False,1.0,-1,5.6875376813160745
gear,018f,mean_shift,negative,slow,exponential,1.0,or,300,True,0.0033333333333333335,0.01,False,0.8421540127006748,0,5.6875376813160745
gear,018f,mean_shift,negative,slow,exponential,1.0,max,300,True,0.0033333333333333335,0.01,False,0.8421540127006748,0,5.6875376813160745
gear,018f,mean_shift,negative,slow,exponential,1.0,weighted_0.25,300,False,0.0,0.0,False,1.0,-1,5.6875376813160745
gear,018f,mean_shift,negative,slow,exponential,1.0,weighted_0.5,300,False,0.0,0.006666666666666667,False,0.9216966074963778,-1,5.6875376813160745
gear,018f,mean_shift,negative,slow,exponential,1.0,weighted_0.75,300,False,0.0,0.006666666666666667,False,0.9216966074963778,-1,5.6875376813160745
gear,018f,mean_shift,negative,fast,exponential,1.5,pird,300,True,0.0033333333333333335,0.01,False,0.8421540127006748,0,5.6875376813160745
gear,018f,mean_shift,negative,fast,exponential,1.5,global,300,False,0.0,0.0,False,1.0,-1,5.6875376813160745
gear,018f,mean_shift,negative,fast,exponential,1.5,or,300,True,0.0033333333333333335,0.01,False,0.8421540127006748,0,5.6875376813160745
gear,018f,mean_shift,negative,fast,exponential,1.5,max,300,True,0.0033333333333333335,0.01,False,0.8421540127006748,0,5.6875376813160745
gear,018f,mean_shift,negative,fast,exponential,1.5,weighted_0.25,300,True,0.006666666666666667,0.0,False,0.07830339250362212,105,5.6875376813160745
gear,018f,mean_shift,negative,fast,exponential,1.5,weighted_0.5,300,True,0.03333333333333333,0.006666666666666667,True,0.009828078625084946,78,5.6875376813160745
gear,018f,mean_shift,negative,fast,exponential,1.5,weighted_0.75,300,True,0.09,0.006666666666666667,True,9.73676794030923e-07,78,5.6875376813160745
gear,018f,mean_shift,negative,medium,exponential,1.5,pird,300,True,0.0033333333333333335,0.01,False,0.8421540127006748,0,5.6875376813160745
gear,018f,mean_shift,negative,medium,exponential,1.5,global,300,False,0.0,0.0,False,1.0,-1,5.6875376813160745
gear,018f,mean_shift,negative,medium,exponential,1.5,or,300,True,0.0033333333333333335,0.01,False,0.8421540127006748,0,5.6875376813160745
gear,018f,mean_shift,negative,medium,exponential,1.5,max,300,True,0.0033333333333333335,0.01,False,0.8421540127006748,0,5.6875376813160745
gear,018f,mean_shift,negative,medium,exponential,1.5,weighted_0.25,300,False,0.0,0.0,False,1.0,-1,5.6875376813160745
gear,018f,mean_shift,negative,medium,exponential,1.5,weighted_0.5,300,True,0.01,0.006666666666666667,False,0.32668383109995014,227,5.6875376813160745
gear,018f,mean_shift,negative,medium,exponential,1.5,weighted_0.75,300,True,0.04666666666666667,0.006666666666666667,True,0.0011796812013554088,157,5.6875376813160745
gear,018f,mean_shift,negative,slow,exponential,1.5,pird,300,True,0.0033333333333333335,0.01,False,0.8421540127006748,0,5.6875376813160745
gear,018f,mean_shift,negative,slow,exponential,1.5,global,300,False,0.0,0.0,False,1.0,-1,5.6875376813160745
gear,018f,mean_shift,negative,slow,exponential,1.5,or,300,True,0.0033333333333333335,0.01,False,0.8421540127006748,0,5.6875376813160745
gear,018f,mean_shift,negative,slow,exponential,1.5,max,300,True,0.0033333333333333335,0.01,False,0.8421540127006748,0,5.6875376813160745
gear,018f,mean_shift,negative,slow,exponential,1.5,weighted_0.25,300,False,0.0,0.0,False,1.0,-1,5.6875376813160745
gear,018f,mean_shift,negative,slow,exponential,1.5,weighted_0.5,300,False,0.0,0.006666666666666667,False,0.9216966074963778,-1,5.6875376813160745
gear,018f,mean_shift,negative,slow,exponential,1.5,weighted_0.75,300,False,0.0,0.006666666666666667,False,0.9216966074963778,-1,5.6875376813160745
gear,018f,mean_shift,negative,fast,exponential,2.0,pird,300,True,0.7866666666666666,0.01,True,2.1402244946464687e-84,0,5.729625759782617
gear,018f,mean_shift,negative,fast,exponential,2.0,global,300,False,0.0,0.0,False,1.0,-1,5.729625759782617
gear,018f,mean_shift,negative,fast,exponential,2.0,or,300,True,0.7866666666666666,0.01,True,2.1402244946464687e-84,0,5.729625759782617
gear,018f,mean_shift,negative,fast,exponential,2.0,max,300,True,0.7866666666666666,0.01,True,2.1402244946464687e-84,0,5.729625759782617
gear,018f,mean_shift,negative,fast,exponential,2.0,weighted_0.25,300,True,0.016666666666666666,0.0,True,0.012369835647664244,103,5.729625759782617
gear,018f,mean_shift,negative,fast,exponential,2.0,weighted_0.5,300,True,0.29333333333333333,0.006666666666666667,True,4.0749509567031614e-23,75,5.729625759782617
gear,018f,mean_shift,negative,fast,exponential,2.0,weighted_0.75,300,True,0.7566666666666667,0.006666666666666667,True,4.868523448976714e-80,61,5.729625759782617
gear,018f,mean_shift,negative,medium,exponential,2.0,pird,300,True,0.5733333333333334,0.01,True,2.4284002462305786e-52,0,5.729625759782617
gear,018f,mean_shift,negative,medium,exponential,2.0,global,300,False,0.0,0.0,False,1.0,-1,5.729625759782617
gear,018f,mean_shift,negative,medium,exponential,2.0,or,300,True,0.5733333333333334,0.01,True,2.4284002462305786e-52,0,5.729625759782617
gear,018f,mean_shift,negative,medium,exponential,2.0,max,300,True,0.5733333333333334,0.01,True,2.4284002462305786e-52,0,5.729625759782617
gear,018f,mean_shift,negative,medium,exponential,2.0,weighted_0.25,300,False,0.0,0.0,False,1.0,-1,5.729625759782617
gear,018f,mean_shift,negative,medium,exponential,2.0,weighted_0.5,300,True,0.23333333333333334,0.006666666666666667,True,6.549186388614896e-18,105,5.729625759782617
gear,018f,mean_shift,negative,medium,exponential,2.0,weighted_0.75,300,True,0.55,0.006666666666666667,True,3.596418078394979e-50,127,5.729625759782617
gear,018f,mean_shift,negative,slow,exponential,2.0,pird,300,True,0.14,0.01,True,7.476191485997808e-10,0,5.729625759782617
gear,018f,mean_shift,negative,slow,exponential,2.0,global,300,False,0.0,0.0,False,1.0,-1,5.729625759782617
gear,018f,mean_shift,negative,slow,exponential,2.0,or,300,True,0.14,0.01,True,7.476191485997808e-10,0,5.729625759782617
gear,018f,mean_shift,negative,slow,exponential,2.0,max,300,True,0.14,0.01,True,7.476191485997808e-10,0,5.729625759782617
gear,018f,mean_shift,negative,slow,exponential,2.0,weighted_0.25,300,False,0.0,0.0,False,1.0,-1,5.729625759782617
gear,018f,mean_shift,negative,slow,exponential,2.0,weighted_0.5,300,True,0.016666666666666666,0.006666666666666667,False,0.12702523609430322,232,5.729625759782617
gear,018f,mean_shift,negative,slow,exponential,2.0,weighted_0.75,300,True,0.11333333333333333,0.006666666666666667,True,1.8891447453190407e-08,252,5.729625759782617
gear,018f,mean_shift,negative,fast,exponential,3.0,pird,300,True,0.84,0.01,True,2.9185456608698994e-94,0,7.919212124963091
gear,018f,mean_shift,negative,fast,exponential,3.0,global,300,False,0.0,0.0,False,1.0,-1,7.919212124963091
gear,018f,mean_shift,negative,fast,exponential,3.0,or,300,True,0.84,0.01,True,2.9185456608698994e-94,0,7.919212124963091
gear,018f,mean_shift,negative,fast,exponential,3.0,max,300,True,0.84,0.01,True,2.9185456608698994e-94,0,7.919212124963091
gear,018f,mean_shift,negative,fast,exponential,3.0,weighted_0.25,300,True,0.02666666666666667,0.0,True,0.002203384773827771,78,7.919212124963091
gear,018f,mean_shift,negative,fast,exponential,3.0,weighted_0.5,300,True,0.6466666666666666,0.006666666666666667,True,5.257205832592972e-63,47,7.919212124963091
gear,018f,mean_shift,negative,fast,exponential,3.0,weighted_0.75,300,True,0.84,0.006666666666666667,True,4.2497533247752963e-95,46,7.919212124963091
gear,018f,mean_shift,negative,medium,exponential,3.0,pird,300,True,0.6766666666666666,0.01,True,1.4259742745609465e-66,0,7.919212124963091
gear,018f,mean_shift,negative,medium,exponential,3.0,global,300,False,0.0,0.0,False,1.0,-1,7.919212124963091
gear,018f,mean_shift,negative,medium,exponential,3.0,or,300,True,0.6766666666666666,0.01,True,1.4259742745609465e-66,0,7.919212124963091
gear,018f,mean_shift,negative,medium,exponential,3.0,max,300,True,0.6766666666666666,0.01,True,1.4259742745609465e-66,0,7.919212124963091
gear,018f,mean_shift,negative,medium,exponential,3.0,weighted_0.25,300,True,0.013333333333333334,0.0,True,0.022390798093968527,104,7.919212124963091
gear,018f,mean_shift,negative,medium,exponential,3.0,weighted_0.5,300,True,0.5566666666666666,0.006666666666666667,True,5.318652187639606e-51,102,7.919212124963091
gear,018f,mean_shift,negative,medium,exponential,3.0,weighted_0.75,300,True,0.6633333333333333,0.006666666666666667,True,2.0907211012627256e-65,101,7.919212124963091
gear,018f,mean_shift,negative,slow,exponential,3.0,pird,300,True,0.35333333333333333,0.01,True,5.404912876219684e-28,0,7.919212124963091
gear,018f,mean_shift,negative,slow,exponential,3.0,global,300,False,0.0,0.0,False,1.0,-1,7.919212124963091
gear,018f,mean_shift,negative,slow,exponential,3.0,or,300,True,0.35333333333333333,0.01,True,5.404912876219684e-28,0,7.919212124963091
gear,018f,mean_shift,negative,slow,exponential,3.0,max,300,True,0.35333333333333333,0.01,True,5.404912876219684e-28,0,7.919212124963091
gear,018f,mean_shift,negative,slow,exponential,3.0,weighted_0.25,300,False,0.0,0.0,False,1.0,-1,7.919212124963091
gear,018f,mean_shift,negative,slow,exponential,3.0,weighted_0.5,300,True,0.23666666666666666,0.006666666666666667,True,3.4354346216976627e-18,207,7.919212124963091
gear,018f,mean_shift,negative,slow,exponential,3.0,weighted_0.75,300,True,0.33666666666666667,0.006666666666666667,True,4.18949270335657e-27,187,7.919212124963091
gear,0260,additive,positive,fast,exponential,0.25,pird,300,True,0.05,0.02666666666666667,False,0.068321734059852,13,6.750302256392014
gear,0260,additive,positive,fast,exponential,0.25,global,300,False,0.0,0.0,False,1.0,-1,6.750302256392014
gear,0260,additive,positive,fast,exponential,0.25,or,300,True,0.05,0.02666666666666667,False,0.068321734059852,13,6.750302256392014
gear,0260,additive,positive,fast,exponential,0.25,max,300,True,0.05,0.02666666666666667,False,0.068321734059852,13,6.750302256392014
gear,0260,additive,positive,fast,exponential,0.25,weighted_0.25,300,False,0.0,0.0,False,1.0,-1,6.750302256392014
gear,0260,additive,positive,fast,exponential,0.25,weighted_0.5,300,True,0.01,0.0033333333333333335,False,0.15784598729932525,14,6.750302256392014
gear,0260,additive,positive,fast,exponential,0.25,weighted_0.75,300,True,0.03,0.0033333333333333335,True,0.005368078420490934,14,6.750302256392014
gear,0260,additive,positive,medium,exponential,0.25,pird,300,True,0.04666666666666667,0.02666666666666667,False,0.09623248310447309,13,6.750302256392014
gear,0260,additive,positive,medium,exponential,0.25,global,300,False,0.0,0.0,False,1.0,-1,6.750302256392014
gear,0260,additive,positive,medium,exponential,0.25,or,300,True,0.04666666666666667,0.02666666666666667,False,0.09623248310447309,13,6.750302256392014
gear,0260,additive,positive,medium,exponential,0.25,max,300,True,0.04666666666666667,0.02666666666666667,False,0.09623248310447309,13,6.750302256392014
gear,0260,additive,positive,medium,exponential,0.25,weighted_0.25,300,False,0.0,0.0,False,1.0,-1,6.750302256392014
gear,0260,additive,positive,medium,exponential,0.25,weighted_0.5,300,True,0.006666666666666667,0.0033333333333333335,False,0.28136237593594443,14,6.750302256392014
gear,0260,additive,positive,medium,exponential,0.25,weighted_0.75,300,True,0.02666666666666667,0.0033333333333333335,True,0.009360694208556435,14,6.750302256392014
gear,0260,additive,positive,slow,exponential,0.25,pird,300,True,0.03333333333333333,0.02666666666666667,False,0.3160978151947808,13,6.821244821816303
gear,0260,additive,positive,slow,exponential,0.25,global,300,False,0.0,0.0,False,1.0,-1,6.821244821816303
gear,0260,additive,positive,slow,exponential,0.25,or,300,True,0.03333333333333333,0.02666666666666667,False,0.3160978151947808,13,6.821244821816303
gear,0260,additive,positive,slow,exponential,0.25,max,300,True,0.03333333333333333,0.02666666666666667,False,0.3160978151947808,13,6.821244821816303
gear,0260,additive,positive,slow,exponential,0.25,weighted_0.25,300,False,0.0,0.0,False,1.0,-1,6.821244821816303
gear,0260,additive,positive,slow,exponential,0.25,weighted_0.5,300,True,0.006666666666666667,0.0033333333333333335,False,0.28136237593594443,14,6.821244821816303
gear,0260,additive,positive,slow,exponential,0.25,weighted_0.75,300,True,0.02,0.0033333333333333335,True,0.028654691303167192,14,6.821244821816303
gear,0260,additive,positive,fast,exponential,0.5,pird,300,True,0.043333333333333335,0.02666666666666667,False,0.13334879052731374,13,6.783884321540063
gear,0260,additive,positive,fast,exponential,0.5,global,300,False,0.0,0.0,False,1.0,-1,6.783884321540063
gear,0260,additive,positive,fast,exponential,0.5,or,300,True,0.043333333333333335,0.02666666666666667,False,0.13334879052731374,13,6.783884321540063
gear,0260,additive,positive,fast,exponential,0.5,max,300,True,0.043333333333333335,0.02666666666666667,False,0.13334879052731374,13,6.783884321540063
gear,0260,additive,positive,fast,exponential,0.5,weighted_0.25,300,False,0.0,0.0,False,1.0,-1,6.783884321540063
gear,0260,additive,positive,fast,exponential,0.5,weighted_0.5,300,True,0.016666666666666666,0.0033333333333333335,False,0.05037589024688565,14,6.783884321540063
gear,0260,additive,positive,fast,exponential,0.5,weighted_0.75,300,True,0.013333333333333334,0.0033333333333333335,False,0.0889472666679817,14,6.783884321540063
gear,0260,additive,positive,medium,exponential,0.5,pird,300,True,0.03333333333333333,0.02666666666666667,False,0.3160978151947808,13,6.783884321540063
gear,0260,additive,positive,medium,exponential,0.5,global,300,False,0.0,0.0,False,1.0,-1,6.783884321540063
gear,0260,additive,positive,medium,exponential,0.5,or,300,True,0.03333333333333333,0.02666666666666667,False,0.3160978151947808,13,6.783884321540063
gear,0260,additive,positive,medium,exponential,0.5,max,300,True,0.03333333333333333,0.02666666666666667,False,0.3160978151947808,13,6.783884321540063
gear,0260,additive,positive,medium,exponential,0.5,weighted_0.25,300,False,0.0,0.0,False,1.0,-1,6.783884321540063
gear,0260,additive,positive,medium,exponential,0.5,weighted_0.5,300,True,0.013333333333333334,0.0033333333333333335,False,0.0889472666679817,14,6.783884321540063
gear,0260,additive,positive,medium,exponential,0.5,weighted_0.75,300,True,0.006666666666666667,0.0033333333333333335,False,0.28136237593594443,14,6.783884321540063
gear,0260,additive,positive,slow,exponential,0.5,pird,300,True,0.04666666666666667,0.02666666666666667,False,0.09623248310447309,13,6.764957056459051
gear,0260,additive,positive,slow,exponential,0.5,global,300,False,0.0,0.0,False,1.0,-1,6.764957056459051
gear,0260,additive,positive,slow,exponential,0.5,or,300,True,0.04666666666666667,0.02666666666666667,False,0.09623248310447309,13,6.764957056459051
gear,0260,additive,positive,slow,exponential,0.5,max,300,True,0.04666666666666667,0.02666666666666667,False,0.09623248310447309,13,6.764957056459051
gear,0260,additive,positive,slow,exponential,0.5,weighted_0.25,300,False,0.0,0.0,False,1.0,-1,6.764957056459051
gear,0260,additive,positive,slow,exponential,0.5,weighted_0.5,300,True,0.006666666666666667,0.0033333333333333335,False,0.28136237593594443,14,6.764957056459051
gear,0260,additive,positive,slow,exponential,0.5,weighted_0.75,300,True,0.02666666666666667,0.0033333333333333335,True,0.009360694208556435,14,6.764957056459051
gear,0260,additive,positive,fast,exponential,0.75,pird,300,True,0.12,0.02666666666666667,True,5.799201555226412e-06,13,7.118712493056683
gear,0260,additive,positive,fast,exponential,0.75,global,300,False,0.0,0.0,False,1.0,-1,7.118712493056683
gear,0260,additive,positive,fast,exponential,0.75,or,300,True,0.12,0.02666666666666667,True,5.799201555226412e-06,13,7.118712493056683
gear,0260,additive,positive,fast,exponential,0.75,max,300,True,0.12,0.02666666666666667,True,5.799201555226412e-06,13,7.118712493056683
gear,0260,additive,positive,fast,exponential,0.75,weighted_0.25,300,True,0.006666666666666667,0.0,False,0.07830339250362212,79,7.118712493056683
gear,0260,additive,positive,fast,exponential,0.75,weighted_0.5,300,True,0.03333333333333333,0.0033333333333333335,True,0.0030829674214280602,14,7.118712493056683
gear,0260,additive,positive,fast,exponential,0.75,weighted_0.75,300,True,0.056666666666666664,0.0033333333333333335,True,6.430371156653373e-05,14,7.118712493056683
gear,0260,additive,positive,medium,exponential,0.75,pird,300,True,0.04,0.02666666666666667,False,0.18148571616991524,13,7.118712493056683
gear,0260,additive,positive,medium,exponential,0.75,global,300,False,0.0,0.0,False,1.0,-1,7.118712493056683
gear,0260,additive,positive,medium,exponential,0.75,or,300,True,0.04,0.02666666666666667,False,0.18148571616991524,13,7.118712493056683
gear,0260,additive,positive,medium,exponential,0.75,max,300,True,0.04,0.02666666666666667,False,0.18148571616991524,13,7.118712493056683
gear,0260,additive,positive,medium,exponential,0.75,weighted_0.25,300,False,0.0,0.0,False,1.0,-1,7.118712493056683
gear,0260,additive,positive,medium,exponential,0.75,weighted_0.5,300,True,0.016666666666666666,0.0033333333333333335,False,0.05037589024688565,14,7.118712493056683
gear,0260,additive,positive,medium,exponential,0.75,weighted_0.75,300,True,0.01,0.0033333333333333335,False,0.15784598729932525,14,7.118712493056683
gear,0260,additive,positive,slow,exponential,0.75,pird,300,True,0.05,0.02666666666666667,False,0.068321734059852,13,6.7322079322289055
gear,0260,additive,positive,slow,exponential,0.75,global,300,False,0.0,0.0,False,1.0,-1,6.7322079322289055
gear,0260,additive,positive,slow,exponential,0.75,or,300,True,0.05,0.02666666666666667,False,0.068321734059852,13,6.7322079322289055
gear,0260,additive,positive,slow,exponential,0.75,max,300,True,0.05,0.02666666666666667,False,0.068321734059852,13,6.7322079322289055
gear,0260,additive,positive,slow,exponential,0.75,weighted_0.25,300,False,0.0,0.0,False,1.0,-1,6.7322079322289055
gear,0260,additive,positive,slow,exponential,0.75,weighted_0.5,300,True,0.01,0.0033333333333333335,False,0.15784598729932525,14,6.7322079322289055
gear,0260,additive,positive,slow,exponential,0.75,weighted_0.75,300,True,0.03,0.0033333333333333335,True,0.005368078420490934,14,6.7322079322289055
gear,0260,additive,positive,fast,exponential,1.0,pird,300,True,0.2,0.02666666666666667,True,1.0650106863888508e-11,13,7.551213348936915
gear,0260,additive,positive,fast,exponential,1.0,global,300,False,0.0,0.0,False,1.0,-1,7.551213348936915
gear,0260,additive,positive,fast,exponential,1.0,or,300,True,0.2,0.02666666666666667,True,1.0650106863888508e-11,13,7.551213348936915
gear,0260,additive,positive,fast,exponential,1.0,max,300,True,0.2,0.02666666666666667,True,1.0650106863888508e-11,13,7.551213348936915
gear,0260,additive,positive,fast,exponential,1.0,weighted_0.25,300,True,0.013333333333333334,0.0,True,0.022390798093968527,79,7.551213348936915
gear,0260,additive,positive,fast,exponential,1.0,weighted_0.5,300,True,0.05333333333333334,0.0033333333333333335,True,0.00011182112213123689,14,7.551213348936915
gear,0260,additive,positive,fast,exponential,1.0,weighted_0.75,300,True,0.12666666666666668,0.0033333333333333335,True,4.4713332212739396e-10,14,7.551213348936915
gear,0260,additive,positive,medium,exponential,1.0,pird,300,True,0.03666666666666667,0.02666666666666667,False,0.2421478316499533,13,7.551213348936915
gear,0260,additive,positive,medium,exponential,1.0,global,300,False,0.0,0.0,False,1.0,-1,7.551213348936915
gear,0260,additive,positive,medium,exponential,1.0,or,300,True,0.03666666666666667,0.02666666666666667,False,0.2421478316499533,13,7.551213348936915
gear,0260,additive,positive,medium,exponential,1.0,max,300,True,0.03333333333333333,0.02666666666666667,False,0.3160978151947808,13,7.551213348936915
gear,0260,additive,positive,medium,exponential,1.0,weighted_0.25,300,True,0.0033333333333333335,0.0,False,0.15845344348567247,106,7.551213348936915
gear,0260,additive,positive,medium,exponential,1.0,weighted_0.5,300,True,0.02,0.0033333333333333335,True,0.028654691303167192,14,7.551213348936915
gear,0260,additive,positive,medium,exponential,1.0,weighted_0.75,300,True,0.01,0.0033333333333333335,False,0.15784598729932525,14,7.551213348936915
gear,0260,additive,positive,slow,exponential,1.0,pird,300,True,0.05333333333333334,0.02666666666666667,True,0.0477903522728147,13,6.720136144029127
gear,0260,additive,positive,slow,exponential,1.0,global,300,False,0.0,0.0,False,1.0,-1,6.720136144029127
gear,0260,additive,positive,slow,exponential,1.0,or,300,True,0.05333333333333334,0.02666666666666667,True,0.0477903522728147,13,6.720136144029127
gear,0260,additive,positive,slow,exponential,1.0,max,300,True,0.05333333333333334,0.02666666666666667,True,0.0477903522728147,13,6.720136144029127
gear,0260,additive,positive,slow,exponential,1.0,weighted_0.25,300,False,0.0,0.0,False,1.0,-1,6.720136144029127
gear,0260,additive,positive,slow,exponential,1.0,weighted_0.5,300,True,0.01,0.0033333333333333335,False,0.15784598729932525,14,6.720136144029127
gear,0260,additive,positive,slow,exponential,1.0,weighted_0.75,300,True,0.02666666666666667,0.0033333333333333335,True,0.009360694208556435,14,6.720136144029127
gear,0260,additive,positive,fast,exponential,1.5,pird,300,True,0.47,0.02666666666666667,True,1.5949752734960126e-36,13,8.548814452559807
gear,0260,additive,positive,fast,exponential,1.5,global,300,False,0.0,0.0,False,1.0,-1,8.548814452559807
gear,0260,additive,positive,fast,exponential,1.5,or,300,True,0.47,0.02666666666666667,True,1.5949752734960126e-36,13,8.548814452559807
gear,0260,additive,positive,fast,exponential,1.5,max,300,True,0.47,0.02666666666666667,True,1.5949752734960126e-36,13,8.548814452559807
gear,0260,additive,positive,fast,exponential,1.5,weighted_0.25,300,True,0.023333333333333334,0.0,True,0.0038917330287714905,79,8.548814452559807
gear,0260,additive,positive,fast,exponential,1.5,weighted_0.5,300,True,0.10666666666666667,0.0033333333333333335,True,1.4183745636948682e-08,14,8.548814452559807
gear,0260,additive,positive,fast,exponential,1.5,weighted_0.75,300,True,0.4166666666666667,0.0033333333333333335,True,9.13824711038247e-36,14,8.548814452559807
gear,0260,additive,positive,medium,exponential,1.5,pird,300,True,0.24333333333333335,0.02666666666666667,True,4.0699937787430115e-15,13,8.548814452559807
gear,0260,additive,positive,medium,exponential,1.5,global,300,False,0.0,0.0,False,1.0,-1,8.548814452559807
gear,0260,additive,positive,medium,exponential,1.5,or,300,True,0.24333333333333335,0.02666666666666667,True,4.0699937787430115e-15,13,8.548814452559807
gear,0260,additive,positive,medium,exponential,1.5,max,300,True,0.24333333333333335,0.02666666666666667,True,4.0699937787430115e-15,13,8.548814452559807
gear,0260,additive,positive,medium,exponential,1.5,weighted_0.25,300,True,0.013333333333333334,0.0,True,0.022390798093968527,79,8.548814452559807
gear,0260,additive,positive,medium,exponential,1.5,weighted_0.5,300,True,0.04666666666666667,0.0033333333333333335,True,0.0003377356107429585,14,8.548814452559807
gear,0260,additive,positive,medium,exponential,1.5,weighted_0.75,300,True,0.17,0.0033333333333333335,True,2.004282389188993e-13,14,8.548814452559807
gear,0260,additive,positive,slow,exponential,1.5,pird,300,True,0.04,0.02666666666666667,False,0.18148571616991524,13,6.981109956071989
gear,0260,additive,positive,slow,exponential,1.5,global,300,False,0.0,0.0,False,1.0,-1,6.981109956071989
gear,0260,additive,positive,slow,exponential,1.5,or,300,True,0.04,0.02666666666666667,False,0.18148571616991524,13,6.981109956071989
gear,0260,additive,positive,slow,exponential,1.5,max,300,True,0.04,0.02666666666666667,False,0.18148571616991524,13,6.981109956071989
gear,0260,additive,positive,slow,exponential,1.5,weighted_0.25,300,False,0.0,0.0,False,1.0,-1,6.981109956071989
gear,0260,additive,positive,slow,exponential,1.5,weighted_0.5,300,True,0.016666666666666666,0.0033333333333333335,False,0.05037589024688565,14,6.981109956071989
gear,0260,additive,positive,slow,exponential,1.5,weighted_0.75,300,True,0.01,0.0033333333333333335,False,0.15784598729932525,14,6.981109956071989
gear,0260,additive,positive,fast,exponential,2.0,pird,300,True,0.8166666666666667,0.02666666666666667,True,8.886524776221433e-86,13,9.748109588176547
gear,0260,additive,positive,fast,exponential,2.0,global,300,False,0.0,0.0,False,1.0,-1,9.748109588176547
gear,0260,additive,positive,fast,exponential,2.0,or,300,True,0.8166666666666667,0.02666666666666667,True,8.886524776221433e-86,13,9.748109588176547
gear,0260,additive,positive,fast,exponential,2.0,max,300,True,0.8133333333333334,0.02666666666666667,True,3.653849467852589e-85,13,9.748109588176547
gear,0260,additive,positive,fast,exponential,2.0,weighted_0.25,300,True,0.02666666666666667,0.0,True,0.002203384773827771,17,9.748109588176547
gear,0260,additive,positive,fast,exponential,2.0,weighted_0.5,300,True,0.5233333333333333,0.0033333333333333335,True,1.088059229795708e-47,14,9.748109588176547
gear,0260,additive,positive,fast,exponential,2.0,weighted_0.75,300,True,0.8233333333333334,0.0033333333333333335,True,9.35140868221686e-93,14,9.748109588176547
gear,0260,additive,positive,medium,exponential,2.0,pird,300,True,0.7266666666666667,0.02666666666666667,True,2.3680830648790804e-70,13,9.748109588176547
gear,0260,additive,positive,medium,exponential,2.0,global,300,False,0.0,0.0,False,1.0,-1,9.748109588176547
gear,0260,additive,positive,medium,exponential,2.0,or,300,True,0.7266666666666667,0.02666666666666667,True,2.3680830648790804e-70,13,9.748109588176547
gear,0260,additive,positive,medium,exponential,2.0,max,300,True,0.7233333333333334,0.02666666666666667,True,7.998996001534612e-70,13,9.748109588176547
gear,0260,additive,positive,medium,exponential,2.0,weighted_0.25,300,True,0.016666666666666666,0.0,True,0.012369835647664244,79,9.748109588176547
gear,0260,additive,positive,medium,exponential,2.0,weighted_0.5,300,True,0.3566666666666667,0.0033333333333333335,True,9.895354245138269e-30,14,9.748109588176547
gear,0260,additive,positive,medium,exponential,2.0,weighted_0.75,300,True,0.6766666666666666,0.0033333333333333335,True,3.5487787718776096e-68,14,9.748109588176547
gear,0260,additive,positive,slow,exponential,2.0,pird,300,True,0.13333333333333333,0.02666666666666667,True,7.344010748156648e-07,13,7.344126459224787
gear,0260,additive,positive,slow,exponential,2.0,global,300,False,0.0,0.0,False,1.0,-1,7.344126459224787
gear,0260,additive,positive,slow,exponential,2.0,or,300,True,0.13333333333333333,0.02666666666666667,True,7.344010748156648e-07,13,7.344126459224787
gear,0260,additive,positive,slow,exponential,2.0,max,300,True,0.13,0.02666666666666667,True,1.2382599139802848e-06,13,7.344126459224787
gear,0260,additive,positive,slow,exponential,2.0,weighted_0.25,300,False,0.0,0.0,False,1.0,-1,7.344126459224787
gear,0260,additive,positive,slow,exponential,2.0,weighted_0.5,300,True,0.04,0.0033333333333333335,True,0.0010196480999574895,14,7.344126459224787
gear,0260,additive,positive,slow,exponential,2.0,weighted_0.75,300,True,0.13,0.0033333333333333335,True,2.4983230272021913e-10,14,7.344126459224787
gear,0260,additive,positive,fast,exponential,3.0,pird,300,True,0.9333333333333333,0.02666666666666667,True,9.521720421779523e-110,13,12.549043787004972
gear,0260,additive,positive,fast,exponential,3.0,global,300,False,0.0,0.0,False,1.0,-1,12.549043787004972
gear,0260,additive,positive,fast,exponential,3.0,or,300,True,0.9333333333333333,0.02666666666666667,True,9.521720421779523e-110,13,12.549043787004972
gear,0260,additive,positive,fast,exponential,3.0,max,300,True,0.9333333333333333,0.02666666666666667,True,9.521720421779523e-110,13,12.549043787004972
gear,0260,additive,positive,fast,exponential,3.0,weighted_0.25,300,True,0.07666666666666666,0.0,True,5.029475968319464e-07,16,12.549043787004972
gear,0260,additive,positive,fast,exponential,3.0,weighted_0.5,300,True,0.8366666666666667,0.0033333333333333335,True,2.6869943146541087e-95,14,12.549043787004972
gear,0260,additive,positive,fast,exponential,3.0,weighted_0.75,300,True,0.9133333333333333,0.0033333333333333335,True,4.019296172760166e-111,14,12.549043787004972
gear,0260,additive,positive,medium,exponential,3.0,pird,300,True,0.8266666666666667,0.02666666666666667,True,1.216901664003865e-87,13,12.47240287917271
gear,0260,additive,positive,medium,exponential,3.0,global,300,False,0.0,0.0,False,1.0,-1,12.47240287917271
gear,0260,additive,positive,medium,exponential,3.0,or,300,True,0.8266666666666667,0.02666666666666667,True,1.216901664003865e-87,13,12.47240287917271
gear,0260,additive,positive,medium,exponential,3.0,max,300,True,0.8266666666666667,0.02666666666666667,True,1.216901664003865e-87,13,12.47240287917271
gear,0260,additive,positive,medium,exponential,3.0,weighted_0.25,300,True,0.056666666666666664,0.0,True,1.4397821768935085e-05,79,12.47240287917271
gear,0260,additive,positive,medium,exponential,3.0,weighted_0.5,300,True,0.71,0.0033333333333333335,True,2.845180079888255e-73,14,12.47240287917271
gear,0260,additive,positive,medium,exponential,3.0,weighted_0.75,300,True,0.8133333333333334,0.0033333333333333335,True,6.911991238272996e-91,14,12.47240287917271
gear,0260,additive,positive,slow,exponential,3.0,pird,300,True,0.43333333333333335,0.02666666666666667,True,1.2839361243446094e-32,13,8.198080907565306
gear,0260,additive,positive,slow,exponential,3.0,global,300,False,0.0,0.0,False,1.0,-1,8.198080907565306
gear,0260,additive,positive,slow,exponential,3.0,or,300,True,0.43333333333333335,0.02666666666666667,True,1.2839361243446094e-32,13,8.198080907565306
gear,0260,additive,positive,slow,exponential,3.0,max,300,True,0.43333333333333335,0.02666666666666667,True,1.2839361243446094e-32,13,8.198080907565306
gear,0260,additive,positive,slow,exponential,3.0,weighted_0.25,300,True,0.006666666666666667,0.0,False,0.07830339250362212,106,8.198080907565306
gear,0260,additive,positive,slow,exponential,3.0,weighted_0.5,300,True,0.33666666666666667,0.0033333333333333335,True,8.162358316418448e-28,14,8.198080907565306
gear,0260,additive,positive,slow,exponential,3.0,weighted_0.75,300,True,0.3933333333333333,0.0033333333333333335,True,2.292947626115597e-33,14,8.198080907565306
gear,0260,additive,negative,fast,exponential,0.25,pird,300,True,0.06,0.02666666666666667,True,0.02247692686126362,13,7.127216699311779
gear,0260,additive,negative,fast,exponential,0.25,global,300,False,0.0,0.0,False,1.0,-1,7.127216699311779
gear,0260,additive,negative,fast,exponential,0.25,or,300,True,0.06,0.02666666666666667,True,0.02247692686126362,13,7.127216699311779
gear,0260,additive,negative,fast,exponential,0.25,max,300,True,0.06,0.02666666666666667,True,0.02247692686126362,13,7.127216699311779
gear,0260,additive,negative,fast,exponential,0.25,weighted_0.25,300,False,0.0,0.0,False,1.0,-1,7.127216699311779
gear,0260,additive,negative,fast,exponential,0.25,weighted_0.5,300,True,0.0033333333333333335,0.0033333333333333335,False,0.5,14,7.127216699311779
gear,0260,additive,negative,fast,exponential,0.25,weighted_0.75,300,True,0.05,0.0033333333333333335,True,0.00019436340009940252,14,7.127216699311779
gear,0260,additive,negative,medium,exponential,0.25,pird,300,True,0.06,0.02666666666666667,True,0.02247692686126362,13,7.127216699311779
gear,0260,additive,negative,medium,exponential,0.25,global,300,False,0.0,0.0,False,1.0,-1,7.127216699311779
gear,0260,additive,negative,medium,exponential,0.25,or,300,True,0.06,0.02666666666666667,True,0.02247692686126362,13,7.127216699311779
gear,0260,additive,negative,medium,exponential,0.25,max,300,True,0.06,0.02666666666666667,True,0.02247692686126362,13,7.127216699311779
gear,0260,additive,negative,medium,exponential,0.25,weighted_0.25,300,False,0.0,0.0,False,1.0,-1,7.127216699311779
gear,0260,additive,negative,medium,exponential,0.25,weighted_0.5,300,True,0.0033333333333333335,0.0033333333333333335,False,0.5,14,7.127216699311779
gear,0260,additive,negative,medium,exponential,0.25,weighted_0.75,300,True,0.05,0.0033333333333333335,True,0.00019436340009940252,14,7.127216699311779
gear,0260,additive,negative,slow,exponential,0.25,pird,300,True,0.04666666666666667,0.02666666666666667,False,0.09623248310447309,13,6.986456025276766
gear,0260,additive,negative,slow,exponential,0.25,global,300,False,0.0,0.0,False,1.0,-1,6.986456025276766
gear,0260,additive,negative,slow,exponential,0.25,or,300,True,0.04666666666666667,0.02666666666666667,False,0.09623248310447309,13,6.986456025276766
gear,0260,additive,negative,slow,exponential,0.25,max,300,True,0.04666666666666667,0.02666666666666667,False,0.09623248310447309,13,6.986456025276766
gear,0260,additive,negative,slow,exponential,0.25,weighted_0.25,300,False,0.0,0.0,False,1.0,-1,6.986456025276766
gear,0260,additive,negative,slow,exponential,0.25,weighted_0.5,300,True,0.0033333333333333335,0.0033333333333333335,False,0.5,14,6.986456025276766
gear,0260,additive,negative,slow,exponential,0.25,weighted_0.75,300,True,0.006666666666666667,0.0033333333333333335,False,0.28136237593594443,14,6.986456025276766
gear,0260,additive,negative,fast,exponential,0.5,pird,300,True,0.26666666666666666,0.02666666666666667,True,4.838802630381247e-17,13,7.412862167476333
gear,0260,additive,negative,fast,exponential,0.5,global,300,False,0.0,0.0,False,1.0,-1,7.412862167476333
gear,0260,additive,negative,fast,exponential,0.5,or,300,True,0.26666666666666666,0.02666666666666667,True,4.838802630381247e-17,13,7.412862167476333
gear,0260,additive,negative,fast,exponential,0.5,max,300,True,0.26666666666666666,0.02666666666666667,True,4.838802630381247e-17,13,7.412862167476333
gear,0260,additive,negative,fast,exponential,0.5,weighted_0.25,300,False,0.0,0.0,False,1.0,-1,7.412862167476333
gear,0260,additive,negative,fast,exponential,0.5,weighted_0.5,300,True,0.016666666666666666,0.0033333333333333335,False,0.05037589024688565,14,7.412862167476333
gear,0260,additive,negative,fast,exponential,0.5,weighted_0.75,300,True,0.20666666666666667,0.0033333333333333335,True,2.2629481077030956e-16,14,7.412862167476333
gear,0260,additive,negative,medium,exponential,0.5,pird,300,True,0.25333333333333335,0.02666666666666667,True,6.193048485107888e-16,13,7.412862167476333
gear,0260,additive,negative,medium,exponential,0.5,global,300,False,0.0,0.0,False,1.0,-1,7.412862167476333
gear,0260,additive,negative,medium,exponential,0.5,or,300,True,0.25333333333333335,0.02666666666666667,True,6.193048485107888e-16,13,7.412862167476333
gear,0260,additive,negative,medium,exponential,0.5,max,300,True,0.25,0.02666666666666667,True,1.1632508999848814e-15,13,7.412862167476333
gear,0260,additive,negative,medium,exponential,0.5,weighted_0.25,300,False,0.0,0.0,False,1.0,-1,7.412862167476333
gear,0260,additive,negative,medium,exponential,0.5,weighted_0.5,300,True,0.013333333333333334,0.0033333333333333335,False,0.0889472666679817,14,7.412862167476333
gear,0260,additive,negative,medium,exponential,0.5,weighted_0.75,300,True,0.17333333333333334,0.0033333333333333335,True,1.0927679406693138e-13,14,7.412862167476333
gear,0260,additive,negative,slow,exponential,0.5,pird,300,True,0.09,0.02666666666666667,True,0.0004672045089997881,13,7.090876930252732
gear,0260,additive,negative,slow,exponential,0.5,global,300,False,0.0,0.0,False,1.0,-1,7.090876930252732
gear,0260,additive,negative,slow,exponential,0.5,or,300,True,0.09,0.02666666666666667,True,0.0004672045089997881,13,7.090876930252732
gear,0260,additive,negative,slow,exponential,0.5,max,300,True,0.09,0.02666666666666667,True,0.0004672045089997881,13,7.090876930252732
gear,0260,additive,negative,slow,exponential,0.5,weighted_0.25,300,False,0.0,0.0,False,1.0,-1,7.090876930252732
gear,0260,additive,negative,slow,exponential,0.5,weighted_0.5,300,True,0.0033333333333333335,0.0033333333333333335,False,0.5,14,7.090876930252732
gear,0260,additive,negative,slow,exponential,0.5,weighted_0.75,300,True,0.06666666666666667,0.0033333333333333335,True,1.2179442312522615e-05,14,7.090876930252732
gear,0260,additive,negative,fast,exponential,0.75,pird,300,True,0.38333333333333336,0.02666666666666667,True,1.3762347297801888e-27,13,7.7344940539464195
gear,0260,additive,negative,fast,exponential,0.75,global,300,False,0.0,0.0,False,1.0,-1,7.7344940539464195
gear,0260,additive,negative,fast,exponential,0.75,or,300,True,0.38333333333333336,0.02666666666666667,True,1.3762347297801888e-27,13,7.7344940539464195
gear,0260,additive,negative,fast,exponential,0.75,max,300,True,0.38333333333333336,0.02666666666666667,True,1.3762347297801888e-27,13,7.7344940539464195
gear,0260,additive,negative,fast,exponential,0.75,weighted_0.25,300,False,0.0,0.0,False,1.0,-1,7.7344940539464195
gear,0260,additive,negative,fast,exponential,0.75,weighted_0.5,300,True,0.07666666666666666,0.0033333333333333335,True,2.288108286958129e-06,14,7.7344940539464195
gear,0260,additive,negative,fast,exponential,0.75,weighted_0.75,300,True,0.35,0.0033333333333333335,True,4.3579951524150323e-29,14,7.7344940539464195
gear,0260,additive,negative,medium,exponential,0.75,pird,300,True,0.36,0.02666666666666667,True,2.379086577649786e-25,13,7.7344940539464195
gear,0260,additive,negative,medium,exponential,0.75,global,300,False,0.0,0.0,False,1.0,-1,7.7344940539464195
gear,0260,additive,negative,medium,exponential,0.75,or,300,True,0.36,0.02666666666666667,True,2.379086577649786e-25,13,7.7344940539464195
gear,0260,additive,negative,medium,exponential,0.75,max,300,True,0.36,0.02666666666666667,True,2.379086577649786e-25,13,7.7344940539464195
gear,0260,additive,negative,medium,exponential,0.75,weighted_0.25,300,False,0.0,0.0,False,1.0,-1,7.7344940539464195
gear,0260,additive,negative,medium,exponential,0.75,weighted_0.5,300,True,0.07666666666666666,0.0033333333333333335,True,2.288108286958129e-06,14,7.7344940539464195
gear,0260,additive,negative,medium,exponential,0.75,weighted_0.75,300,True,0.3433333333333333,0.0033333333333333335,True,1.8969673807755462e-28,14,7.7344940539464195
gear,0260,additive,negative,slow,exponential,0.75,pird,300,True,0.16333333333333333,0.02666666666666667,True,5.698749990221401e-09,13,7.2002173965845095
gear,0260,additive,negative,slow,exponential,0.75,global,300,False,0.0,0.0,False,1.0,-1,7.2002173965845095
gear,0260,additive,negative,slow,exponential,0.75,or,300,True,0.16333333333333333,0.02666666666666667,True,5.698749990221401e-09,13,7.2002173965845095
gear,0260,additive,negative,slow,exponential,0.75,max,300,True,0.16333333333333333,0.02666666666666667,True,5.698749990221401e-09,13,7.2002173965845095
gear,0260,additive,negative,slow,exponential,0.75,weighted_0.25,300,False,0.0,0.0,False,1.0,-1,7.2002173965845095
gear,0260,additive,negative,slow,exponential,0.75,weighted_0.5,300,True,0.02666666666666667,0.0033333333333333335,True,0.009360694208556435,14,7.2002173965845095
gear,0260,additive,negative,slow,exponential,0.75,weighted_0.75,300,True,0.17666666666666667,0.0033333333333333335,True,5.945918684099814e-14,14,7.2002173965845095
gear,0260,additive,negative,fast,exponential,1.0,pird,300,True,0.46,0.02666666666666667,True,1.9365574246900627e-35,13,8.112275588665531
gear,0260,additive,negative,fast,exponential,1.0,global,300,False,0.0,0.0,False,1.0,-1,8.112275588665531
gear,0260,additive,negative,fast,exponential,1.0,or,300,True,0.46,0.02666666666666667,True,1.9365574246900627e-35,13,8.112275588665531
gear,0260,additive,negative,fast,exponential,1.0,max,300,True,0.46,0.02666666666666667,True,1.9365574246900627e-35,13,8.112275588665531
gear,0260,additive,negative,fast,exponential,1.0,weighted_0.25,300,True,0.0033333333333333335,0.0,False,0.15845344348567247,106,8.112275588665531
gear,0260,additive,negative,fast,exponential,1.0,weighted_0.5,300,True,0.12,0.0033333333333333335,True,1.424852978582141e-09,14,8.112275588665531
gear,0260,additive,negative,fast,exponential,1.0,weighted_0.75,300,True,0.44333333333333336,0.0033333333333333335,True,1.3538471855637325e-38,14,8.112275588665531
gear,0260,additive,negative,medium,exponential,1.0,pird,300,True,0.44666666666666666,0.02666666666666667,True,5.132306306368379e-34,13,8.112275588665531
gear,0260,additive,negative,medium,exponential,1.0,global,300,False,0.0,0.0,False,1.0,-1,8.112275588665531
gear,0260,additive,negative,medium,exponential,1.0,or,300,True,0.44666666666666666,0.02666666666666667,True,5.132306306368379e-34,13,8.112275588665531
gear,0260,additive,negative,medium,exponential,1.0,max,300,True,0.44666666666666666,0.02666666666666667,True,5.132306306368379e-34,13,8.112275588665531
gear,0260,additive,negative,medium,exponential,1.0,weighted_0.25,300,False,0.0,0.0,False,1.0,-1,8.112275588665531
gear,0260,additive,negative,medium,exponential,1.0,weighted_0.5,300,True,0.11666666666666667,0.0033333333333333335,True,2.5370991337771022e-09,14,8.112275588665531
gear,0260,additive,negative,medium,exponential,1.0,weighted_0.75,300,True,0.42,0.0033333333333333335,True,4.096029547678004e-36,14,8.112275588665531
gear,0260,additive,negative,slow,exponential,1.0,pird,300,True,0.25,0.02666666666666667,True,1.1632508999848814e-15,13,7.323479060941624
gear,0260,additive,negative,slow,exponential,1.0,global,300,False,0.0,0.0,False,1.0,-1,7.323479060941624
gear,0260,additive,negative,slow,exponential,1.0,or,300,True,0.25,0.02666666666666667,True,1.1632508999848814e-15,13,7.323479060941624
gear,0260,additive,negative,slow,exponential,1.0,max,300,True,0.25,0.02666666666666667,True,1.1632508999848814e-15,13,7.323479060941624
gear,0260,additive,negative,slow,exponential,1.0,weighted_0.25,300,False,0.0,0.0,False,1.0,-1,7.323479060941624
gear,0260,additive,negative,slow,exponential,1.0,weighted_0.5,300,True,0.04666666666666667,0.0033333333333333335,True,0.0003377356107429585,14,7.323479060941624
gear,0260,additive,negative,slow,exponential,1.0,weighted_0.75,300,True,0.23333333333333334,0.0033333333333333335,True,1.3784301913422847e-18,14,7.323479060941624
gear,0260,additive,negative,fast,exponential,1.5,pird,300,True,0.64,0.02666666666666667,True,1.814848389820923e-57,13,8.994240589072533
gear,0260,additive,negative,fast,exponential,1.5,global,300,False,0.0,0.0,False,1.0,-1,8.994240589072533
gear,0260,additive,negative,fast,exponential,1.5,or,300,True,0.64,0.02666666666666667,True,1.814848389820923e-57,13,8.994240589072533
gear,0260,additive,negative,fast,exponential,1.5,max,300,True,0.64,0.02666666666666667,True,1.814848389820923e-57,13,8.994240589072533
gear,0260,additive,negative,fast,exponential,1.5,weighted_0.25,300,True,0.006666666666666667,0.0,False,0.07830339250362212,106,8.994240589072533
gear,0260,additive,negative,fast,exponential,1.5,weighted_0.5,300,True,0.36,0.0033333333333333335,True,4.694369420545762e-30,14,8.994240589072533
gear,0260,additive,negative,fast,exponential,1.5,weighted_0.75,300,True,0.6233333333333333,0.0033333333333333335,True,1.5541297499778485e-60,14,8.994240589072533
gear,0260,additive,negative,medium,exponential,1.5,pird,300,True,0.58,0.02666666666666667,True,1.7288453285799515e-49,13,8.994240589072533
gear,0260,additive,negative,medium,exponential,1.5,global,300,False,0.0,0.0,False,1.0,-1,8.994240589072533
gear,0260,additive,negative,medium,exponential,1.5,or,300,True,0.58,0.02666666666666667,True,1.7288453285799515e-49,13,8.994240589072533
gear,0260,additive,negative,medium,exponential,1.5,max,300,True,0.58,0.02666666666666667,True,1.7288453285799515e-49,13,8.994240589072533
gear,0260,additive,negative,medium,exponential,1.5,weighted_0.25,300,False,0.0,0.0,False,1.0,-1,8.994240589072533
gear,0260,additive,negative,medium,exponential,1.5,weighted_0.5,300,True,0.33666666666666667,0.0033333333333333335,True,8.162358316418448e-28,14,8.994240589072533
gear,0260,additive,negative,medium,exponential,1.5,weighted_0.75,300,True,0.5833333333333334,0.0033333333333333335,True,3.516864158425944e-55,14,8.994240589072533
gear,0260,additive,negative,slow,exponential,1.5,pird,300,True,0.4266666666666667,0.02666666666666667,True,6.287130888304137e-32,13,7.898323202481856
gear,0260,additive,negative,slow,exponential,1.5,global,300,False,0.0,0.0,False,1.0,-1,7.898323202481856
gear,0260,additive,negative,slow,exponential,1.5,or,300,True,0.4266666666666667,0.02666666666666667,True,6.287130888304137e-32,13,7.898323202481856
gear,0260,additive,negative,slow,exponential,1.5,max,300,True,0.4266666666666667,0.02666666666666667,True,6.287130888304137e-32,13,7.898323202481856
gear,0260,additive,negative,slow,exponential,1.5,weighted_0.25,300,False,0.0,0.0,False,1.0,-1,7.898323202481856
gear,0260,additive,negative,slow,exponential,1.5,weighted_0.5,300,True,0.14333333333333334,0.0033333333333333335,True,2.3920401789481984e-11,14,7.898323202481856
gear,0260,additive,negative,slow,exponential,1.5,weighted_0.75,300,True,0.39666666666666667,0.0033333333333333335,True,1.0515298316354082e-33,14,7.898323202481856
gear,0260,additive,negative,fast,exponential,2.0,pird,300,True,0.7866666666666666,0.02666666666666667,True,2.2423310635571233e-80,13,9.927896846736605
gear,0260,additive,negative,fast,exponential,2.0,global,300,False,0.0,0.0,False,1.0,-1,9.927896846736605
gear,0260,additive,negative,fast,exponential,2.0,or,300,True,0.7866666666666666,0.02666666666666667,True,2.2423310635571233e-80,13,9.927896846736605
gear,0260,additive,negative,fast,exponential,2.0,max,300,True,0.7866666666666666,0.02666666666666667,True,2.2423310635571233e-80,13,9.927896846736605
gear,0260,additive,negative,fast,exponential,2.0,weighted_0.25,300,True,0.013333333333333334,0.0,True,0.022390798093968527,79,9.927896846736605
gear,0260,additive,negative,fast,exponential,2.0,weighted_0.5,300,True,0.5933333333333334,0.0033333333333333335,True,1.7215760264595307e-56,14,9.927896846736605
gear,0260,additive,negative,fast,exponential,2.0,weighted_0.75,300,True,0.73,0.0033333333333333335,True,1.85500523835647e-76,14,9.927896846736605
gear,0260,additive,negative,medium,exponential,2.0,pird,300,True,0.6166666666666667,0.02666666666666667,True,2.791921733876683e-54,14,9.927896846736605
gear,0260,additive,negative,medium,exponential,2.0,global,300,False,0.0,0.0,False,1.0,-1,9.927896846736605
gear,0260,additive,negative,medium,exponential,2.0,or,300,True,0.6166666666666667,0.02666666666666667,True,2.791921733876683e-54,14,9.927896846736605
gear,0260,additive,negative,medium,exponential,2.0,max,300,True,0.6166666666666667,0.02666666666666667,True,2.791921733876683e-54,14,9.927896846736605
gear,0260,additive,negative,medium,exponential,2.0,weighted_0.25,300,True,0.0033333333333333335,0.0,False,0.15845344348567247,106,9.927896846736605
gear,0260,additive,negative,medium,exponential,2.0,weighted_0.5,300,True,0.5333333333333333,0.0033333333333333335,True,6.7695551461719975e-49,14,9.927896846736605
gear,0260,additive,negative,medium,exponential,2.0,weighted_0.75,300,True,0.6066666666666667,0.0033333333333333335,True,2.8828298999840612e-58,14,9.927896846736605
gear,0260,additive,negative,slow,exponential,2.0,pird,300,True,0.49333333333333335,0.02666666666666667,True,4.121522956957997e-39,13,9.100500022497108
gear,0260,additive,negative,slow,exponential,2.0,global,300,False,0.0,0.0,False,1.0,-1,9.100500022497108
gear,0260,additive,negative,slow,exponential,2.0,or,300,True,0.49333333333333335,0.02666666666666667,True,4.121522956957997e-39,13,9.100500022497108
gear,0260,additive,negative,slow,exponential,2.0,max,300,True,0.49333333333333335,0.02666666666666667,True,4.121522956957997e-39,13,9.100500022497108
gear,0260,additive,negative,slow,exponential,2.0,weighted_0.25,300,False,0.0,0.0,False,1.0,-1,9.100500022497108
gear,0260,additive,negative,slow,exponential,2.0,weighted_0.5,300,True,0.23666666666666666,0.0033333333333333335,True,7.211182932757024e-19,14,9.100500022497108
gear,0260,additive,negative,slow,exponential,2.0,weighted_0.75,300,True,0.51,0.0033333333333333335,True,4.166344757781032e-46,14,9.100500022497108
gear,0260,additive,negative,fast,exponential,3.0,pird,300,True,0.8566666666666667,0.02666666666666667,True,1.970506109336591e-93,13,12.218890727978643
gear,0260,additive,negative,fast,exponential,3.0,global,300,False,0.0,0.0,False,1.0,-1,12.218890727978643
gear,0260,additive,negative,fast,exponential,3.0,or,300,True,0.8566666666666667,0.02666666666666667,True,1.970506109336591e-93,13,12.218890727978643
gear,0260,additive,negative,fast,exponential,3.0,max,300,True,0.8566666666666667,0.02666666666666667,True,1.970506109336591e-93,13,12.218890727978643
gear,0260,additive,negative,fast,exponential,3.0,weighted_0.25,300,True,0.03666666666666667,0.0,True,0.0004077909819112412,79,12.218890727978643
gear,0260,additive,negative,fast,exponential,3.0,weighted_0.5,300,True,0.6966666666666667,0.0033333333333333335,True,3.3397844857758843e-71,14,12.218890727978643
gear,0260,additive,negative,fast,exponential,3.0,weighted_0.75,300,True,0.8533333333333334,0.0033333333333333335,True,1.4761197347895927e-98,14,12.218890727978643
gear,0260,additive,negative,medium,exponential,3.0,pird,300,True,0.7,0.02666666666666667,True,3.356829661756981e-66,13,12.218890727978643
gear,0260,additive,negative,medium,exponential,3.0,global,300,False,0.0,0.0,False,1.0,-1,12.218890727978643
gear,0260,additive,negative,medium,exponential,3.0,or,300,True,0.7,0.02666666666666667,True,3.356829661756981e-66,13,12.218890727978643
gear,0260,additive,negative,medium,exponential,3.0,max,300,True,0.7,0.02666666666666667,True,3.356829661756981e-66,13,12.218890727978643
gear,0260,additive,negative,medium,exponential,3.0,weighted_0.25,300,True,0.023333333333333334,0.0,True,0.0038917330287714905,105,12.218890727978643
gear,0260,additive,negative,medium,exponential,3.0,weighted_0.5,300,True,0.62,0.0033333333333333335,True,4.461916544186243e-60,14,12.218890727978643
gear,0260,additive,negative,medium,exponential,3.0,weighted_0.75,300,True,0.6733333333333333,0.0033333333333333335,True,1.1107582603382184e-67,14,12.218890727978643
gear,0260,additive,negative,slow,exponential,3.0,pird,300,True,0.6066666666666667,0.02666666666666667,True,6.003022904602266e-53,13,11.530206885323818
gear,0260,additive,negative,slow,exponential,3.0,global,300,False,0.0,0.0,False,1.0,-1,11.530206885323818
gear,0260,additive,negative,slow,exponential,3.0,or,300,True,0.6066666666666667,0.02666666666666667,True,6.003022904602266e-53,13,11.530206885323818
gear,0260,additive,negative,slow,exponential,3.0,max,300,True,0.6066666666666667,0.02666666666666667,True,6.003022904602266e-53,13,11.530206885323818
gear,0260,additive,negative,slow,exponential,3.0,weighted_0.25,300,True,0.0033333333333333335,0.0,False,0.15845344348567247,293,11.530206885323818
gear,0260,additive,negative,slow,exponential,3.0,weighted_0.5,300,True,0.4533333333333333,0.0033333333333333335,True,1.1109900209568581e-39,14,11.530206885323818
gear,0260,additive,negative,slow,exponential,3.0,weighted_0.75,300,True,0.5966666666666667,0.0033333333333333335,True,6.238080059504806e-57,14,11.530206885323818
gear,0260,mean_shift,positive,fast,exponential,0.25,pird,300,False,0.0,0.02666666666666667,False,0.9977966152261722,-1,3.549944758271705
gear,0260,mean_shift,positive,fast,exponential,0.25,global,300,False,0.0,0.0,False,1.0,-1,3.549944758271705
gear,0260,mean_shift,positive,fast,exponential,0.25,or,300,False,0.0,0.02666666666666667,False,0.9977966152261722,-1,3.549944758271705
gear,0260,mean_shift,positive,fast,exponential,0.25,max,300,False,0.0,0.02666666666666667,False,0.9977966152261722,-1,3.549944758271705
gear,0260,mean_shift,positive,fast,exponential,0.25,weighted_0.25,300,False,0.0,0.0,False,1.0,-1,3.549944758271705
gear,0260,mean_shift,positive,fast,exponential,0.25,weighted_0.5,300,False,0.0,0.0033333333333333335,False,0.8415465565143274,-1,3.549944758271705
gear,0260,mean_shift,positive,fast,exponential,0.25,weighted_0.75,300,False,0.0,0.0033333333333333335,False,0.8415465565143274,-1,3.549944758271705
gear,0260,mean_shift,positive,medium,exponential,0.25,pird,300,False,0.0,0.02666666666666667,False,0.9977966152261722,-1,3.549944758271705
gear,0260,mean_shift,positive,medium,exponential,0.25,global,300,False,0.0,0.0,False,1.0,-1,3.549944758271705
gear,0260,mean_shift,positive,medium,exponential,0.25,or,300,False,0.0,0.02666666666666667,False,0.9977966152261722,-1,3.549944758271705
gear,0260,mean_shift,positive,medium,exponential,0.25,max,300,False,0.0,0.02666666666666667,False,0.9977966152261722,-1,3.549944758271705
gear,0260,mean_shift,positive,medium,exponential,0.25,weighted_0.25,300,False,0.0,0.0,False,1.0,-1,3.549944758271705
gear,0260,mean_shift,positive,medium,exponential,0.25,weighted_0.5,300,False,0.0,0.0033333333333333335,False,0.8415465565143274,-1,3.549944758271705
gear,0260,mean_shift,positive,medium,exponential,0.25,weighted_0.75,300,False,0.0,0.0033333333333333335,False,0.8415465565143274,-1,3.549944758271705
gear,0260,mean_shift,positive,slow,exponential,0.25,pird,300,False,0.0,0.02666666666666667,False,0.9977966152261722,-1,3.549944758271705
gear,0260,mean_shift,positive,slow,exponential,0.25,global,300,False,0.0,0.0,False,1.0,-1,3.549944758271705
gear,0260,mean_shift,positive,slow,exponential,0.25,or,300,False,0.0,0.02666666666666667,False,0.9977966152261722,-1,3.549944758271705
gear,0260,mean_shift,positive,slow,exponential,0.25,max,300,False,0.0,0.02666666666666667,False,0.9977966152261722,-1,3.549944758271705
gear,0260,mean_shift,positive,slow,exponential,0.25,weighted_0.25,300,False,0.0,0.0,False,1.0,-1,3.549944758271705
gear,0260,mean_shift,positive,slow,exponential,0.25,weighted_0.5,300,False,0.0,0.0033333333333333335,False,0.8415465565143274,-1,3.549944758271705
gear,0260,mean_shift,positive,slow,exponential,0.25,weighted_0.75,300,False,0.0,0.0033333333333333335,False,0.8415465565143274,-1,3.549944758271705
gear,0260,mean_shift,positive,fast,exponential,0.5,pird,300,False,0.0,0.02666666666666667,False,0.9977966152261722,-1,3.549944758271705
gear,0260,mean_shift,positive,fast,exponential,0.5,global,300,False,0.0,0.0,False,1.0,-1,3.549944758271705
gear,0260,mean_shift,positive,fast,exponential,0.5,or,300,False,0.0,0.02666666666666667,False,0.9977966152261722,-1,3.549944758271705
gear,0260,mean_shift,positive,fast,exponential,0.5,max,300,False,0.0,0.02666666666666667,False,0.9977966152261722,-1,3.549944758271705
gear,0260,mean_shift,positive,fast,exponential,0.5,weighted_0.25,300,False,0.0,0.0,False,1.0,-1,3.549944758271705
gear,0260,mean_shift,positive,fast,exponential,0.5,weighted_0.5,300,False,0.0,0.0033333333333333335,False,0.8415465565143274,-1,3.549944758271705
gear,0260,mean_shift,positive,fast,exponential,0.5,weighted_0.75,300,False,0.0,0.0033333333333333335,False,0.8415465565143274,-1,3.549944758271705
gear,0260,mean_shift,positive,medium,exponential,0.5,pird,300,False,0.0,0.02666666666666667,False,0.9977966152261722,-1,3.549944758271705
gear,0260,mean_shift,positive,medium,exponential,0.5,global,300,False,0.0,0.0,False,1.0,-1,3.549944758271705
gear,0260,mean_shift,positive,medium,exponential,0.5,or,300,False,0.0,0.02666666666666667,False,0.9977966152261722,-1,3.549944758271705
gear,0260,mean_shift,positive,medium,exponential,0.5,max,300,False,0.0,0.02666666666666667,False,0.9977966152261722,-1,3.549944758271705
gear,0260,mean_shift,positive,medium,exponential,0.5,weighted_0.25,300,False,0.0,0.0,False,1.0,-1,3.549944758271705
gear,0260,mean_shift,positive,medium,exponential,0.5,weighted_0.5,300,False,0.0,0.0033333333333333335,False,0.8415465565143274,-1,3.549944758271705
gear,0260,mean_shift,positive,medium,exponential,0.5,weighted_0.75,300,False,0.0,0.0033333333333333335,False,0.8415465565143274,-1,3.549944758271705
gear,0260,mean_shift,positive,slow,exponential,0.5,pird,300,False,0.0,0.02666666666666667,False,0.9977966152261722,-1,3.549944758271705
gear,0260,mean_shift,positive,slow,exponential,0.5,global,300,False,0.0,0.0,False,1.0,-1,3.549944758271705
gear,0260,mean_shift,positive,slow,exponential,0.5,or,300,False,0.0,0.02666666666666667,False,0.9977966152261722,-1,3.549944758271705
gear,0260,mean_shift,positive,slow,exponential,0.5,max,300,False,0.0,0.02666666666666667,False,0.9977966152261722,-1,3.549944758271705
gear,0260,mean_shift,positive,slow,exponential,0.5,weighted_0.25,300,False,0.0,0.0,False,1.0,-1,3.549944758271705
gear,0260,mean_shift,positive,slow,exponential,0.5,weighted_0.5,300,False,0.0,0.0033333333333333335,False,0.8415465565143274,-1,3.549944758271705
gear,0260,mean_shift,positive,slow,exponential,0.5,weighted_0.75,300,False,0.0,0.0033333333333333335,False,0.8415465565143274,-1,3.549944758271705
gear,0260,mean_shift,positive,fast,exponential,0.75,pird,300,False,0.0,0.02666666666666667,False,0.9977966152261722,-1,3.549944758271705
gear,0260,mean_shift,positive,fast,exponential,0.75,global,300,False,0.0,0.0,False,1.0,-1,3.549944758271705
gear,0260,mean_shift,positive,fast,exponential,0.75,or,300,False,0.0,0.02666666666666667,False,0.9977966152261722,-1,3.549944758271705
gear,0260,mean_shift,positive,fast,exponential,0.75,max,300,False,0.0,0.02666666666666667,False,0.9977966152261722,-1,3.549944758271705
gear,0260,mean_shift,positive,fast,exponential,0.75,weighted_0.25,300,False,0.0,0.0,False,1.0,-1,3.549944758271705
gear,0260,mean_shift,positive,fast,exponential,0.75,weighted_0.5,300,False,0.0,0.0033333333333333335,False,0.8415465565143274,-1,3.549944758271705
gear,0260,mean_shift,positive,fast,exponential,0.75,weighted_0.75,300,False,0.0,0.0033333333333333335,False,0.8415465565143274,-1,3.549944758271705
gear,0260,mean_shift,positive,medium,exponential,0.75,pird,300,False,0.0,0.02666666666666667,False,0.9977966152261722,-1,3.549944758271705
gear,0260,mean_shift,positive,medium,exponential,0.75,global,300,False,0.0,0.0,False,1.0,-1,3.549944758271705
gear,0260,mean_shift,positive,medium,exponential,0.75,or,300,False,0.0,0.02666666666666667,False,0.9977966152261722,-1,3.549944758271705
gear,0260,mean_shift,positive,medium,exponential,0.75,max,300,False,0.0,0.02666666666666667,False,0.9977966152261722,-1,3.549944758271705
gear,0260,mean_shift,positive,medium,exponential,0.75,weighted_0.25,300,False,0.0,0.0,False,1.0,-1,3.549944758271705
gear,0260,mean_shift,positive,medium,exponential,0.75,weighted_0.5,300,False,0.0,0.0033333333333333335,False,0.8415465565143274,-1,3.549944758271705
gear,0260,mean_shift,positive,medium,exponential,0.75,weighted_0.75,300,False,0.0,0.0033333333333333335,False,0.8415465565143274,-1,3.549944758271705
gear,0260,mean_shift,positive,slow,exponential,0.75,pird,300,False,0.0,0.02666666666666667,False,0.9977966152261722,-1,3.549944758271705
gear,0260,mean_shift,positive,slow,exponential,0.75,global,300,False,0.0,0.0,False,1.0,-1,3.549944758271705
gear,0260,mean_shift,positive,slow,exponential,0.75,or,300,False,0.0,0.02666666666666667,False,0.9977966152261722,-1,3.549944758271705
gear,0260,mean_shift,positive,slow,exponential,0.75,max,300,False,0.0,0.02666666666666667,False,0.9977966152261722,-1,3.549944758271705
gear,0260,mean_shift,positive,slow,exponential,0.75,weighted_0.25,300,False,0.0,0.0,False,1.0,-1,3.549944758271705
gear,0260,mean_shift,positive,slow,exponential,0.75,weighted_0.5,300,False,0.0,0.0033333333333333335,False,0.8415465565143274,-1,3.549944758271705
gear,0260,mean_shift,positive,slow,exponential,0.75,weighted_0.75,300,False,0.0,0.0033333333333333335,False,0.8415465565143274,-1,3.549944758271705
gear,0260,mean_shift,positive,fast,exponential,1.0,pird,300,False,0.0,0.02666666666666667,False,0.9977966152261722,-1,3.549944758271705
gear,0260,mean_shift,positive,fast,exponential,1.0,global,300,False,0.0,0.0,False,1.0,-1,3.549944758271705
gear,0260,mean_shift,positive,fast,exponential,1.0,or,300,False,0.0,0.02666666666666667,False,0.9977966152261722,-1,3.549944758271705
gear,0260,mean_shift,positive,fast,exponential,1.0,max,300,False,0.0,0.02666666666666667,False,0.9977966152261722,-1,3.549944758271705
gear,0260,mean_shift,positive,fast,exponential,1.0,weighted_0.25,300,False,0.0,0.0,False,1.0,-1,3.549944758271705
gear,0260,mean_shift,positive,fast,exponential,1.0,weighted_0.5,300,True,0.013333333333333334,0.0033333333333333335,False,0.0889472666679817,79,3.549944758271705
gear,0260,mean_shift,positive,fast,exponential,1.0,weighted_0.75,300,False,0.0,0.0033333333333333335,False,0.8415465565143274,-1,3.549944758271705
gear,0260,mean_shift,positive,medium,exponential,1.0,pird,300,False,0.0,0.02666666666666667,False,0.9977966152261722,-1,3.549944758271705
gear,0260,mean_shift,positive,medium,exponential,1.0,global,300,False,0.0,0.0,False,1.0,-1,3.549944758271705
gear,0260,mean_shift,positive,medium,exponential,1.0,or,300,False,0.0,0.02666666666666667,False,0.9977966152261722,-1,3.549944758271705
gear,0260,mean_shift,positive,medium,exponential,1.0,max,300,False,0.0,0.02666666666666667,False,0.9977966152261722,-1,3.549944758271705
gear,0260,mean_shift,positive,medium,exponential,1.0,weighted_0.25,300,False,0.0,0.0,False,1.0,-1,3.549944758271705
gear,0260,mean_shift,positive,medium,exponential,1.0,weighted_0.5,300,False,0.0,0.0033333333333333335,False,0.8415465565143274,-1,3.549944758271705
gear,0260,mean_shift,positive,medium,exponential,1.0,weighted_0.75,300,False,0.0,0.0033333333333333335,False,0.8415465565143274,-1,3.549944758271705
gear,0260,mean_shift,positive,slow,exponential,1.0,pird,300,False,0.0,0.02666666666666667,False,0.9977966152261722,-1,3.549944758271705
gear,0260,mean_shift,positive,slow,exponential,1.0,global,300,False,0.0,0.0,False,1.0,-1,3.549944758271705
gear,0260,mean_shift,positive,slow,exponential,1.0,or,300,False,0.0,0.02666666666666667,False,0.9977966152261722,-1,3.549944758271705
gear,0260,mean_shift,positive,slow,exponential,1.0,max,300,False,0.0,0.02666666666666667,False,0.9977966152261722,-1,3.549944758271705
gear,0260,mean_shift,positive,slow,exponential,1.0,weighted_0.25,300,False,0.0,0.0,False,1.0,-1,3.549944758271705
gear,0260,mean_shift,positive,slow,exponential,1.0,weighted_0.5,300,False,0.0,0.0033333333333333335,False,0.8415465565143274,-1,3.549944758271705
gear,0260,mean_shift,positive,slow,exponential,1.0,weighted_0.75,300,False,0.0,0.0033333333333333335,False,0.8415465565143274,-1,3.549944758271705
gear,0260,mean_shift,positive,fast,exponential,1.5,pird,300,True,0.7833333333333333,0.02666666666666667,True,8.592153776780305e-80,65,4.959715669413208
gear,0260,mean_shift,positive,fast,exponential,1.5,global,300,False,0.0,0.0,False,1.0,-1,4.959715669413208
gear,0260,mean_shift,positive,fast,exponential,1.5,or,300,True,0.7833333333333333,0.02666666666666667,True,8.592153776780305e-80,65,4.959715669413208
gear,0260,mean_shift,positive,fast,exponential,1.5,max,300,True,0.7833333333333333,0.02666666666666667,True,8.592153776780305e-80,65,4.959715669413208
gear,0260,mean_shift,positive,fast,exponential,1.5,weighted_0.25,300,True,0.02,0.0,True,0.006911511910188324,79,4.959715669413208
gear,0260,mean_shift,positive,fast,exponential,1.5,weighted_0.5,300,True,0.41333333333333333,0.0033333333333333335,True,2.0319671091765226e-35,76,4.959715669413208
gear,0260,mean_shift,positive,fast,exponential,1.5,weighted_0.75,300,True,0.7633333333333333,0.0033333333333333335,True,5.370738666416852e-82,71,4.959715669413208
gear,0260,mean_shift,positive,medium,exponential,1.5,pird,300,True,0.5633333333333334,0.02666666666666667,True,2.1534073685628713e-47,131,4.959715669413208
gear,0260,mean_shift,positive,medium,exponential,1.5,global,300,False,0.0,0.0,False,1.0,-1,4.959715669413208
gear,0260,mean_shift,positive,medium,exponential,1.5,or,300,True,0.5633333333333334,0.02666666666666667,True,2.1534073685628713e-47,131,4.959715669413208
gear,0260,mean_shift,positive,medium,exponential,1.5,max,300,True,0.5633333333333334,0.02666666666666667,True,2.1534073685628713e-47,131,4.959715669413208
gear,0260,mean_shift,positive,medium,exponential,1.5,weighted_0.25,300,False,0.0,0.0,False,1.0,-1,4.959715669413208
gear,0260,mean_shift,positive,medium,exponential,1.5,weighted_0.5,300,True,0.33666666666666667,0.0033333333333333335,True,8.162358316418448e-28,108,4.959715669413208
gear,0260,mean_shift,positive,medium,exponential,1.5,weighted_0.75,300,True,0.56,0.0033333333333333335,True,3.411192411825146e-52,131,4.959715669413208
gear,0260,mean_shift,positive,slow,exponential,1.5,pird,300,True,0.12666666666666668,0.02666666666666667,True,2.0798988643878957e-06,262,4.959715669413208
gear,0260,mean_shift,positive,slow,exponential,1.5,global,300,False,0.0,0.0,False,1.0,-1,4.959715669413208
gear,0260,mean_shift,positive,slow,exponential,1.5,or,300,True,0.12666666666666668,0.02666666666666667,True,2.0798988643878957e-06,262,4.959715669413208
gear,0260,mean_shift,positive,slow,exponential,1.5,max,300,True,0.12666666666666668,0.02666666666666667,True,2.0798988643878957e-06,262,4.959715669413208
gear,0260,mean_shift,positive,slow,exponential,1.5,weighted_0.25,300,False,0.0,0.0,False,1.0,-1,4.959715669413208
gear,0260,mean_shift,positive,slow,exponential,1.5,weighted_0.5,300,True,0.03,0.0033333333333333335,True,0.005368078420490934,268,4.959715669413208
gear,0260,mean_shift,positive,slow,exponential,1.5,weighted_0.75,300,True,0.13666666666666666,0.0033333333333333335,True,7.758433397133403e-11,253,4.959715669413208
gear,0260,mean_shift,positive,fast,exponential,2.0,pird,300,True,0.82,0.02666666666666667,True,2.1436989024780238e-86,54,6.6216736888945436
gear,0260,mean_shift,positive,fast,exponential,2.0,global,300,False,0.0,0.0,False,1.0,-1,6.6216736888945436
gear,0260,mean_shift,positive,fast,exponential,2.0,or,300,True,0.82,0.02666666666666667,True,2.1436989024780238e-86,54,6.6216736888945436
gear,0260,mean_shift,positive,fast,exponential,2.0,max,300,True,0.82,0.02666666666666667,True,2.1436989024780238e-86,54,6.6216736888945436
gear,0260,mean_shift,positive,fast,exponential,2.0,weighted_0.25,300,True,0.03333333333333333,0.0,True,0.0007139182388684503,79,6.6216736888945436
gear,0260,mean_shift,positive,fast,exponential,2.0,weighted_0.5,300,True,0.7333333333333333,0.0033333333333333335,True,5.3409305422422796e-77,49,6.6216736888945436
gear,0260,mean_shift,positive,fast,exponential,2.0,weighted_0.75,300,True,0.8133333333333334,0.0033333333333333335,True,6.911991238272996e-91,49,6.6216736888945436
gear,0260,mean_shift,positive,medium,exponential,2.0,pird,300,True,0.64,0.02666666666666667,True,1.814848389820923e-57,108,6.6216736888945436
gear,0260,mean_shift,positive,medium,exponential,2.0,global,300,False,0.0,0.0,False,1.0,-1,6.6216736888945436
gear,0260,mean_shift,positive,medium,exponential,2.0,or,300,True,0.64,0.02666666666666667,True,1.814848389820923e-57,108,6.6216736888945436
gear,0260,mean_shift,positive,medium,exponential,2.0,max,300,True,0.64,0.02666666666666667,True,1.814848389820923e-57,108,6.6216736888945436
gear,0260,mean_shift,positive,medium,exponential,2.0,weighted_0.25,300,True,0.016666666666666666,0.0,True,0.012369835647664244,106,6.6216736888945436
gear,0260,mean_shift,positive,medium,exponential,2.0,weighted_0.5,300,True,0.5933333333333334,0.0033333333333333335,True,1.7215760264595307e-56,104,6.6216736888945436
gear,0260,mean_shift,positive,medium,exponential,2.0,weighted_0.75,300,True,0.6566666666666666,0.0033333333333333335,True,3.0656300611673164e-65,103,6.6216736888945436
gear,0260,mean_shift,positive,slow,exponential,2.0,pird,300,True,0.2833333333333333,0.02666666666666667,True,1.876770685421538e-18,215,6.6216736888945436
gear,0260,mean_shift,positive,slow,exponential,2.0,global,300,False,0.0,0.0,False,1.0,-1,6.6216736888945436
gear,0260,mean_shift,positive,slow,exponential,2.0,or,300,True,0.2833333333333333,0.02666666666666667,True,1.876770685421538e-18,215,6.6216736888945436
gear,0260,mean_shift,positive,slow,exponential,2.0,max,300,True,0.2833333333333333,0.02666666666666667,True,1.876770685421538e-18,215,6.6216736888945436
gear,0260,mean_shift,positive,slow,exponential,2.0,weighted_0.25,300,False,0.0,0.0,False,1.0,-1,6.6216736888945436
gear,0260,mean_shift,positive,slow,exponential,2.0,weighted_0.5,300,True,0.23333333333333334,0.0033333333333333335,True,1.3784301913422847e-18,218,6.6216736888945436
gear,0260,mean_shift,positive,slow,exponential,2.0,weighted_0.75,300,True,0.3,0.0033333333333333335,True,2.044628189677619e-24,208,6.6216736888945436
gear,0260,mean_shift,positive,fast,exponential,3.0,pird,300,True,0.8666666666666667,0.02666666666666667,True,1.9705732708815048e-95,40,9.945767175555018
gear,0260,mean_shift,positive,fast,exponential,3.0,global,300,False,0.0,0.0,False,1.0,-1,9.945767175555018
gear,0260,mean_shift,positive,fast,exponential,3.0,or,300,True,0.8666666666666667,0.02666666666666667,True,1.9705732708815048e-95,40,9.945767175555018
gear,0260,mean_shift,positive,fast,exponential,3.0,max,300,True,0.8666666666666667,0.02666666666666667,True,1.9705732708815048e-95,40,9.945767175555018
gear,0260,mean_shift,positive,fast,exponential,3.0,weighted_0.25,300,True,0.09,0.0,True,5.269803449531987e-08,49,9.945767175555018
gear,0260,mean_shift,positive,fast,exponential,3.0,weighted_0.5,300,True,0.8133333333333334,0.0033333333333333335,True,6.911991238272996e-91,46,9.945767175555018
gear,0260,mean_shift,positive,fast,exponential,3.0,weighted_0.75,300,True,0.8633333333333333,0.0033333333333333335,True,1.4693661007439235e-100,41,9.945767175555018
gear,0260,mean_shift,positive,medium,exponential,3.0,pird,300,True,0.7333333333333333,0.02666666666666667,True,2.035100407715051e-71,80,9.945767175555018
gear,0260,mean_shift,positive,medium,exponential,3.0,global,300,False,0.0,0.0,False,1.0,-1,9.945767175555018
gear,0260,mean_shift,positive,medium,exponential,3.0,or,300,True,0.7333333333333333,0.02666666666666667,True,2.035100407715051e-71,80,9.945767175555018
gear,0260,mean_shift,positive,medium,exponential,3.0,max,300,True,0.7333333333333333,0.02666666666666667,True,2.035100407715051e-71,80,9.945767175555018
gear,0260,mean_shift,positive,medium,exponential,3.0,weighted_0.25,300,True,0.06333333333333334,0.0,True,4.720435185568017e-06,104,9.945767175555018
gear,0260,mean_shift,positive,medium,exponential,3.0,weighted_0.5,300,True,0.67,0.0033333333333333335,True,3.456860649189346e-67,79,9.945767175555018
gear,0260,mean_shift,positive,medium,exponential,3.0,weighted_0.75,300,True,0.72,0.0033333333333333335,True,7.475736762488279e-75,79,9.945767175555018
gear,0260,mean_shift,positive,slow,exponential,3.0,pird,300,True,0.47,0.02666666666666667,True,1.5949752734960126e-36,159,9.945767175555018
gear,0260,mean_shift,positive,slow,exponential,3.0,global,300,False,0.0,0.0,False,1.0,-1,9.945767175555018
gear,0260,mean_shift,positive,slow,exponential,3.0,or,300,True,0.47,0.02666666666666667,True,1.5949752734960126e-36,159,9.945767175555018
gear,0260,mean_shift,positive,slow,exponential,3.0,max,300,True,0.47,0.02666666666666667,True,1.5949752734960126e-36,159,9.945767175555018
gear,0260,mean_shift,positive,slow,exponential,3.0,weighted_0.25,300,True,0.013333333333333334,0.0,True,0.022390798093968527,218,9.945767175555018
gear,0260,mean_shift,positive,slow,exponential,3.0,weighted_0.5,300,True,0.37666666666666665,0.0033333333333333335,True,1.0782237801478339e-31,173,9.945767175555018
gear,0260,mean_shift,positive,slow,exponential,3.0,weighted_0.75,300,True,0.45,0.0033333333333333335,True,2.565690082341362e-39,163,9.945767175555018
gear,0260,mean_shift,negative,fast,exponential,0.25,pird,300,False,0.0,0.02666666666666667,False,0.9977966152261722,-1,3.549944758271705
gear,0260,mean_shift,negative,fast,exponential,0.25,global,300,False,0.0,0.0,False,1.0,-1,3.549944758271705
gear,0260,mean_shift,negative,fast,exponential,0.25,or,300,False,0.0,0.02666666666666667,False,0.9977966152261722,-1,3.549944758271705
gear,0260,mean_shift,negative,fast,exponential,0.25,max,300,False,0.0,0.02666666666666667,False,0.9977966152261722,-1,3.549944758271705
gear,0260,mean_shift,negative,fast,exponential,0.25,weighted_0.25,300,False,0.0,0.0,False,1.0,-1,3.549944758271705
gear,0260,mean_shift,negative,fast,exponential,0.25,weighted_0.5,300,False,0.0,0.0033333333333333335,False,0.8415465565143274,-1,3.549944758271705
gear,0260,mean_shift,negative,fast,exponential,0.25,weighted_0.75,300,False,0.0,0.0033333333333333335,False,0.8415465565143274,-1,3.549944758271705
gear,0260,mean_shift,negative,medium,exponential,0.25,pird,300,False,0.0,0.02666666666666667,False,0.9977966152261722,-1,3.549944758271705
gear,0260,mean_shift,negative,medium,exponential,0.25,global,300,False,0.0,0.0,False,1.0,-1,3.549944758271705
gear,0260,mean_shift,negative,medium,exponential,0.25,or,300,False,0.0,0.02666666666666667,False,0.9977966152261722,-1,3.549944758271705
gear,0260,mean_shift,negative,medium,exponential,0.25,max,300,False,0.0,0.02666666666666667,False,0.9977966152261722,-1,3.549944758271705
gear,0260,mean_shift,negative,medium,exponential,0.25,weighted_0.25,300,False,0.0,0.0,False,1.0,-1,3.549944758271705
gear,0260,mean_shift,negative,medium,exponential,0.25,weighted_0.5,300,False,0.0,0.0033333333333333335,False,0.8415465565143274,-1,3.549944758271705
gear,0260,mean_shift,negative,medium,exponential,0.25,weighted_0.75,300,False,0.0,0.0033333333333333335,False,0.8415465565143274,-1,3.549944758271705
gear,0260,mean_shift,negative,slow,exponential,0.25,pird,300,False,0.0,0.02666666666666667,False,0.9977966152261722,-1,3.549944758271705
gear,0260,mean_shift,negative,slow,exponential,0.25,global,300,False,0.0,0.0,False,1.0,-1,3.549944758271705
gear,0260,mean_shift,negative,slow,exponential,0.25,or,300,False,0.0,0.02666666666666667,False,0.9977966152261722,-1,3.549944758271705
gear,0260,mean_shift,negative,slow,exponential,0.25,max,300,False,0.0,0.02666666666666667,False,0.9977966152261722,-1,3.549944758271705
gear,0260,mean_shift,negative,slow,exponential,0.25,weighted_0.25,300,False,0.0,0.0,False,1.0,-1,3.549944758271705
gear,0260,mean_shift,negative,slow,exponential,0.25,weighted_0.5,300,False,0.0,0.0033333333333333335,False,0.8415465565143274,-1,3.549944758271705
gear,0260,mean_shift,negative,slow,exponential,0.25,weighted_0.75,300,False,0.0,0.0033333333333333335,False,0.8415465565143274,-1,3.549944758271705
gear,0260,mean_shift,negative,fast,exponential,0.5,pird,300,False,0.0,0.02666666666666667,False,0.9977966152261722,-1,3.549944758271705
gear,0260,mean_shift,negative,fast,exponential,0.5,global,300,False,0.0,0.0,False,1.0,-1,3.549944758271705
gear,0260,mean_shift,negative,fast,exponential,0.5,or,300,False,0.0,0.02666666666666667,False,0.9977966152261722,-1,3.549944758271705
gear,0260,mean_shift,negative,fast,exponential,0.5,max,300,False,0.0,0.02666666666666667,False,0.9977966152261722,-1,3.549944758271705
gear,0260,mean_shift,negative,fast,exponential,0.5,weighted_0.25,300,False,0.0,0.0,False,1.0,-1,3.549944758271705
gear,0260,mean_shift,negative,fast,exponential,0.5,weighted_0.5,300,False,0.0,0.0033333333333333335,False,0.8415465565143274,-1,3.549944758271705
gear,0260,mean_shift,negative,fast,exponential,0.5,weighted_0.75,300,False,0.0,0.0033333333333333335,False,0.8415465565143274,-1,3.549944758271705
gear,0260,mean_shift,negative,medium,exponential,0.5,pird,300,False,0.0,0.02666666666666667,False,0.9977966152261722,-1,3.549944758271705
gear,0260,mean_shift,negative,medium,exponential,0.5,global,300,False,0.0,0.0,False,1.0,-1,3.549944758271705
gear,0260,mean_shift,negative,medium,exponential,0.5,or,300,False,0.0,0.02666666666666667,False,0.9977966152261722,-1,3.549944758271705
gear,0260,mean_shift,negative,medium,exponential,0.5,max,300,False,0.0,0.02666666666666667,False,0.9977966152261722,-1,3.549944758271705
gear,0260,mean_shift,negative,medium,exponential,0.5,weighted_0.25,300,False,0.0,0.0,False,1.0,-1,3.549944758271705
gear,0260,mean_shift,negative,medium,exponential,0.5,weighted_0.5,300,False,0.0,0.0033333333333333335,False,0.8415465565143274,-1,3.549944758271705
gear,0260,mean_shift,negative,medium,exponential,0.5,weighted_0.75,300,False,0.0,0.0033333333333333335,False,0.8415465565143274,-1,3.549944758271705
gear,0260,mean_shift,negative,slow,exponential,0.5,pird,300,False,0.0,0.02666666666666667,False,0.9977966152261722,-1,3.549944758271705
gear,0260,mean_shift,negative,slow,exponential,0.5,global,300,False,0.0,0.0,False,1.0,-1,3.549944758271705
gear,0260,mean_shift,negative,slow,exponential,0.5,or,300,False,0.0,0.02666666666666667,False,0.9977966152261722,-1,3.549944758271705
gear,0260,mean_shift,negative,slow,exponential,0.5,max,300,False,0.0,0.02666666666666667,False,0.9977966152261722,-1,3.549944758271705
gear,0260,mean_shift,negative,slow,exponential,0.5,weighted_0.25,300,False,0.0,0.0,False,1.0,-1,3.549944758271705
gear,0260,mean_shift,negative,slow,exponential,0.5,weighted_0.5,300,False,0.0,0.0033333333333333335,False,0.8415465565143274,-1,3.549944758271705
gear,0260,mean_shift,negative,slow,exponential,0.5,weighted_0.75,300,False,0.0,0.0033333333333333335,False,0.8415465565143274,-1,3.549944758271705
gear,0260,mean_shift,negative,fast,exponential,0.75,pird,300,False,0.0,0.02666666666666667,False,0.9977966152261722,-1,3.549944758271705
gear,0260,mean_shift,negative,fast,exponential,0.75,global,300,False,0.0,0.0,False,1.0,-1,3.549944758271705
gear,0260,mean_shift,negative,fast,exponential,0.75,or,300,False,0.0,0.02666666666666667,False,0.9977966152261722,-1,3.549944758271705
gear,0260,mean_shift,negative,fast,exponential,0.75,max,300,False,0.0,0.02666666666666667,False,0.9977966152261722,-1,3.549944758271705
gear,0260,mean_shift,negative,fast,exponential,0.75,weighted_0.25,300,False,0.0,0.0,False,1.0,-1,3.549944758271705
gear,0260,mean_shift,negative,fast,exponential,0.75,weighted_0.5,300,False,0.0,0.0033333333333333335,False,0.8415465565143274,-1,3.549944758271705
gear,0260,mean_shift,negative,fast,exponential,0.75,weighted_0.75,300,False,0.0,0.0033333333333333335,False,0.8415465565143274,-1,3.549944758271705
gear,0260,mean_shift,negative,medium,exponential,0.75,pird,300,False,0.0,0.02666666666666667,False,0.9977966152261722,-1,3.549944758271705
gear,0260,mean_shift,negative,medium,exponential,0.75,global,300,False,0.0,0.0,False,1.0,-1,3.549944758271705
gear,0260,mean_shift,negative,medium,exponential,0.75,or,300,False,0.0,0.02666666666666667,False,0.9977966152261722,-1,3.549944758271705
gear,0260,mean_shift,negative,medium,exponential,0.75,max,300,False,0.0,0.02666666666666667,False,0.9977966152261722,-1,3.549944758271705
gear,0260,mean_shift,negative,medium,exponential,0.75,weighted_0.25,300,False,0.0,0.0,False,1.0,-1,3.549944758271705
gear,0260,mean_shift,negative,medium,exponential,0.75,weighted_0.5,300,False,0.0,0.0033333333333333335,False,0.8415465565143274,-1,3.549944758271705
gear,0260,mean_shift,negative,medium,exponential,0.75,weighted_0.75,300,False,0.0,0.0033333333333333335,False,0.8415465565143274,-1,3.549944758271705
gear,0260,mean_shift,negative,slow,exponential,0.75,pird,300,False,0.0,0.02666666666666667,False,0.9977966152261722,-1,3.549944758271705
gear,0260,mean_shift,negative,slow,exponential,0.75,global,300,False,0.0,0.0,False,1.0,-1,3.549944758271705
gear,0260,mean_shift,negative,slow,exponential,0.75,or,300,False,0.0,0.02666666666666667,False,0.9977966152261722,-1,3.549944758271705
gear,0260,mean_shift,negative,slow,exponential,0.75,max,300,False,0.0,0.02666666666666667,False,0.9977966152261722,-1,3.549944758271705
gear,0260,mean_shift,negative,slow,exponential,0.75,weighted_0.25,300,False,0.0,0.0,False,1.0,-1,3.549944758271705
gear,0260,mean_shift,negative,slow,exponential,0.75,weighted_0.5,300,False,0.0,0.0033333333333333335,False,0.8415465565143274,-1,3.549944758271705
gear,0260,mean_shift,negative,slow,exponential,0.75,weighted_0.75,300,False,0.0,0.0033333333333333335,False,0.8415465565143274,-1,3.549944758271705
gear,0260,mean_shift,negative,fast,exponential,1.0,pird,300,False,0.0,0.02666666666666667,False,0.9977966152261722,-1,3.549944758271705
gear,0260,mean_shift,negative,fast,exponential,1.0,global,300,False,0.0,0.0,False,1.0,-1,3.549944758271705
gear,0260,mean_shift,negative,fast,exponential,1.0,or,300,False,0.0,0.02666666666666667,False,0.9977966152261722,-1,3.549944758271705
gear,0260,mean_shift,negative,fast,exponential,1.0,max,300,False,0.0,0.02666666666666667,False,0.9977966152261722,-1,3.549944758271705
gear,0260,mean_shift,negative,fast,exponential,1.0,weighted_0.25,300,False,0.0,0.0,False,1.0,-1,3.549944758271705
gear,0260,mean_shift,negative,fast,exponential,1.0,weighted_0.5,300,False,0.0,0.0033333333333333335,False,0.8415465565143274,-1,3.549944758271705
gear,0260,mean_shift,negative,fast,exponential,1.0,weighted_0.75,300,False,0.0,0.0033333333333333335,False,0.8415465565143274,-1,3.549944758271705
gear,0260,mean_shift,negative,medium,exponential,1.0,pird,300,False,0.0,0.02666666666666667,False,0.9977966152261722,-1,3.549944758271705
gear,0260,mean_shift,negative,medium,exponential,1.0,global,300,False,0.0,0.0,False,1.0,-1,3.549944758271705
gear,0260,mean_shift,negative,medium,exponential,1.0,or,300,False,0.0,0.02666666666666667,False,0.9977966152261722,-1,3.549944758271705
gear,0260,mean_shift,negative,medium,exponential,1.0,max,300,False,0.0,0.02666666666666667,False,0.9977966152261722,-1,3.549944758271705
gear,0260,mean_shift,negative,medium,exponential,1.0,weighted_0.25,300,False,0.0,0.0,False,1.0,-1,3.549944758271705
gear,0260,mean_shift,negative,medium,exponential,1.0,weighted_0.5,300,False,0.0,0.0033333333333333335,False,0.8415465565143274,-1,3.549944758271705
gear,0260,mean_shift,negative,medium,exponential,1.0,weighted_0.75,300,False,0.0,0.0033333333333333335,False,0.8415465565143274,-1,3.549944758271705
gear,0260,mean_shift,negative,slow,exponential,1.0,pird,300,False,0.0,0.02666666666666667,False,0.9977966152261722,-1,3.549944758271705
gear,0260,mean_shift,negative,slow,exponential,1.0,global,300,False,0.0,0.0,False,1.0,-1,3.549944758271705
gear,0260,mean_shift,negative,slow,exponential,1.0,or,300,False,0.0,0.02666666666666667,False,0.9977966152261722,-1,3.549944758271705
gear,0260,mean_shift,negative,slow,exponential,1.0,max,300,False,0.0,0.02666666666666667,False,0.9977966152261722,-1,3.549944758271705
gear,0260,mean_shift,negative,slow,exponential,1.0,weighted_0.25,300,False,0.0,0.0,False,1.0,-1,3.549944758271705
gear,0260,mean_shift,negative,slow,exponential,1.0,weighted_0.5,300,False,0.0,0.0033333333333333335,False,0.8415465565143274,-1,3.549944758271705
gear,0260,mean_shift,negative,slow,exponential,1.0,weighted_0.75,300,False,0.0,0.0033333333333333335,False,0.8415465565143274,-1,3.549944758271705
gear,0260,mean_shift,negative,fast,exponential,1.5,pird,300,True,0.7566666666666667,0.02666666666666667,True,3.0633486208538737e-75,73,4.758723125253026
gear,0260,mean_shift,negative,fast,exponential,1.5,global,300,False,0.0,0.0,False,1.0,-1,4.758723125253026
gear,0260,mean_shift,negative,fast,exponential,1.5,or,300,True,0.7566666666666667,0.02666666666666667,True,3.0633486208538737e-75,73,4.758723125253026
gear,0260,mean_shift,negative,fast,exponential,1.5,max,300,True,0.7566666666666667,0.02666666666666667,True,3.0633486208538737e-75,73,4.758723125253026
gear,0260,mean_shift,negative,fast,exponential,1.5,weighted_0.25,300,True,0.01,0.0,True,0.041246809928419524,105,4.758723125253026
gear,0260,mean_shift,negative,fast,exponential,1.5,weighted_0.5,300,True,0.05333333333333334,0.0033333333333333335,True,0.00011182112213123689,79,4.758723125253026
gear,0260,mean_shift,negative,fast,exponential,1.5,weighted_0.75,300,True,0.41333333333333333,0.0033333333333333335,True,2.0319671091765226e-35,76,4.758723125253026
gear,0260,mean_shift,negative,medium,exponential,1.5,pird,300,True,0.51,0.02666666666666667,True,5.195417105670334e-41,147,4.758723125253026
gear,0260,mean_shift,negative,medium,exponential,1.5,global,300,False,0.0,0.0,False,1.0,-1,4.758723125253026
gear,0260,mean_shift,negative,medium,exponential,1.5,or,300,True,0.51,0.02666666666666667,True,5.195417105670334e-41,147,4.758723125253026
gear,0260,mean_shift,negative,medium,exponential,1.5,max,300,True,0.51,0.02666666666666667,True,5.195417105670334e-41,147,4.758723125253026
gear,0260,mean_shift,negative,medium,exponential,1.5,weighted_0.25,300,False,0.0,0.0,False,1.0,-1,4.758723125253026
gear,0260,mean_shift,negative,medium,exponential,1.5,weighted_0.5,300,True,0.023333333333333334,0.0033333333333333335,True,0.016355791764910255,188,4.758723125253026
gear,0260,mean_shift,negative,medium,exponential,1.5,weighted_0.75,300,True,0.34,0.0033333333333333335,True,3.940586805295693e-28,143,4.758723125253026
gear,0260,mean_shift,negative,slow,exponential,1.5,pird,300,True,0.016666666666666666,0.02666666666666667,False,0.7998857868186544,295,4.758723125253026
gear,0260,mean_shift,negative,slow,exponential,1.5,global,300,False,0.0,0.0,False,1.0,-1,4.758723125253026
gear,0260,mean_shift,negative,slow,exponential,1.5,or,300,True,0.016666666666666666,0.02666666666666667,False,0.7998857868186544,295,4.758723125253026
gear,0260,mean_shift,negative,slow,exponential,1.5,max,300,True,0.016666666666666666,0.02666666666666667,False,0.7998857868186544,295,4.758723125253026
gear,0260,mean_shift,negative,slow,exponential,1.5,weighted_0.25,300,False,0.0,0.0,False,1.0,-1,4.758723125253026
gear,0260,mean_shift,negative,slow,exponential,1.5,weighted_0.5,300,True,0.0033333333333333335,0.0033333333333333335,False,0.5,293,4.758723125253026
gear,0260,mean_shift,negative,slow,exponential,1.5,weighted_0.75,300,True,0.016666666666666666,0.0033333333333333335,False,0.05037589024688565,288,4.758723125253026
gear,0260,mean_shift,negative,fast,exponential,2.0,pird,300,True,0.7966666666666666,0.02666666666666667,True,3.8076345509622445e-82,61,6.13926918075969
gear,0260,mean_shift,negative,fast,exponential,2.0,global,300,False,0.0,0.0,False,1.0,-1,6.13926918075969
gear,0260,mean_shift,negative,fast,exponential,2.0,or,300,True,0.7966666666666666,0.02666666666666667,True,3.8076345509622445e-82,61,6.13926918075969
gear,0260,mean_shift,negative,fast,exponential,2.0,max,300,True,0.7966666666666666,0.02666666666666667,True,3.8076345509622445e-82,61,6.13926918075969
gear,0260,mean_shift,negative,fast,exponential,2.0,weighted_0.25,300,True,0.02,0.0,True,0.006911511910188324,79,6.13926918075969
gear,0260,mean_shift,negative,fast,exponential,2.0,weighted_0.5,300,True,0.47,0.0033333333333333335,True,1.6021891465653965e-41,62,6.13926918075969
gear,0260,mean_shift,negative,fast,exponential,2.0,weighted_0.75,300,True,0.7833333333333333,0.0033333333333333335,True,1.8260279677446292e-85,62,6.13926918075969
gear,0260,mean_shift,negative,medium,exponential,2.0,pird,300,True,0.5933333333333334,0.02666666666666667,True,3.3484515259780057e-51,122,6.13926918075969
gear,0260,mean_shift,negative,medium,exponential,2.0,global,300,False,0.0,0.0,False,1.0,-1,6.13926918075969
gear,0260,mean_shift,negative,medium,exponential,2.0,or,300,True,0.5933333333333334,0.02666666666666667,True,3.3484515259780057e-51,122,6.13926918075969
gear,0260,mean_shift,negative,medium,exponential,2.0,max,300,True,0.5933333333333334,0.02666666666666667,True,3.3484515259780057e-51,122,6.13926918075969
gear,0260,mean_shift,negative,medium,exponential,2.0,weighted_0.25,300,False,0.0,0.0,False,1.0,-1,6.13926918075969
gear,0260,mean_shift,negative,medium,exponential,2.0,weighted_0.5,300,True,0.3933333333333333,0.0033333333333333335,True,2.292947626115597e-33,105,6.13926918075969
gear,0260,mean_shift,negative,medium,exponential,2.0,weighted_0.75,300,True,0.5833333333333334,0.0033333333333333335,True,3.516864158425944e-55,108,6.13926918075969
gear,0260,mean_shift,negative,slow,exponential,2.0,pird,300,True,0.18666666666666668,0.02666666666666667,True,1.0898771979455905e-10,244,6.13926918075969
gear,0260,mean_shift,negative,slow,exponential,2.0,global,300,False,0.0,0.0,False,1.0,-1,6.13926918075969
gear,0260,mean_shift,negative,slow,exponential,2.0,or,300,True,0.18666666666666668,0.02666666666666667,True,1.0898771979455905e-10,244,6.13926918075969
gear,0260,mean_shift,negative,slow,exponential,2.0,max,300,True,0.18666666666666668,0.02666666666666667,True,1.0898771979455905e-10,244,6.13926918075969
gear,0260,mean_shift,negative,slow,exponential,2.0,weighted_0.25,300,False,0.0,0.0,False,1.0,-1,6.13926918075969
gear,0260,mean_shift,negative,slow,exponential,2.0,weighted_0.5,300,True,0.07,0.0033333333333333335,True,6.982665155583044e-06,228,6.13926918075969
gear,0260,mean_shift,negative,slow,exponential,2.0,weighted_0.75,300,True,0.20333333333333334,0.0033333333333333335,True,4.2386280511689916e-16,228,6.13926918075969
gear,0260,mean_shift,negative,fast,exponential,3.0,pird,300,True,0.85,0.02666666666666667,True,4.0562236247042975e-92,45,8.814912091752655
gear,0260,mean_shift,negative,fast,exponential,3.0,global,300,False,0.0,0.0,False,1.0,-1,8.814912091752655
gear,0260,mean_shift,negative,fast,exponential,3.0,or,300,True,0.85,0.02666666666666667,True,4.0562236247042975e-92,45,8.814912091752655
gear,0260,mean_shift,negative,fast,exponential,3.0,max,300,True,0.85,0.02666666666666667,True,4.0562236247042975e-92,45,8.814912091752655
gear,0260,mean_shift,negative,fast,exponential,3.0,weighted_0.25,300,True,0.03333333333333333,0.0,True,0.0007139182388684503,79,8.814912091752655
gear,0260,mean_shift,negative,fast,exponential,3.0,weighted_0.5,300,True,0.7466666666666667,0.0033333333333333335,True,3.4353887669387304e-79,47,8.814912091752655
gear,0260,mean_shift,negative,fast,exponential,3.0,weighted_0.75,300,True,0.8466666666666667,0.0033333333333333335,True,3.0513302005978413e-97,46,8.814912091752655
gear,0260,mean_shift,negative,medium,exponential,3.0,pird,300,True,0.6966666666666667,0.02666666666666667,True,1.0781080168397807e-65,91,8.814912091752655
gear,0260,mean_shift,negative,medium,exponential,3.0,global,300,False,0.0,0.0,False,1.0,-1,8.814912091752655
gear,0260,mean_shift,negative,medium,exponential,3.0,or,300,True,0.6966666666666667,0.02666666666666667,True,1.0781080168397807e-65,91,8.814912091752655
gear,0260,mean_shift,negative,medium,exponential,3.0,max,300,True,0.6966666666666667,0.02666666666666667,True,1.0781080168397807e-65,91,8.814912091752655
gear,0260,mean_shift,negative,medium,exponential,3.0,weighted_0.25,300,True,0.023333333333333334,0.0,True,0.0038917330287714905,105,8.814912091752655
gear,0260,mean_shift,negative,medium,exponential,3.0,weighted_0.5,300,True,0.6166666666666667,0.0033333333333333335,True,1.2745467491112833e-59,79,8.814912091752655
gear,0260,mean_shift,negative,medium,exponential,3.0,weighted_0.75,300,True,0.6633333333333333,0.0033333333333333335,True,3.2918974561575483e-66,101,8.814912091752655
gear,0260,mean_shift,negative,slow,exponential,3.0,pird,300,True,0.3933333333333333,0.02666666666666667,True,1.4413694160465061e-28,182,8.814912091752655
gear,0260,mean_shift,negative,slow,exponential,3.0,global,300,False,0.0,0.0,False,1.0,-1,8.814912091752655
gear,0260,mean_shift,negative,slow,exponential,3.0,or,300,True,0.3933333333333333,0.02666666666666667,True,1.4413694160465061e-28,182,8.814912091752655
gear,0260,mean_shift,negative,slow,exponential,3.0,max,300,True,0.3933333333333333,0.02666666666666667,True,1.4413694160465061e-28,182,8.814912091752655
gear,0260,mean_shift,negative,slow,exponential,3.0,weighted_0.25,300,False,0.0,0.0,False,1.0,-1,8.814912091752655
gear,0260,mean_shift,negative,slow,exponential,3.0,weighted_0.5,300,True,0.30666666666666664,0.0033333333333333335,True,5.050428676687051e-25,188,8.814912091752655
gear,0260,mean_shift,negative,slow,exponential,3.0,weighted_0.75,300,True,0.37333333333333335,0.0033333333333333335,True,2.3074049198842725e-31,183,8.814912091752655
