y,pird_score,global_score
0,0.35641316393121203,0.39778796718956877
0,0.44578388814626657,0.3818985156132424
0,0.375372542743001,0.3823768096567405
0,0.3261047062918903,0.38165361046389157
0,0.3708421986238245,0.37965790282071876
0,0.36836895539380327,0.38052900637606507
0,0.3805004791832911,0.37997121687323376
0,0.3667329066861425,0.40008686076902433
0,0.4929109197142831,0.4000690296359091
0,0.3743464079881734,0.3817021540960653
0,0.3327847493047531,0.3817021540960653
0,0.34059845757659624,0.38269366095075374
0,0.3581333328470374,0.3827170368525263
0,0.35297540645615927,0.38689643613970065
0,0.3232124897775095,0.38689643613970065
0,0.3275615923123837,0.3903495671973717
0,0.34635357025342084,0.39704114686654285
0,0.34958551593511655,0.38687306936622134
0,0.44578388814626657,0.39133635125547933
0,0.3338391613899283,0.38625863181454245
0,0.3346683241268408,0.3894017905672009
0,0.3441289998335995,0.3904774813604445
0,0.32429212080466085,0.38730587217733997
0,0.3810832524842508,0.38989938634395915
0,0.3513139131397893,0.3915791452433892
0,0.37455101871173424,0.3932916601491347
0,0.3806177552853271,0.39819996878311237
0,0.49132579888388417,0.4020269135243677
0,0.38049967117588873,0.3978458400983897
0,0.3365297385446976,0.3920786644123874
0,0.3577747951380721,0.38535591336253694
0,0.3423910539192345,0.39450426026537383
0,0.35880801399390044,0.39750834150116676
0,0.34974949311768605,0.3861441589037627
0,0.3232124897775095,0.389846897382625
0,0.3275615923123837,0.4012595305336505
0,0.34478274236399364,0.39462775636319397
0,0.5033519620931232,0.37857710694933755
0,0.43845227774843054,0.38358776966678326
0,0.39670479875633413,0.3850889941856526
0,0.3856653409308093,0.39242217639929805
0,0.3261047062918903,0.3860111097355095
0,0.36319586421494277,0.38242767128436217
0,0.4079317736693132,0.38242767128436217
0,0.3846224542834961,0.38277532026725797
0,0.3585232156952452,0.3845493564028766
0,0.49648668375448896,0.384905382889317
0,0.3532811836183267,0.38499067681219756
0,0.33445632221980376,0.3864456891673434
0,0.34143214789040305,0.38448910731967256
0,0.3601250989134585,0.38486692915591303
0,0.3233023030899085,0.388939319412695
0,0.35371710763943515,0.3879801073537724
0,0.3275615923123837,0.3947603875300333
0,0.3460357875426197,0.3939515956551401
0,0.3494672735485248,0.3854348651457768
0,0.37992489435274734,0.3894457218738343
0,0.3341101122408945,0.3862466114147564
0,0.3346683241268408,0.38855074332978723
0,0.3441289998335995,0.39101684285078964
0,0.32429212080466085,0.3906340875626338
0,0.3818515018595936,0.39231438709415045
0,0.35139532301442095,0.3934199920976416
0,0.4015157506851211,0.39447176447572235
0,0.377192421341501,0.39679425803216917
0,0.49711344524209317,0.39404029436980303
0,0.3515195832565034,0.39568308184201306
0,0.33612364354674806,0.39040988310336316
0,0.3639293293734055,0.3837086915277595
0,0.34322913201042016,0.39372861286269983
0,0.35930692090854993,0.3967673837112763
0,0.3521418194864876,0.38684032147453634
0,0.3232124897775095,0.38842705048898296
0,0.3275615923123837,0.39893676438911996
0,0.3460357875426197,0.3925328878087217
0,0.3695617680482683,0.4247161139668006
0,0.36723018731691953,0.41855347147838473
0,0.3854588273392219,0.42465788113041103
0,0.3261047062918903,0.42005897611967147
0,0.3593892037695631,0.4112371513568257
0,0.43565919886213667,0.40933343912919584
0,0.370668133978862,0.41161864190899916
0,0.36112016808762515,0.4354305188767875
0,0.4922544651898304,0.4142244205286595
0,0.34970295602764373,0.4153353020014412
0,0.3327847493047531,0.41741129184190506
0,0.34143214789040305,0.4226655090377536
0,0.3601250989134585,0.4133921994232551
0,0.3233023030899085,0.4142567971262926
0,0.3543932628375159,0.41244641194262227
0,0.3275615923123837,0.390117606262446
0,0.3460357875426197,0.3913901353108396
0,0.34925687643941966,0.3778311596439337
0,0.38503819393649735,0.38589638699038764
0,0.3341101122408945,0.38325803549903315
0,0.3346683241268408,0.383442450151799
0,0.3441289998335995,0.38625637369052884
0,0.32429212080466085,0.382602106072601
0,0.3831488721266643,0.3850487840300867
0,0.34926550781529836,0.38989565363783446
0,0.4169399019135789,0.38989565363783446
0,0.37720048196938133,0.39290649617456663
0,0.4906567058104047,0.39251324781696767
0,0.35485549339906797,0.3917446840263225
0,0.3365297385446976,0.3838368165996
0,0.35952979846994015,0.3805459026873696
0,0.42033549672234904,0.39235100878242857
0,0.35930692090854993,0.3967672456626454
0,0.3232124897775095,0.39330874221397927
0,0.32836094457429577,0.39596004180160815
0,0.3428442858686635,0.39762266977693184
0,0.33899455875253603,0.3913588505855755
0,0.4040252516940091,0.37646619053657904
0,0.3854588273392219,0.3763747323746985
0,0.3261047062918903,0.37614430936925874
0,0.3486245776779233,0.3731857938374101
0,0.40238300464235455,0.3732888363471674
0,0.388651463986138,0.3731857938374101
0,0.3599704872384823,0.39607001938320185
0,0.4907957358571642,0.3959149080458397
0,0.3429622968989117,0.3760264915048987
0,0.33445632221980376,0.3747243741388146
0,0.41638558733253345,0.37510264543799965
0,0.33881957282391567,0.3746639582737231
0,0.3232124897775095,0.3810294615295293
0,0.3275615923123837,0.3810294615295293
0,0.3381594622534105,0.3840446818581589
0,0.3373695741632058,0.3891645114203202
0,0.349742487726808,0.37961877370124664
0,0.38278135122442886,0.3774955411090277
0,0.40282597152855965,0.37679847373231984
0,0.3341101122408945,0.38921490515162405
0,0.3346683241268408,0.391713219504071
0,0.3441289998335995,0.40129719938077263
0,0.32429212080466085,0.4001578854759406
0,0.3825125061602304,0.4079533044083963
0,0.3549258688836468,0.4086669585932842
0,0.41040067883673154,0.4090114362038027
0,0.37720048196938133,0.409721459330366
0,0.4946172998643528,0.4092376301105473
0,0.3386114938741481,0.4023240265044998
0,0.33612364354674806,0.39882027075410187
0,0.35991483008568126,0.40762971834237
0,0.41968061323422895,0.40366642451861534
0,0.33886614087378203,0.39163371310242323
0,0.3232124897775095,0.38925404337535613
0,0.3275615923123837,0.393467975893598
0,0.3367713150831303,0.3931711842429704
0,0.33598466948955713,0.38610616926684654
0,0.4358730499290077,0.3733141266427451
0,0.38268449107192987,0.3727555617896195
0,0.3261047062918903,0.3714435981148604
0,0.3510597515484513,0.370673689789587
0,0.4233611983654355,0.3699705317375639
0,0.37776308015012444,0.37001950977057557
0,0.3582522090089378,0.39151653110627344
0,0.4921206145095961,0.3915337735910791
0,0.33611627859427284,0.37236145714115015
0,0.3327847493047531,0.37236145714115015
0,0.34531043616873863,0.37143959467790894
0,0.33881957282391567,0.37259651159893425
0,0.3366261580356778,0.37996682334952553
0,0.3232124897775095,0.3769200601867532
0,0.3283940659473583,0.3800416503559093
0,0.3359008624521171,0.3834449664460013
0,0.3695617680482683,0.40835970361732643
0,0.34958551593511655,0.40803533911595896
0,0.4348424805721896,0.4080880224101499
0,0.3341101122408945,0.4156002699087421
0,0.3346683241268408,0.4221307587611001
0,0.3441289998335995,0.42747524974103895
0,0.32429212080466085,0.4279174462092326
0,0.36585149481701457,0.43151610452258027
0,0.3384249076162828,0.4373573229169956
0,0.3755437171909691,0.4373573229169956
0,0.3659253743984931,0.4366429823500975
0,0.4950692685603149,0.4358745950430371
0,0.3418524045837113,0.4322766488516377
0,0.3365297385446976,0.42787066585492783
0,0.3609970439876687,0.43409177089688455
0,0.34380747088280195,0.38822509112775516
0,0.35965446540302093,0.38958753221983117
0,0.33515725486982345,0.3816933448317368
0,0.3232124897775095,0.3858418656136731
0,0.3275615923123837,0.3925488677291882
0,0.3349819959637933,0.38576003903509115
0,0.4415042779587576,0.3720040857966623
0,0.3675253991160966,0.3710485902528046
0,0.3261047062918903,0.3700750328017502
0,0.3508610048690202,0.369362627604756
0,0.37714760321306595,0.3688125682840733
0,0.3843032095057078,0.3687107614016657
0,0.35161285379934826,0.39106385406770017
0,0.49695111862324187,0.3910810766164972
0,0.3364867476136683,0.37175555117623765
0,0.33445632221980376,0.37175555117623765
0,0.3458246829448717,0.3717693207883235
0,0.3665176693005961,0.37017674063970457
0,0.33888366570869793,0.37636908848840356
0,0.3232124897775095,0.3742535968798938
0,0.3275615923123837,0.3768514108469447
0,0.33950415855792865,0.3841102687064881
0,0.34958551593511655,0.37428492546717357
0,0.44339975838740353,0.3788229826242953
0,0.3341101122408945,0.3806940033255809
0,0.3346683241268408,0.3789566311258625
0,0.3441289998335995,0.3811317007025922
0,0.32429212080466085,0.3777973905626136
0,0.3712524711571383,0.3803650176501372
0,0.3439182901045041,0.3825934262559325
0,0.3608140610866182,0.38344024830229273
0,0.38870875905184205,0.38695531912676634
0,0.4987269842639887,0.38613777093891277
0,0.3380178297605805,0.3877839369271553
0,0.33612364354674806,0.38037542893910625
0,0.3559899797378249,0.37699482171377835
0,0.3435906912973194,0.38590859058224325
0,0.3607883494550928,0.3887927430088844
0,0.33888366570869793,0.3812679857346038
0,0.3232124897775095,0.3845020349980488
0,0.3275615923123837,0.3920603335189318
0,0.33950415855792865,0.38385984429040954
0,0.47499886127969254,0.36798284099675216
0,0.4425034923193114,0.3750959000945472
0,0.4502742878273425,0.37724222755931736
0,0.3790373565427581,0.38099659530818075
0,0.32667032746859515,0.37636850353601004
0,0.35280616614310056,0.3739739898206392
0,0.3688600215759952,0.37367008582413336
0,0.38957546288997097,0.3738744035958768
0,0.3536219994260376,0.37445878380186864
0,0.4947531305084448,0.37503465288415
0,0.33908710671634995,0.37620828331698375
0,0.3327847493047531,0.3815385222017398
0,0.3458246829448717,0.3789289771755106
0,0.36101329029725415,0.37989768807806656
0,0.3364359939057418,0.3816200111355003
0,0.3232124897775095,0.37799892977299626
0,0.3275615923123837,0.3843901476324613
0,0.33812462239631624,0.3840054131470013
0,0.34958551593511655,0.3745284560091011
0,0.451043627963484,0.3809974373593623
0,0.3341101122408945,0.3793791995698115
0,0.3346683241268408,0.3790771013849566
0,0.3441289998335995,0.379907840962638
0,0.32429212080466085,0.37616996898372
0,0.37235040685767995,0.3775932670522498
0,0.34524957107882587,0.3825603253014132
0,0.3564716724446751,0.3825603253014132
0,0.387311114403483,0.38621717745256817
0,0.49673802007779805,0.3846377366762874
0,0.34774935926807515,0.37887043176470336
0,0.3365297385446976,0.377980480656618
0,0.3557639826425935,0.3749472690210864
0,0.3427540951295561,0.3846206682676998
0,0.3607883494550928,0.38707463465060443
0,0.3236995205552033,0.38439417814486787
0,0.3286178325449809,0.38982675228323954
0,0.3373384184666802,0.3915235982855073
0,0.3390882326606487,0.38687055778020013
0,0.3695617680482683,0.4156940549897402
0,0.4607770146034648,0.41260031307649964
0,0.3748552637194095,0.41753758563936244
0,0.32667032746859515,0.4130453206746032
0,0.35478053246448416,0.40527167136666353
0,0.3733952026354636,0.4042983795660998
0,0.38283974895540107,0.4052559662216557
0,0.355595750668993,0.4309005605018958
0,0.5003849277492981,0.40812778850796216
0,0.34037305251426037,0.4090885418505692
0,0.3346666339246739,0.4124853186729044
0,0.34734034581227535,0.4170077713390851
0,0.3624076095379662,0.4097974937919691
0,0.32360959689587526,0.4090939009331097
0,0.3278178549225203,0.41453106724246147
0,0.3359603122436905,0.38443480786917916
0,0.3390882326606487,0.38266284641136195
0,0.34958551593511655,0.37183762808513543
0,0.4728095439583299,0.3778985439779136
0,0.3341101122408945,0.3756602502430922
0,0.3346683241268408,0.37648392772932665
0,0.3441289998335995,0.3774439020577881
0,0.32429212080466085,0.3745918571833554
0,0.3695164183614019,0.37706313046269996
0,0.33917911822723346,0.3804237536711148
0,0.3603879379035974,0.381490413837793
0,0.36307854664969347,0.3832527331250409
0,0.4981216583155989,0.3830467117891737
0,0.3407194304710649,0.3760791214023333
0,0.33534884358305433,0.376899022536474
0,0.359968793724725,0.3725443845727312
0,0.3420060707168802,0.3859360652425967
0,0.36136967711693724,0.3883546946830216
0,0.32360959689587526,0.3865746810888811
0,0.3278178549225203,0.3888399171681185
0,0.3359603122436905,0.39100444190959854
0,0.33764655320849024,0.38535195032145597
0,0.47386800738748264,0.3681366205043391
0,0.37441212203432606,0.36924044184902394
0,0.32667032746859515,0.36775445820112385
0,0.34958853699025333,0.36719072052953
0,0.36847480952704337,0.36759521684010354
0,0.3658597359579233,0.36651292725997414
0,0.36397476183878247,0.39138439333360275
0,0.494109652972102,0.39192626310971274
0,0.34179462278073375,0.37000227185694157
0,0.3322656711935323,0.3699216386674384
0,0.3450068350399542,0.36898897522737234
0,0.36566080578052984,0.36832296711805484
0,0.32360959689587526,0.3715018019421171
0,0.3278178549225203,0.3735350360767193
0,0.33587863476506036,0.37637581801824316
0,0.3367471092448517,0.3855964408911173
0,0.3494672735485248,0.37485536105024286
0,0.38273084366620047,0.3696696286717356
0,0.4728095439583299,0.37085938709599203
0,0.3338391613899283,0.38225680284994296
0,0.3346683241268408,0.38595413799596223
0,0.3441289998335995,0.3955803264018152
0,0.32429212080466085,0.3957993088483075
0,0.36948190941245357,0.4042921208765627
0,0.340064562021355,0.4062366261523671
0,0.364565180010262,0.4062366261523671
0,0.3558389897799942,0.40453622453556437
0,0.49717013636564555,0.39867758224822775
0,0.3539700110962918,0.3928498334924408
0,0.3357540024897895,0.39426868552905125
0,0.3621451453115232,0.40377134250203
0,0.3411733328827055,0.40193519156082075
0,0.36015704591194775,0.38731932985503853
0,0.32360959689587526,0.38285019882499133
0,0.3278178549225203,0.3894502426989858
0,0.3369237304624026,0.39208239064098055
0,0.3361071954918748,0.38535195032145597
0,0.44792572145758053,0.3680051160002467
0,0.374701272541468,0.36945922033348755
0,0.32667032746859515,0.3671054301608707
0,0.3546482801313354,0.3671107000507267
0,0.36322291804554857,0.36730992070519297
0,0.35265536301095224,0.36651292725997414
0,0.3645051079614629,0.3913708299913614
0,0.5007536119744636,0.3913533873156546
0,0.34848280141222904,0.37108093830176175
0,0.33371128018845186,0.37108093830176175
0,0.3438664699119505,0.3716286996120725
0,0.3599535821490836,0.37023435310065306
0,0.32360959689587526,0.3706677760761221
0,0.3278178549225203,0.37177214485805904
0,0.33199305366635856,0.3760369903103429
0,0.33061357200220215,0.38559827628460447
0,0.3696868094148128,0.4047499056489802
0,0.34958551593511655,0.4050011976683311
0,0.404102624485026,0.4029887954759322
0,0.3338391613899283,0.4141575869646004
0,0.3346683241268408,0.42000204386835965
0,0.3441289998335995,0.426957363022501
0,0.32429212080466085,0.4298117715322607
0,0.3715692905909434,0.43061332547473086
0,0.34840691944761526,0.4330526859605297
0,0.3599412275983531,0.4330526859605297
0,0.35316167586111025,0.431935338785065
0,0.5000194138581908,0.4370362856935816
0,0.3499190285883724,0.4313115810130961
0,0.3353383921546689,0.4272011867445572
0,0.36383607801182016,0.4312932919720097
0,0.341938739606747,0.38295342793765375
0,0.35439934605714746,0.3845954360373546
0,0.32360959689587526,0.3846553388768486
0,0.3278178549225203,0.38855853582239197
0,0.33060866165651104,0.389905735024923
0,0.3292365520220901,0.3865859035414428
0,0.38361927979691945,0.3685032495669352
0,0.37103170177006956,0.3684745771050645
0,0.32667032746859515,0.36709854081828297
0,0.3666366183828974,0.36642910724103317
0,0.36847072933891134,0.367269858074161
0,0.34939955928116795,0.3664577512219568
0,0.36425589229694116,0.3899902087494029
0,0.4979999491711951,0.3899728276054371
0,0.34902755301867067,0.36890599550727876
0,0.3313171713485656,0.36890599550727876
0,0.3438664699119505,0.36939917904133646
0,0.34975489984962327,0.36725664865163093
0,0.32360959689587526,0.3709192504541972
0,0.3278178549225203,0.3702873180154
0,0.3302393328561082,0.37559731329614454
0,0.3292365520220901,0.38581901413904957
0,0.34958551593511655,0.37241519779835264
0,0.4010549597977589,0.3783233801693909
0,0.3338391613899283,0.37396473261659813
0,0.3346683241268408,0.3729483212700344
0,0.3441289998335995,0.375842661669859
0,0.32429212080466085,0.3706475589094502
0,0.35201045031723494,0.3758657428124055
0,0.3581336605406423,0.37713155062070014
0,0.3689192596706231,0.3773019206346339
0,0.3771353275652919,0.38114289669138474
0,0.4990205248765306,0.3804269388338165
0,0.3540414297296933,0.381439758807564
0,0.33479554470459444,0.3735487400099505
0,0.3629196235152686,0.37311229742443547
0,0.341938739606747,0.37925713299133496
0,0.352640983712513,0.3823833569927386
0,0.32360959689587526,0.38448729582908486
0,0.3278178549225203,0.389722102704666
0,0.333075773414858,0.3877177673122573
0,0.33388955021118133,0.38992105246787606
0,0.46961764206143036,0.36751308228396734
0,0.4425034923193114,0.37611224896905365
0,0.38543974959325494,0.37770709267703684
0,0.3552209374133952,0.37553729003016806
0,0.32667032746859515,0.3746967406048725
0,0.3705271683332454,0.37147316918732565
0,0.37611807116999724,0.3720299366005803
0,0.384819299687326,0.37127058185920114
0,0.36425589229694116,0.37255731465226166
0,0.5011176770102099,0.37255731465226166
0,0.3489546721900636,0.3740080162700273
0,0.33371128018845186,0.37442629242430625
0,0.3423630786601081,0.3745226826578138
0,0.3537983257527251,0.3747560066972136
0,0.32360959689587526,0.3797052030641993
0,0.3278178549225203,0.37907202600622947
0,0.33362305786082,0.3845133868268812
0,0.3336067438283823,0.38622562967077173
0,0.34958551593511655,0.3748067268615098
0,0.3860014416801274,0.37869734859324755
0,0.3338391613899283,0.37419905845229307
0,0.3346683241268408,0.3718631358254477
0,0.3441289998335995,0.3750160166676993
0,0.32429212080466085,0.3732342702633661
0,0.35288736362988204,0.37824762966957154
0,0.35546906169433834,0.37726891108920163
0,0.36585579101676724,0.37726891108920163
0,0.3821577242451818,0.3816972496784946
0,0.5007466667024427,0.3809081851870258
0,0.3462296586483783,0.3810108609990057
0,0.3353383921546689,0.37321265456760677
0,0.3629196235152686,0.37297100327980587
0,0.33857772769042127,0.37925713299133496
0,0.3549928797507768,0.3833927921061815
0,0.32360959689587526,0.3854586953181472
0,0.3278178549225203,0.38957273230333883
0,0.3360613522843182,0.386777232822408
0,0.3356438567531602,0.3885059910370783
0,0.3695617680482683,0.41184060439987774
0,0.4037806622980575,0.412216204160991
0,0.3549029837582403,0.41180814910087615
0,0.32667032746859515,0.40710352390345567
0,0.36387777030800406,0.404426762732539
0,0.38136029825053175,0.4039242771571043
0,0.3834056874924383,0.40414840180223655
0,0.36425589229694116,0.4285128756435476
0,0.5012620745065417,0.40581385243860196
0,0.34125598483371794,0.4058707997592752
0,0.3320434309048516,0.4099877908110973
0,0.34048650979298856,0.4114418719215948
0,0.35615794054259475,0.4087414443584348
0,0.32360959689587526,0.40689701104459586
0,0.3441131817637592,0.4060582598264217
0,0.3278178549225203,0.38241199402800674
0,0.3401566078772208,0.38551627184674525
0,0.34958551593511655,0.3717095746124294
0,0.43590363160020557,0.37730320776319953
0,0.3338391613899283,0.3734161187663816
0,0.3346683241268408,0.3709123981370664
0,0.3441289998335995,0.37507251741911946
0,0.32429212080466085,0.37072734265102986
0,0.35312855281903843,0.3757593506385492
0,0.36360030808069,0.3771001412957062
0,0.3791572271436761,0.3771001412957062
0,0.38053291588820654,0.3818452119396457
0,0.5001248533393721,0.3792330189205128
0,0.34772353317114185,0.3727054181554562
0,0.33479554470459444,0.3736331376824627
0,0.3629196235152686,0.37322724061854695
0,0.33857772769042127,0.37973680143172267
0,0.3549928797507768,0.3829643054798287
0,0.32360959689587526,0.3853949005414065
0,0.3286178325449809,0.3887205567896827
0,0.34495053137886506,0.38556246035368086
0,0.33965905045196776,0.38703969495511026
0,0.41481610435030436,0.3681301962756579
0,0.35522427411602564,0.3682330918055188
0,0.32667032746859515,0.366973557039888
0,0.3627206212872004,0.366965739744848
0,0.38132998642928484,0.36735187831814264
0,0.38549071642898425,0.3666191649717696
0,0.3669108465157202,0.3914333830023381
0,0.5064055378875811,0.39129639712040004
0,0.3339497284265152,0.36921092857867593
0,0.33371128018845186,0.36921092857867593
0,0.3414124131597821,0.36959385945747936
0,0.35844615709307803,0.3699374265033184
0,0.32360959689587526,0.37128869130909026
0,0.3436478292733933,0.37097582202651247
0,0.3278178549225203,0.3751112818462498
0,0.33965905045196776,0.3852170669135352
0,0.3494672735485248,0.37129299506506724
0,0.38116947438547605,0.37071617735495327
0,0.417093747500213,0.3706270396735453
0,0.3338391613899283,0.37879256892964586
0,0.3346683241268408,0.38069649113918347
0,0.3441289998335995,0.3897153534484647
0,0.32429212080466085,0.3884871236390889
0,0.3481745107492399,0.39585235927058365
0,0.34511039797212273,0.3991965691169237
0,0.37958552047460364,0.3989941537871249
0,0.37994668416514493,0.39821200173469024
0,0.5089463520168634,0.39099142739801734
0,0.3344848501391601,0.39064076762584643
0,0.33459404554486594,0.39009956458853506
0,0.36384577994238787,0.40151037829660435
0,0.3384925833543539,0.3957197348697489
0,0.35688211694325933,0.3828549792573022
0,0.32360959689587526,0.384029593495564
0,0.3444867605850056,0.3820741685655841
0,0.3278178549225203,0.3852769057638633
0,0.33965905045196776,0.3898680039310656
0,0.44345785359898454,0.36624695281203246
0,0.35172118266258273,0.36621845590786106
0,0.32667032746859515,0.36765644170810535
0,0.3551043493393835,0.36443199649337416
0,0.377243173435043,0.3655244119613674
0,0.38257372964189973,0.36464637247516585
0,0.36636096334165785,0.38811786492771205
0,0.5073039891848816,0.38798203934325315
0,0.33398188847411986,0.3662699572142683
0,0.3320434309048516,0.36598568963313566
0,0.3414124131597821,0.36675548830565935
0,0.35844615709307803,0.36887368094573
0,0.32360959689587526,0.3738574131641974
0,0.3278178549225203,0.37323508366124614
0,0.3547265133140284,0.37634824376269144
0,0.3513777652732694,0.3822217699844546
0,0.3696868094148128,0.4045245528412366
0,0.34958551593511655,0.40314391775571135
0,0.4424093508869359,0.4001512676367194
0,0.3338391613899283,0.4083087616299236
0,0.3346683241268408,0.41452018572654475
0,0.3441289998335995,0.41980792781566934
0,0.32429212080466085,0.4193976212747972
0,0.3492505930299762,0.42433183221478055
0,0.3513569391078871,0.4283271831190064
0,0.3539214827061106,0.4283271831190064
0,0.3774214076920687,0.42886065709467164
0,0.507020494244355,0.4231298697678317
0,0.34032986689809863,0.41869662348691034
0,0.33458994681466125,0.4197373052602604
0,0.3627247645836848,0.43034367459795503
0,0.3384925833543539,0.3821583176721748
0,0.35688211694325933,0.3827049993024805
0,0.3236995205552033,0.38480833910758794
0,0.3560728058095605,0.38240296080811836
0,0.3278178549225203,0.3855075850517367
0,0.3519232563273218,0.38939118021942953
0,0.45993239114548495,0.369047509070246
0,0.3408351488306556,0.36972437811277253
0,0.32667032746859515,0.3697982418864927
0,0.3577750177993911,0.3676214815164345
0,0.3778246909210498,0.368462825144602
0,0.3810209828119153,0.367607452825793
0,0.3672260315454174,0.388340297185583
0,0.5080256971015714,0.3882043937588134
0,0.3346222073695692,0.36647986832874035
0,0.33488753250545833,0.36886182148689994
0,0.34209158266186196,0.36992969891980987
0,0.3580429499821946,0.3707049286627567
0,0.32360959689587526,0.3760031784677436
0,0.3278178549225203,0.373515850417461
0,0.35463965167267203,0.3739040750238013
0,0.3499384039330548,0.37909459796667966
0,0.34958551593511655,0.36995982559824003
0,0.47386800738748264,0.37633759252340104
0,0.3338391613899283,0.3713312357748506
0,0.3346683241268408,0.36999850393049427
0,0.3441289998335995,0.3743691635940269
0,0.32429212080466085,0.36966104971275954
0,0.33869513305112936,0.3742037106251813
0,0.346311650320676,0.37660323804694035
0,0.36855879824378207,0.3767733693944979
0,0.3784628168306054,0.3807490236528727
0,0.5100412388609801,0.3797553999468132
0,0.3346370662019083,0.3711976554275724
0,0.33485116045468893,0.3721357113052345
0,0.36818017037649886,0.3708265300833984
0,0.3422116226479791,0.3775065973837294
0,0.3831411887448067,0.3815358641000021
0,0.3236995205552033,0.3826820730662995
0,0.3538984834052324,0.38138758184296173
0,0.3278178549225203,0.38820253455123666
0,0.3499384039330548,0.38891521501881926
0,0.4685394340449021,0.3667184629620374
0,0.4425034923193114,0.3752282364019994
0,0.4782799508760887,0.3757864365924077
0,0.34076325755124276,0.37609418551300006
0,0.32667032746859515,0.37464793059822293
0,0.3583592045803414,0.37319836197514233
0,0.4570647794033543,0.37284002652736536
0,0.38135654385208906,0.3727440693560589
0,0.3741340770944212,0.3739344305607676
0,0.5088898062724069,0.3742026606305994
0,0.3341621407199762,0.37580579091967914
0,0.3335978770773931,0.3760557828942339
0,0.34484383753158065,0.3792372775959762
0,0.3847111286475035,0.3767734471785078
0,0.32360959689587526,0.37755242975273634
0,0.3278178549225203,0.37555388237366993
0,0.35566971091996885,0.3794751800497441
0,0.35180422323290433,0.38044077513622265
0,0.34958551593511655,0.3713940218891377
0,0.4790643474880766,0.37693160697175054
0,0.33410033515654625,0.3735665931211083
0,0.3346683241268408,0.3731685879723534
0,0.3441289998335995,0.37625012708138356
0,0.32429212080466085,0.37346632818048064
0,0.3414660903131984,0.37646571633520276
0,0.34597183149495964,0.381883591203903
0,0.44869591720091634,0.3820325665277601
0,0.37784411539472895,0.38520456544123066
0,0.5107359685879093,0.3810475752142788
0,0.3367109366296312,0.3729195785202078
0,0.3344530321841691,0.37358846922626887
0,0.37034920813178046,0.3727157825486464
0,0.3422116226479791,0.38056719049859616
0,0.37667283632157,0.38644850822971877
0,0.3236995205552033,0.38561367919755357
0,0.3562572025175734,0.3846412761807057
0,0.3278178549225203,0.3928406008766235
0,0.3530236265835154,0.3908040767682893
0,0.3695617680482683,0.4116449899033693
0,0.4550439230804533,0.41379778276838003
0,0.3501872073364999,0.4169823692469609
0,0.327085876761652,0.4131067259019035
0,0.36689188683015245,0.40704515050163187
0,0.45772162872663125,0.40619085009711936
0,0.38216306178120696,0.4081108410877731
0,0.37359117573138384,0.4309887876345483
0,0.501442494153788,0.41030549341621797
0,0.3328523174026195,0.4111744513956866
0,0.33373052181610263,0.41294325268688836
0,0.34666957405960663,0.41247707970879843
0,0.3754483722393421,0.4093481124463971
0,0.32360959689587526,0.41053276349232354
0,0.3644273660040413,0.40812738381102265
0,0.3278178549225203,0.38423730013251955
0,0.3570137682761797,0.38787445800858683
0,0.34958551593511655,0.3726337228107402
0,0.4324304881908645,0.3786858389856496
0,0.33410033515654625,0.37621916548076734
0,0.3346683241268408,0.3778889044685214
0,0.3441289998335995,0.38003169732573006
0,0.32429212080466085,0.37564414761276177
0,0.3462878497560558,0.3788196870771595
0,0.3596811038606064,0.38361776030288086
0,0.44959807538795676,0.3847608241553948
0,0.38185050849231006,0.38721105246850385
0,0.5078022220071311,0.382668041180518
0,0.33092823105420033,0.37437250348812884
0,0.3335475983334469,0.37771227202997154
0,0.36173470560329585,0.3746775695006084
0,0.34137838432306883,0.3836235000383569
0,0.37667283632157,0.3873716988626648
0,0.32360959689587526,0.38733872455096585
0,0.3644273660040413,0.3849944266113321
0,0.3278178549225203,0.3933084778712413
0,0.3570137682761797,0.39105786336668674
0,0.4324001501848303,0.36938012494473843
0,0.34888052905120487,0.3694833698403237
0,0.327085876761652,0.3695827917659903
0,0.3634019292410736,0.36856268657867075
0,0.4432450915870011,0.3694705698863019
0,0.3652187621036532,0.36856268657867075
0,0.37461402309180586,0.3909587843263309
0,0.5088898062724069,0.39139460553454525
0,0.32839474683124625,0.3711887269706117
0,0.335121901848019,0.3705843138571108
0,0.3467868698434988,0.37135879456656484
0,0.38497535144515255,0.37081830945238475
0,0.32360959689587526,0.3729221174542029
0,0.3622020228650937,0.3748309294377083
0,0.3278178549225203,0.3782853497214953
0,0.3557253404207466,0.38787445800858683
0,0.3494672735485248,0.3735228699673324
0,0.3960037329728461,0.3749120869995612
0,0.43137779208139493,0.37195348142787465
0,0.33410033515654625,0.385154440489393
0,0.3346683241268408,0.3886814877369282
0,0.3441289998335995,0.39693600515169697
0,0.32429212080466085,0.3966366736920533
0,0.3468777626970812,0.40269959469209293
0,0.34445644270012593,0.4058609171699191
0,0.41468373522645885,0.405433194002893
0,0.3611340090250029,0.404154657103725
0,0.5118249847747913,0.40005062213569437
0,0.34417549036738543,0.4016712013856719
0,0.33367627872181643,0.39502281308488985
0,0.37151767007721526,0.4059268284574409
0,0.41875940564746483,0.4016771195624167
0,0.3831411887448067,0.3883651705655847
0,0.32360959689587526,0.38645594695279134
0,0.3622020228650937,0.3856816616072562
0,0.3278178549225203,0.39432488046793474
0,0.3557253404207466,0.39105786336668674
0,0.4025111189037478,0.36938012494473843
0,0.3529410784557767,0.3694833698403237
0,0.327085876761652,0.3684492764943828
0,0.3564059932310422,0.36743229998305743
0,0.4309339997134922,0.3685859443771208
0,0.3660649501276427,0.36773552481277205
0,0.3773431707906334,0.3900654234733051
0,0.5131554133461832,0.390415148571979
0,0.3403782729325839,0.3697375097129967
0,0.3365538666710174,0.3697375097129967
0,0.42179870448686035,0.37102786368056384
0,0.38497535144515255,0.37081830945238475
0,0.32360959689587526,0.3741029392499085
0,0.3278178549225203,0.37925234449323697
0,0.3615169339636435,0.3783285088962686
0,0.35396819066551377,0.38647078249563427
0,0.3695617680482683,0.40851974788500756
0,0.3494672735485248,0.4098552357726479
0,0.38567733435684115,0.4086491244607799
0,0.33410033515654625,0.416291506646994
0,0.3346683241268408,0.42208113981237827
0,0.3441289998335995,0.4298140319720132
0,0.32429212080466085,0.4311127681648549
0,0.3548841044229934,0.4319167483297997
0,0.3664287348607304,0.43933946561626247
0,0.33723006256544846,0.4342118069446112
0,0.42395875727848514,0.43194120620509213
0,0.3593762475997127,0.430118391628899
0,0.5153969205406002,0.42632471026946483
0,0.34793721510114906,0.4291090127618222
0,0.33448179688574103,0.43410427953762676
0,0.4188679559848051,0.3855033905118085
0,0.3831411887448067,0.38820539807962
0,0.32360959689587526,0.38826093981267695
0,0.35065086177978383,0.3889122279872704
0,0.3278178549225203,0.39559953678306214
0,0.3434398749341799,0.3943584364844097
0,0.3856502764096879,0.3706968067475298
0,0.3993045390774082,0.37164965817737877
0,0.327085876761652,0.36993639271142414
0,0.3467821561538718,0.3697602326075011
0,0.4380517768668033,0.3709211861206105
0,0.36481709049648664,0.37006537857200344
0,0.36515501014547946,0.3916880313757472
0,0.5154672072242725,0.39203921127321806
0,0.3530609347883187,0.3712755568430075
0,0.335497503513814,0.3712755568430075
0,0.3496620688076412,0.3715980153187774
0,0.38497535144515255,0.372121120200279
0,0.32360959689587526,0.3748875363960087
0,0.3491580270786986,0.3766964498298307
0,0.3278178549225203,0.3806416889839742
0,0.3426051946065687,0.38855129635322394
0,0.34958551593511655,0.37632279166922755
0,0.40344162659631877,0.3797239130623086
0,0.33410033515654625,0.3774614584563511
0,0.3346683241268408,0.37665105975020347
0,0.3441289998335995,0.37962488950624845
0,0.32429212080466085,0.3775667446147346
0,0.4020678613457133,0.38060770185480125
0,0.3375156664398465,0.38253187249838966
0,0.4382448063444964,0.3834759180891938
0,0.35581008365603023,0.38650038215355126
0,0.5147691324198473,0.3830942743110808
0,0.3606048280275723,0.37759017094284997
0,0.3342072307564146,0.37719327382442436
0,0.3696472992778402,0.3770708969852461
0,0.3434121409598966,0.38205599900287035
0,0.3696525310197411,0.38750689791134185
0,0.32360959689587526,0.3878461466008509
0,0.3508881876308904,0.3877115898313512
0,0.3278178549225203,0.39438988166532835
0,0.3434398749341799,0.3933078062536697
0,0.4680421523634661,0.37156939382348275
0,0.4461767588334975,0.3769913844776933
0,0.38966421969946785,0.37702210302461026
0,0.41588441701395507,0.37941263216249954
0,0.327085876761652,0.37704798601144424
0,0.35716514457801735,0.37710756172085724
0,0.450354824834315,0.3768540322972903
0,0.36157384628740724,0.3768663636819339
0,0.3646077169941385,0.3784426997261037
0,0.5165145439600767,0.3784426997261037
0,0.3535165471185279,0.3794839063229973
0,0.3371343556812984,0.3782435828623203
0,0.3496620688076412,0.377693559324814
0,0.37258172044240606,0.3778528389312706
0,0.3232124897775095,0.38155638632942546
0,0.3504615297871684,0.379457852659996
0,0.32782744815689074,0.3845690672747177
0,0.3434398749341799,0.387276177112432
0,0.3494672735485248,0.37452501228869417
0,0.39206815762790237,0.37881127287477195
0,0.33410033515654625,0.37563151749354456
0,0.3346683241268408,0.37438251899287767
0,0.3441289998335995,0.3804967083156901
0,0.32429212080466085,0.3757727116503943
0,0.3837658056716703,0.38269166283144423
0,0.3626294395763675,0.39081540558678374
0,0.34715344503667117,0.38967984989105314
0,0.4204192880301422,0.38967984989105314
0,0.3589285231358549,0.3881692606852839
0,0.5160466634000619,0.37823197771467976
0,0.3648787179632402,0.3752168162855781
0,0.33515528147673973,0.3755080001162603
0,0.3434121409598966,0.3816605769735442
0,0.3708692371533095,0.3861279142108865
0,0.3232124897775095,0.387459602382663
0,0.33475623527298415,0.3863651263656782
0,0.32782744815689074,0.3925904612063326
0,0.33372595768473384,0.3920645347376934
0,0.3695617680482683,0.41658389815777347
0,0.41250708911016676,0.4142670681441386
0,0.3851408982364046,0.4162252569396329
0,0.327085876761652,0.41117038887870316
0,0.36870607151848733,0.40839472200192095
0,0.42743344656166654,0.40669514291426273
0,0.3609263386340238,0.4069506758923218
0,0.3615912844885897,0.4313391785523912
0,0.516166611431389,0.4115657840784668
0,0.3637134995782635,0.41226647646457204
0,0.335497503513814,0.41648824133824963
0,0.3496620688076412,0.41594954063253087
0,0.37258172044240606,0.41284308825906496
0,0.3232124897775095,0.4103766219137195
0,0.33145764756336354,0.40870680499859935
0,0.32782744815689074,0.3827880033778267
0,0.33329873101772284,0.38782959631584385
0,0.34958551593511655,0.3771845429567265
0,0.44287345893721314,0.38039084826470565
0,0.33410033515654625,0.37733170742424416
0,0.3346683241268408,0.37471517444673863
0,0.3441289998335995,0.3819234220554385
0,0.32429212080466085,0.3756862017230301
0,0.38662539368619203,0.38393493488914304
0,0.3832369157885614,0.3880818895912523
0,0.41113523534270396,0.388504832097353
0,0.356381793840097,0.39290454097032435
0,0.5149127125432787,0.38521990440113074
0,0.37109222759608534,0.3764805582326
0,0.3342072307564146,0.37654409327671234
0,0.35870922893056617,0.37596547817095205
0,0.3434121409598966,0.38413317076492537
0,0.3715714005088743,0.3862881862265868
0,0.3232124897775095,0.38959367619090624
0,0.3364195135162123,0.3872596983481365
0,0.32782744815689074,0.39262384947218126
0,0.33873101532138933,0.3939163989027542
0,0.4315034210588634,0.3722286792862901
0,0.38907130082914226,0.37421613142539684
0,0.327085876761652,0.3720408849160826
0,0.40801643267383575,0.37252427844973307
0,0.4279831385341747,0.37302372212608403
0,0.3696448223413448,0.3722351567965308
0,0.3558744255540352,0.3926684690111926
0,0.5170767049295875,0.3925310508990118
0,0.3554450309822107,0.3737848014960797
0,0.3371343556812984,0.3741748112457222
0,0.3500889967601212,0.3758133120894169
0,0.37198702018164725,0.37448781772534484
0,0.3232124897775095,0.3776074778679527
0,0.3430269866073414,0.37962456083069307
0,0.32782744815689074,0.3815066184423872
0,0.3440182831303198,0.38779312143506495
0,0.34958551593511655,0.37559412737258513
0,0.4228950145802819,0.376889425801713
0,0.4443373159852986,0.37253926142452565
0,0.33410033515654625,0.3849267438355407
0,0.3346683241268408,0.38598559100643476
0,0.3441289998335995,0.39880022106138524
0,0.32429212080466085,0.4005228326652479
0,0.3875692183288062,0.4058746171987979
0,0.3569433463103499,0.41162464683119526
0,0.4043645582651054,0.4089835717535564
0,0.394635745489465,0.4018871291725391
0,0.35673784684521553,0.4003876430940926
0,0.5158414704797806,0.40236253480164735
0,0.35741938908626836,0.39663131253010575
0,0.33515528147673973,0.40761784085008
0,0.34165088078108335,0.4044272341566944
0,0.3711808621053469,0.3878478089387435
0,0.3232124897775095,0.39099934565137767
0,0.3490875870330777,0.38803110754628845
0,0.32782744815689074,0.3940773305835558
0,0.3506916777780717,0.3944090015065325
0,0.469037255551809,0.37551857601435495
0,0.38800733852672825,0.3768483202582387
0,0.327085876761652,0.37539423130780675
0,0.4377101060522093,0.37629985790718773
0,0.4217399016788078,0.3758781548875193
0,0.37106414780854774,0.3757727029182097
0,0.35322854133196435,0.3995349621356664
0,0.5196994063523185,0.3993951410280913
0,0.3437761049621788,0.3822106487981876
0,0.3343885699661783,0.38254536396223576
0,0.3477370199308807,0.3836550737688941
0,0.3731392774673819,0.3771722008288501
0,0.3232124897775095,0.38234469541781524
0,0.3488136683248901,0.38114783053861195
0,0.32782744815689074,0.3825225424817415
0,0.3546026683064581,0.3901944328942161
0,0.3695617680482683,0.4111536411369164
0,0.3494672735485248,0.4105743291830068
0,0.46922887415657993,0.40834331199977436
0,0.33410033515654625,0.4187814458267589
0,0.3346683241268408,0.424987342277309
0,0.3441289998335995,0.4323713003457654
0,0.32429212080466085,0.4345059142763004
0,0.3875692183288062,0.4401022874639463
0,0.39917719695520254,0.44296354511977265
0,0.3997735686819135,0.4419148126011466
0,0.38551814989992444,0.442379296337511
0,0.5162998577629029,0.43675105809742615
0,0.35099229160369105,0.42598300122386745
0,0.3337395275872921,0.4261284704212049
0,0.3568792772986409,0.43287881370097314
0,0.34165088078108335,0.3866816569974636
0,0.3731398693234265,0.3880242095313905
0,0.3233023030899085,0.3907962632757636
0,0.3490823993406425,0.38782455538195065
0,0.32782744815689074,0.39355747386119416
0,0.35409530481939416,0.3938846073856823
0,0.44537769701463215,0.37553250562977936
0,0.40494573558527397,0.37701626101635133
0,0.327085876761652,0.3726470148227593
0,0.40408960533019983,0.3746168576633011
0,0.36770309979725774,0.3746168576633011
0,0.3748290946908268,0.3746168576633011
0,0.36238817739544416,0.3776666291690586
0,0.5196994063523185,0.37743013191847713
0,0.34627018563845524,0.37741182812978186
0,0.33665965079470717,0.3777232886010639
0,0.34803524352899784,0.3785363307050867
0,0.38145092712990586,0.37713529085848285
0,0.3232124897775095,0.3813603184159063
0,0.3509208084123251,0.38098162623422843
0,0.32782744815689074,0.3823340697217238
0,0.3572727123615707,0.3899651603415337
0,0.34958551593511655,0.3796893869858201
0,0.43206739657279986,0.38311491438222606
0,0.33410033515654625,0.37967868649982406
0,0.3346683241268408,0.37865281489705116
0,0.3441289998335995,0.38441022737265695
0,0.32429212080466085,0.38108670097404823
0,0.38286260612911316,0.3870018030284655
0,0.3537200423331129,0.3937264613432808
0,0.38376017415127694,0.39252869516725303
0,0.3515833428275306,0.39136255419251864
0,0.37758265302967653,0.39547827441763145
0,0.5170561715650677,0.3830984103944578
0,0.34811322443853254,0.3854921011546943
0,0.33490314279801914,0.37977123333691537
0,0.3418488928905642,0.3872604850333642
0,0.37521039116898636,0.3880498504957441
0,0.3233023030899085,0.39171896726871663
0,0.3507201638136938,0.3884615944820838
0,0.32782744815689074,0.39350364478470684
0,0.36032431709966134,0.3946971975695028
0,0.46496861982967447,0.38007370403917656
0,0.45651637156950053,0.38503425339337743
0,0.4413416432356335,0.38149902429081
0,0.3774557201125957,0.386843628962547
0,0.327085876761652,0.38586510492020415
0,0.4046637385602222,0.38449349190922705
0,0.3671949158592233,0.38393646765118716
0,0.3771457748428762,0.3847521607969519
0,0.3562011845050753,0.385611358365961
0,0.519875246846604,0.38528074022799685
0,0.33739073739834036,0.38530949886282845
0,0.3343885699661783,0.38542288210250286
0,0.347938559410901,0.38575174116228306
0,0.3799328729970007,0.3864123028497176
0,0.3232124897775095,0.3878120831146372
0,0.35424268294721867,0.3856283019625108
0,0.32782744815689074,0.38836388670252386
0,0.3612300293774517,0.3914599155897429
0,0.3494672735485248,0.3817158388121344
0,0.44119236562881137,0.38846867127858326
0,0.33410033515654625,0.38475917865450415
0,0.3346683241268408,0.3842821617727443
0,0.3441289998335995,0.3915452217361334
0,0.32429212080466085,0.38602795638560294
0,0.3670452715772915,0.3937855363889178
0,0.3872107582634928,0.3954330983231917
0,0.3705490511620288,0.3946543873577326
0,0.3807593667070819,0.3983243897259117
0,0.5162998577629029,0.3935537061891092
0,0.34417492871642574,0.3885594198917152
0,0.3337395275872921,0.38511333635719086
0,0.36075121451373476,0.3815812628452979
0,0.3418488928905642,0.38541891610245177
0,0.3757155241403704,0.3887173036520613
0,0.3233023030899085,0.39223559767538585
0,0.3558400133523906,0.3900243566172711
0,0.32782744815689074,0.397920937474184
0,0.36285886671682943,0.3964262146196881
0,0.3695617680482683,0.4241425595848064
0,0.44425100340652274,0.42336037025053075
0,0.36800887569216073,0.42082507606106895
0,0.327085876761652,0.416949566753731
0,0.40932425872855216,0.4206424314355235
0,0.3948017974225056,0.41953589880402825
0,0.3836137774802804,0.41949075711133654
0,0.3608320352950486,0.4195805535686769
0,0.519875246846604,0.41986453208644814
0,0.34263883259587136,0.41953832689868964
0,0.33665965079470717,0.42723572804847104
0,0.3462272584794211,0.42897261871409387
0,0.37625928119497215,0.4207133273257184
0,0.3232124897775095,0.4170887727829353
0,0.3592346170023168,0.4213305501451645
0,0.32802086714423284,0.39698930268397636
0,0.37218384240971414,0.3979819638497578
0,0.34591298185266905,0.38750866135293616
0,0.43553762374636495,0.3955385668385928
0,0.33410033515654625,0.39086702101044024
0,0.3346683241268408,0.38863548506708884
0,0.3441289998335995,0.3907290582191566
0,0.32429212080466085,0.39086592910795154
0,0.36053597060238823,0.3932848843626682
0,0.35993596050016685,0.39876945983653433
0,0.39858460144256785,0.39513925798651245
0,0.3706295180221828,0.39540982256626905
0,0.3775364797725651,0.39457010922747016
0,0.5180553216443718,0.3894553168519536
0,0.3487992764373241,0.38735299558185055
0,0.33514484202709416,0.3834594772497007
0,0.3382090282227225,0.3878291264879892
0,0.3759207735919887,0.39022869046600267
0,0.3232124897775095,0.3936293117863855
0,0.3607698915835963,0.3917218325491595
0,0.32802086714423284,0.3971269824044867
0,0.37400866519602616,0.39781501292441496
0,0.4356544217372599,0.3815195355835037
0,0.3591237073394739,0.38187913585147276
0,0.327085876761652,0.37836302808598665
0,0.4044432791773267,0.3794491437593148
0,0.37085770204846563,0.37947736945674737
0,0.3872039033293086,0.3795292897383834
0,0.35746026120453406,0.39910074100828996
0,0.5235821075403937,0.3979860704336702
0,0.34119578773905196,0.3790102028844545
0,0.33439576043526154,0.37883385562073635
0,0.34388192287677904,0.3802072911534995
0,0.37625928119497215,0.38026815597637664
0,0.3232124897775095,0.3796765785099165
0,0.35431093873868097,0.3851465343579255
0,0.32802086714423284,0.38410612992163795
0,0.3633890379921129,0.39075807843875193
0,0.34591298185266905,0.38245736660933183
0,0.4228950145802819,0.37885064829905285
0,0.43553762374636495,0.3780873640297367
0,0.33410033515654625,0.3843864186070716
0,0.3346683241268408,0.3861476457474125
0,0.3441289998335995,0.39893945253877233
0,0.32429212080466085,0.39865754233690587
0,0.35679340641207313,0.4059545694297469
0,0.39088885443337595,0.4082158127724633
0,0.3597344998042293,0.40697763002185666
0,0.3866580634332506,0.4077683524092931
0,0.5198628571026533,0.397340216464409
0,0.34827010805846703,0.40050709339924234
0,0.33398038703655186,0.39592771045399955
0,0.3605870985780127,0.40401483924794823
0,0.33914519415113903,0.39977408129821657
0,0.3750497191995453,0.38928517556755865
0,0.3232124897775095,0.39024041320445046
0,0.3570954452433596,0.3869780259200417
0,0.32802086714423284,0.3925108805513253
0,0.36223427614996323,0.39413797763393793
0,0.4138817930721503,0.37852705652775076
0,0.3527132950937485,0.37909116102283325
0,0.327085876761652,0.3757134159178141
0,0.39662160168232535,0.37788008328522155
0,0.3763778768780267,0.37788008328522155
0,0.3763018797294674,0.37788008328522155
0,0.356644152470492,0.3776221747071641
0,0.5234050132525864,0.3776221747071641
0,0.3487764069683397,0.3776221747071641
0,0.3366668900995999,0.3775767331779423
0,0.34399506273342545,0.37793806916811806
0,0.3756780981934214,0.37878048662808006
0,0.3232124897775095,0.3765462591353667
0,0.35819757230874594,0.3817088125170359
0,0.32802086714423284,0.38214694904817037
0,0.36304692174965075,0.3877357209195936
0,0.3695617680482683,0.40894708883968217
0,0.34579598164910536,0.4115865643752018
0,0.40069747371672804,0.4074040179706035
0,0.33410033515654625,0.4142340674157352
0,0.3346683241268408,0.41820493838020034
0,0.3441289998335995,0.42714581753014125
0,0.32429212080466085,0.4279749190132375
0,0.34827539103192956,0.4329804527787373
0,0.3566004198049548,0.43871109016019416
0,0.3842403279732832,0.4354701020313619
0,0.3875060106639255,0.4326565815013045
0,0.3625780614548172,0.42914289595811
0,0.520214708212884,0.4316532413751559
0,0.3563101716331159,0.4254804603123469
0,0.33514484202709416,0.432893279106584
0,0.33894334734747555,0.38474669161457004
0,0.3753401134609014,0.3858448145375472
0,0.3232124897775095,0.38879958389591696
0,0.35280288483239686,0.3872179503992624
0,0.32802086714423284,0.3900015883500888
0,0.3604456523210936,0.39180744161142106
0,0.4068489981917563,0.37579123649529106
0,0.3421315998244696,0.3769816174363569
0,0.327085876761652,0.3746677453610684
0,0.38035658794091753,0.3754705678888699
0,0.3717139648720111,0.3764472371276682
0,0.3679075109054067,0.37549172431465644
0,0.397724711815066,0.3974228345771507
0,0.5252203685125061,0.39648963292821504
0,0.36534738797710353,0.37843035089788146
0,0.33439576043526154,0.37830235215133956
0,0.34389950097671135,0.3769789198562887
0,0.3753785381614298,0.380272634884122
0,0.3232124897775095,0.37698675787866337
0,0.3611269535526765,0.3829192142724456
0,0.32802086714423284,0.3839498448892932
0,0.3662536233097601,0.38852083919582864
0,0.34591298185266905,0.3819922347812458
0,0.4242609992961678,0.38375539725522684
0,0.33410033515654625,0.3787608064528635
0,0.3346683241268408,0.3767361367685395
0,0.3441289998335995,0.3790787746822407
0,0.32429212080466085,0.37959855916372187
0,0.33902022152253536,0.3824616419225327
0,0.4090358571014473,0.38858324879207323
0,0.3501004497443944,0.38825801138175037
0,0.34801645557326777,0.3874145250552297
0,0.3726800614247262,0.385551481030277
0,0.521432374757026,0.3802329059119153
0,0.38917991048215195,0.38138524029386633
0,0.3346402690732299,0.3799772753193673
0,0.3398815458784775,0.3851290476234551
0,0.3737871589952069,0.38599782558756174
0,0.3232124897775095,0.38764452152385914
0,0.3634698618731843,0.3869873900156186
0,0.32802086714423284,0.39153175557086284
0,0.36878215316315877,0.39180744161142106
0,0.4589379022023262,0.38091358276168064
0,0.48725451784554613,0.38572144817330933
0,0.41649480231297087,0.386625118008528
0,0.34147862960420533,0.3842257567233331
0,0.327085876761652,0.38461897657281763
0,0.3533643179947281,0.383473969895039
0,0.35590088375437695,0.385012773994498
0,0.3853868011776636,0.38653495603444304
0,0.4089007008291907,0.38564581435757167
0,0.5270007505699494,0.3860476042324255
0,0.3813328996997549,0.38742587441321186
0,0.33709275022245905,0.38956247658315174
0,0.34491079413286685,0.3858217244131945
0,0.3746073015820713,0.38868112679909855
0,0.3232124897775095,0.38746505685586347
0,0.3624407578644724,0.38231075193933134
0,0.32802086714423284,0.3847141680558306
0,0.36968357987915573,0.38835005017534324
0,0.3468147092196115,0.3829973789174827
0,0.4326049894013728,0.38502367143241706
0,0.33410033515654625,0.37956613198495803
0,0.3346683241268408,0.37746723323204684
0,0.3441289998335995,0.379814417283288
0,0.32429212080466085,0.3803352104617299
0,0.33852512668134616,0.3822925528924046
0,0.40977281396578874,0.38750647187283693
0,0.3427774499210953,0.38634098670777617
0,0.3540593292351149,0.3872272648460129
0,0.3738179457217723,0.38312878445400733
0,0.5223728923333206,0.37980697856122736
0,0.3783376962765811,0.37966927722792676
0,0.3355687768653524,0.37715308327246655
0,0.34303275308248066,0.3833384655872263
0,0.3782182294544185,0.3856939352094722
0,0.3232124897775095,0.3874230554684021
0,0.3629441468584534,0.3866827205680934
0,0.32802086714423284,0.3898639115485453
0,0.37089170449473363,0.39188180486784363
0,0.3695617680482683,0.41613930679483513
0,0.45265664553081925,0.4152388898835969
0,0.34147862960420533,0.41315475062170165
0,0.32667032746859515,0.40881869790407815
0,0.348042877662331,0.4094820107453161
0,0.3702314492133565,0.4094478744604504
0,0.3778646255746607,0.40944128216115505
0,0.40977281396578874,0.43277007916286947
0,0.5265104690716208,0.41326166375171236
0,0.3737272910275002,0.41311016894584246
0,0.3394249107358991,0.4153651750067094
0,0.35030931883653527,0.4193911508156551
0,0.3838305780197029,0.41219399714147686
0,0.3232124897775095,0.4077338906615788
0,0.3604500771080684,0.4082740875264804
0,0.32802086714423284,0.3823401994938266
0,0.36188939319734986,0.38692882086450797
0,0.3564297316710132,0.38056112673865566
0,0.4708193325922543,0.3828146466276474
0,0.33410033515654625,0.37659725309218217
0,0.3346683241268408,0.37435295477304176
0,0.3441289998335995,0.378751963429735
0,0.32429212080466085,0.37748778527307303
0,0.3495274288944611,0.3817843813477129
0,0.41145630304485037,0.3863941766909854
0,0.33565691468769987,0.38523203692433144
0,0.35628706583938824,0.38611577109756495
0,0.3675717329013522,0.3825817889787912
0,0.5270987576657008,0.37732540531046305
0,0.37548427811045776,0.37804822593080417
0,0.33445835505198424,0.37707172943064526
0,0.3448761504751722,0.3833384655872263
0,0.38240321276701256,0.38552658916859645
0,0.3232124897775095,0.3865981624755183
0,0.3569566486664032,0.38625177122984183
0,0.32802086714423284,0.38942941684331733
0,0.3596141085948638,0.39075988485569274
0,0.42798523588673776,0.3763417229899523
0,0.3648024313475156,0.3777903096596504
0,0.32667032746859515,0.376262508217714
0,0.34724875750955647,0.3790006932119689
0,0.36555831487468676,0.37937289725830037
0,0.3787508714389379,0.3790006932119689
0,0.41034606876922647,0.3784806262180545
0,0.5273777504463396,0.3782995634704681
0,0.3702628157251687,0.3776794575078173
0,0.3414608693211763,0.3773736538865386
0,0.3504066617341151,0.37924245609236384
0,0.3838305780197029,0.38126075237120394
0,0.3232124897775095,0.37769932655189015
0,0.3559568425713488,0.38553433062506764
0,0.32802086714423284,0.38247055020130594
0,0.35706208853772375,0.38692882086450797
0,0.356309174324659,0.38079957143331894
0,0.4228950145802819,0.3795403287927657
0,0.41183745854789394,0.3788570329066416
0,0.33410033515654625,0.38414695025602247
0,0.3346683241268408,0.38691850102297193
0,0.3441289998335995,0.39768840047164844
0,0.32429212080466085,0.3980793821980121
0,0.3877184452051564,0.4017351240815007
0,0.4107059446376659,0.40824805171290635
0,0.33828314780477076,0.4031147124888166
0,0.3460875448740006,0.3985162615860366
0,0.3916595422501417,0.3955911896255622
0,0.5268964491826531,0.3951722841030908
0,0.3732385862965384,0.3930026483861271
0,0.335074274244577,0.40453744844504946
0,0.3429936147673184,0.4006071228457139
0,0.38261211563281,0.3901174374568478
0,0.3232124897775095,0.3849336804431045
0,0.3593149458684574,0.3873161872791944
0,0.32802086714423284,0.3897320455608365
0,0.3602026833837543,0.39284331109690285
0,0.4359935904315711,0.37715037352618336
0,0.38825049145480517,0.37757033243842053
0,0.32667032746859515,0.374812091847742
0,0.34808600213577967,0.37677533415021786
0,0.3630395272204991,0.3788538167590975
0,0.4000403191638328,0.37814110544238444
0,0.4133043046751948,0.40022996440048214
0,0.5261303699693397,0.39819071523445737
0,0.376390832081203,0.37966623638454167
0,0.33945418755693924,0.3800282779349921
0,0.35030931883653527,0.38139621632313936
0,0.3838305780197029,0.38232834009833977
0,0.3232124897775095,0.3786368666850114
0,0.3622086855318147,0.38744279965006234
0,0.32802086714423284,0.38301421358686627
0,0.3599878272576363,0.3881376560942315
0,0.3695617680482683,0.41077170688116654
0,0.3564297316710132,0.4131360893349933
0,0.43447345737573473,0.41080179079076484
0,0.33410033515654625,0.4138037860500918
0,0.3346683241268408,0.4203812446581112
0,0.3441289998335995,0.42785680149995653
0,0.32429212080466085,0.4296682539068774
0,0.38290557465483166,0.4329375587278194
0,0.41402405797159186,0.43966844141192707
0,0.3354127413606476,0.4371907984131957
0,0.35400428727028427,0.43395416490378047
0,0.39490012918463513,0.4261382529635303
0,0.527074724799152,0.43034764733745934
0,0.3825285424232262,0.42355695484899186
0,0.3342375198323525,0.4297503415670343
0,0.4168280513267976,0.3850020255019321
0,0.38240321276701256,0.3869264795830054
0,0.3233023030899085,0.3856333041378031
0,0.36973487189066606,0.38797261422380286
0,0.32802086714423284,0.3902185028112335
0,0.36638494193745313,0.39319251336260147
0,0.4388063975862834,0.37954776878472474
0,0.3885862483891398,0.3789546463728127
0,0.32667032746859515,0.37836993115984346
0,0.3502991372087033,0.38028094423490216
0,0.3646109572644172,0.3805918734134976
0,0.4026339079827175,0.3805918734134976
0,0.4151758477456321,0.38003912580508753
0,0.5273777504463396,0.38003912580508753
0,0.37981116601255455,0.37908125853528557
0,0.3414608693211763,0.37917513805933045
0,0.423382306018988,0.38032731815235227
0,0.3838305780197029,0.3830344161009415
0,0.3232124897775095,0.37875680401529166
0,0.372130198073152,0.38758958421374434
0,0.32802086714423284,0.38235476964419435
0,0.3712112130793155,0.38941733579580007
0,0.3564297316710132,0.38150497167917735
0,0.4385433080526169,0.38407502993502934
0,0.33410033515654625,0.378018252768918
0,0.3346683241268408,0.3759432407535229
0,0.3441289998335995,0.37772795527436404
0,0.32429212080466085,0.3789580712444661
0,0.3851178763632047,0.3803487564347633
0,0.4155399593580832,0.3857356291032338
0,0.5141171870993068,0.3863679728876162
0,0.356260219943876,0.3845572903604261
0,0.3463654001165223,0.378133229399437
0,0.3984655523330226,0.37745277221728424
0,0.38072389940490714,0.37706249890509663
0,0.33493276356395063,0.37791479968647246
0,0.41725483911389344,0.38804968159449965
0,0.3844987091738386,0.3892189168755877
0,0.3233023030899085,0.38531825630081384
0,0.3841682748855951,0.3874935258371681
0,0.32802086714423284,0.3903106252255047
0,0.38114899630226157,0.39252633987205404
0,0.45261743294079576,0.38266435267444976
0,0.4944453527871663,0.3891217621584897
0,0.4472696466392395,0.38996963857397554
0,0.3810541560489466,0.38541959400773174
0,0.32667032746859515,0.3854890953443785
0,0.3684883101840363,0.3871152879876315
0,0.3527588141310302,0.38755346905834376
0,0.40572569978136075,0.38685036270123785
0,0.4155399593580832,0.38424504535634146
0,0.5179949594317708,0.38417213124682686
0,0.3777050508898756,0.38603360764243105
0,0.34185707081746236,0.3896010960089601
0,0.3526639325848893,0.3896516176611021
0,0.4046235940820229,0.39201875943460024
0,0.3232124897775095,0.38746596124093197
0,0.3990658615992294,0.385338473334621
0,0.32802086714423284,0.38237671713548904
0,0.39567746641947604,0.3897582827909758
0,0.35645473944990863,0.38174049867244797
0,0.4471183639685969,0.3839524429386246
0,0.33410033515654625,0.3776681113379628
0,0.3346683241268408,0.3751011628094115
0,0.3441289998335995,0.3768646378653595
0,0.32429212080466085,0.378091942339735
0,0.3779963800892892,0.37983216451752183
0,0.41559952975176906,0.3843132933577776
0,0.3555632404016115,0.3850431111648335
0,0.3457454627561829,0.38517339064978356
0,0.3852744139031654,0.379018213912485
0,0.5127324008278694,0.37775502873489086
0,0.3873852848878117,0.37762270207770493
0,0.3340963625351264,0.37783075103905767
0,0.345197680908677,0.38366368050946065
0,0.397628477823531,0.3868942078075676
0,0.3233023030899085,0.38433680282026855
0,0.3990658615992294,0.3868952297986453
0,0.32802086714423284,0.3900390883079161
0,0.39567746641947604,0.394232540880283
0,0.3695617680482683,0.41613108268115806
0,0.4484921112812854,0.4168720251981044
0,0.38290797719307035,0.4112767622764802
0,0.32667032746859515,0.4063790235257822
0,0.35621761138729424,0.4124012326681872
0,0.36127926755372747,0.41509969400633967
0,0.39638585218703865,0.41215476551956937
0,0.4151758477456321,0.41215476551956937
0,0.5293346232767816,0.41109943039420954
0,0.38289485804031786,0.41035413288865774
0,0.343493805048458,0.4166930594283026
0,0.3537292449721912,0.4203989538005809
0,0.3989916371967424,0.4137240400215796
0,0.3232124897775095,0.4092007698841487
0,0.3990658615992294,0.4132164662050532
0,0.32802086714423284,0.38335103926782316
0,0.39567746641947604,0.3897964281648427
0,0.3564297316710132,0.3822062026003341
0,0.4443084690526188,0.3849726806034738
0,0.33410033515654625,0.3776681113379628
0,0.3346683241268408,0.37484253320245337
0,0.3441289998335995,0.3776113378498486
0,0.32429212080466085,0.3788410740414507
0,0.3753989693933768,0.3802364402703771
0,0.4155399593580832,0.3816992411527961
0,0.5108772113323814,0.38157752689615254
0,0.3467517206359638,0.3812467964131436
0,0.3557261018883264,0.3769494117812653
0,0.3792022475606176,0.3771338971594176
0,0.38656539864406597,0.3767452093404611
0,0.33493276356395063,0.37727304637568077
0,0.3433133900996907,0.38692724811985274
0,0.40198299050895686,0.3875611932415205
0,0.3232124897775095,0.3840342201408326
0,0.39708499160153304,0.3870219603209474
0,0.32802086714423284,0.3900390883079161
0,0.39390783572238086,0.3936558849416685
0,0.45268975171946196,0.37982016416695497
0,0.38948920522555946,0.3795895054538745
0,0.32667032746859515,0.3782915560955805
0,0.3765531558737034,0.3791916838638932
0,0.364049031245445,0.3791916838638932
0,0.3910721285695984,0.3791916838638932
0,0.4155399593580832,0.3785067777506938
0,0.5156675704538586,0.3785067777506938
0,0.38264361430430055,0.3775395261787087
0,0.3428348957818337,0.37837875315384323
0,0.35363097906168045,0.37960633043284603
0,0.40241500284846177,0.38349386337414276
0,0.3232124897775095,0.3773539879047709
0,0.408074128406244,0.3867150176620708
0,0.32802086714423284,0.38206342699880563
0,0.4065854079304156,0.3892485330595429
0,0.35480336599343015,0.3811471289486869
0,0.416364384325309,0.37859325249612596
0,0.45042663830603824,0.37497880885108736
0,0.33410033515654625,0.37944265418114465
0,0.3346683241268408,0.3830347457303548
0,0.3441289998335995,0.39140561143731945
0,0.32429212080466085,0.3931264870282899
0,0.3852783498920068,0.3948798318526557
0,0.4153130781778579,0.40224675744089095
0,0.36903555914891895,0.40176725058364116
0,0.3394645913909933,0.39556097858849143
0,0.3844436611189731,0.39259419643375604
0,0.5141561537635472,0.39166701097783846
0,0.37447564007701556,0.39175592903929957
0,0.3355816310129301,0.39819514051043764
0,0.3442901866377822,0.3974487523660027
0,0.40503207632669136,0.3923026196414446
0,0.3232124897775095,0.3855794308764205
0,0.4129265604260243,0.3878213988371669
0,0.32802086714423284,0.38926492289516745
0,0.4081979299357744,0.3980477209891122
0,0.4589896024123852,0.3809277135081963
0,0.38863962439484107,0.38046121835681823
0,0.32667032746859515,0.38185994345452845
0,0.3740412130296237,0.3816646807729247
0,0.3524650704010663,0.3816646807729247
0,0.4009712163378117,0.3813430680827088
0,0.4151758477456321,0.3813430680827088
0,0.5262761986795516,0.38149886045480735
0,0.3620246212386385,0.38015062943265965
0,0.3444763116173001,0.3803952559119869
0,0.35444412541509995,0.38131990096736995
0,0.40655812946403475,0.38785649964481445
0,0.3232124897775095,0.3819377285072439
0,0.4129265604260243,0.3912187887453669
0,0.32802086714423284,0.3865245783677325
0,0.4081979299357744,0.3921314421294898
0,0.3695617680482683,0.41526531995714167
0,0.354644122773025,0.41534891078613245
0,0.453375469324263,0.41097103809715174
0,0.33410033515654625,0.4117020884792309
0,0.3346683241268408,0.4181973569833937
0,0.3441289998335995,0.4254190190820646
0,0.32429212080466085,0.42641966654471625
0,0.3710394454665989,0.42793766535585936
0,0.4155399593580832,0.4342445612014446
0,0.5110792677975997,0.43494274173840014
0,0.3550176464949748,0.4294993757152351
0,0.33871113943748216,0.42673826797736175
0,0.3878408015250896,0.4287985033481748
0,0.3655270447000051,0.42663051857104917
0,0.33591663983884323,0.436630461252931
0,0.34185186234456133,0.39288332100004775
0,0.4055724881987341,0.39284655768207977
0,0.3232124897775095,0.39078137945571134
0,0.41232256017594443,0.39521444050886406
0,0.32802086714423284,0.3963532862810679
0,0.4081979299357744,0.4011967173821068
0,0.4719430766915147,0.38431443421422007
0,0.3651711248624679,0.381604928774579
0,0.32667032746859515,0.3838771264182647
0,0.35020276318750704,0.3835036692642284
0,0.35364616778392627,0.3835036692642284
0,0.3966535960377609,0.3835036692642284
0,0.4153130781778579,0.3826827471097721
0,0.5144117953887232,0.38186076425876464
0,0.3602202650489089,0.3810648440443689
0,0.3428348957818337,0.38087410287793627
0,0.3510025959579899,0.38428103996073476
0,0.40642061689178904,0.38942267782026774
0,0.3232124897775095,0.38247054200602215
0,0.4146611522971393,0.3924197956213058
0,0.32802086714423284,0.38487906127526156
0,0.41090547914627645,0.39510736235239635
0,0.354644122773025,0.38468449105988217
0,0.47737309737312567,0.3867220819613315
0,0.33410033515654625,0.3812053122040143
0,0.3346683241268408,0.3786589940087201
0,0.3441289998335995,0.38022110424795735
0,0.32367930172489423,0.38316972980370645
0,0.36039506816440914,0.38139105666084894
0,0.3787628205860531,0.38517070676832665
0,0.5077241679843121,0.3859327942306897
0,0.3636027496964076,0.3847826682985937
0,0.3549272528832171,0.3818144470981491
0,0.37895764439852886,0.3813269068348778
0,0.3676591655133706,0.3806267772474812
0,0.33560746434729755,0.38444063925885524
0,0.34185186234456133,0.38924901251603117
0,0.3851913111816282,0.39335794593793494
0,0.3232124897775095,0.39280498949498055
0,0.41618493303751636,0.39557460589639865
0,0.32802086714423284,0.3962035439123093
0,0.41391244682974315,0.4010451451638904
0,0.40911326917662244,0.38536757351089723
0,0.504257903758475,0.3917304738719085
0,0.4460536657944677,0.39137159267540694
0,0.36222859791331824,0.3895734332984548
0,0.32667032746859515,0.38909323324976836
0,0.3835268106976627,0.38823306331719915
0,0.38734366819041466,0.39088755218594406
0,0.3695104706067002,0.3890760093540903
0,0.37775624577443817,0.3869755959657701
0,0.5149960989201036,0.38655114905409993
0,0.36289420134905503,0.38795866667123613
0,0.3444763116173001,0.39326734504863325
0,0.3510025959579899,0.3889592407726903
0,0.38307463634384664,0.39147733671496276
0,0.3232124897775095,0.39047735301332853
0,0.4220527020264698,0.38946008097348017
0,0.32802086714423284,0.3913782484128512
0,0.419399297909962,0.3969058987341882
0,0.354644122773025,0.38888670275166487
0,0.4315237489234776,0.39014193671211234
0,0.33410033515654625,0.38480612557703525
0,0.3346683241268408,0.38267979371449357
0,0.3441289998335995,0.38443766886374314
0,0.32429212080466085,0.38570982026260014
0,0.36174699109946945,0.38597384633449333
0,0.3783506540288596,0.3919270077409254
0,0.512950670567181,0.3918493211726184
0,0.3911104387571589,0.39185914642968
0,0.3627394832265798,0.3877493086727908
0,0.36151303997394246,0.38528856385495064
0,0.3646477566760887,0.38370854461664805
0,0.33552021790361086,0.38434085968919796
0,0.34182554834859213,0.3902696650094578
0,0.3826157613095094,0.39238062969468224
0,0.3232124897775095,0.391870292153375
0,0.42231715972390477,0.3947441777699374
0,0.32802086714423284,0.3980321489546822
0,0.419399297909962,0.40041433880354826
0,0.3695617680482683,0.41906599847443776
0,0.432546452942171,0.41861172564460286
0,0.36794256991407326,0.41626699064307726
0,0.32667032746859515,0.41317147389422554
0,0.3979956829163787,0.413024844244182
0,0.36741476188274397,0.41332617100995933
0,0.3676020995818954,0.412634714289613
0,0.3811733230265125,0.41204267012398643
0,0.5149082856685165,0.41176482072541376
0,0.3679404082650327,0.41114568442150073
0,0.3443359641920379,0.4149749638226798
0,0.3510025959579899,0.421613685984256
0,0.38307463634384664,0.4160170384081763
0,0.3232124897775095,0.41427978907124063
0,0.40705433819699594,0.4138349145917981
0,0.32802086714423284,0.38995318833169723
0,0.4023955013784796,0.39546540296668437
0,0.354644122773025,0.3876631105488022
0,0.4327231637403652,0.3898190771226991
0,0.33410033515654625,0.38395753705560803
0,0.3346683241268408,0.38183589425774433
0,0.3441289998335995,0.3865613442753854
0,0.32429212080466085,0.38463472468961135
0,0.3679578201763852,0.38826530922401875
0,0.3814121657559803,0.39099500432908885
0,0.37335688219954033,0.39091750249963697
0,0.36411277380327556,0.38998549899479984
0,0.34559455876098066,0.3859199728001311
0,0.36474307090334623,0.3830642955585641
0,0.5158834510384767,0.3828192875920077
0,0.33583460859759157,0.3835289825403754
0,0.34182554834859213,0.390713083213062
0,0.3827412356221453,0.39202638967303527
0,0.3232124897775095,0.39068686682354115
0,0.3927465584347238,0.39297548218880046
0,0.32802086714423284,0.3970274494220059
0,0.3879659019448038,0.40130275219942335
0,0.4058976548212528,0.38452686972495376
0,0.37078437236238715,0.3871852839497993
0,0.32667032746859515,0.3840252208326021
0,0.3707774537273802,0.41344702202318284
0,0.3627705384184316,0.41204417441735613
0,0.3737516832954612,0.4088226170393431
0,0.37078325290176906,0.38844183077028965
0,0.5267278082169483,0.3880607291622888
0,0.37482954639836696,0.3871319216964211
0,0.34598456680308903,0.38768654916681927
0,0.34946800541686407,0.38909965646840233
0,0.3833839423996886,0.3896000950875204
0,0.3232124897775095,0.38335044546705593
0,0.38048730810067444,0.3935644138131012
0,0.32802086714423284,0.3856898015532676
0,0.3784966306061646,0.39612621414618404
0,0.352543909682431,0.3889257195302531
0,0.3853616924042656,0.3835008373563768
0,0.4059116128755972,0.3812431206427355
0,0.33410033515654625,0.38600782436666947
0,0.3346683241268408,0.39224467292520687
0,0.3441289998335995,0.4040389038889268
0,0.32429212080466085,0.4056489741418615
0,0.3670828604429414,0.4084645037460222
0,0.3835666390602219,0.41242062966685533
0,0.5153348330096843,0.41387928746200775
0,0.3547162552816859,0.40823759383199004
0,0.3645504243446394,0.4048868874528923
0,0.3589334238035975,0.4043908879075475
0,0.37590582195024175,0.40253815668235865
0,0.3353696293660404,0.41170232478001856
0,0.3385439628423116,0.40613998074583463
0,0.3777720081816894,0.3958565739583868
0,0.3232124897775095,0.3914621441858622
0,0.37841160438659394,0.39307780739784143
0,0.32802086714423284,0.3969016228929493
0,0.3774165331303215,0.4016889895323413
0,0.43561994953216676,0.3885136188982486
0,0.37167890538848164,0.3885455109526368
0,0.32667032746859515,0.3855220189010158
0,0.3696234194012985,0.3906961083247345
0,0.37489227779557155,0.39161236352687956
0,0.36088624787590606,0.39161236352687956
0,0.3857795277667147,0.3911695933326884
0,0.5172105516091888,0.3911695933326884
0,0.37342117641642286,0.38895281302994844
0,0.3428348957818337,0.390200237216572
0,0.346358150564989,0.39183333364321965
0,0.3780067707975288,0.39121637006829185
0,0.3232124897775095,0.3866669970267789
0,0.3799227239937144,0.396702327087193
0,0.32802086714423284,0.3896868473794438
0,0.3774165331303215,0.39943040672974356
0,0.3696868094148128,0.41783542867915585
0,0.35238568055358693,0.4197223051921399
0,0.43458997860076914,0.4170447752082106
0,0.33410033515654625,0.41907279763982086
0,0.3346683241268408,0.4265613002790937
0,0.3441289998335995,0.4326669510827768
0,0.32429212080466085,0.4337722099756067
0,0.3683766875347728,0.43586993372747795
0,0.38892695141475186,0.4405842371973164
0,0.512023364712422,0.44089123831810373
0,0.35926311568259334,0.4361276001018565
0,0.3728073835421668,0.4326931463619021
0,0.3513724866883431,0.4339273980884824
0,0.38461110525751996,0.43201939734436046
0,0.33517237142535256,0.4364373820692023
0,0.3385439628423116,0.3941746854698272
0,0.37789589404278773,0.3942378692212435
0,0.3233023030899085,0.39213503479820233
0,0.37403115358302075,0.39439243215804626
0,0.32802086714423284,0.39833369929398865
0,0.37247984485490926,0.40371743504261354
0,0.44099351460268815,0.38885819874317135
0,0.377556360596373,0.3922156934105097
0,0.32667032746859515,0.3876544872750031
0,0.37070122027898617,0.4165600426392489
0,0.38348367079987933,0.4151576000719493
0,0.35591530529268267,0.412355297575556
0,0.39085114273952576,0.39279180260070523
0,0.5158525473324722,0.39279180260070523
0,0.38110017763223897,0.39234769889277354
0,0.3444763116173001,0.39265894629500586
0,0.34647534097862176,0.3938972988060831
0,0.3780067707975288,0.39273182914207155
0,0.3232124897775095,0.3880290068391528
0,0.37403115358302075,0.3995273753972877
0,0.32802086714423284,0.38925542865965385
0,0.371596835175866,0.4010258025961215
0,0.35238568055358693,0.3914413542753337
0,0.4423162145887429,0.3924098287612866
0,0.33410033515654625,0.388510583274237
0,0.3346683241268408,0.3851173605778681
0,0.3441289998335995,0.38743755864410095
0,0.32429212080466085,0.3889503635939646
0,0.3949998201112138,0.3889165514517575
0,0.3888491601514538,0.3954396461949066
0,0.5147800990048219,0.3947389978781705
0,0.3579803310876851,0.39574131294656095
0,0.3699626524374273,0.3902005393965098
0,0.3498876463229468,0.388515447548968
0,0.38229120691485624,0.38754824893747636
0,0.33534381433898514,0.39074961047068013
0,0.33875609406778157,0.3964034608242788
0,0.3795623685523948,0.400440281108382
0,0.3233023030899085,0.395838622086045
0,0.3717052999292138,0.3995514875393671
0,0.32802086714423284,0.40199534303322954
0,0.37082052533190507,0.4081040400719773
0,0.4101661592955542,0.3959102583704735
0,0.5052362928549962,0.40307267292022697
0,0.45268975171946196,0.40340020409110905
0,0.40076826052124065,0.40196808907833353
0,0.327085876761652,0.4013463520743177
0,0.37196039614798404,0.40174957329518896
0,0.3735933444275105,0.40579532345358366
0,0.355458809912514,0.40307856672840037
0,0.39044036069443566,0.4012953416284917
0,0.5154632440673885,0.40102392252162433
0,0.37057113106375406,0.40287602798108013
0,0.3428348957818337,0.4078957435807172
0,0.346358150564989,0.4038277014868601
0,0.3800433113843766,0.40643511953640216
0,0.3232124897775095,0.40376250506051525
0,0.37338677296587497,0.40155771966820575
0,0.32802086714423284,0.40202037169134897
0,0.3721388220048192,0.40828767522221254
0,0.35332906946921827,0.40129266249894663
0,0.4502426979546713,0.4018483770665963
0,0.33410033515654625,0.3960363562192721
0,0.3346683241268408,0.3934317873949414
0,0.3441289998335995,0.39432590672291506
0,0.32429212080466085,0.39758871873133794
0,0.3994371466564373,0.39587382142996785
0,0.38850555522573316,0.39747644246527875
0,0.5101006165502819,0.39696851066516287
0,0.357960108071858,0.3983833630920175
0,0.3689821947830146,0.39705418855293906
0,0.3453359500070934,0.39994904074141646
0,0.3800325112672258,0.3953638819285042
0,0.3355816310129301,0.3996756783078883
0,0.33875609406778157,0.405255592283011
0,0.3766796278083119,0.4053501537461483
0,0.3233023030899085,0.4019686976965705
0,0.3748469126753235,0.4063258329691721
0,0.32802086714423284,0.407765890983401
0,0.37395466005939915,0.4140401529777989
0,0.3696868094148128,0.4364694780571703
0,0.4587076912310716,0.4364667152870218
0,0.40254703200324204,0.4316265803919208
0,0.327085876761652,0.430514304308449
0,0.37117816400706716,0.43096877484103135
0,0.3701402930677989,0.43096877484103135
0,0.3514982641074408,0.43096877484103135
0,0.5201880939831506,0.43096877484103135
0,0.3750294964141436,0.43186742905507247
0,0.34435323940499996,0.43186742905507247
0,0.3875666398372337,0.43577745562879905
0,0.3473976749980265,0.44450946748647185
0,0.3778142776442099,0.43834146300572924
0,0.3232124897775095,0.43408209656416613
0,0.37395829156837285,0.4351752108690624
0,0.32802086714423284,0.40741436623225646
0,0.37395466005939915,0.4136262652125658
0,0.35238568055358693,0.40565713057569414
0,0.4449386495369763,0.4062516271681109
0,0.33410033515654625,0.40109949332754574
0,0.3346683241268408,0.39726415428734774
0,0.3441289998335995,0.39816033416688373
0,0.32429212080466085,0.40101454554303867
0,0.40081612989466037,0.3987456629221584
0,0.3841369299522586,0.3993586369419158
0,0.5085647715112792,0.3985439632626633
0,0.35696464212740714,0.3993586369419158
0,0.35770129408713663,0.39923513288892887
0,0.34740419647404525,0.40060776587976643
0,0.3768711236498859,0.39798479675467074
0,0.33714742914309087,0.40314101526145685
0,0.3431096667889683,0.41107647397503494
0,0.3765561406765784,0.41145843281043215
0,0.3232124897775095,0.40599606342609285
0,0.3793206845169328,0.40921456312040294
0,0.32802086714423284,0.40958861943653896
0,0.3778996206652054,0.41751350384966285
0,0.4708337779066236,0.40075872020745246
0,0.3886876542162253,0.4035127364485662
0,0.327085876761652,0.4045744474829591
0,0.37403182581357214,0.4284978827256686
0,0.36845391920051673,0.42862135476484736
0,0.3535730952691079,0.4259038399257062
0,0.5177981300233298,0.4299081118461228
0,0.3797884038964563,0.4069183466055838
0,0.3427124100036986,0.4069183466055838
0,0.37284638458582553,0.40561651252227887
0,0.3494627803789739,0.4049253164745776
0,0.3778142776442099,0.4046582921492557
0,0.3232124897775095,0.3999201760444022
0,0.38022204804908244,0.41211862518985276
0,0.32802086714423284,0.40627944700773944
0,0.377535238320582,0.41490459369007804
0,0.3477612032678303,0.4052788471998581
0,0.38474329050981126,0.4039669079074701
0,0.47120739831373315,0.40091623448347546
0,0.33410033515654625,0.40387174626196415
0,0.3346683241268408,0.40897387964915133
0,0.3441289998335995,0.41374132665231833
0,0.32367930172489423,0.4162016448937314
0,0.39860078400015186,0.4150794104624073
0,0.3748347902053755,0.41545778862335137
0,0.5087315493118533,0.4146598641581231
0,0.3590433248576244,0.41361993730894847
0,0.3644527944887727,0.4162541196989937
0,0.3441138239826261,0.4109648706389075
0,0.39211338934486045,0.4147176676669036
0,0.3361729068002892,0.42308391956627656
0,0.3431096667889683,0.4233647616641733
0,0.3765561406765784,0.4128095093525071
0,0.3232124897775095,0.4082996175030515
0,0.38294988579603656,0.4100280401105926
0,0.32802086714423284,0.4109694897297164
0,0.3799779235145147,0.41679074568708496
0,0.4454578597293838,0.4040349380179071
0,0.3998667486790346,0.4063177587833781
0,0.327085876761652,0.40605264724192636
0,0.3657599804292958,0.43026365783220555
0,0.3789685920555506,0.43026365783220555
0,0.3503928309994191,0.42753573057915567
0,0.37431837028149995,0.4080212914271452
0,0.5143254038564036,0.4081879828139267
0,0.3837576309461375,0.40560001819638086
0,0.34435323940499996,0.4054628296918031
0,0.3495810212452999,0.4061446310367273
0,0.3742215444651421,0.4070646807152945
0,0.3232124897775095,0.4033104607854951
0,0.38294988579603656,0.41335960030447894
0,0.32802086714423284,0.40750283913928503
0,0.3799779235145147,0.4136262652125658
0,0.3696868094148128,0.4373559947688772
0,0.3476051207183164,0.4364130044909909
0,0.43137779208139493,0.4333693529219319
0,0.33410033515654625,0.43081796197323535
0,0.3346683241268408,0.4374322158594982
0,0.3441289998335995,0.4415068340123775
0,0.32429212080466085,0.4431549034414602
0,0.40205595398797644,0.4430459386940532
0,0.3742082272741116,0.4434781968399619
0,0.5113368688316938,0.4449618092404722
0,0.3570930688976483,0.4413560892363995
0,0.3713912632581944,0.44464156034599694
0,0.34444623928599366,0.44453756219304014
0,0.38777488558855094,0.4458173935315255
0,0.3347456445405966,0.4500906292812058
0,0.34281548904578163,0.4110427013141928
0,0.38006776039758783,0.412489452841514
0,0.3232124897775095,0.4082996175030515
0,0.380672811111966,0.4096527747034759
0,0.32802086714423284,0.4109694897297164
0,0.377535238320582,0.41794921030731935
0,0.4324001501848303,0.40627130850966164
0,0.40140418988819127,0.40738225916889503
0,0.327085876761652,0.40806618018629603
0,0.3801217046039297,0.4311715774639078
0,0.364278900507266,0.4311715774639078
0,0.35312125152778995,0.428437893882937
0,0.3755492455764203,0.4089658820192708
0,0.5094689226880982,0.40913295930531546
0,0.38130076372448646,0.4078724133366209
0,0.3417349343901463,0.40773445622633037
0,0.3494627803789739,0.4084200773986542
0,0.3811145258616802,0.410577905702364
0,0.3232124897775095,0.4063313524902294
0,0.3793206845169328,0.4156754689059657
0,0.32802086714423284,0.4097858949325562
0,0.3778996206652054,0.4159436278180319
0,0.3476051207183164,0.4091702320509209
0,0.4324304881908645,0.4100791402816075
0,0.33410033515654625,0.4042477800557244
0,0.3346683241268408,0.4001155341806286
0,0.3441289998335995,0.40134009485668715
0,0.32429212080466085,0.4045841568756901
0,0.40338144938078574,0.40132919270262535
0,0.3745190223120893,0.4017710439535374
0,0.5111556565960679,0.40162519908662353
0,0.3623444108339644,0.4017710439535374
0,0.35657680886026705,0.4022098346451499
0,0.3489400167821398,0.4035618017255627
0,0.3910330210650195,0.40159983092590773
0,0.33455306944261076,0.40523778567258856
0,0.41664081166581635,0.41125847302697977
0,0.38071534714230504,0.41359132767477824
0,0.3232124897775095,0.4097100815025159
0,0.37784311814156796,0.4112653614843527
0,0.32802086714423284,0.4130537884634474
0,0.3764275897542913,0.41912583745854975
0,0.43734311469001963,0.41049568400179237
0,0.5279249591686189,0.4188181235905089
0,0.4024420504019566,0.4201419735947844
0,0.4015400051504285,0.41461846038217953
0,0.327085876761652,0.41428980641942337
0,0.3800934248211935,0.4150188561513798
0,0.38344441888228736,0.4189147044854975
0,0.3465567030764655,0.4163917445653243
0,0.5172232844920307,0.4150188561513798
0,0.3873175166897191,0.41454962178432314
0,0.34337108385958953,0.4160577090583056
0,0.3761756289442552,0.4210412570051812
0,0.42238471775292236,0.41884750865606735
0,0.38193524895058845,0.4230188901895903
0,0.3232124897775095,0.4201475736978342
0,0.3774823711882347,0.41721994021382114
0,0.32802086714423284,0.41779106976031904
0,0.3743710945682742,0.42542775522601284
0,0.3474875481725681,0.41913003619551453
0,0.40282597152855965,0.4179161370468341
0,0.33410033515654625,0.41112803795850705
0,0.3346683241268408,0.40768129489789834
0,0.3441289998335995,0.40800071388131254
0,0.32429212080466085,0.41043245524563843
0,0.40338144938078574,0.40908901744397635
0,0.37557680987157177,0.40913412899641677
0,0.5076117882539753,0.40905835268356633
0,0.3851747939403555,0.40919675773473313
0,0.3636448781939079,0.40771748298222216
0,0.4009022603770475,0.41170166066081354
0,0.3437616653179747,0.4079148747850717
0,0.3361858258263168,0.41170166066081354
0,0.41756653874926286,0.4209111762108963
0,0.3817029712562499,0.4241572452282143
0,0.3232124897775095,0.4192424477039851
0,0.378431209939077,0.42063458743475446
0,0.32802086714423284,0.4217024881362065
0,0.3786668783318129,0.4269863853459963
0,0.3695617680482683,0.4498640373611457
0,0.4071100149969636,0.44986523175580595
0,0.40132076782264675,0.4432642777465479
0,0.327085876761652,0.4439777567139098
0,0.37261331297187456,0.4439562454515595
0,0.4288970749207447,0.4439562454515595
0,0.3532963651063266,0.4439562454515595
0,0.5082089342880276,0.4439562454515595
0,0.38494413761247975,0.4413035015260832
0,0.3417349343901463,0.4425694205404835
0,0.37733516115892657,0.44395199017499987
0,0.34933885059410774,0.45101647208097934
0,0.3807849690956259,0.4475570085046459
0,0.3232124897775095,0.4433579452002263
0,0.3772898170921185,0.4449985085707498
0,0.32802086714423284,0.4164887526065701
0,0.377976564799958,0.4230367344480963
0,0.3476051207183164,0.4172317454679758
0,0.43801515535711644,0.41777478278818464
0,0.33410033515654625,0.41112803795850705
0,0.3346683241268408,0.40768129489789834
0,0.3441289998335995,0.40800071388131254
0,0.32429212080466085,0.41043245524563843
0,0.3973635617347142,0.4081032988431955
0,0.3646211869220041,0.41361807451984456
0,0.39531584295325467,0.41476431688718446
0,0.3506617737541155,0.4141547581108797
0,0.3762935768240675,0.410146079323705
0,0.5224221209194867,0.40843613683092894
0,0.39750518754124964,0.4053098253306911
0,0.3401033440449336,0.4088597655391367
0,0.3468010601936328,0.4137356798143736
0,0.3861750265025904,0.4134169690875009
0,0.3232124897775095,0.4151820601811992
0,0.37395268464693493,0.4179957546765483
0,0.32802086714423284,0.42114337355744086
0,0.37780096498819227,0.4276519055727185
0,0.44286582761051235,0.4128673248601115
0,0.3775730481681371,0.4146228969267599
0,0.327085876761652,0.41544198838501173
0,0.3843445468220149,0.4402396169016827
0,0.4144165922782175,0.4402396169016827
0,0.364679377930065,0.43633183347742505
0,0.5482520203403629,0.4171300844557678
0,0.40073359967560024,0.4171300844557678
0,0.35125436940843674,0.4171300844557678
0,0.3765890081454125,0.4158740756599387
0,0.357732542401005,0.4153310667827551
0,0.38355965765080774,0.41722237409496893
0,0.3233023030899085,0.41273533544329855
0,0.373868568644622,0.42397361509673814
0,0.32802086714423284,0.41722849519311517
0,0.3774458912669999,0.422521704822038
0,0.3474875481725681,0.41618935250560807
0,0.38276541821009835,0.410942075933209
0,0.4441581879586691,0.41062425658183005
0,0.33410033515654625,0.4112076882044308
0,0.3346683241268408,0.4153363177666618
0,0.3441289998335995,0.4222522228244464
0,0.32429212080466085,0.4235392616946976
0,0.35683520717129613,0.42501297764248275
0,0.3749251146520194,0.4264274956683528
0,0.532573952205335,0.4266037435420066
0,0.39578700677081474,0.4240619186929483
0,0.36969163472516625,0.4274359486687707
0,0.4118465840136221,0.42543543246143717
0,0.36358863924814044,0.42688904659362986
0,0.3438751646624403,0.4332265216081552
0,0.35041005407475784,0.4315122936530023
0,0.3809812455176244,0.42300336956777757
0,0.3232124897775095,0.41684464502035407
0,0.37337114074827094,0.41825767029582667
0,0.32802086714423284,0.4220272145567605
0,0.37504764897957094,0.42753672333250997
0,0.451043627963484,0.41553133884059046
0,0.36005091994409133,0.41510788553667977
0,0.327085876761652,0.4155922613222583
0,0.3820814153094046,0.4408501961688742
0,0.4107097273183405,0.4408669949927778
0,0.3580979457943312,0.43693699294265437
0,0.5306493766326181,0.4182626214798161
0,0.3901783513410055,0.4182626214798161
0,0.34992078621043293,0.4182626214798161
0,0.37819326509996576,0.41683291128253186
0,0.35684937927919014,0.41628865044884195
0,0.38036050042023706,0.41958842337654406
0,0.3232124897775095,0.41368693441396764
0,0.37337114074827094,0.4249511249464426
0,0.32802086714423284,0.4177243895438288
0,0.37504764897957094,0.4242407905852698
0,0.3695617680482683,0.44536260326993515
0,0.3476051207183164,0.44630693308224667
0,0.4502742878273425,0.44032217172313914
0,0.33410033515654625,0.43890804352327256
0,0.3346683241268408,0.44533647856771363
0,0.3441289998335995,0.4515259880446456
0,0.32429212080466085,0.4529548675728375
0,0.3622671379102268,0.45332125197211093
0,0.3760480318714475,0.4593414850770617
0,0.5314052046649077,0.4599356155271918
0,0.37525519153460685,0.45750695696352184
0,0.4094014716387817,0.454685413107755
0,0.3368016659466794,0.4555852189104563
0,0.3984983983998534,0.45624202914191536
0,0.34481147288689906,0.45781586842682176
0,0.3512653369511706,0.4194064767330328
0,0.38077355182999406,0.42001464386468035
0,0.3232124897775095,0.4149715869063642
0,0.37075428509864056,0.4190874467147783
0,0.32802086714423284,0.42239771997681885
0,0.3703497199258869,0.42805684986342596
0,0.46032948307893323,0.41553133884059046
0,0.3661883140575758,0.41664234662883504
0,0.327085876761652,0.4177948915121964
0,0.3662212767047074,0.4408501961688742
0,0.427552779236314,0.4408501961688742
0,0.3384631324602213,0.4380551488932095
0,0.37713609468903114,0.4256048059089036
0,0.5403899126789323,0.4256048059089036
0,0.39262134385349956,0.42451843003245454
0,0.34093739754544466,0.42531694491398286
0,0.3520366772025691,0.42142528460458795
0,0.3819661915849172,0.41772617112857346
0,0.3232124897775095,0.41539849776604026
0,0.3730111249021553,0.4249965720690378
0,0.32802086714423284,0.4176103914158085
0,0.3742381596208889,0.42354999186623427
0,0.3476051207183164,0.4169654730201194
0,0.47072964136149403,0.4177134727742734
0,0.33410033515654625,0.41091686333237565
0,0.3346683241268408,0.4068442192925782
0,0.3441289998335995,0.4077879581055513
0,0.32429212080466085,0.409454416064265
0,0.36705898731791026,0.4083788959508362
0,0.37401205293903195,0.4084965706864028
0,0.5446700793486494,0.40797455635719376
0,0.38967701596931925,0.4081125947054561
0,0.3515021503973319,0.4075504712199053
0,0.40551683012739626,0.4109152799189111
0,0.3363976762642625,0.4077472698042135
0,0.34418906932421495,0.41084588538267447
0,0.3490946908092157,0.4208439535215212
0,0.3778890636331802,0.42245252686181867
0,0.3233023030899085,0.4155662039780409
0,0.3730111249021553,0.4190874467147783
0,0.32802086714423284,0.4226623938620718
0,0.3742381596208889,0.42805684986342596
0,0.44173864791782685,0.4165615600013635
0,0.5194488549756929,0.422406495699107
0,0.4722698834911115,0.42407199409147595
0,0.3655048958481873,0.4173496289353104
0,0.327085876761652,0.4167367562756689
0,0.3769434355819877,0.4174701120468017
0,0.4257903827755329,0.4213889707117877
0,0.340003112841393,0.4188511092509097
0,0.5332065519627988,0.4174701120468017
0,0.38438413357573004,0.4174701120468017
0,0.34992078621043293,0.41888077699904247
0,0.3744962046936697,0.4237257089575107
0,0.3563800178522368,0.4215179738269574
0,0.3777689344938955,0.42407199409147595
0,0.3232124897775095,0.42145512220846665
0,0.3731373333599197,0.4179947889850701
0,0.32802086714423284,0.4179957030880071
0,0.37504764897957094,0.42330552805786126
0,0.3474875481725681,0.4168244403102134
0,0.4727218502878378,0.4185153406114054
0,0.334123776263076,0.4113204111938372
0,0.3346683241268408,0.40781123014499254
0,0.3441289998335995,0.4111584796745313
0,0.32429212080466085,0.4128387115379963
0,0.3540975399718515,0.4117543018444115
0,0.37197656519802486,0.4300049593452124
0,0.5328085308753784,0.41218463747210154
0,0.3665732102640973,0.41359263604064045
0,0.4215734051108722,0.4122260131774099
0,0.3433141976554778,0.41275116164091813
0,0.38981716316354476,0.4103244223924315
0,0.3444854480113438,0.4138213597889691
0,0.35135241328062733,0.4210466122485924
0,0.3714518172384592,0.42441851842295314
0,0.3233023030899085,0.41953980619628534
0,0.3807722070973965,0.42236731933977145
0,0.32802086714423284,0.4251210453988866
0,0.38117385078168436,0.430287547210526
0,0.3696868094148128,0.45317620858231905
0,0.44863477272205576,0.45428779205461567
0,0.35237313932718484,0.4489737562468894
0,0.327085876761652,0.44588512903279887
0,0.37282843188995646,0.4710518976971243
0,0.40355749864198376,0.46805656867151846
0,0.34084074762713146,0.46586247533623065
0,0.536296993766528,0.4478720601998601
0,0.3785087500005406,0.4478720601998601
0,0.35096582823306516,0.4478720601998601
0,0.36374052577178334,0.451958098011075
0,0.3563800178522368,0.4563372265387431
0,0.37248625141505964,0.45089044789217225
0,0.3232124897775095,0.44763985651881855
0,0.3721431340511197,0.4498848882685701
0,0.32802086714423284,0.4191203265572885
0,0.37381412829617067,0.42330552805786126
0,0.34737001539408063,0.41721350023155135
0,0.4343265028362326,0.4220921547430609
0,0.33410033515654625,0.4152140173397588
0,0.3346683241268408,0.41137291021724937
0,0.3441289998335995,0.4116099463105299
0,0.32429212080466085,0.41434171175498324
0,0.3455089658563792,0.4117543018444115
0,0.36249516156621514,0.4176505847867707
0,0.38774427063550393,0.4203371324255923
0,0.3342249176605721,0.4174601805946329
0,0.5388604295805721,0.4126516883611744
0,0.36773032026062724,0.4145432785717623
0,0.34477296312730493,0.4128979922084809
0,0.3621712296097741,0.41229696840710156
0,0.3536643580968077,0.4173232188416948
0,0.37943582992596797,0.41841316501861
0,0.3232124897775095,0.41750456236745886
0,0.36804090470882134,0.4198833037665242
0,0.32802086714423284,0.42262083468434397
0,0.36858340350079766,0.42805684986342596
0,0.4353558493345048,0.41729996804372343
0,0.3470411422127491,0.41765429736256837
0,0.327085876761652,0.4150323228842981
0,0.38055645115773057,0.41664621671708557
0,0.3886263737348723,0.4168738850787516
0,0.3382744430980952,0.41800546794446997
0,0.5436697304140043,0.41800546794446997
0,0.36199730426129123,0.41800546794446997
0,0.34992078621043293,0.41800546794446997
0,0.36027988490310014,0.41663893120355294
0,0.35659966248042196,0.41852706413034163
0,0.3491591326752444,0.4212135820034062
0,0.3232124897775095,0.41671366344008326
0,0.3672712768069398,0.4259586237855008
0,0.32802086714423284,0.41864921184836273
0,0.3691997537216418,0.4255519236769965
0,0.3477612032678303,0.4168244403102134
0,0.423199662638939,0.41258402316601867
0,0.4343265028362326,0.41107589182439136
0,0.33410033515654625,0.4113970915360116
0,0.3346683241268408,0.41652112486878995
0,0.3441289998335995,0.4225529445527427
0,0.32429212080466085,0.42415142093638847
0,0.3553912013754441,0.42507825852528697
0,0.35775493450279466,0.42985838223535144
0,0.5323948026120273,0.4289393026322095
0,0.37146768896538074,0.4274452764740873
0,0.3726112198439614,0.42706661705358273
0,0.3374890023664934,0.4236097856637069
0,0.3689827715000319,0.42683406936087814
0,0.3444854480113438,0.4340969679527432
0,0.35135241328062733,0.4317794981982908
0,0.3516638252413976,0.4254554626172273
0,0.3232124897775095,0.4193696316291117
0,0.3670024493762105,0.42266374692564795
0,0.32802086714423284,0.4245087592704474
0,0.3730312593737379,0.4312978946549704
0,0.41538071422487555,0.4193059476876641
0,0.35576800303896483,0.4198171215651979
0,0.327085876761652,0.4211777731604932
0,0.3841028840032797,0.44574180312938416
0,0.4039311423214718,0.45165208896327325
0,0.34372029238730545,0.4505187074518516
0,0.5336193190123412,0.4418042840207379
0,0.361462917189194,0.42322596395038253
0,0.35096582823306516,0.422365498463974
0,0.35730550688496127,0.42084231582189835
0,0.35440321798797747,0.4198694854346429
0,0.3523101267605982,0.42258429395355707
0,0.3232124897775095,0.41857519961153433
0,0.3678823508584589,0.42771674076220156
0,0.32802086714423284,0.42063418668827474
0,0.3744111607431651,0.4263362621579817
0,0.3696868094148128,0.44795331180618664
0,0.3476051207183164,0.4466950056636265
0,0.4009290418167424,0.4444806291552101
0,0.33410033515654625,0.44248775276493535
0,0.3346683241268408,0.4485693046804577
0,0.3441289998335995,0.45735387501449176
0,0.32429212080466085,0.4588980392958097
0,0.3543582578760542,0.45986467966644906
0,0.3533494194304602,0.46010114856688944
0,0.5357856832739326,0.4620963373093085
0,0.3702117001880772,0.46084850474045924
0,0.37774839293443774,0.46007124653645065
0,0.38880510457420914,0.45940000833225453
0,0.3608762900308014,0.45811468317645637
0,0.3435327751692663,0.4614399517487875
0,0.34571354129498205,0.42488144108309533
0,0.3516638252413976,0.4233739596707021
1,0.5877471363140474,0.5229673605398044
1,0.5877471363140474,0.5210937128955518
0,0.3232124897775095,0.5227685770040938
1,0.5877471363140474,0.5259793536645643
1,0.593956960873063,0.5186666062153109
1,0.593956960873063,0.5207685505188634
0,0.3281165846221462,0.5212973361122001
1,0.593956960873063,0.5261483311059082
0,0.36863172531122385,0.5261483311059082
1,0.593956960873063,0.5300236515834907
0,0.3721716444931564,0.5275870654959166
1,0.593956960873063,0.5314549007934887
1,0.593956960873063,0.5376592608191043
1,0.593956960873063,0.5449012998215932
1,0.593956960873063,0.5475125001627882
1,0.593956960873063,0.5567254738106014
1,0.593956960873063,0.5616566269361208
0,0.3948282023823347,0.5571293154384472
1,0.593956960873063,0.576355065719501
1,0.593956960873063,0.5744561868120086
0,0.35463873477858676,0.5744561868120086
1,0.593956960873063,0.5800085897976607
0,0.3251621033960466,0.581794145786376
1,0.593956960873063,0.5893495017729528
1,0.593956960873063,0.5945233837398405
0,0.40026890638292784,0.5932584091730801
1,0.593956960873063,0.6013995308318495
0,0.37236182481988034,0.6011717864426238
1,0.593956960873063,0.6055986237129762
0,0.35649335263929116,0.6082086622535663
1,0.593956960873063,0.6070789118379962
0,0.5417950390880257,0.6059921910629334
1,0.5933544719244064,0.6036710739378176
0,0.38508772709716277,0.6038753262781698
1,0.5933544719244064,0.6074731610542928
0,0.3405151913341596,0.6107217028165847
1,0.5933544719244064,0.6121745381230588
0,0.3591068606757446,0.6113418263583495
1,0.5933544719244064,0.6127456202310111
0,0.3232124897775095,0.6152381278051896
1,0.5933544719244064,0.6164595174732299
0,0.35424613089415435,0.6170854671612256
1,0.5933544719244064,0.6185534411167427
0,0.3281165846221462,0.6179260023678499
1,0.5933544719244064,0.6166730335795432
0,0.3742658698798486,0.6166730335795432
1,0.5933544719244064,0.6158391328418276
0,0.38071672385208916,0.6172391873180899
1,0.4710678494852615,0.6169994506908202
0,0.36501712073004516,0.6172082126925797
1,0.4710678494852615,0.6168340344970936
1,0.4710678494852615,0.61969379402312
1,0.4710678494852615,0.6200446137435255
0,0.3476051207183164,0.6210942854861641
1,0.4710678494852615,0.6200750324672036
1,0.4710678494852615,0.615599654523077
0,0.4148657018262669,0.6264858436742095
1,0.4710678494852615,0.6263668264808907
1,0.4710678494852615,0.6266610299393081
0,0.334123776263076,0.6267153356301198
1,0.4710678494852615,0.6270851636817172
0,0.3346683241268408,0.6270851636817172
1,0.4710678494852615,0.6290603619052131
0,0.34368105816638317,0.6290603619052131
1,0.4710678494852615,0.6290603619052131
0,0.3247554501633367,0.6290603619052131
1,0.4710678494852615,0.632613853115284
0,0.34584450665305194,0.6348121332038595
1,0.4710678494852615,0.6350269221336075
0,0.5404045671561964,0.635886804837704
1,0.4710678494852615,0.6393011163073542
0,0.37289952502348495,0.6382206743639867
1,0.4710678494852615,0.6388687202139849
0,0.3841436903683717,0.6395174240862639
1,0.4710678494852615,0.6429401912023968
0,0.35803839297484186,0.6429401912023968
1,0.4710678494852615,0.6427227257206243
0,0.37202866330733675,0.6427227257206243
1,0.4710678494852615,0.6427227257206243
0,0.34481147288689906,0.6431577302636986
1,0.4710678494852615,0.6429401912023968
0,0.32364761974510214,0.6429401912023968
1,0.4710678494852615,0.6450524534823802
0,0.360672293019585,0.6450524534823802
1,0.4710678494852615,0.6454890348207348
0,0.35124084134981276,0.6454890348207348
1,0.4710678494852615,0.6472383170237996
0,0.32903864605528443,0.6470193977613874
1,0.4710678494852615,0.6457074362842566
0,0.3751237752829819,0.6457074362842566
1,0.4710678494852615,0.6470647938566132
0,0.38247955659718336,0.6468459332859732
1,0.4710678494852615,0.6460088207567644
0,0.4752094006321073,0.6462199798077999
1,0.4710678494852615,0.6484604846139715
0,0.5201157424421939,0.6531264537278825
1,0.4710678494852615,0.6564523759446799
0,0.3974490688426145,0.6564523759446799
1,0.4710678494852615,0.6572854305183203
0,0.36245483499959913,0.6572854305183203
1,0.4710678494852615,0.6562709673487023
0,0.32583405565116474,0.6570631129610024
1,0.4710678494852615,0.6556052692742649
0,0.343842673157767,0.6556052692742649
1,0.4710678494852615,0.6560489929192909
0,0.38942368010990613,0.6560489929192909
1,0.4710678494852615,0.6588727027306117
0,0.5414071511557947,0.6586498483007804
1,0.4710678494852615,0.6584270692483274
0,0.3882649179040038,0.6584270692483274
1,0.4710678494852615,0.655316062876987
0,0.34937015428055007,0.655316062876987
1,0.4710678494852615,0.6533684288227203
0,0.3808344389013772,0.6533684288227203
1,0.4710678494852615,0.6518230488333071
0,0.3620092733348328,0.6518230488333071
1,0.4710678494852615,0.6513821834371828
0,0.3422730501427915,0.6513821834371828
1,0.4710678494852615,0.6507688332137195
0,0.3238270943606498,0.6507688332137195
1,0.4710678494852615,0.6546823718509787
0,0.3467903531927006,0.6546823718509787
1,0.4710678494852615,0.6546823718509787
0,0.38530727019029,0.6546823718509787
1,0.4710678494852615,0.6546823718509787
0,0.32804469656792623,0.6546823718509787
1,0.4710678494852615,0.6540182851916678
0,0.39437747767442255,0.6540182851916678
1,0.4710678494852615,0.6537970727003298
0,0.3649999525521507,0.6540182851916678
1,0.4710678494852615,0.6596884522546469
1,0.4710678494852615,0.6604313549564875
0,0.3477612032678303,0.6606548121597818
1,0.4710678494852615,0.660207973334451
1,0.4710678494852615,0.660878344969907
0,0.4013560319149696,0.660878344969907
1,0.4710678494852615,0.6595713806624628
1,0.4710678494852615,0.6597945468931236
1,0.4710678494852615,0.6619971440186535
0,0.334123776263076,0.6619971440186535
1,0.4710678494852615,0.6617075606706219
0,0.3346683241268408,0.6623794549790167
1,0.4710678494852615,0.6626447559714037
0,0.3440126030368761,0.662420625697588
1,0.4710678494852615,0.6619725925510588
0,0.3258225408828038,0.6619725925510588
1,0.4710678494852615,0.6621965712326868
0,0.34192129525715514,0.6518581643245589
1,0.4710678494852615,0.6487910525846728
0,0.5388014213876866,0.6496695731406451
1,0.4710678494852615,0.6483522379018973
0,0.37011636517968466,0.6481329418714067
1,0.4710678494852615,0.6476945723067361
0,0.3441539044795764,0.6479137200147157
1,0.4710678494852615,0.6485716081312843
0,0.3698187784573507,0.6485716081312843
1,0.4710678494852615,0.6473819358835355
0,0.36136015239144603,0.647162968044063
1,0.4710678494852615,0.6466798822542673
0,0.34455459690705176,0.6466798822542673
1,0.4710678494852615,0.6450214501269751
0,0.32417297154128527,0.6445851850430265
1,0.4710678494852615,0.6426128040707476
0,0.3964917467760853,0.6423954493230704
0,0.3503521855652032,0.6423954493230704
1,0.4710678494852615,0.6415267652556218
0,0.3288783979767459,0.6437006814378589
1,0.4710678494852615,0.6534709319366361
0,0.3728967247268059,0.6530289519824451
1,0.4710678494852615,0.651484374940791
0,0.38088349652597686,0.651484374940791
1,0.4710678494852615,0.651484374940791
0,0.35985755869240427,0.651484374940791
1,0.4710678494852615,0.6519253095016834
0,0.3696868094148128,0.6541500714315673
1,0.4710678494852615,0.654397885803166
0,0.42432292202733135,0.6546652308985894
1,0.4710678494852615,0.6540713536507341
1,0.4710678494852615,0.655566370002998
0,0.35075030989904743,0.6573429618924209
1,0.4710678494852615,0.6593804727307147
0,0.32599874933468176,0.6597936397136879
1,0.4710678494852615,0.6576661099013685
1,0.4710678494852615,0.6632285475480275
0,0.38372028965258614,0.6627799679575098
1,0.4710678494852615,0.6640130130035293
0,0.35255600281153865,0.6642789682803477
1,0.4710678494852615,0.6618214205463508
0,0.38671565129575886,0.6620453480788728
1,0.4710678494852615,0.6631528757190682
0,0.5367838360320507,0.6633905052568532
1,0.4710678494852615,0.6628166195524818
0,0.3559146896792058,0.6628166195524818
1,0.4710678494852615,0.6639053817753795
0,0.3407701340596793,0.6639053817753795
1,0.4710678494852615,0.6617478057895064
0,0.392666693008965,0.6622421476890734
1,0.4710678494852615,0.6600954961404877
0,0.325622485905912,0.6608121141325513
1,0.4710678494852615,0.6638979168329994
0,0.3464856864011308,0.6626029220447921
1,0.4710678494852615,0.6626029220447921
0,0.3295412905832002,0.6626029220447921
1,0.4710678494852615,0.6623788059207141
0,0.37761001329044763,0.6633167159698624
1,0.4710678494852615,0.6626438709370444
0,0.3930550998536671,0.6638122298839522
1,0.4710678494852615,0.6638122298839522
0,0.35645438640121746,0.6631388822193329
1,0.4710678494852615,0.6629145848142598
1,0.4710678494852615,0.661436691569717
1,0.4710678494852615,0.6616604889290415
0,0.3476051207183164,0.6629145848142598
1,0.4710678494852615,0.6637558400934686
0,0.4466552004427991,0.6642982871887189
1,0.4710678494852615,0.6654228758478079
1,0.4710678494852615,0.6676777678276614
1,0.4710678494852615,0.6660050830556987
0,0.3346241435840297,0.6650061838012846
1,0.4710678494852615,0.6664536621259232
0,0.3346373941475858,0.6666791569791676
1,0.4710678494852615,0.6666791569791676
0,0.3440126030368761,0.6663734637806169
1,0.4710678494852615,0.6665989314987203
0,0.3263933143361311,0.6652339799971096
1,0.4710678494852615,0.6679533407399325
0,0.3517565513460118,0.6642878046760936
1,0.4710678494852615,0.6682262237267095
0,0.5398563998630029,0.6642878046760936
1,0.4710678494852615,0.6693574619782623
0,0.3650179599275903,0.6656375181229109
1,0.4710678494852615,0.6695839393333051
0,0.377246673334921,0.6642878046760936
1,0.4710678494852615,0.6677274149119423
0,0.35227415970054476,0.66478404401735
1,0.4710678494852615,0.6677274149119423
0,0.3790285918033201,0.6640631186641501
1,0.4710678494852615,0.6675015655001877
0,0.3460242100962894,0.6640631186641501
1,0.4710678494852615,0.6677274149119423
0,0.3259702807301808,0.6642878046760936
1,0.4710678494852615,0.6675015655001877
0,0.3959541477911083,0.6642878046760936
1,0.4710678494852615,0.6679533407399325
0,0.3519795065694914,0.6652339799971096
1,0.4710678494852615,0.6679533407399325
0,0.33068349861184876,0.6645125667106357
1,0.4710678494852615,0.6691310612260013
0,0.3721141625720591,0.6645125667106357
1,0.4710678494852615,0.6686784894261938
0,0.3821661202555894,0.6633895165068195
1,0.4710678494852615,0.6640631186641501
0,0.3644756418658676,0.6684858646404088
1,0.4710678494852615,0.6647374047934989
0,0.45834321731410516,0.6690512940898117
1,0.4710678494852615,0.6692776678528315
1,0.4710678494852615,0.6654123755893672
1,0.4710678494852615,0.6647374047934989
0,0.34922482146540207,0.6680996893281843
1,0.4710678494852615,0.6658627368335176
0,0.3253691240708583,0.6696836589234128
1,0.4710678494852615,0.667488231873122
0,0.3763772369544833,0.6708644302680487
1,0.4710678494852615,0.6702974684987774
0,0.36032273048433383,0.6709114993755058
1,0.4710678494852615,0.6707511360483125
0,0.3591314649731222,0.6713184815459561
1,0.4710678494852615,0.6709780849535136
0,0.5343533603456018,0.671786259348337
1,0.4710678494852615,0.6709780849535136
0,0.3594378883308478,0.671786259348337
1,0.4710678494852615,0.6709780849535136
0,0.3422730501427915,0.6715590370895076
1,0.4710678494852615,0.6715927393139012
0,0.396826876523579,0.6717391288703844
1,0.4710678494852615,0.6713184815459561
0,0.34637219076410397,0.6724212091793305
1,0.4710678494852615,0.6722746709796766
0,0.325622485905912,0.6721937721576462
1,0.4710678494852615,0.6710914175063927
0,0.36118005571472617,0.6708173644628167
1,0.4710678494852615,0.670704078191458
0,0.3291016500526644,0.671237697787905
1,0.4710678494852615,0.6704772219651924
0,0.36887000308579104,0.6717728401326933
1,0.4710678494852615,0.6700237396794968
0,0.38044422672713796,0.6713184815459561
1,0.4710678494852615,0.6716593925025478
1,0.4710678494852615,0.6712051106469641
1,0.4710678494852615,0.6711714278747586
0,0.3474875481725681,0.6682128756242881
1,0.4710678494852615,0.6707174760577019
1,0.4710678494852615,0.6689047370506122
0,0.4703848713483207,0.6635040252656909
1,0.4710678494852615,0.6635040252656909
0,0.42418683089098713,0.6635040252656909
1,0.4710678494852615,0.6628309902329433
0,0.3346241435840297,0.6625603104931774
1,0.4710678494852615,0.6625603104931774
0,0.3346373941475858,0.6641777436946011
1,0.4710678494852615,0.6641777436946011
0,0.3440126030368761,0.6646739008175953
1,0.4710678494852615,0.6637750905469161
0,0.32499822936400524,0.6641777436946011
1,0.4710678494852615,0.6641777436946011
0,0.35953804440455545,0.6632796043561152
1,0.4710678494852615,0.6632796043561152
0,0.537505677443506,0.6632796043561152
1,0.4710678494852615,0.6641777436946011
0,0.3605724894364426,0.6646739008175953
1,0.4710678494852615,0.6646739008175953
0,0.37562442148888275,0.6637750905469161
1,0.4710678494852615,0.6637750905469161
0,0.35882112296141466,0.6632796043561152
1,0.4710678494852615,0.6632796043561152
0,0.372525970090692,0.6623362087818577
1,0.4710678494852615,0.6632796043561152
0,0.3468218112027285,0.6632796043561152
1,0.4710678494852615,0.6641777436946011
0,0.3255320280472104,0.6641777436946011
1,0.4710678494852615,0.6641777436946011
0,0.39811672775863993,0.6646739008175953
1,0.4710678494852615,0.6646739008175953
0,0.35602811316199523,0.6646739008175953
1,0.4710678494852615,0.6637750905469161
0,0.3293748147716476,0.6637750905469161
1,0.4710678494852615,0.6637750905469161
0,0.3665183181244888,0.6637750905469161
1,0.4710678494852615,0.6646739008175953
0,0.38244616634515666,0.6632796043561152
1,0.4710678494852615,0.6632796043561152
0,0.36453780613683745,0.665348807131867
1,0.4710678494852615,0.665348807131867
0,0.4771848626571116,0.6657991253519159
1,0.4710678494852615,0.6671519095307626
1,0.4710678494852615,0.6657991253519159
1,0.4710678494852615,0.665348807131867
0,0.34800149878090114,0.6660243987423907
1,0.4710678494852615,0.6669262547756132
0,0.3253691240708583,0.6662030063010005
1,0.4710678494852615,0.6657524149130498
0,0.3961158907858075,0.6675371974274633
1,0.4710678494852615,0.6675371974274633
0,0.36176434671607155,0.6682618943369942
1,0.4710678494852615,0.6682618943369942
0,0.3678488047347437,0.6677630588952943
1,0.4710678494852615,0.6668600712874209
0,0.5351144641302896,0.6673582321751511
1,0.4710678494852615,0.6673582321751511
0,0.36530153222924405,0.6678099104047155
1,0.4710678494852615,0.6680358641450873
0,0.3407701340596793,0.6675371974274633
1,0.4710678494852615,0.6675371974274633
0,0.4000038412056939,0.6675371974274633
1,0.4710678494852615,0.6675371974274633
0,0.3489722084505129,0.6680358641450873
1,0.4710678494852615,0.6680358641450873
0,0.325622485905912,0.6675371974274633
1,0.4710678494852615,0.6673114123540989
0,0.36118005571472617,0.6682150111177569
1,0.4710678494852615,0.6688935130564366
0,0.3288460026377948,0.6682150111177569
1,0.4710678494852615,0.6677630588952943
0,0.36887000308579104,0.6668600712874209
1,0.4710678494852615,0.6650770991933098
0,0.38044422672713796,0.6664090354886503
1,0.4710678494852615,0.6648987934879155
1,0.4710678494852615,0.6635505779533195
0,0.37156151786364017,0.6647134622009547
1,0.4710678494852615,0.6649383682568843
0,0.3476051207183164,0.6655668456909946
1,0.4710678494852615,0.6655668456909946
1,0.4710678494852615,0.6643567388792052
0,0.4771848626571116,0.6658387537086274
1,0.4710678494852615,0.6638678828188623
1,0.4710678494852615,0.6636433388395842
0,0.33442132397464525,0.6633723273616939
1,0.4710678494852615,0.6629236505246234
0,0.3346276016333554,0.6637285221081676
1,0.4710678494852615,0.6640925027726824
0,0.3446722767621377,0.6635040252656909
1,0.4710678494852615,0.6632410096711335
0,0.32499822936400524,0.6637285221081676
1,0.4710678494852615,0.6646272693210555
0,0.3511013918996419,0.6642243436515792
1,0.4710678494852615,0.6651237622507574
0,0.5383821556899339,0.6662163142546271
1,0.4710678494852615,0.6662163142546271
0,0.3836868214097145,0.6651237622507574
1,0.4710678494852615,0.6651237622507574
0,0.396280921442731,0.6646272693210555
1,0.4710678494852615,0.6646272693210555
0,0.35665014672818346,0.6646272693210555
1,0.4710678494852615,0.6646272693210555
0,0.3635224503707973,0.6651237622507574
1,0.4710678494852615,0.6651237622507574
0,0.34734202335326425,0.6646272693210555
1,0.4710678494852615,0.6646272693210555
0,0.3255320280472104,0.6646272693210555
1,0.4710678494852615,0.6646272693210555
0,0.405885082450867,0.6651237622507574
1,0.4710678494852615,0.6651237622507574
0,0.35602811316199523,0.6646272693210555
1,0.4710678494852615,0.6646272693210555
0,0.3287523908583382,0.6651237622507574
1,0.4710678494852615,0.6651237622507574
0,0.3686118074541981,0.6651237622507574
1,0.4710678494852615,0.6651237622507574
0,0.3688073230933756,0.6646272693210555
1,0.4710678494852615,0.664852146213591
0,0.39072252438870925,0.6657991253519159
1,0.4710678494852615,0.666249748354204
0,0.45367064872747404,0.6664751742131452
1,0.4710678494852615,0.6667006763450126
1,0.4710678494852615,0.6655739281569987
1,0.4710678494852615,0.665348807131867
0,0.3452446117611393,0.666249748354204
1,0.4710678494852615,0.6667006763450126
0,0.3253691240708583,0.6659776724990297
1,0.4710678494852615,0.6659776724990297
1,0.4710678494852615,0.6648055022118974
0,0.3890801935235796,0.6664090354886503
1,0.4710678494852615,0.6648987934879155
0,0.36315375372392794,0.6671325076342675
1,0.4710678494852615,0.6648987934879155
0,0.35784117081443867,0.6668600712874209
1,0.4710678494852615,0.665348807131867
0,0.5384313945894117,0.6673582321751511
1,0.4710678494852615,0.665348807131867
1,0.4710678494852615,0.6244274329133339
0,0.369134060434703,0.6246825339997812
0,0.3922712355923524,0.6285559487195895
1,0.4710678494852615,0.624172436002305
1,0.4710678494852615,0.624172436002305
1,0.4710678494852615,0.6218219495915671
1,0.4710678494852615,0.6218219495915671
0,0.44141997981964193,0.6222864658937962
1,0.4710678494852615,0.6222864658937962
1,0.4710678494852615,0.6218166091007002
1,0.4710678494852615,0.6211422798014704
0,0.33444478760235286,0.620932187156813
1,0.4710678494852615,0.620932187156813
0,0.3346276016333554,0.6205426566898096
1,0.4710678494852615,0.6205426566898096
0,0.3437018538426456,0.6214265238077433
1,0.4710678494852615,0.6214265238077433
0,0.32542547137047784,0.6209626494238908
0,0.349979805595952,0.6207274966642446
0,0.5385751926429971,0.6207274966642446
1,0.4710678494852615,0.6207274966642446
1,0.4710678494852615,0.6222679903677653
0,0.3667333977927039,0.6218655777865406
1,0.4710678494852615,0.6220575169673331
0,0.38093693502712705,0.6211911953831974
0,0.41693716813482673,0.6198881132483944
1,0.4710678494852615,0.6198881132483944
0,0.3513283296927941,0.6202085701674788
1,0.4710678494852615,0.6202085701674788
1,0.4710678494852615,0.6190374991112851
0,0.4337619083494574,0.6189075493004034
1,0.4710678494852615,0.6194999353604673
0,0.3628265039241724,0.619326435368866
0,0.3844113258839859,0.6087552263048118
1,0.46610862477373366,0.6069369875727979
1,0.4710678494852615,0.6062578997159291
0,0.4553181303256641,0.6063213321438151
1,0.4710678494852615,0.6045949067440458
1,0.4710678494852615,0.6039767918492807
0,0.33444478760235286,0.6041811476294059
1,0.4710678494852615,0.6041811476294059
0,0.3346276016333554,0.6041811476294059
1,0.4710678494852615,0.6041811476294059
0,0.3437018538426456,0.6047946299265105
1,0.4710678494852615,0.6047946299265105
0,0.3376702712339431,0.6047946299265105
0,0.3567651558652882,0.6065216256373613
1,0.4710678494852615,0.6052039641559016
1,0.4710678494852615,0.6052039641559016
0,0.38968917047275936,0.6052039641559016
1,0.4710678494852615,0.6052039641559016
0,0.3770356977893875,0.6052039641559016
0,0.38348914398536665,0.6064790739273388
1,0.4710678494852615,0.6072488955245017
0,0.42110085253761453,0.6060688772679131
1,0.4710678494852615,0.6072488955245017
1,0.4710678494852615,0.6072488955245017
0,0.3510931925446695,0.6072488955245017
1,0.4710678494852615,0.6072488955245017
1,0.4710678494852615,0.6072488955245017
0,0.3659176112049068,0.6062739409059456
1,0.4710678494852615,0.6063851935250008
0,0.35176907285525677,0.6067268424629788
0,0.5695185553208955,0.6098898778734797
0,0.3431615625353498,0.6095378627510708
0,0.45748925158721504,0.6135630359862961
1,0.46610862477373366,0.619761096712795
1,0.4710678494852615,0.619761096712795
1,0.4710678494852615,0.6181768556404666
0,0.33444478760235286,0.619761096712795
1,0.4710678494852615,0.6179677660088463
0,0.4347761355112223,0.620014291432911
1,0.46921024260824445,0.6178020902119158
1,0.46873429232162356,0.6176716846860406
1,0.46873429232162356,0.610362996593069
1,0.47059001490787866,0.610362996593069
0,0.3313565719349752,0.6107760995779444
1,0.47059001490787866,0.6107760995779444
1,0.47059001490787866,0.6117793785004287
0,0.4472097022903213,0.6107760995779444
1,0.47059001490787866,0.6113227053920511
0,0.423199662638939,0.6008293886930939
1,0.47059001490787866,0.601433624940079
0,0.33442132397464525,0.6018465310365299
1,0.47059001490787866,0.6033880932805581
1,0.4710678494852615,0.6033880932805581
0,0.3425344103171471,0.6031065480165769
1,0.4710678494852615,0.6031065480165769
1,0.4710678494852615,0.6045419485175604
0,0.3796436764476604,0.60412754535648
1,0.4710678494852615,0.6045419485175604
0,0.5709619251545164,0.6033106093493662
1,0.46873429232162356,0.6035202508213695
1,0.47059001490787866,0.6033161185802992
1,0.47059001490787866,0.6046625433361847
1,0.47059001490787866,0.6046625433361847
1,0.47059001490787866,0.6046865942938977
0,0.38703837617358394,0.6044580247307286
1,0.47059001490787866,0.6068353274523279
1,0.47059001490787866,0.6068353274523279
0,0.395302393968221,0.6068353274523279
1,0.47059001490787866,0.6068353274523279
0,0.42119004838554197,0.604912898271458
1,0.46873429232162356,0.604912898271458
1,0.47059001490787866,0.6096061797669386
1,0.47059001490787866,0.6096061797669386
0,0.3311324564382834,0.6045037609066556
0,0.4171214195032032,0.6027892873059255
1,0.47059001490787866,0.6032212569638621
1,0.4710678494852615,0.601794487596722
0,0.33442132397464525,0.6049137978306562
1,0.4710678494852615,0.6049137978306562
1,0.4710678494852615,0.6069960427450782
0,0.33483890256077464,0.6039863654641333
1,0.4710678494852615,0.6078852149539894
0,0.3695812343649817,0.6039863654641333
1,0.4710678494852615,0.6061752277908431
1,0.4710678494852615,0.6061752277908431
0,0.5670182720699213,0.6061752277908431
1,0.4710678494852615,0.6061752277908431
1,0.4710678494852615,0.6116360570937038
0,0.38942183075029,0.6067907348662495
1,0.4710678494852615,0.6112223724701283
0,0.4058220242295991,0.607245245076378
1,0.4710678494852615,0.6103283188993299
1,0.4710678494852615,0.6103283188993299
0,0.38841260464532706,0.6107462877582694
1,0.4710678494852615,0.6107462877582694
1,0.4710678494852615,0.6148332661417562
1,0.4710678494852615,0.6148332661417562
0,0.4098425307178539,0.6148977752858528
1,0.4710678494852615,0.6148977752858528
0,0.3728098067493062,0.6148977752858528
1,0.46921024260824445,0.612376957485811
0,0.3313868906262475,0.6122682820266836
1,0.46921024260824445,0.6122682820266836
0,0.4187470769545364,0.613451418281862
1,0.4710678494852615,0.613451418281862
1,0.4710678494852615,0.613451418281862
1,0.4710678494852615,0.6078994501015715
0,0.3345344755584041,0.6056310672245505
1,0.4710678494852615,0.6093647888568664
0,0.35127867516173056,0.6056310672245505
0,0.33483890256077464,0.6033471360145563
1,0.4710678494852615,0.6052214441208033
0,0.35575293282748427,0.6034786498241558
1,0.4710678494852615,0.6034786498241558
1,0.4710678494852615,0.6053533664802818
0,0.4847112327674209,0.6041303078884378
1,0.46921024260824445,0.6071735874529463
1,0.4710678494852615,0.6071735874529463
0,0.4143005551738182,0.606974115980605
0,0.4067549193990635,0.6014509344601844
1,0.4710678494852615,0.6057008572275824
0,0.398116269329751,0.6019304395064636
0,0.34805886715094303,0.6014509344601844
1,0.4710678494852615,0.6014509344601844
0,0.4391208236083952,0.6014509344601844
1,0.46921024260824445,0.599247031240144
1,0.4710678494852615,0.603451096745238
0,0.4090555897853684,0.5990443443555279
1,0.4710678494852615,0.6054006262335219
1,0.4710678494852615,0.6054006262335219
0,0.3312748036688458,0.6054006262335219
1,0.4710678494852615,0.6054006262335219
0,0.39675862827110436,0.6057495699389689
1,0.4710678494852615,0.6057495699389689
1,0.4710678494852615,0.6115276342682656
0,0.3336448014455718,0.6087868812656294
1,0.4710678494852615,0.6149886493392615
0,0.3363831287297734,0.6089928645413611
0,0.33572311794828785,0.6094050401999679
1,0.4710678494852615,0.6094050401999679
0,0.3488799337571541,0.6096112326300132
1,0.46921024260824445,0.6079941553229574
1,0.4710678494852615,0.615509222128689
0,0.392407694572595,0.6067613253446535
0,0.4104465879194198,0.6168293942939973
1,0.4710678494852615,0.6168293942939973
1,0.4710678494852615,0.6205057640799095
1,0.4710678494852615,0.6205057640799095
1,0.4710678494852615,0.6291509940553188
1,0.4710678494852615,0.6291509940553188
0,0.3944577495976862,0.6270262153087868
1,0.46921024260824445,0.6251200504685108
0,0.45881395844438105,0.609181744590607
1,0.4648335106315276,0.6059548983117435
0,0.4231528062802727,0.6047635893310997
1,0.46873429232162356,0.6007882893427486
0,0.46665641440137356,0.6013983265497448
1,0.47059001490787866,0.6013983265497448
0,0.389347829365248,0.5940580828175583
0,0.44618428345177646,0.5950637620367597
1,0.47059001490787866,0.5950637620367597
1,0.46873429232162356,0.600585081149245
0,0.34564230854510397,0.5946612862089424
1,0.46873429232162356,0.5998324607947196
0,0.37763409300018214,0.5939160892300355
1,0.46873429232162356,0.599164546998214
0,0.576622490136695,0.5932547633167331
1,0.46873429232162356,0.5936979392276457
0,0.3421974528414731,0.5942638434180617
0,0.42505797837072645,0.5960994899579497
1,0.47059001490787866,0.5960994899579497
1,0.47059001490787866,0.5960994899579497
1,0.47059001490787866,0.5960994899579497
0,0.3487818098024551,0.5942479575865517
1,0.47059001490787866,0.5972277370789659
1,0.47059001490787866,0.5977748318961766
0,0.3483678368752788,0.5944850922705687
1,0.47059001490787866,0.5939410082852016
0,0.3704329041963626,0.5920760819673626
1,0.47059001490787866,0.5920760819673626
1,0.47059001490787866,0.595791584277094
0,0.5531728536171089,0.5920760819673626
0,0.44284621455697337,0.5920760819673626
1,0.47059001490787866,0.5920760819673626
1,0.47059001490787866,0.5942638434180617
0,0.4145059168191613,0.5931545756596115
1,0.47059001490787866,0.6009502962190498
0,0.45355964826712125,0.5930784058630273
0,0.4169277176639601,0.5901949447290301
0,0.349594289652709,0.5910306302615527
1,0.46873429232162356,0.5910306302615527
0,0.4415591752574944,0.5910306302615527
1,0.47059001490787866,0.5930761020461629
1,0.47059001490787866,0.5930761020461629
0,0.39428151938176176,0.5930761020461629
1,0.47059001490787866,0.5930761020461629
1,0.47059001490787866,0.5930761020461629
0,0.43794120540097137,0.5932767695736952
0,0.3815378941510344,0.5919757922226209
1,0.47059001490787866,0.5946660502505366
0,0.42396170408748796,0.5937199619238235
1,0.46873429232162356,0.5937199619238235
1,0.47059001490787866,0.5937199619238235
0,0.3361521783695369,0.59613566076567
0,0.3451315342591484,0.592618457573397
1,0.47059001490787866,0.5920760819673626
0,0.3374146138013973,0.5920345437126885
1,0.47059001490787866,0.5920345437126885
1,0.47059001490787866,0.59613566076567
0,0.3997331051768927,0.5925768812673021
1,0.47059001490787866,0.5942638434180617
0,0.5585819498839204,0.5925768812673021
0,0.38383029600132523,0.5925768812673021
1,0.47059001490787866,0.5942638434180617
0,0.3884741878454549,0.5907355971056001
1,0.47059001490787866,0.5907355971056001
1,0.4710678494852615,0.5936979392276457
0,0.44400157114329153,0.591735651698299
1,0.4710678494852615,0.5942638434180617
1,0.4710678494852615,0.6006636648721425
0,0.41637851875696746,0.5940699496169316
1,0.4710678494852615,0.6004303662026824
0,0.41868000217178963,0.5939936622728293
0,0.443306086088484,0.5914403868140266
1,0.4710678494852615,0.5940699496169316
1,0.4710678494852615,0.5940699496169316
0,0.4382609587071248,0.590440831229631
0,0.47715093597325975,0.5909817088523202
1,0.4710678494852615,0.5909817088523202
0,0.5497366765954701,0.6069240210901808
0,0.42247330274124756,0.6075153481526266
1,0.4710678494852615,0.6106059572909261
1,0.4710678494852615,0.6133586680309129
0,0.39847678604526304,0.6106059572909261
1,0.4710678494852615,0.6106059572909261
0,0.3591859406714934,0.6078485021949165
0,0.43440287044213793,0.6076002756080254
1,0.4710678494852615,0.6080115087412034
0,0.3819189709078278,0.6063858790181775
1,0.4710678494852615,0.60902574618426
1,0.46921024260824445,0.60902574618426
1,0.4710678494852615,0.60902574618426
0,0.3402246322785931,0.6058656442037113
1,0.4710678494852615,0.60902574618426
1,0.4653055000853401,0.606881441149319
0,0.36644697884827987,0.6112957354071072
1,0.4710678494852615,0.6101391981864518
0,0.3593763832436707,0.6110154372356994
1,0.4710678494852615,0.6043880223851066
0,0.39671573035995394,0.6018178958735166
0,0.43317760201608424,0.6002655706123811
1,0.46921024260824445,0.6002655706123811
1,0.4710678494852615,0.6002655706123811
0,0.33042765849507083,0.6002655706123811
1,0.4710678494852615,0.6002655706123811
0,0.4272319096736831,0.5955158910445668
1,0.4710678494852615,0.598321216610858
0,0.40452949597779503,0.5943083632474516
0,0.40379031491169853,0.594911820772242
1,0.46921024260824445,0.594911820772242
0,0.37120359697871885,0.591449783653497
0,0.42515021350097343,0.5878264346696667
1,0.4710678494852615,0.5880253259702204
0,0.41874138225161717,0.5853398954459627
1,0.4710678494852615,0.5874871540849865
1,0.4710678494852615,0.5872884448135078
0,0.43492132924895643,0.5846495937230297
1,0.4710678494852615,0.5874871540849865
0,0.42821271034660435,0.5853831638667961
0,0.4089668881352734,0.5857771587557546
1,0.4710678494852615,0.5865121436752294
1,0.4710678494852615,0.5865121436752294
1,0.4710678494852615,0.5857771587557546
1,0.4710678494852615,0.5876276106412995
0,0.42772644669768284,0.5871652034254926
1,0.4710678494852615,0.5871652034254926
1,0.4710678494852615,0.5871652034254926
0,0.3992246399248128,0.5874848406599077
1,0.4710678494852615,0.5874848406599077
1,0.4710678494852615,0.5874848406599077
0,0.40117847735963874,0.5874848406599077
1,0.4710678494852615,0.5874848406599077
0,0.5687456542158654,0.5874848406599077
0,0.44713751907059135,0.5857547121497352
1,0.4710678494852615,0.5857547121497352
0,0.36624442055425005,0.5851194901907466
1,0.46873429232162356,0.5838874018532907
1,0.46873429232162356,0.5832951271094113
0,0.37032781820981125,0.5839283684892022
0,0.3661549927155248,0.5813378194841377
1,0.47059001490787866,0.5843643851665699
1,0.47059001490787866,0.5843643851665699
0,0.40394961528578854,0.5810858078855148
1,0.47059001490787866,0.5849987873625856
0,0.3915610226188835,0.5821656539061323
0,0.43046944219255145,0.5811488285314506
1,0.47059001490787866,0.5811488285314506
0,0.3967128130031197,0.5811488285314506
1,0.47059001490787866,0.5811488285314506
1,0.4710678494852615,0.5808485103578225
0,0.4135960140952455,0.5848380608625349
0,0.3639519711929661,0.5823940444196087
0,0.39623691254405446,0.5835613492854264
1,0.46921024260824445,0.5817389239352645
0,0.41659884965509797,0.5829285059197749
1,0.4710678494852615,0.5829285059197749
1,0.4710678494852615,0.5829285059197749
0,0.4313587842871268,0.583717842753371
1,0.4710678494852615,0.583717842753371
0,0.394046710527598,0.5851017549597116
1,0.4710678494852615,0.5849726286906293
0,0.34646333797373957,0.5893368953706919
1,0.4710678494852615,0.5874925904206809
0,0.33763485938452364,0.5889382929519935
1,0.4710678494852615,0.5897404887516008
0,0.43384173042581153,0.5899814189725883
1,0.4710678494852615,0.5899814189725883
1,0.4710678494852615,0.5899814189725883
0,0.35219013005808125,0.5889843290964633
1,0.4710678494852615,0.5886449561203507
0,0.35319133079393766,0.5874337017142778
1,0.4710678494852615,0.5892840054230044
1,0.4710678494852615,0.5869950847848083
0,0.368157293396047,0.5892840054230044
1,0.4710678494852615,0.5869889749330724
0,0.43285363629950385,0.5886036585830161
0,0.5641647725902812,0.5867966589743068
1,0.4710678494852615,0.5884045716695857
1,0.4710678494852615,0.5884045716695857
0,0.39295638739694544,0.5883456047779356
1,0.4710678494852615,0.5885859651386025
1,0.4710678494852615,0.5885859651386025
0,0.39843252688661907,0.5877488077905775
1,0.4710678494852615,0.5877488077905775
1,0.4710678494852615,0.5877488077905775
0,0.3638508654112424,0.5879476728260468
1,0.4710678494852615,0.5879476728260468
1,0.46921024260824445,0.5864100924107661
1,0.4710678494852615,0.5882575366386775
0,0.4010503465011234,0.5880629099790551
0,0.5514878446473601,0.5874075268744431
1,0.4710678494852615,0.5871676477516293
1,0.4710678494852615,0.5871676477516293
0,0.3705271694811929,0.5871676477516293
0,0.42829782335490435,0.5871676477516293
1,0.4710678494852615,0.5871676477516293
0,0.3639519711929661,0.5870643128935389
0,0.38590566059086034,0.5847738911283794
1,0.4710678494852615,0.5847738911283794
0,0.41807540200629373,0.589057549432815
0,0.36685155998512614,0.5924066045640134
1,0.4710678494852615,0.5938111165921292
0,0.42974333058968817,0.5951890889243722
1,0.4710678494852615,0.5954983470801531
1,0.4710678494852615,0.5909740479995591
0,0.5497504955566151,0.594651358115886
0,0.3800874951337646,0.5952969281352583
1,0.46921024260824445,0.5952969281352583
0,0.41988925139224925,0.5959013894435342
0,0.39035195443388765,0.5952969281352583
1,0.4710678494852615,0.5952969281352583
0,0.4550327461950035,0.5980878514084025
1,0.4710678494852615,0.5953627886713396
1,0.4710678494852615,0.5953627886713396
0,0.3638508654112424,0.5954045604419262
1,0.4710678494852615,0.5954045604419262
1,0.4710678494852615,0.5927622217769062
0,0.3836483198672253,0.5995332798863573
0,0.36119969319520717,0.5998969632570141
0,0.3893597986417482,0.593895083462383
0,0.33837081496263827,0.5966313630550665
1,0.4719342396702093,0.5966313630550665
0,0.3998019420066687,0.5976114074141367
1,0.4710678494852615,0.5974392547710412
1,0.4710678494852615,0.5974392547710412
0,0.37760545912797683,0.6008548630060209
0,0.36663781757081865,0.6014649678115576
1,0.4710678494852615,0.6014649678115576
1,0.4710678494852615,0.5970052115240692
0,0.3954359048796807,0.6010581624803197
1,0.46873429232162356,0.6006094924057441
1,0.47059001490787866,0.5979739249561696
0,0.5600593689456209,0.5973673613411202
1,0.4710716206607284,0.5973673613411202
1,0.4710716206607284,0.5973673613411202
0,0.3629615870940539,0.5973673613411202
0,0.36777910884145654,0.5993916363112256
1,0.47059001490787866,0.5955513596603036
0,0.4276726599811956,0.5978136094639868
0,0.4073547902411865,0.5986893305728763
1,0.47059001490787866,0.5986893305728763
0,0.36649065933579117,0.5962638669619714
0,0.44017536249018596,0.6000423525081767
1,0.47059001490787866,0.6000423525081767
0,0.41433113446306075,0.6010581624803197
1,0.47059001490787866,0.6010581624803197
1,0.47059001490787866,0.6010581624803197
1,0.47059001490787866,0.5990945326425515
1,0.47059001490787866,0.5962175801271542
1,0.4710678494852615,0.5962175801271542
0,0.4935838955176268,0.5962175801271542
1,0.4710678494852615,0.5962175801271542
0,0.32977924097292155,0.5987193758273465
1,0.4692139989124747,0.59860085649441
0,0.36135724344304665,0.6005991702605102
0,0.3679466775666371,0.6021494656453997
0,0.42004471544930666,0.6047696366884924
0,0.3927049243776962,0.6057509488430229
1,0.4652882388912975,0.6034765795779401
1,0.4710716206607284,0.6020492063088647
1,0.4710716206607284,0.6020492063088647
1,0.4710716206607284,0.6033743139520599
0,0.33794654510141087,0.6029662172202739
0,0.39607433743726744,0.6021460310943678
0,0.3998734334868384,0.6021460310943678
1,0.4692139989124747,0.6021460310943678
1,0.4710716206607284,0.6021460310943678
1,0.4710716206607284,0.6025886359315065
0,0.42801868736096343,0.6021460310943678
1,0.4710716206607284,0.6021460310943678
1,0.4710716206607284,0.6015036921840667
0,0.3675667780064005,0.6000039705777055
1,0.4710716206607284,0.6008935480978952
1,0.4710678494852615,0.5961914264245536
0,0.40102233033042084,0.6008935480978952
0,0.38959008319199273,0.595898815326623
0,0.42546643553483826,0.595898815326623
1,0.46873429232162356,0.5947806133626555
0,0.37257296260393186,0.6018514646592967
1,0.47059001490787866,0.6147156879774863
0,0.43847960844656564,0.6147156879774863
0,0.3621066051183831,0.6162771215641467
0,0.4413471850273419,0.6168902436128251
1,0.47059001490787866,0.6175292859303834
0,0.40330400783442505,0.617934575331345
1,0.47059001490787866,0.6181563218555333
1,0.4710678494852615,0.615339866990364
1,0.4710678494852615,0.615339866990364
0,0.3376208464422918,0.6147156879774863
0,0.540023893503593,0.6173081818179189
1,0.47059001490787866,0.6197218675269258
1,0.47059001490787866,0.6197218675269258
1,0.4710678494852615,0.6175246748994322
1,0.46873429232162356,0.6155049799332849
0,0.36769781407822816,0.6215491852862425
0,0.4280184359908475,0.614249869019046
1,0.47059001490787866,0.614249869019046
0,0.4265967816351036,0.6138344165242177
0,0.39071607889150906,0.6125219780206339
1,0.4656358206586224,0.6113782763005258
0,0.3376208464422918,0.6094769192787725
1,0.47059001490787866,0.6110979402815424
1,0.47059001490787866,0.6110979402815424
0,0.4885543279870961,0.6127970142219566
1,0.47059001490787866,0.6111714861927985
1,0.47059001490787866,0.6061699596497773
0,0.3700375626030394,0.6109219026016981
1,0.47059001490787866,0.6083993239291448
0,0.3697934727576016,0.6091025519017379
1,0.47059001490787866,0.6091025519017379
0,0.5724696183575922,0.6106797307665288
1,0.4710678494852615,0.6066570462587881
1,0.4710678494852615,0.6066570462587881
0,0.3929259469300687,0.6074906485214387
1,0.4710678494852615,0.6074906485214387
0,0.4759447758920629,0.6107225772025187
1,0.4710678494852615,0.608930922678146
1,0.46921024260824445,0.6083132446718648
1,0.4710678494852615,0.6030876112993933
1,0.4645191170086522,0.5936869820575853
0,0.43515777811163125,0.596853408197475
1,0.46873429232162356,0.596853408197475
0,0.41410665694467136,0.598765845222176
0,0.3791226033627744,0.6027362039350491
1,0.47059001490787866,0.5987238376340862
0,0.438549676164613,0.6027362039350491
0,0.42677759076914235,0.6042700475300469
1,0.47059001490787866,0.6021248096325186
1,0.47059001490787866,0.6021248096325186
0,0.48476576178642594,0.6036570973507848
0,0.35830533460543657,0.6120601624334318
0,0.4512771119075299,0.6132530727898989
1,0.47059001490787866,0.6112324994853425
0,0.36600293855189514,0.6116461909630364
1,0.47059001490787866,0.6116461909630364
1,0.47059001490787866,0.61001883209034
0,0.40764162352811567,0.6122721547849294
0,0.39417891148828155,0.6159559830164862
1,0.47059001490787866,0.6144331475269341
0,0.43167110510764506,0.6142611121611034
1,0.47059001490787866,0.6142611121611034
1,0.47059001490787866,0.6142611121611034
0,0.47491750307616437,0.6140011841219499
1,0.47059001490787866,0.6140011841219499
1,0.47059001490787866,0.6089253852526393
0,0.3790701619661284,0.6125051511456184
1,0.47059001490787866,0.6125051511456184
0,0.426957895909611,0.6125051511456184
1,0.46873429232162356,0.6104317021394312
1,0.47059001490787866,0.6104317021394312
0,0.402086245651109,0.6078869406745752
1,0.4710678494852615,0.5999219082104144
0,0.36219259879684335,0.6001669979077936
0,0.4440571954328959,0.604251950412813
1,0.4710678494852615,0.6001669979077936
1,0.4710678494852615,0.6001669979077936
0,0.4369442604508861,0.604251950412813
0,0.38720946072262247,0.604251950412813
1,0.4710678494852615,0.604251950412813
0,0.3891775726889206,0.6053748466447447
1,0.4710678494852615,0.6053748466447447
1,0.4710678494852615,0.5913389482433732
0,0.38621986444026324,0.5938844572075265
1,0.4710678494852615,0.5917391754621856
0,0.3700192117425389,0.5986490277683514
0,0.42877194046873834,0.5987779415590607
1,0.4710678494852615,0.5987779415590607
0,0.40203466706041274,0.5999297122709261
0,0.3665265295217902,0.5999297122709261
1,0.4710678494852615,0.5999297122709261
0,0.42150953232913385,0.6003778745330085
0,0.420200783915423,0.5985059368390657
0,0.42186195956795036,0.6019514456321594
0,0.36975287067494295,0.6002001200043161
1,0.4714555262572441,0.6002001200043161
0,0.37252776890841627,0.5989594091173703
1,0.4692139989124747,0.5981542502998622
1,0.4692139989124747,0.5975475037691574
0,0.4228489173436878,0.5985542984395023
1,0.4710716206607284,0.5975475037691574
1,0.4710716206607284,0.5975475037691574
0,0.3442701555615546,0.6060043190144608
1,0.4710716206607284,0.6047876047170736
0,0.36119680497938284,0.6067944505327464
1,0.4710716206607284,0.6067944505327464
0,0.4665829551070215,0.6087179861905893
1,0.4710716206607284,0.6087179861905893
1,0.4710716206607284,0.609748483118032
1,0.4710716206607284,0.609748483118032
0,0.36135930291251606,0.6087179861905893
1,0.4710716206607284,0.606414471979876
1,0.4710716206607284,0.606414471979876
0,0.5774328309165119,0.6087179861905893
1,0.4710716206607284,0.6058418505913188
0,0.3747978805724064,0.6042044500554784
1,0.46530922512980755,0.6028638853127056
0,0.34675381484362183,0.5998949605793598
0,0.4040355560480738,0.599083748116776
0,0.424708598502711,0.6024525748769604
0,0.4510197641084703,0.6024525748769604
0,0.4254992402342315,0.6008839641669196
0,0.3834911715591758,0.6028798505932648
1,0.4743747080936784,0.6006807236127516
1,0.4677308785540086,0.5996573482173083
0,0.38972626672684096,0.6041047941123736
1,0.4677308785540086,0.602251914569945
0,0.3610331416984473,0.601844576981379
1,0.4695826286176162,0.601844576981379
1,0.4695826286176162,0.5985968820640449
0,0.3794975880743696,0.5982291976816657
1,0.4695826286176162,0.5982291976816657
1,0.4695826286176162,0.598626922678982
0,0.4675920385321964,0.5982291976816657
1,0.4695826286176162,0.5982291976816657
0,0.5725220651440656,0.5966871402702133
1,0.4695826286176162,0.5966871402702133
1,0.4695826286176162,0.5966871402702133
0,0.4836128935142559,0.5949904341208502
1,0.4677308785540086,0.5951812025889247
0,0.43012975853801355,0.5951812025889247
1,0.4695826286176162,0.5953836003834843
0,0.36712432026180164,0.5978174249301654
1,0.4695826286176162,0.5953836003834843
1,0.4695826286176162,0.5953836003834843
0,0.4229207746019428,0.5982640092616113
1,0.4695826286176162,0.5953836003834843
1,0.4710952614139432,0.5892227986407612
0,0.455655251949506,0.5943726223231751
1,0.4710952614139432,0.5943726223231751
0,0.556876450454693,0.5939706139528744
1,0.4710952614139432,0.5939706139528744
1,0.4710952614139432,0.5939706139528744
0,0.3910216807565546,0.5939706139528744
1,0.4710952614139432,0.5939706139528744
1,0.4710952614139432,0.5939706139528744
0,0.42346647631299994,0.5939706139528744
1,0.4692375464408477,0.5910609698169536
1,0.4692375464408477,0.5904614184592699
1,0.4710952614139432,0.5871389833392835
0,0.4226990963715065,0.5871389833392835
0,0.39020105574447406,0.5899967813053875
1,0.4710952614139432,0.5871389833392835
1,0.4710952614139432,0.5896441262168608
0,0.4344315080382714,0.5875363679577942
1,0.4710952614139432,0.5896441262168608
1,0.4710952614139432,0.5896441262168608
0,0.37750458184575914,0.5876206553628593
1,0.4692375464408477,0.5876206553628593
0,0.42500739397331033,0.5874600323206973
0,0.4339582596585012,0.5916861296264302
0,0.3707711411939624,0.5916861296264302
1,0.47059001490787866,0.5916861296264302
0,0.45694624896770464,0.5924873250582872
0,0.4080017263111026,0.5963551669565034
1,0.4710678494852615,0.5941715841388548
1,0.4710678494852615,0.5912609555237199
1,0.4710678494852615,0.5891814605637551
0,0.35287666339411483,0.6078372390531742
1,0.4710678494852615,0.6078372390531742
1,0.4710678494852615,0.6078372390531742
0,0.46955137020299687,0.6096247096047925
1,0.4710678494852615,0.6096247096047925
1,0.4710678494852615,0.6074261237886037
0,0.37903247162498455,0.6074261237886037
0,0.37054877746137865,0.6076316466515191
0,0.40560119832246794,0.6096247096047925
1,0.4714555262572441,0.6090063278455736
1,0.4710716206607284,0.6090063278455736
1,0.47059001490787866,0.6068099721971314
1,0.47059001490787866,0.6068099721971314
1,0.47059001490787866,0.6068099721971314
0,0.3645753571226636,0.6061944456080566
1,0.47059001490787866,0.6061944456080566
1,0.47059001490787866,0.6061944456080566
1,0.47059001490787866,0.6074766333761746
0,0.3612245636678534,0.608710916731858
1,0.47059001490787866,0.6070971720086507
0,0.384906403372275,0.608710916731858
1,0.4692139989124747,0.6077503494924525
0,0.45723600748765064,0.6056837684758746
1,0.4692139989124747,0.6058896443064155
1,0.4710716206607284,0.6055816504471531
0,0.4211084729740729,0.6055816504471531
1,0.4710716206607284,0.6055816504471531
0,0.44255233595393545,0.6052017498589947
0,0.3786595876575999,0.6054128666015622
1,0.4710716206607284,0.6054128666015622
0,0.37581127005339354,0.6056167662069276
1,0.47059001490787866,0.6046245340994152
1,0.47059001490787866,0.6052017498589947
0,0.4440808146081173,0.6046245340994152
0,0.3792513356333856,0.6054423074772046
1,0.47059001490787866,0.6054423074772046
1,0.47059001490787866,0.6073016388784843
0,0.4144700726228536,0.6078877828264043
1,0.47059001490787866,0.6064813540942376
0,0.43143834213288285,0.6078877828264043
1,0.47059001490787866,0.6078887284303047
1,0.4710678494852615,0.6072657416013229
0,0.3472763805978995,0.6079559820572596
1,0.46873429232162356,0.607676748316783
0,0.3935546796240669,0.6078887284303047
1,0.47059001490787866,0.6078887284303047
1,0.47059001490787866,0.607676748316783
0,0.3754671431162259,0.6078887284303047
1,0.47059001490787866,0.6078887284303047
0,0.3732372807051051,0.6070971720086507
1,0.47059001490787866,0.6070971720086507
1,0.47059001490787866,0.6086756215625085
0,0.45312307629445175,0.6076821733290284
1,0.47059001490787866,0.6086756215625085
1,0.47059001490787866,0.6086756215625085
0,0.44421401459549714,0.6077494041038082
1,0.4710678494852615,0.6086756215625085
0,0.403904511026438,0.6074766333761746
0,0.42113982314106885,0.6070657620099519
0,0.4643171516304279,0.6050459325975562
1,0.4710678494852615,0.6050459325975562
1,0.4710678494852615,0.6058348145351193
0,0.4479877465640171,0.6072328001738072
1,0.4710678494852615,0.6080163091938491
1,0.4710678494852615,0.6080163091938491
0,0.4841355629137845,0.6080468225232152
1,0.4710678494852615,0.6086336856934383
1,0.4710678494852615,0.6086336856934383
0,0.40483639767168617,0.6092516890738143
1,0.4710678494852615,0.6104541807213426
1,0.46921024260824445,0.6095119975322327
1,0.46921024260824445,0.6086756215625085
0,0.4050431684031413,0.6084697455897549
0,0.4264374569419609,0.5916978128649081
1,0.46921024260824445,0.5907211717740711
1,0.46921024260824445,0.5913209868838775
1,0.4710678494852615,0.5945230976817135
0,0.37984133522726043,0.5917212019461678
1,0.4710678494852615,0.5917212019461678
0,0.43871571652968205,0.5917212019461678
0,0.41080712058623775,0.5919214110427296
1,0.4710678494852615,0.5919214110427296
1,0.4710678494852615,0.5941209875362782
1,0.4710678494852615,0.5941209875362782
0,0.3558606060684439,0.5917212019461678
1,0.4710678494852615,0.5943220086012184
0,0.4567855436418055,0.5917212019461678
1,0.4710678494852615,0.5917212019461678
0,0.4600610379449723,0.5814260735522022
1,0.4710678494852615,0.5814260735522022
0,0.3612245636678534,0.581687146990149
1,0.4710678494852615,0.581687146990149
0,0.36543167712509933,0.5802024261857781
1,0.4710678494852615,0.5812294143560122
0,0.3845042515005973,0.5802024261857781
0,0.3903654660217282,0.5802024261857781
1,0.4710678494852615,0.5812294143560122
0,0.4383901771394488,0.5802024261857781
1,0.46921024260824445,0.5805951160366164
0,0.4677881222159383,0.5802024261857781
1,0.4710678494852615,0.5820164504691233
1,0.4710678494852615,0.5820164504691233
0,0.44332808573402893,0.5801420027756141
0,0.5917049301760586,0.5789851066115823
0,0.3632917902136918,0.5785761131637607
1,0.4656358206586224,0.5793128804172578
0,0.3676798945165012,0.5791351844952279
0,0.4360489851979299,0.5787434820800113
1,0.47059001490787866,0.5781382074709092
0,0.4244948518526483,0.5784837298208496
1,0.47059001490787866,0.5784715229644571
1,0.47059001490787866,0.5793689828226015
0,0.41971444173188827,0.5776892805061685
1,0.47059001490787866,0.580338294045677
1,0.47059001490787866,0.5815270867038412
0,0.3928317850891096,0.5830114186049814
1,0.47059001490787866,0.5894643730443039
0,0.38644496029428843,0.5852976578714251
0,0.44782946004505153,0.5850299394127468
1,0.47059001490787866,0.5859909269295156
0,0.48546750009327005,0.5853690288412104
1,0.47059001490787866,0.5869829492837245
0,0.4400350977918282,0.5851710359958207
1,0.47059001490787866,0.5851710359958207
0,0.4220976358987346,0.5750515205413456
1,0.47059001490787866,0.5750515205413456
1,0.47059001490787866,0.576601964468672
0,0.46172922040136616,0.5750515205413456
1,0.47059001490787866,0.576601964468672
1,0.4710678494852615,0.576601964468672
0,0.43913881058740617,0.5752460894447841
1,0.4710678494852615,0.5752460894447841
0,0.3666650236435932,0.5750515205413456
0,0.38040100413726,0.5734069667623073
1,0.46921024260824445,0.5734069667623073
1,0.46921024260824445,0.5724199834878065
0,0.44758811642254814,0.5680719870641666
1,0.4714555262572441,0.5697012399111754
1,0.4692139989124747,0.5697012399111754
0,0.4552249300833162,0.5693159182149642
1,0.4710716206607284,0.5721475208114095
1,0.4710716206607284,0.5794101778141656
0,0.39936541915609847,0.5794101778141656
1,0.4710716206607284,0.582547496763697
1,0.4710716206607284,0.5891603384407607
0,0.4430474067602147,0.582920154250542
1,0.4710716206607284,0.582920154250542
0,0.47721727374643974,0.582920154250542
0,0.3873415923040852,0.5832743364292344
1,0.4710716206607284,0.585502425937108
1,0.4710716206607284,0.585502425937108
0,0.4289723665640752,0.582172266507388
0,0.4488347312432066,0.5816731196162211
1,0.4710716206607284,0.5816731196162211
1,0.4710716206607284,0.5816731196162211
1,0.4710716206607284,0.5839715787936943
0,0.44141388639898055,0.5816731196162211
1,0.47059001490787866,0.5840125513356178
0,0.3737260184851662,0.5814763768601727
0,0.3842724241411186,0.5769989703397089
0,0.43142193383710015,0.5769351412556143
1,0.4656358206586224,0.5769351412556143
0,0.4295027944270382,0.577389492042774
0,0.4084829548405528,0.5747511416843492
1,0.4692139989124747,0.577389492042774
0,0.4679974102518371,0.5747511416843492
1,0.4710716206607284,0.5747511416843492
1,0.4710716206607284,0.5782455838230514
0,0.41833280879712437,0.5753287524284549
0,0.4051298369842097,0.5732572842838124
1,0.4692139989124747,0.5769528849779957
0,0.38593339309489677,0.5741969917207725
1,0.4692139989124747,0.5786313280764452
1,0.4710716206607284,0.5786313280764452
0,0.40848353144238647,0.5747740455578109
1,0.4710716206607284,0.5797266948934474
1,0.4710716206607284,0.5797266948934474
0,0.43059410370683754,0.5739392800222024
1,0.4710716206607284,0.5777107503089184
0,0.4445885045943602,0.5739392800222024
0,0.4374085008916169,0.5722656091566953
1,0.4710716206607284,0.5722656091566953
0,0.4107933214632727,0.5722656091566953
1,0.4710716206607284,0.5740738006960721
1,0.4710716206607284,0.5740738006960721
0,0.4430079123268691,0.5720720483588172
1,0.4710716206607284,0.5734280394456525
0,0.47003201759180363,0.5720720483588171
0,0.3841656733418022,0.5712180898090519
1,0.4710716206607284,0.5726529272487221
1,0.4710716206607284,0.5726529272487221
0,0.43183548884379785,0.5724592354459439
0,0.4063423365218341,0.5724592354459439
1,0.47059001490787866,0.5736855215856579
0,0.4396832020387245,0.5721711163294653
1,0.46873429232162356,0.5744315718636392
1,0.46873429232162356,0.5768890609919801
1,0.46873429232162356,0.5768890609919801
1,0.47059001490787866,0.5768890609919801
0,0.45832682580961137,0.5741969917207725
1,0.47059001490787866,0.5690575659648216
0,0.3861837117920406,0.5699937363642041
0,0.46385456520030666,0.5668659900594335
1,0.47059001490787866,0.56756942518944
0,0.4300877135998366,0.5661974749408597
1,0.47059001490787866,0.5661974749408597
1,0.47059001490787866,0.5683379644671995
1,0.47059001490787866,0.5709096367159773
0,0.4168875035061406,0.5712415930466236
1,0.47059001490787866,0.5712415930466236
0,0.4314494783311229,0.5714237356004775
0,0.3843396195767033,0.5704076581220998
1,0.46873429232162356,0.5704076581220998
0,0.4371479816124162,0.5694836018428292
1,0.46873429232162356,0.5691575586747353
0,0.4132078722565539,0.5740795516692386
1,0.47059001490787866,0.5740795516692386
1,0.47059001490787866,0.5740795516692386
0,0.39809033252565085,0.5716526541416207
1,0.47059001490787866,0.5716526541416207
0,0.46633529844799565,0.5749706311991916
0,0.4393877152007348,0.5769744325223086
1,0.47059001490787866,0.5771558654632313
0,0.4362548836693655,0.5781467408870916
1,0.47059001490787866,0.5781467408870916
1,0.4710678494852615,0.5771558654632313
0,0.4452849124068786,0.5781467408870916
1,0.4710678494852615,0.5771558654632313
0,0.4516907695641112,0.5771558654632313
0,0.3844148454853866,0.5832943666946855
1,0.4710678494852615,0.5831490163834653
0,0.4408753331035472,0.5854479288073017
1,0.4710678494852615,0.5854479288073017
1,0.4710678494852615,0.5832259723784896
0,0.5821965333497335,0.582078537866063
1,0.4710678494852615,0.582078537866063
1,0.4710678494852615,0.582078537866063
0,0.41888922793037503,0.582078537866063
1,0.4710678494852615,0.582078537866063
1,0.4710678494852615,0.5825471197292199
0,0.39972689592694627,0.5807419512635024
1,0.4710678494852615,0.5807419512635024
1,0.4710678494852615,0.5840872678384736
1,0.4710678494852615,0.5840872678384736
0,0.4347433731446125,0.5826866916364138
1,0.4710678494852615,0.5826866916364138
1,0.4710678494852615,0.5826866916364138
0,0.4805123317338939,0.5826866916364138
1,0.4710678494852615,0.5826866916364138
0,0.4318246993896257,0.5838897085307251
0,0.44764982673738085,0.5821771508646842
1,0.4710678494852615,0.5821771508646842
0,0.40504400524310374,0.5808062015131298
0,0.4408405655906885,0.5825845757035004
1,0.4710678494852615,0.5825845757035004
0,0.44936121164233983,0.5825845757035004
1,0.4710678494852615,0.5825845757035004
1,0.4710678494852615,0.5820894635970739
0,0.43931858596254114,0.5805642387727212
1,0.4710678494852615,0.5838536263487109
0,0.382746114002193,0.5805642387727212
1,0.46921024260824445,0.5805642387727212
1,0.4710678494852615,0.5779712650617579
0,0.4090731171976125,0.5770016070425816
0,0.42432937144153127,0.5791755024424137
1,0.4710678494852615,0.5753880197710726
1,0.4710678494852615,0.5753880197710726
0,0.4440551061372812,0.5768832117476116
1,0.4710678494852615,0.5749988517787539
1,0.4710678494852615,0.5749988517787539
0,0.3728164539147797,0.577354663151289
1,0.4710678494852615,0.577354663151289
1,0.4710678494852615,0.5755471336887842
0,0.4410010032660325,0.5761315411616965
1,0.4710678494852615,0.5760911215274442
0,0.463747345138491,0.5778241061196175
0,0.414124599429136,0.580275457019699
1,0.46921024260824445,0.5783366950880592
1,0.4710678494852615,0.5783366950880592
0,0.3736792667201126,0.5790265604575959
1,0.4710678494852615,0.5777545313368168
0,0.424376117117632,0.5803632796099901
0,0.4366857592312674,0.5808992138790228
1,0.4710678494852615,0.5808992138790228
0,0.42698792440801697,0.573832086558494
0,0.3936793613354886,0.5766144680817351
1,0.4710678494852615,0.576406304216871
0,0.45422038812210896,0.5766144680817351
0,0.3836466076289813,0.5832230438116538
0,0.4136873877598127,0.5905580662262204
0,0.4087672349983957,0.6076946121666382
1,0.46921024260824445,0.6076946121666382
0,0.45909677676999566,0.6209047823382192
0,0.434581345471112,0.6212393743260304
1,0.4647697919259502,0.6203371254804912
1,0.4710678494852615,0.6177626176812346
0,0.4043470480481045,0.6199175558242095
0,0.39312566940516364,0.6199175558242095
1,0.47059001490787866,0.6213872924154077
0,0.4565600424919623,0.6213436977754792
1,0.47059001490787866,0.6213436977754792
1,0.47059001490787866,0.6213436977754792
1,0.47059001490787866,0.6203190529370848
1,0.4710678494852615,0.6308893944896904
1,0.4710678494852615,0.6252921690746255
0,0.4664934385812476,0.627741655657653
1,0.4710678494852615,0.6252921690746255
0,0.39224720125146195,0.6283571916048647
1,0.4710678494852615,0.6283571916048647
1,0.4710678494852615,0.6289066426822596
1,0.4710678494852615,0.6289066426822596
0,0.3871314517095333,0.6154308092417702
1,0.4710678494852615,0.6131660017843931
1,0.46873429232162356,0.6127512823712787
1,0.4710678494852615,0.6127512823712787
1,0.4710678494852615,0.6099643371279961
0,0.39132500632783,0.6137707572520588
0,0.45471703558921445,0.6120990109071902
1,0.4710678494852615,0.6089206260087421
0,0.4398193767758407,0.6120990109071902
1,0.4710678494852615,0.6093327527752082
1,0.4710678494852615,0.6093327527752082
0,0.508707877200644,0.6095389207467754
1,0.4710678494852615,0.6095389207467754
1,0.4710678494852615,0.6103555198877195
0,0.4184840520435225,0.611273937207285
1,0.4710678494852615,0.611273937207285
0,0.38655242978501886,0.6110671823907894
0,0.607710199395156,0.603990123715574
1,0.4710678494852615,0.603990123715574
0,0.4386627758624112,0.6019678248946327
1,0.4710678494852615,0.6019678248946327
1,0.4710678494852615,0.6017820844960005
0,0.4715401432381268,0.5999280180820036
1,0.4710678494852615,0.6007451830412726
1,0.46921024260824445,0.6007451830412726
1,0.46873429232162356,0.6044043342070807
0,0.4730218768796904,0.6071203901458739
0,0.4628843341907288,0.61168268552519
0,0.38264529466460406,0.6116019746996557
1,0.4710678494852615,0.6116019746996557
0,0.4345588984552489,0.611629010073403
1,0.4710678494852615,0.6118518361246915
1,0.4710678494852615,0.6118518361246915
0,0.392529758092332,0.6124193623860852
1,0.4710678494852615,0.6118518361246915
0,0.4561016207422798,0.6124193623860852
0,0.4313878054309299,0.6125001810792159
1,0.4710678494852615,0.6114757924553216
0,0.4046599605428765,0.6120429699155102
1,0.4710678494852615,0.6120429699155102
1,0.4710678494852615,0.6116019746996557
1,0.4710678494852615,0.6091599989063194
0,0.4404722790451795,0.6069899333035123
0,0.41023978026577473,0.607427603009844
1,0.46921024260824445,0.607427603009844
1,0.4710678494852615,0.6070700354951901
1,0.4710678494852615,0.6062491204837034
0,0.42995865676113565,0.609058968125577
1,0.4710678494852615,0.6082986997341582
1,0.4710678494852615,0.6082314081949078
1,0.4710678494852615,0.6092610813958615
1,0.4710678494852615,0.6088767204701313
0,0.5285919049668986,0.6084222141001431
1,0.4710678494852615,0.6084222141001431
0,0.36583867460762626,0.6086280739905989
1,0.4710678494852615,0.6086280739905989
1,0.4710678494852615,0.6086280739905989
0,0.4449691465857595,0.6086280739905989
0,0.38371610745846857,0.6086280739905989
1,0.46921024260824445,0.6086280739905989
0,0.4221818955024232,0.6078355548372825
1,0.4710678494852615,0.6080412162313509
1,0.4710678494852615,0.6080412162313509
0,0.3935414768053787,0.6087116489047713
1,0.4710678494852615,0.6087116489047713
1,0.4710678494852615,0.6087116489047713
1,0.4710678494852615,0.6111247984059985
0,0.5129108216865663,0.6096092563166888
1,0.4710678494852615,0.609761465238871
1,0.4710678494852615,0.6118119179598288
0,0.4143052936941461,0.6091856833717697
0,0.5820025430734114,0.6079077853804922
0,0.4032941259112043,0.585534036653031
1,0.4652882388912975,0.585534036653031
0,0.3914314234177058,0.5859714449910836
1,0.4710678494852615,0.5859714449910836
1,0.4710678494852615,0.5852567812820763
0,0.42615658969688014,0.5854254235347951
1,0.4710678494852615,0.5854254235347951
0,0.4338852089990298,0.5841444233083681
0,0.48484538018822704,0.5845807935710474
1,0.4710678494852615,0.5854567831815816
0,0.475074378723122,0.58504138800141
1,0.4710678494852615,0.5862084140440658
1,0.4710678494852615,0.5862084140440658
0,0.38328447481287825,0.5864841367113033
1,0.4710678494852615,0.5884598703214007
0,0.42155180466405545,0.5884427569213903
0,0.41880819673847897,0.5884427569213903
1,0.4710678494852615,0.5884427569213903
0,0.3835452916907118,0.5884427569213903
1,0.4710678494852615,0.5891225595440063
1,0.4710678494852615,0.5891225595440063
0,0.4485073259766885,0.5891225595440063
0,0.5452820221724985,0.5878046199110496
1,0.4710678494852615,0.5878046199110496
1,0.4710678494852615,0.5878046199110496
1,0.4710678494852615,0.5884598703214007
0,0.43162327355357794,0.5878046199110496
1,0.4710678494852615,0.5886589759451512
1,0.4710678494852615,0.5883822308248976
0,0.5729829477532832,0.5884598703214007
1,0.4710678494852615,0.589935362004886
1,0.4710678494852615,0.5901349668618159
0,0.4275688047429895,0.5901349668618159
1,0.4710678494852615,0.5901349668618159
0,0.4811488864787381,0.5910535046169322
0,0.4096341189968692,0.5913189009888529
1,0.4710678494852615,0.5913189009888529
0,0.449999968990214,0.5908535890775187
1,0.4710678494852615,0.5905758122079842
1,0.4710678494852615,0.5905758122079842
0,0.4218182300543696,0.5907756337614868
1,0.4710678494852615,0.5907756337614868
0,0.41376865118377887,0.5908535890775187
0,0.40812915840967634,0.5904539608316837
1,0.4710678494852615,0.5904539608316837
0,0.4533323222487128,0.5904539608316837
1,0.4710678494852615,0.590376058241313
1,0.4710678494852615,0.590376058241313
0,0.444859895733639,0.590376058241313
1,0.4710678494852615,0.590376058241313
1,0.4710678494852615,0.590376058241313
1,0.4710678494852615,0.5905520245112367
1,0.4710678494852615,0.5905520245112367
0,0.5045435959594673,0.5904580268684719
1,0.4710678494852615,0.5905520245112367
0,0.3664450272340265,0.5904166021316155
1,0.4710678494852615,0.5904166021316155
0,0.45764573953908716,0.5876269388617357
0,0.38345765019567807,0.5870122613144616
0,0.38703679119532164,0.5870717661596919
1,0.4717746145476877,0.5870717661596919
1,0.46953157010302526,0.5848990540056835
1,0.46953157010302526,0.5838459598487619
0,0.5391892054025406,0.5815595380508807
0,0.383718368921285,0.5799831218847881
1,0.4646125900771664,0.5799831218847881
1,0.47139044911800915,0.5791227195837977
0,0.39220810494877717,0.5797658182123416
1,0.47139044911800915,0.5797658182123416
1,0.47139044911800915,0.5801215052839913
0,0.43615789964548823,0.5799252873396795
1,0.47139044911800915,0.5799252873396795
0,0.4837437622801841,0.5801215052839913
0,0.38711654401447254,0.5801582125602447
1,0.47139044911800915,0.5801582125602447
0,0.4639213366630314,0.5801582125602447
1,0.47139044911800915,0.580886147288951
1,0.47139044911800915,0.5810459245715727
0,0.5338090310514569,0.5813436095917265
0,0.41532822054161606,0.5816793422088414
1,0.47139044911800915,0.5813436095917265
0,0.43075562479405743,0.5815403074259184
1,0.47139044911800915,0.5833684640250888
0,0.39595777349483263,0.583827881214094
1,0.47139044911800915,0.5831711478426259
0,0.5932747534814584,0.5837053660189149
1,0.46953157010302526,0.5829113795083062
0,0.4582122299949186,0.5822647917017323
1,0.47139044911800915,0.5822647917017323
1,0.47139044911800915,0.5822647917017323
1,0.47139044911800915,0.581785177104312
1,0.46953157010302526,0.580893204718255
1,0.47139044911800915,0.581510798791783
0,0.4188444792090888,0.5820640232391046
1,0.47139044911800915,0.5820640232391046
0,0.3989769047674926,0.581083701772865
0,0.5837287517683427,0.5806355331039924
1,0.46953157010302526,0.5806355331039924
0,0.4299311452372967,0.5788229732248763
1,0.47139044911800915,0.5806539404972361
1,0.46953157010302526,0.5788307344884162
1,0.47139044911800915,0.5802106352012879
1,0.47139044911800915,0.5803539835293513
0,0.37541957167147905,0.5787801064075422
1,0.47139044911800915,0.5817882243378437
1,0.47139044911800915,0.5863887798865876
1,0.47139044911800915,0.5920053489046834
1,0.47059001490787866,0.6021616565697725
0,0.3845628739256101,0.5927201228485928
1,0.47059001490787866,0.5980829792346629
1,0.47059001490787866,0.6060338343623157
0,0.5803498880557368,0.6001096791906043
1,0.4710678494852615,0.6001096791906043
0,0.4289790475349756,0.598487770916505
0,0.47436744842143735,0.5957268874947386
1,0.4710678494852615,0.5957268874947386
0,0.42097496185757804,0.5958687310201664
1,0.4710678494852615,0.5958687310201664
1,0.4710678494852615,0.5958687310201664
0,0.3812364020264641,0.5916804960931151
1,0.4710678494852615,0.5911389789271442
1,0.4710678494852615,0.5911389789271442
0,0.4203696427794424,0.5913574436235054
1,0.46921024260824445,0.5903580282160932
0,0.4003163099064928,0.5900001277586041
1,0.4710678494852615,0.5900001277586041
0,0.5840588609357343,0.5868603534725882
1,0.4710678494852615,0.5868603534725882
0,0.4071228093545816,0.5850980316054691
1,0.4710678494852615,0.5858321644121458
0,0.4730912137848854,0.5838126288875927
1,0.4710678494852615,0.5838126288875927
0,0.41444614813315467,0.5828010991558757
1,0.4710678494852615,0.5830054597885641
1,0.46921024260824445,0.5858321644121458
1,0.4710678494852615,0.5850980316054691
1,0.4710678494852615,0.5912023802516939
1,0.4710678494852615,0.5912023802516939
0,0.3609208028387015,0.586999414453765
1,0.4710678494852615,0.589599825519663
1,0.4710678494852615,0.589599825519663
0,0.5829969486564794,0.5871980259317102
1,0.4710678494852615,0.591397679318139
0,0.41779798991241773,0.586999414453765
0,0.4576512998434305,0.5862056400902093
1,0.4710678494852615,0.589599825519663
0,0.40608121695159766,0.5863922693258563
0,0.42066924002828815,0.586705444532783
0,0.5102007512876732,0.5800878082109796
1,0.46921024260824445,0.5800878082109796
1,0.4710678494852615,0.585847252618813
1,0.4710678494852615,0.585847252618813
1,0.4710678494852615,0.5872429003272895
0,0.4139341570374477,0.5820601566052
1,0.4710678494852615,0.5884360723734122
0,0.4003163099064928,0.5876815852285696
1,0.46921024260824445,0.5902394388700714
1,0.4710678494852615,0.5902394388700714
0,0.46202304637054,0.588526621933159
1,0.4710678494852615,0.588526621933159
1,0.46921024260824445,0.5871279233182916
1,0.46873429232162356,0.592740598358421
1,0.47059001490787866,0.592740598358421
1,0.47059001490787866,0.6046118243250547
0,0.4096275158069326,0.6046718298963267
0,0.3999482564746715,0.5992480870240314
1,0.47059001490787866,0.6068659121821506
0,0.5902816903047394,0.6006736279441435
0,0.4388217669478893,0.5935464122948171
1,0.47059001490787866,0.5940666151095259
0,0.47376705970193694,0.5928986785260403
0,0.4728037154277775,0.5955940358798824
1,0.47059001490787866,0.5955940358798824
0,0.4191382063119408,0.5862304994880385
0,0.4524146280761012,0.5796022037114872
1,0.4710678494852615,0.5862304994880385
1,0.4710678494852615,0.5862304994880385
0,0.4660677263630051,0.5797361340030928
1,0.4710678494852615,0.5797361340030928
1,0.4710678494852615,0.5797361340030928
0,0.4285728759369876,0.5797361340030928
1,0.4710678494852615,0.5797361340030928
1,0.46873429232162356,0.5858923239453823
0,0.4476317254874506,0.5785356346451859
1,0.4710678494852615,0.5789271963860888
1,0.46873429232162356,0.5858923239453823
1,0.47059001490787866,0.5941257605937577
0,0.49975314445715163,0.5847853074570283
0,0.41211201267064773,0.5847853074570283
1,0.47059001490787866,0.5847853074570283
1,0.47059001490787866,0.5847853074570283
0,0.40814642835275466,0.5847853074570283
1,0.46873429232162356,0.5841511367693915
1,0.46873429232162356,0.5841511367693915
0,0.37446068377847525,0.5777127720790974
0,0.40244591559997445,0.5862958050228695
1,0.47059001490787866,0.5862958050228695
0,0.41414561367283437,0.5837353659234552
0,0.4143664461915364,0.5847645951479536
1,0.47059001490787866,0.5869323040218892
1,0.47059001490787866,0.5944593163128931
0,0.47594018239366337,0.5865353279665413
1,0.47059001490787866,0.5902155287040834
1,0.47059001490787866,0.5902155287040834
0,0.44358515980900115,0.5849501069070117
0,0.40857701739782504,0.5851480250009592
0,0.4053639699560306,0.5843690852387217
0,0.5939978484291608,0.5854983095860335
1,0.46873429232162356,0.5872300630109885
0,0.4597818119836981,0.5853002730132492
0,0.47968686543982186,0.5853002730132492
1,0.47059001490787866,0.5853002730132492
0,0.494015536664731,0.583552303796927
1,0.47059001490787866,0.5849044007942851
0,0.4403001755520489,0.5823760033514565
1,0.47059001490787866,0.5853119648681601
1,0.46873429232162356,0.5870944014764287
1,0.47059001490787866,0.5870944014764287
0,0.3719830650338544,0.5870944014764287
1,0.47059001490787866,0.5870944014764287
0,0.5863425302843341,0.58661733727757
1,0.47059001490787866,0.5923181649969708
1,0.47059001490787866,0.5972448773257841
0,0.4583353950525182,0.5927224182654974
1,0.47059001490787866,0.5921799475126739
1,0.47059001490787866,0.5921799475126739
0,0.420681494770138,0.5903351707425549
1,0.47059001490787866,0.5903351707425549
0,0.40000354206324445,0.5852323373570938
1,0.47059001490787866,0.5899358931328396
1,0.47059001490787866,0.5899358931328396
0,0.38586951720297197,0.5852832367808989
1,0.47059001490787866,0.5901354981694767
1,0.47059001490787866,0.5906760960895928
0,0.4709577724729759,0.5906760960895928
1,0.4710678494852615,0.5952272700637354
1,0.4710678494852615,0.5957725323385706
0,0.41964777078277277,0.594760893860888
1,0.4710678494852615,0.594760893860888
0,0.4878747236442387,0.5868328855641203
0,0.4622276308476303,0.5915589248799349
1,0.46921024260824445,0.5915589248799349
1,0.4710678494852615,0.5966629782996066
0,0.44815076649903296,0.5960529727075514
1,0.4710678494852615,0.5960529727075514
1,0.4710678494852615,0.6054150512425214
0,0.42185047839191336,0.597066808903159
1,0.4710678494852615,0.597066808903159
0,0.3828113678464329,0.5990070864778761
0,0.4656066725509068,0.5919593009822898
1,0.4710678494852615,0.5919593009822898
0,0.47399363315081483,0.5865259517080701
1,0.4710678494852615,0.5859891520784819
1,0.4710678494852615,0.5911540870384555
1,0.4710678494852615,0.5916956180443219
1,0.4710678494852615,0.597066808903159
0,0.5117945534860173,0.5915174229074268
1,0.4710678494852615,0.5942165574566959
0,0.38595675308456967,0.590728268522181
1,0.4710678494852615,0.5994161406890378
1,0.4710678494852615,0.6004910686874534
0,0.361175581898201,0.5944026864565629
1,0.4710678494852615,0.5956104059014893
0,0.3757528822339547,0.5995221829160442
1,0.4710678494852615,0.6054553468027842
1,0.4710678494852615,0.6054553468027842
0,0.36833968772906894,0.599255131160449
1,0.4710678494852615,0.6060099785817911
0,0.40046102000583667,0.5995221829160442
1,0.4710678494852615,0.5995221829160442
1,0.4710678494852615,0.6070407508106329
0,0.4211736361964415,0.5995221829160442
1,0.4710678494852615,0.6070407508106329
1,0.4710678494852615,0.6129659336039494
0,0.4655067752370958,0.6064249901278891
1,0.4710678494852615,0.6127586064934571
0,0.48827574656621375,0.6079236607544637
0,0.4541157337703149,0.603016349990107
0,0.40072765996864507,0.6025418332954598
0,0.4758323771416976,0.5995750871833195
0,0.4608515603150894,0.5945882429244256
1,0.46675982910482133,0.5987609096874006
1,0.4710678494852615,0.5987609096874006
1,0.4710678494852615,0.6031682882629088
0,0.36946950362464537,0.5971009797192626
1,0.4710678494852615,0.6031682882629088
0,0.5164965397164949,0.5983141816112163
0,0.4456880675225178,0.5914045801900921
1,0.4710678494852615,0.5930120403139025
1,0.4710678494852615,0.5930120403139025
1,0.46921024260824445,0.5922101353319033
1,0.4710678494852615,0.5930120403139025
0,0.4553766846050204,0.5849004706628851
1,0.4710678494852615,0.592811462327321
0,0.47154405084368756,0.585851480291135
0,0.38441306347873777,0.5835252171276154
1,0.4710678494852615,0.5900765990459634
0,0.45565287965033213,0.5837872331284347
1,0.4710678494852615,0.5900765990459634
1,0.4710678494852615,0.5908756150308401
1,0.46921024260824445,0.5900765990459634
0,0.39304352397250236,0.5839847577635914
0,0.4579238834854732,0.5807161229346349
1,0.4710678494852615,0.5850902587868695
0,0.41424993697627704,0.5815024640056934
0,0.4354031158207819,0.5811986472641308
1,0.4710678494852615,0.5811986472641308
1,0.4710678494852615,0.5811986472641308
1,0.46921024260824445,0.5804554853127273
1,0.4710678494852615,0.5804554853127273
0,0.43492192479553016,0.5804418450732323
1,0.4710678494852615,0.5806518826497274
0,0.4266531521864611,0.576661274660871
0,0.38586951720297197,0.5751598169707225
1,0.4714555262572441,0.5745453427367125
1,0.4692139989124747,0.5746827051619594
0,0.47801656149954386,0.5735968687306129
1,0.4710716206607284,0.5735968687306129
1,0.4710716206607284,0.5735968687306129
0,0.4760319811148168,0.5725237367415361
1,0.4710716206607284,0.5725237367415361
1,0.4710716206607284,0.5725237367415361
1,0.4710716206607284,0.5755919033749292
1,0.4692139989124747,0.5752025974844095
0,0.47911627220229297,0.5752025974844095
0,0.38586951720297197,0.5725237367415361
1,0.4710716206607284,0.5762914736094412
1,0.4710716206607284,0.5762914736094412
0,0.4142374143548455,0.577071823313372
0,0.4299880780451938,0.5732989845959967
1,0.4710716206607284,0.576876636881117
0,0.3909372278621362,0.5741899797227867
0,0.4938659963780109,0.5732089121967021
1,0.4710716206607284,0.5735968687306129
1,0.4692139989124747,0.5732089121967021
0,0.4283204197482798,0.5740498090974929
1,0.4710716206607284,0.5740498090974929
1,0.4710716206607284,0.5740498090974929
0,0.45279945251684867,0.5741421308696197
1,0.4710716206607284,0.5741421308696197
0,0.4717527454772981,0.5736730008265759
0,0.4730284627364626,0.5738268425391492
1,0.4710716206607284,0.5738268425391492
0,0.44730449151140234,0.5779979173965814
1,0.4710716206607284,0.574076029806898
1,0.4710716206607284,0.574076029806898
0,0.4617846201329543,0.574076029806898
1,0.4710716206607284,0.5741790775443351
0,0.40396934362036013,0.5741790775443351
0,0.3823370133581857,0.574658943528818
1,0.4710716206607284,0.574658943528818
0,0.4732180113016954,0.5752288189428697
0,0.47070212030594843,0.5720729122239294
1,0.4710716206607284,0.5749796447138685
1,0.47059001490787866,0.5749796447138685
0,0.41874686037076575,0.5760481435015771
0,0.45198462450508464,0.5720729122239294
1,0.4692139989124747,0.5720729122239294
0,0.39854645509684394,0.572523651625616
0,0.41967051630418456,0.5713560217590706
1,0.4710716206607284,0.5734006153312814
0,0.44874996776197257,0.577817312853145
1,0.4692139989124747,0.577817312853145
1,0.4692139989124747,0.5761512640080283
1,0.4710716206607284,0.575503165871124
0,0.4046628172268887,0.5760115146137439
1,0.4710716206607284,0.5760115146137439
1,0.47059001490787866,0.5778117566556528
1,0.4710678494852615,0.578300174041774
1,0.4710678494852615,0.578300174041774
1,0.4710678494852615,0.5799172669084843
1,0.46873429232162356,0.5843856432767078
1,0.46873429232162356,0.5837519060050698
0,0.3853513759260226,0.5837519060050698
0,0.47895772963653804,0.5795978715808546
1,0.46429834587556085,0.5795978715808546
1,0.47059001490787866,0.5795978715808546
0,0.4575568623169956,0.5859921226214875
1,0.47059001490787866,0.5859921226214875
0,0.3954645123439386,0.5809189118215553
0,0.450994627857362,0.5789341302206148
0,0.4277640053533874,0.5768639094284429
1,0.47059001490787866,0.5762383291044331
0,0.4260061106579877,0.5727423529543058
0,0.3828113678464329,0.5738096334396763
1,0.47059001490787866,0.573615550397289
0,0.47207658028705207,0.5725734457366423
0,0.4647125427598963,0.5723797808173683
1,0.47059001490787866,0.5738096334396763
1,0.47059001490787866,0.5738096334396763
1,0.47059001490787866,0.5738096334396763
0,0.389743855515313,0.5737133756761653
1,0.47059001490787866,0.5746892140878462
0,0.5217144003926114,0.5734928752682106
0,0.441971378677284,0.5799380415465295
1,0.47059001490787866,0.5805916795756001
0,0.38377370558469875,0.579612327216415
0,0.6044020348215916,0.579416281494427
1,0.47059001490787866,0.5814361206885208
1,0.47059001490787866,0.5814361206885208
0,0.45446985506137055,0.5826358535029585
1,0.47059001490787866,0.5832137500132027
0,0.45453235308365286,0.5825949775459621
1,0.47059001490787866,0.5829892867120502
0,0.4321180077750451,0.5810157546447853
1,0.47059001490787866,0.5816328498238779
0,0.3846273189581301,0.5814056053467155
1,0.47059001490787866,0.585424149846071
0,0.42814838898542745,0.5822920821123782
1,0.46873429232162356,0.5847243731158058
1,0.46873429232162356,0.5825028312628644
1,0.47059001490787866,0.5825028312628644
0,0.40455888465456585,0.5825028312628644
1,0.47059001490787866,0.5825028312628644
1,0.47059001490787866,0.5873341153785738
0,0.43797393010929186,0.5832337078259571
1,0.47059001490787866,0.5836284492944401
1,0.47059001490787866,0.5836284492944401
1,0.47059001490787866,0.586422723934835
1,0.47059001490787866,0.5860260925377916
0,0.3696410359617852,0.586584684036175
1,0.47059001490787866,0.586584684036175
1,0.47059001490787866,0.586584684036175
1,0.4710678494852615,0.591797894650883
1,0.4710678494852615,0.591797894650883
1,0.4710678494852615,0.591797894650883
0,0.3624202856372139,0.593520232127916
1,0.4710678494852615,0.593520232127916
0,0.5880251775175347,0.5928407642002486
1,0.4710678494852615,0.5928407642002486
0,0.470204986508735,0.588129417797632
1,0.46921024260824445,0.5922394074820465
0,0.38441306347873777,0.588129417797632
1,0.46921024260824445,0.588129417797632
1,0.4710678494852615,0.5953535816956647
1,0.46921024260824445,0.5953535816956647
1,0.4710678494852615,0.5953535816956647
1,0.4710678494852615,0.5976013266426412
1,0.4710678494852615,0.5976013266426412
0,0.3624202856372139,0.5986130042091196
1,0.4710678494852615,0.6092477102876415
1,0.4710678494852615,0.6092477102876415
0,0.45716582533796585,0.599631194803945
1,0.4710678494852615,0.6070738712796653
1,0.4710678494852615,0.6070738712796653
0,0.45639695952355314,0.599631194803945
1,0.4710678494852615,0.6033927451448008
0,0.43882822102665325,0.5969715347084167
0,0.3677766857222987,0.595902906962932
1,0.4710678494852615,0.6038011305571912
0,0.39448213953065214,0.596192859955674
1,0.4710678494852615,0.6048657392919584
1,0.4710678494852615,0.6048657392919584
0,0.4322040647713767,0.5968771970999559
1,0.4710678494852615,0.5968771970999559
0,0.3925034155719285,0.5942556513703219
0,0.48045522213224073,0.5930090723322389
1,0.4710678494852615,0.5930090723322389
0,0.47911232112744107,0.5930090723322389
1,0.4710678494852615,0.5930090723322389
1,0.4710678494852615,0.5930090723322389
0,0.3830155110786136,0.5938487425239756
1,0.4710678494852615,0.5938487425239756
0,0.4396447824892185,0.5930074647429109
0,0.4676946174352919,0.5878083512233659
0,0.38323934430708245,0.5854644664356364
1,0.46921024260824445,0.5878083512233659
1,0.4710678494852615,0.5878083512233659
0,0.4146308634747984,0.5889257971266144
1,0.4710678494852615,0.5889257971266144
1,0.4710678494852615,0.5889257971266144
0,0.38138985760008304,0.5899275105933585
1,0.4710678494852615,0.5899275105933585
0,0.4521610289729747,0.5854545967434245
0,0.47143399023482585,0.5852976376555604
1,0.4710678494852615,0.5852976376555604
1,0.4710678494852615,0.5877316320654248
1,0.4710678494852615,0.5937210499270327
1,0.4710678494852615,0.6016170472628816
0,0.5074895220433946,0.6000791340661317
1,0.4710678494852615,0.611385912213071
0,0.396641315031205,0.6013405752558523
1,0.4710678494852615,0.6013405752558523
0,0.38261478618410966,0.5976381619852053
1,0.46921024260824445,0.6013405752558523
1,0.4710678494852615,0.6013405752558523
0,0.44358651004448774,0.6025251413249176
1,0.4710678494852615,0.6098715329486444
1,0.4710678494852615,0.6098715329486444
0,0.38091726455316716,0.6056749035342037
1,0.4710678494852615,0.6056749035342037
0,0.4503918002851635,0.5980193742239748
1,0.46921024260824445,0.6069103847346583
0,0.4998689482485088,0.5980193742239748
0,0.37820979022832474,0.5982266844897588
1,0.46921024260824445,0.601261215253097
1,0.4710678494852615,0.601261215253097
0,0.3677797230620052,0.6025251413249176
0,0.5957665820864274,0.5976381619852053
1,0.4710678494852615,0.5976381619852053
0,0.4357092448472969,0.5907677711668368
0,0.3825687569139693,0.5907677711668368
1,0.4656358206586224,0.5993054955138214
1,0.46873429232162356,0.5979920638687924
1,0.47059001490787866,0.6051994121776979
1,0.47059001490787866,0.6094820328805832
1,0.47059001490787866,0.6094820328805832
0,0.36369977352988203,0.6024008455941946
1,0.47059001490787866,0.6026469480267396
0,0.5878262862671929,0.596693824334381
0,0.4296534423141433,0.596693824334381
1,0.47059001490787866,0.5962484120941443
0,0.46087350364246576,0.5956018102375682
0,0.46410399156196325,0.5943524073417364
1,0.47059001490787866,0.5943524073417364
0,0.4403060252555531,0.5903267825296432
1,0.47059001490787866,0.5985954010407236
1,0.47059001490787866,0.5985954010407236
0,0.37253835134150803,0.5924069583327215
1,0.47059001490787866,0.5980182170908481
1,0.46873429232162356,0.5976137429952494
1,0.47059001490787866,0.5976137429952494
0,0.4328705751421341,0.5915693267463091
0,0.42848812044712836,0.5881663503908903
1,0.47059001490787866,0.5915278240440379
0,0.4813364885219783,0.5900873109415472
1,0.47059001490787866,0.5900873109415472
1,0.47059001490787866,0.5900873109415472
0,0.4739638448803689,0.5900240291985038
1,0.46873429232162356,0.5950970866535366
1,0.46873429232162356,0.5950970866535366
1,0.47059001490787866,0.5973472527525719
1,0.47059001490787866,0.6048657392919584
0,0.41052328492899826,0.5973472527525719
0,0.4298065350813015,0.5938120591457074
1,0.47059001490787866,0.5973472527525719
0,0.3982970290948825,0.5938120591457074
1,0.46873429232162356,0.5938120591457074
0,0.5915143146857086,0.5932097171802416
0,0.4727386765229292,0.5891218218261136
1,0.47059001490787866,0.5938120591457074
1,0.47059001490787866,0.596741324811657
0,0.46526854598586365,0.5932097171802416
1,0.47059001490787866,0.596741324811657
1,0.47059001490787866,0.596741324811657
0,0.4469408520647865,0.5932097171802416
1,0.47059001490787866,0.596741324811657
0,0.3850550768927127,0.5932097171802416
0,0.46055049728104713,0.5937703991001615
1,0.47059001490787866,0.5973053446886094
0,0.43655228085040476,0.5937703991001615
1,0.47059001490787866,0.596741324811657
1,0.4710678494852615,0.6025952520456397
0,0.3912178460566479,0.5962717459668816
1,0.4710678494852615,0.5962717459668816
0,0.45792713582508016,0.5962717459668816
0,0.47948232918023087,0.5960941884156645
0,0.41137203478885054,0.5930090723322389
0,0.37533120498058936,0.592566410637721
1,0.46921024260824445,0.596741324811657
1,0.4710678494852615,0.596741324811657
0,0.4003084705042564,0.596741324811657
0,0.41952891566704625,0.593410429916506
1,0.4710678494852615,0.5938120591457074
1,0.4710678494852615,0.5938120591457074
0,0.4815079677241269,0.5940129756846079
1,0.4710678494852615,0.5940129756846079
1,0.4710678494852615,0.5940129756846079
0,0.45821524595787344,0.5911596294242344
1,0.4710678494852615,0.5911596294242344
1,0.4710678494852615,0.5911596294242344
0,0.4276054810009022,0.5867273653079542
1,0.4710678494852615,0.5896826266148989
0,0.45735901254979666,0.5895023118558235
1,0.4710678494852615,0.5944867444443668
1,0.46921024260824445,0.5936171705861409
1,0.46873429232162356,0.5914122926565659
0,0.3704270679599019,0.5922546680726402
1,0.47059001490787866,0.5922546680726402
0,0.5915143146857086,0.5922546680726402
0,0.4529992811712884,0.5914122926565659
0,0.46151249509466413,0.5896442842164858
0,0.3842245523420019,0.5871424195296632
1,0.46873429232162356,0.5900775190843125
0,0.45497088413624376,0.5899434190311712
1,0.47059001490787866,0.5899434190311712
0,0.4666709107640023,0.589279806444273
1,0.46873429232162356,0.5924163081998902
0,0.4607600512922063,0.5862419865464445
0,0.43541113938485804,0.5826286965801928
1,0.47059001490787866,0.5826286965801928
0,0.47475398700522553,0.5828258292240622
0,0.3800637298480878,0.5802401444599566
1,0.47059001490787866,0.5830230285678376
0,0.42982967229974434,0.5773409093362724
1,0.47059001490787866,0.5773409093362724
1,0.47059001490787866,0.5763160153855298
1,0.4710678494852615,0.578407902926927
1,0.4710678494852615,0.5794451570266352
0,0.5288200575138932,0.5755366877285416
1,0.4710678494852615,0.5790532449591775
0,0.4104799315212022,0.5762254689731822
1,0.4710678494852615,0.5784949041524612
1,0.4710678494852615,0.5774593510829154
0,0.3666485399277161,0.5770454290731591
0,0.3640943324540826,0.5765981340797217
1,0.4710678494852615,0.5811127810221638
0,0.5880251775175347,0.5774367667835285
1,0.4710678494852615,0.5811127810221638
1,0.4710678494852615,0.5824971499298861
0,0.45260598777956235,0.5795961416565444
1,0.4710678494852615,0.5795961416565444
0,0.45953277295767075,0.5790992035011496
0,0.4279451292611996,0.5794592697921944
1,0.4710678494852615,0.5794592697921944
0,0.3683514140706323,0.5797535325294811
1,0.4710678494852615,0.5797535325294811
1,0.4710678494852615,0.5797535325294811
0,0.4033098946021039,0.5789451752487378
1,0.4710678494852615,0.5789451752487378
0,0.4138980343874245,0.5800639185295917
0,0.3942924441926106,0.5804028691663302
0,0.3977905774444555,0.5750588124919739
1,0.46921024260824445,0.5750588124919739
1,0.4710678494852615,0.5750588124919739
0,0.5104159262248725,0.5761135897201398
1,0.4710678494852615,0.5746698671614616
1,0.4710678494852615,0.5746698671614616
0,0.46705644889310516,0.5738352529279787
1,0.4710678494852615,0.5746168768010979
0,0.44910186510989586,0.5753949589526122
0,0.4361927023536947,0.5776215962720103
1,0.4710678494852615,0.5788782339665116
0,0.3849861473369051,0.5815524604175599
1,0.4710678494852615,0.582404361005723
1,0.4710678494852615,0.5826014177455644
0,0.4122343477656133,0.5828737683463985
0,0.5880251775175347,0.5857035030663276
1,0.4656358206586224,0.5819822445500159
0,0.4210791560873067,0.5812887256331638
1,0.46921024260824445,0.5797130435502482
0,0.43966109682202614,0.5837820342954546
0,0.42673855804569694,0.5822957404268188
1,0.4710678494852615,0.5822957404268188
0,0.3849789680023084,0.5856929301868454
1,0.4710678494852615,0.5838784446407732
1,0.4710678494852615,0.5838784446407732
0,0.4170124878084388,0.5847276661865646
0,0.5866979022441716,0.5823541009712934
1,0.4714555262572441,0.5782445093797197
1,0.4692139989124747,0.5724108794651239
0,0.5372249972543583,0.5758372073378699
0,0.39966788203891224,0.5788536868659893
1,0.4710716206607284,0.5796689765783147
1,0.4710716206607284,0.5796689765783147
1,0.4710716206607284,0.5749142752431561
0,0.37124696131454404,0.5767145951983768
1,0.4710716206607284,0.5767145951983768
0,0.49520360761250176,0.575504812298251
0,0.4605309333065789,0.5794943147330528
1,0.4692139989124747,0.5794943147330528
0,0.39647420529143584,0.5794943147330528
1,0.4710716206607284,0.5794943147330528
1,0.4710716206607284,0.5777863180871582
0,0.48523675323781396,0.5777863180871582
1,0.4710716206607284,0.5734504463254877
0,0.55811210023379,0.5760252292850807
1,0.4692139989124747,0.5756356303113395
1,0.4710716206607284,0.5737273794409865
0,0.43551650747900933,0.5756356303113395
0,0.4550585179318895,0.5782169795428765
1,0.4710716206607284,0.5754980401149966
0,0.38149460167700094,0.5782169795428765
1,0.4710716206607284,0.5783729992158999
1,0.4710716206607284,0.5740614479147589
0,0.4665287269812574,0.5783729992158999
1,0.4710716206607284,0.5783729992158999
1,0.4710716206607284,0.5783729992158999
1,0.4710716206607284,0.5783729992158999
1,0.4710716206607284,0.5742556818267429
0,0.5117705899362994,0.5783729992158999
1,0.4710716206607284,0.5736444735048487
0,0.39372342863496457,0.578764450882664
1,0.4710716206607284,0.5742845008773095
1,0.4710716206607284,0.5742845008773095
0,0.36490020910150484,0.5773088262956577
1,0.4710716206607284,0.5732277173109775
1,0.4692139989124747,0.5728400104553915
1,0.4710716206607284,0.5728400104553915
1,0.4710716206607284,0.5713143742675744
0,0.44839240039606354,0.5704662544182458
0,0.4535711661225803,0.5719014792215197
1,0.4692139989124747,0.5732851690135534
1,0.4710716206607284,0.5722815507280088
0,0.4122263166281957,0.5722414011973598
0,0.3991696573649653,0.5734792249652696
1,0.4710716206607284,0.5734792249652696
0,0.4803913731954964,0.5747595761341163
0,0.4440242175972608,0.5740727654494683
1,0.4710678494852615,0.5740727654494683
0,0.43347957859209457,0.5740727654494683
1,0.4710678494852615,0.5737476391277646
1,0.4710678494852615,0.5741359602802787
0,0.43788502389685796,0.5735260898551952
1,0.4710678494852615,0.5744970105225844
0,0.4616484035970233,0.578661398617687
1,0.4710678494852615,0.578661398617687
1,0.4710678494852615,0.5731634019991929
0,0.49321168924549014,0.5776834399842256
1,0.4710678494852615,0.5731634019991929
0,0.39372342863496457,0.5732304865996343
1,0.4710678494852615,0.5732304865996343
1,0.4710678494852615,0.5718220191615292
0,0.3666485399277161,0.573314763513157
1,0.4710678494852615,0.573314763513157
1,0.4710678494852615,0.5739606154862636
0,0.5957665820864274,0.572374564090954
1,0.4710678494852615,0.572374564090954
1,0.4710678494852615,0.5883508810371539
0,0.3973578191890083,0.5879094871511549
1,0.4710678494852615,0.5883073932583965
0,0.4679708268807231,0.5914381414261254
0,0.4428534704365762,0.5912380957887181
1,0.4710678494852615,0.5883073932583965
0,0.37714097801929225,0.5910381178139357
1,0.4710678494852615,0.5883073932583965
1,0.4710678494852615,0.5883073932583965
0,0.4149628808268133,0.5910381178139357
1,0.4710678494852615,0.5893080548719434
0,0.4309021854741962,0.5945862526554353
0,0.38487919826543365,0.5968412414928803
1,0.4710678494852615,0.5968412414928803
0,0.5353585946570383,0.6031575687673514
0,0.4419540123026035,0.6031575687673514
0,0.5711428150543946,0.6028644810608844
1,0.46921024260824445,0.6028644810608844
1,0.4710678494852615,0.5985056930650626
0,0.4441872664348893,0.6054537860307355
1,0.4710678494852615,0.5987081976968072
0,0.4426461295988966,0.5974343190509696
0,0.42008175068244474,0.6047522333255523
1,0.4710678494852615,0.6047522333255523
1,0.46921024260824445,0.5957445321622318
0,0.3859751187958538,0.6011434339966841
0,0.5915143146857086,0.6037183352288584
1,0.4714555262572441,0.5991998296361957
0,0.470675205289633,0.6015861279408455
0,0.4360527047043739,0.603782299590981
1,0.4692139989124747,0.6010037756873341
1,0.47059001490787866,0.6010037756873341
0,0.3976841642323534,0.5807038432748097
1,0.47059001490787866,0.5807038432748097
0,0.4040061017948024,0.5856156214769266
0,0.43069322731745857,0.5852195359696695
1,0.47059001490787866,0.5852195359696695
0,0.384818189187422,0.5850215936881421
1,0.47059001490787866,0.5807271293458147
1,0.47059001490787866,0.5774423735999007
0,0.449608779038538,0.5773871109915671
1,0.47059001490787866,0.5773871109915671
0,0.397439117488785,0.5805307065576774
1,0.4692139989124747,0.5772131367022555
1,0.4692139989124747,0.5729040446220465
0,0.515635448615606,0.5762948152167269
1,0.4710716206607284,0.5762948152167269
1,0.4710716206607284,0.5748500259295585
1,0.4710716206607284,0.5748500259295585
1,0.4710716206607284,0.5748500259295585
1,0.4710716206607284,0.5727263598854565
0,0.39629002532087876,0.5754337255629906
1,0.4710716206607284,0.5754337255629906
0,0.5915143146857086,0.5756284237856454
1,0.4710716206607284,0.5756284237856454
1,0.4710716206607284,0.5734731023328278
0,0.44123292904458983,0.5751874813851178
1,0.4710716206607284,0.5758119208796764
1,0.4710716206607284,0.5762016391695629
1,0.4692139989124747,0.5736383491081649
1,0.4710716206607284,0.5736383491081649
0,0.38902854896577915,0.573444324000295
1,0.46530922512980755,0.5719132652089921
1,0.4710716206607284,0.5735652267058603
0,0.48711880877551206,0.572481501698449
0,0.5880251775175347,0.5723003448292615
1,0.4710716206607284,0.5735652267058603
0,0.4412845372311787,0.5723003448292615
0,0.40680760432380353,0.5723003448292615
1,0.4710716206607284,0.5723003448292615
0,0.4233544792316098,0.5726876864309213
1,0.4710716206607284,0.572481501698449
1,0.4710716206607284,0.572481501698449
0,0.38323934430708245,0.5743418848299892
1,0.4710716206607284,0.5739178683739989
0,0.38266486987971254,0.5734915724706259
0,0.3708876279092109,0.5742681308603959
1,0.47059001490787866,0.5742681308603959
1,0.4710678494852615,0.5742681308603959
0,0.441700171799199,0.5727281921078273
0,0.4257779013185579,0.5746839431591589
1,0.4710678494852615,0.5723408231098499
0,0.3871992172609884,0.5746839431591589
0,0.5756174082506798,0.5752674741530367
1,0.4710678494852615,0.5752674741530367
0,0.46384578869382936,0.5753820962909602
1,0.4710678494852615,0.5741010040784974
0,0.44125521746750546,0.573444324000295
1,0.4710678494852615,0.573444324000295
0,0.5167451722032729,0.573444324000295
1,0.46873429232162356,0.573444324000295
1,0.47059001490787866,0.573444324000295
0,0.47337502991947267,0.573444324000295
1,0.46873429232162356,0.5730564706411538
0,0.5863010847282198,0.5730564706411538
1,0.4710678494852615,0.5712930536133154
1,0.4710678494852615,0.5712930536133154
0,0.4238926706808727,0.5718731415161334
1,0.4710678494852615,0.5718731415161334
1,0.4710678494852615,0.5718731415161334
0,0.41769113369424066,0.5712930536133154
1,0.4710678494852615,0.5712930536133154
0,0.37930254575797906,0.5714863508380214
0,0.3724181155851532,0.5723003448292615
0,0.40861948921986485,0.5723003448292615
1,0.4710678494852615,0.5723003448292615
1,0.4710678494852615,0.5723003448292615
0,0.3865278773419667,0.5755213915055787
1,0.4710678494852615,0.5755213915055787
0,0.5720307964586433,0.5735981043886739
1,0.4710678494852615,0.5736571877675658
0,0.45271642789558825,0.5735981043886739
1,0.4710678494852615,0.5747431383846957
0,0.3828483064723517,0.5751321333062894
0,0.4078189149312644,0.5735981043886739
1,0.4710678494852615,0.5734631562877841
1,0.46921024260824445,0.5724939828713383
0,0.41259391722448613,0.5712892984488224
1,0.46873429232162356,0.5727278672737798
1,0.4710678494852615,0.5726379916026221
0,0.5821803564975285,0.5736974366324575
1,0.4710678494852615,0.5732194451482617
0,0.5789831244116619,0.573891547381084
0,0.4991276696889739,0.5733094120786939
1,0.46873429232162356,0.5732194451482617
1,0.47059001490787866,0.5732194451482617
0,0.40595579837975126,0.5717895197733706
1,0.47059001490787866,0.5717895197733706
0,0.43662164451276103,0.5729216499682404
0,0.3883402318502665,0.5733094120786939
0,0.41064774077850447,0.5730023722944685
0,0.580668166455166,0.5768331219019683
0,0.5013877169574759,0.5785796489449055
1,0.4714555262572441,0.5761377003853276
1,0.4710716206607284,0.5759732495571919
0,0.4702685053330019,0.5844577661398539
0,0.5916405737998987,0.6049181290994917
1,0.4710716206607284,0.6049181290994917
0,0.38521513090757303,0.6038713569409183
1,0.4710716206607284,0.604526936446923
1,0.4710716206607284,0.6056519377348223
0,0.4057322201285126,0.6056519377348223
0,0.5048075148517484,0.6036824202134117
1,0.4710716206607284,0.6055199503088444
0,0.4330433456568534,0.6031892409081213
0,0.40531944026392613,0.6024011520427138
1,0.4710716206607284,0.6031892409081213
0,0.4643152490770118,0.6033610737810692
1,0.4710716206607284,0.6054428743849526
1,0.4710716206607284,0.6058526473560797
0,0.49112678145448235,0.6032168565640733
1,0.4710716206607284,0.6060576378326381
1,0.4710716206607284,0.6062973390001646
0,0.5871843914975111,0.6054183730735013
1,0.4710716206607284,0.6061347920190098
0,0.45024999594555465,0.6044148130527525
0,0.40620201484421686,0.6025178958385834
1,0.4710716206607284,0.6035730619541216
0,0.38578655748381036,0.6040907719357412
1,0.4710716206607284,0.6040907719357412
1,0.4710716206607284,0.6036821906222373
0,0.44033718533539745,0.6049242355361637
1,0.4710716206607284,0.603886446723924
1,0.4692139989124747,0.6030698367442456
0,0.47637838121856635,0.6042002239962064
0,0.4326510992997365,0.6045150905033174
1,0.4710716206607284,0.6045150905033174
0,0.4032650565941216,0.6045150905033174
1,0.4710716206607284,0.6049242355361637
1,0.4710716206607284,0.6053336574846081
0,0.3813777202366092,0.6065239456308099
1,0.4710716206607284,0.6065239456308099
0,0.37737212345161014,0.6084232499439207
0,0.3994039011225561,0.6074552744991643
1,0.4710716206607284,0.6074552744991643
0,0.453886261069742,0.6080905466138259
1,0.4710716206607284,0.6080117383264996
0,0.41096906308280023,0.6072498112916501
0,0.39727555713189655,0.60829629428446
1,0.4710716206607284,0.6072498112916501
0,0.5611372136569532,0.6072498112916501
1,0.4710716206607284,0.6072498112916501
1,0.4710716206607284,0.6065559378125844
0,0.4440772309949588,0.6078664094933802
0,0.4263325194835273,0.6073636759944185
0,0.4016097287393392,0.6063372094770243
1,0.4656358206586224,0.6063372094770243
1,0.4710716206607284,0.6059087091769748
0,0.4419697403895778,0.606542363905363
1,0.4710716206607284,0.606542363905363
0,0.5867797274181514,0.606542363905363
1,0.4710678494852615,0.606542363905363
0,0.43859107395935615,0.6071653885140658
1,0.46921024260824445,0.6071653885140658
0,0.38441038390077203,0.6082936965021379
0,0.3961965014002211,0.6022099910639417
1,0.4710678494852615,0.6022099910639417
1,0.4710678494852615,0.6022099910639417
0,0.5258825963176038,0.6024488041296876
1,0.4710678494852615,0.6024488041296876
1,0.4710678494852615,0.6024488041296876
1,0.46921024260824445,0.6013009772998545
0,0.4369901685157413,0.6024488041296876
0,0.4135456889624781,0.6024488041296876
1,0.4710678494852615,0.6017079469718655
0,0.3799778365882546,0.6034088018012878
0,0.4739613061241594,0.6040638791445945
1,0.46429834587556085,0.602986260072977
1,0.47059001490787866,0.602986260072977
1,0.46873429232162356,0.6022670805770449
1,0.47059001490787866,0.6022670805770449
1,0.47059001490787866,0.6000810501325111
1,0.47059001490787866,0.599598323792554
1,0.46873429232162356,0.5985849810004433
1,0.47059001490787866,0.5935436399390308
0,0.42604595741993784,0.5943890511299379
1,0.46873429232162356,0.5934060117428199
1,0.47059001490787866,0.5934060117428199
0,0.404359733701548,0.5935436399390308
1,0.47059001490787866,0.5926035740099992
0,0.48247527068140483,0.5936150731823657
1,0.46873429232162356,0.5918022213796249
0,0.4026562876940073,0.5908750932968247
1,0.46873429232162356,0.5892448581235981
0,0.4753705681150856,0.5947913427049017
1,0.47059001490787866,0.5932053005009407
1,0.47059001490787866,0.5914673626171885
0,0.42348958390966074,0.5924031341814031
1,0.47059001490787866,0.590268044022694
1,0.47059001490787866,0.5894341916045724
0,0.46140367588920833,0.5908293566511141
0,0.5089599073117437,0.5908695036098673
1,0.4692139989124747,0.5901512895792554
0,0.3974974617620986,0.5902287349129973
0,0.5251792847937319,0.5902287349129973
1,0.47059001490787866,0.5901512895792554
0,0.4003064806968315,0.5891222389528369
1,0.46873429232162356,0.5895112997499115
1,0.47059001490787866,0.5895112997499115
0,0.43210174834939097,0.5891756470849291
1,0.47059001490787866,0.5895112997499115
1,0.47059001490787866,0.5895112997499115
0,0.4027575868996662,0.5896061081219711
1,0.47059001490787866,0.5906598150286219
0,0.48182400045887924,0.5884708572749887
1,0.47059001490787866,0.5907012568297516
1,0.47059001490787866,0.5907012568297516
1,0.47059001490787866,0.5907012568297516
0,0.5280244292098782,0.5884708572749887
1,0.47059001490787866,0.5884708572749887
0,0.4046321611788106,0.5924239772803402
1,0.47059001490787866,0.5881724691327364
1,0.47059001490787866,0.5881724691327364
1,0.47059001490787866,0.5886021972321159
1,0.47059001490787866,0.5886021972321159
0,0.4695794201673012,0.5881724691327364
1,0.47059001490787866,0.5902456704913859
0,0.5936353400453629,0.5881724691327364
1,0.47059001490787866,0.5879322776310892
1,0.47059001490787866,0.5874934055962072
0,0.4341045237928401,0.5917815228338046
1,0.4710678494852615,0.5881312047436497
0,0.44816983895504625,0.5922235981978132
1,0.46873429232162356,0.5915813610524632
0,0.4036934382055004,0.5939376613262699
0,0.528948253607775,0.5943576956684644
1,0.4710678494852615,0.5943576956684644
1,0.4710678494852615,0.5886400677232642
1,0.46873429232162356,0.5894688291106326
0,0.4415361353569404,0.5886400677232642
1,0.4710678494852615,0.5894688291106326
1,0.4710678494852615,0.5894688291106326
0,0.39038981095847297,0.5886162463947092
0,0.40450819149574346,0.5877743404974245
1,0.4710678494852615,0.5877743404974245
0,0.480676210058407,0.5898252172415849
1,0.4710678494852615,0.5913997159266708
1,0.4710678494852615,0.5913997159266708
1,0.4710678494852615,0.5913997159266708
0,0.5266124175296851,0.592801840764652
1,0.4710678494852615,0.5925858165201268
1,0.4710678494852615,0.5925858165201268
1,0.4710678494852615,0.5942993889392476
1,0.4710678494852615,0.5937664526841644
0,0.47413046506875384,0.5930051309762988
1,0.4710678494852615,0.5933648543012345
0,0.5766861646375551,0.5930051309762988
0,0.4334346020556849,0.5920959565551601
1,0.4710678494852615,0.5920959565551601
0,0.39915890692030065,0.5924966961287432
1,0.46921024260824445,0.5924966961287432
0,0.4064051602146897,0.5925858165201268
1,0.4710678494852615,0.5930051309762988
0,0.46175265162323864,0.5915843251182171
0,0.38402338514640827,0.6065236842269613
1,0.46610862477373366,0.6065236842269613
1,0.4710678494852615,0.6065236842269613
0,0.45288460848797996,0.6060464075928047
1,0.46873429232162356,0.6055695065301081
0,0.5166915604312244,0.6020265520522926
1,0.47059001490787866,0.6055695065301081
1,0.47059001490787866,0.6055695065301081
0,0.39370805092477246,0.6044854877136772
1,0.46873429232162356,0.6072777849867074
1,0.46873429232162356,0.6099867928334015
1,0.46873429232162356,0.6103996411978349
0,0.4975858678540878,0.6070297914631275
1,0.47059001490787866,0.6094285213988756
0,0.39809250767777005,0.6070297914631275
1,0.46873429232162356,0.6096107361358691
0,0.48070992472361423,0.6077547045322179
1,0.47059001490787866,0.6095679677032623
1,0.47059001490787866,0.608949643501023
0,0.43134860095880195,0.6079903930349607
1,0.47059001490787866,0.6095040105318607
1,0.47059001490787866,0.6092978543681828
0,0.4809669556171187,0.6099440003815966
1,0.47059001490787866,0.6105347982294812
0,0.44247971262277164,0.6094886973223903
1,0.47059001490787866,0.6094886973223903
1,0.46873429232162356,0.6108497773517396
1,0.47059001490787866,0.6104366245343507
1,0.47059001490787866,0.613503501734825
0,0.5861364178913276,0.613503501734825
1,0.47059001490787866,0.6132959927994693
0,0.42303596269567595,0.6117554350753407
0,0.41796825887176137,0.6096417503944555
1,0.47059001490787866,0.6094355476422054
0,0.44921409063245693,0.6098480229154861
1,0.47059001490787866,0.6129119429393881
1,0.47059001490787866,0.6142350957321716
0,0.3821204764364958,0.6148339043957921
1,0.47059001490787866,0.6186203620870107
0,0.3961952373503523,0.6153181014024551
1,0.46873429232162356,0.6143749511846777
0,0.49381508685276704,0.613476286241024
0,0.48008252044351046,0.6146674515570819
1,0.47059001490787866,0.6146674515570819
0,0.4483848415350911,0.6123965223025518
1,0.47059001490787866,0.6123965223025518
1,0.47059001490787866,0.6123965223025518
0,0.5674052249348809,0.6128787998101352
1,0.47059001490787866,0.6157512195475475
1,0.47059001490787866,0.6157512195475475
0,0.4306165858972714,0.6157512195475475
1,0.47059001490787866,0.6175978220393903
0,0.4173945070643614,0.6172110783464175
1,0.47059001490787866,0.6194457990221992
1,0.47059001490787866,0.6194457990221992
0,0.38044698236118374,0.6172110783464175
0,0.4876697176450813,0.6176288162174653
1,0.47059001490787866,0.6176288162174653
1,0.4710678494852615,0.6176288162174653
0,0.4552505777670896,0.6176288162174653
1,0.4710678494852615,0.6176288162174653
1,0.4710678494852615,0.6185461550521947
0,0.4221919710100521,0.6198650493862826
1,0.4710678494852615,0.6198650493862826
1,0.4710678494852615,0.6230935642797528
1,0.4710678494852615,0.6230935642797528
1,0.4710678494852615,0.6230935642797528
0,0.5183631590876095,0.6230935642797528
1,0.4710678494852615,0.6237952559507544
0,0.4080526598220916,0.6208166276613963
1,0.4710678494852615,0.6240500987701533
1,0.4710678494852615,0.6276300146534041
1,0.4710678494852615,0.6276300146534041
0,0.49320906660485714,0.6276300146534041
1,0.4710678494852615,0.6272055123969635
1,0.46921024260824445,0.6262441413365963
0,0.46490952327311497,0.6270971516192029
0,0.5400466905189948,0.6228828116405501
1,0.46610862477373366,0.6182462144436939
1,0.4710678494852615,0.6234866143565253
1,0.4710678494852615,0.6234866143565253
0,0.4973136584450909,0.622854171571053
1,0.4710678494852615,0.622854171571053
0,0.3983626820617764,0.6234553262193054
1,0.4710678494852615,0.624510771947281
1,0.4710678494852615,0.624510771947281
1,0.4710678494852615,0.6262471384250257
0,0.5845038687968817,0.624510771947281
1,0.46921024260824445,0.6247220754074805
1,0.4710678494852615,0.6262471384250257
0,0.4057823407973238,0.6262471384250257
1,0.4710678494852615,0.6287996009256408
1,0.4710678494852615,0.6287996009256408
0,0.4591501790676617,0.6266709920393456
1,0.4710678494852615,0.6285869182997532
0,0.41039751061145524,0.6255680044362929
0,0.5043679651295186,0.6255680044362929
1,0.4710678494852615,0.6255680044362929
0,0.4850074158662774,0.6259964098320557
1,0.4710678494852615,0.6259964098320557
1,0.4710678494852615,0.6276928668124686
0,0.48236749630881565,0.6276928668124686
1,0.4710678494852615,0.6276928668124686
0,0.3930669177723456,0.6255680044362929
1,0.46429834587556085,0.6281617688343718
1,0.46873429232162356,0.6283743076107742
0,0.46399857746138296,0.6253564148524908
1,0.47059001490787866,0.6253564148524908
1,0.47059001490787866,0.6272683220455001
0,0.45131306390654574,0.6272683220455001
1,0.47059001490787866,0.6272683220455001
1,0.47059001490787866,0.6296510512851975
1,0.47059001490787866,0.630077208719655
0,0.5007542753493187,0.6298640939608905
0,0.4164255628803002,0.6275395922928846
1,0.47059001490787866,0.6277959648084798
0,0.4481644598220921,0.6269420039636922
1,0.47059001490787866,0.6269420039636922
1,0.47059001490787866,0.6264740124559948
0,0.45907455373013306,0.6247808496566862
1,0.47059001490787866,0.6247808496566862
1,0.47059001490787866,0.6264740124559948
1,0.47059001490787866,0.6260063702885074
0,0.42280846186077803,0.6243144713793293
1,0.4710678494852615,0.6260063702885074
1,0.4710678494852615,0.6260063702885074
0,0.3942711745515395,0.6277909389724139
1,0.4710678494852615,0.6277909389724139
1,0.46921024260824445,0.6288587587910341
1,0.4710678494852615,0.6288587587910341
0,0.4278184920813904,0.6288587587910341
1,0.4710678494852615,0.6288587587910341
1,0.4710678494852615,0.6288587587910341
0,0.45042634016871713,0.6277909389724139
1,0.4710678494852615,0.6277909389724139
1,0.4710678494852615,0.6289167512614812
0,0.38153168494192735,0.6310735593912492
1,0.4710678494852615,0.6274936843574557
0,0.3867562996477017,0.6266451513135178
0,0.41866192288235693,0.6175543609201496
1,0.4710678494852615,0.6204860997562726
0,0.39824017651603133,0.6175543609201496
1,0.4710678494852615,0.621264634595414
1,0.4710678494852615,0.621264634595414
0,0.46697735952143343,0.6193759850077897
1,0.4710678494852615,0.621264634595414
0,0.3942095067215103,0.6195855511108506
0,0.5316463360772871,0.615707888375998
1,0.46921024260824445,0.6188091204072381
0,0.44582199800387035,0.6161857570393029
0,0.5853210107340417,0.6161857570393029
1,0.4710678494852615,0.6161857570393029
0,0.429830102214237,0.6152844433748017
0,0.42474161086305756,0.6085924357387303
1,0.4710678494852615,0.6146603205816809
0,0.3815850250294947,0.6096227201221743
0,0.43854327953675415,0.6101811694538547
1,0.4710678494852615,0.6101811694538547
1,0.4710678494852615,0.6101811694538547
0,0.4128340936548995,0.5991128648211086
1,0.4710678494852615,0.5991128648211086
1,0.4710678494852615,0.608180809691231
0,0.4545615130817213,0.5972867751631125
1,0.4710678494852615,0.6073157822119555
1,0.4710678494852615,0.6078721182563654
1,0.4710678494852615,0.6086952309506036
1,0.4710678494852615,0.6133838816622582
0,0.5120612822256146,0.6087379381503619
1,0.4710678494852615,0.6141535052232525
0,0.40220767202524543,0.6110143664685923
1,0.4710678494852615,0.6173151970171966
1,0.4710678494852615,0.6189951763564758
0,0.6127241747615607,0.6173151970171966
1,0.4710678494852615,0.6177330053573487
0,0.43765880711863936,0.611488592354076
1,0.4710678494852615,0.6179420155576122
0,0.4114170426537247,0.611488592354076
0,0.49899185320678974,0.6050219834035705
1,0.4710678494852615,0.610618860150723
1,0.4710678494852615,0.6179420155576122
0,0.4583988468663908,0.6130061573586205
0,0.38287530544675036,0.6139220485158909
0,0.3816963890556799,0.6060630855035041
1,0.4710678494852615,0.6060630855035041
1,0.4710678494852615,0.6060630855035041
0,0.39902318892416067,0.6056531702009614
0,0.4970468762788711,0.6021704236660247
0,0.4037861891998707,0.5924366843308259
0,0.41197059011729065,0.5837798081011492
1,0.46610862477373366,0.5837798081011492
1,0.4710678494852615,0.5901294930809805
0,0.4416478404722283,0.582143689042574
1,0.4653055000853401,0.5868392411888105
1,0.46873429232162356,0.5936945647834585
1,0.46873429232162356,0.5930923420001211
0,0.4110754112242013,0.5936945647834585
1,0.46873429232162356,0.5930923420001211
0,0.4131443413375718,0.5930923420001211
1,0.47059001490787866,0.5936945647834585
0,0.5038629840718246,0.5928501413740863
1,0.47059001490787866,0.6023674736721722
1,0.47059001490787866,0.6023674736721722
1,0.47059001490787866,0.6023674736721722
1,0.47059001490787866,0.605196743403078
0,0.6153012445881653,0.6015179147813847
1,0.47059001490787866,0.6060587526390393
0,0.40831914284399823,0.6025784978008373
1,0.47059001490787866,0.6025784978008373
0,0.48756211857619386,0.6027823804676328
1,0.47059001490787866,0.6046810295762547
0,0.4395741407724387,0.6012014897620566
1,0.47059001490787866,0.6018785278541565
1,0.47059001490787866,0.6065919728958443
0,0.5232310100612074,0.6004622071242931
1,0.47059001490787866,0.6067597018110342
0,0.4816178223019778,0.5957157977437105
0,0.4207315484029956,0.5953128809066643
0,0.392081940058336,0.5928722277874586
0,0.5089213354506557,0.587306076751336
0,0.4407251742886376,0.5876452527617744
1,0.47059001490787866,0.5876452527617744
0,0.48669882446620094,0.5826954598706713
1,0.47059001490787866,0.58710742872672
1,0.47059001490787866,0.5876452527617744
0,0.4071339363504601,0.5874464900156406
1,0.47059001490787866,0.5906683336312674
0,0.4640756892329362,0.5876147248623351
1,0.47059001490787866,0.5876147248623351
1,0.47059001490787866,0.5876147248623351
0,0.481557731385048,0.5869217403927149
1,0.47059001490787866,0.5869217403927149
0,0.40189117272121444,0.5863263877230649
1,0.46873429232162356,0.5895126425997995
1,0.47059001490787866,0.5900526699485358
0,0.4653518834350474,0.5899577897695542
1,0.46873429232162356,0.5880017247266258
1,0.47059001490787866,0.5880017247266258
0,0.4036091552664055,0.5876985269945356
1,0.47059001490787866,0.5876985269945356
1,0.47059001490787866,0.5929134791843971
0,0.45017259244195185,0.5896949546123771
0,0.42006608466425976,0.5900526699485358
1,0.47059001490787866,0.5928133931684788
1,0.4710678494852615,0.5928133931684788
0,0.43291003904377884,0.5928133931684788
0,0.40782361263997174,0.589454141374602
1,0.4710678494852615,0.589454141374602
0,0.3863783778078864,0.5894007079973053
1,0.4710678494852615,0.5894007079973053
1,0.4710678494852615,0.5894007079973053
0,0.44754789752639296,0.5894007079973053
1,0.46921024260824445,0.5872477944982119
0,0.41984952390709757,0.5864707398136358
0,0.42620648958118285,0.5806985148732751
1,0.4647697919259502,0.5806985148732751
1,0.4710678494852615,0.5838680001869794
0,0.47208230042355354,0.5834730966964577
1,0.4710678494852615,0.5834730966964577
1,0.4710678494852615,0.5834730966964577
0,0.3863783778078864,0.5842631709542062
1,0.4710678494852615,0.5842631709542062
0,0.5113216699817126,0.58030575508786
0,0.4443675304512523,0.5809592616209439
0,0.422056246309521,0.5793178930374842
1,0.4710678494852615,0.5793178930374842
1,0.4710678494852615,0.5793178930374842
0,0.42753691207857875,0.5774216115790193
1,0.4710678494852615,0.5786346931688251
0,0.46764360594124854,0.5774216115790193
1,0.4710678494852615,0.5788068299595779
1,0.4710678494852615,0.5788068299595779
0,0.5010086801003881,0.5769672355168298
1,0.4710678494852615,0.5769672355168298
0,0.4009246996477166,0.5774978117498489
1,0.4710678494852615,0.5813576022423467
1,0.4710678494852615,0.5826443635942488
1,0.4710678494852615,0.5838249473749725
1,0.4710678494852615,0.5875781594683028
0,0.6184083412798623,0.5862868280670497
1,0.4710678494852615,0.5862868280670497
1,0.4710678494852615,0.585332166943452
0,0.40961631178411,0.5848713435871297
1,0.4710678494852615,0.5848713435871297
0,0.5163598936757691,0.5872890964942219
0,0.4421929642975497,0.5857683030429102
1,0.4710678494852615,0.5857683030429102
0,0.4542147451668133,0.5877971562086669
1,0.4710678494852615,0.5889486471026096
0,0.3829856313004372,0.5905648959375097
1,0.4653055000853401,0.5826627656166573
0,0.5181770394587224,0.5801113514697025
1,0.46873429232162356,0.5801113514697025
0,0.4833757833004731,0.5771723768890643
1,0.46873429232162356,0.5789133958788156
1,0.47059001490787866,0.5789133958788156
0,0.4249387071432136,0.5819036874479805
1,0.47059001490787866,0.580672801121879
0,0.4304986280600243,0.5817476803510773
0,0.46065756354651954,0.5817476803510773
1,0.47059001490787866,0.5817476803510773
0,0.5042492518909548,0.5759460657092078
0,0.4442539334775528,0.5759460657092078
1,0.47059001490787866,0.5759460657092078
0,0.5138102384057459,0.5804700096268542
1,0.47059001490787866,0.5808628805822464
0,0.4855575130973399,0.5783770752998475
0,0.4127445388390485,0.5783770752998475
1,0.47059001490787866,0.5783770752998475
0,0.6179165841743548,0.5817249084358315
1,0.4710678494852615,0.5783770752998475
1,0.4710678494852615,0.5783770752998475
0,0.46641202129930026,0.5817249084358315
1,0.4710678494852615,0.5817249084358315
1,0.4710678494852615,0.5788091372116035
0,0.4523946663709372,0.5788091372116035
1,0.4710678494852615,0.5788091372116035
0,0.4318445576820409,0.5792008840632147
0,0.3882009642425475,0.5824833835336234
1,0.4710678494852615,0.5824833835336234
0,0.4473357577938215,0.5824833835336234
1,0.4710678494852615,0.5834333983676022
1,0.4710678494852615,0.5834333983676022
1,0.4710678494852615,0.5834333983676022
0,0.3930669177723456,0.5828708340833233
1,0.4710678494852615,0.5828708340833233
0,0.4348618152253011,0.5863866438500703
1,0.4710678494852615,0.5824766050335569
1,0.4710678494852615,0.5847175326997646
1,0.4710678494852615,0.5856153774130014
1,0.4710678494852615,0.5860528465146037
0,0.5053218541308394,0.5871687643207052
1,0.4710678494852615,0.5871687643207052
0,0.4009246996477166,0.5897882579374618
1,0.4710678494852615,0.5864433918462768
1,0.4710678494852615,0.5864433918462768
1,0.4710678494852615,0.5864433918462768
1,0.4710678494852615,0.5853890578647583
0,0.6157488623074868,0.5873436632711899
1,0.4710678494852615,0.5848189265871371
1,0.4710678494852615,0.6111057413531095
0,0.4125922320827563,0.6133969831303078
1,0.4710678494852615,0.6105164945513925
0,0.5161111278760496,0.6125982541881315
0,0.44121974934241215,0.6140553224337053
1,0.4710678494852615,0.6127747749101496
0,0.4505386308061878,0.6131819395198803
1,0.4710678494852615,0.6119461456219757
1,0.4710678494852615,0.6126940591987403
0,0.40938279956663265,0.613604526235781
1,0.46921024260824445,0.6108314642306569
1,0.4710678494852615,0.6115769744122668
1,0.4710678494852615,0.6115769744122668
0,0.4036645776203061,0.6124051038099212
1,0.4710678494852615,0.6111933127671165
0,0.4609442680211926,0.6111633297497049
0,0.5332377094212417,0.6113701170976964
1,0.4710678494852615,0.6110172476135238
0,0.4835638845875868,0.6113701170976964
1,0.4710678494852615,0.6113701170976964
1,0.4710678494852615,0.6110172476135238
0,0.6122022827805037,0.6115769744122668
1,0.4710678494852615,0.6115769744122668
0,0.43490438784519847,0.6111633297497049
0,0.4101065507655182,0.6110381392918223
1,0.4710678494852615,0.6110381392918223
0,0.3868617197292044,0.6120854799024489
1,0.4710678494852615,0.6120854799024489
1,0.4710678494852615,0.6106248590744257
0,0.4453707452583732,0.6122925792602998
0,0.4366377073456222,0.6113560884768204
1,0.4710678494852615,0.6113560884768204
0,0.391440268130972,0.6128102022245625
1,0.46921024260824445,0.606536283536372
1,0.46921024260824445,0.6051390825091754
1,0.46921024260824445,0.6044724801180876
1,0.4710678494852615,0.6044724801180876
0,0.3868617197292044,0.6044724801180876
0,0.5142758376869075,0.6044724801180876
0,0.45983607972720564,0.6057486881133488
1,0.4710678494852615,0.6057486881133488
0,0.4398567675493184,0.6065689254950771
1,0.4710678494852615,0.6040636406333985
1,0.46921024260824445,0.6050862582326387
0,0.48717576988204214,0.6023067697217654
0,0.4727064777470603,0.604322973391129
0,0.451557210470038,0.6046246696512756
1,0.4656358206586224,0.6025105604492607
0,0.4168785085313344,0.6031223464411019
0,0.3855165658073206,0.6045148910417226
0,0.4722695431307514,0.6045274463019122
1,0.47059001490787866,0.6063333332135231
0,0.4211915102186344,0.6081870809861524
1,0.47059001490787866,0.611005910700847
1,0.47059001490787866,0.6130478970608784
1,0.47059001490787866,0.6130478970608784
1,0.46873429232162356,0.6108314642306569
1,0.47059001490787866,0.6108314642306569
0,0.4535034444521877,0.6120699524625972
1,0.47059001490787866,0.6120699524625972
1,0.47059001490787866,0.6148473369082048
0,0.39804271828785975,0.6131855973668857
1,0.47059001490787866,0.6131855973668857
0,0.4157273474833731,0.5871592662719127
1,0.47059001490787866,0.5869606679038776
1,0.47059001490787866,0.5890137750296242
0,0.4532248510091573,0.5875566646182215
1,0.47059001490787866,0.5888145494000708
0,0.5282666017729862,0.5871592662719127
0,0.4866452759857065,0.5865636726644059
1,0.47059001490787866,0.5865636726644059
0,0.44580402721898743,0.5867209712644896
1,0.47059001490787866,0.5867209712644896
0,0.5476667372059898,0.5866982520136803
0,0.39906422023578914,0.5869525046397444
1,0.47059001490787866,0.5869525046397444
1,0.47059001490787866,0.5867437998237142
0,0.4533618056047276,0.5871703826727416
0,0.48240804488627936,0.586122374053589
0,0.4211915102186344,0.5850670773436188
1,0.46873429232162356,0.5850769123000648
0,0.3919202761370146,0.5855186665390862
1,0.47059001490787866,0.5866788927419582
0,0.44915805355636756,0.5857578719937095
0,0.47557686175359654,0.584406531557003
1,0.47059001490787866,0.5857578719937095
1,0.47059001490787866,0.5857578719937095
1,0.47059001490787866,0.5866788927419582
0,0.5162285168658906,0.5855186665390862
1,0.47059001490787866,0.5855186665390862
0,0.41715886784042566,0.5857167770054043
1,0.47059001490787866,0.5857167770054043
1,0.47059001490787866,0.5875383029032201
1,0.47059001490787866,0.5875383029032201
0,0.5055058359887822,0.5865747777891507
0,0.6197440263716084,0.5876090134015488
1,0.4710678494852615,0.5888442408421917
0,0.4464398501309743,0.5896588706747735
1,0.4710678494852615,0.5888029293236479
1,0.4710678494852615,0.5888029293236479
0,0.4747353295728256,0.5896588706747735
1,0.4710678494852615,0.5888029293236479
1,0.4710678494852615,0.589201440126178
0,0.39016648849765356,0.5897997121086194
1,0.4710678494852615,0.5897997121086194
0,0.39656336782451845,0.5899696634108239
0,0.39032549508549497,0.5893712190357883
1,0.4710678494852615,0.5893712190357883
0,0.4176742648865335,0.5889725934020223
1,0.4710678494852615,0.5889725934020223
1,0.4710678494852615,0.5889725934020223
0,0.5126740776149381,0.5890021510215439
1,0.4710678494852615,0.5888029293236479
0,0.4863837619988027,0.5888442408421917
0,0.44502674772141887,0.5894007966603575
1,0.4710678494852615,0.5894007966603575
0,0.4551305721174773,0.5901234661500845
1,0.4653055000853401,0.5884046880568807
0,0.48437324570285245,0.5901648703199703
1,0.4710678494852615,0.5903645528311269
0,0.4122150255662192,0.5892187097951873
1,0.4710678494852615,0.5892187097951873
1,0.4710678494852615,0.5888808386392401
1,0.46921024260824445,0.5879695122834873
1,0.4710678494852615,0.5867216138433202
0,0.5142242251960947,0.5877148191160471
1,0.4710678494852615,0.5877148191160471
0,0.4391717446025805,0.5880107653279275
0,0.43140759947242324,0.5889875348911146
1,0.4710678494852615,0.588272849818761
0,0.3930743941428084,0.5906101508524804
1,0.4710678494852615,0.5904103852712455
0,0.4469545846778447,0.5886155328547743
1,0.46921024260824445,0.5886155328547743
1,0.4710678494852615,0.5862449933423363
1,0.46921024260824445,0.5842922841237238
1,0.4710678494852615,0.5842922841237238
0,0.4512384538025207,0.5849872928712644
1,0.4710678494852615,0.5849872928712644
1,0.4710678494852615,0.5842922841237238
0,0.508154246944689,0.5849872928712644
1,0.4710678494852615,0.5849872928712644
1,0.4710678494852615,0.5834565628490311
0,0.4535034444521877,0.5862170091283365
1,0.4710678494852615,0.5852003645351032
0,0.3927237597429075,0.5851546241525589
1,0.46873429232162356,0.5822241699335977
0,0.43132130070949115,0.5822241699335977
1,0.47059001490787866,0.5822241699335977
0,0.5008978157528818,0.5843112527057327
1,0.47059001490787866,0.5889640240029095
1,0.47059001490787866,0.5901639842445491
0,0.41044539780649186,0.5898076339581808
1,0.47059001490787866,0.5908094123856051
0,0.6179281195148735,0.5896081398170043
0,0.5153002685050636,0.5915503758527427
1,0.47059001490787866,0.5892093539400952
0,0.45869741552244675,0.5901394225218373
0,0.43005010657576803,0.59130880491814
0,0.4969428588494718,0.5907090021652892
0,0.3984484713397265,0.5934364323135024
1,0.46873429232162356,0.5919507461689857
1,0.47059001490787866,0.5896081398170043
1,0.47059001490787866,0.5896081398170043
1,0.47059001490787866,0.5895653427573277
0,0.46811459884240536,0.5875709765628635
1,0.46873429232162356,0.5880533827715642
0,0.4242645787375106,0.5891665858265303
0,0.3979729458875373,0.5875709765628635
1,0.47059001490787866,0.5897648224181026
0,0.47155446680568713,0.5875709765628635
1,0.47059001490787866,0.5875709765628635
1,0.47059001490787866,0.588967308510873
0,0.5054928299747937,0.5884125911692837
1,0.47059001490787866,0.5884125911692837
0,0.4116129136543145,0.5884125911692837
1,0.4710678494852615,0.5884125911692837
0,0.49424205920966385,0.5895264742167428
1,0.4710678494852615,0.5883698808892212
0,0.46891057472155667,0.5884125911692837
1,0.4710678494852615,0.5891665858265303
1,0.4710678494852615,0.5897062961674395
0,0.6148590641033828,0.5895264742167428
1,0.4710678494852615,0.5895264742167428
0,0.5127099332053712,0.5884125911692837
0,0.4438059566566182,0.5907800942586964
1,0.4710678494852615,0.5875709765628635
0,0.41267248524830963,0.5895065019519611
1,0.4710678494852615,0.5897059617039268
1,0.4710678494852615,0.5895065019519611
0,0.46670019499035914,0.5908776603185419
0,0.39078921835584984,0.5912479035245759
1,0.4710678494852615,0.5912479035245759
1,0.4710678494852615,0.5882698852762047
0,0.4056903486563829,0.5916895802618258
1,0.4710678494852615,0.5916895802618258
1,0.4710678494852615,0.5916895802618258
0,0.43478238713393136,0.5916364090253092
0,0.48420271850521557,0.5916364090253092
1,0.46921024260824445,0.5916364090253092
0,0.45077759153971847,0.5978237642703533
0,0.38487891224354315,0.597573422147983
1,0.4710678494852615,0.597573422147983
0,0.40222944423359225,0.5981983598964724
1,0.4710678494852615,0.5912065815810135
1,0.4710678494852615,0.5912065815810135
0,0.4224033965206881,0.5922074335019758
1,0.4710678494852615,0.5922074335019758
0,0.4582291310616513,0.598400760541921
0,0.398401563647643,0.5976034114005321
0,0.4981079194856575,0.60014721497803
1,0.4710678494852615,0.60014721497803
1,0.4710678494852615,0.60014721497803
0,0.49245381806306904,0.6104224569373831
1,0.4710678494852615,0.6104224569373831
0,0.4953171364678005,0.608115087310134
1,0.4710678494852615,0.6062306292802302
0,0.5040035392366009,0.6094513008395552
1,0.4710678494852615,0.607517137092838
0,0.39338152786072034,0.6107535520825262
0,0.45770787109431915,0.6110295242747656
1,0.4710678494852615,0.6101154979263992
0,0.5083863904067254,0.6102991405987506
1,0.4710678494852615,0.6101768334136629
0,0.45573084858247603,0.6107535520825262
1,0.4710678494852615,0.6107535520825262
0,0.4202996694280946,0.6094572410491645
0,0.6142052405496676,0.6102991405987506
1,0.46921024260824445,0.6086448208456661
1,0.4710678494852615,0.6067108673789616
1,0.4710678494852615,0.6048972670400073
0,0.49124802537731876,0.6078383330766503
1,0.4710678494852615,0.6070616568500294
0,0.3978444915690565,0.6091407336678791
1,0.4710678494852615,0.6095530094065658
1,0.4710678494852615,0.6095530094065658
0,0.4938163664687139,0.6132541263667939
1,0.4710678494852615,0.6095530094065658
1,0.4710678494852615,0.6064410176933238
0,0.46645508516498274,0.6064410176933238
0,0.43481901051123434,0.6099655641797601
1,0.46921024260824445,0.6057383210609582
0,0.45513607092750513,0.6099655641797601
1,0.4710678494852615,0.609759251902049
1,0.4710678494852615,0.607878803324225
0,0.4911325139926276,0.607878803324225
1,0.4710678494852615,0.6066179822060529
0,0.374862130050252,0.6051898061271541
1,0.4710678494852615,0.6059939134347331
1,0.4710678494852615,0.6059630824741514
0,0.6142052405496676,0.6059630824741514
1,0.4710678494852615,0.6059630824741514
0,0.4201840276204742,0.6057581239796138
1,0.46921024260824445,0.6062106402087065
0,0.4564016113570207,0.6053217215903821
1,0.4710678494852615,0.6053217215903821
0,0.44880030388365283,0.6064194430608095
0,0.392825973291056,0.6067117367868882
1,0.46921024260824445,0.6066671872350937
0,0.39946618065111333,0.6067117367868882
1,0.4710678494852615,0.6056863720702673
0,0.40521343538637605,0.6069197569234569
1,0.4710678494852615,0.6069197569234569
1,0.4710678494852615,0.6061925333825365
0,0.5011706364767666,0.6081955779556777
1,0.4710678494852615,0.6081955779556777
0,0.45731342478522224,0.6107371382949057
1,0.4710678494852615,0.6107371382949057
0,0.42285208814277137,0.6092925919858453
1,0.4710678494852615,0.6070133717700757
0,0.3983200358002593,0.6090191286430013
1,0.4710678494852615,0.6069332770551112
1,0.4710678494852615,0.6069332770551112
0,0.49594426926607227,0.6078779685124104
1,0.4710678494852615,0.6088824018754747
0,0.4961188784585434,0.6078779685124104
0,0.4468953581043283,0.6121851094183598
0,0.4927877149232549,0.610057082133615
1,0.4710678494852615,0.6074242076777852
1,0.4710678494852615,0.607010632360828
0,0.40408633759438034,0.6076297298923836
1,0.46921024260824445,0.6086764559621869
0,0.39369208717273957,0.6072613585856199
1,0.4710678494852615,0.6072586180572248
0,0.4853614123160618,0.6072586180572248
1,0.4710678494852615,0.6064374480335533
0,0.38804996822607246,0.6052322673797281
0,0.3991128267041884,0.6078733188668209
1,0.46921024260824445,0.6052322673797281
1,0.4710678494852615,0.6052322673797281
0,0.4040551809463017,0.6052322673797281
1,0.4710678494852615,0.6052322673797281
0,0.47515742729728605,0.6078733188668209
0,0.4921466224014525,0.6080925577845815
1,0.4710678494852615,0.6086318443625645
0,0.47553207886021537,0.609249845873263
0,0.41587690998439525,0.6089833362489393
1,0.47059001490787866,0.6091694560581176
0,0.3935827195929967,0.6082426564893084
1,0.4710678494852615,0.6082426564893084
1,0.4710678494852615,0.6089023858593815
0,0.48391656162556557,0.6087346462308102
1,0.4710678494852615,0.6085287502937922
1,0.4710678494852615,0.609455985793248
0,0.4310569757221439,0.6091893859952903
1,0.4710678494852615,0.6104699780709187
1,0.4710678494852615,0.6082274484585793
0,0.49189790001676986,0.611787320288913
0,0.4689194693627034,0.6111238672564108
1,0.4710678494852615,0.6111238672564108
0,0.40408633759438034,0.6121337483947097
0,0.6172710324153594,0.6121337483947097
1,0.4710678494852615,0.6121337483947097
1,0.4710678494852615,0.6106493267758427
0,0.4503347482672822,0.61009104588017
1,0.4710678494852615,0.61009104588017
1,0.4710678494852615,0.6073440973126666
0,0.4705646710848708,0.6111485994694932
1,0.4710678494852615,0.6075495924218922
1,0.4710678494852615,0.6075495924218922
1,0.46921024260824445,0.6052897903486183
0,0.4870751330032522,0.607138671709273
1,0.4710678494852615,0.607138671709273
0,0.6147942390300793,0.611269376827364
1,0.4710678494852615,0.611269376827364
0,0.4635129712388177,0.611269376827364
1,0.4710678494852615,0.6102363095347005
0,0.47908875648935906,0.6099871078409136
1,0.4710678494852615,0.6081664950197743
1,0.4710678494852615,0.607138671709273
0,0.38804996822607246,0.607138671709273
1,0.4710678494852615,0.6090780205735609
0,0.3991128267041884,0.6103155576602606
1,0.46921024260824445,0.607138671709273
1,0.4710678494852615,0.6090780205735609
0,0.4955919079856674,0.6142849009289039
0,0.45778224163372844,0.6143320211417606
1,0.4710678494852615,0.6138694247399813
0,0.4036249606878264,0.6146078700933227
1,0.4710678494852615,0.6146078700933227
1,0.4710678494852615,0.6138694247399813
0,0.4969741981865527,0.6154768776482302
1,0.46921024260824445,0.6122731253905388
1,0.4710678494852615,0.6115803918278068
1,0.4710678494852615,0.6115803918278068
0,0.501732398026555,0.6124970341616264
0,0.40487647738854404,0.6131908059998135
1,0.4710678494852615,0.6141817626496573
1,0.4710678494852615,0.6141817626496573
0,0.4402848213781217,0.6116051425164611
0,0.44681272076768674,0.6116520571719509
1,0.46921024260824445,0.6116520571719509
1,0.4710678494852615,0.6111238672564108
0,0.4648915697128947,0.6120660326126859
1,0.4710678494852615,0.6116051425164611
1,0.4710678494852615,0.6075495924218922
0,0.48805370134293047,0.6099699045577445
1,0.4710678494852615,0.6061125854572357
0,0.4226052105778884,0.6080486567519989
0,0.49452552494235896,0.6092841023563895
1,0.4710678494852615,0.6088565625747799
0,0.39840304275818095,0.6094902538670689
1,0.4710678494852615,0.6094902538670689
1,0.4710678494852615,0.6094902538670689
0,0.48482946018940964,0.6127641702522552
0,0.43465800574130103,0.6141354523150847
1,0.4710678494852615,0.6141354523150847
0,0.40283324690475086,0.6132037137683779
1,0.4710678494852615,0.6096109292345292
1,0.4710678494852615,0.6094047369071032
0,0.48140289173080664,0.6094047369071032
1,0.4710678494852615,0.6096109292345292
0,0.4430351634418578,0.6136554046190031
0,0.41652165815960723,0.6129963062320876
1,0.4710678494852615,0.6129963062320876
1,0.4710678494852615,0.6089925614536309
1,0.4710678494852615,0.6094047369071032
0,0.3911198124277315,0.610537208688662
1,0.4710678494852615,0.610537208688662
0,0.46997387859330747,0.6092413568394139
0,0.6172439591787481,0.6136617920363129
1,0.46921024260824445,0.6136617920363129
1,0.4710678494852615,0.6094902538670689
0,0.4585444459347333,0.614138673527752
1,0.4710678494852615,0.6092841023563895
0,0.4827647982814138,0.6106228845668934
0,0.46561199547825877,0.6134542295614877
1,0.4710678494852615,0.6092841023563895
0,0.3841528073406919,0.6134542295614877
1,0.4710678494852615,0.6134542295614877
1,0.4710678494852615,0.6108294890550492
1,0.46921024260824445,0.6050728833949033
0,0.4669741306779888,0.6061125854572357
0,0.4666179511388714,0.6092296427189707
1,0.46429834587556085,0.6052929651647483
1,0.4710678494852615,0.6054977662726218
0,0.48309154085964356,0.6094357758032107
1,0.4710678494852615,0.6074017824329497
1,0.4710678494852615,0.6054824059504855
0,0.45287054521998826,0.6074017824329497
1,0.4710678494852615,0.6054824059504855
0,0.38804996822607246,0.6054824059504855
1,0.4710678494852615,0.6054824059504855
1,0.4710678494852615,0.6040848925307883
0,0.41560055941379853,0.6046209541873644
0,0.4057369885321303,0.6056344202914242
1,0.4710678494852615,0.6046209541873644
1,0.46921024260824445,0.6042120142811276
1,0.4710678494852615,0.6050526553521872
0,0.40286430932963746,0.6036157795238493
1,0.4710678494852615,0.6066986694737766
0,0.4986666241082076,0.6038200131553152
0,0.44443655350424405,0.6044712443102106
0,0.5010406061963814,0.5863759668723826
1,0.4717746145476877,0.5832582836900128
1,0.46953157010302526,0.5819074072363829
0,0.6200032897272124,0.583317688151689
1,0.47139044911800915,0.5819074072363829
1,0.47139044911800915,0.5819074072363829
0,0.42180196416225063,0.5817805943657335
1,0.47139044911800915,0.5830780049427335
1,0.47139044911800915,0.5830780049427335
0,0.46763789327328836,0.5832752896102604
1,0.47139044911800915,0.5832752896102604
0,0.42943432410821925,0.5838675442112496
1,0.47139044911800915,0.5838675442112496
0,0.39419663137804056,0.5837861025642304
1,0.47139044911800915,0.5846925552311835
1,0.47139044911800915,0.5862476574544384
0,0.39051197301339147,0.5857396492784458
0,0.405567540542516,0.5855832731745726
0,0.4505148847452468,0.5855832731745726
1,0.47139044911800915,0.5855832731745726
1,0.47139044911800915,0.588122878213179
0,0.4858077188811932,0.5855128064456513
1,0.47139044911800915,0.5855128064456513
1,0.47139044911800915,0.5874674282752966
0,0.4247616935825702,0.5853852078640487
1,0.47139044911800915,0.5853852078640487
0,0.4078257368474881,0.5879172920021843
0,0.480825470706329,0.5885142600675074
1,0.47139044911800915,0.5885142600675074
0,0.4935547196379551,0.5885142600675074
1,0.47139044911800915,0.5885142600675074
1,0.47139044911800915,0.5885142600675074
1,0.47139044911800915,0.5912073103457259
1,0.47139044911800915,0.5912073103457259
0,0.6117420303211877,0.5912128285357273
1,0.47139044911800915,0.5912128285357273
0,0.40932254092875464,0.5914128656239499
1,0.47139044911800915,0.5922136910321413
0,0.40286430932963746,0.5920549198459861
1,0.46953157010302526,0.5914128656239498
0,0.47838601198653946,0.5920133830759818
1,0.47139044911800915,0.5922136910321413
1,0.47139044911800915,0.5932818782263055
0,0.4910159059950839,0.5928806075889359
1,0.47139044911800915,0.5928806075889359
0,0.42028613145978566,0.5924796083539641
1,0.47139044911800915,0.5928806075889359
1,0.47139044911800915,0.5928806075889359
1,0.47139044911800915,0.5894664468206032
1,0.46921024260824445,0.5886042163045375
1,0.4710678494852615,0.5886042163045375
0,0.4712611493814154,0.5886042163045375
1,0.4710678494852615,0.5886042163045375
1,0.4710678494852615,0.588368857713911
0,0.4575107748023666,0.6052430370536134
1,0.4710678494852615,0.6061367500070762
1,0.4710678494852615,0.6061367500070762
0,0.4236194593943559,0.6061367500070762
1,0.4710678494852615,0.6061367500070762
1,0.4710678494852615,0.6061367500070762
0,0.3942367484820766,0.6073859900379707
1,0.4710678494852615,0.6073859900379707
0,0.5014656653393422,0.6036044390744574
1,0.46921024260824445,0.6058041021702272
1,0.4710678494852615,0.6089655268297562
0,0.45315740810540567,0.6059866011816464
1,0.4710678494852615,0.6059866011816464
0,0.4708252080861738,0.608371316168903
0,0.39721919379608533,0.6074109250610917
1,0.4710678494852615,0.6091951048213344
0,0.5113597815203443,0.6056830694820394
1,0.4710678494852615,0.6091951048213344
1,0.4710678494852615,0.6102939217172821
1,0.4710678494852615,0.612051871713627
0,0.49238217159452563,0.6118483255992556
1,0.4710678494852615,0.6118483255992556
1,0.4710678494852615,0.6118483255992556
1,0.4710678494852615,0.6166325663479528
0,0.4803922959318998,0.6118483255992556
1,0.4710678494852615,0.6153390469179967
0,0.6174318338371813,0.6170499126732569
0,0.4750719551875018,0.6118483255992556
1,0.4710678494852615,0.6170499126732569
0,0.4086178715649546,0.6149537176844033
1,0.4710678494852615,0.6149537176844033
1,0.4710678494852615,0.6206481650385697
0,0.4300862294360991,0.6143681109886503
1,0.4710678494852615,0.6143681109886503
0,0.39419663137804056,0.6170499126732569
0,0.41973340153672867,0.61313102797184
1,0.4710678494852615,0.61313102797184
1,0.4710678494852615,0.6170499126732569
1,0.46921024260824445,0.6159389318072169
1,0.46921024260824445,0.6124398011849259
1,0.4648335106315276,0.611443617816266
1,0.46873429232162356,0.6149409879840784
0,0.48178326345080197,0.6119003812492007
1,0.47059001490787866,0.6127289485683601
1,0.47059001490787866,0.619182046421188
0,0.4590351586152036,0.6127289485683601
1,0.47059001490787866,0.612521701614725
1,0.47059001490787866,0.619182046421188
0,0.39076332067984565,0.6149409879840784
1,0.47059001490787866,0.6147329928392058
1,0.47059001490787866,0.6211373238683485
0,0.6175623996035121,0.6146288653177371
0,0.4594195275625605,0.6122537607531995
1,0.46873429232162356,0.6112368056076896
0,0.43945691014465804,0.611443617816266
0,0.4587225393814799,0.6074294440520229
1,0.47059001490787866,0.6120037351945377
0,0.4323446263099085,0.6074294440520229
1,0.47059001490787866,0.6134547092395776
1,0.47059001490787866,0.6134547092395776
0,0.4002480741994041,0.6132472168075974
1,0.47059001490787866,0.6132472168075974
0,0.4044887588008586,0.6080462246518945
0,0.41599933019643925,0.6080462246518945
1,0.47059001490787866,0.6080462246518945
1,0.47059001490787866,0.6132472168075974
0,0.43812657646404507,0.6082519573261758
0,0.5030065162557025,0.6052332356706466
1,0.47059001490787866,0.6082519573261758
0,0.4428693004016598,0.6082519573261758
0,0.4315451306027584,0.603694598630845
1,0.47059001490787866,0.6086636315274795
0,0.4059270372290972,0.6049636399780498
1,0.47059001490787866,0.6049636399780498
1,0.47059001490787866,0.609427332507483
0,0.4866683541460495,0.6073266667549861
1,0.47059001490787866,0.6073266667549861
1,0.46873429232162356,0.6049636399780498
0,0.49744963484485877,0.6047590195308872
1,0.46873429232162356,0.6084577596101866
1,0.47059001490787866,0.6084577596101866
0,0.46326407491748445,0.6041455733557093
1,0.47059001490787866,0.6080462246518945
1,0.47059001490787866,0.6117489143283912
0,0.4396632433724503,0.6080462246518945
1,0.47059001490787866,0.6074897292620227
0,0.4285341777323804,0.6080462246518945
0,0.3892341170429241,0.6062063326376984
1,0.47059001490787866,0.6062063326376984
0,0.399894028616529,0.5866245818709606
1,0.47059001490787866,0.5866245818709606
1,0.47059001490787866,0.589989128202544
0,0.4041794289808814,0.5898356753608168
1,0.46921024260824445,0.590076644468961
1,0.46921024260824445,0.5916741545253873
1,0.4710678494852615,0.5916741545253873
0,0.4844854416393684,0.5888388317966521
1,0.4710678494852615,0.5916741545253873
0,0.39943707396072864,0.5916741545253873
1,0.4710678494852615,0.5916741545253873
0,0.48153196882484994,0.5916741545253873
1,0.4710678494852615,0.5916741545253873
0,0.4009543780990954,0.5894320168382292
1,0.46873429232162356,0.5916741545253873
1,0.47059001490787866,0.5916741545253873
0,0.45324628188768734,0.5916741545253873
1,0.4710678494852615,0.5960147752090356
0,0.49915500334637153,0.5916741545253873
1,0.4710678494852615,0.5916741545253873
1,0.4710678494852615,0.5916741545253873
0,0.42461515177606557,0.5918280856695708
1,0.4710678494852615,0.5918280856695708
0,0.39581466098560214,0.5918280856695708
0,0.4456543624501089,0.5916245510487319
1,0.4710678494852615,0.5916245510487319
1,0.4710678494852615,0.5916245510487319
0,0.4598811300403168,0.5920283309302814
1,0.4710678494852615,0.5920283309302814
1,0.4710678494852615,0.5954171278994257
0,0.48506779819275997,0.5954171278994257
1,0.4710678494852615,0.5954171278994257
0,0.45333484356107107,0.5948501254619466
1,0.46873429232162356,0.5948501254619466
1,0.47059001490787866,0.5948501254619466
1,0.47059001490787866,0.5956973975395813
1,0.4710678494852615,0.6009505756133577
0,0.393716585357907,0.6025607093384688
1,0.4710678494852615,0.6025607093384688
0,0.4557837159678398,0.5992431885951135
1,0.4710678494852615,0.6074069514824932
1,0.4710678494852615,0.6058027712065757
1,0.4710678494852615,0.6074069514824932
0,0.5082538898551829,0.6052949414248993
1,0.4710678494852615,0.6052949414248993
0,0.40120042798437816,0.6039429707201829
1,0.4648335106315276,0.6032880244960711
1,0.46873429232162356,0.6032880244960711
1,0.47059001490787866,0.6120098913099634
0,0.3946295061222234,0.61277779090106
1,0.47059001490787866,0.61277779090106
0,0.4642298047272737,0.6048677533017938
0,0.4823827554105108,0.6010725776671189
1,0.4710678494852615,0.6048677533017938
1,0.4710678494852615,0.6057292939421967
0,0.48651975643578416,0.6051749190510738
1,0.4710678494852615,0.6157959819324145
1,0.4710678494852615,0.6190875884647649
1,0.4710678494852615,0.6209369704572425
0,0.427016393458642,0.6158546723503966
0,0.6253447661170222,0.6158546723503966
1,0.4710678494852615,0.6158546723503966
0,0.4596602301754226,0.6084820867549349
0,0.45175499521473006,0.6084820867549349
1,0.4710678494852615,0.6084820867549349
0,0.4985055520978611,0.6046888671789115
1,0.4710678494852615,0.6082762762426094
1,0.4710678494852615,0.6082762762426094
0,0.43455689999375824,0.6082762762426094
1,0.4710678494852615,0.6082762762426094
0,0.3999101136164897,0.6082762762426094
0,0.4013858038648749,0.6050677644699628
1,0.4710678494852615,0.6050677644699628
0,0.40120042798437816,0.6050677644699628
1,0.4710678494852615,0.6082762762426094
1,0.4710678494852615,0.6178445082260978
0,0.44726166852855453,0.6084820867549349
1,0.4710678494852615,0.6084820867549349
1,0.4710678494852615,0.6180535561534
0,0.4968860745122999,0.6082762762426094
0,0.45425698854410024,0.6044843396697857
1,0.4710678494852615,0.6082762762426094
1,0.4710678494852615,0.6082762762426094
0,0.39235417466497524,0.6082762762426094
1,0.4710678494852615,0.6148748738295007
1,0.4710678494852615,0.6148748738295007
0,0.4225947282297846,0.6130435470227721
0,0.38168319466239664,0.605234874018163
1,0.46921024260824445,0.605234874018163
0,0.48747566721830865,0.5990483447235913
1,0.4710678494852615,0.5990483447235913
1,0.4710678494852615,0.6058494262633916
0,0.45324449169613573,0.599626522912637
0,0.4336311034610951,0.5992209610273621
0,0.4803763608692853,0.5937443160313282
1,0.46921024260824445,0.5996193488422545
0,0.4560594620146938,0.5941461712397442
1,0.4710678494852615,0.5990483447235913
1,0.4710678494852615,0.5990483447235913
0,0.38139051715529954,0.5941461712397442
1,0.4710678494852615,0.5996193488422545
0,0.399894028616529,0.5945850272901354
0,0.40120042798437816,0.5947895803937404
1,0.4710678494852615,0.5947895803937404
0,0.4159932862544611,0.5929491861156068
1,0.4710678494852615,0.5955305573871745
1,0.4710678494852615,0.5955305573871745
0,0.44907055699846266,0.5910163480705306
1,0.4710678494852615,0.5955305573871745
1,0.4710678494852615,0.5955305573871745
0,0.44287691329099377,0.5912163186795121
1,0.4710678494852615,0.5953630999499988
0,0.43764294538059517,0.5906681559576198
1,0.46921024260824445,0.5881078611248769
1,0.46921024260824445,0.5923815216866655
1,0.4710678494852615,0.5923815216866655
0,0.41279051368362596,0.5880152820838433
1,0.4710678494852615,0.592702299019176
0,0.6225845390763359,0.5879502343475068
1,0.4710678494852615,0.5931034489745863
0,0.4501458884529884,0.5879502343475068
0,0.4436443244797041,0.5854839456698937
1,0.4710678494852615,0.5879502343475068
0,0.48540794977743806,0.5856506726756223
0,0.448683896649897,0.5854839456698937
1,0.4710678494852615,0.5874121311875443
0,0.4323446263099085,0.5852278321764477
1,0.4710678494852615,0.5879502343475068
0,0.4647663859295418,0.5848320089533855
1,0.4656358206586224,0.5840991294867928
0,0.45146661799186877,0.5839100740728097
1,0.47059001490787866,0.5840991294867928
1,0.47059001490787866,0.5840991294867928
1,0.47059001490787866,0.5840991294867928
0,0.4774100387158934,0.5822327393851703
1,0.47059001490787866,0.5840991294867928
0,0.40145084751770593,0.5826630170124212
1,0.47059001490787866,0.5843547490256231
0,0.3916774376054409,0.5824269258967094
0,0.3989485312938856,0.5825839125307991
1,0.46873429232162356,0.5823860645974375
0,0.4009543780990954,0.5825430402178231
0,0.4060271064713017,0.5817435852963829
1,0.47059001490787866,0.5817552920197723
0,0.4382030290699203,0.5815468187063089
0,0.4500523690344492,0.5826177276516851
1,0.47059001490787866,0.5816168081268266
1,0.47059001490787866,0.5816168081268266
0,0.4503202985279056,0.5807648461100312
0,0.44640101738289406,0.5842673085024441
1,0.47059001490787866,0.5879448265380562
0,0.5154361992978581,0.6052280296957409
0,0.43959921307349104,0.6064646909953546
0,0.43775077692695913,0.6055775966300807
0,0.3818857186805966,0.605807010090565
0,0.4680668713585483,0.6070843129336826
0,0.4879953798239196,0.6064685080630607
1,0.46873429232162356,0.6064685080630607
0,0.45043145317270356,0.608487107289034
1,0.47059001490787866,0.6075523503889955
1,0.47059001490787866,0.6075523503889955
0,0.3940522695304653,0.6093784637183696
0,0.47407360705181273,0.6093784637183696
1,0.47059001490787866,0.6058594486614118
0,0.4999959786825876,0.6085544271174936
1,0.47059001490787866,0.6058594486614118
1,0.47059001490787866,0.6058495146473274
0,0.4153595077003536,0.6064746350963837
0,0.41279051368362596,0.605449671090171
1,0.47059001490787866,0.605449671090171
1,0.47059001490787866,0.605449671090171
1,0.47059001490787866,0.6065456185339713
0,0.4967522316431178,0.6035284509841894
1,0.47059001490787866,0.6034616871419096
0,0.6261094189680695,0.6045077491642349
0,0.45020220072622963,0.6043050469691585
1,0.47059001490787866,0.6043050469691585
0,0.47194650791669435,0.6043050469691585
0,0.47880780834810255,0.6032231070564289
0,0.3834029167196823,0.6044509102159801
0,0.46883933813988116,0.604860011810629
1,0.46873429232162356,0.601439311465652
1,0.47059001490787866,0.601439311465652
0,0.5016900761075501,0.6021370209617246
1,0.47059001490787866,0.6021370209617246
1,0.47059001490787866,0.6021370209617246
1,0.47059001490787866,0.6016771860441661
0,0.6184562658415023,0.6026112188565808
1,0.47059001490787866,0.6036313776551738
0,0.4035818567823879,0.604653263477662
0,0.4284245459048018,0.6063915565647534
1,0.47059001490787866,0.6063915565647534
0,0.5020579471441178,0.6061864531448777
1,0.4710678494852615,0.6061864531448777
1,0.4710678494852615,0.6061864531448777
0,0.4426082990322367,0.6063915565647534
1,0.4710678494852615,0.6063915565647534
0,0.45252716213625194,0.6062289843240769
0,0.44263497840205196,0.6043812024670706
1,0.4710678494852615,0.6043812024670706
0,0.3871481113540061,0.6055140477280468
1,0.4710678494852615,0.6055140477280468
1,0.4710678494852615,0.6055140477280468
0,0.45288666930687854,0.6066392893464001
1,0.4710678494852615,0.6082456847424262
1,0.4710678494852615,0.6090693032787775
0,0.38347299583627437,0.6118812976373011
1,0.4710678494852615,0.610233380792367
0,0.46735870330581075,0.6118812976373011
1,0.4710678494852615,0.6094815306722875
1,0.4710678494852615,0.6090693032787775
1,0.4710678494852615,0.6060918643602703
0,0.4174214293897053,0.609026572831451
1,0.4710678494852615,0.6065325139152359
1,0.4710678494852615,0.6065325139152359
0,0.40983392965692333,0.6085568528451201
1,0.4710678494852615,0.605245161942906
1,0.4710678494852615,0.605245161942906
0,0.619795283849842,0.6048510389221146
0,0.4475826655075916,0.6070751004465496
0,0.4347791642662886,0.6096185098944845
1,0.46610862477373366,0.6033176756280005
1,0.4710678494852615,0.6033176756280005
0,0.47076390467999735,0.6046003845657532
0,0.43656339581285203,0.6060338063165978
1,0.4710678494852615,0.6060338063165978
0,0.4512236427745145,0.6067330602528488
1,0.4710678494852615,0.6060338063165978
1,0.4710678494852615,0.6060338063165978
0,0.49324055817736884,0.6069383486174498
0,0.6206259887867,0.6069383486174498
0,0.44539485696678754,0.6097492175836302
0,0.445715648898489,0.6099555264662258
1,0.46921024260824445,0.6099555264662258
0,0.49503645630257304,0.6101619051535112
0,0.4870357104115231,0.6137732620627573
1,0.4710678494852615,0.6137732620627573
0,0.4372747744936486,0.6135656618847626
1,0.4710678494852615,0.6135656618847626
1,0.4710678494852615,0.6097798178790919
0,0.39917018031621887,0.6130941334796802
1,0.4710678494852615,0.6130941334796802
0,0.40270894158021625,0.6139673913273702
1,0.46921024260824445,0.6133015741158574
1,0.4710678494852615,0.6133015741158574
0,0.4411297972875512,0.6118460640857873
0,0.41269171009701366,0.6183683857153517
1,0.4710678494852615,0.6185776108968041
0,0.441696310572768,0.6192057112855026
1,0.46921024260824445,0.6185776108968041
0,0.5172117548845422,0.6185776108968041
1,0.4710678494852615,0.6185776108968041
0,0.42711498783269775,0.6183683857153517
1,0.4710678494852615,0.6165266539266689
1,0.46873429232162356,0.6159012710790681
0,0.40864087170571906,0.6159012710790681
0,0.4259217249447039,0.6165266539266689
1,0.47059001490787866,0.6165266539266689
1,0.47059001490787866,0.6165266539266689
0,0.4343853713814096,0.6165266539266689
1,0.47059001490787866,0.6159012710790681
0,0.4711524101128115,0.6161096615113332
0,0.4425382310031914,0.6159444838681257
1,0.46873429232162356,0.6155278852078648
1,0.47059001490787866,0.6155278852078648
0,0.44124030344124254,0.6159012710790681
1,0.47059001490787866,0.6159012710790681
1,0.47059001490787866,0.6159012710790681
0,0.5010190336532848,0.6161096615113332
1,0.47059001490787866,0.6161096615113332
0,0.48107515949078256,0.6156929511319374
0,0.44691435690296005,0.6156929511319374
1,0.47059001490787866,0.6156929511319374
1,0.47059001490787866,0.6133581319246099
1,0.47059001490787866,0.6133581319246099
0,0.4873914748698757,0.6145844134366644
1,0.47059001490787866,0.6137732620627573
0,0.39843268814443344,0.6156929511319374
1,0.4710678494852615,0.6156929511319374
1,0.4710678494852615,0.6130281920338894
1,0.4710678494852615,0.608803043667998
0,0.42352348579373905,0.6111033335160343
1,0.4710678494852615,0.6111033335160343
1,0.4710678494852615,0.6085971245965083
0,0.4156376711786306,0.6104834518929795
1,0.4710678494852615,0.6104834518929795
1,0.4710678494852615,0.6090090324122848
0,0.623143838622858,0.6085971245965083
0,0.44518842051569435,0.6111033335160343
0,0.4688209288128488,0.6095904791638033
0,0.473286140663149,0.6112473692521339
0,0.4479760833235035,0.6122289031410778
1,0.46921024260824445,0.6122289031410778
0,0.44502311203139094,0.6119109563618305
0,0.43475815807457835,0.6119109563618305
1,0.4710678494852615,0.6119109563618305
0,0.43460817603429874,0.6119109563618305
0,0.3855272833891468,0.6115399895912316
1,0.4710678494852615,0.6115399895912316
0,0.4574167468327682,0.6120647659206415
0,0.4917502580685044,0.6121255111698362
0,0.618882254492298,0.6121255111698362
1,0.4710678494852615,0.6126432689999622
0,0.4264017067791004,0.612479020688952
1,0.4710678494852615,0.6122289031410778
0,0.4365305728490606,0.612479020688952
0,0.4641028752683044,0.6129023138373384
1,0.4710678494852615,0.6126862532014795
0,0.44337752609777525,0.6150657584609056
0,0.4184706226974102,0.6149008606858067
1,0.46921024260824445,0.6137755257474733
1,0.4710678494852615,0.6137755257474733
0,0.47914823557801206,0.6139831969329868
1,0.4710678494852615,0.6142340311730315
0,0.613841961586095,0.6157334909199097
0,0.43953333164180847,0.6167808020290327
1,0.4710678494852615,0.615438864001027
0,0.4887425201815889,0.6167808020290327
0,0.47680838304736956,0.6167808020290327
1,0.4710678494852615,0.6167808020290327
0,0.434725312504276,0.6167808020290327
1,0.46921024260824445,0.6149008606858067
1,0.4710678494852615,0.6149008606858067
0,0.5119025018956717,0.6149008606858067
1,0.4710678494852615,0.6150657584609056
1,0.4710678494852615,0.6150657584609056
0,0.4821599941462919,0.6144418574940322
0,0.6111900682133877,0.6149008606858067
1,0.46921024260824445,0.6143987501246647
1,0.4710678494852615,0.615438864001027
0,0.38874069168739495,0.6160637773229606
0,0.42798884070024024,0.6155252277220594
1,0.46873429232162356,0.6155252277220594
1,0.47059001490787866,0.6155252277220594
0,0.40098032361988406,0.6153170349663081
0,0.5223130380994548,0.6154869716428538
1,0.46873429232162356,0.6150657584609056
1,0.47059001490787866,0.6150657584609056
1,0.47059001490787866,0.6150226073205464
0,0.6062567763514022,0.6148145845690806
1,0.47059001490787866,0.6148145845690806
0,0.4162997332721493,0.6151696470589956
0,0.42191952648301634,0.6151696470589956
1,0.47059001490787866,0.6151696470589956
0,0.4431115195182507,0.6151696470589956
0,0.4429233518268646,0.6153777899459917
1,0.47059001490787866,0.6153777899459917
0,0.49700704769741433,0.615438864001027
1,0.47059001490787866,0.6153777899459917
1,0.47059001490787866,0.6152219091792124
0,0.46757780307288055,0.61579428701949
1,0.47059001490787866,0.6152219091792124
0,0.48096252654601473,0.6262570667640663
1,0.4648335106315276,0.6262103852565745
1,0.46873429232162356,0.6248839680341002
1,0.47059001490787866,0.6249370554405012
0,0.4404627353412331,0.6240017957918181
1,0.47059001490787866,0.6240017957918181
1,0.47059001490787866,0.622296417382677
0,0.4907115727181897,0.6242129270397394
1,0.47059001490787866,0.6242129270397394
0,0.45210297007930883,0.6242129270397394
0,0.46434569921377344,0.6242129270397394
1,0.47059001490787866,0.6242129270397394
0,0.4212289389233709,0.6240017957918181
1,0.47059001490787866,0.6240017957918181
1,0.47059001490787866,0.6240017957918181
1,0.47059001490787866,0.6220859343672067
1,0.47059001490787866,0.6206996679099167
1,0.47059001490787866,0.6206996679099167
1,0.47059001490787866,0.6206996679099167
0,0.38964645411775284,0.6213423346007639
1,0.47059001490787866,0.6202798530453502
0,0.4737496642235448,0.6225069716151568
1,0.47059001490787866,0.6202798530453502
0,0.5235278245879309,0.6210657533544789
1,0.47059001490787866,0.6210657533544789
0,0.4221410075403496,0.6205332596961037
1,0.4710678494852615,0.621985988880616
0,0.41664676525774585,0.6221964380794925
1,0.4710678494852615,0.6216525274394838
1,0.4710678494852615,0.6216525274394838
1,0.4710678494852615,0.6216525274394838
0,0.4335895477228104,0.6211835114116635
0,0.43673048806329084,0.6211884843513816
0,0.4931867245711863,0.6208121292497333
1,0.46921024260824445,0.6208121292497333
0,0.43789943571127427,0.6205332596961037
1,0.46921024260824445,0.6188511986203596
0,0.44088135331672834,0.6205332596961037
1,0.4710678494852615,0.6213986637142935
1,0.4710678494852615,0.6197142568135819
0,0.3858152970876492,0.6192951084391835
1,0.4710678494852615,0.6209783760786847
1,0.4710678494852615,0.6192951084391835
0,0.46681928668435413,0.6190856405742734
1,0.4710678494852615,0.6190856405742734
0,0.45316182708010305,0.6201135573829777
1,0.4710678494852615,0.617455765043179
1,0.4710678494852615,0.6166208058509673
0,0.3878259082828418,0.6166208058509673
1,0.4710678494852615,0.6182968046344037
0,0.44902363498077985,0.6190655431062041
1,0.4710678494852615,0.6191340332774303
0,0.5013735615039292,0.619484536107284
1,0.4710678494852615,0.619484536107284
1,0.4710678494852615,0.6193435175160301
0,0.4089145062308636,0.619484536107284
1,0.4710678494852615,0.6189246198939294
0,0.4031745109712405,0.6188561528885409
1,0.4710678494852615,0.6188561528885409
1,0.4710678494852615,0.6188561528885409
0,0.5931082486317164,0.6186034311164984
1,0.4710678494852615,0.6186034311164984
0,0.43345717144721113,0.6138494826881399
1,0.4647697919259502,0.6126531529246333
0,0.43035065959813046,0.6142649453799777
0,0.4897679180628345,0.6166677915122181
1,0.4710678494852615,0.6142649453799777
0,0.43742243340252984,0.6149775334621429
1,0.46921024260824445,0.6135306942987615
0,0.3894656879895485,0.6145615888060241
1,0.4710678494852615,0.6153937596359487
1,0.4710678494852615,0.6136193647887765
1,0.4710678494852615,0.6131835601379878
1,0.46873429232162356,0.612349475848859
0,0.43021816369204274,0.612029694187143
1,0.47059001490787866,0.612029694187143
1,0.47059001490787866,0.612029694187143
0,0.4390535739943249,0.6128633429000682
0,0.3903349776169643,0.6124488281925548
1,0.47059001490787866,0.6096604703440879
1,0.47059001490787866,0.6086807318656161
0,0.4269512691581512,0.6094295976141715
1,0.47059001490787866,0.6086807318656161
1,0.4710678494852615,0.608654509012416
0,0.4329808938010784,0.6142268126516489
1,0.4710678494852615,0.615571856662795
0,0.5071215410021355,0.6148504952631425
1,0.4710678494852615,0.6164858083239956
1,0.4710678494852615,0.6151555100317326
0,0.441182076915543,0.6136037626817533
1,0.4710678494852615,0.614495645535774
1,0.4710678494852615,0.6167556299183322
0,0.44240014622622603,0.6167512501018471
1,0.4710678494852615,0.6167556299183322
0,0.4334362555601622,0.6169643094232394
0,0.48338958804177345,0.6160638944767838
1,0.4710678494852615,0.6179114346627556
0,0.4434067507112457,0.6163405210785861
1,0.4710678494852615,0.6177024348060499
1,0.4710678494852615,0.6177024348060499
0,0.392368905819114,0.61665849541339
1,0.4710678494852615,0.617284647142519
0,0.4632960474983785,0.6176547124521478
0,0.4438629123617193,0.6167576697431979
1,0.4710678494852615,0.6177024348060499
1,0.4710678494852615,0.6177024348060499
1,0.4710678494852615,0.6177024348060499
0,0.38329378311029216,0.6168671420528001
1,0.4710678494852615,0.6168671420528001
0,0.45269540196579855,0.616615232531457
0,0.4897909367101356,0.6176590986845086
1,0.4710678494852615,0.6174501841769003
0,0.4450426710646183,0.6176547124521478
0,0.42011372640183775,0.6188021032134969
0,0.4843984788798036,0.6186362037325994
0,0.43473150977458513,0.6213052653944998
0,0.4304970357295858,0.6175838775810252
0,0.47731927162764753,0.617736835074562
1,0.4717746145476877,0.6173749885158979
0,0.45008598880936035,0.6168912132006316
1,0.4656241535099095,0.616682558419494
1,0.47139044911800915,0.616682558419494
0,0.4419357613850539,0.6160982034938711
1,0.47139044911800915,0.616682558419494
1,0.47139044911800915,0.616682558419494
0,0.4734262638946041,0.616682558419494
1,0.47139044911800915,0.616682558419494
0,0.4789791362355764,0.6163066605582945
0,0.4233902654962903,0.6156815008641914
1,0.47139044911800915,0.6158898169371194
1,0.47139044911800915,0.6158898169371194
1,0.47139044911800915,0.6158898169371194
0,0.4679718633764322,0.6158898169371194
1,0.47139044911800915,0.6158898169371194
0,0.39302380360621586,0.6156815008641914
1,0.47139044911800915,0.6158898169371194
0,0.49083575603219604,0.6163499017902387
1,0.47139044911800915,0.6155290522908796
0,0.44398343997913936,0.6161972877145246
1,0.47139044911800915,0.6017547272970525
0,0.37152398959433214,0.6038518809022368
0,0.4078296294320787,0.5978313145536726
1,0.47139044911800915,0.5937442481304747
0,0.4683134392519357,0.5978313145536726
1,0.47139044911800915,0.594412888311504
0,0.6001211439097645,0.5953892885382123
0,0.42643768287281275,0.598909634363138
1,0.47139044911800915,0.5946140081411839
1,0.47139044911800915,0.593425566903168
0,0.4749308359244021,0.5928236169817731
1,0.47139044911800915,0.5928236169817731
1,0.47139044911800915,0.5931984161655591
0,0.40149069297704976,0.595441251291166
0,0.4097984846658097,0.5916215483097914
1,0.47139044911800915,0.5926264361531718
0,0.4018480443774648,0.5931879789793393
1,0.46953157010302526,0.5906415173572882
1,0.47139044911800915,0.5944295966391082
0,0.42370038109427616,0.5928898631239673
0,0.44040589671634417,0.5922483134141597
1,0.47139044911800915,0.5922884566015525
0,0.434678193792169,0.592750139864453
1,0.47139044911800915,0.5924888576289453
1,0.47139044911800915,0.5940573610365646
0,0.4443688452779886,0.5922884566015525
0,0.49466202257068653,0.5922884566015525
0,0.43203624076809055,0.5900423914773548
1,0.46953157010302526,0.5900423914773548
1,0.47139044911800915,0.5918821079695067
0,0.40317139578495087,0.5934705409290274
1,0.47139044911800915,0.5934705409290274
1,0.47139044911800915,0.5931263179879291
0,0.5824462152757016,0.5929492854635503
0,0.4275878323739041,0.5934303176241985
1,0.4710678494852615,0.5938305465766731
0,0.4469505219715636,0.5934705409290274
1,0.4710678494852615,0.5936713419151077
0,0.4623150043670109,0.600964162309787
1,0.4653055000853401,0.5984980221235875
1,0.4710678494852615,0.6011275186462268
0,0.4432339137062189,0.6014980123601592
1,0.4710678494852615,0.6014980123601592
1,0.4710678494852615,0.6023489017417126
0,0.47642654869968803,0.6019414985551473
1,0.4710678494852615,0.6019414985551473
1,0.4710678494852615,0.6019414985551473
1,0.46921024260824445,0.6019414985551473
1,0.4710678494852615,0.6006366550046168
0,0.4276322137645877,0.6021029210220809
1,0.4710678494852615,0.601887340263406
1,0.4710678494852615,0.6028723783286869
0,0.44558082688608125,0.6043121270223166
0,0.4068239810486604,0.6032303590177763
1,0.4710678494852615,0.6041406550701867
1,0.4710678494852615,0.6041406550701867
0,0.4123331846478075,0.6041406550701867
1,0.4710678494852615,0.6041406550701867
1,0.4710678494852615,0.6041406550701867
0,0.40125272465698736,0.6039363129861004
1,0.4710678494852615,0.6039363129861004
1,0.4710678494852615,0.5954957829210985
0,0.4566087724499995,0.5949278245859003
1,0.46873429232162356,0.5955319111084116
1,0.47059001490787866,0.5955319111084116
1,0.4710678494852615,0.5975137157480013
0,0.4424329323666341,0.5953304808109561
1,0.4710678494852615,0.5953304808109561
1,0.4710678494852615,0.5973116151329848
0,0.4376511000056433,0.595733409559886
1,0.4710678494852615,0.5973116151329848
1,0.4710678494852615,0.6019416632011605
0,0.4688116122991842,0.5975137157480013
1,0.46921024260824445,0.5999087762396731
1,0.4710678494852615,0.5999087762396731
0,0.45324694654030767,0.594624733111576
0,0.417992755169116,0.5935206712636669
1,0.4710678494852615,0.5935206712636669
0,0.46691649574368166,0.5924376698635031
1,0.4710678494852615,0.5924376698635031
1,0.4710678494852615,0.5932219519124401
0,0.4261075366377325,0.5922372861496524
1,0.4710678494852615,0.5935206712636669
0,0.3961700324505095,0.5927359942862819
0,0.39941040051215015,0.5936042773330003
1,0.4710678494852615,0.5936042773330003
0,0.40351575619091967,0.5931433408942101
1,0.4710678494852615,0.5931433408942101
0,0.4011840532443737,0.5929843204709745
0,0.4659636924411443,0.5932909132657191
1,0.4710678494852615,0.5932909132657191
1,0.4710678494852615,0.5932909132657191
0,0.4188529773857216,0.5948869488207367
0,0.5141110367568656,0.5956924784453156
1,0.4710678494852615,0.5957876100102479
0,0.428729922710134,0.5958940312248101
0,0.40607841801750627,0.596565092366315
1,0.4710678494852615,0.596565092366315
0,0.4907827999927505,0.5957583827430127
1,0.4710678494852615,0.5957583827430127
1,0.4710678494852615,0.5957583827430127
0,0.5091588671768528,0.5957521816767972
1,0.46921024260824445,0.5948807568250095
1,0.4710678494852615,0.5948807568250095
1,0.4710678494852615,0.5953846446024379
1,0.4710678494852615,0.5953846446024379
1,0.4710678494852615,0.5967487201516989
0,0.38385525988409247,0.5963333855885712
1,0.4710678494852615,0.5957876100102479
0,0.46966500173371745,0.5951174234391864
1,0.4710678494852615,0.5951174234391864
1,0.4649907872288661,0.5923638520351654
0,0.4317422353802042,0.5902231005682177
0,0.3978715250516452,0.5908877754380025
1,0.46921024260824445,0.5908877754380025
0,0.4919271636228543,0.5906522129881152
0,0.4533318760678919,0.5898534991003275
1,0.4710678494852615,0.590053076258912
1,0.4710678494852615,0.5910877025443841
0,0.388710264200136,0.5910519754140333
1,0.4710678494852615,0.5910519754140333
0,0.4677199732625458,0.5910519754140333
0,0.4910756677649501,0.591149812315941
1,0.4710678494852615,0.5918570502711124
0,0.4703394234612182,0.5925145164598131
1,0.4710678494852615,0.5920573053320071
1,0.4710678494852615,0.5922934281573362
0,0.40872995896748704,0.5920573053320071
0,0.47378344380129866,0.5940518136980943
1,0.4710678494852615,0.5942528113580399
1,0.4710678494852615,0.5948921695595956
0,0.4584243120564729,0.594453877025621
1,0.4710678494852615,0.594453877025621
1,0.4710678494852615,0.5953246765526495
0,0.48177905525025744,0.5954890952237026
1,0.4710678494852615,0.5953246765526495
0,0.429627204089551,0.5956905791884058
0,0.396076720852042,0.5975084278778766
1,0.4710678494852615,0.5956905791884058
1,0.4710678494852615,0.5953246765526495
0,0.4033467803884634,0.5966990220560165
1,0.46921024260824445,0.5958262122319828
1,0.4710678494852615,0.594453877025621
0,0.4660908678648376,0.5976079281990196
1,0.4710678494852615,0.5976079281990196
0,0.4915259743762676,0.589276660880708
1,0.4710678494852615,0.589276660880708
0,0.41575777413134896,0.5865268542372527
1,0.4710678494852615,0.5865268542372527
0,0.4493306705577025,0.5888377842831494
1,0.4710678494852615,0.5856167154551213
1,0.4710678494852615,0.5856167154551213
0,0.4957708528757726,0.5888377842831494
1,0.4710678494852615,0.5856167154551213
0,0.43768390141811,0.5888377842831494
0,0.4304466462200881,0.5892363186760478
1,0.4710678494852615,0.5867253058242666
0,0.3947630974374925,0.590551506810605
1,0.4710678494852615,0.587519783861259
1,0.4710678494852615,0.587519783861259
0,0.43506120833940615,0.589435687011398
1,0.4710678494852615,0.5856167154551213
1,0.4710678494852615,0.5856167154551213
1,0.4710678494852615,0.5888091144780863
1,0.4710678494852615,0.5892361918735337
0,0.4527642530842511,0.5880128929340909
1,0.4710678494852615,0.5880128929340909
0,0.388710264200136,0.5867253058242666
0,0.4872001343041785,0.5854186388332161
1,0.4710678494852615,0.5854186388332161
1,0.4710678494852615,0.5880128929340909
0,0.5138297929752657,0.5888091144780863
1,0.4710678494852615,0.5888091144780863
0,0.40322319583705424,0.5886099580720875
1,0.46921024260824445,0.5900993481536457
1,0.4710678494852615,0.5917516672241762
0,0.4372103253733468,0.592352528693536
1,0.4710678494852615,0.5936664910220302
1,0.4710678494852615,0.5976757682615645
1,0.4710678494852615,0.5984256825759787
0,0.4667303838022878,0.5964208139883518
0,0.4583578177472754,0.6118711729939524
1,0.4710678494852615,0.6118711729939524
0,0.49148368959318656,0.6118711729939524
0,0.43454494275425193,0.6083672253007022
1,0.4710678494852615,0.6083672253007022
0,0.518306026674386,0.6085730665856766
0,0.3860103811422262,0.6068674611862451
1,0.4710678494852615,0.608778977517129
0,0.45260738035557024,0.6088216905927036
0,0.599424465841556,0.6066621967983212
1,0.4710678494852615,0.6066621967983212
0,0.4598097033070587,0.6045061208022637
0,0.4018307309423061,0.6045061208022637
1,0.4710678494852615,0.6045061208022637
0,0.5010572291518409,0.6045061208022637
1,0.4710678494852615,0.6045061208022637
1,0.46921024260824445,0.6068674611862451
0,0.4867050436133912,0.6045061208022637
0,0.5236011410625453,0.6045061208022637
1,0.4710678494852615,0.6045061208022637
0,0.49579647774845353,0.5954186036927341
0,0.4352235306217134,0.5944123247783366
1,0.4719342396702093,0.5932251970748986
1,0.4710678494852615,0.5923096053307649
1,0.4710678494852615,0.5923096053307649
0,0.43589422548540824,0.5924684448158485
1,0.4710678494852615,0.5940740406516966
0,0.4860646690579254,0.5921092649329422
1,0.4710678494852615,0.5921092649329422
0,0.5210723169563025,0.5922680506928027
1,0.4710678494852615,0.5922680506928027
1,0.4710678494852615,0.5922680506928027
0,0.4064601643399737,0.5919089922974429
1,0.4710678494852615,0.5936722342293435
1,0.4710678494852615,0.5936722342293435
0,0.5842482160504803,0.5942750458321404
1,0.4710678494852615,0.5937311540852412
1,0.4710678494852615,0.5937311540852412
0,0.43554450225865193,0.5941330003854515
1,0.4710678494852615,0.5943711869105569
0,0.4804984312168046,0.5929651283039432
0,0.4325433659003727,0.5941330003854515
1,0.4710678494852615,0.5941330003854515
0,0.40379798999402483,0.5921680296697012
1,0.4710678494852615,0.5939320432498831
1,0.4710678494852615,0.5947734663947446
0,0.4041491172379874,0.5982404990478102
1,0.4710678494852615,0.5982404990478102
0,0.40644909890520375,0.596063744013899
0,0.47786296188245103,0.5971921109279086
1,0.4710678494852615,0.5971921109279086
0,0.4609543800991651,0.5944944785558285
1,0.4710678494852615,0.5971921109279086
1,0.4710678494852615,0.5982404990478102
1,0.4710678494852615,0.5982404990478102
0,0.508938732530587,0.5988947600049561
0,0.4414877306850486,0.5975962996564937
1,0.4710678494852615,0.5984234866108538
0,0.3941693344570103,0.5988105079495512
0,0.4258863630687887,0.5976025199177672
1,0.4710678494852615,0.5988105079495512
0,0.5122713487919212,0.5976025199177672
1,0.4710678494852615,0.5976025199177672
1,0.4710678494852615,0.5988105079495512
1,0.46921024260824445,0.5975962996564937
1,0.4710678494852615,0.5975962996564937
1,0.4710678494852615,0.5988105079495512
0,0.4817335872750802,0.5961890402711184
1,0.46921024260824445,0.5973941711086311
1,0.4710678494852615,0.5973941711086311
0,0.4261075366377325,0.5967944074252727
1,0.4710678494852615,0.5973941711086311
0,0.39606161317038235,0.5973474776347849
0,0.5015723968013744,0.5962656095703448
1,0.46921024260824445,0.5962656095703448
1,0.4710678494852615,0.5965397100251315
0,0.462691701533652,0.5962656095703448
0,0.5842482160504803,0.5972860278534252
1,0.46921024260824445,0.594535305277352
0,0.4318717801903346,0.5930215230533824
0,0.45843434843370595,0.596244757354732
1,0.46921024260824445,0.5928209418593975
0,0.4261075366377325,0.5966483048999706
1,0.4710678494852615,0.5981823635228982
1,0.4710678494852615,0.5981823635228982
0,0.4177399183048918,0.5983847587559677
1,0.4710678494852615,0.5983847587559677
0,0.403003554949715,0.6008713497005591
0,0.4066877566581394,0.600668113413057
1,0.4710678494852615,0.600668113413057
0,0.46477773620038687,0.6007719073208708
1,0.4710678494852615,0.6008713497005591
0,0.4501631705654647,0.6013819278936496
1,0.46429834587556085,0.598420892828695
0,0.44047429259102816,0.5975455643718657
1,0.46873429232162356,0.5973595771714576
0,0.4007229056192383,0.5960903966184232
1,0.47059001490787866,0.598168454953852
1,0.47059001490787866,0.598168454953852
0,0.40325086233399665,0.5976230207882516
1,0.47059001490787866,0.598168454953852
0,0.4034867410029573,0.5960903966184232
0,0.43189555744213537,0.5958646627487719
1,0.47059001490787866,0.5943324511624586
0,0.44777189585570526,0.5967423061331716
1,0.47059001490787866,0.59332800788501
1,0.46873429232162356,0.5903566213622553
1,0.46873429232162356,0.5906856242509839
0,0.3965600780076268,0.590444406454273
0,0.40375662289826497,0.5918370587098906
1,0.46873429232162356,0.5918370587098906
0,0.39103389996780075,0.5925563731886505
0,0.4029969414363282,0.5925563731886505
1,0.47059001490787866,0.5925563731886505
1,0.46873429232162356,0.5903728054257342
1,0.47059001490787866,0.5882948067814969
0,0.447521409298191,0.5903728054257342
0,0.4019662039866624,0.5903728054257342
0,0.4337108108491075,0.5912693932303125
1,0.47059001490787866,0.5912693932303125
1,0.47059001490787866,0.5909722668062187
0,0.5166497475342382,0.5918697650012454
1,0.47059001490787866,0.5918697650012454
0,0.4569993926128867,0.5930723380049396
0,0.3836495249038009,0.5981954192677132
1,0.47059001490787866,0.5981954192677132
0,0.4132177949952169,0.5950487387029535
0,0.5913070894550787,0.5965359695528847
1,0.46873429232162356,0.5967805372655928
1,0.47059001490787866,0.597386505022623
0,0.43667163732909414,0.5971464694479466
1,0.47059001490787866,0.5988076174574773
1,0.47059001490787866,0.5934784895150507
0,0.43930521530467337,0.5970699365070197
1,0.47059001490787866,0.5934784895150507
0,0.43203512698901847,0.5946843311578698
0,0.3837331064042026,0.5986050791983962
1,0.47059001490787866,0.5986050791983962
0,0.38312286029903847,0.5981340337556236
1,0.47059001490787866,0.5981340337556236
0,0.389403921862698,0.595303140590411
0,0.4030328688665144,0.5954185088098939
0,0.5788074159291796,0.5977858900379405
1,0.46873429232162356,0.5940054395333124
1,0.47059001490787866,0.5940054395333124
0,0.4019662039866624,0.6015708913944265
1,0.47059001490787866,0.5985784444395081
1,0.47059001490787866,0.596463399572646
0,0.4571910033993117,0.6001992270623611
1,0.47059001490787866,0.6001992270623611
0,0.48914401178275313,0.6006054510530083
0,0.437014500628247,0.6035656842320216
1,0.47059001490787866,0.6035656842320216
0,0.38362650542724097,0.6031391425770636
0,0.43627465405408467,0.601845326228936
0,0.45242232180870706,0.6010314763697654
1,0.47059001490787866,0.6033016610815048
1,0.47059001490787866,0.6015048036207317
1,0.47059001490787866,0.6033016610815048
1,0.47059001490787866,0.6003075459693529
0,0.44307546584335844,0.602711326994509
1,0.47059001490787866,0.602711326994509
0,0.4145120156288513,0.6029152546041133
1,0.47059001490787866,0.6029152546041133
0,0.4944674326779006,0.6025074683605521
1,0.47059001490787866,0.6025074683605521
1,0.4710678494852615,0.5969775142929462
0,0.5163504540640063,0.5991638302086129
0,0.4011302592309686,0.598961171465576
1,0.4710678494852615,0.598961171465576
1,0.4710678494852615,0.598961171465576
0,0.5793739995330363,0.5987585812690103
1,0.4710678494852615,0.5987585812690103
1,0.4710678494852615,0.5969775142929462
0,0.4486464834870797,0.5969775142929462
1,0.4710678494852615,0.5969775142929462
0,0.4827527612748122,0.5970637924355269
0,0.44157015394483673,0.5987585812690103
1,0.4710678494852615,0.5987585812690103
1,0.4710678494852615,0.5972658091996382
0,0.3837331064042026,0.598961171465576
1,0.4710678494852615,0.598961171465576
0,0.3836840866926008,0.598961171465576
1,0.4710678494852615,0.598961171465576
0,0.38972660750500965,0.598961171465576
0,0.4030328688665144,0.6056390639297913
1,0.4710678494852615,0.6032064169894759
0,0.43483002724217734,0.6030023908982876
0,0.44408653983990365,0.6037979162052228
1,0.4710678494852615,0.6037979162052228
0,0.4183967736394018,0.6147382886215779
1,0.4710678494852615,0.6163661303620406
1,0.4710678494852615,0.614181635004391
0,0.4876454710715827,0.6145363319586566
1,0.4710678494852615,0.6145363319586566
0,0.43387163022153746,0.6145363319586566
0,0.38650317639948056,0.6175791962038497
1,0.4710678494852615,0.6192577999286863
0,0.41229559337496186,0.6206948227310289
1,0.4710678494852615,0.608608923713446
1,0.4710678494852615,0.5986974351619458
0,0.46830615606829756,0.6016813465499677
0,0.5785256304436582,0.6008629081722228
0,0.4926425576142271,0.6002883434459106
1,0.4710678494852615,0.6002883434459106
0,0.43142872582343267,0.6016813465499677
1,0.4710678494852615,0.5969633448175048
1,0.4653055000853401,0.594246232970731
1,0.4710678494852615,0.5928109415361744
1,0.4710678494852615,0.5907795067589537
0,0.3882597262357993,0.5943351338101839
1,0.4710678494852615,0.5902455353600378
1,0.4710678494852615,0.5887262310512776
0,0.44189763191036474,0.5943459649192738
1,0.4710678494852615,0.5887262310512776
0,0.4491216559183289,0.5908495975721926
1,0.4710678494852615,0.5908495975721926
0,0.40538475278679587,0.5896054433258148
1,0.46921024260824445,0.5889815562315265
1,0.4710678494852615,0.5897838109602636
0,0.4245648409384361,0.5887309441513578
1,0.4710678494852615,0.5883921991534038
1,0.4710678494852615,0.5888557966112391
0,0.4424192507620233,0.5934291574352984
1,0.4710678494852615,0.5934291574352984
0,0.45130894414491945,0.5934291574352984
1,0.4710678494852615,0.5934291574352984
1,0.4710678494852615,0.5894950748081818
0,0.44886818745263873,0.5917658137403738
1,0.4710678494852615,0.588638929379097
1,0.4710678494852615,0.588638929379097
1,0.4710678494852615,0.588638929379097
1,0.4710678494852615,0.5874194024048756
1,0.4710678494852615,0.5874194024048756
1,0.4710678494852615,0.5874194024048756
0,0.3900408491540895,0.5874194024048756
1,0.4710678494852615,0.5874194024048756
0,0.4108812339414897,0.588638929379097
1,0.4710678494852615,0.5873129902232892
0,0.46360977449717594,0.5889896494369012
1,0.4710678494852615,0.5873129902232892
0,0.5147297869965403,0.5860809749101525
1,0.4710678494852615,0.5860809749101525
0,0.40294184640816727,0.5859537977278944
1,0.4710678494852615,0.5859537977278944
0,0.46899269949863487,0.5888317426091965
0,0.5838244135986049,0.5886558550688087
1,0.4710678494852615,0.5886558550688087
0,0.4519819158776761,0.5915513634606082
0,0.4524601715250077,0.5907514336898461
1,0.4710678494852615,0.5907514336898461
1,0.4710678494852615,0.587285358496012
0,0.43108426824480833,0.5915513634606082
1,0.4710678494852615,0.5915513634606082
1,0.4710678494852615,0.5915513634606082
0,0.3860225454226358,0.5928606874106696
1,0.4710678494852615,0.5898225197760097
0,0.38613434538126745,0.5918353283002463
0,0.4022161258062697,0.5903761384355246
1,0.4710678494852615,0.5872269670714765
0,0.4597333353963993,0.589295686385744
0,0.4332775580829641,0.589295686385744
1,0.4710678494852615,0.589295686385744
1,0.4710678494852615,0.5904930293242525
0,0.4379992511376584,0.5950791057503195
1,0.4710678494852615,0.5950791057503195
1,0.4710678494852615,0.5950791057503195
0,0.44488783412960736,0.6048400953751925
1,0.4710678494852615,0.6048400953751925
0,0.3851737114206219,0.607866396329302
0,0.4035985155747317,0.6072497981409251
1,0.4710678494852615,0.6072497981409251
0,0.5468958594444532,0.6050780927291373
1,0.4710678494852615,0.6040221958169685
1,0.4710678494852615,0.6040221958169685
0,0.4582669145789136,0.6070444044329006
1,0.4710678494852615,0.6040221958169685
1,0.4710678494852615,0.6021508937941151
0,0.44515635487556576,0.6075731367163872
0,0.40163917929409254,0.612293550424133
1,0.4710678494852615,0.6086746986008962
0,0.45449841156426524,0.610984406444193
0,0.4050552917875481,0.607275257728811
1,0.4647697919259502,0.6062489406414745
0,0.38176215694866505,0.608454735466479
1,0.4710678494852615,0.607275257728811
1,0.4710678494852615,0.6062489406414745
0,0.40187384634940243,0.6054231988318598
1,0.4710678494852615,0.6062936020879583
0,0.4381047949050695,0.6114533078524848
0,0.43529390236089316,0.606127839174582
1,0.4710678494852615,0.606127839174582
0,0.5016589012273739,0.6098974480215884
0,0.42916110183951284,0.6132074309338804
1,0.4710678494852615,0.6131226501291828
1,0.4710678494852615,0.6125007201827251
0,0.38251308937433426,0.6127079600372847
1,0.46921024260824445,0.6105167346194549
1,0.4710678494852615,0.6105167346194549
1,0.46921024260824445,0.6064446768382712
0,0.401397477274523,0.6063329227623983
0,0.4488171714147434,0.6090912052930024
1,0.46429834587556085,0.6064872261349293
1,0.47059001490787866,0.6064872261349293
0,0.39993972457315125,0.6049857994705522
1,0.47059001490787866,0.6047811715282527
0,0.44437394016648796,0.6063329227623983
0,0.4268646910200195,0.6097891028334077
1,0.47059001490787866,0.607560016073447
0,0.49870107852967954,0.6084500144317476
0,0.4379215688934875,0.6109020208688657
1,0.47059001490787866,0.608530309304872
0,0.40203269116645973,0.6100989204925539
1,0.47059001490787866,0.6111317551997032
1,0.47059001490787866,0.6129103609279416
0,0.46279889102452715,0.6139248135666504
1,0.47059001490787866,0.6133438128153024
1,0.47059001490787866,0.6058933944241341
1,0.47059001490787866,0.6069818444158166
1,0.47059001490787866,0.6069818444158166
1,0.47059001490787866,0.6069818444158166
0,0.4078806756924996,0.6070244314011601
1,0.47059001490787866,0.6070244314011601
0,0.3851588123784253,0.6069818444158166
1,0.47059001490787866,0.606171714109716
1,0.47059001490787866,0.6071979004604792
1,0.47059001490787866,0.6027751480856993
0,0.569106852233741,0.6029790972891944
1,0.47059001490787866,0.6029790972891944
0,0.4040872332861307,0.606962063884104
1,0.47059001490787866,0.6027751480856993
1,0.47059001490787866,0.6027751480856993
0,0.5913828163673526,0.606962063884104
1,0.4710678494852615,0.6027751480856993
1,0.4710678494852615,0.6027751480856993
0,0.48027735771987795,0.6027751480856993
1,0.4710678494852615,0.6040842700368828
1,0.4710678494852615,0.6040842700368828
0,0.4333018073931355,0.6042886621822943
1,0.4710678494852615,0.6042886621822943
0,0.3848089303374052,0.6042886621822943
1,0.4710678494852615,0.6038621103402049
1,0.4710678494852615,0.6049450112591572
0,0.38879653194819697,0.604270813426118
1,0.4710678494852615,0.604270813426118
0,0.3999683160903899,0.604270813426118
0,0.4433174332229769,0.6035023047969713
1,0.4710678494852615,0.6035023047969713
0,0.4694009067429874,0.6050539859247435
1,0.4710678494852615,0.6050539859247435
1,0.4710678494852615,0.6060294514301533
1,0.46921024260824445,0.6074961426744888
0,0.39838253014227,0.6068191016619209
1,0.4710678494852615,0.6090145911108763
0,0.4447797963578694,0.6092206514323218
1,0.4710678494852615,0.6125291455463053
1,0.4710678494852615,0.6125291455463053
0,0.47801969493345486,0.6090145911108763
1,0.4710678494852615,0.6090145911108763
0,0.4215326508062102,0.605058172170394
0,0.3839778708352926,0.6068191016619209
1,0.4710678494852615,0.6068191016619209
0,0.4589516608179145,0.6066138536309261
1,0.4710678494852615,0.6066138536309261
0,0.43777011196117,0.6062035658122396
0,0.43051827801778275,0.6020743606456065
1,0.4719342396702093,0.5991099162369993
0,0.3881283401651236,0.5996351832989727
1,0.46530922512980755,0.5999926832805866
0,0.3894242542727489,0.599838070094173
0,0.3837659895581322,0.5984961585460135
1,0.4710716206607284,0.598824322122166
0,0.40383035208736695,0.6034374004874343
0,0.43554220759409185,0.6026939234894572
1,0.4710716206607284,0.6038458161232417
0,0.4664474260692572,0.6035100244492897
1,0.4710716206607284,0.6038458161232417
1,0.4710716206607284,0.605277403968275
1,0.4710716206607284,0.605277403968275
1,0.4692139989124747,0.6046634319622454
1,0.4692139989124747,0.6049915220151897
0,0.49081391555480725,0.6034373556929575
0,0.569893593192421,0.6032332514899992
1,0.4710716206607284,0.6032332514899992
1,0.4710716206607284,0.6039690645235737
0,0.4040872332861307,0.5994610070502483
1,0.4710716206607284,0.5994610070502483
0,0.4881907751019596,0.5979663784450939
0,0.5910679940583285,0.597561939410951
0,0.44627055251581277,0.5956743333468691
1,0.4710716206607284,0.57894009576246
0,0.4463246993460648,0.5792078203540413
1,0.4710716206607284,0.5792078203540413
1,0.4692139989124747,0.5767994266114049
0,0.47502540308761054,0.574135931620427
0,0.4411368719788509,0.5743301907340016
1,0.4692139989124747,0.5738705513848644
0,0.3968636650838858,0.574135931620427
1,0.4710716206607284,0.5751514427963935
1,0.4710716206607284,0.5751514427963935
0,0.46456568184174063,0.574135931620427
1,0.4710716206607284,0.576320047173644
0,0.4340572408068204,0.5757354484868957
1,0.4692139989124747,0.5757649521757157
0,0.4604131526629481,0.5757354484868957
0,0.4095833433923914,0.5748762342849498
1,0.4710716206607284,0.5777697048296938
0,0.3842079488110939,0.5831803664982222
1,0.4710716206607284,0.5829831139371037
1,0.4710716206607284,0.5829831139371037
0,0.3837659895581322,0.5829831139371037
1,0.4710716206607284,0.5829831139371037
0,0.4039509794180517,0.5852113598093711
0,0.4546634634116109,0.5852113598093711
1,0.4710716206607284,0.5852113598093711
1,0.4710716206607284,0.585253117477837
0,0.4432533043365196,0.5856722283246872
0,0.46137567438276134,0.5830838090090782
1,0.4710716206607284,0.5830838090090782
0,0.4261991928869065,0.5848709378546814
1,0.4710716206607284,0.582886589107173
1,0.4710716206607284,0.5830838090090782
0,0.4240022911228193,0.5848709378546814
1,0.47059001490787866,0.5826894359121272
0,0.4690620236717309,0.5852102087543783
0,0.5609754827687524,0.585408214853886
1,0.4710678494852615,0.583573666095783
0,0.46644643457892115,0.5840689179296026
1,0.4710678494852615,0.583573666095783
0,0.46093350773804054,0.585154307536841
0,0.5859420155411166,0.5884045496890555
1,0.4710678494852615,0.5884045496890555
1,0.4710678494852615,0.5884045496890555
1,0.46873429232162356,0.5878076929100629
0,0.4498114838536375,0.5889096053281014
0,0.38432751925506864,0.5887104149324853
0,0.41073447091317106,0.5903989151344858
1,0.4714555262572441,0.5860161930009938
1,0.4692139989124747,0.5850258044997694
0,0.4048989473251172,0.5840950533929422
1,0.4710716206607284,0.5840950533929422
1,0.4710716206607284,0.581143776287231
1,0.4710716206607284,0.581143776287231
0,0.46375521372747136,0.5815371032581748
1,0.4710716206607284,0.5815371032581748
0,0.5841202739576642,0.5815371032581748
1,0.4710716206607284,0.5779290124550629
0,0.44963091388056853,0.581143776287231
0,0.44361254846259895,0.5804584231220635
1,0.4710716206607284,0.5779290124550629
0,0.39011541519502924,0.5816930538846836
1,0.4710716206607284,0.5816930538846836
1,0.47059001490787866,0.5769118143650285
0,0.38514272533403143,0.5816930538846836
1,0.47059001490787866,0.5816930538846836
0,0.39082400561872715,0.5816930538846836
0,0.3830175336009484,0.5856013704102434
1,0.47059001490787866,0.5816930538846836
0,0.4043545899924727,0.5816930538846836
1,0.47059001490787866,0.5816930538846836
1,0.4710678494852615,0.578948004046164
0,0.4949139748234964,0.5791148284192118
1,0.4710678494852615,0.5791148284192118
1,0.4710678494852615,0.5791148284192118
1,0.4710678494852615,0.5762017700965079
0,0.45805556620808785,0.578948004046164
1,0.4710678494852615,0.578948004046164
0,0.4322417212264245,0.5889794285007595
0,0.5573236877304278,0.5937941134980116
1,0.4710678494852615,0.588200440168993
0,0.41259858321630827,0.588200440168993
1,0.4710678494852615,0.588200440168993
1,0.4710678494852615,0.5858028945834324
0,0.42410358221566596,0.5881591738175437
0,0.4344029623643603,0.5909837583393094
1,0.4710678494852615,0.588200440168993
1,0.46873429232162356,0.5869665632387273
0,0.41121601339598957,0.5892200478012355
1,0.46530922512980755,0.5873591290050607
0,0.38732911775920725,0.587622866518898
1,0.4692139989124747,0.587622866518898
1,0.4710716206607284,0.5848081848304127
0,0.44325955898241626,0.5843716448276656
0,0.4920804953410106,0.5883819885850183
1,0.4710716206607284,0.5831504680445465
1,0.4710716206607284,0.5831504680445465
1,0.4710716206607284,0.5831504680445465
1,0.46873429232162356,0.5853107613825757
0,0.41258031495885555,0.5857170670311339
1,0.4648335106315276,0.5845192705128085
1,0.46873429232162356,0.5825708833402461
0,0.4110004806904734,0.5835314118645765
0,0.4369433398437232,0.5829687530726932
1,0.4714555262572441,0.5779395970659913
0,0.46965110960397904,0.5792842929053822
1,0.46530922512980755,0.5778035191455527
0,0.4808316966038045,0.5751531149739285
1,0.46530922512980755,0.574404184914364
0,0.5675408926572046,0.5745105226195777
1,0.4710716206607284,0.576762789018143
1,0.4677074066340456,0.5771721049578823
0,0.4448436897408861,0.5756967303993203
0,0.45365131867666103,0.5754831098303614
1,0.4677074066340456,0.5754831098303614
1,0.46955906377214557,0.5756967303993203
0,0.4317735033744975,0.5739565620443476
1,0.4677074066340456,0.5739754111540699
0,0.3973490774931796,0.5752565366148589
1,0.46955906377214557,0.5752565366148589
1,0.46955906377214557,0.5741556578965759
0,0.5530684141608114,0.5741556578965759
1,0.46955906377214557,0.5741556578965759
1,0.46955906377214557,0.5753027440612867
0,0.41288033972351307,0.5729001685083193
1,0.46955906377214557,0.5729001685083193
0,0.6013261643460082,0.5729001685083193
0,0.45190285982624845,0.5739119165437325
1,0.46955906377214557,0.5739119165437325
1,0.46955906377214557,0.5739119165437325
0,0.46615093506358035,0.5745393544593423
1,0.46955906377214557,0.5753173316387389
1,0.46955906377214557,0.5735237469248761
0,0.42413057552647543,0.5740816694816975
1,0.46955906377214557,0.5733677981053164
1,0.46955906377214557,0.5733677981053164
0,0.3937068183507227,0.575901505771882
0,0.39755352808162125,0.5783225029316669
1,0.46955906377214557,0.576732738926991
0,0.4107431095695862,0.5783225029316669
1,0.4710716206607284,0.5762114635884218
1,0.4710716206607284,0.5762114635884218
0,0.47116538187178136,0.5779313501797062
1,0.4710716206607284,0.5755119904794647
0,0.4843694315513523,0.5783225029316669
1,0.4692139989124747,0.5764265855835131
1,0.4710716206607284,0.5750256130809361
0,0.46126959591586914,0.5766216197407382
0,0.4332321616402121,0.5798975121539358
1,0.4710716206607284,0.57612745101308
1,0.4692139989124747,0.5745073311153733
1,0.4710716206607284,0.5711523890222284
1,0.4710716206607284,0.5711523890222284
0,0.39926521704093354,0.5740642345613692
1,0.47059001490787866,0.570962374214033
1,0.47059001490787866,0.570962374214033
0,0.4544414189152921,0.571232538080856
1,0.4710678494852615,0.5691662273827957
1,0.4710678494852615,0.5691662273827957
1,0.4710678494852615,0.5692571227287616
0,0.4585678593665615,0.5687812675463112
1,0.4710678494852615,0.5706013212475267
0,0.4108888454980063,0.5734080603050834
1,0.4710678494852615,0.5701753861994099
1,0.4710678494852615,0.5697267122295698
0,0.3775854169502505,0.5696935188784291
1,0.4710678494852615,0.5701421667076788
0,0.3812101784399044,0.5745367685412082
0,0.40002481379211174,0.5740846625769735
1,0.4710678494852615,0.5740846625769735
1,0.4710678494852615,0.5704083233716387
0,0.4967850755776213,0.5696935188784291
0,0.4365399520009594,0.5711162515547709
1,0.4710678494852615,0.5688042861522927
0,0.47664009509114086,0.5724617213840445
0,0.4528597265148111,0.5768051734990075
1,0.4710678494852615,0.5755757701097558
0,0.39292329963753175,0.5794583566636579
0,0.5065200072503759,0.5817646424946095
1,0.4710678494852615,0.5819614827854462
0,0.5492731904954133,0.581983864157028
1,0.4710678494852615,0.5773570397690595
1,0.4710678494852615,0.5773570397690595
1,0.4710678494852615,0.5790285054526951
1,0.4710678494852615,0.5793347131089015
0,0.5901597452392526,0.5791669397134571
0,0.44559950566713147,0.5784243373625014
1,0.4710678494852615,0.5792075751528858
0,0.4960760242840357,0.5779981776624622
0,0.39627882334876047,0.5801494778534881
1,0.4710678494852615,0.5811316112353632
0,0.3907772369612969,0.5814405404973313
0,0.3769195935834204,0.5834586438631705
0,0.46100220275612447,0.5812823984670962
1,0.4717746145476877,0.5804556291250175
0,0.46712331798348783,0.5811041116280897
1,0.47139044911800915,0.5802592981680134
1,0.47139044911800915,0.5802592981680134
1,0.47139044911800915,0.578653222931527
1,0.47139044911800915,0.575122846549796
1,0.47139044911800915,0.5767162941073369
0,0.38234369025928017,0.5750824976824856
1,0.47139044911800915,0.5783947388871087
0,0.4263724779098104,0.574887984111661
1,0.47139044911800915,0.5775667211052361
0,0.48150307386095254,0.5790172912041198
0,0.3761465004288678,0.5766310671957285
1,0.46953157010302526,0.5766310671957285
1,0.47139044911800915,0.5767972239413992
0,0.4034755987516737,0.5762006311413311
1,0.47139044911800915,0.5762006311413311
0,0.4527567487269654,0.5763551506877501
0,0.4414190240118175,0.5814848787995736
1,0.47139044911800915,0.5788042616839705
0,0.46747230899475106,0.581919262317041
0,0.4261929678206289,0.5835009432477231
1,0.47139044911800915,0.5792132019275894
0,0.458621874145508,0.5817516300767037
1,0.47139044911800915,0.5778385894466407
1,0.47139044911800915,0.5778385894466407
0,0.4170645533898259,0.5798626967670378
0,0.5284404818136987,0.5775988626313298
1,0.47139044911800915,0.5775988626313298
1,0.46953157010302526,0.5743596148378722
1,0.47139044911800915,0.5741645687638475
0,0.44650494381561234,0.5743596148378722
0,0.45849252043124755,0.5743770946093462
1,0.47139044911800915,0.5745942614181369
1,0.47139044911800915,0.5741785657597764
1,0.47139044911800915,0.5741785657597764
1,0.47139044911800915,0.5770089113673917
0,0.4177106180688056,0.5737287695410845
1,0.47139044911800915,0.5737287695410845
0,0.38234369025928017,0.5745671785700072
1,0.47139044911800915,0.5745671785700072
0,0.4812568532063712,0.5745671785700072
1,0.47139044911800915,0.5780406247760758
1,0.47139044911800915,0.5800539747165067
0,0.45378506175374755,0.5735993102692972
0,0.48491264669524836,0.5747280632484947
1,0.47139044911800915,0.5735993102692972
0,0.592580597449734,0.5735993102692972
0,0.4700396892247626,0.5749225227100336
1,0.47139044911800915,0.5770369655575053
1,0.47139044911800915,0.5766466822883662
0,0.45377366677452075,0.5778463383537232
1,0.4710678494852615,0.5778258880441776
0,0.4189413812340001,0.5787750419726647
0,0.42563946551588827,0.5805028215207929
1,0.4710678494852615,0.5805028215207929
0,0.3760805985535093,0.5805028215207929
1,0.4710678494852615,0.5805028215207929
1,0.4710678494852615,0.5805028215207929
0,0.4000380238915241,0.5808496566846016
1,0.4710678494852615,0.5803064746016242
0,0.43067895502462067,0.5804567946732917
0,0.4049717938005077,0.5804567946732917
1,0.46921024260824445,0.5804567946732917
1,0.46921024260824445,0.5798732949769406
1,0.4710678494852615,0.5805156918693293
1,0.4710678494852615,0.5805156918693293
1,0.4710678494852615,0.5844312569540205
0,0.4202045842626722,0.5794188342789789
1,0.4710678494852615,0.5794188342789789
1,0.4710678494852615,0.5831296989260655
0,0.5470432641972495,0.5800653042288977
1,0.4710678494852615,0.5819461998847912
1,0.4710678494852615,0.5840090884402472
0,0.49345165819466763,0.5826763780326889
0,0.5869406375604816,0.5819053723117922
1,0.4710678494852615,0.5819053723117922
1,0.4710678494852615,0.5819053723117922
0,0.4412187006769418,0.5801060026992667
1,0.4710678494852615,0.5801060026992667
0,0.46870165005375697,0.5778969506420879
0,0.4675560081055266,0.5805334820166553
1,0.4710678494852615,0.5785792794506407
0,0.4108888454980063,0.5810631002913447
1,0.4710678494852615,0.5785792794506407
1,0.4710678494852615,0.5811300027274316
0,0.3760805985535093,0.5794188342789789
1,0.4710678494852615,0.5825088673114411
0,0.3895659299951737,0.5794188342789789
0,0.4000380238915241,0.5798732949769406
1,0.46921024260824445,0.5773529580635209
1,0.4710678494852615,0.5817275104527339
1,0.46921024260824445,0.5805197967579687
1,0.4710678494852615,0.5828516302682714
1,0.4710678494852615,0.5856167356562301
0,0.3964967658888083,0.5827059594110313
0,0.4251617938112842,0.5844542117268395
1,0.4710678494852615,0.5844542117268395
0,0.49971291302771453,0.5800653042288977
1,0.4710678494852615,0.5844542117268395
1,0.4710678494852615,0.5854997555825829
1,0.4710678494852615,0.5854997555825829
0,0.4932847551078035,0.5844542117268395
1,0.4710678494852615,0.5848497792509769
0,0.5841892392583412,0.5802208601635125
0,0.47576203263592043,0.5791039904744184
1,0.4710678494852615,0.5793045681696146
1,0.4710678494852615,0.5796966503364541
0,0.468958767339739,0.580970419929256
1,0.4710678494852615,0.5856290183735623
0,0.4718881197660166,0.5849641546019455
0,0.41210931070302437,0.5866462811029495
1,0.4710678494852615,0.5874406521334692
0,0.3881905513235657,0.5874406521334692
1,0.4710678494852615,0.5874406521334692
1,0.4710678494852615,0.5893214277043348
0,0.38262216271956956,0.5878382409260205
1,0.4710678494852615,0.5900181015386041
0,0.4000380238915241,0.5883123438530294
0,0.44099502763898407,0.589625469655912
1,0.46921024260824445,0.5905650334397651
1,0.4710678494852615,0.5905650334397651
0,0.43796239878302057,0.5903238648886233
1,0.4710678494852615,0.5903238648886233
1,0.4710678494852615,0.5932294730014365
0,0.4679806118442415,0.5903238648886233
1,0.4710678494852615,0.5897835893371555
1,0.4710678494852615,0.5930288214713049
1,0.4710678494852615,0.5930288214713049
0,0.41734676589747205,0.5901241961395913
1,0.4710678494852615,0.5930876774707767
1,0.4710678494852615,0.5936309797562379
0,0.4653013001228232,0.5936309797562379
1,0.4710678494852615,0.595492784201776
0,0.46576112896189165,0.5928870739009902
1,0.4710678494852615,0.5928870739009902
1,0.4710678494852615,0.5960382897027706
1,0.46921024260824445,0.5966435037856063
1,0.4710678494852615,0.5966435037856063
0,0.41193899336107237,0.5966435037856063
1,0.4710678494852615,0.5966435037856063
0,0.38202745874753785,0.5941908635247123
0,0.38238122650744316,0.5941908635247123
1,0.4710678494852615,0.5959257278622567
0,0.3795926441765767,0.5941908635247123
1,0.4710678494852615,0.5960702178519163
1,0.4710678494852615,0.5960702178519163
0,0.4353065857433108,0.5941908635247123
1,0.4710678494852615,0.5974933302535206
0,0.48106520654713425,0.5950371965855975
0,0.45335121036694637,0.5948371312318246
1,0.4710678494852615,0.594434808687448
0,0.467735362673616,0.5918939446621989
1,0.4710678494852615,0.5947942017409145
1,0.4710678494852615,0.5962158306035342
0,0.43031741539585716,0.5962245776614765
0,0.39452054016278154,0.5945228602003518
1,0.4710678494852615,0.5945228602003518
1,0.4710678494852615,0.5945228602003518
0,0.5512756841563646,0.5945228602003518
1,0.4710678494852615,0.5945228602003518
1,0.4710678494852615,0.5945228602003518
1,0.4710678494852615,0.5977232107555839
0,0.4712321389359073,0.5945228602003518
1,0.4710678494852615,0.5945228602003518
1,0.4710678494852615,0.5945228602003518
0,0.4653905213457428,0.5945228602003518
1,0.4710678494852615,0.5945228602003518
1,0.4710678494852615,0.5958213167073262
0,0.40226273901703535,0.5941922529143544
1,0.4710678494852615,0.5941922529143544
0,0.42837442580671825,0.5917864304394542
0,0.4367571342022113,0.5937115564207496
1,0.4710678494852615,0.5913861712593844
0,0.4632590210815311,0.5921281939056496
1,0.4710678494852615,0.5921281939056496
1,0.4710678494852615,0.5921281939056496
0,0.38202745874753785,0.5923285407080975
1,0.4710678494852615,0.5933840015927332
0,0.4600718123882132,0.5923285407080975
0,0.45749146337505064,0.5927585163686228
1,0.4710678494852615,0.5938451250508787
1,0.4710678494852615,0.5938451250508787
0,0.45533053642960963,0.5907539729228403
1,0.4653055000853401,0.5936736446098677
0,0.43402356494223676,0.5875766867027489
1,0.46921024260824445,0.5914802783534102
0,0.4673720128112115,0.5875766867027489
0,0.42457995553146716,0.5861342769047398
1,0.4710678494852615,0.5861342769047398
1,0.4710678494852615,0.5861342769047398
0,0.4448856885747055,0.5863325956630622
1,0.4710678494852615,0.5875766867027489
0,0.44922471173276396,0.5863325956630622
1,0.4710678494852615,0.5889697476807266
1,0.4710678494852615,0.5932152155149478
1,0.4710678494852615,0.5934159301115759
1,0.4710678494852615,0.5962792313335713
0,0.3930723243606258,0.5980409127478584
1,0.4710678494852615,0.6025379795132166
0,0.43408189461112207,0.6003348839207089
1,0.4710678494852615,0.6034137500348065
0,0.49211094924756915,0.5997560227083658
1,0.4710678494852615,0.5997560227083658
0,0.5416612487409302,0.5997534929197843
1,0.4710678494852615,0.5999564197450903
1,0.4710678494852615,0.5999564197450903
0,0.3764606790293935,0.6079061987642524
0,0.44008238396777466,0.6046936229614321
1,0.46610862477373366,0.6029409080296807
1,0.46873429232162356,0.602533104435233
0,0.3924492204237827,0.6037573434284588
1,0.47059001490787866,0.6043624802434137
0,0.435009864797164,0.6041060202345115
0,0.48827320760097487,0.6017495342838288
1,0.46873429232162356,0.6014670288231777
0,0.43844756142409375,0.6001350869441517
1,0.47059001490787866,0.6014670288231777
1,0.47059001490787866,0.602020546414868
0,0.4469435210533332,0.6014670288231777
1,0.47059001490787866,0.602020546414868
0,0.4696633386828786,0.6026318348490866
0,0.5220518424372674,0.6051007660900178
1,0.47059001490787866,0.6072283930030237
0,0.4893551658957273,0.6152873901966601
1,0.47059001490787866,0.6152873901966601
0,0.3918241525413324,0.6152873901966601
1,0.47059001490787866,0.61814732632777
0,0.5337216518682444,0.6152873901966601
0,0.4406899354609982,0.6132402057801305
1,0.47059001490787866,0.6128254361785883
0,0.48819707469692536,0.6126181565893752
1,0.47059001490787866,0.6148712359666204
1,0.47059001490787866,0.6148712359666204
0,0.4693126177431452,0.6126181565893752
0,0.4527921849679385,0.609534361810942
1,0.47059001490787866,0.609534361810942
0,0.4123546483861607,0.6091220986846961
1,0.47059001490787866,0.6091220986846961
1,0.4710678494852615,0.6130327859009302
0,0.4413965768062332,0.6091220986846961
1,0.4710678494852615,0.6130327859009302
1,0.4710678494852615,0.6130327859009302
1,0.4710678494852615,0.6130327859009302
0,0.39406235487320823,0.6134749634916017
1,0.4710678494852615,0.6162593325449968
0,0.4985393246687112,0.6132674642089055
0,0.598097256716156,0.6132674642089055
0,0.46073031086058475,0.6132674642089055
1,0.46921024260824445,0.6132674642089055
1,0.4710678494852615,0.6132674642089055
0,0.48476338411761494,0.6134749634916017
1,0.4710678494852615,0.6134749634916017
1,0.4710678494852615,0.6154259912376099
0,0.42053671296421674,0.6166454798752358
1,0.4710678494852615,0.6166454798752358
0,0.382102252499237,0.6164678441274967
1,0.4710678494852615,0.6164678441274967
0,0.47899788502558416,0.6104543857287601
0,0.3733144843296458,0.611789739089501
0,0.5843087740796389,0.6082984087553609
1,0.46873429232162356,0.611789739089501
1,0.47059001490787866,0.6138320814021082
0,0.4222525999028717,0.6130327859009302
1,0.47059001490787866,0.6128254361785883
1,0.4710678494852615,0.6132402057801305
0,0.40048594506750435,0.609534361810942
1,0.4710678494852615,0.609534361810942
0,0.46986649714177514,0.609534361810942
0,0.4736156833463459,0.6075595810240949
1,0.4710678494852615,0.6075595810240949
0,0.45694508463798567,0.6077651490423173
1,0.4710678494852615,0.6077651490423173
1,0.4710678494852615,0.6077651490423173
0,0.3824262863312363,0.6082437792281552
1,0.4710678494852615,0.6097405979970041
1,0.46921024260824445,0.6099469039631592
0,0.42930749151494374,0.6076876975836413
1,0.46921024260824445,0.6087101143957003
1,0.4710678494852615,0.6087101143957003
0,0.39722080139065535,0.6087101143957003
1,0.4710678494852615,0.6113759505219577
1,0.4710678494852615,0.6113759505219577
1,0.4710678494852615,0.6136244613292989
0,0.38274297733801227,0.611789739089501
1,0.46921024260824445,0.6115828098102694
0,0.47325103957747927,0.6115828098102694
0,0.44530207241007347,0.6097079376020205
1,0.4710678494852615,0.611789739089501
0,0.46876822262709406,0.6115828098102694
1,0.4710678494852615,0.6115828098102694
1,0.4710678494852615,0.611789739089501
1,0.4710678494852615,0.6130327859009302
1,0.4710678494852615,0.6130327859009302
1,0.4710678494852615,0.6130327859009302
0,0.39193303145576386,0.6130327859009302
0,0.45126613780325264,0.6130327859009302
1,0.4710678494852615,0.6130327859009302
0,0.4808896626804104,0.6130327859009302
0,0.5410890792591573,0.6109467545669262
1,0.4710678494852615,0.6109467545669262
1,0.4710678494852615,0.6109467545669262
0,0.49719239319914094,0.6109467545669262
1,0.4710678494852615,0.6109467545669262
0,0.589960132001385,0.6109467545669262
0,0.47352040637303877,0.6109467545669262
1,0.4710678494852615,0.6109467545669262
1,0.4710678494852615,0.6109467545669262
0,0.4720800393462067,0.6109467545669262
1,0.4710678494852615,0.6109467545669262
0,0.41469580912363513,0.6109467545669262
0,0.3814558581621688,0.6109467545669262
1,0.4710678494852615,0.6109467545669262
0,0.41735291675968145,0.6109467545669262
1,0.4710678494852615,0.6109467545669262
1,0.4710678494852615,0.6109467545669262
0,0.39882581680451634,0.6109467545669262
1,0.4710678494852615,0.6109467545669262
0,0.40365416966994816,0.6109467545669262
1,0.4710678494852615,0.6130327859009302
1,0.4710678494852615,0.6128254361785883
0,0.4757756201067069,0.610533536158272
1,0.4710678494852615,0.6128254361785883
1,0.4710678494852615,0.6128254361785883
0,0.44361250099027916,0.6104659973957693
1,0.4710678494852615,0.6128254361785883
0,0.4623554264621214,0.6104659973957693
0,0.3813562112430456,0.6084432455801226
1,0.4710678494852615,0.6084432455801226
0,0.42425016248771363,0.6086491125865878
1,0.4653055000853401,0.6080317204385034
0,0.45210356895830583,0.6064480501916437
1,0.4653055000853401,0.6072766834625626
1,0.46873429232162356,0.6065935731203245
1,0.47059001490787866,0.6086101757538518
1,0.47059001490787866,0.6086101757538518
1,0.4710678494852615,0.6095017124628779
0,0.3930723243606258,0.6072766834625626
1,0.46873429232162356,0.6067988142894005
0,0.38731770057647796,0.6072095049813347
1,0.47059001490787866,0.6072095049813347
1,0.47059001490787866,0.6084043219172228
0,0.3827289276710864,0.601762649882284
1,0.47059001490787866,0.601762649882284
0,0.40518360518297614,0.6023736764497465
1,0.47059001490787866,0.6023736764497465
0,0.43382638500757087,0.6014391362594479
1,0.47059001490787866,0.6023736764497465
0,0.5005137833712547,0.6009658606824689
1,0.47059001490787866,0.6025774898151589
0,0.45401778350656286,0.6028903576680125
1,0.47059001490787866,0.6028903576680125
1,0.47059001490787866,0.603427865415887
0,0.4240397775376623,0.6026864384794468
1,0.47059001490787866,0.6026864384794468
0,0.3810910489685573,0.6030943458527142
0,0.5449622934110383,0.6026864384794468
1,0.47059001490787866,0.6026864384794468
1,0.47059001490787866,0.6026864384794468
1,0.46873429232162356,0.6013899592286354
0,0.42369551614396483,0.6008542667604784
0,0.49785155220604926,0.5969369237445936
1,0.46429834587556085,0.5969369237445936
0,0.46717633434512584,0.5967350182213643
0,0.42246000599986216,0.5960646744483733
0,0.38346813338480684,0.5934131805063417
1,0.4710716206607284,0.5965340902191726
1,0.4710716206607284,0.5965340902191726
0,0.48677889082698056,0.5940157290673778
1,0.4692139989124747,0.5949635864739882
1,0.4692139989124747,0.5955677093089289
0,0.5944430205571369,0.5955677093089289
1,0.4710716206607284,0.5961715368888377
0,0.4699908961974486,0.5957692198727381
0,0.45137357515814697,0.5954379195005429
0,0.4269042520691123,0.5925174012193847
0,0.48764410005503717,0.593361350691827
1,0.4692139989124747,0.5922514669353282
0,0.38209984106621014,0.5946914467649044
0,0.46552194563009974,0.5947331714328831
1,0.4710716206607284,0.5942234809798002
1,0.4710716206607284,0.5942234809798002
0,0.46068931917911593,0.5933875940109541
0,0.49054329854361345,0.5939289390384113
1,0.4710716206607284,0.5943309192024943
0,0.5829922257700727,0.5958997529188872
0,0.4578359830623258,0.5955547007874455
1,0.47059001490787866,0.595093943005846
0,0.4320060048108314,0.5958997529188872
0,0.4072864390343101,0.5951518929095311
1,0.46873429232162356,0.5941460647459761
1,0.46873429232162356,0.5947331714328831
0,0.4046465276637409,0.5969831053134275
1,0.47059001490787866,0.5958920365847664
1,0.47059001490787866,0.5958920365847664
0,0.3976214613861938,0.5967811841699316
1,0.47059001490787866,0.5967811841699316
0,0.4634786599364071,0.5990210936621306
0,0.5038983216502345,0.5975098614101071
1,0.47059001490787866,0.5975098614101071
0,0.4657138094388021,0.5967651970156365
1,0.47059001490787866,0.5967651970156365
1,0.47059001490787866,0.5963859177638832
0,0.4496771493196723,0.595489254186303
1,0.47059001490787866,0.5965877051688383
0,0.42067443716890845,0.595892290395475
1,0.46873429232162356,0.595892290395475
1,0.47059001490787866,0.5998550175323266
0,0.4528332145111078,0.598698104045875
1,0.47059001490787866,0.5991033120535706
1,0.47059001490787866,0.5986561012102999
0,0.3986356176861492,0.5984536141994595
1,0.47059001490787866,0.5984536141994595
1,0.47059001490787866,0.5974559728833501
0,0.46598060851172635,0.5984721954647754
1,0.47059001490787866,0.6000569642002129
1,0.47059001490787866,0.5997876460015588
1,0.47059001490787866,0.6006046197593137
1,0.47059001490787866,0.6006046197593137
1,0.47059001490787866,0.6013047758919065
0,0.4413280390311102,0.6001935914278669
1,0.47059001490787866,0.6027956185222672
0,0.3848728836041001,0.6015130430218913
1,0.4710678494852615,0.6015130430218913
0,0.4635015408907527,0.5918261664612439
0,0.5333250260043629,0.5898745554611045
0,0.4011315246257831,0.5865646473693343
1,0.4656358206586224,0.5862090466226574
0,0.47156579943364585,0.5868042801447834
0,0.43532921402556707,0.5867631117436691
1,0.47059001490787866,0.5867631117436691
1,0.4710678494852615,0.588663126764337
1,0.46873429232162356,0.5889036168441665
0,0.4408328929376564,0.5867631117436691
1,0.47059001490787866,0.5887044284740709
0,0.38209984106621014,0.5891028726097238
1,0.47059001490787866,0.5891028726097238
1,0.47059001490787866,0.5910172699198437
0,0.5135308276278272,0.5891028726097238
1,0.4710678494852615,0.5891028726097238
1,0.4710678494852615,0.5912172408407332
0,0.4828718313347946,0.5902180623810803
1,0.4710678494852615,0.5902180623810803
1,0.4710678494852615,0.5902180623810803
0,0.4646720791610534,0.5889036168441665
0,0.4236548264918488,0.5867631117436691
1,0.4710678494852615,0.5887044284740709
0,0.43259150025825455,0.5887044284740709
0,0.432969072893975,0.5889036168441665
1,0.4710678494852615,0.5889036168441665
0,0.38524917668481223,0.5871602419665514
1,0.4710678494852615,0.5908173666363071
1,0.4710678494852615,0.5908173666363071
0,0.39306162411221446,0.5890683263438191
1,0.4710678494852615,0.5908173666363071
0,0.4011315246257831,0.5871602419665514
0,0.45548892628564064,0.5865646473693343
1,0.4710678494852615,0.5869616432685013
0,0.49719239319914094,0.5877152061254854
1,0.4710678494852615,0.5754155679960223
1,0.4710678494852615,0.5781077398745087
1,0.4710678494852615,0.5781077398745087
0,0.3960917235184268,0.5750263813712555
1,0.4647697919259502,0.5774808106780166
1,0.46873429232162356,0.5774808106780166
0,0.3852898910039005,0.5747915583265253
0,0.37958912149372265,0.5758796563418485
1,0.47059001490787866,0.5758796563418485
1,0.47059001490787866,0.5764046007692424
0,0.448809039417865,0.5769898789096296
0,0.4682332574337759,0.5762694204761288
1,0.47059001490787866,0.5769898789096296
0,0.5079197217050851,0.5760745054453541
0,0.4724531523973366,0.5795342384042227
1,0.47059001490787866,0.5758796563418485
0,0.43180923912279917,0.5789463793554904
0,0.3929879244894181,0.5847096370431601
1,0.47059001490787866,0.5823186217568528
0,0.4432026583336059,0.5828449197758423
1,0.47059001490787866,0.5828449197758423
1,0.47059001490787866,0.5779503839496746
0,0.4748309035196527,0.5790019544353028
1,0.4710678494852615,0.5790019544353028
0,0.5956002223661445,0.5836559617515304
1,0.4710678494852615,0.5792675666918506
0,0.4672438792858136,0.58369691214917
1,0.4710678494852615,0.5790310116778012
0,0.41951222978195785,0.5790310116778012
0,0.4477383901451268,0.5840919671214034
0,0.4011315246257831,0.5830085480255864
0,0.3813999072795185,0.5887762320416917
1,0.4656358206586224,0.5879388040733232
1,0.47059001490787866,0.5879388040733232
0,0.378760491334728,0.5924986150048138
1,0.47059001490787866,0.5924986150048138
1,0.47059001490787866,0.5843187525706294
0,0.44341109051313893,0.585561594225367
1,0.47059001490787866,0.585561594225367
0,0.48547761713426035,0.5857303243102018
0,0.4780484749129186,0.585561594225367
1,0.47059001490787866,0.585561594225367
0,0.4649067520401597,0.589760141855893
1,0.47059001490787866,0.5849265816931979
1,0.47059001490787866,0.5849265816931979
0,0.4628073502709136,0.5849265816931979
1,0.47059001490787866,0.5821877212691764
1,0.4710678494852615,0.5821877212691764
1,0.4710678494852615,0.5821877212691764
0,0.5180307802014763,0.5821877212691764
1,0.4710678494852615,0.5821877212691764
0,0.4686031928654464,0.5812329707656367
0,0.5021325965460441,0.5818231516070239
1,0.47059001490787866,0.5818231516070239
1,0.4710678494852615,0.5766045962742017
0,0.46437041991745154,0.5790694535517523
0,0.4177895810005229,0.5823940586510795
1,0.47059001490787866,0.5780908052907356
0,0.4011315246257831,0.5825117822696916
1,0.46873429232162356,0.5776998092492079
1,0.46873429232162356,0.5761384678260357
1,0.4710678494852615,0.5761384678260357
0,0.38295131913337244,0.5773495827491189
0,0.3786323809228242,0.5815895978216172
1,0.4710678494852615,0.5815895978216172
1,0.4710678494852615,0.5778450195152803
0,0.44246279575053704,0.5815895978216172
1,0.4710678494852615,0.5789188430993183
1,0.4710678494852615,0.5743088960715672
0,0.4641165502370199,0.5762360744860264
1,0.4710678494852615,0.5744986122816684
1,0.4710678494852615,0.5751223039208082
0,0.43798277573250843,0.5752370300702478
1,0.46921024260824445,0.5752370300702478
1,0.4710678494852615,0.5756263592652667
0,0.4839895804894925,0.5803060099700666
0,0.4866764725776728,0.5831828658542143
0,0.5117658287875249,0.5863865007822358
1,0.46873429232162356,0.5844500086187355
0,0.5931697881783204,0.5908053306534771
1,0.47059001490787866,0.5852587818853248
1,0.47059001490787866,0.5852587818853248
0,0.4201334822096115,0.5880489355171041
0,0.49219448688981443,0.5890677346738541
1,0.4710678494852615,0.5890677346738541
0,0.44612075086035824,0.5908053306534771
0,0.42109412406923263,0.591881465677367
1,0.46921024260824445,0.5896073544614453
1,0.46873429232162356,0.5891672320370115
1,0.47059001490787866,0.584463986956143
0,0.47614876900451025,0.5891672320370115
1,0.47059001490787866,0.5949515836802608
1,0.47059001490787866,0.5949515836802608
0,0.43148529364231747,0.5951576503269612
0,0.4883739272696261,0.5955305753694039
1,0.4656358206586224,0.5951277838088964
0,0.48359383604934353,0.5941398562532799
1,0.46873429232162356,0.5914545172747249
1,0.47059001490787866,0.5914545172747249
0,0.4481425549435381,0.5949861166621896
0,0.40448855552513485,0.5980543480107401
1,0.47059001490787866,0.5964266745485072
1,0.47059001490787866,0.5966544616096922
0,0.47950477047895745,0.6008313772849021
1,0.47059001490787866,0.5968982164375031
1,0.47059001490787866,0.5919327402442424
1,0.47059001490787866,0.5879868855114698
1,0.47059001490787866,0.5879868855114698
1,0.47059001490787866,0.5879868855114698
1,0.47059001490787866,0.5841478207064684
0,0.4005931567205945,0.5890283264016031
1,0.47059001490787866,0.5892276243626872
0,0.4657982595003407,0.5896264226052969
1,0.47059001490787866,0.5896264226052969
0,0.4816854855969281,0.5898259229324618
1,0.47059001490787866,0.5855374398639477
0,0.5127310583592803,0.5849024535259865
1,0.47059001490787866,0.5847593875848803
0,0.48688039877788,0.5858005821886124
1,0.47059001490787866,0.5847593875848803
0,0.5949140792623318,0.5845616009420757
1,0.47059001490787866,0.5845616009420757
1,0.47059001490787866,0.5845616009420757
0,0.43931014806028845,0.5849572411488717
1,0.47059001490787866,0.584413272192148
1,0.47059001490787866,0.584413272192148
0,0.4171698974092307,0.5848088120077839
1,0.4710678494852615,0.5879123042942985
0,0.38216076229800994,0.5868797798973706
0,0.38662969703532557,0.5872459724332645
1,0.4710678494852615,0.5893491346684503
0,0.38394547659351463,0.5920666904279245
1,0.4710678494852615,0.5928684011728172
1,0.4710678494852615,0.5927529819427982
0,0.4554887798515703,0.5925725710680083
1,0.4710678494852615,0.5925725710680083
0,0.4908333661831566,0.592667871770156
0,0.47392342652658526,0.5936847356895923
1,0.4710678494852615,0.5928684011728172
0,0.46714748538525774,0.5920011945145597
1,0.4710678494852615,0.5920011945145597
1,0.4710678494852615,0.5927529819427982
0,0.4466069187419684,0.5924018699517485
1,0.4710678494852615,0.5924018699517485
1,0.4710678494852615,0.5929535401425191
0,0.45545075399970214,0.5920011945145597
0,0.4809514645148182,0.5918102224690072
1,0.46921024260824445,0.5909445636409523
1,0.46921024260824445,0.587948764642755
1,0.4710678494852615,0.5899475566191378
0,0.5886200103809579,0.5886429617303551
0,0.4791226269132763,0.5885589621289166
1,0.4710678494852615,0.5876139377509368
0,0.43148529364231747,0.5873826229710409
0,0.4390984641640191,0.5890438624284444
1,0.4710678494852615,0.5873826229710409
0,0.4127762013074308,0.5894425362981744
1,0.4710678494852615,0.5894425362981744
0,0.38114891084363156,0.5915777534559818
0,0.3818061226463682,0.5978952627005378
1,0.4710678494852615,0.5978952627005378
0,0.3786323809228242,0.5970625911918723
1,0.4710678494852615,0.5970625911918723
1,0.4710678494852615,0.5907544275748187
0,0.44417522713166335,0.5965076243731461
1,0.4710678494852615,0.5930054339653467
1,0.46921024260824445,0.5933602292503449
1,0.4710678494852615,0.5910006911449243
0,0.43129786175228674,0.5971911577267868
0,0.4178822573429683,0.5967872430189771
0,0.4473536044224652,0.5974593100435667
0,0.44911681978433515,0.5958891245331112
1,0.4710678494852615,0.5975700951615606
0,0.4981046927103694,0.6007370890216676
1,0.4710678494852615,0.5983792580039615
1,0.4710678494852615,0.5983792580039615
0,0.3813366593576121,0.5983792580039615
1,0.4710678494852615,0.5983792580039615
0,0.4928839222857294,0.6018631037977938
1,0.4710678494852615,0.5983792580039615
1,0.46921024260824445,0.5968560269785759
0,0.4305606445024613,0.6005341265397749
1,0.4710678494852615,0.5972599882404185
1,0.4710678494852615,0.5972599882404185
0,0.4126365855597924,0.6001849505256972
1,0.4710678494852615,0.5974620713874559
0,0.38369353507267384,0.5985397251859397
0,0.3818061226463682,0.6020816851107544
0,0.4711254265712395,0.5935418016456375
1,0.4714555262572441,0.5901086409965597
0,0.5949140792623318,0.5925386945943876
1,0.4710716206607284,0.5899090450439838
0,0.4871175740659403,0.5903725189809012
0,0.46903054606219774,0.5937066478198323
1,0.4656358206586224,0.5901919909774128
0,0.452068137102581,0.5946089851897238
1,0.4710716206607284,0.5894360227759022
1,0.4710716206607284,0.5880739113673992
0,0.4684043844829855,0.5892530206882092
1,0.4710716206607284,0.5879768082641966
1,0.4710716206607284,0.5879768082641966
0,0.38617618066693243,0.5894360227759022
1,0.4710716206607284,0.5900759308824738
0,0.4473258903601718,0.5904753032718737
0,0.49546253982929045,0.5958589274441959
1,0.4710716206607284,0.5958589274441959
1,0.4710716206607284,0.5899690374655221
1,0.4710716206607284,0.5886151322069926
1,0.4710716206607284,0.5886151322069926
1,0.4710716206607284,0.5886151322069926
1,0.4710716206607284,0.5838173390699771
0,0.467392688481467,0.5825858010483553
1,0.4710716206607284,0.5825858010483553
0,0.4072853981523739,0.5871240595074347
1,0.4710716206607284,0.5861453534518302
0,0.49245905669982504,0.5867681196210313
1,0.4710716206607284,0.5854860132138437
0,0.5200182627417012,0.586186894233475
0,0.48967862467143203,0.5842465898607127
1,0.4710716206607284,0.5854860132138437
0,0.5862988488318769,0.5852425460025743
1,0.4710716206607284,0.5852425460025743
0,0.4712924353449032,0.5879650339666442
0,0.4601343901398284,0.5903298451679423
1,0.4710716206607284,0.5884843769111573
1,0.4710716206607284,0.5859335478302957
0,0.41527938707405154,0.5868842961439535
1,0.4710716206607284,0.5868842961439535
0,0.38369353507267384,0.5875452110467126
0,0.3837826026428372,0.5875452110467126
0,0.38106473565306354,0.5885445762521393
0,0.5097656924632258,0.5873099774224242
1,0.4692139989124747,0.5890644310998772
0,0.5831771797680154,0.5924350658638513
1,0.4692139989124747,0.5854550911532879
0,0.4417650366253691,0.5886151322069926
0,0.47892992942291973,0.5892949098479332
1,0.4692139989124747,0.587911541190618
0,0.44303668112847266,0.5894942980076291
0,0.3807520075250728,0.5894942980076291
1,0.4710716206607284,0.5893553182776949
0,0.4099479176732685,0.590931066854331
1,0.4710716206607284,0.5882074911913131
1,0.4710716206607284,0.5882074911913131
0,0.38825840146055385,0.5907311927277696
1,0.4710716206607284,0.5896199521255976
0,0.4167116815361378,0.590931066854331
0,0.4435284900313627,0.598050023630762
1,0.4710678494852615,0.598050023630762
0,0.49799364688545733,0.5985210029134698
1,0.4710678494852615,0.5985210029134698
1,0.4710678494852615,0.590931066854331
0,0.4740701181310235,0.590931066854331
1,0.4710678494852615,0.590931066854331
0,0.4557089892081738,0.5983185615977292
0,0.38217756690549637,0.5980742267447474
1,0.4710678494852615,0.5924504257316108
0,0.4545941325940428,0.5992805411178665
1,0.4710678494852615,0.5926556260805393
1,0.4710678494852615,0.5926556260805393
0,0.4814349689920896,0.6022968435675922
0,0.4404014440563351,0.6034294187287571
1,0.4710678494852615,0.6016947955002843
1,0.4710678494852615,0.5943730599244637
0,0.4761792507779078,0.6006114610871885
1,0.46921024260824445,0.5991860677037658
1,0.4710678494852615,0.5924958665002398
1,0.4710678494852615,0.5924958665002398
1,0.4710678494852615,0.5924958665002398
0,0.3811706247731622,0.5929624717459306
1,0.4710678494852615,0.5929624717459306
0,0.44637580346904243,0.5996336744450521
1,0.4710678494852615,0.5933029080886018
0,0.5142182188270031,0.6008989897347545
0,0.4299229843536697,0.6013295789755908
1,0.46873429232162356,0.600308946954882
1,0.47059001490787866,0.5937701488996356
0,0.4764043339717176,0.5937701488996356
1,0.4648335106315276,0.5911964082489312
1,0.47059001490787866,0.5908492180177414
1,0.47059001490787866,0.5908492180177414
0,0.3887039357060919,0.5913145264867571
1,0.46429834587556085,0.5892975356305429
0,0.5118813430057717,0.5892975356305429
1,0.46873429232162356,0.5888989598330994
0,0.43908865012726594,0.5888989598330994
0,0.5017002497349787,0.5886997730381723
1,0.47059001490787866,0.5903365719490574
1,0.47059001490787866,0.5903365719490574
1,0.47059001490787866,0.5903365719490574
1,0.47059001490787866,0.5870253088240639
1,0.47059001490787866,0.5870253088240639
1,0.47059001490787866,0.5874226165059291
0,0.3885695390563808,0.5874226165059291
1,0.47059001490787866,0.58781470398262
0,0.45729977814419803,0.5909787034872943
1,0.47059001490787866,0.5897287703991643
0,0.4817218059952389,0.5902964000653147
0,0.5013979105023812,0.5934669647450614
1,0.47059001490787866,0.5902964000653147
0,0.47103989234638965,0.5890644310998772
0,0.5952099389019195,0.59214528373793
1,0.47059001490787866,0.59214528373793
0,0.4742937236074849,0.59214528373793
0,0.46781291209020054,0.5945982287240604
1,0.47059001490787866,0.5945982287240604
1,0.47059001490787866,0.5945982287240604
0,0.41809816083390483,0.6014401849685953
1,0.47059001490787866,0.6014401849685953
0,0.3825326924023716,0.6030456890276106
0,0.38915057019159294,0.6021635957405949
1,0.47059001490787866,0.6021635957405949
0,0.38514106967489264,0.6032920549019133
1,0.47059001490787866,0.6032920549019133
1,0.47059001490787866,0.6021800787596657
0,0.4346521319051692,0.6052525625497619
1,0.47059001490787866,0.6021800787596657
0,0.4979963410213023,0.6044341052297055
0,0.48982201966803113,0.6030879998449049
1,0.47059001490787866,0.6030879998449049
0,0.4623785283866899,0.6042296638902278
1,0.47059001490787866,0.6044341052297055
1,0.47059001490787866,0.6042296638902278
0,0.47813513796091067,0.6048431954504834
1,0.47059001490787866,0.6050478443786008
1,0.47059001490787866,0.6050478443786008
0,0.3818017120670992,0.6050478443786008
1,0.4710678494852615,0.6050478443786008
1,0.4710678494852615,0.604187272977261
0,0.5001573725034991,0.6035744067615797
1,0.4710678494852615,0.6035744067615797
0,0.4762669084278123,0.602841717300396
0,0.584111139850518,0.6049169699042986
1,0.4710678494852615,0.6049169699042986
0,0.4565958338699462,0.6047123652426324
0,0.415123209979682,0.6040230120749586
0,0.45516824423482377,0.62318692197943
1,0.4710678494852615,0.6226064603261733
1,0.4710678494852615,0.6226064603261733
0,0.4310529615700042,0.6230530638418779
1,0.4710678494852615,0.6230530638418779
1,0.4710678494852615,0.6230530638418779
0,0.4880206236381027,0.6225627801531373
1,0.4710678494852615,0.6225627801531373
0,0.4662105625988029,0.62318692197943
0,0.4531089585934841,0.6238789525997094
1,0.4710678494852615,0.6247101932103255
1,0.46921024260824445,0.6247101932103255
1,0.4710678494852615,0.6249215641447862
0,0.4556222547837365,0.6259616524252012
0,0.41440784512910184,0.6257499296955005
1,0.4710678494852615,0.623806736029685
0,0.4334197684172385,0.6257499296955005
0,0.41496163315723716,0.6254272674454407
1,0.4710678494852615,0.6247101932103255
0,0.38367399992053025,0.625638881002245
1,0.4710678494852615,0.6230017021501101
1,0.4710678494852615,0.6230017021501101
0,0.37643051856640414,0.6247101932103255
1,0.4710678494852615,0.6196925858549726
0,0.416047513161387,0.6251330065966838
0,0.4492036742534036,0.623806736029685
1,0.4710678494852615,0.623806736029685
0,0.5070675252519885,0.6081999856329663
1,0.4710678494852615,0.6065258628453262
1,0.4710678494852615,0.6069609315443733
0,0.4825795728329263,0.6096233709198574
1,0.4710678494852615,0.6096233709198574
1,0.4710678494852615,0.6076873201739623
1,0.4710678494852615,0.6049882616581037
0,0.4553582419097771,0.6047167301893307
1,0.4710678494852615,0.597945591768361
1,0.4710678494852615,0.597945591768361
0,0.4993307431331482,0.597945591768361
0,0.43742539703144845,0.60362772529808
1,0.46610862477373366,0.6018228930562821
0,0.4471054838897349,0.6022154265846893
1,0.46921024260824445,0.6022154265846893
0,0.41351193743495945,0.5998127576781861
0,0.38590272528970315,0.601892364326654
1,0.46921024260824445,0.6045078297856169
0,0.4948783446141096,0.6045078297856169
0,0.4669142833680392,0.6058833962301936
1,0.47059001490787866,0.6062934673532241
1,0.47059001490787866,0.6027075781241047
0,0.43767176532116936,0.6037877287238519
1,0.47059001490787866,0.6017486960694717
0,0.47350757971942414,0.604370570438378
0,0.4255377122852776,0.6043748488229878
1,0.47059001490787866,0.6045793392858434
1,0.47059001490787866,0.6000679576850684
1,0.4710678494852615,0.6013115220652688
1,0.4710678494852615,0.6001989011208768
1,0.4710678494852615,0.598343343007744
1,0.4710678494852615,0.598343343007744
0,0.3918566583401322,0.5985457927082842
1,0.4710678494852615,0.5985457927082842
0,0.4525394681050368,0.5999958922796541
1,0.4710678494852615,0.598343343007744
1,0.4710678494852615,0.598343343007744
0,0.48473358029465224,0.5999958922796541
1,0.4710678494852615,0.5984795800602533
0,0.4650653860596636,0.599533137327912
0,0.5921382555975699,0.600037989117485
1,0.4710678494852615,0.5984795800602533
1,0.4710678494852615,0.5978725035265378
1,0.46921024260824445,0.5978725035265378
1,0.4710678494852615,0.5978725035265378
0,0.37995364536963416,0.6006051248909219
0,0.4474988321852312,0.6014583904633697
1,0.4710678494852615,0.6014583904633697
0,0.4866368813994858,0.6020691080874498
1,0.46873429232162356,0.5998085627634923
0,0.47214857271966465,0.5974378525153317
1,0.46873429232162356,0.5974378525153317
1,0.47059001490787866,0.5973630174024411
0,0.4567634219823819,0.5981874683126682
0,0.4375773215114304,0.5990538211947418
1,0.47059001490787866,0.596958986456054
0,0.42223030280834445,0.6001249517226662
1,0.46873429232162356,0.595156020515983
0,0.3828107721142688,0.597447143101442
1,0.47059001490787866,0.5958262505528238
1,0.47059001490787866,0.5937176181846449
0,0.48011547400863197,0.5960278485941625
1,0.47059001490787866,0.5960278485941625
0,0.4677079903845739,0.5947067690382479
0,0.4518580195507369,0.593908732667666
1,0.46429834587556085,0.5893428724117201
1,0.47059001490787866,0.5858450081273281
0,0.4323525807313572,0.5877138739817658
1,0.47059001490787866,0.5856723933909153
1,0.46873429232162356,0.5838919445086429
0,0.3826197567884183,0.5833232713231041
1,0.47059001490787866,0.5858989565096301
1,0.47059001490787866,0.5867280023429423
0,0.47980508952946826,0.5867280023429423
1,0.47059001490787866,0.5867280023429423
0,0.47855443155639155,0.5867280023429423
0,0.46370965618276444,0.5848336986427715
1,0.46873429232162356,0.5848336986427715
1,0.47059001490787866,0.584262132520503
1,0.47059001490787866,0.584262132520503
1,0.47059001490787866,0.584262132520503
1,0.47059001490787866,0.5859609461546322
1,0.47059001490787866,0.5859609461546322
0,0.46159093353490693,0.5868946705476447
1,0.47059001490787866,0.5859576715863731
0,0.3795872824717189,0.5868946705476447
1,0.47059001490787866,0.5858299760570004
0,0.47211623826474347,0.5866961616753938
0,0.4845604931227895,0.583262791372772
1,0.47059001490787866,0.5858018700996409
0,0.5938370184416379,0.5839514556840619
1,0.47059001490787866,0.58560373085178
1,0.47059001490787866,0.5854337455694193
0,0.4638879681304747,0.5866816027682549
0,0.45725389944912515,0.5867373253791657
1,0.47059001490787866,0.5867373253791657
0,0.4317207863839174,0.5846369763529125
1,0.46873429232162356,0.5862993453366888
0,0.3783954093679534,0.5854056586217343
0,0.44525842301638346,0.584346682935242
1,0.47059001490787866,0.584346682935242
0,0.49367361927317144,0.5837674359647312
0,0.4618496472321257,0.5841490108251737
1,0.47059001490787866,0.5841490108251737
1,0.46873429232162356,0.5837539172710043
1,0.46873429232162356,0.5819793005718807
1,0.46873429232162356,0.5820801091904876
0,0.42813017108134016,0.5820561022038834
0,0.48112595564118693,0.5820561022038834
0,0.46946727226483564,0.5825324370653898
0,0.40164170584437037,0.5813322166247222
0,0.45262913833984253,0.5818432596474602
0,0.38437825622062055,0.584521961540179
0,0.47070058141947896,0.5861297443137254
0,0.48678355179403987,0.5872211703877113
0,0.4628937286779336,0.591083980630903
0,0.5941835702800269,0.5941493058789267
0,0.47749196525507037,0.5935764089896644
0,0.46344310751422335,0.5943801640272225
0,0.43494624279033106,0.5986414394649016
0,0.5061580713111659,0.5975287873519524
0,0.46715778321471935,0.6016498648244476
0,0.423765772124719,0.6012429344367317
0,0.3990677685199387,0.6012429344367317
0,0.39489759245402567,0.6032478774203531
0,0.411465547729686,0.6038180470725081
0,0.4630919485135388,0.6047005190780441
0,0.3820881437309685,0.60646735384693
0,0.5194062296680834,0.6064794685317103
0,0.4526281593907041,0.6064794685317103
0,0.4563953439128603,0.6075487996524719
0,0.4502601053255357,0.6085773172673882
0,0.377582826240718,0.607754364022813
0,0.4746707366102229,0.6091952634115667
0,0.4840794334694404,0.6103724614206475
0,0.447656454415165,0.6091952634115667
0,0.5850056844987248,0.6108461891050962
0,0.4507401517076714,0.6108461891050962
0,0.420411481892375,0.6108461891050962
0,0.4298528285560882,0.6115093406824903
0,0.4660997085773877,0.6115093406824903
0,0.4279902834257938,0.6113025062440782
0,0.4102696327812063,0.6133649293562127
0,0.49165932932425316,0.613572461616279
0,0.47229724660612676,0.6133649293562127
0,0.4580583408115136,0.6138415801532865
0,0.3820881437309685,0.6138415801532865
0,0.45715769795072836,0.6134264038076874
0,0.3773814039462204,0.6144038942024176
0,0.47237435178822046,0.6144038942024176
0,0.4727796556174118,0.6196833773225959
0,0.4477787266196616,0.6204913441182393
0,0.5858389346915334,0.620071670155028
0,0.44295451746527437,0.6214028917877852
0,0.4457489400171137,0.6214028917877852
0,0.4195167255198472,0.6214028917877852
0,0.49584866776046094,0.6203526984893668
0,0.467172600656265,0.6203526984893668
0,0.4139744817873315,0.6229661710413364
0,0.3809791202460953,0.624211426841667
0,0.35831439497422585,0.624211426841667
0,0.39768563833189646,0.6244226290183347
0,0.4264385296669882,0.6254797122904358
0,0.38168443767439864,0.6256913435919734
0,0.4887253531279655,0.6266013798758449
0,0.46019216974024124,0.6278745212797052
0,0.45542851542411367,0.6277120050931122
0,0.4611565085305788,0.6268631768233212
0,0.37593992533347614,0.6276497130933899
0,0.47476861113850877,0.6280745159916363
0,0.5297877712993931,0.6287122594868367
0,0.4273999070818436,0.6271206161946137
0,0.5885919467053164,0.6275450609920097
0,0.45814011103071733,0.6275450609920097
0,0.4520132514656558,0.6275326248567932
0,0.449704236858509,0.6288076583831105
0,0.4166073753499819,0.6298721650588067
0,0.4691570938480776,0.6334389286650494
0,0.43062250834092974,0.6332246768517696
0,0.3973758432267825,0.6332246768517696
0,0.5001892679590183,0.6321545043102328
0,0.46153658944792575,0.6321545043102328
0,0.45200175672226645,0.6321545043102328
0,0.38267302886858395,0.6319406869354356
0,0.44901483182382007,0.6325823561198782
0,0.37593992533347614,0.6334389286650494
0,0.46342198558896325,0.6338676497926873
0,0.5368722721878965,0.6336532529705127
0,0.44480215306125803,0.6325823561198782
0,0.5843334674653652,0.6319406869354356
0,0.4420299326855631,0.6315132691235441
0,0.4512343155152646,0.6327963906036911
0,0.4331412359207634,0.6342966610853229
0,0.49618426570109914,0.6342966610853229
0,0.45199130384235403,0.6368136318270964
0,0.38731607958875797,0.6353943384223634
0,0.4139744817873315,0.6351091600661933
0,0.3807214421675692,0.6348943433206208
0,0.3581121308786935,0.6355390116319166
0,0.3982699843805423,0.6366276307032754
0,0.43019342884560424,0.6366276307032754
0,0.3824669265578797,0.6383402480907827
0,0.5019536204301599,0.6408126808445508
0,0.4392595677930746,0.6401626631095949
0,0.44899574595998576,0.6423319568132542
0,0.44609078541479963,0.64349054328476
0,0.36077174457003036,0.6430101988388034
0,0.4506316500600389,0.64349054328476
0,0.4261857434921794,0.6436631079462674
0,0.4370377805494419,0.642575294079712
0,0.5844490934989152,0.642747613299121
0,0.4332155661219241,0.6421397285529078
0,0.41222610747198873,0.6447066728061666
0,0.44629823083247505,0.6456249578308344
0,0.4603161407484783,0.6436758293704351
0,0.42826258048975224,0.6436758293704351
0,0.39732497622991375,0.6436758293704351
0,0.4795354899233686,0.6395345020767441
0,0.43388789407226913,0.6395345020767441
0,0.4497546613730615,0.6395345020767441
0,0.3804472640204558,0.6414846205877218
0,0.4419906016194878,0.6438880555864596
0,0.36077174457003036,0.6425119548141791
0,0.4482863147624703,0.643625111557148
0,0.41018958299251657,0.6438428823615157
0,0.43711008433205917,0.6478291701722444
0,0.5823000393732419,0.6453674532824211
0,0.42725548939984387,0.6447128153472853
0,0.43308086845402655,0.6466462719991748
0,0.45738246738532573,0.6464275529876697
0,0.4833323080160321,0.6462089079547958
0,0.4377690985685886,0.6459450161609342
0,0.4139744817873315,0.6457265343393589
0,0.37894729933792876,0.6455081264161884
0,0.3581121308786935,0.6450894801575388
0,0.39721459943434806,0.6444351241885165
0,0.4194128678007119,0.6442171530666759
0,0.3747129827759038,0.6442171530666759
0,0.47823085617100347,0.6439540746441003
0,0.4332434198720684,0.6439540746441003
0,0.4442646264648737,0.6439540746441003
0,0.520293910702084,0.6362499296559837
0,0.5275516522718375,0.6404278937592333
0,0.4352502538438847,0.6393403581586332
0,0.36077174457003036,0.6391241102697844
0,0.449374462981398,0.6351977710883823
0,0.4061166577072543,0.637410202775304
0,0.4349218550820695,0.638263771177501
0,0.5785460886060968,0.6359064747876243
0,0.4326180715758642,0.6363107275148259
0,0.43118277488994383,0.635880353993291
0,0.47219356855126526,0.6348056932616063
0,0.4368242480575824,0.635235339436368
0,0.4250873163082155,0.6343763376812496
0,0.3861550772234799,0.632875878744511
0,0.49274637044265474,0.632278270538876
0,0.4432296964216858,0.6327062061153926
0,0.4362862187947861,0.6325239437885121
0,0.37483976705793526,0.63273795850849
0,0.4321284276426724,0.6327823525911355
0,0.3602286349164768,0.6327823525911355
0,0.4453337894204898,0.6327823525911355
0,0.40462377360013324,0.6322656405120762
0,0.4316641238402032,0.6322656405120762
0,0.5745594171011189,0.6335058427168413
0,0.43700552608769283,0.6297104298363674
0,0.4505885077882654,0.6303732130615584
0,0.4813325166926601,0.6303732130615584
0,0.4833323080160321,0.6291133007293802
0,0.43939863589664857,0.6275874721674621
0,0.38868390245699846,0.6273498106492751
0,0.3629807426629382,0.6292943963966938
0,0.3581121308786935,0.6271254889423665
0,0.3860478034235296,0.6282545227235303
0,0.425420214422268,0.6279847004784965
0,0.3716231472279051,0.6315070035772696
0,0.46590814427610217,0.6286421784563542
0,0.4705977372073335,0.6223615337314953
0,0.4455166061006569,0.6207156497352044
0,0.42327139096250843,0.6189952707668339
0,0.3602286349164768,0.6168742151600468
0,0.433512862649924,0.6112960513339637
0,0.40008033300861834,0.6109860895221446
0,0.4292709458258897,0.6116064815207524
0,0.5739318263248976,0.6095555819583454
0,0.4295441043578287,0.6059831200477952
0,0.4144268484668019,0.6053684321883168
0,0.4772745699783343,0.6059831200477952
0,0.4281469995496187,0.6042160998290648
0,0.3790342520990319,0.5847532746495905
0,0.4287463859154924,0.5865728065973767
0,0.3861550772234799,0.5864157648685298
0,0.45546944927850164,0.5814253446107451
0,0.4781875706091523,0.5814253446107451
0,0.44254940354100547,0.5810320932285988
0,0.3721194587809632,0.5817345242587506
0,0.4143079926088071,0.5861918302168189
0,0.3589250277807878,0.583677826851249
0,0.4259818283405633,0.5835333860903376
0,0.3925082869302329,0.5826683495996408
0,0.42847372584344534,0.5834393341871571
0,0.5707445860372844,0.5834802693858001
0,0.41131232058166023,0.5743660389229843
0,0.42670667875165885,0.575186585333586
0,0.468744693628107,0.5735424203971224
0,0.4833323080160321,0.5661563484487487
0,0.41893108476861324,0.4706051680738136
0,0.3872696112799026,0.46138064245541344
0,0.36375741243671483,0.45813636086592063
0,0.3581121308786935,0.4634764975692674
0,0.38540716847453443,0.4816882198202128
0,0.429268667060982,0.4831032847902645
0,0.36612406755105154,0.4787777422924809
0,0.45394513890776295,0.4843529013089552
0,0.4771439031774309,0.49157048158004113
0,0.42656238284362197,0.4923074545574965
0,0.40597828333568203,0.4690334149669834
0,0.35916795371363486,0.4686807788876366
0,0.41570447121360216,0.4692233178570453
0,0.3891994328914742,0.4685732446802364
0,0.4236745685782583,0.4616894728504068
0,0.5623615945187124,0.4609846343964899
0,0.41046812310516,0.46802270139273033
0,0.42557846623946943,0.4707489279995899
0,0.46946829721748173,0.47453046323972925
0,0.41303094518601885,0.47453046323972925
0,0.4343123273922989,0.4738011812249979
0,0.3862577735462028,0.4744760377880533
0,0.46696234125132163,0.4744760377880533
0,0.47154638085244266,0.47488902257416543
0,0.42033597554181895,0.4963931737385892
0,0.36635442022612974,0.49560279566581367
0,0.396852214764631,0.4756619006816612
0,0.35836795631574114,0.4697942420193805
0,0.41014620659499496,0.4675727408284568
0,0.38540987406663774,0.46843001831736575
0,0.41603359378354154,0.4650356711431599
0,0.561826073366266,0.4650356711431599
0,0.40620242577358473,0.4641832413903805
0,0.43220833277477994,0.46400568453086066
0,0.45749417250658164,0.47018740011973165
0,0.4833323080160321,0.4683323973965265
0,0.4012489359563904,0.46364269604393193
0,0.3958528190019668,0.46333881197716453
0,0.387980764844823,0.466116757602851
0,0.3632738256279386,0.4695233031374517
0,0.3581121308786935,0.4931047332800466
0,0.37842880988571,0.4957902251836489
0,0.43312807630929867,0.4958367652439545
0,0.36635442022612974,0.49355516910353897
0,0.4775462210577705,0.499289478240002
0,0.4788082182695508,0.5014449795072935
0,0.4071787231721984,0.5018954319082982
0,0.39438864752385383,0.48340072597983325
0,0.35836795631574114,0.4829236671820302
0,0.4030826543207538,0.483469554741732
0,0.39934284989764646,0.47299743954311135
0,0.4158468691478117,0.46942471163827687
0,0.5545226669147838,0.46528241145858934
0,0.40196676815688914,0.4593530054267174
0,0.4098448758874047,0.46284913811261874
0,0.4280623087298009,0.46484552181321454
0,0.4002000744513916,0.4648129096671452
0,0.431732523956483,0.46551112274731704
0,0.36762004522826297,0.46206956855540643
0,0.4221139809884685,0.4621811901620287
0,0.4725490344963502,0.47945738308377484
0,0.38462178807710784,0.48037595866802274
0,0.3654727572359502,0.4799048931282858
0,0.40303908780242625,0.4631924855892226
0,0.35836795631574114,0.45844383146215983
0,0.40258918320113773,0.4616491556550003
0,0.42770365296053525,0.4615493121027681
0,0.4080046091619031,0.4820379431526549
0,0.5552735397261402,0.48218475245946274
0,0.3981982691375782,0.4644614649668413
0,0.4110047093649243,0.4644614649668413
0,0.4044244580997212,0.4640601500173282
0,0.4833323080160321,0.4633962288279839
0,0.37707028131765663,0.4633962288279839
0,0.3790342520990319,0.4911908275467546
0,0.38711659085853206,0.49284269416343157
0,0.3632738256279386,0.5003152927736213
0,0.35774887459002713,0.5197929474613869
0,0.36732186730544475,0.5190053872774885
0,0.4335967693943249,0.5205476460790651
0,0.3639542857206147,0.518118324624394
0,0.4111427825912175,0.5217106305512267
0,0.46581856906552727,0.5231793814024942
0,0.379711608945146,0.5222403727275761
0,0.3980196173340023,0.5095024351033154
0,0.35836795631574114,0.5084393072873038
0,0.394866212394034,0.5074206746733925
0,0.418456312553485,0.502963806985404
0,0.39814376923168343,0.49992458383746247
0,0.5563666439865285,0.45475110023190485
0,0.3948528987110973,0.4566816546012936
0,0.38644001299662945,0.4595271684173466
0,0.40462809526208104,0.46291822452628717
0,0.381673199011496,0.4625260872746719
0,0.43739130130299675,0.46145936378372504
0,0.3675821411496886,0.4625084314516862
0,0.4007996834143563,0.49946548428664184
0,0.35574476812965944,0.5021321409753902
0,0.3909363198274164,0.500047881820585
0,0.4108558944605201,0.49629276714954446
0,0.39392201877676114,0.49646068799844134
0,0.5513864765528992,0.49602535907570533
0,0.39620541560567085,0.49693773749551434
0,0.40915617785232494,0.4983698681968825
0,0.4037455805978596,0.49967641331150825
0,0.4828325851422183,0.4906895595449572
0,0.37977313675345753,0.49098361444112915
0,0.38711659085853206,0.4832743895256726
0,0.3632738256279386,0.47220220285958336
0,0.3581121308786935,0.4751292072718408
0,0.36664122340660055,0.4751292072718408
0,0.4346244006676893,0.47801562262374403
0,0.4573646397638921,0.5069113333926061
0,0.4253781585080649,0.5278942215265406
0,0.39871598129197605,0.5373463519410802
0,0.3471299401384262,0.5338451329586036
0,0.39037450774644533,0.5349842289656546
0,0.385561200808528,0.5333236879053657
0,0.39054306931004057,0.5327237654369259
0,0.5527164254175528,0.5337183350804761
0,0.3953301268436694,0.5337183350804761
0,0.40915617785232494,0.5337183350804761
0,0.39931011619068296,0.5337183350804761
0,0.37894370294792307,0.5327237654369259
0,0.4214669586611008,0.5311114540196784
0,0.3648884911457779,0.5312667135342277
0,0.3699063195094499,0.5134191867897957
0,0.3885864764309851,0.5049924643635153
0,0.46537255311330344,0.5042683042198005
0,0.3873097069312898,0.4941772864735123
0,0.4017439479617474,0.5055809208929745
0,0.3471299401384262,0.5147914602424908
0,0.39031112021945574,0.5219469104405765
0,0.370833123087673,0.5224209502510176
0,0.38311031666822787,0.5267695660654148
0,0.5437303732276707,0.5236238543624337
0,0.4022978641477828,0.5280062193191064
0,0.38653266281653514,0.5281848704267583
0,0.3930730674785609,0.5276490983620417
0,0.4796575339249824,0.5247937279621855
0,0.38376819668517737,0.5221290785135262
0,0.38711659085853206,0.5201577672629802
0,0.3632738256279386,0.519866997665838
0,0.3568365476290232,0.5165667682183073
0,0.3647871251990066,0.5165667682183073
0,0.42115586272349154,0.5148635919657233
0,0.3608336141684498,0.5008339721569464
0,0.38277680727082186,0.49899193309700457
0,0.45233019975120314,0.4804730560233583
0,0.38880211089244554,0.47888888462602297
0,0.3927448277647873,0.5086039720717941
0,0.3471299401384262,0.5117030362673319
0,0.3697573298098641,0.5136249328029027
0,0.3874580381011081,0.5092817060694913
0,0.3862556569552253,0.5118533598825892
0,0.5457341487408424,0.5088324922049792
0,0.4021479538820987,0.5086603867672216
0,0.38419534996203514,0.5105157174918127
0,0.3820407908863108,0.510966417362324
0,0.364481927694093,0.5114893446627743
0,0.3790342520990319,0.5428386673446653
0,0.4284776842373188,0.5444613954327407
0,0.3648884911457779,0.5386224560419596
0,0.38723178047382206,0.5303356856638018
0,0.4455018330790707,0.5312865817957679
0,0.3811713185340472,0.5237545064692499
0,0.3608336141684498,0.5178976438828056
0,0.3958759544560164,0.5299837965267452
0,0.3471299401384262,0.5299837965267452
0,0.36915356414168293,0.5385400353887893
0,0.4047199348547512,0.542379939325265
0,0.3898788641083693,0.5472866622290039
0,0.5448457015576492,0.5478325084354013
0,0.39250524515424096,0.5450120986546373
0,0.38419534996203514,0.5450120986546373
0,0.3738036976159972,0.543835930565613
0,0.47004351236780045,0.5410481924667963
0,0.36468621317970307,0.5410481924667963
0,0.3561449262778562,0.5430682375942147
0,0.36297244844605087,0.5445341078257588
0,0.35847121715117997,0.5465438169720567
0,0.36533525981897075,0.5465438169720567
0,0.42407802403031203,0.5458589181721962
0,0.3608336141684498,0.5012152695272789
0,0.3833788992608029,0.5004510654233202
0,0.43505535886126934,0.48094920119794893
0,0.39524717830610706,0.48130326722964456
0,0.393455331405029,0.5099186803575689
0,0.3450047775181116,0.512964019983159
0,0.3648625736889875,0.5150145947253896
0,0.39737285823783913,0.5106596169720673
0,0.39390473942262383,0.5115507417878032
0,0.5424062584607577,0.5100366166303446
0,0.3897271020091647,0.5100366166303446
0,0.3711526091156401,0.5118969671316189
0,0.3718313359380977,0.5123488864142118
0,0.39009739973949686,0.5128732285450399
0,0.4232477664568474,0.5113551889949199
0,0.36118117105090314,0.5108621247193504
0,0.38989062700887256,0.5046022133846656
0,0.4251249034393581,0.5012736296672636
0,0.396777604087205,0.4981113582994788
0,0.3608336141684498,0.48874517759404046
0,0.3958202132053562,0.5151948286493705
0,0.3450047775181116,0.5137276056395912
0,0.3655609961231035,0.5144593312241333
0,0.39513924049691457,0.519420612151273
0,0.3884860747993508,0.5248507730730033
0,0.5453158042092311,0.5286671046086068
0,0.39067499917016335,0.5296882456894677
0,0.3675357726405388,0.5296139256684116
0,0.3611291903361302,0.5290767040205654
0,0.4702025517712329,0.5254330576428191
0,0.3901926081446526,0.5235417492245719
0,0.35429335852498095,0.5215651044008146
0,0.36297244844605087,0.5212735480984102
0,0.3588944677639882,0.5179643895609819
0,0.36162340048945285,0.5179643895609819
0,0.4204787284981889,0.515373817902045
0,0.3608336141684498,0.5012152695272789
0,0.38978067825142787,0.5004510654233202
0,0.4264615131502445,0.4798261228867284
0,0.4012870405683006,0.48130326722964456
0,0.3865082685258449,0.5110567100879717
0,0.3334754568054388,0.5149689742449685
0,0.36982999889768836,0.5157379327844137
0,0.39298399621084507,0.5113409618227943
0,0.39149839078321796,0.5122332756170287
0,0.5434178614144924,0.5108899315839183
0,0.38210207101938115,0.5107171302462125
0,0.3695538493869231,0.5108899315839183
0,0.36279820801899276,0.5125378035879048
0,0.3880518250544852,0.5130623390581467
0,0.3841809711634171,0.5216817460154057
0,0.42317826615955995,0.5222813042973061
0,0.3609181969202142,0.5187783984380949
0,0.38297657972476,0.5118135981728313
0,0.4117490957465022,0.4996277599719716
0,0.40669595566047845,0.4976182223943306
0,0.36056094772038694,0.48809616678821793
0,0.3778465067792744,0.5146847799144431
0,0.3334754568054388,0.5130454203565553
0,0.36982999889768836,0.5142492418952579
0,0.4079136568667659,0.5184060344784729
0,0.37734721011666034,0.524374965915225
0,0.5424951226371457,0.5272846482884158
0,0.37580290051992776,0.527804856380874
0,0.37469732996214067,0.5262851076625237
0,0.3637713441266368,0.5254453386010254
0,0.46382874930123785,0.5215500316953515
0,0.3893917633460162,0.5220867561941064
0,0.3790342520990319,0.5421367613660376
0,0.35429335852498095,0.5421882630755841
0,0.3619798565968486,0.5429223560983119
0,0.35809507951856984,0.5463589562088101
0,0.35852917146763674,0.5457258779911607
0,0.4188808253978096,0.5442772390193069
0,0.35770553208820205,0.5391654327882344
0,0.3813979267644437,0.5235234854614813
0,0.40447985056164143,0.5246283915875855
0,0.4099492449590129,0.5247984840265442
0,0.3734759529481214,0.5448976131322634
0,0.33166344938694,0.5454066548226411
0,0.37646989588685326,0.5431008172903569
0,0.4018010336402021,0.5438963910986927
0,0.37714118184318635,0.5444107859764867
0,0.5380026124789974,0.5425455716196083
0,0.37713428798910104,0.5427291421227105
0,0.36401713278048015,0.5427291421227105
0,0.35591979154690345,0.5432845756610456
0,0.3889947797701285,0.5432845756610456
0,0.4255089227121712,0.5465019736277769
0,0.3578522405078609,0.5397614187641264
0,0.3760190578620587,0.532376329801374
0,0.41323137489077705,0.4996277599719716
0,0.4280470600922737,0.49773953461547304
0,0.35770553208820205,0.4871337321212428
0,0.3734759529481214,0.5149844389660237
0,0.3307236906725944,0.5133441249425107
0,0.36202294374351895,0.5142492418952579
0,0.4045505053051259,0.5184060344784729
0,0.36828258632088917,0.525728872798503
0,0.5404444363739879,0.527894164151227
0,0.3727751745524957,0.5296671682565821
0,0.36699767335100186,0.5296800804939459
0,0.3535688313678133,0.5291427917409829
0,0.46383677138575075,0.5244289379752235
0,0.3750911894586568,0.522476767851928
0,0.35457586779173966,0.5219339566723634
0,0.36117359607061494,0.5216421941805427
0,0.3544841281050472,0.5164469632578025
0,0.35510624153151976,0.5164469632578025
0,0.4363372437652885,0.5155658529658277
0,0.3579905758797735,0.5019120543079985
0,0.3795620339065603,0.5002352476634447
0,0.41204794694482416,0.4804981578334528
0,0.46484016671487965,0.4696994938560472
0,0.45554492896020254,0.47758537627524533
0,0.4253781585080649,0.496998731238338
0,0.3614988426438506,0.4967045294231205
0,0.3307236906725944,0.4991888459775993
0,0.35172403985586037,0.4984158450427471
0,0.4045505053051259,0.4983014884160907
0,0.367477062937998,0.4993502535810812
0,0.5376769369487988,0.49903526762329026
0,0.3685827784679184,0.49303686392680157
0,0.36837339556606774,0.4878474922273162
0,0.3512711427940933,0.47893895522743585
0,0.3907281658400783,0.46726161092345103
0,0.44341826223301756,0.482528893229261
0,0.3552049173835187,0.482528893229261
0,0.3803437714245131,0.4756512802824149
0,0.40928981075524506,0.46687558761807063
0,0.4314319034821033,0.4797284808992171
0,0.3579905758797735,0.48199141156676023
0,0.3630560338637295,0.4650875110633043
0,0.33036875390677073,0.46147362634116257
0,0.34749007802573,0.45946040071084626
0,0.4048937142493986,0.46115570964147484
0,0.3658351982832263,0.4632147278974512
0,0.5350266565893264,0.4630580520272153
0,0.3657212569970743,0.4615442301043003
0,0.3501436634852579,0.4615442301043003
0,0.3504921382496882,0.4635019538399675
0,0.4627205088480618,0.4633234854603144
0,0.38952598869668537,0.463575145939252
0,0.35457586779173966,0.4620711711283026
0,0.3578342698772068,0.45789806375576986
0,0.3544841281050472,0.46107685493538875
0,0.32429212080466085,0.4758094367469952
0,0.43298991719591495,0.4768140870804932
0,0.3579905758797735,0.4775662755024416
0,0.3860742651438643,0.47811803030133637
0,0.40927287728180567,0.47884080736167906
0,0.4633217799853969,0.4780780336861314
0,0.36434317019997714,0.46202051345838596
0,0.32802086714423284,0.4608728979273236
0,0.3356724571495793,0.4623504025264212
0,0.39344018883283965,0.4610795525088788
0,0.3468619529681938,0.4538702634830705
0,0.4912349829005979,0.4532813631913857
0,0.3395653777710918,0.45574863233112106
0,0.33080711806342317,0.45793149045021586
0,0.33657323970630343,0.46129776805917333
0,0.35403957860488994,0.4602108945316057
0,0.3790342520990319,0.49557066423305135
0,0.41957460460468915,0.4955301745076161
0,0.32667032746859515,0.49136776226472145
0,0.35459071024081196,0.4892552330404044
0,0.3814137511442555,0.5025512772556997
0,0.40526109518451275,0.5004428961379859
0,0.4480317927694003,0.5012382367578365
0,0.3764125092816843,0.4917173520006879
0,0.32802086714423284,0.4887705361324302
0,0.3405280761112875,0.4905735797156188
0,0.41321410742198683,0.4904315848100562
0,0.34518469992666706,0.4929144231484344
0,0.49564422785263595,0.49150449803437285
0,0.34444117673648955,0.4916517875923983
0,0.3345298520535858,0.4931577307301924
0,0.33657323970630343,0.45866723295685113
0,0.4614551439215844,0.4610040487646858
0,0.35280755447441825,0.4601816411151087
0,0.35457586779173966,0.45778158205450786
0,0.3578342698772068,0.45478292368996154
0,0.35389024372829153,0.459416795918275
0,0.32429212080466085,0.47247259070850217
0,0.41617929555081323,0.4715843483011721
0,0.33467529125404466,0.4708913516769416
0,0.37583688156561773,0.4716403689736934
0,0.3745850642670212,0.4736192123784661
0,0.4209920940632668,0.47272630285053385
0,0.369993774492993,0.45660446183553804
0,0.32802086714423284,0.4566498288020291
0,0.34007904687341245,0.458139869657482
0,0.42898605121340794,0.45750515175417916
0,0.34428600202418463,0.45122394686003764
0,0.495908408194011,0.4507802653165808
0,0.33730714574743564,0.4530519996399272
0,0.332468757365753,0.456214185140564
0,0.3360831224869528,0.4572857647249881
0,0.35296058969329336,0.4572857647249881
0,0.41718750273269556,0.4564185550461431
0,0.32667032746859515,0.4592105203215264
0,0.3343182085965458,0.455417546273319
0,0.3519981235770226,0.45744093257834895
0,0.36344372337963926,0.46893920896354924
0,0.42142181618387353,0.4682736638592096
0,0.3770272209299481,0.46306956141931677
0,0.32802086714423284,0.45982990278283364
0,0.34085558604499455,0.45657936060260296
0,0.44389296400663625,0.4576068309044214
0,0.34240134534580696,0.4600523502644034
0,0.4923940367605468,0.4600523502644034
0,0.3341301345654575,0.4600523502644034
0,0.3344390782348681,0.4600523502644034
0,0.3392086375289269,0.45868292100249597
0,0.4595167668974493,0.46034752642779725
0,0.33657728253414626,0.45920468455859076
0,0.3911157853592861,0.4566925522257032
0,0.3546685308901339,0.4626573318370482
0,0.3578342698772068,0.46670519198788446
0,0.35389024372829153,0.4872205276537068
0,0.32429212080466085,0.4820091263793589
0,0.4103388908674438,0.4826778397717552
0,0.33467529125404466,0.48718526315101507
0,0.35480121829803546,0.48889677175660956
0,0.36543833470916404,0.4900704690241337
0,0.4212659904877902,0.49106782827802387
0,0.3814498437223646,0.47676676294812603
0,0.32802086714423284,0.47948979256413404
0,0.3421352457929358,0.4774348645717425
0,0.4273895470816352,0.4665933058027518
0,0.3590418198711953,0.46325561755643185
0,0.49296877925957144,0.4588461344728941
0,0.3341431657847888,0.4532745800916987
0,0.33080711806342317,0.4553183837295846
0,0.3394757727759448,0.45728228540944077
0,0.33664166519204985,0.45725020387700294
0,0.40940126846336233,0.45567122147433975
0,0.32667032746859515,0.4520663728118635
0,0.3581104876404386,0.4521645912374133
0,0.37189617959742277,0.46866274109553024
0,0.4271311413418138,0.4696729077329996
0,0.3342253350678936,0.4692123378027422
0,0.38200218346565856,0.45697676961192496
0,0.32802086714423284,0.45369528387667796
0,0.34343730132267963,0.45401872235478974
0,0.4272449885752104,0.45401872235478974
0,0.35709403087549074,0.4546174725933652
0,0.4933864837375719,0.45419633344358157
0,0.3388032962594962,0.45426775155859106
0,0.3345298520535858,0.45748375996817614
0,0.3394757727759448,0.4546117848926558
0,0.4595167668974493,0.45685078144841207
0,0.3352597118255682,0.45685078144841207
0,0.3790342520990319,0.4838964723927666
0,0.35444830970536184,0.48728468625736954
0,0.3578342698772068,0.49495013326671206
0,0.35389024372829153,0.5118760653504629
0,0.32367930172489423,0.5078246873968384
0,0.403303440279922,0.5085685068050543
0,0.3342253350678936,0.5157297740497838
0,0.3730681570823202,0.5153119499940294
0,0.35886945605475923,0.5161428109615589
0,0.4466673191375127,0.5178222412879623
0,0.3791025597695549,0.5021597205556002
0,0.32802086714423284,0.507018397954511
0,0.34298884103634975,0.5047225173287032
0,0.41719663694041287,0.4995817838593361
0,0.3565711555864209,0.49513345568490896
0,0.49570589449013236,0.4475148330338946
0,0.3361948816796043,0.4494981008475412
0,0.332468757365753,0.45335850806948613
0,0.33856763051160077,0.45448874752881696
0,0.33462319733870427,0.45448874752881696
0,0.3877659987388878,0.4518250347387586
0,0.327085876761652,0.452268757162426
0,0.38961173644684005,0.45174239434516866
0,0.36048321735762745,0.45174239434516866
0,0.44589407925653907,0.4748158471976525
0,0.3342253350678936,0.472846966626243
0,0.37793629551878494,0.4556431195926601
0,0.32802086714423284,0.45500587879066723
0,0.3433460987469625,0.45224865800298036
0,0.40057721055926165,0.45482730924360737
0,0.3577392695441478,0.4548426247254288
0,0.4913571642887727,0.4548426247254288
0,0.33691326508264624,0.45481562610974097
0,0.3344390782348681,0.4548426247254288
0,0.3394757727759448,0.4536999508703154
0,0.457280900380164,0.4570851906532483
0,0.33496253628853356,0.4569108758817184
0,0.35444830970536184,0.4550359799490331
0,0.3587659592437131,0.4532204122284087
0,0.35504812654594375,0.4575994537415418
0,0.32429212080466085,0.46723405660007794
0,0.34982071199738773,0.4642539414849444
0,0.3342253350678936,0.4657339231842318
0,0.3925639854710563,0.4665900570793939
0,0.3579796625364002,0.47024278543431813
0,0.43587255315575585,0.47005179325917434
0,0.4581050279275679,0.4745869442049894
0,0.4253781585080649,0.49749296489878947
0,0.3784954919878118,0.49232072387234604
0,0.32802086714423284,0.4953297698268229
0,0.3433460987469625,0.4861800437431312
0,0.4334070288771154,0.48365309232591597
0,0.3587202331989418,0.4710729784226598
0,0.4912980363496979,0.4588575128159635
0,0.33629033056064056,0.45521150070263144
0,0.33080711806342317,0.45551382366575016
0,0.3394757727759448,0.4569820805768478
0,0.337397265212086,0.4570282596958104
0,0.35055164171401826,0.45293167244958527
0,0.327085876761652,0.4540474157598349
0,0.3932155209583549,0.4628250660613025
0,0.36117447551834186,0.45854556111992145
0,0.4137068850464344,0.47390972289602856
0,0.3342253350678936,0.47371412748553676
0,0.379391832122062,0.45675452928713867
0,0.32802086714423284,0.4558089497650611
0,0.3429321657468324,0.4526470158765473
0,0.4334070288771154,0.45478654016384895
0,0.36486321060657995,0.4569648641237139
0,0.4935781902478763,0.4569648641237139
0,0.3415411502328907,0.45693773953582645
0,0.3345298520535858,0.4567114508344513
0,0.41835539339129146,0.45518622650964763
0,0.3588684287967739,0.45767683020959266
0,0.33709231469759743,0.457227801906972
0,0.34289809142815086,0.45554945243331385
0,0.3587659592437131,0.4537948178688657
0,0.35504812654594375,0.4579003756630394
0,0.32429212080466085,0.46809907839150416
0,0.34770267297293317,0.4660878822015239
0,0.3342253350678936,0.46682314971584804
0,0.3664382232656515,0.46768128587819924
0,0.3747165352521916,0.4692935825462761
0,0.40098266314567627,0.46929462134997535
0,0.3701956072157531,0.4556362377986989
0,0.32802086714423284,0.45751747662815917
0,0.3396733179866183,0.4577942759858083
0,0.4033791692379608,0.45716003687622153
0,0.35501464414954975,0.4492070644882279
0,0.4920950841002221,0.4492791811974233
0,0.3362772256563722,0.45141225204896496
0,0.33273281303964813,0.4563127751215857
0,0.4149713265997793,0.45624942840383537
0,0.337397265212086,0.45622234628288705
0,0.3790342520990319,0.4883651827890627
0,0.3512993757066584,0.48658139379031057
0,0.327085876761652,0.48359307423809755
0,0.36711182110240304,0.4835725890344117
0,0.377028902762119,0.4996970232791477
0,0.3824840419831407,0.5001845995923128
0,0.3342253350678936,0.5001845995923128
0,0.3606756209035755,0.4895175142626006
0,0.32802086714423284,0.48823037703924554
0,0.33918477799174185,0.48797477698684694
0,0.40472089820003604,0.4880533636336777
0,0.3548549880007996,0.4903789579713671
0,0.48763751765075924,0.48986981863258583
0,0.33943107664383054,0.4894280162205088
0,0.3347046987908563,0.4933349161210968
0,0.419967261811526,0.45857086864004687
0,0.3588684287967739,0.459112798284811
0,0.3368968789767609,0.459112798284811
0,0.341347230753318,0.456311668753939
0,0.35854251032062284,0.45438800561448833
0,0.3527330076127221,0.45799546738411695
0,0.32429212080466085,0.46916688568926646
0,0.3474589297317518,0.47000030457279945
0,0.3342253350678936,0.47074174404992664
0,0.3566299549251492,0.47139541636784366
0,0.3745360422761827,0.47492211702314385
0,0.3875489765650553,0.47505639576313147
0,0.3543965895550667,0.4587925354005987
0,0.32802086714423284,0.4594662918893285
0,0.3429709645569225,0.4614023868727802
0,0.40472089820003604,0.4607631490003074
0,0.3554732543369461,0.45353299296435484
0,0.48691950517697064,0.4539161763861698
0,0.34282952451167503,0.45441128547700443
0,0.33106985401846944,0.45747278174149086
0,0.3420802232567953,0.45786684459844323
0,0.3372016526903525,0.45797192176361995
0,0.35036866564110847,0.45625218834638626
0,0.327085876761652,0.45662257740705486
0,0.3635072153404668,0.45662257740705486
0,0.36894154682457736,0.45662257740705486
0,0.3844201933395231,0.47923017752222136
0,0.3342253350678936,0.4783930507766489
0,0.35350416529210693,0.46009608985773487
0,0.32802086714423284,0.45881257185419927
0,0.3429709645569225,0.4558369343616683
0,0.40472089820003604,0.4558689167364647
0,0.35606080763517256,0.4604929280597541
0,0.48987609832889534,0.4604929280597541
0,0.35294843585304264,0.4605712676121112
0,0.33479554470459444,0.4604929280597541
0,0.3420802232567953,0.45822171913605086
0,0.3588684287967739,0.45821379645474786
0,0.3368968789767609,0.45821379645474786
0,0.42121927006559,0.4568905429285661
0,0.3397438206150361,0.4629196161954274
0,0.35411454333492026,0.4658718866036678
0,0.3527330076127221,0.48737774844580334
0,0.32429212080466085,0.490582007658637
0,0.34042235731611925,0.49086914745086285
0,0.3342253350678936,0.49544740198096465
0,0.3588627225267008,0.4964466304317902
0,0.3617235848316883,0.49417663384787447
0,0.3800641186351947,0.49792838630598757
0,0.3547393395675113,0.48117490601882124
0,0.32802086714423284,0.4851845729887165
0,0.3429709645569225,0.484797181849717
0,0.41275788149213954,0.4731412489152287
0,0.3564110302976133,0.4713936704559045
0,0.4938128304263294,0.45488603359880786
0,0.3480603878854926,0.45538220056144296
0,0.3329813726410662,0.45842414556661776
0,0.34162031146576455,0.45884514298207213
0,0.3388305832307371,0.45884514298207213
0,0.3552449721072388,0.457149266059663
0,0.327085876761652,0.4575982172348253
0,0.36520354078548367,0.4575982172348253
0,0.3619566388498648,0.4575982172348253
0,0.38057575352051926,0.4802541217400373
0,0.3342253350678936,0.47967938323801135
0,0.35350416529210693,0.46020608973076205
0,0.32802086714423284,0.4585659096239124
0,0.3429709645569225,0.4559459159548751
0,0.3972373195485098,0.45642570679718847
0,0.348138055014278,0.4587709578664861
0,0.48695366836326887,0.4587709578664861
0,0.3511668224904944,0.45841472011751055
0,0.3349547314394676,0.45841472011751055
0,0.3420802232567953,0.45792940228738943
0,0.3582746130859276,0.45962163899005015
0,0.3393196642002952,0.45962163899005015
0,0.3789283567219415,0.48668945289659427
0,0.3397438206150361,0.49245366466655965
0,0.35312367196101574,0.5003580445648349
0,0.35432124142509,0.5175615943295819
0,0.32429212080466085,0.5173594524990279
0,0.3553815990790242,0.5180628527381406
0,0.3342253350678936,0.5253742448291182
0,0.3582107253904312,0.5235673096224388
0,0.35999320247036226,0.5214998705838976
0,0.3789970277932573,0.5238661365911623
0,0.3490184877496218,0.509780698565819
0,0.32802086714423284,0.5132869167432602
0,0.3429709645569225,0.5128378572449783
0,0.39703751509228724,0.5057541842770168
0,0.35005663763585887,0.5027484827945748
0,0.48694732734131774,0.4556735724172651
0,0.3474750325912867,0.45645997088794543
0,0.3313171713485656,0.45921780987654515
0,0.3420802232567953,0.4612107643247995
0,0.3389759111950129,0.4607582688673383
0,0.36823227637446587,0.4590553210930564
0,0.327085876761652,0.4606497362660857
0,0.3561034182716512,0.4606497362660857
0,0.36402185390798625,0.4606497362660857
0,0.38097928363123057,0.48225651101201544
0,0.3342253350678936,0.48220230067420555
0,0.3440623763140377,0.4622838456447508
0,0.32802086714423284,0.4606336741283831
0,0.3429709645569225,0.45784695369589945
0,0.414504536130524,0.45919113133660555
0,0.3498836536432435,0.4628564592867407
0,0.4899152282436146,0.4615339320467834
0,0.34541895418297713,0.46240234923232665
0,0.3350456452173395,0.46240234923232665
0,0.3420802232567953,0.46156108014428454
0,0.3585953890057798,0.46243011997459643
0,0.33888174375754987,0.4612821079351051
0,0.339178938362816,0.45975850804275625
0,0.35312367196101574,0.4570438294437928
0,0.35432124142509,0.46241368266540744
0,0.32429212080466085,0.48027838442494186
0,0.3645762300432653,0.48034604622959776
0,0.32464323264711975,0.48070487654964594
0,0.34997500946895016,0.4862833550405645
0,0.3553070125613671,0.48548526490085586
0,0.37535922924394,0.4854200959380132
0,0.45874891005136753,0.4875410649328034
0,0.41788156446066,0.5086318652174819
0,0.3409541324750091,0.5044421977877391
0,0.32802086714423284,0.5066907926883297
0,0.34218392463176894,0.5004896373565672
0,0.4302850019077822,0.49995854610063023
0,0.3497786800613556,0.48670641846301
0,0.49359119683169217,0.4766959758787899
0,0.33763150085612903,0.47433252962582084
0,0.3329813726410662,0.4746475515785588
0,0.34295881374639126,0.4760249505836001
0,0.3389759111950129,0.47560597712887454
0,0.365973004578898,0.47325714733632085
0,0.327085876761652,0.4736518995941947
0,0.3665698617994327,0.48356169914379155
0,0.35274842438815485,0.47633925956011647
0,0.3814292666884907,0.48934113046283373
0,0.32464323264711975,0.4893203530125859
0,0.3387411608155161,0.47160265006474955
0,0.32802086714423284,0.4699218524781155
0,0.34218392463176894,0.4672369771906248
0,0.4442425407669842,0.4683335883290954
0,0.3502038895234213,0.4697669189092816
0,0.4902254040241344,0.4697669189092816
0,0.3356346216665208,0.46984683616293965
0,0.3349547314394676,0.4697669189092816
0,0.3404687445890764,0.4688091806591059
0,0.35831195277597777,0.47011915491789513
0,0.33888174375754987,0.47011915491789513
0,0.3373359399052998,0.46823127179032237
0,0.35341230805262996,0.46667257700204356
0,0.3544909142482165,0.47124553210323156
0,0.32429212080466085,0.4818680266501924
0,0.36702392579441767,0.482030128895928
0,0.32464323264711975,0.48239021726718095
0,0.35914480835428964,0.48239021726718095
0,0.3543004598060335,0.4835122259463062
0,0.3885837904580184,0.48467208225092245
0,0.3375660721302862,0.4680808482254387
0,0.32802086714423284,0.4682598890668973
0,0.3434036735243891,0.4690681832302955
0,0.4252848726983195,0.46841832498069896
0,0.3549965492223721,0.46306650851953285
0,0.4909681600845519,0.4636145577768942
0,0.33269868524116664,0.4643926252296926
0,0.3313171713485656,0.4687732870593182
0,0.3404687445890764,0.4684985591931369
0,0.3389759111950129,0.4685782606720755
0,0.3789283567219415,0.500866272904814
0,0.37182051024437374,0.5013366219951745
0,0.327085876761652,0.49677090697183185
0,0.3249849382452216,0.49698594918753564
0,0.36237969278722,0.510730740261517
0,0.3604464604222505,0.5076114194261926
0,0.38340604062088146,0.50944021872112
0,0.3372200407850319,0.4977423850797712
0,0.32802086714423284,0.4967121479387865
0,0.3434036735243891,0.4967680096123734
0,0.4251111994688468,0.49687629197509886
0,0.3550677705823984,0.49958017051824744
0,0.48983734174345883,0.4989892393741288
0,0.3367149374630556,0.49982327472658605
0,0.33536901825743826,0.5022247376535411
0,0.3404687445890764,0.4685321274943799
0,0.35831195277597777,0.4695909153261257
0,0.33888174375754987,0.46913019807387074
0,0.3373359399052998,0.46833809723555964
0,0.3249849382452216,0.48144378003848315
0,0.35341230805262996,0.48323705095738084
0,0.3544909142482165,0.48067624805211606
0,0.3241150601455137,0.48041804547206135
0,0.36919395725768145,0.48164531621890483
0,0.35483140965143156,0.4759543124671834
0,0.3547397776415672,0.4789244820844444
0,0.3733496563514611,0.47875369399141715
0,0.3464065000809742,0.4670268539116639
0,0.32802086714423284,0.4661020922784101
0,0.3444863185387905,0.4675917858178873
0,0.38433508801191535,0.4669439730044821
0,0.3560377106775404,0.4598823942233874
0,0.49215633180303164,0.4606924767097386
0,0.334243650975268,0.4647391822061859
0,0.3329813726410662,0.46891089981244166
0,0.3404687445890764,0.46847166559215764
0,0.3389759111950129,0.4684343196645845
0,0.37367374796415137,0.46484146637121987
0,0.327745644625669,0.46552014639709505
0,0.37958630366240576,0.4650479392136503
0,0.3564336900127575,0.46430118798914977
0,0.3725213657008074,0.48840748556130154
0,0.32555644157230607,0.4837878894912722
0,0.34728100622792096,0.4694881690574745
0,0.32802086714423284,0.4701506812785354
0,0.3440784046990486,0.4661545344128402
0,0.3681009934543856,0.46670387823533666
0,0.35574623069971356,0.4690957630364654
0,0.49095809847934374,0.4690957630364654
0,0.34280220091403146,0.469262770653295
0,0.3349547314394676,0.4690583673566881
0,0.3406547390945735,0.46735351969886735
0,0.3580696058057696,0.4688257527594373
0,0.34179781980998947,0.4688257527594373
0,0.45401028260745,0.4648324869206918
0,0.33689065539544855,0.4709333270570538
0,0.32722689974573976,0.4829050805064379
0,0.35368667140544446,0.48561805053762197
0,0.35281600584396533,0.4913928866226569
0,0.3243766687947671,0.4902978467461781
0,0.3649051840520906,0.49362185549384713
0,0.38804739684600653,0.4915094567573435
0,0.3592871046912958,0.4925991503389844
0,0.36460640971694724,0.49429943367031454
0,0.34728100622792096,0.47880118957030715
0,0.32802086714423284,0.4814791104861385
0,0.3440784046990486,0.4786888419503146
0,0.37971162801974895,0.46922723688136286
0,0.3513723310690774,0.4662402087206735
0,0.491037056996485,0.45513538649830854
0,0.3411220776920896,0.45938649645180313
0,0.3313171713485656,0.46338834429485926
0,0.3404687445890764,0.46278077421017705
0,0.3474197402488254,0.46277022041005006
0,0.36664248117091375,0.4598780883998494
0,0.327745644625669,0.4599158759973592
0,0.3819341329815364,0.4600575205169628
0,0.3752925537926324,0.4600575205169628
0,0.3661046549283422,0.4834869236394715
0,0.32780234568156064,0.47886472509970857
0,0.34728100622792096,0.4628105593097343
0,0.32802086714423284,0.4629248580357455
0,0.3440784046990486,0.4606225303787332
0,0.3814170013316094,0.4607657670107121
0,0.3488579819672967,0.4623868707513356
0,0.49136939836557514,0.4623868707513356
0,0.3594673782904859,0.46241318888825333
0,0.33536901825743826,0.46241318888825333
0,0.3404687445890764,0.46140714275491507
0,0.3556069298540097,0.4645684725702288
0,0.3605946005456802,0.4644663549658808
0,0.3789283567219415,0.49215530356298115
0,0.33689065539544855,0.49193344683819473
0,0.352911215013693,0.4974423624459404
0,0.3526299447845797,0.512341871478294
0,0.32455387236797645,0.5112889611438874
0,0.36430669324868303,0.5125181761191565
0,0.3271359961812079,0.5191755632832026
0,0.38181932670391716,0.5188549716064114
0,0.36398078506362386,0.51962603177093
0,0.35948300464395927,0.51962603177093
0,0.34765165471134574,0.5066225820615381
0,0.32802086714423284,0.5110830374930972
0,0.34362908398058434,0.5078248761719141
0,0.3829176870975993,0.5046520032812686
0,0.3506008366120372,0.5029082774045346
0,0.4925239846971084,0.45802643910938956
0,0.34379924672404916,0.45876407088226956
0,0.3329813726410662,0.46348893952306697
0,0.3389802082619607,0.46258075524380105
0,0.36079873600843554,0.46373797287107366
0,0.3678884095877008,0.4603150491302074
0,0.327745644625669,0.45989534080549754
0,0.3675251540014828,0.45989534080549754
0,0.36886667423954195,0.45989534080549754
0,0.36296257477788324,0.48331648458288357
0,0.3271359961812079,0.4786623316153995
0,0.34765165471134574,0.4630375912972088
0,0.32802086714423284,0.4627616675289976
0,0.34444563508767867,0.4604601514897036
0,0.38352027178481957,0.46060333762783207
0,0.35288892795101784,0.46222386989613923
0,0.4955622026508865,0.4624252948985534
0,0.33992506810448914,0.4627100533179656
0,0.3349547314394676,0.46225017875537394
0,0.33587757788681727,0.46159668549841887
0,0.35075801248999244,0.46440470265564804
0,0.3605946005456802,0.4643026210498499
0,0.33667966115651365,0.4620091976612422
0,0.3493573165455348,0.4590578363491846
0,0.35181851344836496,0.46173068328086986
0,0.32455387236797645,0.4729064994497163
0,0.34908505397741735,0.4709849314445846
0,0.3271359961812079,0.4709849314445846
0,0.3496059239972185,0.4709849314445846
0,0.37350295503612224,0.47473161698810373
0,0.3586468891525932,0.4739044084388111
0,0.45806303405283627,0.4787388760403139
0,0.4130477563286304,0.502270582150762
0,0.34765165471134574,0.4959590158789999
0,0.32802086714423284,0.4979802395058299
0,0.34485398428853553,0.4920996731278142
0,0.38320608729284694,0.4889126604240389
0,0.3598383952653202,0.4758139504721908
0,0.49612178701049425,0.46447390359543356
0,0.3403299516235597,0.4631156229659118
0,0.3337853134918809,0.46331453862973243
0,0.3361518371297146,0.46346853936891375
0,0.3609511751850583,0.4639000580126085
0,0.3408049062983022,0.4608496385769207
0,0.327745644625669,0.4617028355785116
0,0.35134621764123464,0.4687062343727475
0,0.3714933151991377,0.4615347737780267
0,0.35940689621069255,0.47605914736722016
0,0.3271359961812079,0.47808403245378983
0,0.35119122548411974,0.46357562412131725
0,0.32802086714423284,0.46329937973973245
0,0.34682148568974985,0.4601091829500839
0,0.3833636539306587,0.4621855544077615
0,0.3596419266514851,0.4635111537028099
0,0.500262745517995,0.463322388212012
0,0.3465038948636516,0.463607699055517
0,0.33754156256907003,0.4632478861999737
0,0.3361518371297146,0.4608939924735065
0,0.349331914925321,0.46388051014739046
0,0.3612430723867404,0.4637785437652598
0,0.334123776263076,0.46182742864787507
0,0.32722689974573976,0.46802093160004693
0,0.3344277823308721,0.4733134535709461
0,0.3429998712924999,0.47235204655535823
0,0.3243766687947671,0.47243747922276413
0,0.34073569663177994,0.47243747922276413
0,0.34722037406717443,0.4634008151957765
0,0.36893643399526,0.4652832374131583
0,0.34780961895777673,0.4676108422173683
0,0.352259777649799,0.45572831794144153
0,0.32802086714423284,0.4523205003212836
0,0.34682148568974985,0.451798925024122
0,0.391020909395029,0.4523205003212836
0,0.36210060483649037,0.44638006369485794
0,0.4975497598918728,0.4513574564243599
0,0.34201483233063584,0.45447820174964254
0,0.33546191222616895,0.45901228220787904
0,0.33633547335392766,0.4585499535922124
0,0.3609511751850583,0.4593097202426198
0,0.3789283567219415,0.4893160811355364
0,0.34184412894155036,0.4881361994368822
0,0.3275603302520617,0.48475259348704963
0,0.3271359961812079,0.48636538137090984
0,0.344920820655413,0.49631774756643576
0,0.3679964858958938,0.49710554268534507
0,0.34959184286317085,0.497805632780379
0,0.352259777649799,0.4859867215685696
0,0.32802086714423284,0.48319615504351837
0,0.34682148568974985,0.4843374723892261
0,0.3690042319415622,0.48444304522171927
0,0.3634815054827869,0.4851686781531853
0,0.4964859369636137,0.48594551828490323
0,0.34238479498744195,0.48744326867575444
0,0.3377533625695264,0.48936639887654665
0,0.3361518371297146,0.4544634897831004
0,0.34921375831570595,0.45971591897173286
0,0.36347384656561527,0.4600410313298049
0,0.334123776263076,0.4543726672883499
0,0.32722689974573976,0.45544008148058956
0,0.3344277823308721,0.45357398362519097
0,0.3429998712924999,0.4677370193044182
0,0.3243766687947671,0.46856558267562026
0,0.3484071983001724,0.4667845003619616
0,0.34151105969503576,0.46129557262114407
0,0.3512229944660035,0.4641153418290462
0,0.3468103897454487,0.4656684066017179
0,0.3526357399109534,0.45383524182791035
0,0.32802086714423284,0.4546924896981099
0,0.34682148568974985,0.44935193253942984
0,0.368754653168339,0.4496625083406354
0,0.3659499485800749,0.4458586189422559
0,0.5007210148486445,0.4463133245221245
0,0.3374906747058707,0.45381855724695386
0,0.3343982794649933,0.45343651336089413
0,0.3361518371297146,0.45567053818067704
0,0.36140224204816246,0.45620913483137043
0,0.3528479321709924,0.4732960072234663
0,0.3275603302520617,0.45240743593856025
0,0.3271359961812079,0.4550384762337427
0,0.33953117993953313,0.4506329413438995
0,0.3527137487691069,0.4652309706890344
0,0.34554709452568655,0.4692149982952177
0,0.35119122548411974,0.4583036602657715
0,0.32802086714423284,0.45367102798678155
0,0.34682148568974985,0.445798662660569
0,0.3691290846655503,0.4508236076724515
0,0.3701740311936532,0.4475387825314254
0,0.498899342548082,0.4475387825314254
0,0.3389237007359872,0.4471514629173412
0,0.33848780681869955,0.44750310534497817
0,0.3361518371297146,0.4508269010886928
0,0.349331914925321,0.4546679484441609
0,0.361105526781244,0.4546679484441609
0,0.42121927006559,0.44633035260830095
0,0.334123776263076,0.45291198882402905
0,0.32722689974573976,0.46893989699927097
0,0.3344277823308721,0.4691579504218308
0,0.3429998712924999,0.4812854720874252
0,0.3243766687947671,0.4787757680164218
0,0.35142725374560463,0.48314159590481787
0,0.341679875904579,0.4778222516129944
0,0.3445426740569474,0.4756206071921724
0,0.3500072711044614,0.47852220060279704
0,0.36092680424789486,0.4676896445413453
0,0.32802086714423284,0.470405221813053
0,0.3563515991434639,0.4687969495678869
0,0.38480040044126546,0.4567990217430858
0,0.37111935579336514,0.45493948043024723
0,0.49856069159445643,0.44042053963582556
0,0.33452926766572244,0.4453753414121867
0,0.3360779571183743,0.4497504652298895
0,0.3360332054856596,0.4522324074321346
0,0.3615063804198754,0.4530733798274068
0,0.35649300342873697,0.46623613434127487
0,0.3275603302520617,0.4507203810791178
0,0.3500450622229093,0.45004754490919896
0,0.35027374146745843,0.45004754490919896
0,0.3459666441464267,0.4721540661530104
0,0.32780234568156064,0.4726791628010837
0,0.38519499363181886,0.45860605735796384
0,0.32802086714423284,0.4574352666183746
0,0.38169161002988333,0.45767326376733836
0,0.39907419531240895,0.46032655748029905
0,0.3826282606479022,0.458169554669272
0,0.4967935798572329,0.458169554669272
0,0.33638342641051605,0.457946454768777
0,0.3377533625695264,0.45813303001204797
0,0.3386693464296164,0.4570578957601594
0,0.34921375831570595,0.45971591897173286
0,0.361105526781244,0.45971591897173286
0,0.3789283567219415,0.4883038390079607
0,0.334123776263076,0.4890501806649713
0,0.32722689974573976,0.50632001893292
0,0.3344277823308721,0.5101160096689669
0,0.3429998712924999,0.5127765505825472
0,0.3243766687947671,0.511541085819044
0,0.3556251701806429,0.5164509128099125
0,0.3501528276690192,0.5113707256919373
0,0.34550291458939475,0.5095527056169779
0,0.34597518823290896,0.5121855911255204
0,0.38446784559525793,0.49975257281950886
0,0.32802086714423284,0.5022526123415049
0,0.3805168848013751,0.5017766568181846
0,0.42650682611448676,0.4966532784055245
0,0.38190221953241543,0.49611175341209013
0,0.4979288750217592,0.44507523490829604
0,0.33497640202544865,0.4486749307430081
0,0.3343982794649933,0.45216941357181517
0,0.3386693464296164,0.4513806133051184
0,0.3638773292130337,0.4519713673245757
0,0.3503487793986131,0.4498755632195149
0,0.3275603302520617,0.4497554756376105
0,0.34546601710788927,0.44980864047363395
0,0.34535923661565293,0.44980864047363395
0,0.34394130685190216,0.4723177598144913
0,0.32780234568156064,0.47268310600022323
0,0.38446784559525793,0.45340853240757156
0,0.32802086714423284,0.4548230675789624
0,0.3805168848013751,0.4527226345960676
0,0.42650682611448676,0.454000198757589
0,0.38190221953241543,0.4539079181145704
0,0.49840945662718295,0.4539079181145704
0,0.34015139040275383,0.4545019797981821
0,0.3381614265475103,0.4545019797981821
0,0.3386693464296164,0.4514480947545436
0,0.349331914925321,0.4545779137586703
0,0.36347384656561527,0.4545779137586703
0,0.334123776263076,0.4530601654221457
0,0.3274630590386636,0.46214254396558613
0,0.3344277823308721,0.46742672930727924
0,0.3429998712924999,0.463151869869899
0,0.3243766687947671,0.4630032092977436
0,0.3489974612446863,0.4624163912683046
0,0.3516622663936427,0.456765986461027
0,0.35193107541740665,0.4590980709626396
0,0.3569612568345984,0.4582719649892664
0,0.4957852412949504,0.46928099731099
0,0.41922465411129334,0.49440778424704146
0,0.38446784559525793,0.4897324787039692
0,0.32802086714423284,0.49291111069836335
0,0.3805168848013751,0.48505893039367476
0,0.3715792414202342,0.484327103868692
0,0.3823966492628777,0.47050413928062307
0,0.4987293797964627,0.4585203152580095
0,0.3345289558573006,0.4597631735788606
0,0.3360779571183743,0.46006851947797506
0,0.3384028457636747,0.4614480008825401
0,0.3638773292130337,0.4613184922859023
0,0.35427200569753287,0.45597369339382654
0,0.32760896392775324,0.4571601569660061
0,0.34371995376500647,0.46427847037486686
0,0.3540136766853339,0.4572293990862427
0,0.3428049278708073,0.47073407859293903
0,0.32803892027318227,0.47107483216862245
0,0.3828929361724176,0.4518100016982888
0,0.32802086714423284,0.44882428795804447
0,0.3811232356164317,0.442292765788804
0,0.35582906915546836,0.44629619031097767
0,0.37174445718380883,0.44696290345165046
0,0.4977044326838786,0.44696290345165046
0,0.3369352240060802,0.44736561127289054
0,0.33860457617652634,0.44720035272467706
0,0.3391913259749538,0.4504399429922776
0,0.34921375831570595,0.4543526344832017
0,0.3633760237529422,0.44950494019936904
0,0.334123776263076,0.4474343793792804
0,0.3274630590386636,0.45921235835045954
0,0.3344277823308721,0.4628546729411123
0,0.3429998712924999,0.45771500405023746
0,0.32415932499826927,0.46315962156719953
0,0.3538500582577567,0.4625726052982281
0,0.3390887102918614,0.45688823552872876
0,0.3493016715433997,0.4610655144702022
0,0.3561260416136052,0.4608499354928408
0,0.3828929361724176,0.44498492856782385
0,0.32802086714423284,0.44402031881890014
0,0.3811232356164317,0.44445051624671505
0,0.35582906915546836,0.4434068048786287
0,0.37187435156427934,0.4388371434796498
0,0.49787379287140765,0.43803417634661485
0,0.33925839714066014,0.44382444522126957
0,0.33524103751623063,0.44850582219359614
0,0.3391913259749538,0.45031920687243737
0,0.36377939780985874,0.451397000025424
0,0.3789283567219415,0.48373300489602267
0,0.36508327090355347,0.48398256609668056
0,0.32768361554083486,0.48093959946766396
0,0.35366429398288757,0.4814780176911321
0,0.34911152982883675,0.49570292830251783
0,0.36772682027559794,0.4974204247091986
0,0.32803892027318227,0.4972521792428504
0,0.3828929361724176,0.4828750451560436
0,0.32802086714423284,0.4808518845243726
0,0.3805168848013751,0.4818631794710385
0,0.35582906915546836,0.4821481515913766
0,0.37146853245907496,0.48312247178549356
0,0.497699178728675,0.48389603558199884
0,0.34122052944298115,0.48392998663599607
0,0.3393408713885847,0.48598424522342093
0,0.4170501237556042,0.4504399429922776
0,0.349331914925321,0.4543526344832017
0,0.3633760237529422,0.4543526344832017
0,0.334123776263076,0.44970337406708544
0,0.3274630590386636,0.4503935374066774
0,0.3344277823308721,0.44802470406369177
0,0.3429998712924999,0.462221406567733
0,0.32390084525661333,0.4639565050205796
0,0.36715999213320016,0.46219294244588005
0,0.354772958022829,0.4569205334084554
0,0.35065140656683236,0.4595132255443375
0,0.39922603001217516,0.46033191545493696
0,0.3828929361724176,0.4496813810818518
0,0.32802086714423284,0.44631878087998184
0,0.3811232356164317,0.4442044104357366
0,0.35744564224312436,0.4435889990500381
0,0.3691733271781669,0.43928296877380696
0,0.49916204711580414,0.44033208331426454
0,0.33507609137556255,0.4442957319764722
0,0.33692494833094294,0.4440760202155169
0,0.4143196402246081,0.4459167410284453
0,0.36377939780985874,0.44674596879636225
0,0.37169824344308944,0.46058141765900673
0,0.32742232558321804,0.4441252401926549
0,0.3576899472847685,0.44960600172446613
0,0.35463524060831586,0.44960600172446613
0,0.40272999573130874,0.4718543672457874
0,0.32803892027318227,0.47145275829840283
0,0.38202518394073054,0.4559499290975576
0,0.32802086714423284,0.4556782288621626
0,0.38036297899732313,0.4489801125028088
0,0.360341906677633,0.4539891074183147
0,0.3615953476134205,0.45076144549823816
0,0.4977868518385875,0.4507255114054578
0,0.33814396300753086,0.4503713368508337
0,0.33988867203281503,0.4507255114054578
0,0.4187439888628778,0.4545938186864656
0,0.34921375831570595,0.45846696019789973
0,0.3571427902903818,0.4538961380511826
0,0.3940502635271349,0.45043169819231216
0,0.334123776263076,0.455960284342676
0,0.3274630590386636,0.45041899904334587
0,0.3344277823308721,0.47187119862262417
0,0.3429998712924999,0.48335409049249556
0,0.32390084525661333,0.4817874276443558
0,0.36791699735822475,0.486018872511053
0,0.3572963520481979,0.4811606029162622
0,0.3536469278912361,0.48310328855383283
0,0.3985269799504772,0.4838819598863713
0,0.38446784559525793,0.46701864947387245
0,0.32802086714423284,0.4701204495472407
0,0.3805168848013751,0.4690074220565068
0,0.360544041233321,0.4565224863510226
0,0.35738116660331426,0.4553112626220302
0,0.497387971988813,0.44321343327359747
0,0.3412239899492647,0.4423217945730692
0,0.33651237776801773,0.44671123544800395
0,0.34230944057270907,0.4482554882353493
0,0.3551723316795939,0.4490890651427975
0,0.3915660587216,0.46222833105585986
0,0.32700634884562796,0.4454607845054287
0,0.35697633002094575,0.45469610367238733
0,0.3528054320125055,0.45469610367238733
0,0.36747969704799377,0.4719081944122082
0,0.32803892027318227,0.47094112316326614
0,0.3825425053249662,0.4515098460268576
0,0.32802086714423284,0.45093997221072823
0,0.3811232356164317,0.4506078150667403
0,0.360341906677633,0.4522827909365142
0,0.35618151126163,0.45114171402848763
0,0.49702274200474866,0.45210897874077877
0,0.34585530481699134,0.4507872124269692
0,0.34062775950964863,0.4509579860073004
0,0.34230944057270907,0.4497334953089137
0,0.349331914925321,0.4528973351205905
0,0.3421561692074782,0.45321762535747195
0,0.3789283567219415,0.48156120111788964
0,0.33410033515654625,0.48791846343060474
0,0.33418997658311245,0.494457113643242
0,0.3453277269105107,0.5100456921932501
0,0.32407778889241257,0.5080552837603369
0,0.38345307692391883,0.5087244391213871
0,0.3273720898691294,0.5146134510839561
0,0.3553980097099247,0.5151417517585489
0,0.3526104543455429,0.5170212973521865
0,0.35872998281727453,0.5170212973521865
0,0.37253383865115347,0.5023828340413066
0,0.32802086714423284,0.5063314029404242
0,0.3693705951821608,0.5044175710509741
0,0.36580834637969184,0.49914421932496184
0,0.35518077380842644,0.4954963047672573
0,0.5000110799602185,0.4465467474059839
0,0.3409635212989082,0.4489375094658887
0,0.3382026745061689,0.4488133104471318
0,0.3424964406311231,0.45045466934156453
0,0.33804371548149975,0.4513239993683473
0,0.3901485890974548,0.46768585900209525
0,0.32700634884562796,0.4452946475425212
0,0.3606830709959165,0.4536644921281225
0,0.3642570628792869,0.4536644921281225
0,0.37604861265100664,0.47113533183455525
0,0.3273720898691294,0.46964692864366625
0,0.37253383865115347,0.4559217055387488
0,0.32802086714423284,0.4553992084165754
0,0.3693705951821608,0.45474249364102
0,0.3691208166278678,0.45518267021215036
0,0.3544310859373593,0.4555572870173083
0,0.4977825396662942,0.4555572870173083
0,0.3406713967232836,0.4551993157129283
0,0.33988867203281503,0.4551993157129283
0,0.3425979337212677,0.45369135115081244
0,0.34921375831570595,0.45647238280697117
0,0.33748310083292987,0.4567631539672742
0,0.334123776263076,0.45492564783989575
0,0.3274630590386636,0.46659032457475
0,0.33418997658311245,0.4666753754132682
0,0.3421719160845262,0.46601952373150396
0,0.32390084525661333,0.46661410152422456
0,0.3733379786338672,0.4650688450451349
0,0.3568479863103524,0.45595146807311254
0,0.36778269414526393,0.4588500352034501
0,0.36508907326129364,0.4625814571999453
0,0.49106956006021824,0.4770556192971537
0,0.4122553634761449,0.5032998894153412
0,0.37253383865115347,0.4979176084237131
0,0.32802086714423284,0.4998251587833259
0,0.3693705951821608,0.4909160472617895
0,0.3936403527979762,0.4892979299622836
0,0.35199868314231525,0.47362393893516075
0,0.4972936769288477,0.4722782417490756
0,0.3410817934241066,0.4591591316631724
0,0.33651237776801773,0.4580044801013461
0,0.3425979337212677,0.45770668269834835
0,0.33769351154334004,0.4624497544655093
0,0.37948966333099327,0.45550609684518295
0,0.32700634884562796,0.4551952806310705
0,0.3611871660022869,0.46168217366541076
0,0.37770626400269536,0.4531683170688424
0,0.37423321602138376,0.46759557902361537
0,0.32803892027318227,0.4713220386083233
0,0.3423315903470866,0.4559217055387488
0,0.32802086714423284,0.4561339624362501
0,0.341575805504496,0.4555572870173083
0,0.3936403527979762,0.45550867924980704
0,0.3631698414173452,0.45768310957464153
0,0.4988651756755381,0.45768310957464153
0,0.34327740030873666,0.45737226925041136
0,0.3402993158307811,0.45773194937768563
0,0.3425979337212677,0.4551950734147896
0,0.35013902179382633,0.4567376629898531
0,0.33748310083292987,0.4567056196664655
0,0.3288928385217181,0.4662611750118633
0,0.3342368271714521,0.46675690965998307
0,0.33418997658311245,0.4656989120213484
0,0.3421719160845262,0.4658117708418469
0,0.32390084525661333,0.4668444191884487
0,0.3760216482995582,0.46545583387371114
0,0.40227960312453037,0.45800630515243257
0,0.3733334593998696,0.45991867955028787
0,0.39086014706551586,0.4599070225319994
0,0.33903256310585195,0.449945301195225
0,0.32802086714423284,0.45276700335016873
0,0.3415158711167516,0.45276868042752416
0,0.39590114447845864,0.45212452531294584
0,0.3516530785240874,0.4453135990755164
0,0.49895618956634996,0.4456013869711522
0,0.3373588828417723,0.4487453027275248
0,0.33546191222616895,0.44818454431313126
0,0.3416131050253296,0.4513545316515878
0,0.3380486807607042,0.45236432869320553
0,0.3789283567219415,0.48386308524841126
0,0.3791250319751684,0.4834492896968473
0,0.32700634884562796,0.480882072172305
0,0.39435910029969773,0.48002348373157727
0,0.38208095078445875,0.4930960225805407
0,0.3822418801792976,0.496995869767981
0,0.33023854271334513,0.4968277679013737
0,0.3386699722963774,0.4846335801258236
0,0.32802086714423284,0.4833495999262201
0,0.3413298314533487,0.48520888294077924
0,0.4119182452358645,0.48590131525329466
0,0.3554664293506311,0.48449916689668665
0,0.4957594228732658,0.4852749350234789
0,0.33664207849447686,0.48534303301267623
0,0.33713424658935265,0.4884483007988362
0,0.3400424646912955,0.4541298787862108
0,0.3376943150727242,0.45782823787018495
0,0.3510517656188627,0.4587196398841033
0,0.33022654477919783,0.4662598095442027
0,0.3342368271714521,0.4664934627630886
0,0.33418997658311245,0.46565591561569636
0,0.3421719160845262,0.46576876401632156
0,0.32390084525661333,0.4648058145744804
0,0.37548958795421333,0.4652593170394549
0,0.35173672701857317,0.45757626793069034
0,0.36606148145981204,0.45890789262260917
0,0.37462746587493834,0.4603005838373136
0,0.3385524777438852,0.4529695392697047
0,0.32802086714423284,0.4536627812765325
0,0.3419932693087094,0.454558286395028
0,0.42573891267131675,0.4539285305026075
0,0.35676263893770205,0.4444691593435744
0,0.49609700080077634,0.44558230077337113
0,0.3395613889455832,0.4478753067363636
0,0.3337853134918809,0.4478989475978224
0,0.3400424646912955,0.4505354728046778
0,0.3376005036623967,0.45112514591090497
0,0.32905173709005875,0.4474201662909009
0,0.37957928229231724,0.44695678358205987
0,0.32700634884562796,0.4492559533120326
0,0.35739211563716844,0.44615868846049633
0,0.3786811332874913,0.4597662592345815
0,0.3808164233460568,0.46206283491063393
0,0.33931099727484876,0.4561664278237102
0,0.32802086714423284,0.45557718896476423
0,0.34127430987787666,0.45433193417090334
0,0.4258829615963794,0.45456964523050164
0,0.3589923839543316,0.4555796300957192
0,0.49697736712138313,0.4555796300957192
0,0.34483801805267994,0.4567291729877646
0,0.33754156256907003,0.4555796300957192
0,0.3400424646912955,0.4531030287755971
0,0.3509330272939268,0.4551281279008361
0,0.3378380487507879,0.4546816001387629
0,0.3867549426367828,0.4528304297913981
0,0.3292690246620023,0.4651048138672529
0,0.3342368271714521,0.4707566616999843
0,0.33418997658311245,0.47491560963417917
0,0.3421719160845262,0.4853408906551277
0,0.32407778889241257,0.4825011253961742
0,0.3737753874760774,0.48752748076999664
0,0.33792366343571845,0.4825108439903411
0,0.37092782930283913,0.47979200368799424
0,0.38059760960614675,0.4822689364496847
0,0.33931168106062976,0.47232106488574827
0,0.32802086714423284,0.47521337876800657
0,0.3413965720741882,0.4750526445227804
0,0.39685702341160795,0.461927126527164
0,0.3605119710644503,0.4589437493204787
0,0.49808793904228005,0.4444048979811165
0,0.33631847315917407,0.44609217809393553
0,0.33546191222616895,0.4459349580505729
0,0.33958529257688985,0.44939249410359744
0,0.3376943150727242,0.4499223938294807
0,0.3292690246620023,0.4459230593470135
0,0.37437658336240737,0.4454612271571775
0,0.32700634884562796,0.4457068671490849
0,0.3496774462037419,0.44496799864397646
0,0.38816301971274925,0.45920859606538994
0,0.40146704002906114,0.4601828772096666
0,0.3448738455734445,0.4520012235536025
0,0.32802086714423284,0.4517723621253303
0,0.34534717836928913,0.45018348045570317
0,0.3804817043649339,0.4526854600745126
0,0.3624174460792627,0.45126276886715055
0,0.49592716326492153,0.45126276886715055
0,0.3357674771127931,0.45120432540281774
0,0.33713424658935265,0.45120432540281774
0,0.3400424646912955,0.4501286316137995
0,0.35120939578977595,0.45469632435721313
0,0.3375934065894549,0.45469632435721313
0,0.37583254784945785,0.48220202585897504
0,0.3292690246620023,0.4925850953905739
0,0.3342133781336149,0.5002072734637328
0,0.33418997658311245,0.5019069945751924
0,0.3421719160845262,0.5110494335357718
0,0.32407778889241257,0.508155624754968
0,0.36623134200579893,0.5137086593522877
0,0.34163815601755554,0.508843842167258
0,0.37929343457691006,0.5089702228871203
0,0.3978482093200886,0.5115657936858712
0,0.34443715817303483,0.4984941888118057
0,0.32802086714423284,0.5007923744918005
0,0.3449098916237252,0.49995592500362085
0,0.3804817043649339,0.49332979303594227
0,0.363664774049974,0.48955203281617743
0,0.4948644971085267,0.4403723183956535
0,0.33687858669178056,0.4425512890685621
0,0.3337853134918809,0.4476360719495384
0,0.3400424646912955,0.44692868314693723
0,0.3384298969268731,0.4468708009941101
0,0.3292690246620023,0.4635426171575675
0,0.3743420978495036,0.4422415164267874
0,0.32700634884562796,0.4408761577281528
0,0.3522150714173258,0.4430564931895039
0,0.4038891287844706,0.4539858195971279
0,0.3946815929331466,0.4551360828167365
0,0.3445977331361532,0.44549824048587633
0,0.32802086714423284,0.4444675552764863
0,0.3793913768792071,0.44312485556653775
0,0.3441027888816826,0.4436656157242918
0,0.36397257858728377,0.44511778256487294
0,0.4972346109554689,0.44511778256487294
0,0.34513394376561696,0.44509136119780224
0,0.33754156256907003,0.44511778256487294
0,0.3400424646912955,0.4432232942318263
0,0.3510517656188627,0.4432724521180952
0,0.33859605512004176,0.4431034049955969
0,0.3292690246620023,0.45637908411621986
0,0.3342133781336149,0.45451544233319774
0,0.33418997658311245,0.455482638065876
0,0.3421719160845262,0.4544087580411602
0,0.32407778889241257,0.4561183633035945
0,0.36532270854885074,0.45594407507572027
0,0.3446653469922077,0.4461301154095173
0,0.3969067874050802,0.4480328979787726
0,0.3825616640605181,0.44775473045903214
0,0.4885403796039033,0.4639035391268434
0,0.4122553634761449,0.4886168184049616
0,0.348504868865366,0.4850465844990069
0,0.32802086714423284,0.4888331871760423
0,0.3528541771276291,0.4796299977716934
0,0.3810409058308787,0.4759301651240767
0,0.361801011930706,0.4623335872664128
0,0.4998349310655896,0.4617946589100685
0,0.33856354612396466,0.45156947700432043
0,0.33546191222616895,0.45126069656149903
0,0.33783456558891606,0.45136455260966746
0,0.33570667043813474,0.45710286121633803
0,0.3281132241001175,0.4481996667294818
0,0.3701540288510104,0.4477628109404922
0,0.32700634884562796,0.4516500332691691
0,0.35887736136794207,0.44048893635683756
0,0.407963862525288,0.44776729958565187
0,0.3833196554748766,0.45107087461370365
0,0.3491842033998913,0.4403092587394994
0,0.32802086714423284,0.4407171345676587
0,0.35274544616485093,0.4395357031069015
0,0.3828256779242333,0.4399673565844112
0,0.3734181616693131,0.4395357031069015
0,0.49023724187363577,0.4395357031069015
0,0.3384382720092273,0.4395357031069015
0,0.33713424658935265,0.4395357031069015
0,0.3361518371297146,0.438679580139599
0,0.3509330272939268,0.4413826430462195
0,0.3358495581100287,0.44105085961858753
0,0.3281132241001175,0.4555843412558143
0,0.3342133781336149,0.4553071789326816
0,0.33418997658311245,0.45534097730475526
0,0.3421719160845262,0.4530178747228238
0,0.32407778889241257,0.45271672434626636
0,0.3695995079104143,0.4537531629624196
0,0.3515437275901411,0.4455050622681621
0,0.39079336331961917,0.44767512624816935
0,0.37495715467668483,0.44798136219608586
0,0.3485755683351792,0.439275424036021
0,0.32802086714423284,0.44062490870478044
0,0.34872602735670233,0.4412690670602043
0,0.3828256779242333,0.4406577223692343
0,0.3739684043428074,0.4348197031614
0,0.4941164247535276,0.4366259295512702
0,0.34033302207002036,0.4358169980254503
0,0.33353615377515955,0.43706299617392735
0,0.3361518371297146,0.439226257300031
0,0.33570667043813474,0.4394401039818535
0,0.37558456748206104,0.4717676963214754
0,0.3281132241001175,0.4703336786836777
0,0.36687006010297885,0.46940541693013327
0,0.32700634884562796,0.4678710801745963
0,0.35969108805866407,0.47845038102449755
0,0.4090211227014775,0.48164546366268735
0,0.37835213207146523,0.4816261299386372
0,0.3561027314110975,0.4714155242784473
0,0.32802086714423284,0.46976898494734987
0,0.38266934372078903,0.47395197955385154
0,0.35894543811782664,0.4735072101637192
0,0.37253594067353024,0.47103178187957856
0,0.4942340746651398,0.4710585920675668
0,0.34480051724404026,0.47062157357974077
0,0.33728959893642374,0.4730613458252038
0,0.3361518371297146,0.4361563862457146
0,0.33570667043813474,0.4402389243194084
0,0.3548663423386552,0.4413430091267112
0,0.3281132241001175,0.4547599290715836
0,0.3342133781336149,0.4541325600524069
0,0.33418997658311245,0.45546757437851715
0,0.3421719160845262,0.45231049169279797
0,0.32407778889241257,0.4501161539617533
0,0.36401328939717414,0.45062388529775427
0,0.34841528513734354,0.44028436123565007
0,0.39590053842792317,0.44229284600025126
0,0.3720071032055007,0.44412309328189503
0,0.3417399520405459,0.4350936054453544
0,0.32802086714423284,0.43539417900180843
0,0.34607583302820233,0.43603069044899695
0,0.37654755873516077,0.4354266031299335
0,0.36887214172021976,0.4338933094400988
0,0.498121346465721,0.432448474361401
0,0.3399172660940511,0.43430301439546704
0,0.3352115009838447,0.4357394591226576
0,0.33569989579267767,0.4373303939326032
0,0.33570667043813474,0.43888040798947725
0,0.3281132241001175,0.4334538748636499
0,0.36127929581384427,0.4339283762216319
0,0.3272673068449889,0.43427751718525615
0,0.3528539840380682,0.4319409308449742
0,0.39622688434313047,0.44536479032821424
0,0.3610396254990791,0.44585271443483154
0,0.33718666375929995,0.43894602961135065
0,0.32802086714423284,0.43870774516920846
0,0.3407716695688358,0.436212140923811
0,0.3798434088253795,0.43686455049758877
0,0.36861907427378804,0.436212140923811
0,0.4943023149753756,0.436212140923811
0,0.3343490304888476,0.436212140923811
0,0.33688258700463786,0.436212140923811
0,0.3361518371297146,0.4357273507868333
0,0.3551559001609529,0.43680842886254434
0,0.354891240427221,0.4380315121441549
0,0.417688754245117,0.4374757126440673
0,0.3283298919299785,0.43761234495066287
0,0.33395211599875246,0.44412073427029514
0,0.33418997658311245,0.4596355869353599
0,0.3421719160845262,0.4741077744211994
0,0.3243364098388413,0.4730385047652657
0,0.35324937630158143,0.47547730453379466
0,0.3494053000636039,0.46887895295771503
0,0.37144705353133206,0.46663318208877774
0,0.35207122540468,0.46998364264386017
0,0.33752344279511565,0.45769769642567476
0,0.32802086714423284,0.46209079292032795
0,0.3411120292765158,0.4603118140181828
0,0.39228706724725726,0.44895551477248286
0,0.37910574606657804,0.4468222343226377
0,0.495123019886334,0.4344131525837073
0,0.33443083222428077,0.43457473707109323
0,0.33353615377515955,0.43601208051321727
0,0.3361518371297146,0.4376040106951704
0,0.3536711413529583,0.4396838743995952
0,0.3536246828061189,0.454782050982936
0,0.32719275007374315,0.4355402019363579
0,0.35751052868371436,0.437186560500629
0,0.3771338156911127,0.437186560500629
0,0.35806716684367984,0.45887404884204036
0,0.32943117428104524,0.45771489679212024
0,0.33734551344132113,0.44318636530028493
0,0.32802086714423284,0.4429457789668941
0,0.3411120292765158,0.44187559869856013
0,0.39228706724725726,0.4424077550340596
0,0.3802901575290317,0.44316711780867274
0,0.49592159940993497,0.44316711780867274
0,0.3447075157569747,0.4431408122294487
0,0.33728959893642374,0.44194248143819437
0,0.3361518371297146,0.44059182665859514
0,0.354891240427221,0.4430509476536564
0,0.3535728915836209,0.44461179961081365
0,0.37558456748206104,0.47446897281885436
0,0.3336448014455718,0.47561328364993977
0,0.32820439921379774,0.4755412199237153
0,0.33418997658311245,0.49536665105308986
0,0.3421719160845262,0.5069350037194117
0,0.32442482978453024,0.5039741814283313
0,0.3511224282884435,0.509254204201493
0,0.35214065288126795,0.5053042173930051
0,0.36631631843432166,0.5037713836958972
0,0.35300125706560953,0.5065045249607842
0,0.3440812263806628,0.4934248215372479
0,0.32802086714423284,0.49862241964401594
0,0.3475867384812021,0.4951750727480559
0,0.38331452567994706,0.4889458434195799
0,0.3798130469635175,0.4847947184992781
0,0.498121346465721,0.43715072549304335
0,0.34379735877728357,0.4370583346911356
0,0.3352115009838447,0.43705393706636997
0,0.3353981991239702,0.439744507061601
0,0.3536711413529583,0.4405276173751124
0,0.35931101724299613,0.45815929543385575
0,0.32719275007374315,0.4365852275962288
0,0.3566266898747253,0.4371130816270322
0,0.3936152647995472,0.43707823556336023
0,0.3571878818937101,0.45903628356151666
0,0.3287815641345083,0.4590050595690124
0,0.3445114632886437,0.44164592982865236
0,0.32802086714423284,0.4413709914261003
0,0.34802135865851413,0.4408438566424763
0,0.3982927682874311,0.4411684134278934
0,0.37910574606657804,0.44087002587057783
0,0.4939420630268111,0.44087002587057783
0,0.3419474943996169,0.4408438566424763
0,0.33688258700463786,0.44114222648805923
0,0.3386693464296164,0.4398194447857517
0,0.35299257216489377,0.44091067570841624
0,0.355011318015095,0.4414726504569155
0,0.3336448014455718,0.4392730147123322
0,0.32820439921379774,0.4388670842977096
0,0.33418997658311245,0.4374886592513456
0,0.3421719160845262,0.4534038804943384
0,0.32415932499826927,0.45722760223877684
0,0.35505791580288604,0.45751509708845883
0,0.3477018672398873,0.45060995934346215
0,0.3947905113562487,0.451746535895735
0,0.3667445512921909,0.451848275345617
0,0.4900168468070106,0.46719559890809115
0,0.4000106914749613,0.493504693147838
0,0.3385626906686177,0.4864211685063945
0,0.32802086714423284,0.4894404247084728
0,0.3992124209493522,0.4826232523627899
0,0.34142247793150254,0.47719421362469444
0,0.37910574606657804,0.4758178548389325
0,0.49408439286370587,0.46374298191514646
0,0.3381805828832108,0.45236661258915867
0,0.33327146057268,0.4523819592146582
0,0.3386693464296164,0.4518943678880257
0,0.35299257216489377,0.45826424256128556
0,0.357452675954524,0.44943446836630613
0,0.3272673068449889,0.4498093497012263
0,0.3560585280331,0.45407082275729793
0,0.39596224592316326,0.4461864331024996
0,0.36089038379719807,0.4620223436879596
0,0.3287815641345083,0.46394711246583736
0,0.338741262009778,0.4429713840281368
0,0.32802086714423284,0.4427309143985981
0,0.3992124209493522,0.4423518653129846
0,0.3425053801537576,0.44219315145093496
0,0.3792340166417606,0.44559338017143224
0,0.49743502866099387,0.44559338017143224
0,0.3383676005720961,0.4455669305737686
0,0.33702192701212097,0.44430401836028255
0,0.3386693464296164,0.4422871501800135
0,0.354891240427221,0.44566429960391374
0,0.35289451090193535,0.4473316675418846
0,0.3318508671366902,0.4433183955452589
0,0.3336448014455718,0.4426894673262749
0,0.33418997658311245,0.44083443729527655
0,0.3432541201914956,0.4567133194863159
0,0.32442482978453024,0.4562432120790167
0,0.3496994280408625,0.4571838696966939
0,0.3430967725349375,0.448863353871198
0,0.38552673839555984,0.45008541970025817
0,0.3625877935765976,0.4494855103351845
0,0.3385985646860835,0.44154150353206284
0,0.32802086714423284,0.4417916772284939
0,0.3724791891684172,0.44221056429565025
0,0.3420343280695503,0.4429337506230151
0,0.36837667111601435,0.4364639959923815
0,0.5024319723216106,0.4384149485541259
0,0.33060036733181203,0.43789378278250374
0,0.33494547823129117,0.4452989072855437
0,0.33776336146163016,0.4481899451483239
0,0.35299257216489377,0.45386383002622394
0,0.3718873531192826,0.48692327902821503
0,0.3305941392850536,0.4863346651314222
0,0.3501721251646046,0.4852463184747265
0,0.327144178185157,0.48366020285894606
0,0.3538091017692089,0.49053911883005563
0,0.3850174127367305,0.496416235146233
0,0.3657453784141623,0.4958806577078951
0,0.3335071730785841,0.4845954164099885
0,0.32802086714423284,0.4781722856801735
0,0.35736028530468233,0.48459648160649627
0,0.33671973435436964,0.481924921140284
0,0.370149329558025,0.47721581331097296
0,0.49461090433419297,0.47684082300343084
0,0.3294604375290638,0.4765596297216756
0,0.33661523808367505,0.4802743006601362
0,0.3386693464296164,0.44248485228723716
0,0.3524403697622386,0.44552513376346153
0,0.355011318015095,0.44841622799339065
0,0.33081244537411814,0.44370179599733073
0,0.3336448014455718,0.443017595409497
0,0.33418997658311245,0.44059918357121725
0,0.34228769008411036,0.4592095134324323
0,0.32455387236797645,0.45863686584889046
0,0.34647033070715455,0.45968685789246616
0,0.3425358173267124,0.45123678807206125
0,0.37095211266772676,0.4538362947369899
0,0.3628245802794126,0.4531810085431941
0,0.33620454934442806,0.44378312888673144
0,0.32802086714423284,0.4440345726692053
0,0.35623642960352836,0.44270126127774395
0,0.33699104854189227,0.44517961192630623
0,0.37330620450253826,0.4428559855058515
0,0.49801371779659526,0.4394804254687431
0,0.3335234103540684,0.4399784581760307
0,0.33297407095192183,0.4429882299508497
0,0.3386693464296164,0.44543133147790454
0,0.3523424619009925,0.4469293254964716
0,0.3305941392850536,0.4420645295574091
0,0.35133313951913636,0.4430209028212528
0,0.327144178185157,0.4425770295729915
0,0.35244395290585867,0.4410387301786161
0,0.4073043266724519,0.45623178381118357
0,0.36684656648770597,0.45756545673762655
0,0.3463785774064488,0.44637279326173346
0,0.32802086714423284,0.4450229300125107
0,0.35736028530468233,0.44467736767010047
0,0.34331585705624884,0.4452646445520561
0,0.37485553929464854,0.4465050414863675
0,0.4959177334224973,0.4465050414863675
0,0.3398798268174873,0.44606697386385236
0,0.33702192701212097,0.44606697386385236
0,0.4170501237556042,0.4449118280582319
0,0.35360732490793245,0.44878229843164974
0,0.3523424619009925,0.4500711605085228
0,0.4287393723359748,0.4468782693139147
0,0.33081244537411814,0.4466536432816592
0,0.3336448014455718,0.4496101179315711
0,0.33418997658311245,0.4667931466119729
0,0.34228769008411036,0.47809491954619315
0,0.32455387236797645,0.48053271385916263
0,0.3472645605987958,0.4824833072830314
0,0.34196160390059765,0.4734575858518965
0,0.39115958247657917,0.4747295804399222
0,0.3540062722897944,0.4749838088093029
0,0.358561330246287,0.465697325940052
0,0.32802086714423284,0.46661525698692385
0,0.35800949485312245,0.46661525698692385
0,0.3536748366326778,0.4660919605963001
0,0.3750502139694324,0.45238958291447706
0,0.49778782427130736,0.44033131304663714
0,0.33649794580282943,0.44025755916775805
0,0.33494547823129117,0.4429882299508497
0,0.4143196402246081,0.4459644073937217
0,0.3524403697622386,0.44746419415670724
0,0.33081244537411814,0.4420645295574091
0,0.3513827584161662,0.4430209028212528
0,0.327144178185157,0.44260330168513484
0,0.35890868370769874,0.43971441446263937
0,0.40738138204317503,0.4550195461408188
0,0.3475382620344965,0.4569856833377479
0,0.3589650253727276,0.446039346420784
0,0.32802086714423284,0.44466432608960815
0,0.3592355146072094,0.4437654394058819
0,0.3554313555353304,0.4439801155367864
0,0.3795034226004926,0.4439801155367864
0,0.49481297069517216,0.4439801155367864
0,0.33695022449513484,0.4435445251277515
0,0.33661523808367505,0.4439801155367864
0,0.41851535831059067,0.4421292564620674
0,0.3524403697622386,0.4468742302059638
0,0.35344861849594694,0.4453764208528706
0,0.3711575899877115,0.4755323860258628
0,0.33081244537411814,0.4898611115846225
0,0.3336448014455718,0.4944988220506767
0,0.33418997658311245,0.4961360595407092
0,0.34228769008411036,0.5054104282429157
0,0.32455387236797645,0.5086331419207234
0,0.34689516260196984,0.5090827274773718
0,0.351964515277762,0.5075007681546859
0,0.38687508153609507,0.5115996712613252
0,0.34447956581475825,0.507789940276058
0,0.35908648132730686,0.493560592726104
0,0.32802086714423284,0.4939049199803104
0,0.3592355146072094,0.4939049199803104
0,0.35225436943878785,0.4881717415161238
0,0.37937506090253165,0.485294261066515
0,0.4955366180628561,0.43892882388629056
0,0.3362220304121988,0.441584917827863
0,0.33327146057268,0.4424344372272657
0,0.341651925726052,0.4451931377714027
0,0.3551559001609529,0.44800385098625695
0,0.3305941392850536,0.44085939676752517
0,0.3595187984074414,0.4420226463957632
0,0.327144178185157,0.44115672248058785
0,0.35296501052734935,0.4398839111044098
0,0.3763844226565067,0.4548801779708927
0,0.34637462350365267,0.45658706170233687
0,0.35945109581468077,0.4497333774735389
0,0.32802086714423284,0.44652846133956076
0,0.3607369476434828,0.4467828966536565
0,0.3554313555353304,0.4481114976641772
0,0.3795034226004926,0.4461085754969007
0,0.49708865500226496,0.4461085754969007
0,0.3405754186254478,0.4461085754969007
0,0.33702192701212097,0.4461085754969007
0,0.341651925726052,0.44434367617506415
0,0.3535728915836209,0.4467108810553561
0,0.35330428097780914,0.44734204602560224
0,0.33081244537411814,0.4605629481629148
0,0.3336448014455718,0.4589626592870434
0,0.33418997658311245,0.45964760148011224
0,0.34228769008411036,0.4573708120082879
0,0.32455387236797645,0.45795685493853355
0,0.3613193599074566,0.4579460435951118
0,0.3644608035969607,0.4579460435951118
0,0.3746122365369346,0.45934347568961026
0,0.33984483588197956,0.45861614409990875
0,0.4887692766658423,0.46591652666996103
0,0.3997717819301571,0.4905868013740138
0,0.37232933230937665,0.48745574707548733
0,0.32802086714423284,0.4872662409128327
0,0.3457512985899587,0.48736505784568884
0,0.3684606231438017,0.4776601440499866
0,0.33362483651893976,0.4674156617640539
0,0.4973586592454614,0.4680924512533377
0,0.3363744839948613,0.4559394044081529
0,0.38008648107883536,0.45526422597032745
0,0.34183856659099904,0.4553487289953501
0,0.3536711413529583,0.46281319139173344
0,0.3305941392850536,0.4516330514714533
0,0.3451598389071134,0.45027951004344025
0,0.327144178185157,0.4568817983449119
0,0.36209956920387726,0.44420922481065184
0,0.37120211904625383,0.4550528512470052
0,0.33774509542858,0.45674807476630047
0,0.3717892961237125,0.4464324124254082
0,0.32802086714423284,0.44371813708079133
0,0.35191945934299695,0.44359441705624825
0,0.3684606231438017,0.4444770302741459
0,0.3653534509986093,0.4433735879160658
0,0.49554006389838656,0.4433735879160658
0,0.33752784077360143,0.4433735879160658
0,0.3355757215927524,0.4433735879160658
0,0.341651925726052,0.4429680663985315
0,0.3536711413529583,0.4479238296540586
0,0.35332906946921827,0.4464217548087566
0,0.33081244537411814,0.4581954697993915
0,0.3336448014455718,0.4566034070504895
0,0.33418997658311245,0.45772972832556513
0,0.34321456929826677,0.45613190406286125
0,0.32455387236797645,0.45622026251693437
0,0.34401643843106794,0.4562094921705996
0,0.3491817702777158,0.457774980253909
0,0.34936290628629146,0.45760162514148234
0,0.3446655570783847,0.45652948436407903
0,0.3707802859024543,0.4424459707120364
0,0.32802086714423284,0.44088990189947214
0,0.35191945934299695,0.4415958439457897
0,0.3671851769148092,0.44199590891084223
0,0.3641722442710415,0.4352637427508447
0,0.49567940737217725,0.4372196970826802
0,0.33649794580282943,0.43812807502075474
0,0.3306831484283593,0.4399634541625744
0,0.341651925726052,0.44316265946811895
0,0.3348930540220534,0.44580285947084347
0,0.36927002029615674,0.476416495744893
0,0.33035572192461143,0.47668464730870924
0,0.3489352272823633,0.47279033819004324
0,0.3273292571243955,0.4717457035182015
0,0.3406824003432402,0.48732455668210845
0,0.34822038046366993,0.49079232850546123
0,0.3529533527960284,0.49492557831558237
0,0.3707802859024543,0.48327106629706273
0,0.32802086714423284,0.48097772625924806
0,0.3521576438002819,0.48188872489808443
0,0.36743369344256754,0.48327106629706273
0,0.36404906812863785,0.48188872489808443
0,0.4966279630902818,0.48188872489808443
0,0.3406389822442408,0.4814761016654411
0,0.33392599815473034,0.48443964096709513
0,0.341651925726052,0.4505691588898087
0,0.3348000208014618,0.45539315346438103
0,0.35330428097780914,0.45635955125944555
0,0.33035572192461143,0.4527828756768026
0,0.3336448014455718,0.4504746297190892
0,0.33418997658311245,0.4479655503938552
0,0.34321456929826677,0.4654613216152064
0,0.32455387236797645,0.46269300058573365
0,0.34777256803615747,0.46268207743244044
0,0.34040755783625354,0.4626354160070441
0,0.3440543914000894,0.4626354160070441
0,0.3481880166035242,0.4617400416722663
0,0.3716478992566352,0.4507939895271551
0,0.32802086714423284,0.45053385099951243
0,0.36676067193872247,0.4510961579742931
0,0.36743369344256754,0.4513777184865349
0,0.33362483651893976,0.4499312614534619
0,0.4973538276478508,0.4495585500026949
0,0.33514273776828857,0.4509197858558004
0,0.3622069117799929,0.45211538010619784
0,0.34225987801186974,0.4556332681604384
0,0.3348930540220534,0.45909812119824295
0,0.33035572192461143,0.4506056630703558
0,0.3523572204928985,0.45233747765970067
0,0.3273292571243955,0.45275689472406466
0,0.3423529614088897,0.4519850311539524
0,0.3446514486411507,0.47398050498550426
0,0.33698325673635804,0.4810947013073969
0,0.3726592705277544,0.4667097764523238
0,0.32802086714423284,0.45856022490066795
0,0.3807757917111529,0.46297454880897665
0,0.36812460183131124,0.46319851754565555
0,0.334578834185121,0.4806975927386613
0,0.4945947746637698,0.4806975927386613
0,0.33628863188365443,0.46319851754565555
0,0.36022069991146854,0.46319851754565555
0,0.3400424646912955,0.46799507214974895
0,0.3339883674055452,0.4699304468005612
0,0.3531847807712169,0.4700988266368461
0,0.4056046087560025,0.46767580200384773
0,0.33035572192461143,0.4669065842236182
0,0.3336448014455718,0.46667033020021637
0,0.33418997658311245,0.48825445032111153
0,0.3430984817948177,0.49127659420172665
0,0.3243766687947671,0.49211240997794653
0,0.3479464546197294,0.49438120470032754
0,0.3512025000499814,0.48933109004004344
0,0.365596873838366,0.49029100076827536
0,0.3354824883520552,0.4905208732109156
0,0.3726592705277544,0.4790294069821179
0,0.32802086714423284,0.4783726394618566
0,0.3805182511554027,0.4783726394618566
0,0.36812460183131124,0.4688283493775897
0,0.3970610771881731,0.47042746955423326
0,0.4964351762774165,0.4640880647131943
0,0.33649794580282943,0.46373592144032116
0,0.3313300871544553,0.4661916948061923
0,0.3400424646912955,0.4695697927042988
0,0.33486577848593574,0.47140107835509515
0,0.33035572192461143,0.46532851561325317
0,0.34975529240298786,0.46549216062002513
0,0.3275603302520617,0.4653355231972332
0,0.34290655851377055,0.464943917596262
0,0.36871515879213884,0.48149037447914605
0,0.3293405257344098,0.4829435197319077
0,0.3726592705277544,0.4716867574413463
0,0.32802086714423284,0.4705157652135022
0,0.3809046273469224,0.4702882583940056
0,0.36932280856542216,0.4705157652135022
0,0.3987858052304844,0.471524568616326
0,0.49647483639262024,0.471524568616326
0,0.3406389822442408,0.471524568616326
0,0.3341294539913464,0.471524568616326
0,0.3400424646912955,0.4696633314506823
0,0.35368937856428895,0.47112722506251825
0,0.35330428097780914,0.47156284281292066
0,0.35838530199528473,0.5014493756709525
0,0.33035572192461143,0.49848947278008227
0,0.3336448014455718,0.5013901608869524
0,0.33418997658311245,0.5223802051977721
0,0.3430984817948177,0.5216488016884403
0,0.32455387236797645,0.5246387541773249
0,0.3549601757614146,0.5241349020539581
0,0.3453666296728222,0.5211983604472505
0,0.366602652239043,0.5240857927800927
0,0.332247769169881,0.5233699341363306
0,0.3849792519880388,0.5110127970370597
0,0.32802086714423284,0.5090195628483765
0,0.35176223439737525,0.5090195628483765
0,0.3794411437384322,0.5073596616887583
0,0.5028821356874968,0.4985081248388787
0,0.3347199643896748,0.45466062327405954
0,0.3334437711710141,0.4611343284451104
0,0.401217802401496,0.4671925865810283
0,0.34022822632455385,0.4705634790266284
0,0.35368937856428895,0.4738417472250454
0,0.33035572192461143,0.46140636782620353
0,0.3677121861531292,0.4622715735234777
0,0.3275603302520617,0.46684626391480905
0,0.3466695400478469,0.46281940771101165
0,0.355425369753133,0.481099019717615
0,0.3368520166665411,0.47760113705955953
0,0.38881324219739766,0.46943551690409957
0,0.32802086714423284,0.46327392734476447
0,0.34034216467437234,0.4680436925358695
0,0.38369602437349615,0.46327392734476447
0,0.33551654388156316,0.478362737380985
0,0.49916007490821285,0.47714169445367827
0,0.3365263889977628,0.46327392734476447
0,0.40029741870242774,0.46327392734476447
0,0.3400424646912955,0.46710735940636133
0,0.35368937856428895,0.46925356551382746
0,0.3543672884126835,0.4688173885163146
0,0.33035572192461143,0.46142428407424696
0,0.33375769029263397,0.45956764092229124
0,0.33418997658311245,0.4572040171139167
0,0.3430984817948177,0.4752502691594341
0,0.32455387236797645,0.47733199674319177
0,0.3784447781833125,0.47825484218911796
0,0.3479610820392833,0.46685974943136155
0,0.3490404465240024,0.47211326097388756
0,0.33612416491566793,0.47281317357126085
0,0.458435566514156,0.48433856784591645
0,0.3998214905015614,0.5074141953097536
0,0.390506047159312,0.4960693881362574
0,0.32802086714423284,0.4969474528288987
0,0.33979827963132486,0.49723266817073725
0,0.38543819578568117,0.4864718568162607
0,0.39947792179941993,0.48738519781016504
0,0.4939058755017929,0.4815747735405699
0,0.33401407641734715,0.4706573113295547
0,0.3313300871544553,0.4711605671763157
0,0.3400424646912955,0.47085421560248614
0,0.35368937856428895,0.47254385611487904
0,0.33035572192461143,0.46574461955177715
0,0.374564355003551,0.4657618518314756
0,0.327745644625669,0.47196095497004736
0,0.3470337860124175,0.46237607708548484
0,0.34325373928913433,0.477635943000268
0,0.3427012362165878,0.47982133797794724
0,0.390506047159312,0.47083886486342413
0,0.32802086714423284,0.4642029772279294
0,0.34034216467437234,0.46831168398256107
0,0.38543819578568117,0.46311689871911826
0,0.40010278703645485,0.47409255878596507
0,0.49349492799691264,0.47419589849670046
0,0.34673820344718004,0.4590389129676059
0,0.3341294539913464,0.4590389129676059
0,0.3400424646912955,0.46277997369031876
0,0.35424742865876935,0.4642928223273742
0,0.3519836921015751,0.46671819248754864
0,0.33035572192461143,0.45919902499311516
0,0.33375769029263397,0.4562156971908509
0,0.33418997658311245,0.45302565598357347
0,0.3430984817948177,0.4705680914041549
0,0.3243766687947671,0.4754147462163054
0,0.3749931542861165,0.47772716183409697
0,0.3560216653595808,0.4658801928670188
0,0.3475813070754883,0.471256032103579
0,0.3393538187013001,0.4669762037378784
0,0.39281807223531107,0.4587446204973664
0,0.32802086714423284,0.46070490339745057
0,0.33954176572840705,0.45981583515674845
0,0.3916137067365488,0.4611534273164857
0,0.3338281088625277,0.456898346217709
0,0.4901731349655585,0.45324600386369657
0,0.3428558536409259,0.455740906284306
0,0.3912636764717607,0.4620512298773495
0,0.33828938075920095,0.4653275418387492
0,0.3520815002689508,0.4733031065496115
0,0.3538031098068399,0.5027112100286127
0,0.33044752017682755,0.502133724187763
0,0.37989419713134176,0.5000494103297208
0,0.3275603302520617,0.4987165859522763
0,0.36375511870293936,0.5152243319025805
0,0.34541588259962175,0.5127186991627174
0,0.3484716446008055,0.5124087287875031
0,0.3828681236372319,0.5036654924445314
0,0.32802086714423284,0.5020306716149764
0,0.3434965969829697,0.5024119538986699
0,0.3768518662570421,0.5036301568075534
0,0.4946684913624849,0.5031636142991156
0,0.3482754383290802,0.5027717780759832
0,0.33523339431555155,0.5031636142991156
0,0.3926431691932973,0.5058626404596035
0,0.3361518371297146,0.47277669466172706
0,0.3520815002689508,0.4756608073848125
0,0.3533015877233219,0.4734881886209316
0,0.33035572192461143,0.47491398250596123
0,0.3343575531785435,0.46648825526460885
0,0.33418997658311245,0.4638589054510572
0,0.34464967150200393,0.4765685218631857
0,0.32455387236797645,0.4744809874667249
0,0.3803822449582258,0.4752764888767984
0,0.400006801027488,0.4715912118982621
0,0.3355752465869354,0.47543304864757807
0,0.37170093409760613,0.4810997365123834
0,0.37204620901952057,0.46403716860456723
0,0.32802086714423284,0.4620619195409981
0,0.3429818043546724,0.46173375399563976
0,0.36493998804492117,0.46307692533078976
0,0.39285466707986777,0.4601993665917278
0,0.4979973112408042,0.4559960239005223
0,0.3434912682953215,0.46030602589851044
0,0.3301175436250494,0.4677120728581375
0,0.3361518371297146,0.47102852471392614
0,0.3520815002689508,0.4741504227774211
0,0.33035572192461143,0.46495769838599627
0,0.3921905101414772,0.46495769838599627
0,0.3275603302520617,0.46840714307310105
0,0.39591578852016407,0.46823460322192134
0,0.33644102927656583,0.4920537617342078
0,0.3756703758454749,0.4879127370940085
0,0.3732191550430386,0.47658799476840435
0,0.32802086714423284,0.4749384136000708
0,0.3434965969829697,0.4751134237395142
0,0.36609053036311356,0.4746679441945821
0,0.39383966527195613,0.4888242163267735
0,0.4929589513257638,0.4879096839571381
0,0.3459858737445853,0.4746679441945821
0,0.3341294539913464,0.4749384136000708
0,0.3361518371297146,0.4732097851953525
0,0.3520815002689508,0.4756608073848125
0,0.3533015877233219,0.47521785419333473
0,0.38947074457140757,0.4728576719902599
0,0.33032244796566945,0.47503465480696017
0,0.3343575531785435,0.4789252917112721
0,0.33418997658311245,0.49154144650533954
0,0.3430984817948177,0.4956423676484639
0,0.3243766687947671,0.49795517415507473
0,0.3943273289062632,0.4981908749047488
0,0.3957587337264475,0.4919484697851823
0,0.3460096375729442,0.4919484697851823
0,0.3710330562160679,0.4926747996536154
0,0.36908045447135446,0.4831555488048485
0,0.32802086714423284,0.48154819067973953
0,0.346666888904817,0.4826401588629124
0,0.36364838249185943,0.4805955212226037
0,0.49568689285920975,0.4652859901983603
0,0.33795343613080797,0.45698525471433027
0,0.3334437711710141,0.4610358876104539
0,0.3959597831018417,0.46325018932230416
0,0.3361518371297146,0.4667771425423528
0,0.3552983749124118,0.46987086315783294
0,0.33019619366403696,0.46516314254623486
0,0.39900752936935785,0.46621928431354887
0,0.3275603302520617,0.46454818203065557
0,0.43128839837287297,0.46381628586186063
0,0.3538051667048222,0.48614794955475926
0,0.3679969965026536,0.48752879602958143
0,0.38272644549654133,0.4763165859542994
0,0.32802086714423284,0.469444659877985
0,0.35191945934299695,0.47484285466870674
0,0.39623812747706616,0.4751134237395142
0,0.4900248691666783,0.47484285466870674
0,0.33466400913939287,0.4751134237395142
0,0.33478268778441944,0.4751134237395142
0,0.33569989579267767,0.4751134237395142
0,0.3821647487486035,0.4735367143209813
0,0.35360462934332765,0.47515596947003086
0,0.35506416069895513,0.47496274095527924
0,0.35406561455401714,0.5040224493053979
0,0.33032244796566945,0.5016384763364453
0,0.3343575531785435,0.5054695309909137
0,0.33418997658311245,0.5256573857973931
0,0.34418361639716055,0.5254194261805316
0,0.32455387236797645,0.5261813963368204
0,0.38380022756338816,0.5280677232462356
0,0.4294221636395589,0.5280677232462356
0,0.3540788502789419,0.528842593147397
0,0.3629621814709981,0.5270047558364412
0,0.38151243418303554,0.5202706535898264
0,0.32802086714423284,0.5184061969369734
0,0.35191945934299695,0.5184061969369734
0,0.37684849579342405,0.5163458389404738
0,0.48866984487646425,0.509787413696202
0,0.33740591969444017,0.46343456405683586
0,0.3308846284478549,0.4694048824430548
0,0.40124791780579777,0.4715971445514412
0,0.3361518371297146,0.4755095368462839
0,0.3577153269964428,0.47866113430666146
0,0.3301044652302737,0.47214059959677784
0,0.3791342873546164,0.47321258351310724
0,0.327745644625669,0.4732388772874353
0,0.41274955990740686,0.47249328891875964
0,0.3407237461589151,0.4952427299084794
0,0.3775106528907717,0.4961655879001986
0,0.36629904982285116,0.478160983505678
0,0.32802086714423284,0.4776918581302365
0,0.35121648728136406,0.4778678828869384
0,0.3629153671236784,0.4776918581302365
0,0.4013079857131303,0.4909392897543439
0,0.49601450046786194,0.4907383291288842
0,0.3467064287042509,0.4776583447243362
0,0.3341294539913464,0.4776918581302365
0,0.3361518371297146,0.4755076797233687
0,0.34116422083346476,0.4765804702602015
0,0.3533015877233219,0.47598012202219453
0,0.33032244796566945,0.4756795617015729
0,0.3343575531785435,0.4720361613949353
0,0.33418997658311245,0.4702182927669217
0,0.34321456929826677,0.4889965324464246
0,0.32472792405167267,0.48844395694296616
0,0.3749931542861165,0.48915624507471145
0,0.41140722433123045,0.4904595750274784
0,0.3336442241852711,0.48915624507471145
0,0.3982793254337162,0.4880098993163735
0,0.4507034486698533,0.4967723412492475
0,0.4039340540683537,0.5178783193085428
0,0.3583284351128357,0.5130372659543482
0,0.32802086714423284,0.5138051909386424
0,0.3659042501651942,0.5128800992656983
0,0.4004920079685546,0.506996892699614
0,0.49608115918779255,0.5068314558006188
0,0.34017122498384683,0.4956129010634257
0,0.3329786995393811,0.48552131756392775
0,0.3353981991239702,0.4837887970153533
0,0.35855061977891745,0.48361967514172743
0,0.34116422083346476,0.49102204224528034
0,0.32360959689587526,0.48254875639675343
0,0.3774277037420879,0.482636042597033
0,0.3279214079923329,0.4857892912210417
0,0.4079043399420197,0.4778652069311785
0,0.3313150792088124,0.49571104194105636
0,0.3658074487034723,0.4955856261904046
0,0.35931759711210476,0.4801513591820649
0,0.32802086714423284,0.47961815719926265
0,0.3796297040988393,0.47953113853067775
0,0.4007016566378893,0.47953113853067775
0,0.48819146294585575,0.47953113853067775
0,0.3472152829026893,0.47953113853067775
0,0.33504858124439985,0.47953113853067775
0,0.3386693464296164,0.47953113853067775
0,0.3558440942121322,0.47745351181862083
0,0.34870577952005793,0.4776811372587855
0,0.34365391857260813,0.4776596749312494
0,0.32360959689587526,0.47719097482647754
0,0.3343575531785435,0.4727032836129802
0,0.33418997658311245,0.47081498473576366
0,0.34321456929826677,0.4889585629609742
0,0.32472792405167267,0.4900400687633417
0,0.3738682335894908,0.4917489981653301
0,0.4079388615456891,0.49293831171274016
0,0.3370408915349935,0.4919153816282413
0,0.3526214702522664,0.49162212399253835
0,0.35717113367566017,0.4776324025673698
0,0.32802086714423284,0.47521473425013955
0,0.3793729387080209,0.4771893859159891
0,0.353680537373054,0.47591204934430054
0,0.48665923579340087,0.46923143302197307
0,0.35303571704110187,0.47186480590743657
0,0.33114742596374364,0.47218233330328374
0,0.36509169215546544,0.4736557491548927
0,0.3392217389633842,0.4786079407771694
0,0.3441456283823142,0.4820533797737023
0,0.3472541541991047,0.5087152651141045
0,0.32360959689587526,0.5096249789575374
0,0.37304210681168026,0.5074451996477547
0,0.3279214079923329,0.5057503630826928
0,0.3902426975805286,0.5184692282379911
0,0.3329532316088752,0.5205255168770349
0,0.35365440599665354,0.5191922923871145
0,0.35669370883919477,0.5058022915744644
0,0.32802086714423284,0.5058086607806934
0,0.3797581519554238,0.5051401427719598
0,0.3533936258335934,0.5067162912053326
0,0.3646683547488414,0.5190746929807987
0,0.49248767013339334,0.5067162912053326
0,0.34959298009497564,0.5067873980316576
0,0.33439482863539105,0.5097535852683746
0,0.3386693464296164,0.47788840675070166
0,0.343749412087624,0.477926321786324
0,0.34803997657480307,0.4767861551857333
0,0.32360959689587526,0.47997177305188005
0,0.3343575531785435,0.4773087377787382
0,0.33418997658311245,0.4741905118757304
0,0.34321456929826677,0.4883621391807766
0,0.32472792405167267,0.4927772105679946
0,0.36029515996833894,0.4915270661659531
0,0.395093019690029,0.4929216083588202
0,0.33495739579757666,0.49073805511219387
0,0.3402834152032122,0.4938544924173201
0,0.3535917314079016,0.47591204934430054
0,0.32802086714423284,0.47950524352954244
0,0.3517511531153521,0.478369997193176
0,0.35200733159544356,0.47757188774893594
0,0.49508965327150156,0.47451126658563514
0,0.34251575068219836,0.4729870355356659
0,0.3329786995393811,0.47212436845324507
0,0.37042567739877,0.47347293359789633
0,0.3386693464296164,0.47728793513726697
0,0.343749412087624,0.4797138901249218
0,0.32360959689587526,0.4772242077540117
0,0.36691293099923433,0.4772242077540117
0,0.3279214079923329,0.4756262140565911
0,0.40306521919400723,0.4752991395721516
0,0.33714290579558825,0.49833249572465693
0,0.35365524364634926,0.4988259957162747
0,0.34513073111270165,0.47865402889762493
0,0.32802086714423284,0.47976924867452697
0,0.33947641782746824,0.4794501812242081
0,0.3715931800095997,0.4794501812242081
0,0.4874552470372997,0.4799370123669518
0,0.3402209473009982,0.4799370123669518
0,0.33504858124439985,0.4789102109584109
0,0.33776336146163016,0.4789102109584109
0,0.349072289388924,0.4777447612673179
0,0.3481007345494372,0.4776755119831611
0,0.34287910690196455,0.4769361672032939
0,0.39681729336967625,0.4769143343459108
0,0.32360959689587526,0.4779216365845686
0,0.3343575531785435,0.4803914158825379
0,0.3343573016013192,0.4973254208188347
0,0.3430436136734028,0.5094725308038016
0,0.32472792405167267,0.5089376614235794
0,0.36276017025399027,0.5118415188813144
0,0.3909670678088533,0.5118415188813144
0,0.33941707781609787,0.5104132416079846
0,0.36438149533192304,0.5121879410275016
0,0.34513073111270165,0.49537047646048527
0,0.32802086714423284,0.5002078142508117
0,0.33893391629434094,0.5002078142508117
0,0.3725528706551937,0.4999582200241279
0,0.48762017770786314,0.4902103068949592
0,0.34562545384876947,0.4758659361832096
0,0.33114742596374364,0.472167229484196
0,0.3386693464296164,0.47504039515536506
0,0.3468321066835904,0.4780459372760051
0,0.34336970808907524,0.480095996657146
0,0.32360959689587526,0.4768307014991956
0,0.36431571998786405,0.4790403649975519
0,0.3279214079923329,0.47811816762391296
0,0.36577690491610987,0.476571283828848
0,0.34908224128593796,0.49666497829028944
0,0.3610054601463671,0.4994265617260474
0,0.34574692772448473,0.4786256168810919
0,0.32802086714423284,0.4782198036798201
0,0.33947641782746824,0.47919266971672553
0,0.3505041254406055,0.47980291018540994
0,0.35732064881825537,0.47980291018540994
0,0.4953535485385785,0.47924512482932713
0,0.3347175735326095,0.47932604751110774
0,0.3797987028950402,0.47924512482932713
0,0.4175890691984634,0.47743733668179283
0,0.34794449961113594,0.47719097482647754
0,0.34277374436986885,0.4760183269491606
0,0.3472541541991047,0.5031028838591585
0,0.3236995205552033,0.504176785951621
0,0.3343575531785435,0.5109561315800561
0,0.3343573016013192,0.5282656587476542
0,0.34315968261220187,0.5351911148282876
0,0.32472792405167267,0.5339708191176166
0,0.3697247364071518,0.5392288963212495
0,0.3578458313342411,0.5366714114431331
0,0.3666121008123171,0.5357384438775266
0,0.35709158562189613,0.5366714114431331
0,0.3471999211730264,0.523938456058516
0,0.32802086714423284,0.5285513655790889
0,0.3392304616376379,0.5285513655790889
0,0.375704087915321,0.522890065778266
0,0.49544960041517816,0.5217901273099346
0,0.3523013120031309,0.4777602114781561
0,0.3329786995393811,0.4744834041018259
0,0.41338725984993213,0.47504039515536506
0,0.35367807994381245,0.4785215264188702
0,0.3432641948012692,0.47916522013441576
0,0.32360959689587526,0.4768307014991956
0,0.39261327525605827,0.47756288396424557
0,0.3279214079923329,0.47587334776340356
0,0.3573501166283085,0.4756364496010693
0,0.364247775794503,0.49585680455560577
0,0.36026089128397226,0.4994265617260474
0,0.34830331472469195,0.4786256168810919
0,0.32802086714423284,0.4782198036798201
0,0.34269449908290295,0.47919266971672553
0,0.49866003288672817,0.47919266971672553
0,0.362115809235658,0.47919266971672553
0,0.33504858124439985,0.47919266971672553
0,0.37689214322837805,0.47919266971672553
0,0.4183641241178665,0.47919266971672553
0,0.35114863667963786,0.47743733668179283
0,0.34286899330473036,0.4774131901721834
0,0.34794449961113594,0.4760183269491606
0,0.32360959689587526,0.47964060990157553
0,0.3343575531785435,0.4765051003059683
0,0.3343573016013192,0.47515789715523166
0,0.34315968261220187,0.49066060867710576
0,0.32472792405167267,0.4933014888534307
0,0.38907764997810607,0.4933014888534307
0,0.35376465133496227,0.4929506853968677
0,0.36289557263955285,0.4926450980832329
0,0.3572959022481324,0.4945246512299592
0,0.4502218718906563,0.5030308804300765
0,0.40040587688178364,0.5228203899388403
0,0.34830331472469195,0.5183601200881836
0,0.32802086714423284,0.5217940428763187
0,0.34218090854536803,0.5197880473046169
0,0.3779610369509343,0.5157006570024781
0,0.4928987720542418,0.5119221783734378
0,0.3779639100529766,0.4977289684588783
0,0.33114742596374364,0.48900691607521474
0,0.34152846680834725,0.48510510761123854
0,0.35114863667963786,0.4850253578195917
0,0.34286899330473036,0.48511373816841086
0,0.32360959689587526,0.4833229850118173
0,0.37005126878093986,0.48257052150803836
0,0.3279214079923329,0.48988424036647393
0,0.361408816791853,0.47927426722146277
0,0.39404484826579506,0.495801951622925
0,0.36365562287758924,0.49993367677842016
0,0.3505992471474688,0.4791116107656237
0,0.32802086714423284,0.4782198036798201
0,0.34269449908290295,0.4787763956818281
0,0.3539623988439851,0.48948093522058467
0,0.48709720833998205,0.48948093522058467
0,0.393609213001481,0.48948093522058467
0,0.3347175735326095,0.49045129249497516
0,0.39798458756529514,0.4782198036798201
0,0.34223583261740487,0.47743733668179283
0,0.3481007345494372,0.47752844559195284
0,0.34496130378427803,0.4760183269491606
0,0.3236995205552033,0.4778167617351639
0,0.3343575531785435,0.4765051003059683
0,0.3343573016013192,0.47395245182928053
0,0.34315968261220187,0.49066060867710576
0,0.32472792405167267,0.49414335731002335
0,0.37117196137114733,0.4933014888534307
0,0.345217953764322,0.4929506853968677
0,0.3736778171713968,0.4927669980151883
0,0.3684551700955949,0.4914558397199
0,0.3637627110503076,0.47717708622044724
0,0.32802086714423284,0.4780130938706467
0,0.3457404066655993,0.47735084312848863
0,0.4050640566925176,0.4821258947814268
0,0.4895551172963658,0.476411202219054
0,0.40863616151161464,0.4773256234436007
0,0.3329786995393811,0.474096808514941
0,0.34177571161644366,0.4741194200790516
0,0.3637144136957203,0.47759380236886156
0,0.3458713553571568,0.47916522013441576
0,0.3472541541991047,0.5086398672335378
0,0.32360959689587526,0.5090158433552247
0,0.37394115410979273,0.5077289431899961
0,0.3279214079923329,0.5062043754527126
0,0.3682448130255248,0.5198581040016443
0,0.37834768047562634,0.5191992501108966
0,0.3785339123108981,0.5196458099804234
0,0.3671178752598567,0.5049411828879131
0,0.32802086714423284,0.5041958297498007
0,0.35097893938233254,0.5051601177184541
0,0.4977823541024876,0.5051601177184541
0,0.40350447149291874,0.5040760889297801
0,0.33486908719709185,0.5053310388388311
0,0.41011418851147907,0.5044826400404784
0,0.34223583261740487,0.5081524310369472
0,0.3639729595889876,0.4769628250847418
0,0.3454731522258161,0.4774131901721834
0,0.3474998261074421,0.47599450154289
0,0.32360959689587526,0.47803077762870916
0,0.3343575531785435,0.4765051003059683
0,0.3343573016013192,0.4726784990704779
0,0.34315968261220187,0.49029434673170924
0,0.32472792405167267,0.4933014888534307
0,0.3667521381348452,0.4926450980832329
0,0.3655634888929853,0.4907447684055762
0,0.36074272276730546,0.49227735478201184
0,0.3839817953583488,0.4938666329104582
0,0.36895408208423686,0.47629352729952834
0,0.32802086714423284,0.478369997193176
0,0.35097893938233254,0.47950524352954244
0,0.40697427494911437,0.48087678806582757
0,0.4928987720542418,0.4799313141790808
0,0.4103510190275111,0.47586859517697994
0,0.33097002186454977,0.47178252105053475
0,0.34223583261740487,0.4741194200790516
0,0.36494541150883664,0.47711913526494637
0,0.3454731522258161,0.47916522013441576
0,0.32360959689587526,0.4769862491775231
0,0.38920671026168935,0.4768307014991956
0,0.3279214079923329,0.47587334776340356
0,0.3785359656879592,0.4737801532564456
0,0.3600383568691945,0.497318045411185
0,0.37192927486568544,0.4984098842337188
0,0.3604116189795898,0.47765128365729803
0,0.32802086714423284,0.47882618035779856
0,0.35121648728136406,0.4780554319098371
0,0.3614844792652336,0.47932604751110774
0,0.48726201786801443,0.47980291018540994
0,0.4162921563191046,0.47924512482932713
0,0.3343481828253161,0.47950763257612944
0,0.41341692960588566,0.4776401457919102
0,0.34223583261740487,0.47599187678903
0,0.3512663686096417,0.4762529745469038
0,0.34496130378427803,0.47551583156637806
0,0.4245067126908739,0.47549406372814745
0,0.32360959689587526,0.4760561367268765
0,0.33424446143629255,0.47851627558889115
0,0.3343573016013192,0.49538418101978665
0,0.3430436136734028,0.5074482729470351
0,0.32472792405167267,0.5069155287325084
0,0.38542688437497996,0.5084230424933578
0,0.37009425737521623,0.5062791291519891
0,0.34657435432687167,0.5059219223465172
0,0.3638795787196724,0.5058598708482339
0,0.35876662546295707,0.48882245597492147
0,0.32802086714423284,0.491801980246944
0,0.3657804881961439,0.49455187508473486
0,0.40628322121028315,0.4861322979868213
0,0.4885766548287634,0.4869363005913754
0,0.40863616151161464,0.47404109496838814
0,0.33285969660896597,0.46901503295240327
0,0.3424664341834031,0.47251443367438506
0,0.36386818181048,0.47550399424123796
0,0.3458713553571568,0.47738163045715615
0,0.3236995205552033,0.4752107702519259
0,0.39210083705393894,0.4750558015664419
0,0.3279214079923329,0.47364486774938347
0,0.3897332097651191,0.47313948048854093
0,0.3531688987219037,0.4964775599783433
0,0.3771541495228855,0.49708778373709667
0,0.36016198103752783,0.47684403576111484
0,0.3807757917111529,0.4778664072127361
0,0.32802086714423284,0.47754185918846065
0,0.4920340216459523,0.47754185918846065
0,0.4040075841041231,0.47754185918846065
0,0.3349288385609949,0.47754185918846065
0,0.3968347221376148,0.4764397331123753
0,0.34062362090185666,0.477408977864288
0,0.3622286303816681,0.4753369423593639
0,0.350770329065589,0.4756089578878509
0,0.34496130378427803,0.47487281171445267
0,0.3498279643994157,0.501794086407054
0,0.32360959689587526,0.5019855525674075
0,0.33424446143629255,0.5075362070879812
0,0.3343573016013192,0.5238011462887299
0,0.3430436136734028,0.5314133968846505
0,0.32472792405167267,0.5302017147941892
0,0.39198300781053036,0.5336076400190213
0,0.3807793613701571,0.5332467304991555
0,0.34590945674416934,0.5328832446281884
0,0.3744282360313996,0.5357850593915631
0,0.3622648500164101,0.5221836641142797
0,0.38064699965222604,0.5214747772635608
0,0.32802086714423284,0.5248205151920777
0,0.3960366748561917,0.5191991764318052
0,0.4929607640715693,0.5181070020260181
0,0.3871106203874313,0.47278221849900987
0,0.33058055772023853,0.471391544276877
0,0.34062362090185666,0.4720588208401949
0,0.3646613768902779,0.4759770545047322
0,0.3449859903374581,0.47738163045715615
0,0.32360959689587526,0.4752107702519259
0,0.39367873946116333,0.4750558015664419
0,0.3279214079923329,0.47364486774938347
0,0.3635522364646619,0.47203249357411536
0,0.3531439951647382,0.4953734827521709
0,0.3908850056509353,0.49708778373709667
0,0.3637327330465435,0.4778664072127361
0,0.3809046273469224,0.4778664072127361
0,0.32802086714423284,0.4780169468438181
0,0.39753860629678556,0.4774612377239926
0,0.48728808989005845,0.4771893316127723
0,0.3910216567357429,0.47773329876938353
0,0.33414459380182476,0.4774612377239926
0,0.34062362090185666,0.4784565707352714
0,0.36434356585569655,0.4762929711856587
0,0.3445888065305504,0.4761190804178913
0,0.34897778475954255,0.4748886226101973
0,0.32360959689587526,0.4760381914048436
0,0.33424446143629255,0.47443413251722405
0,0.3343573016013192,0.471248011311124
0,0.3430436136734028,0.48691364477430016
0,0.32472792405167267,0.4895343576852744
0,0.3907914554863462,0.4895343576852744
0,0.34865669831357904,0.4880417022565471
0,0.3486100509009097,0.486735316294913
0,0.38765430105287574,0.48858354449592534
0,0.4684967711490477,0.4973440801590078
0,0.4085628983899171,0.5186727472416968
0,0.36708819022436107,0.512647400645702
0,0.35176223439737525,0.5122799357462704
0,0.32802086714423284,0.5156644608111414
0,0.36882918489227606,0.5086920367847414
0,0.48695461058615025,0.5062575401090365
0,0.3779111541470665,0.4944709042244947
0,0.33240869646602733,0.48338671011559387
0,0.4011279902630081,0.4809327053582639
0,0.34062362090185666,0.48072476239976886
0,0.3445888065305504,0.48137013333259254
0,0.32360959689587526,0.47810246916658017
0,0.36581403715489813,0.47700480424023006
0,0.3279214079923329,0.48370459389293524
0,0.3588230812512879,0.4736487691529254
0,0.3817724414468656,0.49249557428768487
0,0.40301515391297416,0.49382727508350915
0,0.37184396011663307,0.47652266151680817
0,0.3397879476266471,0.47652266151680817
0,0.39625744885796965,0.47652266151680817
0,0.4964887719198998,0.47700652007174116
0,0.36877640259346306,0.47700652007174116
0,0.3368604390687727,0.47700652007174116
0,0.34184165984722426,0.47700652007174116
0,0.32894265959555485,0.4782640019217828
0,0.3744248288468583,0.47622272455876286
0,0.35092783286513385,0.4751887777519903
0,0.3440782683238685,0.47368605798994684
0,0.3232124897775095,0.47483271572146124
0,0.33424446143629255,0.47298808197439196
0,0.3343573016013192,0.46981167189989875
0,0.3430436136734028,0.4860386343439891
0,0.32429212080466085,0.4888542707022586
0,0.34845309739954133,0.4888542707022586
0,0.3456600449174437,0.4875672520731332
0,0.3678005750428894,0.48776367310224994
0,0.38949175105835115,0.48931574206828654
0,0.38992738688483364,0.47243191647637683
0,0.33979827963132486,0.47243191647637683
0,0.3301644215617141,0.4745382508855829
0,0.4884091131306768,0.47589558817030087
0,0.3728717999442932,0.472014991702826
0,0.3327847493047531,0.46954179826252396
0,0.38044204775285007,0.47042317425496694
0,0.3423018696320426,0.47108908004566896
0,0.38367597724146985,0.47505794388274575
0,0.35732440481612876,0.4769193816204052
0,0.36643210945310384,0.5051866507464685
0,0.3232124897775095,0.504931506169537
0,0.3404193494973469,0.5022799682689071
0,0.327085876761652,0.5006023832671943
0,0.35295825956014837,0.5151180863464451
0,0.3891861203874207,0.51571122829393
0,0.3967379962461223,0.5156823935272853
0,0.38992738688483364,0.5011546042620033
0,0.34034216467437234,0.5017480997531051
0,0.32914682508248533,0.5019570406646743
0,0.37656129181322046,0.5010227823128278
0,0.49292119955877095,0.5014817478807174
0,0.3660293923266755,0.5001645594913199
0,0.3365297385446976,0.5004987443953194
0,0.3423018696320426,0.5034225075148865
0,0.38367597724146985,0.4745944220095206
0,0.3568102005703148,0.47491083466570005
0,0.34897778475954255,0.4732270435628266
0,0.3232124897775095,0.4745348776073562
0,0.33424446143629255,0.4725045696637784
0,0.3343573016013192,0.4712193421575185
0,0.3430436136734028,0.48634137391879034
0,0.32429212080466085,0.4889933129807116
0,0.3447161624630928,0.4889933129807116
0,0.3436450724991892,0.48844602542844756
0,0.3917050036837432,0.4860535137039741
0,0.39145042167031774,0.48789915296858943
0,0.3765048327416343,0.46988628188840864
0,0.34032576311311524,0.4718174149596596
0,0.32914682508248533,0.4723407936936154
0,0.4978050038160478,0.4752981154848485
0,0.35366494582899266,0.47347250486593134
0,0.3347061693250028,0.4703887475594141
0,0.37392319639371324,0.47079367198903727
0,0.3408053188446806,0.47123591720095825
0,0.37245191149080137,0.4747591791879409
0,0.3568102005703148,0.47670830932379615
0,0.3232124897775095,0.47427238147567763
0,0.34616820996514563,0.4738492034681187
0,0.327085876761652,0.4718534480268264
0,0.3481843793465951,0.47161855104162226
0,0.39175286601760934,0.49385527307483174
0,0.38214311248653887,0.4965183899428618
0,0.3738700945437637,0.4756665794344337
0,0.3434965969829697,0.4756665794344337
0,0.37770104948462213,0.4756665794344337
0,0.487549476728411,0.4756665794344337
0,0.351451757197968,0.4756665794344337
0,0.33637473618201874,0.4742382859907835
0,0.3384816021551229,0.4746489144051201
0,0.3306554767529906,0.475682242601898
0,0.36904742593914197,0.4735463834835676
0,0.34913448366621114,0.4737433665067392
0,0.3592462794483868,0.47079416580558664
0,0.4573303708683361,0.4693044707022238
0,0.3232124897775095,0.46940741791385665
0,0.33424446143629255,0.4759220870043181
0,0.3343573016013192,0.4914031167425516
0,0.34315968261220187,0.504428124201043
0,0.32429212080466085,0.5020205188087835
0,0.34611557504716056,0.5039701683189067
0,0.34385033166319,0.5043112630149856
0,0.3768868373098947,0.5036266387197634
0,0.38407624315725253,0.5050500150465242
0,0.3738700945437637,0.489220597899793
0,0.33102983607779296,0.49376770743842385
0,0.34135866691494016,0.49376770743842385
0,0.48695461058615025,0.48422028644172915
0,0.354763871661052,0.4834530321383169
0,0.3330333477038396,0.4692068709912301
0,0.38411843438473603,0.46814642965590275
0,0.33893728840870124,0.46919467351474087
0,0.3691722932778357,0.4725526241585534
0,0.36029780681526813,0.4745805929986935
0,0.3232124897775095,0.4721626449399221
0,0.3570428021452248,0.47178021405065607
0,0.327085876761652,0.4704452555086794
0,0.35650920999988395,0.4702110595465968
0,0.3804805718235253,0.4913254893510047
0,0.3797706002728215,0.49518442448301725
0,0.3766351743337352,0.47357753108064676
0,0.3434965969829697,0.47357753108064676
0,0.3300095723130932,0.4751832744477019
0,0.4870851970546263,0.4751832744477019
0,0.3644378925081785,0.4751832744477019
0,0.3365297385446976,0.4751832744477019
0,0.3896783422485196,0.47348678069887457
0,0.33893728840870124,0.47399253893087717
0,0.3707854703351098,0.472133138593643
0,0.34897778475954255,0.4722512954711189
0,0.3554654236617985,0.4707248381584701
0,0.36581194477001033,0.49561512541030617
0,0.3233023030899085,0.49588729623065897
0,0.33424446143629255,0.5031245150342998
0,0.3343573016013192,0.5217757382277354
0,0.34315968261220187,0.5294395452403461
0,0.32429212080466085,0.5314352829437602
0,0.34877359707147265,0.5332160956998061
0,0.34772551977261995,0.5311732684761309
0,0.373653649603128,0.5311732684761309
0,0.3836833729264164,0.5322553342226535
0,0.3738700945437637,0.5161927164921516
0,0.346666888904817,0.5161927164921516
0,0.3300095723130932,0.5207374302248865
0,0.49175798157125594,0.5147990805875536
0,0.36112868978784474,0.5139602086367417
0,0.3347061693250028,0.46966674506728495
0,0.3908994806849073,0.47007104797598775
0,0.33893728840870124,0.4700886024347358
0,0.36904742593914197,0.47363182801716275
0,0.35650588432163993,0.47496231292632585
0,0.3232124897775095,0.47331898535849026
0,0.3479156784013931,0.4729077672813211
0,0.327085876761652,0.47123470009098856
0,0.35536980296713744,0.4705869535312636
0,0.387618066038449,0.4930533428762201
0,0.3857269438076098,0.49571213533190644
0,0.3684125673874863,0.47547350582834635
0,0.35191945934299695,0.47556463699385165
0,0.396522652391186,0.47556463699385165
0,0.48714771784966093,0.47556463699385165
0,0.35625369733478357,0.47556463699385165
0,0.33637473618201874,0.47556463699385165
0,0.3384816021551229,0.47556463699385165
0,0.3315221784043965,0.4759813861947568
0,0.3684399088903463,0.47398968516664636
0,0.34897778475954255,0.47393061738644504
0,0.35116506434685785,0.4723987320035241
0,0.3232124897775095,0.47411993267411506
0,0.33424446143629255,0.472092603325014
0,0.3343573016013192,0.46970492146847936
0,0.3430436136734028,0.48623901863206703
0,0.32429212080466085,0.49001190368943276
0,0.3645751812689917,0.49201131523709235
0,0.34833845077921793,0.48738995861123546
0,0.3869969297742371,0.4884475035247888
0,0.37508472655012803,0.4877660414323582
0,0.4668575124374118,0.4940468119604055
0,0.40896629403858226,0.5142739028362279
0,0.3730746816796058,0.5083722529177104
0,0.35191945934299695,0.5076286413477035
0,0.3974799539132902,0.5076286413477035
0,0.48714771784966093,0.5051426296790553
0,0.36146626204073196,0.500575502812081
0,0.3330333477038396,0.4915282809450447
0,0.33893728840870124,0.48205368944901106
0,0.3300095723130932,0.4815386803941872
0,0.37425730391002227,0.48187734859012893
0,0.3519761937394713,0.4811420446507176
0,0.3232124897775095,0.47884860749138136
0,0.3719643378090838,0.47933399493194884
0,0.327085876761652,0.48334552236046124
0,0.3582175604487792,0.4745461094343443
0,0.40680188883875573,0.49622094597072725
0,0.38996475250303986,0.4980663602088649
0,0.37162261688913817,0.47659391609574975
0,0.3521576438002819,0.4764762751176121
0,0.33102983607779296,0.4767325205778986
0,0.3957115112165276,0.4902722443196983
0,0.49641743006485,0.4903152709314621
0,0.3675550856373615,0.49044417136799673
0,0.3365297385446976,0.4771029932362603
0,0.33893728840870124,0.4767325205778986
0,0.37197672303122326,0.47472660525146354
0,0.34897778475954255,0.47475754923850816
0,0.34988162443897297,0.47355765556113544
0,0.3233023030899085,0.4742030088873959
0,0.33424446143629255,0.4732050468017731
0,0.3343573016013192,0.47026029974175737
0,0.3430436136734028,0.4869791210988491
0,0.32429212080466085,0.488975925448001
0,0.37476058514947425,0.4909711098598636
0,0.3530188989031812,0.488975925448001
0,0.4029824135704006,0.48826877676282543
0,0.3876481237914333,0.48968443377323634
0,0.37057604517312287,0.47223253353846406
0,0.36676067193872247,0.4715782913224722
0,0.3915623072249847,0.4697458497373061
0,0.4978050038160478,0.471088358140813
0,0.3579353538553395,0.46869857160948136
0,0.3354398576908389,0.46788032011969505
0,0.33839520098263265,0.4690147285627276
0,0.3315221784043965,0.4696442823126259
0,0.3710464746029536,0.4740860263441753
0,0.3330452851907557,0.47545903007264767
0,0.36643210945310384,0.5044238151290619
0,0.3232124897775095,0.5034973784719524
0,0.38343390498924285,0.5018894903075171
0,0.327085876761652,0.50038245681087
0,0.3657772987676053,0.5165689954521645
0,0.41721305929905245,0.5172786570099734
0,0.3869119528703616,0.5175302672383952
0,0.37057604517312287,0.5006413892884395
0,0.3809046273469224,0.5006413892884395
0,0.39087606840810923,0.5153594336299755
0,0.4870646530940303,0.5158868567799761
0,0.3547514296984092,0.5014430039439417
0,0.33612364354674806,0.5001215949094895
0,0.341811190955327,0.5002252206451157
0,0.3300095723130932,0.5042708833576153
0,0.3705802164922629,0.47347355918790723
0,0.3330452851907557,0.4734583008920488
0,0.34897778475954255,0.4719411299008391
0,0.3232124897775095,0.47245132472906104
0,0.33424446143629255,0.47158972479873124
0,0.3343573016013192,0.4706754255748719
0,0.3430436136734028,0.4856793238092426
0,0.32429212080466085,0.488975925448001
0,0.3814876078498476,0.4926411211783627
0,0.3536226645920583,0.48776150346440156
0,0.39565902002250836,0.4872499715069519
0,0.3876481237914333,0.4884682521363678
0,0.3697375238578477,0.4719209787088241
0,0.3805182511554027,0.4705712261542046
0,0.3880258725684265,0.47006378089260636
0,0.4870549237708693,0.4719087401083627
0,0.3520754599757137,0.4721856475084619
0,0.3327847493047531,0.46788032011969505
0,0.341811190955327,0.46913802923647174
0,0.3300095723130932,0.46976774849162356
0,0.3696166258106417,0.47399822019820936
0,0.3329592228785781,0.4752982127393208
0,0.3232124897775095,0.47376431697219573
0,0.375372542743001,0.4733527119922916
0,0.327085876761652,0.4716780706633027
0,0.3539232054583008,0.47144326098404943
0,0.3873197642935132,0.4923115233810503
0,0.3803663273158062,0.49636617219088436
0,0.36865595798859885,0.47523766574996873
0,0.3809046273469224,0.47502018903093496
0,0.33102983607779296,0.47598537299774835
0,0.48642653244139267,0.47598537299774835
0,0.3520208314447191,0.47625659308419105
0,0.3365297385446976,0.47598537299774835
0,0.3893758032452679,0.47513409901085346
0,0.34236870804930836,0.4759546485902934
0,0.3684784938445891,0.4729800484043607
0,0.34913448366621114,0.47287292985910084
0,0.33286672687587504,0.4719411299008391
0,0.4245067126908739,0.46896232858919695
0,0.3232124897775095,0.47025466987246545
0,0.33424446143629255,0.47818422769163565
0,0.3343573016013192,0.49350768195240735
0,0.3430436136734028,0.5060074044714102
0,0.32429212080466085,0.5077514360628876
0,0.3810832524842508,0.5088434583955744
0,0.3614766286928511,0.506857031492136
0,0.37599872548344987,0.5061689512063833
0,0.3817439192597096,0.5078121502211546
0,0.3672992320772341,0.49204612748085197
0,0.3526937423808901,0.48745259254436685
0,0.37620395442851007,0.49204612748085197
0,0.49106493911919163,0.48316113830317575
0,0.3415354487017086,0.4822323987180448
0,0.3347061693250028,0.46742917563918923
0,0.34089680114071963,0.4685271456942761
0,0.3315221784043965,0.4691560449665973
0,0.36852693379227186,0.4733810080054133
0,0.3329592228785781,0.47493887673347074
0,0.3233023030899085,0.47344388293163003
0,0.3856653409308093,0.4730325563438338
0,0.3261047062918903,0.4714829646497888
0,0.3690987685212041,0.47461883962514867
0,0.3564760147138693,0.48698604403052403
0,0.3833912295622199,0.4864171240709077
0,0.3660886840850085,0.4751215201009111
0,0.34034216467437234,0.4741050211989788
0,0.37595747451547046,0.48795925500375587
0,0.4866252551918068,0.48795925500375587
0,0.3340338545085934,0.48749822628728656
0,0.33612364354674806,0.47440164609131885
0,0.341811190955327,0.4741050211989788
0,0.3300095723130932,0.4746830804952266
0,0.3670813990847665,0.4728891724318239
0,0.34897778475954255,0.4725199458286883
0,0.3324095176161904,0.471134566711224
0,0.36581194477001033,0.4954548864226977
0,0.3232124897775095,0.49585499807189576
0,0.33424446143629255,0.5041149454288395
0,0.3343573016013192,0.5227049858065504
0,0.34292758399329065,0.5286158401036648
0,0.32367930172489423,0.5306084728267039
0,0.3818515018595936,0.532386514983863
0,0.369771509393287,0.5312475004686508
0,0.36671629699216707,0.5299509795764509
0,0.37571467677119036,0.5322963358509478
0,0.36595175532366553,0.5162963800775524
0,0.33979827963132486,0.5166458173417393
0,0.37236097809598445,0.5199605730730913
0,0.4913794342775213,0.5151499425529165
0,0.33783675444977884,0.5139884343550555
0,0.3327847493047531,0.46690557073745326
0,0.341811190955327,0.4680023108682377
0,0.3300095723130932,0.4684831060445945
0,0.36723917462641664,0.4727020089631085
0,0.3325018865709626,0.47412049086631985
0,0.3232124897775095,0.47214865593400457
0,0.3854588273392219,0.47188687848661354
0,0.3261047062918903,0.46943619359922484
0,0.374658016407178,0.4690791823478023
0,0.36232175617132345,0.49130618759588446
0,0.36937440866228416,0.49245656697902096
0,0.36503337312522904,0.47475535962007465
0,0.34034216467437234,0.4745381036124076
0,0.33102983607779296,0.47421478326978944
0,0.487493180424545,0.474484994460736
0,0.3446881080056471,0.474484994460736
0,0.3365297385446976,0.47421478326978944
0,0.37355120167782274,0.47475535962007465
0,0.4201102001109306,0.47511669095055314
0,0.36602322646041036,0.47246915302101716
0,0.34897778475954255,0.4725392514011689
0,0.3324535014641877,0.47116436502267967
0,0.3232124897775095,0.4723027195542578
0,0.33424446143629255,0.47003159455701654
0,0.3343573016013192,0.4713044557270421
0,0.34292758399329065,0.486920172611189
0,0.32429212080466085,0.48890055385050296
0,0.3831488721266643,0.4925651846212359
0,0.37929944331883725,0.4875725389789196
0,0.3667367126161772,0.4880796157537614
0,0.37471571677258014,0.4887773967372236
0,0.4267541845305981,0.4989060111456265
0,0.40365069005186516,0.5166966197634462
0,0.36970559033561895,0.5085377374137681
0,0.34032576311311524,0.5089989575759221
0,0.3300095723130932,0.5099074604583468
0,0.3693936245163721,0.5083849475729195
0,0.4959821677515767,0.5054273718974959
0,0.33627321070763816,0.49408524688952155
0,0.33445632221980376,0.48198073352897675
0,0.41597474984908533,0.48119847934841536
0,0.37228776421111043,0.480527222134619
0,0.33254588264105894,0.4801608534142902
0,0.3232124897775095,0.479188208779303
0,0.3854588273392219,0.4798332926135548
0,0.3261047062918903,0.4820863263553298
0,0.40222185003128147,0.4730251663481168
0,0.3615408955976884,0.4913819463209783
0,0.3887280051849112,0.4950777470418615
0,0.3687026414050906,0.47476265668593104
0,0.34270529505146907,0.4744922873710366
0,0.5042788874410667,0.4744922873710366
0,0.334692998910472,0.4744922873710366
0,0.33515628964043576,0.4744922873710366
0,0.36447482996861713,0.4750331800593178
0,0.41985154088978577,0.4753249753383137
0,0.3315221784043965,0.4758774360880676
0,0.372444773759465,0.47349530656644584
0,0.34897778475954255,0.47250158121115654
0,0.3324535014641877,0.4714485941456322
0,0.3232124897775095,0.47250010676084664
0,0.33424446143629255,0.46865465564914943
0,0.3343573016013192,0.4687991883418673
0,0.34292758399329065,0.4842562748751778
0,0.32429212080466085,0.487497696878756
0,0.3825125061602304,0.49048505254185476
0,0.3882099553176057,0.48683589772489066
0,0.34381658424851835,0.48613184391149067
0,0.37471571677258014,0.48737640123476145
0,0.3685964300218294,0.46782636117476967
0,0.3429818043546724,0.4694369882840192
0,0.491578824467217,0.4694369882840192
0,0.3377630139787497,0.47152996982673884
0,0.33079143353707224,0.4673119218322366
0,0.3645078911082966,0.4673007856244923
0,0.3439220246964908,0.46710058893251083
0,0.3300095723130932,0.46822000825602095
0,0.3726359743339988,0.4730201695348593
0,0.33363622513279406,0.4756028345429463
0,0.36643210945310384,0.5015964279137726
0,0.3232124897775095,0.5006876633168041
0,0.38268449107192987,0.5004035293532519
0,0.3261047062918903,0.5009382093483459
0,0.38800488402975497,0.5142977884806732
0,0.34942680985256475,0.5141845059785285
0,0.37725869817551566,0.5173949382701559
0,0.3658213227548281,0.49776314119858583
0,0.3434965969829697,0.4992178140393781
0,0.33102983607779296,0.5127563033174344
0,0.49457458900096657,0.514868217864719
0,0.34451959261300513,0.5152736894044856
0,0.3345139910216032,0.4978716404738285
0,0.3650484751673336,0.5020315661374575
0,0.3439220246964908,0.5020857762102028
0,0.3682487926661605,0.4728155987647286
0,0.33363622513279406,0.47301336480706646
0,0.34897778475954255,0.4712904503515999
0,0.3232124897775095,0.4716100640099887
0,0.3341314079457337,0.468965831331699
0,0.3343573016013192,0.46984155280150713
0,0.3430436136734028,0.484489288654959
0,0.32429212080466085,0.488692495666328
0,0.36585149481701457,0.4906866359811889
0,0.3865719603419567,0.488692495666328
0,0.3535328532137547,0.4885563294914514
0,0.3635148826881309,0.49008658841341357
0,0.3605133093823007,0.47423293760305746
0,0.346666888904817,0.47339084065392706
0,0.3643489419266094,0.470923073716535
0,0.49058149747102975,0.4733792035076418
0,0.3337119452855241,0.4720874140740825
0,0.3327013446260061,0.46953682769581934
0,0.3434596366845586,0.4665120652821958
0,0.3315221784043965,0.4678245575025186
0,0.36272121185865347,0.4726580198586616
0,0.3338840231840977,0.4754521004612236
0,0.3232124897775095,0.47281564859663144
0,0.3675253991160966,0.4747088669315177
0,0.3261047062918903,0.47225918564464775
0,0.3863841062488634,0.4723435597768934
0,0.3562662109716184,0.49410338007441434
0,0.38379009527659363,0.4962016154808903
0,0.3599814098664737,0.47707073268665484
0,0.35191945934299695,0.47707073268665484
0,0.5004380707379548,0.47707073268665484
0,0.33205945676748955,0.47707073268665484
0,0.3346730438848875,0.47707073268665484
0,0.36504301542865525,0.4755095048940886
0,0.3439220246964908,0.47531895644252325
0,0.3300095723130932,0.47539423533477876
0,0.36224291817085563,0.4745044896350821
0,0.34913448366621114,0.47358709288450235
0,0.33547512885882946,0.4725460360565326
0,0.39681729336967625,0.4703738092870472
0,0.3232124897775095,0.47183129656077777
0,0.3341314079457337,0.48029242835982644
0,0.3343573016013192,0.4959243884920362
0,0.34315968261220187,0.5058473095974845
0,0.32429212080466085,0.5087686825766667
0,0.3712524711571383,0.5086824662270806
0,0.38355581200995065,0.5060986199979695
0,0.3714518513663326,0.5068399902807729
0,0.3861481843910117,0.5095999865487952
0,0.3513736340663095,0.49121608574750697
0,0.3509899963371629,0.4923818178481427
0,0.3637191061134629,0.4969583096602153
0,0.4959987332024821,0.48636828804285354
0,0.33642205435534894,0.4855976301987009
0,0.33079143353707224,0.4703887475594141
0,0.3439220246964908,0.4692327537430807
0,0.3300095723130932,0.47072787995431065
0,0.3523336449345619,0.47494171965461207
0,0.3385781031024389,0.47774930016838635
0,0.3232124897775095,0.47572530733634505
0,0.3790373565427581,0.4751474528613657
0,0.3261047062918903,0.4731160449095326
0,0.3863274499152589,0.47296868533839465
0,0.3815670157347428,0.49410338007441434
0,0.3894932183476818,0.4960337822596306
0,0.35211482777307185,0.47707073268665484
0,0.35122755171971004,0.4760500635411759
0,0.33102983607779296,0.49102508674686596
0,0.49038361904094024,0.49102508674686596
0,0.34703318528646865,0.49037081212501643
0,0.33483685092972715,0.48980883594544794
0,0.36967792391204307,0.4760500635411759
0,0.3439220246964908,0.47593466294356634
0,0.3502216566910938,0.47504390578200256
0,0.34897778475954255,0.47412546613587325
0,0.3439591658142455,0.4734034157780661
0,0.36581194477001033,0.5002133717208044
0,0.3233023030899085,0.4981083087278729
0,0.3341314079457337,0.5047821298032843
0,0.3343573016013192,0.5250012962513223
0,0.3430436136734028,0.5306746524234693
0,0.32429212080466085,0.5335238596079696
0,0.37235040685767995,0.5357738516320913
0,0.3809811032814397,0.5354927939888567
0,0.3785167379344242,0.5354927939888567
0,0.3840908673307261,0.5354927939888567
0,0.3608417271660827,0.5233477707961924
0,0.3657920114469204,0.5200114216332472
0,0.3709948438386969,0.5233477707961924
0,0.49171650035329795,0.5174050356277091
0,0.33962571269515857,0.5164131123491048
0,0.3327013446260061,0.46930801008390355
0,0.3441537624337984,0.46990753153119474
0,0.3315221784043965,0.4709201892400143
0,0.3557415520966731,0.4749750424569991
0,0.3440547441504448,0.4770918494480185
0,0.3232124897775095,0.47548535524633345
0,0.3748552637194095,0.47571670406305533
0,0.3261047062918903,0.47323745567766257
0,0.3797252332768214,0.4732639648309561
0,0.3788569572943235,0.4954234637347477
0,0.3831320929785753,0.4969671139850229
0,0.3643701581384525,0.47707073268665484
0,0.3797701155471424,0.47586766742534764
0,0.5033950043426321,0.47688794550673064
0,0.33512013559641557,0.47586766742534764
0,0.3346730438848875,0.47586766742534764
0,0.37391442358339533,0.4760500635411759
0,0.3423018696320426,0.4760395702165292
0,0.3300095723130932,0.47593466294356634
0,0.3567851418230848,0.4747733763004978
0,0.34897778475954255,0.47412546613587325
0,0.34403188972743504,0.47310205158241775
0,0.3232124897775095,0.4742150891557455
0,0.3341314079457337,0.471230430113076
0,0.3343573016013192,0.471131502294972
0,0.3430436136734028,0.4867680497425852
0,0.32429212080466085,0.48857148724347854
0,0.3695164183614019,0.49349941041097906
0,0.3774137528340028,0.48881090663233495
0,0.3785167379344242,0.48735806972374135
0,0.3599379929003753,0.4891139176700597
0,0.4221261409061791,0.4992300819595078
0,0.3980403382204491,0.5190151625800602
0,0.3529558561829932,0.5101727870059425
0,0.37951325518799045,0.5106354900823082
0,0.49125218527142084,0.5082857954414076
0,0.3405920217111688,0.507120667108104
0,0.3310385428802156,0.5033842856818452
0,0.37115340100579003,0.49517650600581875
0,0.341403745953239,0.48538019087432954
0,0.3300095723130932,0.4837405447644875
0,0.34856562663633334,0.4827983948662539
0,0.3441274882719361,0.482518245793192
0,0.3232124897775095,0.4810829057106092
0,0.37441212203432606,0.4818637084376503
0,0.3261047062918903,0.4840449438087152
0,0.381622505863266,0.4738148766989809
0,0.377033483525706,0.4947814980731662
0,0.36418354578120815,0.49722293861230676
0,0.3445765724137544,0.47635728208623884
0,0.3797701155471424,0.4769893696715919
0,0.3701789477625113,0.4769893696715919
0,0.4958309686033011,0.4769893696715919
0,0.34748737575679506,0.4769893696715919
0,0.33476388120681666,0.4769893696715919
0,0.34062362090185666,0.4769893696715919
0,0.3300095723130932,0.47669004138440196
0,0.34272444391132356,0.47619229994142537
0,0.34897778475954255,0.47440758698857216
0,0.34403188972743504,0.47302567498001397
0,0.3233023030899085,0.474081415974156
0,0.33460066737325267,0.4720454291538999
0,0.3346373941475858,0.4710336154086422
0,0.3441289998335995,0.48822940674489274
0,0.32429212080466085,0.49003825845902693
0,0.36948190941245357,0.4937114170730677
0,0.3496671072582527,0.4897811929124391
0,0.38569946860537685,0.4902905666934161
0,0.35255664237610657,0.4940923776966358
0,0.34174528775610313,0.4746812193447646
0,0.35176223439737525,0.47402358466104894
0,0.5033950043426321,0.470922657265088
0,0.3370143007263015,0.47311131718877797
0,0.3327013446260061,0.4685456979686826
0,0.3721537008924812,0.46890337351961203
0,0.34062362090185666,0.4696301898108997
0,0.3300095723130932,0.4704830617190687
0,0.34145941560622967,0.4740151212706982
0,0.3441274882719361,0.47775090935926373
0,0.36643210945310384,0.5044834130491156
0,0.3232124897775095,0.5049592377728798
0,0.374701272541468,0.5020960895463618
0,0.3261047062918903,0.5010598984036381
0,0.34496728334255855,0.5170211298526597
0,0.3810527172605561,0.5170346883923037
0,0.3499952575954598,0.518017044742482
0,0.33934370948317705,0.501183182267518
0,0.3397879476266471,0.5015790265048276
0,0.49008632737518587,0.5015790265048276
0,0.33663291533149514,0.5015790265048276
0,0.3346730438848875,0.5015790265048276
0,0.37045734029634214,0.5012869881943788
0,0.34062362090185666,0.5013908554007546
0,0.3300095723130932,0.5033498539952248
0,0.34144023540775054,0.47588737022845745
0,0.3441274882719361,0.47627966924368775
0,0.34897778475954255,0.4729007361864598
0,0.3232124897775095,0.4736645188722873
0,0.33460066737325267,0.4723183363543581
0,0.3346373941475858,0.4686469041943452
0,0.3442454360132239,0.48576770676587966
0,0.32429212080466085,0.487112883866906
0,0.3715692905909434,0.48910046644946004
0,0.3441984094017477,0.48389237920295863
0,0.38203741078948755,0.4850532823019013
0,0.3490745337704316,0.48644255680911636
0,0.3451420343595322,0.46823693010180195
0,0.33924494825218304,0.4703203639383737
0,0.36760819806369815,0.46823693010180195
0,0.4970840590754966,0.4700119999968029
0,0.34759438899903256,0.4702877944245659
0,0.33079143353707224,0.46711190358163507
0,0.34062362090185666,0.4682535558458335
0,0.3300095723130932,0.46910392771788456
0,0.3492868899722306,0.47245139547233816
0,0.3441274882719361,0.47594898534771646
0,0.3232124897775095,0.47417436643004696
0,0.37103170177006956,0.47399837178176885
0,0.3261047062918903,0.4725905785714295
0,0.3424295967630217,0.4715502584749585
0,0.3751506635024008,0.4939632521771869
0,0.3461217841418363,0.49586045061000045
0,0.34957574359653204,0.4746037506904928
0,0.34034216467437234,0.4748637161127014
0,0.36548181654140544,0.47468388965550096
0,0.4948148419687809,0.47515613402912643
0,0.3536594434771127,0.4746037506904928
0,0.33508698229923906,0.4746037506904928
0,0.34062362090185666,0.4750950576739477
0,0.32853907227489804,0.47511070202184086
0,0.3516415536333454,0.47381477900629754
0,0.3677201762519244,0.4745165849188839
0,0.34897778475954255,0.4717492878101018
0,0.3232124897775095,0.4721519186156651
0,0.38947074457140757,0.47111752009116603
0,0.33410033515654625,0.4741789455914058
0,0.3346683241268408,0.4901341467415156
0,0.3442454360132239,0.5026627356974961
0,0.32429212080466085,0.5037105010818462
0,0.35201045031723494,0.5071994061914616
0,0.3609044590437287,0.5051913702757014
0,0.3767432140083175,0.5055332914998895
0,0.37596187837525774,0.5060137828297429
0,0.35054533070542765,0.490198869577224
0,0.3392304616376379,0.48507350690255435
0,0.49745476929259,0.4879682029880032
0,0.34637413720730514,0.47890348636551267
0,0.3327013446260061,0.47768435800853537
0,0.3581797298117956,0.464216662957178
0,0.33913440745232815,0.4677218501954678
0,0.32853907227489804,0.46857125646347014
0,0.35312920956271393,0.47076409407544323
0,0.3703531692564805,0.4754367625212851
0,0.3232124897775095,0.47363593765200157
0,0.3552209374133952,0.47346014284705146
0,0.3261047062918903,0.4717346709772923
0,0.3854892616259396,0.470204063954111
0,0.38354208674847107,0.4942597116366101
0,0.38300952619895856,0.49603813375667544
0,0.354175653835053,0.47544998452799286
0,0.34269449908290295,0.47535097304361856
0,0.4913049099259613,0.47535097304361856
0,0.3446031272499493,0.4739236272775187
0,0.3346730438848875,0.4739236272775187
0,0.3621074328642375,0.47544998452799286
0,0.336726343987312,0.4743999590196026
0,0.32853907227489804,0.4751337895764895
0,0.36398026700572633,0.4720438289830763
0,0.34913448366621114,0.47017573773455673
0,0.37033374185411744,0.47086186732323076
0,0.36581194477001033,0.49792596264768235
0,0.3232124897775095,0.4960822694795596
0,0.33410033515654625,0.5007604265094769
0,0.3346683241268408,0.5196892189248101
0,0.3441289998335995,0.5281162818590913
0,0.32429212080466085,0.528470372088008
0,0.35288736362988204,0.5297005879849498
0,0.37815964492864923,0.5294050464193218
0,0.4072065156091787,0.5281933820959879
0,0.38099537744149736,0.5303269846207375
0,0.3614032849562779,0.5129550381433985
0,0.36172562068464625,0.5139217904783877
0,0.49155018415918234,0.5160385053748323
0,0.34193938717215994,0.511090527975686
0,0.3310385428802156,0.5101107103139615
0,0.3362736302511129,0.463093992849378
0,0.3408506590340477,0.46581081919780903
0,0.32853907227489804,0.4659107501260371
0,0.3701282836373831,0.4695646624393155
0,0.37024263781425476,0.47398986001358023
0,0.3232124897775095,0.47258419584233036
0,0.3549029837582403,0.47230088948387405
0,0.3261047062918903,0.46986102532974855
0,0.36679186654212154,0.4700146816811689
0,0.3879066764291559,0.4926896491358414
0,0.3819892203997343,0.49446242193063195
0,0.3716666082591653,0.4751820028617294
0,0.3437861264314267,0.4751928397212786
0,0.49199019712002545,0.47492222542441076
0,0.34679546656587495,0.4751928397212786
0,0.3345139910216032,0.4755936023425124
0,0.36334827785804197,0.4751820028617294
0,0.336726343987312,0.4756218343735951
0,0.32853907227489804,0.4753384116639696
0,0.3813840280647327,0.47370718016164975
0,0.3697071921414482,0.4741346860312686
0,0.34897778475954255,0.47052453431944824
0,0.3232124897775095,0.4717886191523196
0,0.33410033515654625,0.47026985594594156
0,0.3346683241268408,0.46804894527754054
0,0.3441289998335995,0.4814847030550814
0,0.32429212080466085,0.4867190942225639
0,0.35312855281903843,0.4879309208297546
0,0.36093686334126324,0.4867190942225639
0,0.40429204958097875,0.485209102319795
0,0.3793755109990262,0.4884726400754294
0,0.3872304097912262,0.4970078042861501
0,0.3992473355755348,0.516151368964145
0,0.34622402233800165,0.5070406622906259
0,0.3606344036909472,0.5082439485703502
0,0.4955375716678262,0.505734143291013
0,0.33883260499234674,0.5056388818444459
0,0.3327013446260061,0.5020704892687794
0,0.3362736302511129,0.4923105048071545
0,0.32853907227489804,0.4831204722412045
0,0.38576296249194253,0.48029544984513284
0,0.3936909621779115,0.48091221855400684
0,0.3697071921414482,0.4818182589698197
0,0.3232124897775095,0.480106258593267
0,0.35522427411602564,0.4784575566280074
0,0.3261047062918903,0.481848599433549
0,0.3913448688031117,0.4725125032183747
0,0.40745301699948566,0.4968677017563201
0,0.38353792989791774,0.49753355869676674
0,0.3810003933850534,0.4760306719590036
0,0.35504024088327474,0.4894365780115811
0,0.4917932205554872,0.4894365780115811
0,0.3377240442147246,0.48912307530236326
0,0.33442322150673587,0.4760306719590036
0,0.336726343987312,0.4760306719590036
0,0.35421473361216244,0.47609688373491954
0,0.32853907227489804,0.4767687217591164
0,0.3933689666225499,0.4741803171732988
0,0.34913448366621114,0.47258612003019573
0,0.3696044875605448,0.4713917143838867
0,0.3232124897775095,0.47265812893409875
0,0.33410033515654625,0.47113656663632575
0,0.3346683241268408,0.46938223072173607
0,0.3441289998335995,0.4846547392561183
0,0.32429212080466085,0.48904028097948243
0,0.3481745107492399,0.4902578868460153
0,0.37261452595492545,0.48701658926712377
0,0.41521546149933347,0.48807332403913894
0,0.3797599390492844,0.48908661595160124
0,0.389354789536385,0.47179761811088833
0,0.3650076051257687,0.4725683572242492
0,0.4913839242191813,0.47194803288032405
0,0.33793162120569176,0.4704173381614006
0,0.3310385428802156,0.46680626522809643
0,0.336726343987312,0.467147649666763
0,0.3526388653047394,0.4687663485666693
0,0.32853907227489804,0.46924792866573134
0,0.4029336776197452,0.472818077563953
0,0.37024263781425476,0.47702169431585373
0,0.36643210945310384,0.5023585951179902
0,0.3232124897775095,0.5032635130638001
0,0.35172118266258273,0.5009510097195125
0,0.3261047062918903,0.499615782232254
0,0.3849815164662632,0.5173841894758662
0,0.4293622575095853,0.5173464129611011
0,0.38038827267253683,0.5171174800646821
0,0.35711487291498345,0.501137680192329
0,0.38713205750874063,0.49930594065258443
0,0.49155018415918234,0.5001054170206395
0,0.3455003920148989,0.49930594065258443
0,0.33508698229923906,0.49930594065258443
0,0.36881405984377075,0.49990386705179807
0,0.336726343987312,0.4992365418505701
0,0.32853907227489804,0.5027275351829325
0,0.40064016792418133,0.4747581747432748
0,0.3697071921414482,0.4746082500342282
0,0.34897778475954255,0.4713917143838867
0,0.3232124897775095,0.47232410003581654
0,0.33410033515654625,0.4706932663820171
0,0.3346683241268408,0.46938223072173607
0,0.3441289998335995,0.48531764375579944
0,0.32429212080466085,0.4874835696865957
0,0.3492505930299762,0.49109456109058464
0,0.3818767064899014,0.48879365437454947
0,0.4211648537071128,0.4880247922662191
0,0.377412770432475,0.491307268476232
0,0.3711082945301392,0.47222389054144387
0,0.3690727499701945,0.47271468081347284
0,0.491217720514268,0.4690874651901507
0,0.3407989386100508,0.47199371816008423
0,0.3327013446260061,0.4717607334519063
0,0.3362360038178405,0.465502270555428
0,0.32853907227489804,0.4683969202962918
0,0.3910155159625554,0.46924792866573134
0,0.4066176827618119,0.472818077563953
0,0.3704366490780057,0.47702169431585373
0,0.3232124897775095,0.4742750725731936
0,0.3408351488306556,0.4737980487421801
0,0.3261047062918903,0.47295266097341876
0,0.3759680733380179,0.4736111460529095
0,0.40670951425456947,0.4977710471533894
0,0.3782738448575849,0.500164557707115
0,0.40874971319397213,0.477564811906569
0,0.3354586253838937,0.4899900454783085
0,0.49180377829665234,0.4899900454783085
0,0.3432221313609798,0.4899900454783085
0,0.37108263579843653,0.47654308570313064
0,0.33963019739436084,0.4752933446503256
0,0.38738908915604264,0.47532155885760985
0,0.32853907227489804,0.4759923027920291
0,0.42003528287157044,0.4741305744794308
0,0.3704366490780057,0.4739808479613622
0,0.34897778475954255,0.4730037681909221
0,0.3232124897775095,0.472577992456417
0,0.4056046087560025,0.47133381369623945
0,0.33410033515654625,0.4777846867988528
0,0.3346683241268408,0.49382375925846517
0,0.3441289998335995,0.505645187701733
0,0.32429212080466085,0.5073879708579431
0,0.33869513305112936,0.5084792114850692
0,0.3909304274081459,0.5077415084337772
0,0.3893872304573396,0.5064214008404022
0,0.3785822058477884,0.5083235019730693
0,0.4175846462051966,0.48652931061424964
0,0.37082726161149643,0.48674461672559544
0,0.49155018415918234,0.48899760286613403
0,0.34364330884265687,0.487733074612986
0,0.33127289134330795,0.4784899228713607
0,0.33963019739436084,0.48032926255420944
0,0.3845674956805095,0.4693875366105208
0,0.32853907227489804,0.47001759077690974
0,0.4258582223935463,0.4742656969715941
0,0.3697071921414482,0.47821816701957737
0,0.3232124897775095,0.47584357835980295
0,0.34076325755124276,0.4755797523047355
0,0.32667032746859515,0.47402750838397706
0,0.39864441357092606,0.4740196870811971
0,0.39293494082179814,0.49899221595372956
0,0.3817961212508607,0.5007238592672839
0,0.4184556592531313,0.4786901501474
0,0.386813242303575,0.47885211514405523
0,0.4924168745198801,0.47885211514405523
0,0.3527393733361225,0.4786519896160587
0,0.3343942080382225,0.47877617998891
0,0.3763808939628083,0.47756192039833584
0,0.34018415714082323,0.4777518621236053
0,0.32853907227489804,0.47778888126022984
0,0.42689088260392255,0.476836940756631
0,0.3706641865927863,0.47639300033480253
0,0.34897778475954255,0.4741641760681205
0,0.36581194477001033,0.4994803868678934
0,0.3233023030899085,0.49812148213145
0,0.33410033515654625,0.5040019974212215
0,0.3346683241268408,0.5260848823862422
0,0.3441289998335995,0.5316791722164528
0,0.32429212080466085,0.5336833522586343
0,0.3414660903131984,0.5367440664969604
0,0.40714664048374066,0.5361967742933905
0,0.3852041031528934,0.5361967742933905
0,0.38017719592842386,0.5361967742933905
0,0.4118968133412255,0.5187657207040861
0,0.37425428956131007,0.5159799487033955
0,0.4922503214340477,0.5187657207040861
0,0.3496485667465264,0.5148335773830935
0,0.33265701394438685,0.511988365283747
0,0.33872164202388705,0.46853654286694
0,0.3554504276305318,0.4699995419631716
0,0.32853907227489804,0.4705278549191536
0,0.4250396505592408,0.47507293931074357
0,0.3766033850585628,0.47870374718170494
0,0.3232124897775095,0.4762035988576682
0,0.3501872073364999,0.4759395731933343
0,0.32667032746859515,0.4733013013832359
0,0.41860484326247016,0.47231707850928667
0,0.37512361033008673,0.4970858321112411
0,0.3830344346761437,0.4995777478812631
0,0.4221192887553784,0.4770509927774906
0,0.33566301502607404,0.49101086882283174
0,0.4960407378605504,0.49101086882283174
0,0.3521434097022094,0.4770509927774906
0,0.37190759587261124,0.4771321492056319
0,0.33963019739436084,0.4761113486625601
0,0.3399024574154608,0.47603036586456726
0,0.32853907227489804,0.47717028630017577
0,0.4325287286793966,0.47554518502540793
0,0.3766033850585628,0.4751024472423333
0,0.34897778475954255,0.47235264695996515
0,0.3232124897775095,0.4721119685155271
0,0.33410033515654625,0.47166246935595185
0,0.3346683241268408,0.46984957572954333
0,0.3441289998335995,0.48562533480211556
0,0.32429212080466085,0.4892526855209564
0,0.3462878497560558,0.4910084479058222
0,0.41481364877140253,0.4906340899333597
0,0.36970009071346666,0.4911443507295726
0,0.38384395695635715,0.4874882137469447
0,0.397889591271386,0.49678770057627575
0,0.40812187772615277,0.518320085318979
0,0.34247546764593917,0.5051317128296203
0,0.3719011059903382,0.5091015750481712
0,0.4913800526978006,0.5081008461103548
0,0.35081186448417173,0.5047147745457531
0,0.33147473068384725,0.5036530914500019
0,0.33963019739436084,0.49228684945074586
0,0.3287944810797399,0.4836317575921986
0,0.42806069084075565,0.48416735427757224
0,0.43412522280552707,0.4844299626037203
0,0.3766033850585628,0.48416735427757224
0,0.3232124897775095,0.48115181860692896
0,0.34888052905120487,0.47865995816238255
0,0.32667032746859515,0.483477554805323
0,0.445559570998091,0.4752812043487476
0,0.38691520266273494,0.4982636223027764
0,0.36476680056848393,0.502450152748583
0,0.3404568612363707,0.4775429320897889
0,0.4289752809940268,0.4923886482076492
0,0.4931343174379921,0.4923886482076492
0,0.3557036111299804,0.4911318034967259
0,0.3345979491477256,0.4905447375076126
0,0.36829028046950685,0.4934422957137391
0,0.4189155184281227,0.478359675987349
0,0.3287944810797399,0.47865318031250514
0,0.43792849378207116,0.4782173333659621
0,0.381417478657674,0.47954484289416516
0,0.349095861527414,0.4765968598933752
0,0.3233023030899085,0.475498457559386
0,0.33410033515654625,0.4734925989692069
0,0.3346683241268408,0.4717720513320239
0,0.3441289998335995,0.4895917384036087
0,0.32429212080466085,0.49357980898004955
0,0.3468777626970812,0.4941703192897811
0,0.4364610268689917,0.4945881326996511
0,0.3791662301288058,0.49431102707563884
0,0.36051741909075674,0.4901084721306892
0,0.3399243022565684,0.48418215462239916
0,0.3708440460735798,0.4671199838585715
0,0.49053385920488995,0.47098937039193783
0,0.35430027260727875,0.47152149897448364
0,0.33285969660896597,0.47138077439383175
0,0.4148502720397539,0.4706090956452923
0,0.32914682508248533,0.47358695650275207
0,0.4463019772504367,0.47434914416105245
0,0.4534983182948836,0.47728753262287155
0,0.36429619781586314,0.48213218949057035
0,0.36643210945310384,0.5112107827712007
0,0.3232124897775095,0.510109355084993
0,0.3529410784557767,0.5051294635391198
0,0.32667032746859515,0.5045323631051185
0,0.44919870215926294,0.5247109252663975
0,0.3790072752704397,0.52769118566443
0,0.3656119414271081,0.5275482191943562
0,0.34295128774583883,0.5213045076522899
0,0.37106243269345585,0.5214808912332184
0,0.49011929862878195,0.5206534070372961
0,0.36675481922555575,0.5206534070372961
0,0.3349288385609949,0.5068691050373711
0,0.41984474984781933,0.5087932366255881
0,0.32914682508248533,0.5066038174941087
0,0.44680101193682664,0.5087332754406445
0,0.45564779132367345,0.48159537463941177
0,0.36429619781586314,0.4829322614562749
0,0.3487291050760114,0.4799634544335281
0,0.3232124897775095,0.48015871738246746
0,0.33410033515654625,0.47223893884184087
0,0.3346683241268408,0.4696062801570645
0,0.3441289998335995,0.48616400871672466
0,0.32429212080466085,0.4959462020231759
0,0.3548841044229934,0.4963206673644124
0,0.42406866208930366,0.4967402988605298
0,0.36095147633482844,0.4964619874304993
0,0.36032062087151767,0.49224114535744495
0,0.342437312363412,0.4681843670029076
0,0.3706286270844324,0.46822636975817716
0,0.49424428701174794,0.4724424378527112
0,0.36416018636407255,0.47304307697453146
0,0.3310290775103933,0.478659382834558
0,0.34223583261740487,0.4726557903589844
0,0.32914682508248533,0.4756466020330167
0,0.4301649490274331,0.4771749237926835
0,0.4430482872627413,0.48024100332866376
0,0.36429619781586314,0.4854439727530655
0,0.3232124897775095,0.4817879910780129
0,0.3993045390774082,0.4814662599802333
0,0.32667032746859515,0.47922822914427793
0,0.42596903983386014,0.4789896608627036
0,0.37494121727853763,0.5036429002171499
0,0.3643012598986064,0.507874628646026
0,0.34295128774583883,0.4832865176257691
0,0.3301644215617141,0.49444193671783493
0,0.4894721674058579,0.49444193671783493
0,0.36981769748931187,0.49388575135816926
0,0.3345979491477256,0.49388575135816926
0,0.37211389222154334,0.48208672825913207
0,0.34223583261740487,0.48239380600786314
0,0.4323314723505903,0.4819523100849178
0,0.44527969744576473,0.48279394115378244
0,0.36429619781586314,0.4832591173761354
0,0.34861115235835416,0.4806470882024726
0,0.3232124897775095,0.48015871738246746
0,0.43189607265871116,0.478087075334586
0,0.33460066737325267,0.48337326860646335
0,0.3346373941475858,0.5013071786147945
0,0.3441289998335995,0.5091856081079201
0,0.32367930172489423,0.5113429723003976
0,0.4020678613457133,0.5108230112877195
0,0.4242214832473725,0.5099109895048103
0,0.36704782661029134,0.5102511481492455
0,0.3565726000753233,0.5106579444253656
0,0.34622402233800165,0.4880928853050952
0,0.36485128853652304,0.4911002279043945
0,0.4899289355571766,0.49284849574634626
0,0.3672122783641055,0.4922816940753175
0,0.33285969660896597,0.48463309129016974
0,0.34177571161644366,0.48569439524000263
0,0.3306554767529906,0.47570133743608145
0,0.4236021647646248,0.47714144665332187
0,0.4406360272468571,0.48140242306514824
0,0.36429619781586314,0.48540991548241325
0,0.3232124897775095,0.48175419029990024
0,0.41588441701395507,0.48143248177379466
0,0.327085876761652,0.47919460795126656
0,0.44448803030400946,0.48077024809861474
0,0.36954031147729094,0.5058572732971496
0,0.3610626014522092,0.5104586686544674
0,0.35345310371677185,0.4964659433467623
0,0.33566301502607404,0.5020307695159105
0,0.48996330989075826,0.5020307695159105
0,0.35723040335131445,0.4964659433467623
0,0.3769919707305044,0.4964235439763232
0,0.34223583261740487,0.4845973112520426
0,0.32914682508248533,0.4845973112520426
0,0.4163610900624735,0.48415379863947694
0,0.43003485501551414,0.4846226700008804
0,0.36407362417391764,0.4850896082196138
0,0.3487291050760114,0.48246768519126015
0,0.36581194477001033,0.5109328746176124
0,0.3232124897775095,0.5074547495982862
0,0.33460066737325267,0.5108531177201117
0,0.3346373941475858,0.5342863075681056
0,0.3441289998335995,0.537728994954978
0,0.32429212080466085,0.5387798513967716
0,0.3837658056716703,0.5399737735666879
0,0.41818039790359046,0.5419421660111011
0,0.35510756375431374,0.5419421660111011
0,0.3596246248402179,0.5417195808245977
0,0.35345310371677185,0.5245632184493134
0,0.37609871381725707,0.5249024435397276
0,0.4921835672076721,0.5245632184493134
0,0.3495526882454027,0.5222463390411396
0,0.3321296620177852,0.5196741221700758
0,0.34223583261740487,0.4748982278559022
0,0.32914682508248533,0.47790322894299336
0,0.4050772574631379,0.47927292478751893
0,0.4165335325384325,0.483880211762209
0,0.3610223029557066,0.4875783303795684
0,0.3232124897775095,0.4851105921509474
0,0.3851408982364046,0.48636217820004535
0,0.327085876761652,0.48289957701269853
0,0.41959685688785464,0.48347964286761397
0,0.36139924838947596,0.5078447724940272
0,0.36139200358233753,0.5125809298102848
0,0.35444265445865836,0.49969203120124395
0,0.33081213020860234,0.5027167430080298
0,0.49273536392948925,0.5027167430080298
0,0.3525627460459836,0.5021512495258711
0,0.3345979491477256,0.5017561041021327
0,0.3777509062761475,0.4976162239800504
0,0.34223583261740487,0.48574097706364555
0,0.3927637966719355,0.485296417746527
0,0.4013513916558362,0.48647291821309013
0,0.35661055869275304,0.48661229254127836
0,0.3487291050760114,0.48398213936117496
0,0.3232124897775095,0.48451832496975644
0,0.33460066737325267,0.481774755328455
0,0.3346373941475858,0.47986978624000604
0,0.3441289998335995,0.4970526133672077
0,0.32429212080466085,0.49704949595525655
0,0.38662539368619203,0.4968692408240494
0,0.4205695654418528,0.4975292288181695
0,0.3478734887849319,0.4974208041633982
0,0.3578048255165207,0.4932928367162546
0,0.4132798947836513,0.49792377093959156
0,0.42242629228246614,0.5181458795137304
0,0.3711082945301392,0.5056708029973992
0,0.33397384291369936,0.5056708029973992
0,0.4899289355571766,0.5049979535222892
0,0.3519783331603557,0.5045671388313556
0,0.3764615315996229,0.5065885569298807
0,0.3424664341834031,0.49905854630020857
0,0.3306924125446038,0.49147627938346017
0,0.38594317863235206,0.4921271470826533
0,0.39490327790616364,0.4902403266211031
0,0.35661055869275304,0.4899745685104936
0,0.3232124897775095,0.48465982712155664
0,0.38907130082914226,0.47484553691382714
0,0.327085876761652,0.48569277324387583
0,0.43036149092322407,0.48463626763623335
0,0.3576397607265112,0.5058920261938946
0,0.3705191150880184,0.5097976135187362
0,0.3859773977047616,0.48192880552724104
0,0.35010056292909864,0.49414745127688564
0,0.49439760771738117,0.48192880552724104
0,0.3353797418499402,0.48192880552724104
0,0.3762230278623466,0.4800284010981458
0,0.34062362090185666,0.48622523821857155
0,0.32918359235052136,0.48521156863752307
0,0.3857863858452865,0.4847674938449959
0,0.39299740781272596,0.48572966653656163
0,0.35661055869275304,0.4857044896222756
0,0.3496381735244177,0.48321898698534915
0,0.3232124897775095,0.4837543271261172
0,0.33460066737325267,0.47641836658243614
0,0.3346373941475858,0.4734795791538762
0,0.3441289998335995,0.4889740576622381
0,0.32429212080466085,0.4991273668161789
0,0.3871489187170337,0.49150410228205443
0,0.3869069575233174,0.4858513782598763
0,0.3558408988480995,0.48784079273306064
0,0.3583724633142607,0.48733441968120517
0,0.4071469750345587,0.46863908155313494
0,0.49618443127086137,0.46845592764825245
0,0.34252769757867824,0.46902930027722256
0,0.3310290775103933,0.4678910468035104
0,0.3622134165666216,0.47347860505862277
0,0.34062362090185666,0.4695492678997134
0,0.32918359235052136,0.47252042251288584
0,0.38021252167714004,0.47969458706762663
0,0.38733692661240826,0.4782953282709104
0,0.35661055869275304,0.48786617112797
0,0.36643210945310384,0.5156594358848327
0,0.3232124897775095,0.5147274184405102
0,0.38800733852672825,0.5095420552349285
0,0.327085876761652,0.5084666817412551
0,0.3947101444945292,0.5267013514982399
0,0.3679653398344076,0.5282764240348279
0,0.37124070747379884,0.5281612987606087
0,0.4071469750345587,0.5109758763888523
0,0.36238547204251137,0.5109758763888523
0,0.4952725650455467,0.5095142885614997
0,0.3440269575117452,0.5095500370402045
0,0.3342753195959891,0.5110117274153021
0,0.3408097000146596,0.5112665434887946
0,0.32918359235052136,0.5078761697236217
0,0.3789652139215731,0.5108823263379197
0,0.3793693661169973,0.48523695953016033
0,0.35661055869275304,0.4857044896222756
0,0.3496381735244177,0.48321898698534915
0,0.3232124897775095,0.4837543271261172
0,0.33460066737325267,0.4749004600789409
0,0.3346373941475858,0.4728809674577246
0,0.3441289998335995,0.48762925893866177
0,0.32429212080466085,0.49858891478517825
0,0.3871489187170337,0.49108056472068073
0,0.38167597078915183,0.4899145383475754
0,0.36806837488507177,0.4904702475713981
0,0.38721341127295733,0.48998853967996125
0,0.37710047189459917,0.47010251985633694
0,0.3584418279474077,0.47148302219077665
0,0.4918881218668143,0.4678910468035104
0,0.34151720937816676,0.473851657754716
0,0.33285969660896597,0.4731784436065778
0,0.34062362090185666,0.4747733515041035
0,0.32918359235052136,0.47870564341753347
0,0.37796300525569493,0.48062639188350637
0,0.3768386123265285,0.4849184896106712
0,0.35661055869275304,0.4888138492131883
0,0.3232124897775095,0.4803378587002679
0,0.40494573558527397,0.47818686438411934
0,0.327085876761652,0.48161941309751266
0,0.39089589510027317,0.481758752904646
0,0.3818530083918469,0.5059124996691734
0,0.3750074457923165,0.509240909719745
0,0.35829491124228713,0.48611455458705344
0,0.49741022489800624,0.48611455458705344
0,0.34221867966426345,0.48611455458705344
0,0.3349288385609949,0.48611455458705344
0,0.35716272992533854,0.4845312113562767
0,0.34062362090185666,0.4862302992405713
0,0.32918359235052136,0.4852166191084373
0,0.3809607083131259,0.48439106966682444
0,0.3816705557278312,0.4795391453716921
0,0.35661055869275304,0.48141265842242914
0,0.3496381735244177,0.47894911843561705
0,0.3232124897775095,0.4738286886327517
0,0.40477284976171796,0.4712541426003535
0,0.33460066737325267,0.47660716329549924
0,0.3346373941475858,0.49594019573779163
0,0.3441289998335995,0.5068589443197696
0,0.32429212080466085,0.5103749428974361
0,0.38286260612911316,0.5101960006187948
0,0.3694390122970316,0.5108153972576908
0,0.3766039162416362,0.5108153972576908
0,0.379882784380384,0.5099192152315938
0,0.35829491124228713,0.4915615582337899
0,0.35564408930971675,0.49161365492978537
0,0.4994314699892292,0.4919151663231955
0,0.3399591701243506,0.4901291240092386
0,0.3310290775103933,0.47992420840298755
0,0.34062362090185666,0.48517825880168797
0,0.32918359235052136,0.4775469257763788
0,0.3867480662146655,0.48469175647079354
0,0.3857156033003101,0.4832779210383707
0,0.35661055869275304,0.49294846717409396
0,0.3232124897775095,0.48360672892462503
0,0.3774557201125957,0.4831683272401088
0,0.327085876761652,0.4850602091665009
0,0.36010901142027607,0.4844908268415232
0,0.38844781433752223,0.5072591434894875
0,0.3758996974915325,0.5105964131409366
0,0.3585209643986708,0.4831308403029476
0,0.35562115283789697,0.4831308403029476
0,0.4948995796593437,0.4831308403029476
0,0.34142250419663006,0.48193143741511724
0,0.3345979491477256,0.48193143741511724
0,0.34062362090185666,0.4893677277836942
0,0.32918359235052136,0.4826131675812496
0,0.3847460212774016,0.48217147089444895
0,0.3821926843445223,0.4840284253068099
0,0.35661055869275304,0.4888436135722443
0,0.3496381735244177,0.48634204705075024
0,0.36581194477001033,0.5129556012822233
0,0.3233023030899085,0.5052448018222122
0,0.33460066737325267,0.5036163829706167
0,0.3346373941475858,0.5251564045858431
0,0.3441289998335995,0.5313021598163193
0,0.32429212080466085,0.5344047756340645
0,0.3674437461117371,0.5382420459165226
0,0.36515566076027683,0.5350640118446981
0,0.37921495564886953,0.5336107506654095
0,0.3812520235692269,0.5347664689365392
0,0.3596441550964877,0.5211312772228536
0,0.49730858293010677,0.5216347999679589
0,0.34074256458841207,0.5216871088385101
0,0.33358933743796604,0.5195586659839369
0,0.34952232676055395,0.5180397337334738
0,0.33931967302343746,0.47238733139646777
0,0.32918359235052136,0.4762998611906783
0,0.3772798353013528,0.4780525453285905
0,0.37614715301495116,0.47738390040488066
0,0.35552831217856784,0.48230735466319985
0,0.3232124897775095,0.4780679012744037
0,0.36800887569216073,0.47592707202318285
0,0.327085876761652,0.4719272215113926
0,0.40537344217100546,0.47169228780044403
0,0.36621700005284186,0.4939293787457264
0,0.38234633005897295,0.4981067085345082
0,0.36112907453409426,0.4759570739582296
0,0.4896153888726349,0.4759570739582296
0,0.3472114740458517,0.4759570739582296
0,0.3349288385609949,0.4759570739582296
0,0.35072281914597697,0.47440681506538024
0,0.336726343987312,0.4771473736174845
0,0.32918359235052136,0.47507790105757763
0,0.38475868407848696,0.4746431007890292
0,0.3820135776628139,0.4768413311747616
0,0.35142912704032975,0.47700674536112864
0,0.3496381735244177,0.4745657518171967
0,0.3232124897775095,0.4744044270410758
0,0.33460066737325267,0.4708726252103061
0,0.3346373941475858,0.4678908849706335
0,0.3441289998335995,0.4834364551025043
0,0.32429212080466085,0.48878823331596266
0,0.36053597060238823,0.4905023721211732
0,0.38986373885458814,0.4921003219132227
0,0.3606648388906633,0.4921003219132227
0,0.3784013121576124,0.4923215816849977
0,0.4140543844518348,0.5010102658598571
0,0.42811116362652085,0.520091720016773
0,0.3873365115337382,0.5132561226022558
0,0.34790807117770056,0.5144702660599405
0,0.4927527296299544,0.5136119271579769
0,0.34277318482322966,0.5094255970150715
0,0.3310290775103933,0.5068612788551783
0,0.336726343987312,0.4981649498574634
0,0.3294395022102334,0.48676077274481366
0,0.38925674235756624,0.48479379063530303
0,0.3893011189820966,0.4866271708081855
0,0.35142912704032975,0.4885092057526872
0,0.3232124897775095,0.48353740325603356
0,0.3591237073394739,0.4785791680885203
0,0.327085876761652,0.48343201605693453
0,0.38147569594872205,0.47429507316398595
0,0.3767939574377363,0.4956345040665432
0,0.38592459424917497,0.49979118839594233
0,0.3873365115337382,0.47638105952876564
0,0.3302013025001236,0.48879793758161905
0,0.4909608679001222,0.48879793758161905
0,0.3417784685707234,0.4886914157039776
0,0.3345979491477256,0.4886914157039776
0,0.3612415479881678,0.4760111474552327
0,0.336726343987312,0.476216826107314
0,0.3923225622917578,0.4762482322416853
0,0.39859238925175605,0.4770799023060447
0,0.3513266088767193,0.47861987010440515
0,0.3495199133271366,0.48055060579405995
0,0.3233023030899085,0.4746131224316525
0,0.33460066737325267,0.47246500580040296
0,0.3346373941475858,0.4694731820157796
0,0.3441289998335995,0.4850713236135089
0,0.32429212080466085,0.49044120028352084
0,0.35679340641207313,0.4900978967631678
0,0.3697176210323799,0.49131801315010154
0,0.3717240456200716,0.49131801315010154
0,0.3875279889987194,0.49177887261313635
0,0.39509366426667514,0.47481836385754467
0,0.49642734049419973,0.4763536265456701
0,0.3372338000529235,0.4728844911769879
0,0.33285969660896597,0.4725847063630497
0,0.3436878334512698,0.47148815088297164
0,0.3362736302511129,0.46631997011393483
0,0.3306924125446038,0.47050654340305115
0,0.3923225622917578,0.47250306716967083
0,0.3979155681900402,0.4760061390187764
0,0.3513266088767193,0.4821122580566935
0,0.36643210945310384,0.5098647584427886
0,0.3232124897775095,0.5096923038554868
0,0.3527132950937485,0.501910127252415
0,0.327085876761652,0.5006611931715562
0,0.38723766400696275,0.5184466470492725
0,0.3905405668743515,0.5249954123069193
0,0.37518549179864635,0.52412560131276
0,0.3975310978230519,0.5035418655858296
0,0.48999906694439765,0.5035418655858296
0,0.33809467368319107,0.5035418655858296
0,0.3349288385609949,0.5035418655858296
0,0.345514798810567,0.5086727216298191
0,0.336726343987312,0.5074706459042082
0,0.32918359235052136,0.5050601346865798
0,0.4012434732922402,0.5042555392867898
0,0.4068629568734458,0.4774811465063562
0,0.3513266088767193,0.47861987010440515
0,0.3496381735244177,0.47617062169380264
0,0.3232124897775095,0.4746131224316525
0,0.33460066737325267,0.47246500580040296
0,0.3346373941475858,0.4694731820157796
0,0.3441289998335995,0.4850713236135089
0,0.32429212080466085,0.49044120028352084
0,0.34827539103192956,0.4893144185740493
0,0.36393683091334444,0.4926729848316459
0,0.37118655613464535,0.49320504794302905
0,0.36244992489200384,0.4932795463051521
0,0.3971129519487029,0.47481836385754467
0,0.34787983686971935,0.47589394067757096
0,0.4924194526344133,0.4725847063630497
0,0.33156052031813554,0.47318552635776845
0,0.3312172646175696,0.47148815088297164
0,0.336726343987312,0.46631997011393483
0,0.32918359235052136,0.47050654340305115
0,0.40034441930433107,0.47250306716967083
0,0.40833391014236375,0.4760061390187764
0,0.3513266088767193,0.4821122580566935
0,0.3233023030899085,0.4781504975838741
0,0.3421315998244696,0.47573455628441486
0,0.327085876761652,0.47352316849840925
0,0.3754400787835266,0.47328744029684644
0,0.3778569926133399,0.49559973185925044
0,0.3666919564770971,0.4993979001165526
0,0.3987458819805547,0.4775666489594348
0,0.3462519638127944,0.47638105952876564
0,0.4891520634210009,0.47638105952876564
0,0.3385382468875148,0.47638105952876564
0,0.3345979491477256,0.4760111474552327
0,0.336726343987312,0.47876097393248435
0,0.32918359235052136,0.476216826107314
0,0.40007364336089274,0.4757809834730474
0,0.40810684037793554,0.4748339932651461
0,0.3513266088767193,0.4771509612445059
0,0.3495199133271366,0.473517714139182
0,0.3232124897775095,0.4719688922321029
0,0.3911553357265842,0.46971436899698044
0,0.33460066737325267,0.4748157738113767
0,0.3346373941475858,0.492081044237598
0,0.3441289998335995,0.5060200062054301
0,0.32429212080466085,0.5074643144947013
0,0.33902022152253536,0.5090133977617176
0,0.3602421151420249,0.5072931452377667
0,0.3736435720378652,0.5059684208335562
0,0.3718662995874697,0.5072931452377667
0,0.4036982359798313,0.4913843291895506
0,0.49184404117605823,0.4918591101078132
0,0.3316267408004687,0.49216077204125
0,0.33285969660896597,0.4907531724733299
0,0.34574090761726617,0.4795509286427684
0,0.33668866689885396,0.47834016670801516
0,0.32918359235052136,0.4677202532176199
0,0.38926120717154655,0.46959718458653044
0,0.39752713596379124,0.4730787126273921
0,0.3513266088767193,0.4791472791789958
0,0.3232124897775095,0.4752098834385062
0,0.34147862960420533,0.4728088001203634
0,0.327085876761652,0.46974043133770477
0,0.3737077163112153,0.46996767314018484
0,0.3951511093324442,0.4914997346820948
0,0.38303512892481323,0.49565651613955664
0,0.42008951305310005,0.4726722754738939
0,0.48854128980234257,0.4726722754738939
0,0.3319888018964826,0.4726722754738939
0,0.3349288385609949,0.4726722754738939
0,0.3448188250613745,0.4726722754738939
0,0.33963019739436084,0.4754028139184439
0,0.32918359235052136,0.4728765114398274
0,0.3931926482795293,0.4712966206324486
0,0.40171903544014,0.47141007886496616
0,0.3513266088767193,0.4741087499990971
0,0.3496381735244177,0.47101170302647083
0,0.36581194477001033,0.49977724251362965
0,0.3232124897775095,0.49639316416022305
0,0.33460066737325267,0.49900698945516514
0,0.3346373941475858,0.5188629354204348
0,0.3441289998335995,0.5257531052999679
0,0.32429212080466085,0.5287609224137434
0,0.33852512668134616,0.5294756675916077
0,0.3684512515284839,0.5292978234186395
0,0.37486082894531336,0.5292978234186395
0,0.37321696648525526,0.5294756675916077
0,0.43391991255590434,0.5172969163164208
0,0.3427625559161299,0.5173487901895478
0,0.4913372526883213,0.5190520395466843
0,0.3311122647779261,0.5169915384803562
0,0.3312172646175696,0.5089291380646597
0,0.33963019739436084,0.4619080171542053
0,0.32918359235052136,0.4660549803781349
0,0.3912198340160636,0.4671771964993309
0,0.39868216442770377,0.4707047284888988
0,0.3484736181616892,0.4753450607764052
0,0.3232124897775095,0.4728252047463014
0,0.34147862960420533,0.47043617044571173
0,0.327085876761652,0.4677900103919074
0,0.381899458739733,0.46801630865803895
0,0.37832652281324297,0.48945896639087516
0,0.3757781960550579,0.49272410753785584
0,0.4251111994688468,0.4710424241861506
0,0.3404599287944835,0.48611435256509866
0,0.48829111937090974,0.4852388819164888
0,0.33652422972479057,0.4705802828535913
0,0.3345979491477256,0.4706766575874009
0,0.33963019739436084,0.4717508086613136
0,0.32918359235052136,0.47078298919327827
0,0.38074645674216795,0.47035211970919233
0,0.3903578875999773,0.47129446153877386
0,0.3484736181616892,0.47067198006795863
0,0.3496381735244177,0.46949562449998516
0,0.3232124897775095,0.46746310009596254
0,0.33460066737325267,0.46620265520692106
0,0.3346373941475858,0.4632713374553079
0,0.3441289998335995,0.4775686292597319
0,0.32367930172489423,0.48176051521592034
0,0.3495274288944611,0.4827333453691765
0,0.38111035126376347,0.4826218087167675
0,0.35741288098980034,0.48229538384538717
0,0.36830962618083585,0.48532447054668176
0,0.417940342894314,0.49710470390446326
0,0.4464692343093294,0.5175960770216338
0,0.3954246255413718,0.5074676602393624
0,0.49521842003543315,0.5101662857242381
0,0.338700780396837,0.507965780677829
0,0.33285969660896597,0.5042222460499456
0,0.33867922501241876,0.5023387619418525
0,0.33854696529308076,0.4908674161386943
0,0.32918359235052136,0.4788008271230823
0,0.3778222603762941,0.4788898774685982
0,0.38300412767884995,0.48026739046811934
0,0.3484736181616892,0.48156112169748555
0,0.3233023030899085,0.478946849208816
0,0.3648024313475156,0.47385646463052294
0,0.327085876761652,0.4792264287552937
0,0.39838324350333737,0.4701470432346899
0,0.363778679705923,0.48954984747574437
0,0.3781513299617473,0.4930916207437991
0,0.3784680343197532,0.4737983176987564
0,0.4883742907486746,0.4737983176987564
0,0.344818058838299,0.4737983176987564
0,0.3349288385609949,0.4737983176987564
0,0.37821469522181134,0.4723207990866764
0,0.33854696529308076,0.47396128861810777
0,0.32918359235052136,0.4729608584971426
0,0.36972245038982776,0.47252799578593313
0,0.37673320157139567,0.4717764059931572
0,0.3484736181616892,0.47251021349430894
0,0.3495199133271366,0.4713292636096609
0,0.3232124897775095,0.4692888010779026
0,0.33460066737325267,0.46655626180021814
0,0.3346373941475858,0.46361949022161963
0,0.3441289998335995,0.47887469736387106
0,0.32429212080466085,0.48315644443501293
0,0.3877184452051564,0.482744415729233
0,0.38570113910294107,0.48605788666768646
0,0.3672474616454879,0.48658280579143565
0,0.3918893583895852,0.48548911557163255
0,0.37939161414838707,0.4701477197181917
0,0.4878875464771289,0.46938269489239137
0,0.36032739298341504,0.4674432393160607
0,0.3310290775103933,0.4672893105839121
0,0.33946692849522375,0.46693734001954196
0,0.33854696529308076,0.46172921864990457
0,0.32918359235052136,0.46602803934682535
0,0.3664705445198666,0.4666666531182729
0,0.3724958354464424,0.4718375570756244
0,0.3679946898253137,0.47648905708835015
0,0.36643210945310384,0.5048897203203334
0,0.3232124897775095,0.5048897203203334
0,0.38825049145480517,0.4974613648111598
0,0.327085876761652,0.49675794844648496
0,0.4107075131221097,0.5140214419424912
0,0.36396234558911356,0.5149627635799517
0,0.3995313015280789,0.5148296511581006
0,0.3793926168090061,0.4996631060773624
0,0.3408340126945835,0.5121326148306755
0,0.4909126870721684,0.49855745770373167
0,0.3603713819141166,0.49840362512812647
0,0.3342753195959891,0.49965414651681206
0,0.4165713587222425,0.5001471468990865
0,0.32918359235052136,0.49866646790510444
0,0.3651234426386129,0.4998714114806235
0,0.3709998024007437,0.47239235646183253
0,0.3679946898253137,0.47205219109658797
0,0.35257079251303985,0.47085116386302955
0,0.3232124897775095,0.4688127711043466
0,0.33460066737325267,0.46598143191955366
0,0.3346373941475858,0.4630482786485298
0,0.3441289998335995,0.47814691186046226
0,0.32429212080466085,0.48252730694920426
0,0.38290557465483166,0.4828402617521645
0,0.3878525289673756,0.4833899713235778
0,0.36473312286019405,0.48308772638116765
0,0.3955252232527953,0.48501640102107985
0,0.36857950358946784,0.46882341820278606
0,0.49538597737857026,0.4683708731376991
0,0.34963208140405355,0.46632620428788785
0,0.33285969660896597,0.46674524691242075
0,0.3438207722968523,0.4661949035843893
0,0.41394378903946166,0.4662524838684609
0,0.32918359235052136,0.4693980105532539
0,0.36907305565429677,0.469316565720554
0,0.3789527963534934,0.47133263530202646
0,0.36537890590989364,0.476277405609114
0,0.3233023030899085,0.47272207034171515
0,0.3885862483891398,0.4697355991562636
0,0.327085876761652,0.4666716836342516
0,0.38638970522800714,0.46646705484326373
0,0.36649380437544654,0.48859453410888376
0,0.40214980382893,0.49148882631573165
0,0.3706791331430598,0.47024411320151094
0,0.4892052720010805,0.47024411320151094
0,0.34663609781818117,0.47024411320151094
0,0.3349288385609949,0.47024411320151094
0,0.34496719517651325,0.46941796663465385
0,0.4183641241178665,0.47120775329390063
0,0.3294395022102334,0.47021313529249786
0,0.3671010881693358,0.4730228217011871
0,0.3765641715873741,0.47471974290229507
0,0.33796381058254465,0.4803243718192875
0,0.3527291047613343,0.47791306389380095
0,0.3232124897775095,0.47132040034617634
0,0.37243783335811015,0.465000695312677
0,0.33460066737325267,0.4704862373164421
0,0.3346373941475858,0.48532333380409587
0,0.3441289998335995,0.5002233855039853
0,0.32429212080466085,0.5023883644054551
0,0.3851178763632047,0.5034107922315681
0,0.3509985352923237,0.5017094741724984
0,0.3666934471813632,0.5017094741724984
0,0.39878208756406636,0.501995161129707
0,0.38242939399586734,0.48622863634756225
0,0.48920105818035187,0.487689625348901
0,0.34443820088010824,0.48841426669183746
0,0.3312172646175696,0.4890220796011338
0,0.3460418978907573,0.4811484245596541
0,0.34152846680834725,0.48141829156942817
0,0.3294395022102334,0.4738565622372258
0,0.37467365714737805,0.4738700368050166
0,0.38082838311007877,0.47879670100923377
0,0.3378699243064207,0.4836384481344786
0,0.3232124897775095,0.47329575825528175
0,0.3810541560489466,0.47245257273777236
0,0.32667032746859515,0.4763465917491604
0,0.3575329125372747,0.4697914198381639
0,0.37673690582681163,0.4915271743651724
0,0.4042498558146654,0.4997548717184232
0,0.38320608729284694,0.472920402137376
0,0.48880580088412,0.472920402137376
0,0.35032720527026195,0.47245641831422913
0,0.3343942080382225,0.472920402137376
0,0.3479983545076938,0.47245641831422913
0,0.34152846680834725,0.48050184787709854
0,0.3294395022102334,0.4787179270125124
0,0.3792781281918208,0.47827979532345544
0,0.38936955530141665,0.47446712369847877
0,0.33796381058254465,0.4791178255142829
0,0.35257079251303985,0.4771244015284318
0,0.36581194477001033,0.5034346795648683
0,0.3232124897775095,0.4964754233895329
0,0.33460066737325267,0.49677012321541547
0,0.3346373941475858,0.5199322305632514
0,0.3441289998335995,0.5250272242947344
0,0.32429212080466085,0.5297271763349032
0,0.3779963800892892,0.5303136029994979
0,0.35119299927056075,0.5276895683555914
0,0.3793214994065993,0.5270636045475662
0,0.38571238259201956,0.5280467167033649
0,0.35123858884600967,0.5144632907636331
0,0.49273635502557284,0.5168120565562936
0,0.34461987119752124,0.5177120645579438
0,0.33265701394438685,0.5142665494152108
0,0.3409142178747975,0.5095253900796044
0,0.3907487106172291,0.4640775039573212
0,0.32914682508248533,0.4677822330467285
0,0.3970859781708477,0.46792234963302093
0,0.40741799502022513,0.46937070432087546
0,0.33796381058254465,0.4741171327184176
0,0.3232124897775095,0.4698151310545053
0,0.38290797719307035,0.46737908060142347
0,0.32667032746859515,0.4656979283562289
0,0.3643990456546836,0.46587106152743263
0,0.3832625959234103,0.4911780820110693
0,0.3950790979916253,0.4945956953373117
0,0.35330107534365135,0.4680704524632684
0,0.48890869470004106,0.4680704524632684
0,0.34829120127051544,0.4680704524632684
0,0.33559935742368074,0.4680704524632684
0,0.3413731790760734,0.4680704524632684
0,0.3930649354595508,0.47369600469977363
0,0.32914682508248533,0.4687047520715847
0,0.3719246320354207,0.46794320587370264
0,0.3772809373673539,0.46962190447032803
0,0.33796381058254465,0.4695867856928852
0,0.35245154039861015,0.468455607042174
0,0.3232124897775095,0.46640656328288504
0,0.33460066737325267,0.4641335581634309
0,0.3346373941475858,0.4608218276857779
0,0.3441289998335995,0.4757855582848048
0,0.32429212080466085,0.4798971790268553
0,0.3753989693933768,0.480866246502239
0,0.35012989165240466,0.47949540164327215
0,0.371293135999979,0.4807261832786584
0,0.380289544161634,0.4819475564642154
0,0.4124782486330079,0.4940417401699385
0,0.44918018844477686,0.5139559084501925
0,0.3972254692568156,0.5051645350275775
0,0.48982887101273076,0.5080055299476153
0,0.35045395755880826,0.5071791634072826
0,0.3318278192365018,0.5044223532886115
0,0.35714776563992556,0.5051661421838204
0,0.3413731790760734,0.49515011115574575
0,0.32914682508248533,0.4846142698164442
0,0.3800623254658176,0.48624389537172796
0,0.3869792181433091,0.4819202940896769
0,0.33796381058254465,0.483223960427615
0,0.3233023030899085,0.48119194841905116
0,0.38948920522555946,0.47185423136511867
0,0.32667032746859515,0.480258751178296
0,0.3618807639790119,0.4708802670109437
0,0.3668996286429103,0.49028677340424326
0,0.39014250120826116,0.5005990821086409
0,0.3969272019362795,0.47293442558874516
0,0.36447026271935096,0.4873022618788955
0,0.49525018638661156,0.486424651857663
0,0.3581915862038441,0.4724704280071422
0,0.3355620396752423,0.47256718984224483
0,0.3413731790760734,0.47937223615751234
0,0.32914682508248533,0.4783887809644934
0,0.39409142752372517,0.4779509505161167
0,0.4028062134390138,0.4796370788188729
0,0.33796381058254465,0.47929169659608833
0,0.35271483037473345,0.4768140497973439
0,0.3232124897775095,0.4702153533786041
0,0.33460066737325267,0.4645818841860202
0,0.3346373941475858,0.46127016885054123
0,0.3441289998335995,0.4750249600245885
0,0.32429212080466085,0.483591940054982
0,0.3852783498920068,0.480866246502239
0,0.36944203013770543,0.4807551412473279
0,0.3738313916871908,0.4807551412473279
0,0.38582716194194805,0.48321373841689974
0,0.3554375147668318,0.46612913660509436
0,0.4965703864659674,0.46583259061818494
0,0.35239652469095956,0.46393635528357646
0,0.33422561803491807,0.463609807945886
0,0.3413343900483476,0.46742902530408453
0,0.3874623168090204,0.46918640717566834
0,0.32914682508248533,0.4727761844705139
0,0.3936123410067447,0.47360086646594923
0,0.4021974307083417,0.4727820637615757
0,0.33796381058254465,0.4834543071565769
0,0.36643210945310384,0.5097146260365908
0,0.3233023030899085,0.5097146260365908
0,0.38863962439484107,0.5038176311113044
0,0.32667032746859515,0.5026964906560121
0,0.37580891853519655,0.5128431140017462
0,0.37228383789291686,0.519967824803336
0,0.3999237964315345,0.5203948136988091
0,0.35879842286637126,0.5130484890389972
0,0.4892395955610688,0.5128112338739619
0,0.3499194129836431,0.49902419146004673
0,0.33559935742368074,0.4996833000219742
0,0.3397650311668635,0.5068367934168263
0,0.40243769837150617,0.5072177506284445
0,0.32914682508248533,0.506055442000508
0,0.3940279585524917,0.5068790599091108
0,0.4019495503661006,0.4740050203267362
0,0.33796381058254465,0.4796012110970652
0,0.35257079251303985,0.47695786172505983
0,0.3232124897775095,0.4703783748972075
0,0.33460066737325267,0.4645818841860202
0,0.3346373941475858,0.46127016885054123
0,0.3441289998335995,0.4757855582848048
0,0.32429212080466085,0.48339352700197796
0,0.3710394454665989,0.480866246502239
0,0.37182880999266094,0.48128385753887076
0,0.3787847944256768,0.48128385753887076
0,0.38899278527269004,0.4825066475983393
0,0.4046915706279123,0.4668236020089279
0,0.4899801475417973,0.46637298732298693
0,0.3503586530106597,0.46388479285939815
0,0.3318278192365018,0.46462755375847037
0,0.36471339600911723,0.46402801015863043
0,0.3404687445890764,0.45969248335965607
0,0.32914682508248533,0.46352910898401584
0,0.38269951293604887,0.46481449137384656
0,0.3871723375422925,0.46882683409502574
0,0.33448485572355297,0.4737804053214124
0,0.3233023030899085,0.47066191786695094
0,0.3651711248624679,0.46737908060142347
0,0.32667032746859515,0.46605657559293
0,0.36825835248454797,0.465824564393268
0,0.38289346093181004,0.48781023042602595
0,0.3956174546504041,0.4916805201076576
0,0.4033669216214188,0.46889422748858767
0,0.36291656822670243,0.4834629348342995
0,0.49189932102804756,0.4831357065371531
0,0.3568609386868274,0.4684341937591515
0,0.3355620396752423,0.4685301289744076
0,0.3404687445890764,0.4696961794664477
0,0.32914682508248533,0.46873257516900213
0,0.37331999780261327,0.4683035822625605
0,0.3800079921112009,0.46995567631840945
0,0.33448485572355297,0.4699205325811871
0,0.35452416938377995,0.46861917810567033
0,0.3232124897775095,0.4665904479834094
0,0.3819192898275548,0.464684730074566
0,0.33460066737325267,0.46898008215584813
0,0.3346373941475858,0.48466317166964046
0,0.3441289998335995,0.49942120377909177
0,0.32429212080466085,0.502334487613335
0,0.36039506816440914,0.5041091095058747
0,0.3473106719034202,0.5014486683348749
0,0.37623615681593175,0.5018606145869131
0,0.37953470303691994,0.5014486683348749
0,0.3612967256233565,0.4871719527229841
0,0.49677300063513025,0.4866265109468441
0,0.34958305678388873,0.4892400360138921
0,0.33422561803491807,0.4868220940062826
0,0.3400109993601264,0.473604115454695
0,0.3741825857167533,0.47379538821097056
0,0.32914682508248533,0.46352910898401584
0,0.37386396083003154,0.46444854980070405
0,0.3805617001875125,0.4694036362503713
0,0.33448485572355297,0.4741503976662377
0,0.3232124897775095,0.4710294748715372
0,0.36222859791331824,0.4677112584193702
0,0.327085876761652,0.466805903642771
0,0.3516727974624493,0.46657351941436337
0,0.3624956909643623,0.48859453410888376
0,0.36858526880117287,0.49137134914692515
0,0.3682597408090257,0.4837651591504519
0,0.48576514724141384,0.4837651591504519
0,0.3483790009143666,0.4833877153769502
0,0.33559935742368074,0.46882301843422647
0,0.3404687445890764,0.46882301843422647
0,0.3566240764539372,0.47045135928926124
0,0.32914682508248533,0.46945833787256647
0,0.3748674370859169,0.4690565230607542
0,0.3802311776240292,0.46860608675995324
0,0.35254686004981783,0.4692409325296669
0,0.35478900766477206,0.4686938186520632
0,0.3653603296962911,0.49611502868270346
0,0.3232124897775095,0.49390620134343155
0,0.33460066737325267,0.4975339247439835
0,0.3346373941475858,0.5172237970427388
0,0.3441289998335995,0.5245772333813233
0,0.32429212080466085,0.5278709347782963
0,0.36174699109946945,0.530587156066023
0,0.3451378733612797,0.5294524383181614
0,0.3466477353506386,0.5278709347782963
0,0.36192819175564245,0.5283191004359445
0,0.36994741198530906,0.515374506847998
0,0.48495975036885136,0.5175160088479297
0,0.3441299581050427,0.5184172427549883
0,0.3322656711935323,0.5149670344588162
0,0.3404687445890764,0.5080748006901099
0,0.3566240764539372,0.460279959393399
0,0.32914682508248533,0.4642743733606372
0,0.3647168230305947,0.46476435444658626
0,0.3714554937749236,0.4701583457207662
0,0.35254686004981783,0.474912739002936
0,0.3233023030899085,0.4717867983732473
0,0.36794256991407326,0.4684632468763815
0,0.327085876761652,0.46677819490900657
0,0.3509474786924803,0.46657351941436337
0,0.3580985811345871,0.48781720104098536
0,0.366681676066723,0.4905091962254052
0,0.35871636746702074,0.48478557207072126
0,0.4880902724107418,0.48582497047328677
0,0.3492852882982527,0.48478557207072126
0,0.33632911779145586,0.4849332181944282
0,0.3721304500905507,0.4691873445551506
0,0.3404687445890764,0.47081695080689984
0,0.32914682508248533,0.46982315770531224
0,0.3561202491486366,0.46939316667713393
0,0.3652920311234983,0.46935951392636266
0,0.35254686004981783,0.47067607312003973
0,0.354644122773025,0.4693726263204096
0,0.3232124897775095,0.46731957148173353
0,0.33460066737325267,0.46464339583820846
0,0.3346373941475858,0.46187488761857654
0,0.3441289998335995,0.476301699715291
0,0.32429212080466085,0.4803910743910718
0,0.3679578201763852,0.48110575205183487
0,0.3431647389067981,0.4803473133157249
0,0.3567593525909669,0.4803473133157249
0,0.3654210307519342,0.48187872967787115
0,0.4124782486330079,0.4945876388874596
0,0.4555041860796728,0.5142872726638626
0,0.37017669905887574,0.505156461831052
0,0.49100367468632533,0.5080975505855614
0,0.343736260016392,0.50761655618121
0,0.3339346367868432,0.5020797775593743
0,0.3385244643045303,0.49923799359277315
0,0.3399386813558469,0.48950033045972136
0,0.327667667462989,0.4780951178195722
0,0.3563328983284585,0.47792995895454893
0,0.36475102574244234,0.4784968983426722
0,0.35254686004981783,0.48085646815358785
0,0.3233023030899085,0.47649763590108796
0,0.37078437236238715,0.4708121779481431
0,0.327085876761652,0.4753408058851244
0,0.34556386772275344,0.46553134416263636
0,0.3712009872284313,0.48534082154199526
0,0.3730803916889189,0.4905895982847171
0,0.3713083093074573,0.48301982554087886
0,0.4878840459657337,0.48301982554087886
0,0.34507228561870273,0.4826429632923688
0,0.33559935742368074,0.46862297601707664
0,0.33657323970630343,0.46825908813090594
0,0.3421612420254809,0.47045135928926124
0,0.32802086714423284,0.46982315770531224
0,0.35691207716366946,0.4690286807343899
0,0.36580924316958335,0.47118413723982816
0,0.3524489226055921,0.47054048646787056
0,0.35466900527024897,0.4693726263204096
0,0.3232124897775095,0.4673406343959003
0,0.33460066737325267,0.4640630640046215
0,0.3346373941475858,0.46187488761857654
0,0.3441289998335995,0.47687281300654843
0,0.32429212080466085,0.4811602647413776
0,0.3670828604429414,0.4813611392007902
0,0.3729345756834189,0.47998888351060676
0,0.3545453356224011,0.4814535798000527
0,0.35916726058344556,0.4826768010701064
0,0.3711416583210108,0.4680822392463497
0,0.48634124599608447,0.4668266918922972
0,0.3462369271528806,0.46569126326562127
0,0.3322656711935323,0.4659003691599954
0,0.33657323970630343,0.4649962764480273
0,0.3416484506714155,0.460279959393399
0,0.32802086714423284,0.4642743733606372
0,0.3593948637744146,0.46476435444658626
0,0.3695816638465919,0.4701583457207662
0,0.35254686004981783,0.474912739002936
0,0.36597972875179074,0.5016435842633019
0,0.3232124897775095,0.5016435842633019
0,0.37167890538848164,0.4953607910621561
0,0.327085876761652,0.49404046366186477
0,0.38865937412115087,0.5108893955854338
0,0.3563553467152127,0.5126657204253442
0,0.3606218901079787,0.5126657204253442
0,0.3707438476866955,0.4967267980211437
0,0.48728593467425235,0.4954399575097961
0,0.3534378156014882,0.49547471850702063
0,0.33632911779145586,0.4954399575097961
0,0.33657323970630343,0.49718737219576853
0,0.3421612420254809,0.501600500965213
0,0.32802086714423284,0.5002847336143682
0,0.36033876816136684,0.5013239643001688
0,0.3700453844703503,0.47118413723982816
0,0.3527267540814475,0.47454750162650694
0,0.354644122773025,0.4736687309970944
0,0.3232124897775095,0.46731957148173353
0,0.3346241435840297,0.4640630640046215
0,0.3346373941475858,0.46187488761857654
0,0.3441289998335995,0.47687281300654843
0,0.32429212080466085,0.4803910743910718
0,0.3683766875347728,0.4815197033026958
0,0.3876110966017761,0.4814535798000527
0,0.35320441463040314,0.4814535798000527
0,0.3514814219768823,0.4815191571469523
0,0.3672845201538744,0.4678923391072822
0,0.4901738607677405,0.4668266918922972
0,0.3491516292502779,0.46579277171485967
0,0.3339346367868432,0.4659003691599954
0,0.3367571061383258,0.46509763340841537
0,0.34542643732547373,0.46482365004607246
0,0.32802086714423284,0.46853433561709396
0,0.36033876816136684,0.47422402938662034
0,0.3705873551662631,0.47285107704919654
0,0.3546769795643425,0.48366890502500043
0,0.3233023030899085,0.4744888563158155
0,0.377556360596373,0.47245257273777236
0,0.327085876761652,0.4763465917491604
0,0.3954751628805124,0.4761377206507432
0,0.35498058525895276,0.49774608673941584
0,0.35509259989313496,0.49964255836627325
0,0.36552312567398243,0.4925404345386656
0,0.486312007569369,0.4925404345386656
0,0.35047287734080596,0.4921561441103492
0,0.33559935742368074,0.4784333317202871
0,0.33657323970630343,0.4784333317202871
0,0.3525195901656448,0.4800950516227194
0,0.32802086714423284,0.47908167445014466
0,0.36163899247415726,0.4786432098525621
0,0.3708120508551249,0.48036029362379357
0,0.3546769795643425,0.4794674977013248
0,0.35356947787105963,0.476761753105173
0,0.3232124897775095,0.47577164076510126
0,0.40616786273396505,0.47460860790949505
0,0.3346241435840297,0.47513068006281656
0,0.3346373941475858,0.49252451037482525
0,0.3441289998335995,0.5009271432048336
0,0.32429212080466085,0.5040550522081771
0,0.3949998201112138,0.502877372829262
0,0.3882723284717677,0.5008443146236033
0,0.3458625316411535,0.5008443146236033
0,0.3504558571452869,0.5003795354711889
0,0.3536094463224582,0.48622863634756225
0,0.3658994139756523,0.486557723304223
0,0.32833829573898693,0.487898397340425
0,0.3767168004626157,0.4864245853581469
0,0.362798760296529,0.47366122030568236
0,0.5138261038293396,0.47325340379709635
0,0.35198015053897846,0.4633559535121796
0,0.3374085644545282,0.470827897498707
0,0.3434335108823793,0.47411582955273984
0,0.3232124897775095,0.4771889073653756
0,0.3547448976374842,0.4767207356971582
0,0.40076826052124065,0.4760844532876237
0,0.327085876761652,0.4754519865049684
0,0.4159373900032246,0.47524350767802587
0,0.35103907227642417,0.49601379864001
0,0.3545806761135243,0.49721419954293894
0,0.36815465953286336,0.4938436057093306
0,0.5364232866644528,0.49356237011621834
0,0.36451231685368474,0.4938436057093306
0,0.34413469667954727,0.49399401054458386
0,0.35844656670917835,0.47906146482068634
0,0.34560906248979917,0.4807253663881597
0,0.32979596307123443,0.4797106587569754
0,0.36981632997455927,0.47927161850107464
0,0.37739788785093314,0.4800709901538242
0,0.3564439554688102,0.47941519969106156
0,0.35341078844562107,0.47714590636351584
0,0.3233023030899085,0.47615499623528473
0,0.3654839495045511,0.5013980188133157
0,0.3346241435840297,0.5053075620176618
0,0.3346373941475858,0.5247687524981646
0,0.3441289998335995,0.5285481606181068
0,0.32429212080466085,0.5305341592555162
0,0.3994371466564373,0.5317234200677285
0,0.407904350018061,0.5317607267807802
0,0.35229760841623337,0.5315808661899829
0,0.34600006147304024,0.528002030044658
0,0.35293854422119497,0.5167031444047313
0,0.5296222893054575,0.5198313649896387
0,0.3580984107572409,0.5207366309989437
0,0.33933871246024566,0.5174460053782428
0,0.34451432510970953,0.5134974327532166
0,0.3860597644686898,0.4693491040463796
0,0.32833829573898693,0.47344933059537514
0,0.36617595495899863,0.4738358375286608
0,0.3750749101159071,0.47802468951730426
0,0.35549936336294935,0.48285862981260685
0,0.3232124897775095,0.4793559528227507
0,0.40254703200324204,0.47532023108700944
0,0.327085876761652,0.473610514698655
0,0.410887179936754,0.47340284333049465
0,0.35531644414893737,0.4948870935850704
0,0.3512296485572389,0.497982792880056
0,0.3510652862930894,0.478134438375513
0,0.5230013929180645,0.478134438375513
0,0.35959802927126844,0.4776653390435895
0,0.34151607525592803,0.4776653390435895
0,0.34697436423676997,0.4776653390435895
0,0.40243769837150617,0.4793243915133175
0,0.32833829573898693,0.4783126410381229
0,0.3664237884299455,0.47787488027444497
0,0.3750749101159071,0.47958920774156005
0,0.35549936336294935,0.4786978449565523
0,0.35257079251303985,0.47714590636351584
0,0.3232124897775095,0.47615499623528473
0,0.33460066737325267,0.47304213792735295
0,0.3346373941475858,0.4709754580038534
0,0.3441289998335995,0.4862967397119444
0,0.32429212080466085,0.4883744992461987
0,0.40081612989466037,0.4877606198330305
0,0.398468034207194,0.48215683656159025
0,0.35810812397116765,0.48215683656159025
0,0.3489183559790738,0.4798158855325487
0,0.41303678071952776,0.49230218305920337
0,0.4569077754036845,0.5115179306059252
0,0.3492278347003065,0.5055506957591286
0,0.5231783506407762,0.5096785274579008
0,0.35777276187304946,0.5096246237773213
0,0.3391395234227581,0.503141113933509
0,0.34697436423676997,0.5043768658613489
0,0.40243769837150617,0.49365939327232905
0,0.32833829573898693,0.48375109547318906
0,0.3590963250988099,0.48475708098920683
0,0.3681680585727499,0.48533211897905293
0,0.35549936336294935,0.4870203616261999
0,0.3232124897775095,0.484869851161565
0,0.3886876542162253,0.48015182226319636
0,0.327085876761652,0.48349450635049396
0,0.4262978601132859,0.47495507222531913
0,0.35806588538272327,0.49485237381382075
0,0.35298330291303526,0.49604996395742434
0,0.40576324175129724,0.49398590717566343
0,0.3598001484188062,0.49411263703801633
0,0.32833829573898693,0.49283063657989534
0,0.3684824800519715,0.4977303130520654
0,0.3548321885133032,0.4947217872956308
0,0.5355456704693222,0.49186820621319705
0,0.35813854716074045,0.4866524136557443
0,0.3474590598954206,0.4795157539655948
0,0.35401984790789187,0.48341073691782843
0,0.35257079251303985,0.477975737541269
0,0.35637127364264504,0.4764684760172573
0,0.32382442504645936,0.4753181486601065
0,0.33460066737325267,0.47304213792735295
0,0.3346373941475858,0.4704297283143858
0,0.3441289998335995,0.48580805743404426
0,0.32429212080466085,0.48615741593105316
0,0.39860078400015186,0.48690372950729377
0,0.379769225861653,0.4810607185326798
0,0.3778425394848863,0.4810607185326798
0,0.3468366068284938,0.48167231449521647
0,0.3562864179818174,0.46496765129786866
0,0.5479066839215114,0.4679301629481242
0,0.3529140297768172,0.46696118299307643
0,0.34178774865458494,0.4720726810000122
0,0.3490556135648121,0.47120873704525906
0,0.37351276836412284,0.467620142713861
0,0.32917274330845214,0.47170526508326677
0,0.355309517911505,0.4730047832379923
0,0.3585778423837694,0.47738900751342794
0,0.34990540016693883,0.4817079804720789
0,0.3699283003793474,0.5097146260365908
0,0.324787050624994,0.5099382426474861
0,0.3998667486790346,0.5038706741348691
0,0.327085876761652,0.503093581995727
0,0.37337472012104744,0.5186236474232604
0,0.3904749846945618,0.5191041620736176
0,0.3498447767954229,0.5193547178748719
0,0.3562267743770573,0.5006163956770802
0,0.5322761097474276,0.49980179219219
0,0.353270941218006,0.4990215525071856
0,0.3423199847835319,0.49980179219219
0,0.3484389939784318,0.5063307916417976
0,0.35696827615753435,0.5066692478105785
0,0.32833829573898693,0.5061085663943332
0,0.35160888597793466,0.5012886875652467
0,0.3567907426037132,0.46954146466352475
0,0.34948355936961684,0.47194947592891545
0,0.3246968248500393,0.47299363965301106
0,0.35257079251303985,0.46640656328288504
0,0.3338391613899283,0.4633783195871491
0,0.3346683241268408,0.46155968424049315
0,0.3441289998335995,0.47454848211418377
0,0.32429212080466085,0.47798687974201776
0,0.402201292950201,0.47808222002685263
0,0.3632390282569585,0.47565535703680994
0,0.3813212580772691,0.47565535703680994
0,0.34710786874305,0.4764325113973955
0,0.356197718685791,0.4651384767605304
0,0.5316693337040657,0.4657433562957862
0,0.3576614744933001,0.46307357266164745
0,0.3390162346091157,0.4644808042392591
0,0.3484389939784318,0.4625588946570985
0,0.3554197129986755,0.45865554365593253
0,0.32833829573898693,0.4626358605746725
0,0.3455514617273812,0.4628937204597137
0,0.34785379262036886,0.46727742103457076
0,0.34948355936961684,0.4715049137373216
0,0.3246968248500393,0.4698854505573868
0,0.4015492932446079,0.4656569217068099
0,0.327085876761652,0.46420136515766447
0,0.3935735511870711,0.46400726754634225
0,0.39554842410398694,0.4855077200736454
0,0.35403213882879014,0.4863393411754638
0,0.3595698650766845,0.48435860582786583
0,0.5316160525272977,0.4840827717819975
0,0.3694078007840857,0.48333909161806926
0,0.3429690141131873,0.48348629720219716
0,0.3593823553453428,0.4683721953734625
0,0.42296366482714076,0.4688321682163344
0,0.32833829573898693,0.4689695152887275
0,0.34599887197084533,0.46857765990750955
0,0.34830418385665013,0.4688987053181145
0,0.370364521087052,0.4677829000344084
0,0.350941245718953,0.4668141712607793
0,0.3246968248500393,0.46546641380811965
0,0.3815527114606955,0.4636293772317743
0,0.3338391613899283,0.46864540229276225
0,0.3346683241268408,0.48570584829601643
0,0.3441289998335995,0.49559945344502565
0,0.32429212080466085,0.49872908439169183
0,0.40352726749553347,0.5006956283005973
0,0.36445762773311874,0.4989961650353083
0,0.34932016412071915,0.4989961650353083
0,0.35262249548289365,0.49979289473197985
0,0.35798901253571136,0.48557096982717607
0,0.3456021944905653,0.48557096982717607
0,0.32833829573898693,0.4881853080376118
0,0.34812361081345977,0.4849775480767403
0,0.3681019786880115,0.473541035272984
0,0.5439047821452003,0.4726546593852075
0,0.36396902606342674,0.4589547756392689
0,0.3437873110929563,0.4623769970327717
0,0.4222798783951799,0.4658316514767216
0,0.37756236070194443,0.47001434308257545
0,0.3246968248500393,0.4689605634961795
0,0.4016851576026216,0.4656569217068099
0,0.327085876761652,0.46453128449502024
0,0.37429449026614237,0.46377851464137704
0,0.3541474667226164,0.48661049565049647
0,0.347482249539307,0.48879133271422587
0,0.36742604209235175,0.4807782569257797
0,0.5456189159245298,0.48379319238694285
0,0.36369476202949774,0.4847858086794314
0,0.3428142722163222,0.487573370885513
0,0.42546076816863726,0.4882090876217235
0,0.360356714818083,0.48413819847101836
0,0.32917274330845214,0.47915625576739246
0,0.3479465700575311,0.4651536832681419
0,0.34651358308825186,0.46729133193188455
0,0.35625452851751854,0.4684575582851553
0,0.3694054238548376,0.4991651899893437
0,0.34956099008002195,0.4958712905053859
0,0.3246968248500393,0.4928602585440519
0,0.3338391613899283,0.4969370749634306
0,0.3346683241268408,0.5165899840045947
0,0.3441289998335995,0.5222984279376575
0,0.32429212080466085,0.5247876243249632
0,0.4038003809044582,0.5280149649429305
0,0.3626202877970052,0.5250861120084472
0,0.34807927910968717,0.5245835793494099
0,0.3472566136252362,0.5250861120084472
0,0.36916969098103924,0.5149153389461685
0,0.5337479670360973,0.516139094741042
0,0.3620986345071373,0.5170379308059876
0,0.3390162346091157,0.5144913111434218
0,0.3516237670026567,0.5076054443770274
0,0.3589283707733377,0.5041600581136944
0,0.32833829573898693,0.4266348434178383
0,0.3447736498774643,0.42642821058224195
0,0.3456380692664138,0.43060831229354735
0,0.3615530922459788,0.4370494629580137
0,0.324787050624994,0.436101126432667
0,0.4014658410228716,0.4314159087174929
0,0.327085876761652,0.4298553624406314
0,0.3704672852601924,0.42853800370027734
0,0.35333829520161214,0.44967090034077023
0,0.35317809291688057,0.4500591987333547
0,0.36168257639780826,0.44737914567524273
0,0.5331691438150558,0.446868352698594
0,0.3633624289889242,0.446868352698594
0,0.3429690141131873,0.4470763404228229
0,0.3704620036288034,0.4310453112653838
0,0.35186629050305873,0.432677197349905
0,0.32833829573898693,0.43330945338707966
0,0.34390226714147165,0.4329128803907818
0,0.34552700403884984,0.4328092392344901
0,0.3616535595294216,0.4328835906585981
0,0.3511371459715369,0.4306863748120924
0,0.3246968248500393,0.4291108279214981
0,0.3338391613899283,0.4250913800505671
0,0.3346683241268408,0.4244009663033917
0,0.3441289998335995,0.4383470038814869
0,0.32429212080466085,0.4398989318359012
0,0.39750720444691773,0.4410860401987849
0,0.3661645240702446,0.43915249060978756
0,0.34448017704259487,0.4389976803501132
0,0.35363522576645745,0.43983933865927294
0,0.4090026498537907,0.45293649921451445
0,0.46036054857901954,0.47287609800302227
0,0.3673372116947466,0.46955131801984107
0,0.5391861407692331,0.47210138833354554
0,0.35908272303421057,0.4724374114038041
0,0.3398835951872678,0.46389497650524275
0,0.3516237670026567,0.4633988396521558
0,0.3644225384304562,0.4491008456651753
0,0.32833829573898693,0.4392620219404192
0,0.34290520408977154,0.43897962153108727
0,0.34481263507559645,0.4390691611889037
0,0.3616535595294216,0.44049348936084315
0,0.324787050624994,0.43622935854520317
0,0.3775730481681371,0.43162059055808566
0,0.327085876761652,0.43397707081847825
0,0.39087137907235037,0.42765077496783344
0,0.35803144519666064,0.4490241651927268
0,0.3654606895057591,0.4509353286582155
0,0.3601529199465218,0.4492158062514895
0,0.34310756156112443,0.4551281656303389
0,0.32833829573898693,0.4571148700996366
0,0.3451427517782145,0.4610914896459262
0,0.36031364601590793,0.4577108738821344
0,0.5444570601440519,0.45461358232029453
0,0.35676636646454507,0.4482498567588442
0,0.34592700333062193,0.4340394805931953
0,0.35693867077589186,0.43580136698664956
0,0.3664460100382428,0.4334593034136678
0,0.34956099008002195,0.4297953916393946
0,0.3246968248500393,0.4291251151714644
0,0.3341101122408945,0.425109419584847
0,0.3346683241268408,0.42483190076853145
0,0.3441289998335995,0.43959870725153444
0,0.32429212080466085,0.44177544440823274
0,0.35683520717129613,0.4448216623971704
0,0.3757176117417102,0.4407138877779969
0,0.3481555114730348,0.4439899711296679
0,0.36823181647590875,0.44534616352244755
0,0.35754098049839433,0.4317295784419852
0,0.5449630569418875,0.4317295784419852
0,0.3523379393075057,0.4327419119246612
0,0.34190520395553653,0.43109700031739656
0,0.35235004962626176,0.4265463287811587
0,0.35801327105736824,0.42486509313273585
0,0.32882037156085003,0.4276474683163011
0,0.3458280384732331,0.42598142900587094
0,0.34541838075591,0.43104554966451575
0,0.3616535595294216,0.43790026683941313
0,0.3694054238548376,0.4819647647295841
0,0.324787050624994,0.48316583622458964
0,0.36005091994409133,0.47755122586517657
0,0.327085876761652,0.4762783678192248
0,0.3984571326813618,0.4908798146310239
0,0.3518863893469526,0.49193801961276135
0,0.3591681573144479,0.4918108588434349
0,0.3700783713719116,0.49231438025425334
0,0.5325693951893952,0.4916994878237287
0,0.3540435671554917,0.49208671341177745
0,0.34473776305663,0.4764224854158953
0,0.3567862773001304,0.47813637014776744
0,0.35186629050305873,0.4784224127772846
0,0.32798681724805423,0.4785692675994855
0,0.33752965294325926,0.4781392418921393
0,0.3395071480230487,0.4530491110747079
0,0.3616535595294216,0.45094436093073714
0,0.3246968248500393,0.45312193045346183
0,0.34956099008002195,0.45055867405125893
0,0.3341101122408945,0.4461275664353841
0,0.3346683241268408,0.44490340151055086
0,0.3441289998335995,0.4595935015333215
0,0.32429212080466085,0.46217955723273874
0,0.3622671379102268,0.46333196129380055
0,0.3877695429178995,0.46097303149003827
0,0.34338565311679375,0.46097303149003827
0,0.3400311539536889,0.46235268565383403
0,0.35663047775004925,0.4533479254466217
0,0.5390877498588756,0.45071155417930053
0,0.3474890199023082,0.4497154748265132
0,0.3418916429299091,0.45043351977145113
0,0.3534383796281325,0.44807452735900666
0,0.3850815826937953,0.44589587164886013
0,0.32798681724805423,0.44822121286114175
0,0.33281241762598035,0.44599346233294657
0,0.33482586317155205,0.45146158833533945
0,0.3616535595294216,0.45560450039115974
0,0.3246968248500393,0.4545094759744214
0,0.3661883140575758,0.4498942557395248
0,0.327085876761652,0.44826686835860313
0,0.3930958325719805,0.44807943347599827
0,0.352632025500642,0.469920996093595
0,0.33962109996553363,0.471409098067206
0,0.3539068386046888,0.45037414343388155
0,0.5334254982582987,0.45037414343388155
0,0.35720362673799744,0.4503474100589661
0,0.3442018079965207,0.4503474100589661
0,0.3518924899619867,0.4503474100589661
0,0.40206678556019837,0.4508164409851829
0,0.32798681724805423,0.4509485102469649
0,0.3332343668437943,0.45053579365265395
0,0.33525036509391687,0.4517444494703038
0,0.3616535595294216,0.45221138249053766
0,0.3498608232322229,0.44860896837394204
0,0.3246968248500393,0.44906212479004204
0,0.37881581032643735,0.4497357005120231
0,0.3341101122408945,0.45498195741566605
0,0.3346683241268408,0.4709275279556334
0,0.3441289998335995,0.483892687635347
0,0.32429212080466085,0.48694289902373805
0,0.36705898731791026,0.48886505009412434
0,0.38593224310237706,0.48717498294309647
0,0.34271420971454863,0.48646157890004016
0,0.33884194351561175,0.48717498294309647
0,0.4044553818484624,0.4732601282106916
0,0.3332513927624011,0.4732601282106916
0,0.32798681724805423,0.47595836872468145
0,0.3915673032634851,0.4762893903521519
0,0.5419783556481569,0.46443898918615417
0,0.37073041202492196,0.4605802419048805
0,0.3418436367158649,0.4504770188201034
0,0.35646181056411297,0.44921104989835986
0,0.33612486854781964,0.4543352476728462
0,0.3664460100382428,0.4585045303396361
0,0.3246968248500393,0.45683031930528006
0,0.3655048958481873,0.4534522227119207
0,0.32667032746859515,0.4518119652165694
0,0.41317575926900657,0.4517823105444875
0,0.35570039752028326,0.4730215758195023
0,0.34102702718895034,0.47451949641975016
0,0.39004915366637594,0.47060445826547265
0,0.5439384181553057,0.47632299367743214
0,0.3728905389193635,0.48511680739791146
0,0.34648414774245945,0.4860278216091018
0,0.3521093688307423,0.4866615231992844
0,0.402140412997507,0.4833682747563404
0,0.32882037156085003,0.47849853219055705
0,0.3395732632005968,0.45779945206844264
0,0.3361524895331164,0.4556088600830531
0,0.36792839746910533,0.45394778407938746
0,0.3694054238548376,0.5013827485732952
0,0.324787050624994,0.4979218796622417
0,0.34932456188890926,0.49149661509037734
0,0.3341101122408945,0.4955621517931919
0,0.3346683241268408,0.5114755910426086
0,0.3441289998335995,0.5204508343920269
0,0.32429212080466085,0.5229930547881732
0,0.3540975399718515,0.5254695031675527
0,0.37566610493578134,0.5238049209106267
0,0.3510499195931631,0.5240189140783953
0,0.34612277787695733,0.5243067076422062
0,0.3883833721132045,0.5157486033760167
0,0.5359867283778083,0.5160318548476877
0,0.3742509477812041,0.5175181501489873
0,0.3418916429299091,0.5149691652131051
0,0.3518924899619867,0.46525248845725176
0,0.3728880055224579,0.46656917683673726
0,0.32798681724805423,0.4709424315753446
0,0.3440046967794467,0.47032411743337016
0,0.3407394308393978,0.469064475590361
0,0.36792839746910533,0.47336892345722326
0,0.3246968248500393,0.46889815030442455
0,0.35237313932718484,0.4644055534359826
0,0.32667032746859515,0.46651779667263477
0,0.3879058549324213,0.46604914227361777
0,0.3572247380490358,0.4830094268202254
0,0.3418671844994621,0.4850148257187662
0,0.3891186948212884,0.46476724759226906
0,0.5337894151856736,0.46476724759226906
0,0.3770638447644633,0.46476724759226906
0,0.3442018079965207,0.46476724759226906
0,0.3518924899619867,0.46476724759226906
0,0.35561110493950526,0.4669205716371297
0,0.32798681724805423,0.46709459484569776
0,0.35470882577065227,0.46666710104978704
0,0.34930940026315177,0.4687207006868708
0,0.3677148306732096,0.46874484192782045
0,0.3498608232322229,0.4654408671373646
0,0.3246968248500393,0.463425896450271
0,0.3341101122408945,0.46215353756898714
0,0.3346683241268408,0.4599929802751755
0,0.3441289998335995,0.474688741103871
0,0.32429212080466085,0.47803102593877567
0,0.3455089658563792,0.47741055085359146
0,0.3573788502762875,0.47616767045886027
0,0.3449508524496295,0.4758313069582136
0,0.33671841757252186,0.47773101114130523
0,0.4217744619862963,0.4907383411509189
0,0.46036054857901954,0.5096301642835008
0,0.3889062394202118,0.5021320570284427
0,0.532373141908282,0.5042448100114832
0,0.3713418844112096,0.5043345097523345
0,0.34101915794600257,0.4985407732093256
0,0.3518924899619867,0.4981660965727029
0,0.3543955508907099,0.48660761659356394
0,0.32798681724805423,0.473697374914166
0,0.3552336547570594,0.4733662718615227
0,0.34970791642385823,0.4740881512766662
0,0.36717002925579734,0.47838447091176173
0,0.3246968248500393,0.4735216313211142
0,0.3470411422127491,0.46636108748094546
0,0.32667032746859515,0.47132134513606866
0,0.3965427553217968,0.46535090315933375
0,0.35904943581970616,0.4836975081485834
0,0.3392931515822781,0.4868805972941059
0,0.3576974529124631,0.4865961412396474
0,0.3574237890593221,0.49493297084098253
0,0.32798681724805423,0.4951696767492169
0,0.3933912794954139,0.4941274065889844
0,0.5418794552132715,0.49018038582303125
0,0.38801483957895294,0.486828043760121
0,0.34608772554039324,0.47153783654488296
0,0.3555599454827834,0.4717726933289715
0,0.3500875690443377,0.4728105796153798
0,0.3826431483536611,0.4694625980797007
0,0.3246968248500393,0.47001936263898203
0,0.34925687643941966,0.46602554196581836
0,0.3341101122408945,0.46320465803834826
0,0.3346683241268408,0.4607368061197756
0,0.3441289998335995,0.47488596162249475
0,0.32429212080466085,0.47736107752603757
0,0.3553912013754441,0.47894148501865336
0,0.3741797555478922,0.47599343905063835
0,0.35105148074597337,0.47673636771824135
0,0.34004093128807245,0.47867713911528204
0,0.3935317869481651,0.4642985596584785
0,0.5449039630072339,0.4642985596584785
0,0.38210992763988755,0.4652304879980582
0,0.34303602092000585,0.46497624524771036
0,0.35007769165585323,0.4619902337613539
0,0.3568964218851637,0.45768462959070383
0,0.3285649426441839,0.4615912175078869
0,0.36300136180330556,0.46300531328275113
0,0.35477318590286816,0.46674240758643154
0,0.37035019719463147,0.4716158846539437
0,0.3694054238548376,0.5020565288948269
0,0.3246968248500393,0.5017862775734085
0,0.35576800303896483,0.49512355207494313
0,0.32667032746859515,0.4940786084073408
0,0.37200236716988727,0.509148631943625
0,0.3710228716980825,0.5117997244066107
0,0.34475540096610874,0.5109517759928514
0,0.39411568081852416,0.4985782642847321
0,0.5351828752270438,0.4974673962020462
0,0.38823111236679103,0.49750229944817426
0,0.3442018079965207,0.4974673962020462
0,0.34629335204887257,0.499893759095789
0,0.35823933580718703,0.4987474200753043
0,0.3277320358395521,0.4967709191709302
0,0.37705493478121266,0.4988030882637215
0,0.3722908688634189,0.4687017753323906
0,0.37035019719463147,0.46964648270648396
0,0.324787050624994,0.4686734179437565
0,0.3494672735485248,0.463830347070142
0,0.3341101122408945,0.46395950523318397
0,0.3346683241268408,0.4608540161600217
0,0.3441289998335995,0.4748140695211361
0,0.32429212080466085,0.47715884221942045
0,0.3543582578760542,0.47875227337310233
0,0.36601760835499675,0.47621788417126415
0,0.35884694827841734,0.47621788417126415
0,0.3627551382836883,0.4799749568047607
0,0.3948595886650799,0.4671433328534037
0,0.5361830781050148,0.4668461416465246
0,0.3832534608455505,0.46509893726881807
0,0.3404941687306869,0.4670743992147013
0,0.34629335204887257,0.46487540024668095
0,0.3584402909212924,0.4642173596624195
0,0.3277320358395521,0.4636592206986165
0,0.39205090829815664,0.4651228669223783
0,0.3849998407571121,0.4683070056863249
0,0.36944491737196855,0.47319681945869996
0,0.3246968248500393,0.47202207840632776
0,0.35463873477858676,0.46548817404546095
0,0.32667032746859515,0.4637488468866048
0,0.3856799656863536,0.4639731901980043
0,0.37403340027128296,0.4834530954259599
0,0.3622698946771746,0.48632060195732507
0,0.36034110344524284,0.48642816021822766
0,0.5391138758594936,0.48642816021822766
0,0.39002663279208494,0.48642816021822766
0,0.3444641802936033,0.4865763066080043
0,0.3949566078448262,0.4705873675241402
0,0.3469103724883497,0.47148403117947535
0,0.32798681724805423,0.4707907026265979
0,0.3929695477254492,0.4703598260830322
0,0.3849998407571121,0.4729225416798718
0,0.36944491737196855,0.4699964821254511
0,0.3246968248500393,0.4705977477888821
0,0.34958551593511655,0.46573479171276333
0,0.4066732929149126,0.4690638499420576
0,0.3341101122408945,0.4721409504598576
0,0.3346683241268408,0.4884076328741145
0,0.3441289998335995,0.4983113633131132
0,0.32429212080466085,0.4993347194577888
0,0.3436909041650527,0.500061680938818
0,0.3881440650806932,0.4973564422855625
0,0.3696735759233127,0.4960576661777596
0,0.36827479302637933,0.49724805528550386
0,0.3649376097268698,0.4887971728617545
0,0.36505355614660917,0.48966163892318454
0,0.5400273432562406,0.4915320913659871
0,0.3848899555120737,0.48974056570772656
0,0.3405852733244638,0.47595293574604824
0,0.3465321990318873,0.47522170685762377
0,0.32798681724805423,0.4673226228101249
0,0.3941998052515582,0.4689054191482286
0,0.3849998407571121,0.47211545251342046
0,0.38226258401103363,0.4784478121735083
0,0.3246968248500393,0.4758607375871594
0,0.3447651572004736,0.4714089212359966
0,0.32667032746859515,0.46875728954874807
0,0.39321133425889493,0.46882542848191694
0,0.3802189362003858,0.48867434206523974
0,0.38360980009162204,0.4913807168611074
0,0.36695881834930855,0.4848038148764987
0,0.544359128382199,0.48998166243009594
0,0.3755779957531787,0.48998166243009594
0,0.34352200063669636,0.48998166243009594
0,0.34629335204887257,0.4919718322353526
0,0.35834117849521774,0.48719836218480717
0,0.32798681724805423,0.469997172190872
0,0.3928793622709625,0.46956702190134963
0,0.38792358583729,0.4722232340228916
0,0.3683661430676818,0.47593319476649915
0,0.3246968248500393,0.4735545882695562
0,0.34958551593511655,0.46982745385615715
0,0.3695304123222641,0.5040993085731332
0,0.3341101122408945,0.5082288989122069
0,0.3346683241268408,0.5236124709653313
0,0.3441289998335995,0.5301486256040365
0,0.32429212080466085,0.5328622189055219
0,0.3417314611173109,0.533582507953529
0,0.38843938911762543,0.5334032843448806
0,0.3839997725572025,0.5334032843448806
0,0.372171060146897,0.533582507953529
0,0.36833650591871175,0.5253384780528217
0,0.5355326366725082,0.5269650320283935
0,0.3593702699385089,0.526801321909936
0,0.3397161221098604,0.5239269931206062
0,0.34629335204887257,0.4728722398798554
0,0.35840871149501574,0.47279339064729703
0,0.32798681724805423,0.4723678919006033
0,0.3943847338149776,0.4738074633533553
0,0.38890689665409184,0.47699393860308403
0,0.367820376674462,0.48339173210642356
0,0.3246968248500393,0.4802208366120338
0,0.3462051154904544,0.4764412561201797
0,0.32667032746859515,0.4737613180135176
0,0.40095953717543015,0.4739905049616032
0,0.39491744182260696,0.49389098695208744
0,0.3857117387261428,0.49505578044813253
0,0.3718315738548559,0.47760717071424513
0,0.5357675262229965,0.47760717071424513
0,0.3662162439926538,0.47760717071424513
0,0.3436770619929513,0.47760717071424513
0,0.34622297639676125,0.47787931491336394
0,0.3684296801255056,0.4806399334411122
0,0.32798681724805423,0.4780858007779794
0,0.38195442042413175,0.47764824762279223
0,0.37463716257787383,0.4787671433667353
0,0.367820376674462,0.4795997630221597
0,0.3246968248500393,0.47877176617229655
0,0.34958551593511655,0.4750035697065305
0,0.3341101122408945,0.47396866834087975
0,0.3346683241268408,0.4707961834495226
0,0.3441289998335995,0.4827956745101576
0,0.32429212080466085,0.48532986673783984
0,0.3430368091281533,0.4845425522254
0,0.3840419065326236,0.48577142482997004
0,0.38686404044638933,0.48676193944560503
0,0.37487632293572315,0.48487723465707555
0,0.42268681896067645,0.4998029795123638
0,0.46036054857901954,0.5197644034444212
0,0.3735992672258939,0.5135601355006305
0,0.5411839732638224,0.5145541596901162
0,0.3577004785203828,0.515364513234428
0,0.339613864676011,0.5084940070311534
0,0.3457210349039202,0.5083873894244926
0,0.3867641945172397,0.4984488790732539
0,0.32833829573898693,0.4873018496366529
0,0.3782308319796157,0.4870212194919664
0,0.3722272458692236,0.48728537573075337
0,0.36862653981667687,0.48815083768858464
0,0.3246968248500393,0.4853474472923656
0,0.34438177020538296,0.4761782024659645
0,0.32667032746859515,0.4813150592346939
0,0.39412122701892965,0.4746987113874883
0,0.37289899241022684,0.49314167787266594
0,0.35647156296647725,0.49505578044813253
0,0.3745955005774287,0.4775082394376661
0,0.5286253659769058,0.4775082394376661
0,0.3605976259614381,0.4775082394376661
0,0.33953909778069963,0.47663294694775143
0,0.3469219086231694,0.47663294694775143
0,0.40366824664057616,0.47781916326115587
0,0.32833829573898693,0.4768388942718631
0,0.3663923484169776,0.47640248230906246
0,0.3586193561254059,0.47739224958381204
0,0.36729515058624496,0.47976579723361634
0,0.3232124897775095,0.47877176617229655
0,0.34958551593511655,0.47382434328232104
0,0.3341101122408945,0.47396866834087975
0,0.3346683241268408,0.4707961834495226
0,0.3441289998335995,0.483565005813019
0,0.32429212080466085,0.4857528057944341
0,0.35240214762673544,0.48835874897905346
0,0.38679836581584404,0.48634107588762227
0,0.3589432237099,0.48818951297051233
0,0.3623339045712577,0.4875403100709184
0,0.37487958423845136,0.47451997198117296
0,0.5265995672293169,0.4752797616669784
0,0.3528674493576355,0.4747859829454035
0,0.33717630339493354,0.47510906627882055
0,0.3471951182632042,0.4728722398798554
0,0.40380482794728745,0.4720240607831933
0,0.32833829573898693,0.4723678919006033
0,0.3561135725189572,0.4744618257713354
0,0.3503032784588946,0.4776527017741349
0,0.36872632562183744,0.48264009835626437
0,0.3232124897775095,0.4797496903076683
0,0.3694054238548376,0.5117175703132648
0,0.3434919248138926,0.504432394833384
0,0.32667032746859515,0.5033678051274295
0,0.3941790651189044,0.5177831663775156
0,0.356540461112138,0.5185472134516599
0,0.36284423541227534,0.5176880858161079
0,0.406066356880576,0.5205381405374482
0,0.3752470824706324,0.5203620758286901
0,0.5311031157261273,0.5209480772824784
0,0.35837949932119023,0.5049575226052496
0,0.3408962739923091,0.5069099608726043
0,0.34868886110936526,0.5071627315996035
0,0.32833829573898693,0.5055618821493262
0,0.35880381049574106,0.5062778041365307
0,0.3520301337077153,0.47909736075925285
0,0.36872632562183744,0.47816005686222834
0,0.3232124897775095,0.47877176617229655
0,0.34958551593511655,0.4745105814720932
0,0.3338391613899283,0.4735112839805716
0,0.3346683241268408,0.47033858327611466
0,0.3441289998335995,0.48356871504691873
0,0.32429212080466085,0.48532986673783984
0,0.3454889045200441,0.4853183898197114
0,0.38112244511202875,0.48558746772528427
0,0.35528829919150995,0.48558746772528427
0,0.3543652233050107,0.48474939974381936
0,0.374405024520131,0.47749464669373565
0,0.5352476658541618,0.4764071297632591
0,0.35643429038255087,0.4753519909875807
0,0.33850359705582445,0.4754617965983076
0,0.3462663257361544,0.4732971647986053
0,0.37379179159594966,0.4720240607831933
0,0.32833829573898693,0.4723678919006033
0,0.36912689156313355,0.47457220093441793
0,0.3630132132578742,0.4783686120504616
0,0.36927343624860387,0.48336348378860305
0,0.3232124897775095,0.4797496903076683
0,0.34154079646058416,0.47597381797515476
0,0.32667032746859515,0.4737331964192398
0,0.3944333454814859,0.4735254712569176
0,0.36501689647528174,0.49389098695208744
0,0.35430659613211557,0.49505578044813253
0,0.3753857835986716,0.4775082394376661
0,0.5316504673258168,0.4775082394376661
0,0.36015296718941636,0.477039754471661
0,0.34006261442469204,0.477039754471661
0,0.3481322183157,0.4761653207342003
0,0.35723494024644714,0.47781916326115587
0,0.32804469656792623,0.4768105899983593
0,0.37039446090757705,0.47637420394016433
0,0.3641387583383757,0.4787671433667353
0,0.36927343624860387,0.47976579723361634
0,0.3232124897775095,0.477583184961876
0,0.3494672735485248,0.47382434328232104
0,0.42060351010738956,0.47388887519401196
0,0.3338391613899283,0.47800238088058006
0,0.3346683241268408,0.49217864456748106
0,0.3441289998335995,0.5012391528331148
0,0.32429212080466085,0.5028938622200587
0,0.3427114502607464,0.5056335423566638
0,0.3773733477181134,0.5025968865296647
0,0.3558063948372861,0.5023108571287199
0,0.3723404086077991,0.5025968865296647
0,0.379810801616516,0.492062386179276
0,0.5177620807465181,0.49422802069351995
0,0.3516008948443015,0.49426859079656116
0,0.3320398724003484,0.4922624102590509
0,0.3436132962704702,0.4897174364675374
0,0.35626536684383947,0.4796569068754679
0,0.32804469656792623,0.4696263923553958
0,0.369254504706565,0.473861972238493
0,0.36283630619313,0.4776527017741349
0,0.36836867241881144,0.48264009835626437
0,0.3232124897775095,0.4797496903076683
0,0.3447471436148691,0.47310099318615273
0,0.32667032746859515,0.4713520181288915
0,0.3950893488281335,0.47114533707884715
0,0.35683737798818277,0.4914785387015552
0,0.37908707808284103,0.4918085575404944
0,0.379728682948028,0.47534421012080125
0,0.51909906094029,0.47534421012080125
0,0.35552775227711353,0.47534421012080125
0,0.3345842143298711,0.47534421012080125
0,0.42083475404723875,0.47534421012080125
0,0.3568904834171991,0.4769952007230311
0,0.32804469656792623,0.4758273702935634
0,0.3708329071133185,0.47555273312368057
0,0.3641964365273477,0.47827119406747376
0,0.3678229022781385,0.4786284635698347
0,0.3233023030899085,0.47675962935024846
0,0.34958551593511655,0.47300726950517974
0,0.3694054238548376,0.5018691769917684
0,0.3338391613899283,0.5073914753978899
0,0.3346683241268408,0.5221957561634634
0,0.3441289998335995,0.5274560955067076
0,0.32429212080466085,0.5299167168347615
0,0.3466333780859216,0.5309051507948874
0,0.3815900017157355,0.5292193069911659
0,0.3535854576867578,0.5296360803709054
0,0.37612696571427895,0.5308407698736053
0,0.38129306028454213,0.5227408064307768
0,0.5227504318831052,0.5242844159006738
0,0.35441141350355543,0.5251974367241339
0,0.33451770489167537,0.5220454518968186
0,0.417760895075306,0.5227746072251143
0,0.35713926733690293,0.5148533848667117
0,0.32804469656792623,0.47041893990451067
0,0.37004650084810314,0.473861972238493
0,0.363986230295311,0.4776527017741349
0,0.36639523379156697,0.48264009835626437
0,0.3232124897775095,0.47800353006689883
0,0.3497602458773256,0.47310099318615273
0,0.32667032746859515,0.47071462882493587
0,0.39770371158374423,0.4706674239007881
0,0.3672095500542313,0.49015022633449357
0,0.3674197263500635,0.4906860830671778
0,0.3822880513489802,0.47448383327415905
0,0.5197942341123685,0.47448383327415905
0,0.3538369005864004,0.47361408464670113
0,0.3361427080398218,0.47361408464670113
0,0.4223847868723605,0.47361408464670113
0,0.360134204412454,0.4740792053756664
0,0.32804469656792623,0.4740954862459809
0,0.37409187292840046,0.4736615851020243
0,0.36774227466883785,0.4762019670288561
0,0.36639523379156697,0.47968885975965453
0,0.3232124897775095,0.47675962935024846
0,0.34958551593511655,0.47300726950517974
0,0.3338391613899283,0.47020789811458163
0,0.3346683241268408,0.46781856614184064
0,0.3441289998335995,0.4810075451751999
0,0.32429212080466085,0.4809034972074772
0,0.3485164331388856,0.4822007368407094
0,0.3880437582933362,0.4802499152864923
0,0.3759856020926426,0.4802499152864923
0,0.3714829002637131,0.4816223709760213
0,0.4335457653953426,0.49852274115509815
0,0.46705432165338373,0.5196622132187827
0,0.38272930964288515,0.5124700820987812
0,0.5233800570407683,0.5130893109772197
0,0.35188249168249025,0.5121973393253034
0,0.3323119971993906,0.5088730876297797
0,0.34600520291244563,0.5043677990524292
0,0.3586604425944446,0.4969655445426723
0,0.32804469656792623,0.4822249393380047
0,0.36285110378392044,0.48599415671859525
0,0.3566219440373337,0.4825782024705079
0,0.36639523379156697,0.4850470326879529
0,0.3232124897775095,0.4786784980111115
0,0.3496916674836141,0.47132636766825553
0,0.32667032746859515,0.47458005136852377
0,0.4013185124986274,0.4707220102542189
0,0.3668172906484437,0.49091411851527
0,0.3577808276346418,0.5020494304601075
0,0.38121022248520503,0.480872908062819
0,0.5170292500546473,0.480872908062819
0,0.3553345340205952,0.480872908062819
0,0.33434291941339533,0.480872908062819
0,0.34432718618203684,0.480872908062819
0,0.35930457496618284,0.48774709616888023
0,0.32804469656792623,0.4865529418043771
0,0.36353808648046043,0.48627211406877846
0,0.3575723873617858,0.487776344222737
0,0.3695105841992449,0.4902068424348554
0,0.35153895997328405,0.4851776437237742
0,0.3232124897775095,0.4841700537292979
0,0.3338391613899283,0.4813046182825827
0,0.3346683241268408,0.47925503895412097
0,0.3441289998335995,0.4874202300447145
0,0.32429212080466085,0.49093056760067605
0,0.3575969982115707,0.48766732576706634
0,0.4008901458545057,0.48114672477007314
0,0.3591618072990854,0.48114672477007314
0,0.3643715535420844,0.4825217433570415
1,0.593956960873063,0.5550409849551019
1,0.593956960873063,0.5540894996557393
0,0.38232476992445363,0.5540894996557393
1,0.593956960873063,0.5570179998702687
0,0.5211460158459991,0.5582761140810343
1,0.593956960873063,0.562807541985752
0,0.3562297100315044,0.5595247522445951
1,0.593956960873063,0.5649143037005725
0,0.335177628952551,0.5625314863278889
1,0.593956960873063,0.5640072391054031
0,0.34774781880804184,0.5640072391054031
1,0.593956960873063,0.5649971348746774
0,0.3643970249015779,0.5649971348746774
1,0.593956960873063,0.5674602404474833
0,0.3232124897775095,0.5776047103281726
1,0.593956960873063,0.5816300250945599
0,0.33202983928140145,0.5816300250945599
1,0.593956960873063,0.5861721917037369
0,0.3658523827817391,0.5861721917037369
1,0.593956960873063,0.588680546928979
0,0.3766396262817417,0.5881744720018528
1,0.593956960873063,0.592792289766707
0,0.3866826410961744,0.592792289766707
1,0.593956960873063,0.5903968708249574
0,0.3555545563569549,0.5900807426556762
1,0.593956960873063,0.5974313578901085
0,0.37098514282078615,0.6141589786300028
1,0.593956960873063,0.6201309323566294
0,0.3247554501633367,0.6201309323566294
1,0.593956960873063,0.6225916916646472
0,0.36350043468370474,0.6235403553356719
1,0.593956960873063,0.628129310462999
0,0.3736261096248581,0.6263509353287743
1,0.593956960873063,0.6239443864338802
0,0.3663658252256199,0.6117564165337359
1,0.593956960873063,0.6156597556318976
1,0.593956960873063,0.6211963154357022
1,0.593956960873063,0.6197009836321097
1,0.593956960873063,0.6197630931141226
1,0.593956960873063,0.6197638997713255
1,0.593956960873063,0.6200626285415695
0,0.3816463967775201,0.6200626285415695
1,0.593956960873063,0.6177905262878819
0,0.5210105073849213,0.6188426905801322
1,0.593956960873063,0.6211678472815642
0,0.35707184304925865,0.6222194205430275
1,0.5933544719244064,0.6251766594448283
0,0.3355738426838579,0.6251766594448283
1,0.5933544719244064,0.6232761172695573
0,0.3440898590019962,0.6232761172695573
1,0.5933544719244064,0.6218019131344675
0,0.3522459085610714,0.623065302884372
1,0.4710678494852615,0.623015307466995
0,0.3232124897775095,0.6232261049362116
1,0.4710678494852615,0.6230590193901966
0,0.32745827024718954,0.6230590193901966
1,0.4710678494852615,0.6244671161729054
0,0.363503650559196,0.6253126999643296
1,0.4710678494852615,0.6243542301780415
0,0.3670820505618499,0.624565480672273
1,0.4710678494852615,0.6221832928675299
0,0.33395211599875246,0.6221832928675299
1,0.4710678494852615,0.6238881703580407
0,0.33455512727068515,0.6238881703580407
1,0.4710678494852615,0.625713812835206
0,0.3404039034291305,0.6255021739337626
1,0.4710678494852615,0.6255460603401828
0,0.32346570286107035,0.6268864052825939
1,0.4710678494852615,0.6275355703413334
0,0.4082786731123863,0.6275355703413334
1,0.4710678494852615,0.6282422643407726
0,0.3449787506211629,0.6282422643407726
1,0.4710678494852615,0.6323476957093229
0,0.37406443784688964,0.6301579496792354
1,0.4710678494852615,0.6335765611661851
0,0.35863022337230754,0.6357781865845049
1,0.4710678494852615,0.6402291550270693
0,0.37121581698469114,0.6402291550270693
1,0.4710678494852615,0.6410960820153243
0,0.36978111190433605,0.6410960820153243
1,0.4710678494852615,0.633654509797547
0,0.3814464223951071,0.6338689070449696
1,0.4710678494852615,0.6319169522361477
0,0.5222719583234376,0.633654509797547
1,0.4710678494852615,0.6306672624738372
0,0.3520508882290664,0.6324013838117134
1,0.4710678494852615,0.6310941076955255
0,0.33169279274176067,0.6310941076955255
1,0.4710678494852615,0.638627038385993
0,0.3440898590019962,0.6357590994050359
1,0.4710678494852615,0.6383452204939513
0,0.3522459085610714,0.6383452204939513
1,0.4710678494852615,0.6383452204939513
0,0.3232124897775095,0.6385612048451443
1,0.4710678494852615,0.6376977056635666
0,0.32745827024718954,0.6376977056635666
1,0.4710678494852615,0.6379134709278677
0,0.36334050246790883,0.6379134709278677
1,0.4710678494852615,0.638993392807422
0,0.36201566009554437,0.6410079403044197
1,0.4710678494852615,0.6397402720487676
0,0.3289080785364577,0.6397402720487676
1,0.4710678494852615,0.641781065660652
0,0.4103820670278856,0.6431495026064016
1,0.4710678494852615,0.6429641369455258
0,0.39218699284468067,0.6408644078021486
1,0.4710678494852615,0.6426011572164237
0,0.36466378525694754,0.6426011572164237
1,0.4710678494852615,0.6411754006617504
0,0.36458586482793126,0.6423252151950634
1,0.4710678494852615,0.6411754006617504
0,0.3749052194849053,0.6411754006617504
1,0.4710678494852615,0.6398752890597451
1,0.4710678494852615,0.6403083664142605
1,0.4710678494852615,0.6379300629298195
1,0.4710678494852615,0.6393375755197165
1,0.4710678494852615,0.6386256727548204
1,0.4710678494852615,0.6420366827069226
1,0.4710678494852615,0.6423249716772094
1,0.4710678494852615,0.6405889687058376
0,0.3745366805770624,0.6408057122301024
1,0.4710678494852615,0.6403014588902327
0,0.524009195279391,0.6414497061910083
1,0.4710678494852615,0.639499693820083
0,0.3533450295707236,0.639499693820083
1,0.4710678494852615,0.6416953031658674
0,0.3337905113904789,0.6416953031658674
1,0.4710678494852615,0.6419124210188227
0,0.34432718618203684,0.6419124210188227
1,0.4710678494852615,0.6416953031658674
0,0.3531014678241355,0.6416953031658674
1,0.4710678494852615,0.6423468771353168
0,0.3232124897775095,0.6423468771353168
1,0.4710678494852615,0.6434343043154841
0,0.32745827024718954,0.6434343043154841
1,0.4710678494852615,0.640601034262898
0,0.3639930231443845,0.640601034262898
1,0.4710678494852615,0.640601034262898
0,0.3361653484043832,0.640601034262898
1,0.4710678494852615,0.6397347767066814
0,0.363141091630802,0.6397347767066814
1,0.4710678494852615,0.6469081141718979
0,0.33455512727068515,0.6495585094883459
1,0.4710678494852615,0.6493713925543881
0,0.340732286868939,0.6493713925543881
1,0.4710678494852615,0.6495585094883459
0,0.3316736741851484,0.6495585094883459
1,0.4710678494852615,0.6491191757303513
0,0.41340367510679243,0.6491191757303513
1,0.4710678494852615,0.6491191757303513
0,0.34444162689090757,0.648680139119031
1,0.4710678494852615,0.6473648101560223
0,0.3706094864022145,0.6468621284173867
1,0.4710678494852615,0.6457689080908604
0,0.36021770687405713,0.6464246183769041
1,0.4710678494852615,0.645987404249611
0,0.371820795136588,0.645987404249611
1,0.4710678494852615,0.6453645234842287
0,0.376495100946828,0.6451462380061411
1,0.4710678494852615,0.6453645234842287
0,0.37684930282470236,0.6453645234842287
1,0.4710678494852615,0.6441807339787291
0,0.5213417375602305,0.6470528587901194
1,0.4710678494852615,0.6520052948414823
0,0.3513291231200729,0.6530974996620448
1,0.4710678494852615,0.653143322208307
0,0.333697597999864,0.653143322208307
1,0.4710678494852615,0.652701563835407
0,0.3449736109909518,0.652701563835407
1,0.4710678494852615,0.6498470211654498
0,0.36775817562518265,0.6498470211654498
1,0.4710678494852615,0.646831502024212
0,0.3233023030899085,0.6459568192712064
1,0.4710678494852615,0.6470503577120292
0,0.32745827024718954,0.6494626630880883
1,0.4710678494852615,0.6485389196200564
0,0.36503378446733836,0.6485389196200564
1,0.4710678494852615,0.6470691755689374
0,0.4296164059711939,0.6470691755689374
1,0.4710678494852615,0.6477262061396051
0,0.3764533082431942,0.6549880343338694
1,0.4710678494852615,0.6534388235717448
0,0.3782909869120362,0.6534388235717448
1,0.4710678494852615,0.6520417069410934
0,0.38011177310016014,0.6520417069410934
1,0.4710678494852615,0.6525157636062261
0,0.3281816401471149,0.651600693653922
1,0.4710678494852615,0.6525157636062261
0,0.36779445107171044,0.6525157636062261
1,0.4710678494852615,0.6491299501420619
0,0.37553439423894835,0.6495692911923426
1,0.4710678494852615,0.6493495835106848
0,0.4139854878489854,0.6388849377780688
1,0.4710678494852615,0.6351871822156601
1,0.4710678494852615,0.632891677622672
1,0.4710678494852615,0.6276899729336064
1,0.4710678494852615,0.6246227801030089
1,0.4710678494852615,0.6239940690785264
1,0.4710678494852615,0.6239634581005474
0,0.5268728387996385,0.6281460587510478
1,0.4710678494852615,0.6620356567999284
0,0.35430079232513023,0.6639499547343887
1,0.4710678494852615,0.6634541872656227
0,0.33586271316247845,0.6639965387092658
1,0.4710678494852615,0.6634541872656227
0,0.3814141108119221,0.6639965387092658
1,0.4710678494852615,0.6629321117232326
0,0.34246891330019263,0.6639965387092658
1,0.4710678494852615,0.6629321117232326
0,0.3825871854426007,0.6639965387092658
1,0.4710678494852615,0.6629321117232326
0,0.3232124897775095,0.663862347302908
1,0.4710678494852615,0.6636518092239054
0,0.32745827024718954,0.6643582688170341
1,0.4710678494852615,0.6636518092239054
0,0.36601095586099297,0.663862347302908
1,0.4710678494852615,0.6629321117232326
0,0.3361653484043832,0.6627403959933413
1,0.4710678494852615,0.6627868951033071
0,0.3645423779141717,0.6627403959933413
1,0.4710678494852615,0.66229214656778
0,0.3346206231922843,0.6619315414232416
1,0.4710678494852615,0.6625627167529282
0,0.340732286868939,0.6623386142277249
1,0.4710678494852615,0.6639089251310833
0,0.32773997561325174,0.6623386142277249
1,0.4710678494852615,0.6635332870909704
0,0.4354272249331479,0.6625627167529282
1,0.4710678494852615,0.6639089251310833
0,0.34444162689090757,0.6621145875020504
1,0.4710678494852615,0.6636843672698199
0,0.39461016853708647,0.6616667613467446
1,0.4710678494852615,0.6636843672698199
0,0.37556567526119583,0.6616667613467446
1,0.4710678494852615,0.6770965404532044
0,0.3791047011839233,0.6758573807084175
1,0.4710678494852615,0.6756287814500164
0,0.37734316664048334,0.6772619927827604
1,0.4710678494852615,0.6777203740285486
0,0.382530745761944,0.6782266478297482
1,0.4710678494852615,0.6784561260772394
0,0.5232901561252326,0.6784561260772394
1,0.4710678494852615,0.6784561260772394
0,0.3502951813552626,0.6784561260772394
1,0.4710678494852615,0.6784561260772394
0,0.33206803244150407,0.677538678689019
1,0.4710678494852615,0.677538678689019
0,0.34265600047688566,0.6784561260772394
1,0.4710678494852615,0.6784561260772394
0,0.38219910252361605,0.6784561260772394
1,0.4710678494852615,0.6784561260772394
0,0.3233023030899085,0.6784561260772394
1,0.4710678494852615,0.6784561260772394
0,0.32745827024718954,0.6784561260772394
1,0.4710678494852615,0.6784561260772394
0,0.3635252126141867,0.677538678689019
1,0.4710678494852615,0.677538678689019
0,0.3628656875812978,0.677538678689019
1,0.4710678494852615,0.677538678689019
0,0.32920675160729324,0.677538678689019
1,0.4710678494852615,0.677538678689019
0,0.4323592641108155,0.6781593429290684
1,0.4710678494852615,0.6781593429290684
0,0.3829858330550764,0.6788479422889383
1,0.4710678494852615,0.6788479422889383
0,0.38947465589846586,0.6783887984039206
1,0.4710678494852615,0.6783887984039206
0,0.3729287085115241,0.6783412047119367
1,0.4710678494852615,0.6783412047119367
0,0.3758343467900365,0.6783412047119367
1,0.4710678494852615,0.6783412047119367
0,0.3660740453853209,0.6664090354886503
1,0.4710678494852615,0.6664090354886503
1,0.4710678494852615,0.6641777436946011
1,0.4710678494852615,0.6611676736937644
1,0.4710678494852615,0.6611264630806822
1,0.4710678494852615,0.6615739235538814
1,0.4710678494852615,0.6610940305166476
1,0.4710678494852615,0.6599767577622908
0,0.5209210465451524,0.6599767577622908
1,0.4710678494852615,0.6599767577622908
0,0.34990342544182523,0.6602731022314361
1,0.4710678494852615,0.6602731022314361
0,0.33430261312816456,0.6602731022314361
1,0.4710678494852615,0.6602731022314361
0,0.3834991409171024,0.6599767577622908
1,0.4710678494852615,0.6599767577622908
0,0.34338224293707814,0.6599767577622908
1,0.4710678494852615,0.6599767577622908
0,0.3233023030899085,0.660469776645388
1,0.4710678494852615,0.660469776645388
0,0.38249835264405885,0.660469776645388
1,0.4710678494852615,0.660469776645388
0,0.32829048129675364,0.660469776645388
1,0.4710678494852615,0.660469776645388
0,0.36703682136478766,0.6599767577622908
1,0.4710678494852615,0.6599767577622908
0,0.3361653484043832,0.6596090095562166
1,0.4710678494852615,0.6596090095562166
0,0.36393788814606104,0.6596090095562166
1,0.4710678494852615,0.6596090095562166
0,0.3346206231922843,0.6600554429937274
1,0.4710678494852615,0.6600554429937274
0,0.340732286868939,0.6605021785841974
1,0.4710678494852615,0.6605021785841974
0,0.33300648945248573,0.6605021785841974
1,0.4710678494852615,0.6605021785841974
0,0.43253519420984526,0.6605021785841974
1,0.4710678494852615,0.6605021785841974
0,0.4302539149517578,0.6672180734262896
1,0.4710678494852615,0.6672180734262896
0,0.4704811875789418,0.6727137346633204
1,0.4710678494852615,0.6724861986990033
0,0.392791304115287,0.6749933328858746
1,0.4710678494852615,0.6752217171400094
0,0.42244142699547926,0.674094033400145
1,0.4710678494852615,0.674094033400145
0,0.38327669043888435,0.6734024195993485
1,0.4710678494852615,0.6734024195993485
0,0.5172375529425163,0.6733551757365149
1,0.4710678494852615,0.6740861888047807
0,0.3513579531729994,0.6743142661263662
1,0.4710678494852615,0.6740861888047807
0,0.33402221927506937,0.6743142661263662
1,0.4710678494852615,0.6740861888047807
0,0.39036683139432404,0.6743142661263662
1,0.4710678494852615,0.673858188627143
0,0.34265600047688566,0.6743142661263662
1,0.4710678494852615,0.673858188627143
0,0.3527774333051838,0.6743142661263662
1,0.4710678494852615,0.673858188627143
0,0.3232124897775095,0.6735830057195474
1,0.4710678494852615,0.673858188627143
0,0.32758250354633833,0.6731274228137716
0,0.37697308451976125,0.6736302655673603
1,0.4710678494852615,0.6736302655673603
0,0.37756051311751404,0.6736302655673603
1,0.4710678494852615,0.6736302655673603
0,0.33307031730700254,0.673858188627143
1,0.4710678494852615,0.673858188627143
0,0.4449520235741731,0.6731746506970328
1,0.4710678494852615,0.6731746506970328
0,0.3807947095143047,0.6747036903663326
1,0.4710678494852615,0.6747036903663326
0,0.4062464834424657,0.6766270814592843
1,0.4710678494852615,0.6766270814592843
0,0.37009687177326794,0.6763982218604239
1,0.4710678494852615,0.6763982218604239
0,0.3490354679364094,0.675617298929237
1,0.4710678494852615,0.675617298929237
0,0.3847083095584136,0.6760745670211414
1,0.4710678494852615,0.6760745670211414
1,0.4710678494852615,0.6750124448759406
1,0.4710678494852615,0.6750124448759406
1,0.4710678494852615,0.675006816433513
1,0.4710678494852615,0.675006816433513
1,0.4710678494852615,0.6724390191154376
0,0.3883082466123093,0.6744111011436478
1,0.4710678494852615,0.6726665391165244
0,0.5073111996187617,0.6746392883994484
1,0.4710678494852615,0.6726665391165244
0,0.34498666525367416,0.6756002078093458
1,0.4710678494852615,0.6726665391165244
0,0.33403185524924905,0.6756002078093458
1,0.4710678494852615,0.6726665391165244
0,0.34139725612122923,0.6756002078093458
1,0.4710678494852615,0.6726665391165244
0,0.33880290565305377,0.6756002078093458
1,0.4710678494852615,0.6726665391165244
0,0.3233023030899085,0.675006816433513
1,0.4710678494852615,0.6733968045817618
0,0.3283819068381713,0.6757396225687619
1,0.4710678494852615,0.6733968045817618
0,0.3785866766980233,0.6756002078093458
1,0.4710678494852615,0.673257873179241
0,0.3769097497730782,0.6756002078093458
1,0.4710678494852615,0.6723002853177721
0,0.3361653484043832,0.6741829910689788
1,0.4710678494852615,0.6732106394573439
0,0.33447972760342176,0.6746866223580364
1,0.4710678494852615,0.6731218100891848
0,0.3419789408734566,0.674094033400145
1,0.4710678494852615,0.6752217171400094
0,0.33510792164034997,0.6743221133759525
1,0.4710678494852615,0.6745367960947676
0,0.4306242509991907,0.6743221133759525
1,0.4710678494852615,0.6752217171400094
0,0.46436595245631107,0.6748258485927979
1,0.4710678494852615,0.6747650258795033
0,0.3656995381012127,0.6745975982356344
1,0.4710678494852615,0.6749933328858746
0,0.4107039922567451,0.673866030569183
1,0.4710678494852615,0.6651950502428648
0,0.3740076200715745,0.6629950566502831
1,0.4710678494852615,0.6632193812830329
0,0.3931710176728373,0.6598900646499313
1,0.4710678494852615,0.6613264070306369
0,0.3892395503184953,0.6652339799971096
1,0.4710678494852615,0.6652339799971096
0,0.5052085106039096,0.6652339799971096
1,0.4710678494852615,0.6652339799971096
0,0.3415097913583178,0.6652339799971096
1,0.4710678494852615,0.6652339799971096
0,0.33001437066147826,0.6652339799971096
1,0.4710678494852615,0.6652339799971096
0,0.3420436204430013,0.6652339799971096
1,0.4710678494852615,0.6652339799971096
0,0.33826148042852416,0.6652339799971096
1,0.4710678494852615,0.6652339799971096
0,0.3233023030899085,0.6645125667106357
1,0.4710678494852615,0.6645125667106357
0,0.32758250354633833,0.6645125667106357
1,0.4710678494852615,0.6645125667106357
0,0.37833061676659163,0.6652339799971096
1,0.4710678494852615,0.6652339799971096
0,0.37656479485083266,0.6652339799971096
1,0.4710678494852615,0.6652339799971096
0,0.3325716240434253,0.6676946585281774
1,0.4710678494852615,0.6676946585281774
0,0.4247181008451351,0.6665194662178002
1,0.4710678494852615,0.6665194662178002
0,0.3670241622934454,0.6669705767577725
1,0.4710678494852615,0.6669705767577725
0,0.40822910766290543,0.6674688201958091
1,0.4710678494852615,0.6674688201958091
0,0.36087355251380165,0.6676478151044769
1,0.4710678494852615,0.6676478151044769
0,0.3803178772185723,0.6679205732730324
1,0.4710678494852615,0.6679205732730324
0,0.4440301054391231,0.6660054880434589
1,0.4710678494852615,0.6660054880434589
1,0.4710678494852615,0.6613100795606073
1,0.4710678494852615,0.6610864007223258
1,0.4710678494852615,0.66387920526732
1,0.4710678494852615,0.662533057152144
1,0.4710678494852615,0.6604726112233444
1,0.4710678494852615,0.6606960823857125
0,0.3914055941105043,0.6609196291596345
1,0.4710678494852615,0.6609196291596345
0,0.5069325085569405,0.6609196291596345
1,0.4710678494852615,0.6609196291596345
0,0.34703419401567054,0.6609196291596345
1,0.4710678494852615,0.6609196291596345
0,0.3337281834781302,0.6609196291596345
1,0.4710678494852615,0.6609196291596345
0,0.341856867620446,0.6609196291596345
1,0.4710678494852615,0.6609196291596345
0,0.33880290565305377,0.6609196291596345
1,0.4710678494852615,0.6609196291596345
0,0.3232124897775095,0.6611432515706935
1,0.4710678494852615,0.6611432515706935
0,0.32758250354633833,0.6611432515706935
1,0.4710678494852615,0.6611432515706935
0,0.38049525519896665,0.66011299678028
1,0.4710678494852615,0.66011299678028
0,0.3378217092541261,0.6606960823857125
1,0.4710678494852615,0.6606960823857125
0,0.3825274775125647,0.6606960823857125
1,0.4710678494852615,0.659802651149861
0,0.33447972760342176,0.6604726112233444
1,0.4710678494852615,0.6604726112233444
0,0.34000127607824643,0.6615907234065987
1,0.4710678494852615,0.6615907234065987
0,0.3359579108948876,0.6618145728826547
1,0.4710678494852615,0.6618145728826547
0,0.41716841059011767,0.662038498098267
1,0.4710678494852615,0.662038498098267
0,0.4569479664321043,0.6615907234065987
1,0.4710678494852615,0.6615907234065987
0,0.3569518384109448,0.6613669496444814
1,0.4710678494852615,0.6615907234065987
0,0.4069018714408883,0.6633506946913038
1,0.4710678494852615,0.6635751396543217
0,0.3666979102159084,0.6632193812830329
1,0.4710678494852615,0.6641174390741432
0,0.3804385137525899,0.6622219015669274
1,0.4710678494852615,0.6622219015669274
0,0.5123985883704079,0.6661347657333347
1,0.4710678494852615,0.6665856159021519
0,0.3460033978741277,0.6665856159021519
1,0.4710678494852615,0.6665856159021519
0,0.334773901072441,0.6668111554020073
1,0.4710678494852615,0.6668111554020073
0,0.39637622727635435,0.6665856159021519
1,0.4710678494852615,0.6665856159021519
0,0.3405481987263849,0.6668111554020073
1,0.4710678494852615,0.6668111554020073
0,0.3386249733142042,0.6668111554020073
1,0.4710678494852615,0.667488231873122
0,0.3233023030899085,0.6668111554020073
1,0.4710678494852615,0.6668111554020073
0,0.32758250354633833,0.6665856159021519
1,0.4710678494852615,0.6665856159021519
0,0.3864898212295533,0.6668111554020073
1,0.4710678494852615,0.6668111554020073
0,0.4210540578818825,0.6665856159021519
1,0.4710678494852615,0.6665856159021519
0,0.3636221510414561,0.6690512940898118
1,0.4710678494852615,0.6690512940898118
0,0.4011531525146397,0.6680996893281843
1,0.4710678494852615,0.6680996893281843
0,0.3438774304717918,0.6676009749671683
1,0.4710678494852615,0.6676009749671683
0,0.3324792357155978,0.669004355488692
1,0.4710678494852615,0.669004355488692
0,0.390870194680902,0.669230713370018
1,0.4710678494852615,0.669230713370018
0,0.375615135872813,0.6690512940898118
1,0.4710678494852615,0.6690512940898118
1,0.4710678494852615,0.6657330537162055
1,0.4710678494852615,0.6652827801842017
1,0.4710678494852615,0.6717738069386822
1,0.4710678494852615,0.6715465888917052
1,0.4710678494852615,0.6688821944651272
1,0.4710678494852615,0.6688821944651272
0,0.380675693738822,0.6681568248708455
1,0.4710678494852615,0.6681568248708455
0,0.5056542123614658,0.6686559544654216
1,0.4710678494852615,0.6686559544654216
0,0.35243501068073796,0.6686559544654216
1,0.4710678494852615,0.6686559544654216
0,0.33636682127975426,0.6686559544654216
1,0.4710678494852615,0.6686559544654216
0,0.33903162975802587,0.6686559544654216
1,0.4710678494852615,0.6686559544654216
0,0.34156593604176066,0.6677517594328124
1,0.4710678494852615,0.6677517594328124
0,0.3233023030899085,0.6683828959898606
1,0.4710678494852615,0.6683828959898606
0,0.32758250354633833,0.6688352677275222
1,0.4710678494852615,0.6683828959898606
0,0.40043140589691034,0.6688821944651272
1,0.4710678494852615,0.6688821944651272
0,0.40892738852379695,0.6684766892768117
1,0.4710678494852615,0.6681701718536068
0,0.3378217092541261,0.6681568248708455
1,0.4710678494852615,0.6681232950693397
0,0.33447972760342176,0.66720649233031
1,0.4710678494852615,0.6681701718536068
0,0.3411920183983396,0.6681232950693397
1,0.4710678494852615,0.6681701718536068
0,0.3322598296966913,0.6676245630874171
1,0.4710678494852615,0.6683962474885787
0,0.4152430356345525,0.6681232950693397
1,0.4710678494852615,0.6697543085529053
0,0.4569479664321043,0.6681232950693397
1,0.4710678494852615,0.6697073206304319
0,0.3604153090907284,0.6671730102188976
1,0.4710678494852615,0.6679441726855406
0,0.37989295355503516,0.6676245630874171
1,0.4710678494852615,0.6679441726855406
0,0.3494623948906304,0.6676245630874171
1,0.4710678494852615,0.6676245630874171
0,0.3737396043331132,0.6708183298936986
1,0.4710678494852615,0.6714994752283019
0,0.3867201801421016,0.673138730596865
1,0.4710678494852615,0.6729110508836476
0,0.5048558658014295,0.673138730596865
1,0.4710678494852615,0.673138730596865
0,0.3515557592442815,0.6729110508836476
1,0.4710678494852615,0.6729110508836476
0,0.33217824042757366,0.673138730596865
1,0.4710678494852615,0.673138730596865
0,0.33960630522304264,0.673138730596865
1,0.4710678494852615,0.673138730596865
0,0.34105403686285707,0.673138730596865
1,0.4710678494852615,0.673138730596865
0,0.3233023030899085,0.6724087450000759
1,0.4710678494852615,0.6724087450000759
0,0.3275920898934058,0.6724087450000759
1,0.4710678494852615,0.6724087450000759
0,0.400295965602787,0.6722284736965894
1,0.4710678494852615,0.6722284736965894
0,0.40326018038555417,0.6722284736965894
1,0.4710678494852615,0.6722284736965894
0,0.3325716240434253,0.673138730596865
1,0.4710678494852615,0.673138730596865
0,0.4114291175636919,0.6728442734846898
1,0.4710678494852615,0.6728442734846898
0,0.3944638869512617,0.6732996647506813
1,0.4710678494852615,0.6732996647506813
0,0.3655671239460067,0.67334690471876
1,0.4710678494852615,0.67334690471876
0,0.3717998466408192,0.6735747319032904
1,0.4710678494852615,0.6738026361732364
0,0.3392506746764596,0.6735747319032904
1,0.4710678494852615,0.6735747319032904
0,0.42060351010738956,0.6666345152424549
1,0.4710678494852615,0.6666345152424549
1,0.4710678494852615,0.6580767421799619
1,0.4710678494852615,0.6582994026991166
1,0.4710678494852615,0.6582583708655043
1,0.4710678494852615,0.6582583708655043
1,0.4710678494852615,0.6582260790000948
0,0.5008156404821336,0.6590137189859304
1,0.4710678494852615,0.6582260790000948
0,0.3542357110673028,0.6583452387611705
1,0.4710678494852615,0.6585216373749384
0,0.33624061779000497,0.6592829498153843
1,0.4710678494852615,0.6585216373749384
0,0.3910727561875708,0.6592829498153843
1,0.4710678494852615,0.6582260790000948
0,0.34009151458061454,0.6592829498153843
1,0.4710678494852615,0.6582260790000948
0,0.34156593604176066,0.6592829498153843
1,0.4710678494852615,0.6582260790000948
0,0.3232124897775095,0.6589267628850689
1,0.4710678494852615,0.6587177900830643
0,0.32842464103573393,0.6579151951433013
1,0.4710678494852615,0.6587177900830643
0,0.4048867628979551,0.6590137189859304
1,0.4710678494852615,0.6580902775354769
0,0.3378217092541261,0.6578999620330883
1,0.4710678494852615,0.6578593062965161
0,0.4055737423641705,0.6578131528911734
1,0.4710678494852615,0.6578593062965161
0,0.33447972760342176,0.657590656839181
1,0.4710678494852615,0.6580818932461557
0,0.34000127607824643,0.6580818932461557
1,0.4710678494852615,0.6585272931080576
0,0.3363934840121477,0.6576367946337832
1,0.4710678494852615,0.6587501060712921
0,0.3950151799962031,0.6583045555081756
1,0.4710678494852615,0.6587501060712921
0,0.4569479664321043,0.6576367946337832
1,0.4710678494852615,0.6587501060712921
0,0.36539530280596266,0.6569697111124209
1,0.4710678494852615,0.6585272931080576
0,0.36112479447760343,0.6554714944466534
1,0.4710678494852615,0.6681766424890524
0,0.34396465710360646,0.6667749982735657
1,0.4710678494852615,0.6677042729219923
0,0.389757531709345,0.669680132332578
1,0.4710678494852615,0.6699067188632594
0,0.5015985338647665,0.6705532868021469
1,0.4710678494852615,0.6707801687649794
0,0.3567643285158604,0.6749627180176853
1,0.4710678494852615,0.6696465260876461
0,0.3336570857507768,0.6750712691455827
1,0.4710678494852615,0.6696465260876461
0,0.3879736637979736,0.6759514527847165
1,0.4710678494852615,0.6698731012476415
0,0.33960630522304264,0.6759514527847165
1,0.4710678494852615,0.6698731012476415
0,0.34482545042275575,0.6759514527847165
1,0.4710678494852615,0.6698731012476415
0,0.3233023030899085,0.6749627180176853
1,0.4710678494852615,0.6707801687649794
0,0.3275920898934058,0.6758766773269747
1,0.4710678494852615,0.6707801687649794
0,0.417483578995729,0.6749627180176853
1,0.4710678494852615,0.6698731012476415
0,0.3889846787849795,0.6738220066812686
1,0.4710678494852615,0.6696465260876461
0,0.3677242175746038,0.6738220066812686
1,0.4710678494852615,0.6693535966018102
0,0.36400093304350944,0.674386500709469
1,0.4710678494852615,0.6693535966018102
0,0.3532453131499637,0.673400055045478
1,0.4710678494852615,0.670259960663839
0,0.33268181006270997,0.6746146796417033
1,0.4710678494852615,0.6701410129992194
0,0.4238357696256274,0.6730608789781775
1,0.4710678494852615,0.6702870861175416
0,0.39190397051151776,0.6730608789781775
1,0.4710678494852615,0.6703341147174495
0,0.4382355649882104,0.6634486504933943
1,0.4710678494852615,0.6600310811106873
1,0.4710678494852615,0.6595846641505184
1,0.4710678494852615,0.6580767421799619
1,0.4710678494852615,0.6582994026991166
1,0.4710678494852615,0.6582583708655043
1,0.4710678494852615,0.6587038901701503
0,0.5004024234504428,0.658790816859333
1,0.4710678494852615,0.6583452387611705
0,0.3640636562136473,0.6581225627386121
1,0.4710678494852615,0.6581225627386121
0,0.33573118447991707,0.6586141964923864
1,0.4710678494852615,0.6586141964923864
0,0.3907879661992039,0.657677436619124
1,0.4710678494852615,0.657677436619124
0,0.3394208831532615,0.657677436619124
1,0.4710678494852615,0.657677436619124
0,0.3520253299277764,0.6590599566252434
1,0.4710678494852615,0.6586141964923864
0,0.3232124897775095,0.6587038901701503
1,0.4710678494852615,0.6587038901701503
0,0.3275920898934058,0.659195958189825
1,0.4710678494852615,0.659195958189825
0,0.397919825119626,0.658790816859333
1,0.4710678494852615,0.658790816859333
0,0.40630404843396795,0.6583914294986564
1,0.4710678494852615,0.6583914294986564
0,0.3378217092541261,0.657590656839181
1,0.4710678494852615,0.657590656839181
0,0.33447972760342176,0.6570103118719681
1,0.4710678494852615,0.6570103118719681
0,0.3409612506238418,0.6576367946337832
1,0.4710678494852615,0.6576367946337832
0,0.33246227036318154,0.6576367946337832
1,0.4710678494852615,0.6576367946337832
0,0.38932799238016996,0.6576367946337832
1,0.4710678494852615,0.6576367946337832
0,0.4651212926685736,0.6622296080931039
1,0.4710678494852615,0.6622296080931039
0,0.47263538990309406,0.674080568085735
1,0.4710678494852615,0.674080568085735
0,0.35916262034522933,0.6724861986990033
1,0.4710678494852615,0.6720313576268623
0,0.3636638070433261,0.6722721686174151
1,0.4710678494852615,0.6720447820066058
0,0.3753636170354541,0.670035384426502
1,0.4710678494852615,0.6702620911568662
0,0.3893459823631892,0.6724889845748203
1,0.4710678494852615,0.6724889845748203
0,0.5077275792728222,0.6713053538936528
1,0.4710678494852615,0.6713053538936528
0,0.36117774595933017,0.6724889845748203
1,0.4710678494852615,0.6724889845748203
0,0.3328071504707321,0.6724889845748203
1,0.4710678494852615,0.6713053538936528
0,0.33960630522304264,0.6703975761907833
1,0.4710678494852615,0.6703975761907833
0,0.3520253299277764,0.6703975761907833
0,0.32782043279734935,0.6721004967139358
1,0.4710678494852615,0.6695822009809317
0,0.3232124897775095,0.6712830503164364
1,0.4710678494852615,0.6695822009809317
0,0.3850107707682595,0.6721004967139358
1,0.4710678494852615,0.6715796062984792
0,0.3888338605212731,0.6744726514558198
1,0.4710678494852615,0.6722615246290613
0,0.38854688116105335,0.6732855293732533
1,0.4710678494852615,0.6714438823803613
0,0.3327742546812864,0.6732855293732533
1,0.4710678494852615,0.6718068355169086
0,0.46216495371024524,0.6747008595371923
1,0.4710678494852615,0.6711253784068917
0,0.37002238035252233,0.674244520562623
1,0.4710678494852615,0.674244520562623
0,0.3690637796562835,0.6767717288521226
1,0.4710678494852615,0.6751575073689393
0,0.36589409797853933,0.6772297782798052
1,0.4710678494852615,0.6744726514558198
0,0.39661655695121817,0.675856559202691
1,0.4710678494852615,0.6747008595371923
1,0.4710678494852615,0.674929144832857
1,0.4710678494852615,0.6731380448162506
1,0.4710678494852615,0.6729103653349888
1,0.4710678494852615,0.6728631559931837
1,0.4710678494852615,0.6730908195011466
1,0.4710678494852615,0.671122598179996
0,0.3935608217463977,0.6740495333563933
1,0.4710678494852615,0.6713496727695524
0,0.5056505063010295,0.6747339596376638
1,0.4710678494852615,0.6713496727695524
0,0.3698345745145361,0.6747339596376638
1,0.4710678494852615,0.6714382682753762
0,0.3359164043270429,0.6747339596376638
1,0.4710678494852615,0.6709841359788181
0,0.3394208831532615,0.6747339596376638
1,0.4710678494852615,0.6714382682753762
0,0.3530108833795069,0.6747339596376638
1,0.4710678494852615,0.6714382682753762
0,0.3233023030899085,0.67377427230951
1,0.4710678494852615,0.6713496727695524
0,0.32927580106213383,0.6741413291026189
1,0.4710678494852615,0.6713496727695524
0,0.3855970900807635,0.6747339596376638
1,0.4710678494852615,0.6719398491889469
0,0.3402461856851493,0.6742775982755939
1,0.4710678494852615,0.6720313576268623
0,0.3893650090779876,0.6742775982755939
1,0.4710678494852615,0.6720313576268623
0,0.33447972760342176,0.6732297164309894
1,0.4710678494852615,0.6727609335214445
0,0.34000127607824643,0.6739605932971509
1,0.4710678494852615,0.673671911419489
0,0.3333489133047054,0.6732297164309894
1,0.4710678494852615,0.673671911419489
0,0.3987931505888664,0.6732297164309894
1,0.4710678494852615,0.67435595426547
0,0.46191137596993065,0.6739605932971509
1,0.4710678494852615,0.6738998485701618
0,0.3611540886727303,0.6735047550071918
1,0.4710678494852615,0.6732162683816778
0,0.3707733775365682,0.6727743724750673
1,0.4710678494852615,0.6629020324856518
0,0.3686887204359361,0.6618745710931989
1,0.4710678494852615,0.6664146609954003
0,0.40011994506780163,0.662620832388174
1,0.4710678494852615,0.6651873092071205
0,0.3939366914958058,0.6684389657080971
1,0.4710678494852615,0.6691176950490668
0,0.5008819094233851,0.6691176950490668
1,0.4710678494852615,0.6691176950490668
0,0.36661567804075523,0.6691176950490668
1,0.4710678494852615,0.6691176950490668
0,0.3338467668574294,0.6691176950490668
1,0.4710678494852615,0.6691176950490668
0,0.33956830588906933,0.6693440912788767
1,0.4710678494852615,0.6693440912788767
0,0.36710548020090183,0.6693440912788767
1,0.4710678494852615,0.6693440912788767
0,0.3233023030899085,0.6688913753945992
1,0.4710678494852615,0.6684389657080971
0,0.32758011122356784,0.6686651322895732
1,0.4710678494852615,0.667488231873122
0,0.3727814345443507,0.6688913753945992
1,0.4710678494852615,0.6677140767734389
0,0.3773390238827465,0.6677140767734389
1,0.4710678494852615,0.6677140767734389
0,0.3327742546812864,0.6701839291006084
1,0.4710678494852615,0.6701839291006084
0,0.39608955919596894,0.669004355488692
1,0.4710678494852615,0.669004355488692
0,0.38025184205074564,0.6696836589234128
1,0.4710678494852615,0.6696836589234128
0,0.3831497139517798,0.669957248807461
1,0.4710678494852615,0.669957248807461
0,0.36259357195765046,0.6703636521191979
1,0.4710678494852615,0.6703636521191979
0,0.40189686682975206,0.669957248807461
1,0.4710678494852615,0.669957248807461
0,0.4440301054391231,0.670697970468552
1,0.4710678494852615,0.670697970468552
1,0.4710678494852615,0.6638489840717912
1,0.4710678494852615,0.6631755991250228
1,0.4710678494852615,0.6662025632831494
1,0.4710678494852615,0.6657519721948372
1,0.4710678494852615,0.6641307053668473
0,0.3926289329554525,0.6651644246035553
1,0.4710678494852615,0.6643554142467776
0,0.5025496169073704,0.6653894832427875
1,0.4710678494852615,0.6643554142467776
0,0.3650067316100634,0.6663372277346721
1,0.4710678494852615,0.6643554142467776
0,0.33552675332845616,0.6663372277346721
1,0.4710678494852615,0.6643554142467776
0,0.34061482222067024,0.6663372277346721
1,0.4710678494852615,0.6643554142467776
0,0.38113377622003136,0.6663372277346721
1,0.4710678494852615,0.6643554142467776
0,0.3233023030899085,0.6657519721948372
1,0.4710678494852615,0.664580199157044
0,0.32758011122356784,0.6659772296310231
1,0.4710678494852615,0.664580199157044
0,0.3703819164855307,0.6663372277346721
1,0.4710678494852615,0.663993685693267
0,0.37455170597079646,0.667465268110345
1,0.4710678494852615,0.663993685693267
0,0.3402461856851493,0.6642982871887189
1,0.4710678494852615,0.664443086746459
0,0.33447972760342176,0.6654361682176863
1,0.4710678494852615,0.6648050601233714
0,0.3411920183983396,0.664402026669455
1,0.4710678494852615,0.666155824540307
0,0.3333489133047054,0.6648517040940474
1,0.4710678494852615,0.6657052650640931
0,0.3920459081324674,0.6639526533875534
0,0.4583906338137818,0.6636815155951387
1,0.4710678494852615,0.6636815155951387
0,0.3969107711254834,0.6641307053668473
1,0.4710678494852615,0.6641307053668473
0,0.3717016816300103,0.6636815155951387
1,0.4710678494852615,0.6639060724915368
0,0.3753028980679434,0.6645669238855109
1,0.4710678494852615,0.6647917803601451
0,0.3692929929639926,0.6621726638303518
1,0.4710678494852615,0.662620832388174
1,0.4710678494852615,0.662620832388174
0,0.3896984083615952,0.6651378509855989
1,0.4710678494852615,0.6665856159021519
0,0.503305314537805,0.6665856159021519
1,0.4710678494852615,0.6665856159021519
0,0.36021040114452746,0.6665856159021519
1,0.4710678494852615,0.6665856159021519
0,0.3317873545296964,0.6665856159021519
1,0.4710678494852615,0.6665856159021519
0,0.39494104275284314,0.6262534082907684
1,0.46656813068920205,0.6209540395903195
0,0.3355211195993375,0.6202806457049801
1,0.4710678494852615,0.6202806457049801
0,0.35772288077122943,0.6202806457049801
1,0.4710678494852615,0.6202806457049801
0,0.3921200210323326,0.620656914652095
1,0.4710678494852615,0.620656914652095
0,0.3380767965084136,0.620656914652095
1,0.4710678494852615,0.620656914652095
0,0.33500247333905164,0.6200708444959436
1,0.4710678494852615,0.6200708444959436
0,0.38242198098327407,0.6200708444959436
1,0.46921024260824445,0.6182156341333883
0,0.40614187125824563,0.6191573148916847
1,0.4710678494852615,0.6191573148916847
0,0.3912476790254477,0.6186951343973709
1,0.4710678494852615,0.6186951343973709
0,0.5333011374317925,0.6191138767001877
1,0.4710678494852615,0.6191138767001877
0,0.37946617667231625,0.6182766753140438
1,0.4710678494852615,0.6182766753140438
0,0.3334539175454199,0.6195329024141812
1,0.4710678494852615,0.6195329024141812
0,0.347309435430484,0.6167085786178949
1,0.4710678494852615,0.6167085786178949
0,0.38452002133931146,0.6283599812241075
1,0.4710678494852615,0.6283599812241075
0,0.32957903760228313,0.6277540973578499
1,0.4710678494852615,0.6277540973578499
0,0.32531163145018505,0.6269052121684779
1,0.4710678494852615,0.6269052121684779
0,0.370583060154238,0.6270733291468299
1,0.4710678494852615,0.6275417683588472
1,0.46921024260824445,0.6215711532373664
1,0.4710678494852615,0.6217814620764432
1,0.4710678494852615,0.618115509876474
0,0.5313747168605041,0.6217814620764432
1,0.4710678494852615,0.618115509876474
0,0.3728634123459222,0.6217814620764432
1,0.4710678494852615,0.6179064409941959
0,0.33626224044493297,0.6217814620764432
1,0.4710678494852615,0.618115509876474
0,0.3563457716662398,0.6228340741246274
1,0.4653055000853401,0.616714712536389
0,0.3603620320787392,0.6158375471199262
1,0.4710678494852615,0.6158375471199262
0,0.3388448189491852,0.6158375471199262
1,0.4710678494852615,0.6158375471199262
0,0.3939629627142591,0.6158807554379911
1,0.4710678494852615,0.6158807554379911
0,0.3337576633313989,0.6164628652625607
1,0.4710678494852615,0.6164628652625607
0,0.3818876041734782,0.6156724424299876
1,0.4710678494852615,0.6156724424299876
0,0.3439104086552668,0.6156724424299876
1,0.4710678494852615,0.6156724424299876
0,0.42744775481874453,0.6170708723720472
1,0.4710678494852615,0.6170708723720472
0,0.4084740663921899,0.6168188796535232
1,0.4710678494852615,0.6168188796535232
0,0.4083233578671769,0.6170708723720472
1,0.4710678494852615,0.6170708723720472
0,0.40097630659527317,0.6161932003824733
1,0.4710678494852615,0.6161932003824733
0,0.3959981040474935,0.6162364336538386
1,0.4710678494852615,0.6162364336538386
0,0.41563171020264184,0.6213913988323301
1,0.4710678494852615,0.6213913988323301
1,0.4710678494852615,0.6213913988323301
1,0.4710678494852615,0.6213913988323301
1,0.4710678494852615,0.6213913988323301
1,0.4710678494852615,0.6213913988323301
1,0.4710678494852615,0.6162364336538386
0,0.40073595746617324,0.6213913988323301
1,0.4710678494852615,0.6162364336538386
0,0.5377625416398996,0.6213913988323301
1,0.4710678494852615,0.6162364336538386
0,0.3847081760417727,0.6213913988323301
1,0.4710678494852615,0.6170708723720472
0,0.34853241337507246,0.6213913988323301
1,0.4710678494852615,0.6170708723720472
0,0.3499391977428089,0.6213913988323301
1,0.4710678494852615,0.6170708723720472
0,0.3880864200473496,0.6213913988323301
1,0.4710678494852615,0.6161932003824733
0,0.330235990366208,0.6213913988323301
1,0.4710678494852615,0.6161932003824733
0,0.32501680394720167,0.6213913988323301
1,0.4710678494852615,0.6164016895891306
0,0.36383892763508274,0.6213913988323301
1,0.4710678494852615,0.6170275805590028
0,0.3856155577387166,0.6213166230980128
1,0.4710678494852615,0.6174451942359493
0,0.3964976566620451,0.6217371396643631
1,0.4710678494852615,0.6170464722715118
0,0.3799459015460115,0.6202230595829417
1,0.4710678494852615,0.6186876259552655
0,0.3936023840874418,0.6204329122940114
1,0.4710678494852615,0.6180910684690785
0,0.45846231419824857,0.6204329122940114
1,0.4710678494852615,0.6178510009698904
0,0.5308136332613604,0.6204329122940114
1,0.4710678494852615,0.6203582495156473
0,0.3758993472479363,0.6206428360088267
1,0.4710678494852615,0.6197600811632498
0,0.34088130046554993,0.6217186804476874
1,0.4710678494852615,0.6197600811632498
0,0.3938657203035973,0.6217186804476874
1,0.46921024260824445,0.6176712472908202
1,0.4710678494852615,0.6176712472908202
1,0.4710678494852615,0.6148413237758623
1,0.4710678494852615,0.6148413237758623
1,0.4710678494852615,0.6122697639543848
1,0.4710678494852615,0.6122697639543848
1,0.4710678494852615,0.6132574171839104
0,0.39203881374367816,0.6122697639543848
1,0.4710678494852615,0.6140878220499334
0,0.5290628959943684,0.6122697639543848
1,0.4710678494852615,0.6140878220499334
0,0.37783282032263166,0.6130680645984797
1,0.4710678494852615,0.6140878220499334
0,0.35320153171349766,0.6122697639543848
1,0.4710678494852615,0.6140878220499334
0,0.3612194906545274,0.6122697639543848
1,0.4710678494852615,0.6130499914831947
0,0.39841368637992747,0.6126841574684909
1,0.4710678494852615,0.6140878220499334
0,0.34116015847439674,0.6126841574684909
1,0.4710678494852615,0.6132574171839104
0,0.3352426232515656,0.6120626723134904
1,0.4710678494852615,0.6134218742372697
0,0.37503491647135706,0.6120626723134904
1,0.4710678494852615,0.6138370475171865
0,0.39418112107697556,0.6122697639543848
1,0.4710678494852615,0.6137167711943314
0,0.35598187102934264,0.6120626723134904
1,0.4710678494852615,0.6131713716570767
0,0.3515600337807658,0.6118127247894557
1,0.4710678494852615,0.6136294257646584
0,0.35510363407466095,0.611989708301852
1,0.4710678494852615,0.6120982888777295
0,0.3551533417563827,0.6124468796778212
1,0.4710678494852615,0.611641377713284
0,0.4237817147145475,0.6126541013154253
1,0.4710678494852615,0.6219942720683174
0,0.44968911923623567,0.6214531455652668
1,0.4710678494852615,0.6216634144764023
0,0.3880942014248415,0.6215591291412548
1,0.46921024260824445,0.6215591291412548
0,0.3328179558278283,0.6257136878747408
1,0.4710678494852615,0.6257136878747408
0,0.3267067496988984,0.6261371804415925
1,0.4710678494852615,0.6261371804415925
0,0.36486826835359976,0.6252466132644514
1,0.4710678494852615,0.6252466132644514
0,0.38604663722003013,0.6256697897080833
1,0.4710678494852615,0.6256697897080833
0,0.411902138481703,0.6261371804415925
1,0.46921024260824445,0.6242337182746088
0,0.4002523899265371,0.625078986024604
1,0.4710678494852615,0.625078986024604
0,0.5384907197569998,0.625078986024604
1,0.4710678494852615,0.625078986024604
0,0.3902241567586907,0.624189923938111
1,0.4710678494852615,0.624189923938111
0,0.36624974190706827,0.6246123851982912
1,0.4710678494852615,0.6250351323866953
0,0.37688433408636596,0.6246123851982912
1,0.4710678494852615,0.6246123851982912
0,0.3875956392005847,0.6246123851982912
1,0.4710678494852615,0.6246123851982912
0,0.33272549906908244,0.6233458584289947
1,0.4710678494852615,0.6233458584289947
0,0.3917123959720571,0.6239788004706656
0,0.37588689813616716,0.624427455531733
1,0.4653055000853401,0.6233721506115044
0,0.3924089542278883,0.625496693555578
1,0.4710678494852615,0.6233721506115044
0,0.35518922326831015,0.625496693555578
1,0.4710678494852615,0.6233721506115044
0,0.417572298808359,0.6231613037443912
1,0.4710678494852615,0.6231613037443912
0,0.43261183448037416,0.6231613037443912
1,0.4710678494852615,0.6231613037443912
0,0.400787436934618,0.6231613037443912
0,0.37773829216875754,0.6214580667959038
0,0.4570790991133362,0.6153993194201494
1,0.4653055000853401,0.6153993194201494
0,0.4322590786496242,0.6162634592645261
1,0.4710678494852615,0.6162634592645261
0,0.38647937292880674,0.6203187927573657
1,0.4710678494852615,0.616055016812333
0,0.39141199591457115,0.6216004947788827
1,0.4710678494852615,0.616055016812333
0,0.4163788248497963,0.6216004947788827
1,0.4710678494852615,0.617306729901626
0,0.40407444791031516,0.6210675426402004
1,0.4710678494852615,0.6172384418713166
0,0.5452130814818779,0.6237993287208637
1,0.4710678494852615,0.624159319953858
0,0.3921641959874195,0.6295795540163869
1,0.4710678494852615,0.6243705045001401
0,0.35810165648397885,0.6295795540163869
1,0.4710678494852615,0.6243705045001401
0,0.368286538583215,0.6295795540163869
1,0.4710678494852615,0.6243705045001401
0,0.3995031645079509,0.6295795540163869
1,0.4710678494852615,0.6243705045001401
0,0.3475128189376334,0.6295795540163869
1,0.4710678494852615,0.6243705045001401
0,0.3542856034834134,0.6295795540163869
1,0.4710678494852615,0.6253698288045646
0,0.37593922275851477,0.6329698143147394
1,0.4710678494852615,0.6268838580047159
0,0.3924089542278883,0.6339099385068689
1,0.4710678494852615,0.6268838580047159
0,0.427852237191503,0.6329698143147394
1,0.4710678494852615,0.6277327142786585
0,0.35322484834421336,0.6335129800625844
1,0.4710678494852615,0.6273081425605581
0,0.44039974997013714,0.6332987032024604
1,0.4710678494852615,0.6279641766539282
0,0.3844134470290497,0.6332987032024604
1,0.4710678494852615,0.6279641766539282
0,0.3871003299893132,0.6332987032024604
1,0.4710678494852615,0.6279641766539282
0,0.3939723572416368,0.6335129800625844
1,0.4710678494852615,0.6308129074287122
0,0.4094629918850934,0.6191337057394438
1,0.4710678494852615,0.613746735365514
1,0.4710678494852615,0.613746735365514
1,0.4710678494852615,0.6090898779440377
1,0.4710678494852615,0.6088838618548862
1,0.4710678494852615,0.6088838618548862
1,0.4710678494852615,0.6088838618548862
0,0.39408693019430596,0.6130131037177626
1,0.4710678494852615,0.6088838618548862
0,0.5334576852565308,0.6130131037177626
1,0.4710678494852615,0.6088838618548862
0,0.3812731679170908,0.6130131037177626
1,0.4710678494852615,0.6088838618548862
0,0.34342362607576815,0.6136355539357139
1,0.4710678494852615,0.6107405180418206
0,0.368286538583215,0.6160682235479674
1,0.4710678494852615,0.6119184024696998
0,0.372131102877802,0.6160682235479674
1,0.4710678494852615,0.6108267713301109
0,0.33663612943339616,0.6160682235479674
1,0.4710678494852615,0.6119184024696998
0,0.339332738705206,0.6160682235479674
1,0.4710678494852615,0.6119184024696998
0,0.3700125367812439,0.6160682235479674
1,0.4710678494852615,0.6112976940695057
0,0.3811947969760181,0.6154433057159403
1,0.4710678494852615,0.609471513464149
0,0.35303874864032203,0.6154433057159403
1,0.4710678494852615,0.6108267713301109
0,0.34744307091847215,0.6177811166787566
1,0.4710678494852615,0.6119733101595031
0,0.35083620862673964,0.6167249134401471
1,0.4710678494852615,0.6109568208431845
0,0.34659996099630563,0.6167249134401471
1,0.4710678494852615,0.6107501732868412
0,0.42558410564729154,0.6160561058325486
1,0.4710678494852615,0.6107501732868412
0,0.44914380237315277,0.6167249134401471
1,0.4710678494852615,0.6109568208431845
0,0.44765761106171,0.6167249134401471
1,0.4710678494852615,0.6167249134401471
0,0.38861048665889525,0.6200246075619216
1,0.4710678494852615,0.6200246075619216
0,0.40395588354967943,0.6222980499527022
1,0.4710678494852615,0.6222980499527022
0,0.39936722647752765,0.6222980499527022
1,0.4710678494852615,0.6222980499527022
0,0.43275277809889545,0.6142256466541526
1,0.4710678494852615,0.6142256466541526
0,0.5348920875063491,0.6142256466541526
0,0.33663612943339616,0.6177530856557368
1,0.4681486594665637,0.6115610190920935
1,0.4710678494852615,0.6115610190920935
1,0.4710678494852615,0.6108568888460831
0,0.40003621699081576,0.6115610190920935
1,0.4710678494852615,0.6104437312187817
0,0.5327363130981062,0.6115610190920935
1,0.4710678494852615,0.6110329077921569
0,0.3898270728224527,0.6115610190920935
1,0.4710678494852615,0.6110329077921569
0,0.36512897586071635,0.6113234878738897
1,0.4710678494852615,0.6110329077921569
0,0.37773829216875754,0.6115610190920935
1,0.4710678494852615,0.6122744168583923
0,0.3757439275428802,0.6128036011855889
1,0.4710678494852615,0.6120980402734506
0,0.3377958177715108,0.6122127172556167
1,0.4710678494852615,0.6106502750903332
0,0.3482116034115983,0.6113848480141242
1,0.4710678494852615,0.6106502750903332
0,0.3801070206296459,0.6122127172556167
1,0.4710678494852615,0.6110329077921569
0,0.38847836425423465,0.6128036011855889
1,0.4710678494852615,0.6120673236437185
0,0.34192520529747894,0.6117986426036259
1,0.4710678494852615,0.6106502750903332
0,0.3367428505403793,0.6122127172556167
1,0.4710678494852615,0.6104437312187817
0,0.33978389076381177,0.6125750304666976
1,0.4710678494852615,0.6123481043591322
0,0.35269413209464273,0.6136120569732979
1,0.4710678494852615,0.6136120569732979
0,0.42953766795047,0.6163970482506966
1,0.4710678494852615,0.6163970482506966
0,0.4800518659601993,0.6211754979163672
1,0.4710678494852615,0.6211754979163672
0,0.49519579224744326,0.6341232572569404
1,0.4710678494852615,0.6326107599979511
0,0.38926256040903257,0.6341232572569404
1,0.4710678494852615,0.632824804092227
0,0.41562290660690165,0.6341232572569404
1,0.4710678494852615,0.632824804092227
0,0.41126270865468006,0.6341232572569404
1,0.4710678494852615,0.634110590375748
0,0.4478459103555142,0.6345842865951226
1,0.4710678494852615,0.6338961113823361
0,0.5345635333946802,0.6345842865951226
1,0.4710678494852615,0.6330389206084046
0,0.383543337539755,0.6345842865951226
1,0.4710678494852615,0.6334673710044891
0,0.34749998134608096,0.6349819163187461
1,0.4710678494852615,0.6334673710044891
0,0.39886271162417813,0.6349819163187461
1,0.4710678494852615,0.6334673710044891
0,0.36743556653978926,0.6343378131052464
1,0.4710678494852615,0.6332531095709879
0,0.33770197816375475,0.6347671426115825
1,0.4710678494852615,0.6334673710044891
0,0.3545703197205857,0.6341232572569404
1,0.4710678494852615,0.6326107599979511
0,0.339238472141135,0.6341232572569404
1,0.4710678494852615,0.6326107599979511
0,0.37778598525667256,0.6336943632472816
1,0.4710678494852615,0.6323524212684521
0,0.34903837420629646,0.633649905180746
1,0.46921024260824445,0.6305991269553275
0,0.339332738705206,0.633649905180746
1,0.4710678494852615,0.630407753440913
0,0.37796223252595956,0.633649905180746
1,0.4710678494852615,0.6308344230229301
0,0.34192520529747894,0.6340787691005075
1,0.4710678494852615,0.6323524212684521
0,0.3877908608044316,0.6334355820076256
1,0.4710678494852615,0.6317109853217961
0,0.3367428505403793,0.6332213313263056
1,0.4710678494852615,0.6325663779537194
0,0.338516314475334,0.6340787691005075
1,0.4710678494852615,0.6327804070313134
0,0.3536047686508735,0.6340787691005075
1,0.4710678494852615,0.6330389206084046
0,0.4326335452544886,0.6343378131052464
1,0.4710678494852615,0.6330389206084046
0,0.4499550527766948,0.6343378131052464
1,0.4710678494852615,0.632824804092227
0,0.39710987204699083,0.6352604252399185
1,0.4710678494852615,0.6343887171253308
0,0.39653430018846103,0.6352604252399185
1,0.4710678494852615,0.6354626719593142
0,0.4096911101330678,0.6367665375981562
1,0.4710678494852615,0.6352477356433132
0,0.4738304684181315,0.6363677903333116
1,0.4710678494852615,0.6343887171253308
0,0.5398753107213775,0.6355072572129689
0,0.345828380457765,0.6346033627920855
0,0.3975068719707883,0.6352092455362816
1,0.4653055000853401,0.635722281338193
0,0.3562595406277155,0.6367665375981562
1,0.4710678494852615,0.6367665375981562
0,0.38162847187783305,0.6367665375981562
1,0.4710678494852615,0.6367665375981562
0,0.3588051131634226,0.635905465268832
1,0.4710678494852615,0.635905465268832
0,0.3478577115230332,0.6367665375981562
1,0.4710678494852615,0.6367665375981562
0,0.3482116034115983,0.6367665375981562
1,0.4710678494852615,0.6367665375981562
0,0.3868917329786168,0.6406878714751963
1,0.4710678494852615,0.6385113754121999
0,0.39052894772218494,0.6401968306723624
1,0.4710678494852615,0.6401968306723624
0,0.34192520529747894,0.6397638287558806
1,0.4710678494852615,0.6397638287558806
0,0.34104182584703313,0.6385113754121999
1,0.4710678494852615,0.6385113754121999
0,0.3837496091130053,0.637216665655199
1,0.4653055000853401,0.6361206241279052
1,0.46873429232162356,0.6293059467169629
1,0.47059001490787866,0.6293059467169629
0,0.3607731529087774,0.628623495602213
1,0.47059001490787866,0.628623495602213
0,0.34650422842684353,0.628623495602213
1,0.4710678494852615,0.628623495602213
0,0.3490929719815388,0.6278589283769602
1,0.4710678494852615,0.6278589283769602
0,0.394391827363604,0.6269337973352671
1,0.4710678494852615,0.6269337973352671
0,0.3920224326728525,0.6276144140666797
1,0.4710678494852615,0.6276144140666797
0,0.34192520529747894,0.6261524624875642
1,0.4710678494852615,0.6261524624875642
0,0.34104182584703313,0.6277293920903145
1,0.4710678494852615,0.6277293920903145
0,0.346101522278231,0.6273670803897714
1,0.4710678494852615,0.6273670803897714
0,0.360173884212455,0.6279652972732699
1,0.4710678494852615,0.6279652972732699
0,0.4127063618247017,0.6272654438407005
1,0.4710678494852615,0.6272654438407005
0,0.45598177467383866,0.6272654438407005
1,0.4710678494852615,0.6272654438407005
0,0.46982777939142484,0.6286991897011752
1,0.4710678494852615,0.6286991897011752
0,0.40743482061054787,0.6291247029011957
1,0.4710678494852615,0.6291247029011957
0,0.4021336546887193,0.629763512750552
1,0.4710678494852615,0.629763512750552
0,0.4240030795610452,0.629763512750552
1,0.4710678494852615,0.629763512750552
0,0.4236316678130255,0.6295505040950394
1,0.4710678494852615,0.6295505040950394
0,0.5521137402133585,0.6164819100973523
1,0.4710678494852615,0.6164819100973523
0,0.3940261044718196,0.6197683722832735
1,0.4710678494852615,0.6197683722832735
0,0.3604093993851001,0.6234928749520665
1,0.4710678494852615,0.6234928749520665
0,0.38249271114082256,0.6256056804089482
1,0.4710678494852615,0.62344913259088
0,0.36538838836672827,0.6255617898197657
1,0.4710678494852615,0.62344913259088
0,0.33805506707632665,0.6247158691947151
1,0.4710678494852615,0.6234928749520665
0,0.34030673769138364,0.624759700432519
1,0.4710678494852615,0.6227345478759996
0,0.3833014035697131,0.624759700432519
1,0.4710678494852615,0.6234928749520665
0,0.3826436310310062,0.6247158691947151
1,0.4710678494852615,0.6228167278255861
0,0.4005497685877453,0.624759700432519
1,0.4710678494852615,0.6234928749520665
0,0.3463592425234584,0.6251386864226661
1,0.4710678494852615,0.62344913259088
0,0.4617675455891351,0.625773448892267
1,0.4710678494852615,0.6230274581053045
0,0.39855944817418915,0.6260290998746998
1,0.4710678494852615,0.6230711708810178
0,0.3864422922822746,0.6260290998746998
1,0.4710678494852615,0.6242933379423597
0,0.444438077990957,0.6262409170617382
1,0.4710678494852615,0.6240821794965811
0,0.40946506765854146,0.6387722302961961
1,0.4710678494852615,0.6372294886917265
1,0.4710678494852615,0.6372294886917265
1,0.4710678494852615,0.6346033627920855
1,0.4710678494852615,0.6346033627920855
1,0.4710678494852615,0.6313848110089005
0,0.33796115544916777,0.6341741440594556
1,0.4710678494852615,0.6283667851485564
0,0.34030673769138364,0.6337007539979432
1,0.4710678494852615,0.6275836643972708
0,0.3820203624099211,0.633057950350221
1,0.4710678494852615,0.6277960075718141
0,0.3891617574392601,0.6332721457515248
1,0.4710678494852615,0.6275703825508615
0,0.34192520529747894,0.632585393490462
1,0.4710678494852615,0.6267882543399446
0,0.34104182584703313,0.632585393490462
1,0.4710678494852615,0.6291360282573303
0,0.33995695752250643,0.6297748496063925
1,0.4710678494852615,0.629072979467777
0,0.3490518433167425,0.6302453069206899
1,0.4710678494852615,0.6317395291447738
0,0.40160656120699084,0.6317395291447738
1,0.4710678494852615,0.6317395291447738
0,0.44855064122150146,0.6317395291447738
1,0.4710678494852615,0.6317395291447738
0,0.46607360124761077,0.6317395291447738
1,0.4710678494852615,0.6317395291447738
0,0.4144349511654984,0.6317395291447738
1,0.46921024260824445,0.6302010908294419
1,0.46921024260824445,0.6279226417978858
1,0.4710678494852615,0.6279226417978858
0,0.4122088975496965,0.6269146852897147
1,0.46921024260824445,0.6269146852897147
0,0.34192520529747894,0.6269146852897147
1,0.4710678494852615,0.6269146852897147
0,0.34104182584703313,0.6262534206833907
0,0.4135870936705627,0.6258424835772555
1,0.46921024260824445,0.6227642540092959
0,0.41240481952490327,0.6267527396865599
1,0.4710678494852615,0.6243989056151639
0,0.3852483350632449,0.6247649919544475
1,0.4710678494852615,0.6237457744727469
0,0.40272768396607356,0.6247649919544475
1,0.4710678494852615,0.6239820706590333
0,0.3493205873365656,0.6247649919544475
1,0.4710678494852615,0.6239820706590333
0,0.3510747514600531,0.6247649919544475
1,0.4710678494852615,0.6245536739783293
0,0.3986682080997466,0.6258853778378001
1,0.4710678494852615,0.624342427477546
0,0.39965490485299104,0.6258853778378001
1,0.4710678494852615,0.6250390196384237
0,0.36261218410925994,0.6271570644541845
1,0.4710678494852615,0.6159628027526809
0,0.39459515916299315,0.6181864254362137
1,0.4710678494852615,0.613870373401789
0,0.45397781663106873,0.6170862087184404
1,0.4710678494852615,0.6142794563198403
0,0.4136754048897459,0.6181928243034412
1,0.4710678494852615,0.6142794563198403
0,0.4018748229851904,0.6181928243034412
1,0.4710678494852615,0.6153874439581123
0,0.454273022517198,0.6181928243034412
1,0.4710678494852615,0.6149712220559624
0,0.4693139546946218,0.6184019900836223
1,0.4710678494852615,0.6149712220559624
1,0.4710678494852615,0.6149712220559624
1,0.4710678494852615,0.6138147267195945
1,0.4710678494852615,0.6138147267195945
0,0.33977277915552756,0.6120172363722071
1,0.46921024260824445,0.6120172363722071
0,0.3862185254560209,0.6107993862547376
1,0.4710678494852615,0.6107993862547376
0,0.40029024766007965,0.6093546927136604
1,0.4710678494852615,0.6093546927136604
0,0.34192520529747894,0.6090029864884415
1,0.4710678494852615,0.6090029864884415
0,0.34104182584703313,0.6086337826543968
1,0.4710678494852615,0.6086337826543968
0,0.34629827793714985,0.6087723627415248
1,0.4710678494852615,0.6087723627415248
0,0.3558010662337096,0.6108620970111625
1,0.4710678494852615,0.6140243098809345
0,0.3949919943071242,0.6147746236794455
1,0.4710678494852615,0.6147746236794455
0,0.45211423990118466,0.6148557531876017
1,0.4710678494852615,0.6148557531876017
0,0.48363772476883643,0.6147746236794455
1,0.4710678494852615,0.6147746236794455
0,0.4061702708259255,0.6154800744219425
1,0.4710678494852615,0.6154800744219425
0,0.4025860567611568,0.6152102375413188
1,0.4710678494852615,0.6152102375413188
0,0.4471077378401602,0.6154433001749186
1,0.4710678494852615,0.6154433001749186
0,0.4046805250366555,0.6146110623534283
1,0.4710678494852615,0.6146110623534283
0,0.561206134894284,0.6146110623534283
0,0.3518542057678024,0.613662740377249
1,0.4653055000853401,0.6080721094398561
0,0.3950534344515019,0.6104378530355188
1,0.4710678494852615,0.609108448922237
0,0.3793834420151052,0.6106443949181847
1,0.4710678494852615,0.6084232780728789
0,0.4161214724633777,0.6115325461793608
1,0.4710678494852615,0.6095143584961329
0,0.35055777725894033,0.6104314991752009
1,0.4710678494852615,0.6095571231674172
0,0.3498489537497786,0.6104743281947964
1,0.4710678494852615,0.6107956337044931
0,0.3935023677718303,0.6111189315661666
1,0.4710678494852615,0.6120672853704602
0,0.40392668937970455,0.6149844937600696
1,0.4710678494852615,0.6129046855899013
0,0.34192520529747894,0.6165469695456413
1,0.4710678494852615,0.6105475961758844
0,0.34104182584703313,0.6153399674007322
1,0.4710678494852615,0.6091462340259652
0,0.3401502200506257,0.6147746236794455
1,0.4710678494852615,0.6117349171138616
0,0.35150137862804604,0.6147746236794455
1,0.4710678494852615,0.6101774559329364
0,0.4041855601748152,0.6147746236794455
1,0.4710678494852615,0.6101774559329364
0,0.4478069148139421,0.6148557531876017
1,0.4710678494852615,0.6110036902585986
0,0.4872924941028438,0.6102539941765946
1,0.4710678494852615,0.6087335761121601
0,0.40616484300622685,0.6093676998036264
1,0.4710678494852615,0.606712275300979
0,0.394155152793082,0.6117815437036341
1,0.4710678494852615,0.6086609157752358
0,0.45214151717833795,0.6118063025329149
1,0.4710678494852615,0.6094046757149834
0,0.40787232091511616,0.6134643041704498
1,0.4710678494852615,0.6146474417380356
0,0.5482311392135598,0.6142446818069301
1,0.4710678494852615,0.6146474417380356
0,0.4154287962767629,0.6151380695025475
1,0.4710678494852615,0.6146474417380356
0,0.3791148832815142,0.6157875973453185
1,0.4710678494852615,0.6144644122798144
0,0.3628998862555216,0.6164128647692197
0,0.46484686651167656,0.6155361286767491
1,0.4651807527056496,0.6126908816154311
1,0.46921024260824445,0.6120133074309952
1,0.46921024260824445,0.60936162660911
0,0.3527773197422437,0.60936162660911
1,0.4710678494852615,0.60936162660911
0,0.3555346761637827,0.6096330889540761
1,0.4710678494852615,0.6096330889540761
0,0.4041727990914506,0.6094645517423131
1,0.4710678494852615,0.6094645517423131
0,0.4061003407125961,0.6094645517423131
1,0.4710678494852615,0.6094645517423131
0,0.40677943204067113,0.6094645517423131
1,0.4710678494852615,0.6094645517423131
0,0.36184369487494966,0.6101508952134136
1,0.4710678494852615,0.6101508952134136
0,0.4881160560350234,0.6101508952134136
1,0.4710678494852615,0.6101508952134136
0,0.4187368739726338,0.6092647505748704
1,0.4710678494852615,0.6092647505748704
0,0.40581170272257877,0.6092647505748704
1,0.4710678494852615,0.6092647505748704
0,0.46224545025951647,0.6092647505748704
1,0.4710678494852615,0.6092647505748704
0,0.40946506765854146,0.6086221029788107
1,0.4710678494852615,0.6086221029788107
1,0.4710678494852615,0.6050052946088051
1,0.4710678494852615,0.6050052946088051
1,0.4710678494852615,0.6004308382269136
1,0.4710678494852615,0.6004308382269136
1,0.4710678494852615,0.5984043288122347
0,0.41063588240590415,0.6007579391968093
1,0.46921024260824445,0.5947154156574779
0,0.3998002414473776,0.5977396340260325
1,0.4710678494852615,0.5936245316032798
0,0.34959839513815916,0.5980652688895122
1,0.4710678494852615,0.5948724044135189
0,0.3491881317788012,0.5982676245035674
1,0.4710678494852615,0.5948724044135189
0,0.348308051462287,0.5984700485847225
1,0.4710678494852615,0.5959874264914303
0,0.35174127601698185,0.5975743985628302
1,0.4710678494852615,0.5959456138287368
0,0.39049970620172336,0.599794686167201
1,0.4710678494852615,0.5959456138287368
0,0.45578925148808686,0.6001340124056451
1,0.4710678494852615,0.5964351462097229
0,0.48393292493748913,0.6006490010074451
1,0.46921024260824445,0.5949652188827244
1,0.46873429232162356,0.594160672700347
1,0.4710678494852615,0.5907050845959917
1,0.4710678494852615,0.5907050845959917
1,0.4710678494852615,0.5875512924271133
1,0.4710678494852615,0.5875512924271133
0,0.4215975663709097,0.5875512924271133
1,0.4710678494852615,0.5875512924271133
0,0.5583990074353835,0.589184898145306
1,0.4710678494852615,0.589184898145306
0,0.39265463406685575,0.5920598177666959
1,0.4710678494852615,0.5920598177666959
0,0.4126021906344546,0.5986265232521014
1,0.4710678494852615,0.5980192976644055
0,0.3888218839945364,0.5964401066268767
1,0.4710678494852615,0.5964401066268767
0,0.35511409737543753,0.5970876185612807
1,0.4710678494852615,0.5970876185612807
0,0.4703953304231749,0.5989312888137748
1,0.4710678494852615,0.6008800306254722
0,0.3555346761637827,0.6012143589765419
1,0.4710678494852615,0.6012143589765419
0,0.4047084659893105,0.6012565944154077
1,0.4710678494852615,0.6012565944154077
0,0.4080066751758715,0.5990754378482911
1,0.4710678494852615,0.5990754378482911
0,0.34189381898436483,0.5990754378482911
1,0.4710678494852615,0.5990754378482911
0,0.3414925971576318,0.6005378926437075
1,0.4710678494852615,0.6005378926437075
0,0.3410614190414444,0.6012565944154077
1,0.4710678494852615,0.6012565944154077
0,0.4755764642879871,0.6016518729129245
1,0.4710678494852615,0.6016518729129245
0,0.49173067147875843,0.6160192342501689
1,0.4710678494852615,0.6160192342501689
0,0.3595177672214787,0.6173141835187393
1,0.4710678494852615,0.6160741667207592
0,0.39982525918626516,0.6172785712424228
1,0.4710678494852615,0.6202860855541408
1,0.46921024260824445,0.6171070931628468
1,0.4710678494852615,0.6171070931628468
0,0.3772030592473232,0.6174151716412678
1,0.4710678494852615,0.6174151716412678
0,0.41374127426627194,0.6205435538520815
1,0.4710678494852615,0.6207092658655223
1,0.4710678494852615,0.6207092658655223
0,0.36126919342096525,0.6193611403178636
1,0.4710678494852615,0.6193611403178636
0,0.3959672078246748,0.6192615473512684
1,0.4710678494852615,0.6192615473512684
0,0.40024606520666584,0.619570701398218
1,0.4710678494852615,0.619570701398218
0,0.43457407574462165,0.6188301081724233
1,0.46921024260824445,0.6148777650940719
0,0.40784493973167163,0.6155637973292877
1,0.4710678494852615,0.6155637973292877
0,0.35295868178229456,0.6148777650940719
1,0.4710678494852615,0.6148777650940719
0,0.4916579730784704,0.6156136283003164
1,0.4710678494852615,0.6156136283003164
0,0.4544012821254914,0.6154054056443122
1,0.4710678494852615,0.6154054056443122
1,0.4710678494852615,0.6150572107764612
1,0.4710678494852615,0.6143444966117361
0,0.34189381898436483,0.6140379503420043
1,0.4710678494852615,0.6140379503420043
0,0.3414925971576318,0.6127928653582583
1,0.4710678494852615,0.6127928653582583
0,0.3426749274602373,0.6130002040602506
1,0.4710678494852615,0.6130002040602506
0,0.3622256117485996,0.6131645921368456
1,0.4710678494852615,0.6131645921368456
0,0.38786403863137975,0.6131645921368456
1,0.4710678494852615,0.6131645921368456
0,0.4278124136261867,0.6155146379318096
1,0.4710678494852615,0.6155146379318096
0,0.41712287885345867,0.6184198459421544
1,0.4710678494852615,0.6197803333836447
0,0.42789354328539553,0.6194667671200568
1,0.4710678494852615,0.6194710747343042
1,0.4710678494852615,0.6194710747343042
1,0.4710678494852615,0.6190771439066068
1,0.4710678494852615,0.6190771439066068
0,0.4321231841629177,0.6190771439066068
1,0.4710678494852615,0.6190771439066068
0,0.5520234328094167,0.6187018326845426
1,0.4710678494852615,0.6187018326845426
0,0.4239653289965663,0.6187018326845426
1,0.4710678494852615,0.6187018326845426
0,0.3903764039003703,0.6193300592073784
1,0.4710678494852615,0.6193300592073784
0,0.3900857616248016,0.6196392474575135
1,0.4710678494852615,0.6156817365697574
0,0.39463827575061844,0.6154734908770885
0,0.3997924378639345,0.6168241303025527
1,0.4710678494852615,0.6154734908770885
0,0.3613259313273656,0.6156926923235191
1,0.46921024260824445,0.6145289227079248
0,0.42314496086536724,0.6147477877455384
1,0.4710678494852615,0.6144301067595436
0,0.3534172980021469,0.6148569033081798
1,0.4710678494852615,0.6142222844130636
0,0.49501840047405016,0.6157570690539682
1,0.46921024260824445,0.6152307029600461
1,0.4710678494852615,0.6152307029600461
0,0.4280992662995984,0.6161070040207829
1,0.4710678494852615,0.6131645921368456
0,0.5484235970725866,0.6139411321090558
1,0.4710678494852615,0.613275343374364
0,0.42487998547854405,0.6163932170392168
1,0.4710678494852615,0.6159330998526942
0,0.38766672173275657,0.6163932170392168
1,0.4710678494852615,0.6157247691399282
0,0.3881136577957555,0.6151433562802997
1,0.4710678494852615,0.6144762637930689
0,0.4139729292470635,0.615450454402025
1,0.4710678494852615,0.6142684258346212
0,0.3441400341349486,0.615450454402025
1,0.4710678494852615,0.6142684258346212
0,0.372125591493582,0.6151433562802997
1,0.4710678494852615,0.6153083190853678
0,0.41186965499022826,0.6151433562802997
1,0.4710678494852615,0.6144762637930689
0,0.4192690124825053,0.615450454402025
1,0.4710678494852615,0.6144762637930689
0,0.3953456015048031,0.6151433562802997
1,0.4710678494852615,0.6136453336537835
0,0.44589592359351443,0.6169888305958726
0,0.40549668303450376,0.6169888305958726
0,0.4117330384702947,0.6178452239861105
1,0.4710678494852615,0.6170347085596884
0,0.3690471633688333,0.6171066932801862
1,0.4710678494852615,0.6154863137937253
0,0.4821673888460003,0.6160637607121908
1,0.4710678494852615,0.6154863137937253
0,0.37795346592804313,0.6149375031409585
1,0.46921024260824445,0.6150465676768561
0,0.3777907984282006,0.6149375031409585
1,0.4710678494852615,0.6152546689198958
0,0.41280764818866067,0.6149375031409585
1,0.4710678494852615,0.614311382296815
0,0.3441400341349486,0.6149375031409585
1,0.4710678494852615,0.6152546689198958
0,0.3522355364522678,0.615881751184312
1,0.4710678494852615,0.6154628405740713
0,0.39336369831590823,0.6149375031409585
1,0.4710678494852615,0.6156710826632059
0,0.40968064220700867,0.6149375031409585
1,0.4710678494852615,0.6152115045261541
0,0.34959839513815916,0.6165071142115164
1,0.4710678494852615,0.6150700250202225
0,0.3491881317788012,0.6190646138472012
1,0.4710678494852615,0.6217431568653999
0,0.42469323408656956,0.6237840177545928
1,0.4649907872288661,0.6224945551301513
0,0.3919700524039863,0.61872931976388
1,0.4656358206586224,0.6172304338357237
0,0.36364349666093276,0.6154174326945733
1,0.46873429232162356,0.6154174326945733
0,0.41758110681944544,0.6154174326945733
1,0.47059001490787866,0.6154174326945733
0,0.4240180432333508,0.6154174326945733
1,0.4710678494852615,0.6154174326945733
0,0.4022522771525879,0.6152092763989748
1,0.4710678494852615,0.6152092763989748
0,0.377165818079158,0.6152092763989748
1,0.4710678494852615,0.6152092763989748
0,0.4889726371776705,0.6152092763989748
1,0.4710678494852615,0.6152092763989748
0,0.4438769795093855,0.6152092763989748
1,0.4710678494852615,0.6152092763989748
0,0.40137841419049364,0.6152092763989748
1,0.4710678494852615,0.6152092763989748
0,0.41702691514178,0.6152092763989748
1,0.4710678494852615,0.6152092763989748
1,0.4710678494852615,0.5998034010061172
1,0.4710678494852615,0.5998034010061172
1,0.4710678494852615,0.5998034010061172
1,0.4710678494852615,0.5998034010061172
1,0.4710678494852615,0.5998034010061172
1,0.4710678494852615,0.5998034010061172
0,0.4452488065561817,0.6035981449044648
1,0.4710678494852615,0.6006155879424608
0,0.5595328220196271,0.6034242676746736
1,0.4710678494852615,0.6018407512700867
0,0.41656037950718505,0.6034242676746736
1,0.4710678494852615,0.6008609610329838
0,0.38319445837356103,0.6040975209985647
1,0.4710678494852615,0.6012365245053205
0,0.402467821999328,0.6035714093558375
1,0.4710678494852615,0.6014399531149346
0,0.41767139310660806,0.6019401451106676
1,0.4710678494852615,0.6012365245053205
0,0.3600697445913298,0.6036586404807414
1,0.4710678494852615,0.6012365245053205
0,0.35236840589411805,0.6036586404807414
1,0.4710678494852615,0.5988286702865675
0,0.40956074201580217,0.6039052567677796
1,0.4710678494852615,0.6016211372416392
0,0.4144084145179424,0.6078025779339286
1,0.4710678494852615,0.6090375235503811
0,0.3517233398589063,0.609393720083293
1,0.4710678494852615,0.609393720083293
0,0.3517233398589063,0.6152369565769015
1,0.4710678494852615,0.6152369565769015
0,0.3581248211762322,0.613444806434211
1,0.46921024260824445,0.6114403503044465
1,0.46921024260824445,0.6079863459854692
0,0.5497161128132027,0.6109937269676028
1,0.4710678494852615,0.6079863459854692
0,0.4312312892951555,0.6109937269676028
1,0.4710678494852615,0.6079863459854692
0,0.3766084640937311,0.6109937269676028
1,0.4710678494852615,0.6090729008957547
0,0.44545103164447436,0.6122351564254433
1,0.4710678494852615,0.6086609498820515
0,0.40062408412601586,0.6122965176455156
1,0.4710678494852615,0.6071641918862452
0,0.3994927203424383,0.6122965176455156
1,0.4710678494852615,0.6080472813688516
0,0.35448265272551605,0.6118823863145041
1,0.4710678494852615,0.6079863459854692
0,0.3646592306078259,0.6122351564254433
1,0.4710678494852615,0.6073087586521551
0,0.427001397711328,0.6122351564254433
1,0.4710678494852615,0.6069588271333332
0,0.42382004418601293,0.6127787163969418
1,0.4710678494852615,0.606343149551072
0,0.34385558973189917,0.6118887552768182
1,0.4710678494852615,0.606548305989237
0,0.34385558973189917,0.6127787163969418
1,0.4710678494852615,0.6010363826341036
0,0.3433568601516038,0.6081102980687226
1,0.4710678494852615,0.6172783034581877
0,0.3745931228625616,0.6215256886504559
1,0.4710678494852615,0.6172783034581877
0,0.3963939795412602,0.6219796882737546
1,0.4710678494852615,0.6172783034581877
0,0.474362848183309,0.6239793090997339
1,0.4710678494852615,0.6239793090997339
0,0.48716067133312563,0.628737617775013
1,0.4710678494852615,0.6239793090997339
0,0.4322516087513762,0.6289503513901261
1,0.4710678494852615,0.6246819982449486
0,0.40573991723443076,0.6273490601614988
1,0.4710678494852615,0.6273490601614988
0,0.412209096075757,0.6278365781385755
1,0.4710678494852615,0.6278365781385755
0,0.4390574932567825,0.6278365781385755
1,0.4710678494852615,0.6278365781385755
0,0.5508319889787487,0.6276242212416082
1,0.4710678494852615,0.6276242212416082
0,0.4110536906705985,0.629925932961323
1,0.4710678494852615,0.629925932961323
0,0.36927921190835267,0.6299701297469787
1,0.4710678494852615,0.6299701297469787
0,0.3885133114953802,0.629932489735333
1,0.4710678494852615,0.629932489735333
0,0.3721683862364578,0.6303588376516258
1,0.4710678494852615,0.6303588376516258
0,0.34593859921941555,0.6292238944436506
1,0.4710678494852615,0.6292238944436506
0,0.35628314503809017,0.6309730140769411
1,0.4710678494852615,0.6309730140769411
0,0.41861466183854534,0.632538934646757
1,0.4710678494852615,0.632538934646757
0,0.4103427325233398,0.6323249872438027
1,0.4710678494852615,0.6323249872438027
0,0.3876488202677169,0.6326260448458392
1,0.4710678494852615,0.6326260448458392
0,0.42697235726356403,0.6326260448458392
1,0.4710678494852615,0.6326260448458392
0,0.409295503025751,0.6330224475376216
1,0.4710678494852615,0.6330224475376216
0,0.3973696399261359,0.6326260448458392
0,0.42830687587871646,0.628075733993106
0,0.39836660159492143,0.6257111279059283
1,0.47062196182423444,0.6257111279059283
1,0.4710678494852615,0.6254368055583133
0,0.4226206329721589,0.6241621103320173
1,0.4710678494852615,0.6241621103320173
0,0.3865524917905624,0.6270266892132814
1,0.4710678494852615,0.6270266892132814
0,0.43700856883855244,0.6270266892132814
1,0.4710678494852615,0.6270266892132814
0,0.39208487018780375,0.6275647550307392
1,0.4710678494852615,0.6275647550307392
0,0.3894854860713787,0.6275647550307392
1,0.4710678494852615,0.6275647550307392
0,0.3720528853430235,0.6270266892132814
1,0.4710678494852615,0.6270266892132814
0,0.37984967373699796,0.631040585695079
1,0.4710678494852615,0.6327381731499155
0,0.4198011165892834,0.6311717593429985
1,0.4710678494852615,0.62945308676621
0,0.4247100973301763,0.6311717593429985
1,0.4710678494852615,0.6303079063287406
0,0.39466816970079466,0.6324884196017795
1,0.4710678494852615,0.6307661617760533
0,0.37686013260614126,0.6324884196017795
1,0.4710678494852615,0.629385935766573
0,0.48978561159974016,0.635522853745338
1,0.4710678494852615,0.6328335070733775
0,0.4638796246341519,0.6364987109797566
1,0.4710678494852615,0.6364987109797566
0,0.41029841464597683,0.6362834242381207
1,0.4710678494852615,0.6362834242381207
0,0.38579807952876627,0.6362834242381207
1,0.4710678494852615,0.6362834242381207
1,0.4710678494852615,0.6309389510943297
1,0.4710678494852615,0.6309389510943297
1,0.4710678494852615,0.632409663227775
1,0.4710678494852615,0.632409663227775
1,0.4710678494852615,0.6309178252962538
1,0.4710678494852615,0.6309178252962538
0,0.556572628127035,0.6311312965854213
1,0.4710678494852615,0.6311312965854213
0,0.41150523821047813,0.6311312965854213
1,0.4710678494852615,0.6311312965854213
0,0.37519060867265885,0.6308861642420502
1,0.4710678494852615,0.6308861642420502
0,0.4245092812712008,0.6322592146938918
1,0.4710678494852615,0.6322592146938918
0,0.3860263677793108,0.6322592146938918
1,0.4710678494852615,0.6322592146938918
0,0.3864783728559823,0.6328694467243764
1,0.4710678494852615,0.6328694467243764
0,0.36458811549795417,0.6324731398426786
1,0.4710678494852615,0.6240052275362271
0,0.3715443724379924,0.6240052275362271
1,0.4710678494852615,0.6240052275362271
0,0.4145461419885295,0.6240052275362271
1,0.4710678494852615,0.6240052275362271
0,0.4155614814738472,0.6242601561365779
1,0.4710678494852615,0.6255251025451584
0,0.3533832869566319,0.6248467515685577
1,0.4710678494852615,0.6248467515685577
0,0.3528088483288057,0.6237217327152328
1,0.4710678494852615,0.6237217327152328
0,0.35148164005721233,0.6246101279356813
1,0.4710678494852615,0.6246101279356813
0,0.3672422422185746,0.6246354059383994
1,0.4710678494852615,0.6246354059383994
0,0.3879547785487642,0.6246354059383994
1,0.4710678494852615,0.6246354059383994
0,0.4497431348070085,0.6267146677378507
1,0.4710678494852615,0.6267146677378507
0,0.4281266037078165,0.6277652400652173
1,0.4710678494852615,0.6277652400652173
0,0.3918551736105342,0.6268358345029466
1,0.4710678494852615,0.6268358345029466
0,0.4654367713022161,0.6288975522703106
1,0.4710678494852615,0.6286848365137576
0,0.484589819857461,0.6312421811361326
1,0.4710678494852615,0.6318831410615328
0,0.4253698081991757,0.6362366317969452
1,0.4710678494852615,0.6362366317969452
0,0.5508319889787487,0.6383268707598807
1,0.4710678494852615,0.6383268707598807
0,0.39654864600686335,0.637895133604777
0,0.36381684016015325,0.6386916506147191
1,0.4710678494852615,0.6349947017808412
0,0.3854212708224496,0.6384756221420781
0,0.38365842883139434,0.6386916506147191
0,0.372187794932757,0.6393206004271084
0,0.40402822290886864,0.6395369147984775
0,0.41222866973547,0.6404212805807084
0,0.34593859921941555,0.641608618274112
0,0.46225870450514456,0.641984668283993
0,0.44340572499728026,0.6316300586911002
1,0.46921024260824445,0.6298598330638131
0,0.42449386082243024,0.6275409468459037
1,0.4653055000853401,0.6254216055764221
0,0.39357334972412733,0.6254216055764221
0,0.466575751442605,0.6275849762964575
0,0.45881706789873483,0.6310882947385431
0,0.46212151139747504,0.630486249574979
0,0.4347430606631643,0.6306995748403351
0,0.40280035987793894,0.6328678476485962
1,0.4710678494852615,0.632439802744619
1,0.4710678494852615,0.632439802744619
0,0.42045663042728554,0.632439802744619
1,0.4710678494852615,0.632439802744619
0,0.45916785330393667,0.6315845812749722
1,0.4651807527056496,0.6307305162849759
1,0.46921024260824445,0.6283569613822629
0,0.35078244423820226,0.6300907255414115
1,0.4710678494852615,0.6279942874624256
1,0.4710678494852615,0.6271450774741821
0,0.39647442484625467,0.628025803387646
1,0.4710678494852615,0.628025803387646
0,0.4755764642879871,0.6315292137416852
1,0.4710678494852615,0.6315292137416852
0,0.49173067147875843,0.6409278910589329
1,0.4710678494852615,0.6409278910589329
1,0.4710678494852615,0.6397998102521475
0,0.42681203780878646,0.6397739185700738
1,0.46873429232162356,0.6355803935359953
1,0.46873429232162356,0.634813480334395
0,0.5704577007727378,0.634813480334395
1,0.47059001490787866,0.634813480334395
0,0.41527019863898945,0.634813480334395
1,0.47059001490787866,0.634813480334395
0,0.3857676487782084,0.634813480334395
1,0.47059001490787866,0.634813480334395
1,0.47059001490787866,0.6353654174023258
0,0.40325890669105996,0.6384958419588435
1,0.47059001490787866,0.6397931507722259
0,0.38705298344899314,0.6397931507722259
1,0.47059001490787866,0.6397931507722259
0,0.4562494784139855,0.6397931507722259
1,0.47059001490787866,0.6397931507722259
0,0.394766784157398,0.641380960762305
1,0.47059001490787866,0.641380960762305
0,0.4342255484552701,0.6397931507722259
0,0.4309423028602398,0.6413100095797455
1,0.47059001490787866,0.6397931507722259
0,0.35554129548957475,0.6413100095797455
1,0.47059001490787866,0.641380960762305
0,0.35554129548957475,0.6417890839424761
1,0.47059001490787866,0.6397931507722259
0,0.342269705481359,0.6417890839424761
1,0.47059001490787866,0.641380960762305
0,0.4073826886012205,0.6417890839424761
1,0.47059001490787866,0.6420322155501637
0,0.4108366056842207,0.6433818473501144
1,0.47059001490787866,0.641380960762305
0,0.4653714009102413,0.6433818473501144
1,0.47059001490787866,0.641380960762305
0,0.4805719487359537,0.6411380757787272
1,0.4710678494852615,0.641380960762305
0,0.46253498038438695,0.6411380757787272
1,0.4710678494852615,0.6397931507722259
1,0.4710678494852615,0.6397931507722259
0,0.4064278902475701,0.6397931507722259
0,0.40805486057460294,0.6372961897254225
0,0.412222085019355,0.6361311160681666
1,0.4648335106315276,0.6361311160681666
0,0.40650958150741906,0.6361311160681666
1,0.4710678494852615,0.6361311160681666
0,0.4386074767849092,0.6361311160681666
0,0.39525588595825845,0.6377352032259649
1,0.4710678494852615,0.6361311160681666
0,0.4077007127707768,0.6377352032259649
1,0.4710678494852615,0.6361311160681666
0,0.3786148207775096,0.6377352032259649
1,0.4710678494852615,0.6361311160681666
0,0.3837804390703219,0.6377352032259649
1,0.4710678494852615,0.6383573649337873
0,0.43052693753571963,0.6377352032259649
1,0.4710678494852615,0.6361311160681666
1,0.4710678494852615,0.6357008640281777
0,0.34547840523354084,0.637278517964278
1,0.4710678494852615,0.637278517964278
0,0.34547840523354084,0.637278517964278
1,0.4710678494852615,0.637278517964278
0,0.34238551256802324,0.638186222730295
1,0.4710678494852615,0.638186222730295
0,0.3940343339472568,0.638186222730295
1,0.4710678494852615,0.638186222730295
0,0.4047885047951126,0.6377545807035385
1,0.4710678494852615,0.6377545807035385
0,0.4522779268672025,0.6377545807035385
1,0.46921024260824445,0.6370731823211139
1,0.46921024260824445,0.6344477005853345
0,0.4460304402246554,0.6357813887887866
0,0.43496345441862305,0.6357813887887866
1,0.46921024260824445,0.6357813887887866
0,0.34547840523354084,0.6357813887887866
1,0.4710678494852615,0.6357813887887866
0,0.4084071331645501,0.6311009199554526
1,0.4648335106315276,0.6315723678769414
0,0.39715152017162936,0.6315723678769414
1,0.47059001490787866,0.6315723678769414
0,0.48651927781631793,0.6315723678769414
1,0.47059001490787866,0.6315566190266996
0,0.38998275945830824,0.6286502814880522
0,0.4508619612912511,0.6306556976461777
1,0.46873429232162356,0.6306556976461777
1,0.47059001490787866,0.6284376493673653
1,0.46873429232162356,0.6277561398780636
0,0.5790096938849957,0.628181014807581
0,0.4144315520159913,0.62997178279343
1,0.47059001490787866,0.628181014807581
0,0.4366669219744411,0.6304423872216657
1,0.47059001490787866,0.6286502814880522
1,0.47059001490787866,0.6286502814880522
0,0.41868202041161007,0.6286502814880522
1,0.47059001490787866,0.6286502814880522
1,0.47059001490787866,0.628862985552899
0,0.37596096875029816,0.6286502814880522
1,0.47059001490787866,0.628862985552899
0,0.44218110282418055,0.6282250891665043
1,0.47059001490787866,0.628862985552899
1,0.47059001490787866,0.628862985552899
0,0.4257659878691956,0.6280126008611432
1,0.46873429232162356,0.6280126008611432
0,0.561430248002403,0.6284376493673653
1,0.47059001490787866,0.6284376493673653
0,0.396705227455674,0.6278001844269645
1,0.47059001490787866,0.6278001844269645
1,0.47059001490787866,0.6271633661084689
0,0.40657428607578666,0.6286502814880522
1,0.47059001490787866,0.6271633661084689
0,0.3929874747125746,0.6278001844269645
1,0.47059001490787866,0.626483238516216
0,0.4031354460649739,0.6273755670749244
1,0.47059001490787866,0.6271633661084689
0,0.37596096875029816,0.6273755670749244
1,0.47059001490787866,0.6273755670749244
1,0.47059001490787866,0.6273755670749244
0,0.4385031416562219,0.6278001844269645
0,0.354277745725996,0.630015982795996
1,0.47059001490787866,0.630015982795996
0,0.3553711199140689,0.6311331778327907
1,0.47059001490787866,0.6295898667721501
0,0.35391488287494055,0.6309197059073176
1,0.47059001490787866,0.6295898667721501
0,0.48640306756513585,0.6302797232564868
0,0.48884466079125477,0.6298534288498071
1,0.47059001490787866,0.6298534288498071
0,0.39715152017162936,0.6298534288498071
1,0.4710678494852615,0.6298534288498071
1,0.4710678494852615,0.628951233063137
0,0.4729024543072456,0.629640389781438
0,0.39778926776244,0.6292145277927377
1,0.46921024260824445,0.6292145277927377
0,0.5637726927970536,0.6279132575766271
0,0.4116680388501455,0.6286132187639927
1,0.46921024260824445,0.6281257122691496
0,0.4154720831231803,0.6281880515100956
1,0.4710678494852615,0.6273385795029645
1,0.4710678494852615,0.6273385795029645
1,0.46921024260824445,0.624121159778043
0,0.4725541887436658,0.6252585746505405
1,0.46921024260824445,0.623922423914094
1,0.46873429232162356,0.6227551387556408
1,0.46873429232162356,0.6200223927809055
0,0.4375514260574573,0.6208931160120426
1,0.47059001490787866,0.6204420333924384
1,0.47059001490787866,0.6204420333924384
0,0.3532141442860199,0.6208619580231374
1,0.47059001490787866,0.6208619580231374
0,0.3536239303033891,0.6210720269057404
1,0.47059001490787866,0.6210720269057404
0,0.4002981101403685,0.6212821668652306
1,0.47059001490787866,0.6212821668652306
1,0.47059001490787866,0.6187528130440226
1,0.46873429232162356,0.6181251720592932
1,0.46873429232162356,0.6161346666019777
1,0.47059001490787866,0.6161346666019777
1,0.47059001490787866,0.6142062481596823
1,0.47059001490787866,0.6142062481596823
1,0.47059001490787866,0.6124062029445367
0,0.573397117776977,0.6142062481596823
1,0.47059001490787866,0.610802947759295
1,0.46873429232162356,0.6110524827530598
0,0.3454298829418754,0.6115533224674132
0,0.41536414751006123,0.6144571735241834
0,0.45529933068924855,0.6151242452864883
0,0.3945151351220634,0.6131497855927245
1,0.4717746145476877,0.6123206491935406
0,0.47627252139057186,0.6123206491935406
1,0.47139044911800915,0.6103132755645467
0,0.40188976276700655,0.6105197752963774
1,0.47139044911800915,0.6094185681457991
1,0.47139044911800915,0.6092124408818074
0,0.5701907212266687,0.6079344867608975
1,0.47139044911800915,0.6061431183676094
0,0.4284986534438173,0.5937305270568123
1,0.47139044911800915,0.5943333978498336
0,0.44577058147826476,0.5932633174244121
1,0.47139044911800915,0.5932633174244121
1,0.47139044911800915,0.5914879290178826
0,0.4120309483229686,0.5916880591864592
1,0.47139044911800915,0.5903373768609808
0,0.3735295753570107,0.5902424509012678
1,0.47139044911800915,0.5925697875944522
1,0.47139044911800915,0.5903110208366997
0,0.40281426405643667,0.5927702838102948
1,0.46953157010302526,0.5927702838102948
1,0.47139044911800915,0.5911103542494464
0,0.4594316854818169,0.5927702838102948
1,0.47139044911800915,0.5919664573712188
0,0.559444866586665,0.5919388486070514
1,0.47139044911800915,0.5919388486070514
0,0.410378934275065,0.591079153995188
1,0.47139044911800915,0.591079153995188
0,0.4428302317352303,0.5927568804544342
1,0.47139044911800915,0.5908792297802329
0,0.42257557776983706,0.5920505219468698
1,0.47139044911800915,0.5899101301586116
0,0.408534548268541,0.5923684647479294
1,0.4656241535099095,0.5891517362108106
0,0.44072477860122516,0.5911728144302485
1,0.47139044911800915,0.5911728144302485
0,0.4400448319054147,0.5928306677324537
1,0.47139044911800915,0.5925885739661219
1,0.47139044911800915,0.5925885739661219
0,0.44586849432204995,0.5925469997565698
1,0.47139044911800915,0.5925469997565698
0,0.4616119361892238,0.592674217797342
1,0.47139044911800915,0.592674217797342
0,0.4088242123267949,0.5933354770613326
1,0.47139044911800915,0.5933354770613326
1,0.47139044911800915,0.5933354770613326
0,0.3888400549775203,0.5933354770613326
1,0.47139044911800915,0.5933354770613326
1,0.47139044911800915,0.5900463985309846
0,0.45536080837264153,0.5909856178490959
1,0.47139044911800915,0.5886460762643991
0,0.5174414744157878,0.5913856059285088
1,0.4710678494852615,0.5877095654595791
1,0.46921024260824445,0.5877095654595791
1,0.46921024260824445,0.5897085826632811
1,0.4710678494852615,0.591027416154573
0,0.42777920468634756,0.5899081107893333
0,0.45907317543793674,0.5890544551365485
1,0.4710678494852615,0.5890544551365485
0,0.43603026799492306,0.5890544551365485
1,0.4710678494852615,0.5890544551365485
1,0.4710678494852615,0.590225644068882
1,0.4710678494852615,0.590225644068882
0,0.4062076632604997,0.5904667724932828
1,0.4710678494852615,0.5904667724932828
0,0.38815809239026833,0.5911639426183677
1,0.4710678494852615,0.5911639426183677
0,0.5083930020612355,0.5908422732772558
0,0.4426260659387718,0.5883678074727715
1,0.4710678494852615,0.5901018620763456
0,0.41295723812585783,0.5883678074727715
1,0.4710678494852615,0.5915078703842491
0,0.4551596661128625,0.5883678074727715
1,0.4710678494852615,0.5883678074727715
1,0.4710678494852615,0.5784448263650163
0,0.4829505521293822,0.5909565046023232
1,0.4710678494852615,0.5935661200685106
0,0.393787587135609,0.5913979636574055
1,0.4710678494852615,0.5934081810355868
0,0.48243260450837755,0.5903570592104612
1,0.4710678494852615,0.5925629719182489
1,0.4710678494852615,0.5952909697398084
1,0.4710678494852615,0.5952909697398084
1,0.4710678494852615,0.5976712553834809
1,0.4710678494852615,0.5976712553834809
1,0.4710678494852615,0.5997301539564286
0,0.4361558123953476,0.5977673760834128
1,0.4710678494852615,0.5998266057794823
0,0.577184282053717,0.5972029199222504
1,0.4710678494852615,0.5993665717127525
0,0.3722752917972114,0.5959580518234372
1,0.4653055000853401,0.5961596944597864
1,0.46921024260824445,0.5978507231913303
1,0.4710678494852615,0.5978507231913303
1,0.4710678494852615,0.6029173781101489
1,0.4710678494852615,0.6029173781101489
1,0.4710678494852615,0.6050268292193678
1,0.4710678494852615,0.6050268292193678
1,0.4710678494852615,0.6084562485936771
1,0.4710678494852615,0.6084562485936771
0,0.4380710132007332,0.6082504468207464
1,0.4710678494852615,0.6082504468207464
0,0.570583895236358,0.6129778639591525
1,0.4710678494852615,0.6133927367261414
0,0.42760267019919385,0.6098921571133402
1,0.4710678494852615,0.6159890356575242
0,0.4401979286024516,0.6159890356575242
1,0.4710678494852615,0.6159890356575242
0,0.4454834362221504,0.6191537322021474
1,0.4710678494852615,0.6186915543821931
0,0.42426250857518705,0.6182297215627227
0,0.410217830978015,0.6115377480172467
1,0.4719342396702093,0.6166266240983451
1,0.4715499442580098,0.6166266240983451
1,0.4692139989124747,0.6182465645064388
1,0.4692139989124747,0.6178284088167136
0,0.4339098279075991,0.6177600630769644
0,0.574758228535506,0.618874328752408
1,0.4710716206607284,0.618874328752408
0,0.41276436175200276,0.6181679402387763
1,0.4710716206607284,0.6186547628816701
0,0.42114579603533114,0.6192518644238043
1,0.4710716206607284,0.6204374552490107
1,0.4710716206607284,0.6204374552490107
1,0.4692139989124747,0.6222330940978144
0,0.40323936467558485,0.6194716422109904
1,0.46530922512980755,0.6188432720713599
1,0.4692139989124747,0.6213916747265352
1,0.4692139989124747,0.6207613569737814
1,0.4692139989124747,0.6198096276920081
1,0.4710716206607284,0.6200193405182383
0,0.38229676163126375,0.6200193405182383
1,0.4710716206607284,0.6219535862450695
0,0.3659330170090129,0.6211125448403819
1,0.4710716206607284,0.6211125448403819
1,0.4710716206607284,0.6226979175351097
0,0.3819144053267914,0.620902462253157
0,0.4371268789174248,0.620902462253157
1,0.4692139989124747,0.620902462253157
0,0.410140918637736,0.621174188049426
1,0.4710716206607284,0.621174188049426
0,0.5071266730929599,0.6157698057673264
1,0.4710716206607284,0.6199146329137863
1,0.4710716206607284,0.6199146329137863
0,0.5058952458954171,0.6199146329137863
1,0.4710716206607284,0.6199146329137863
1,0.4710716206607284,0.6206924507234143
0,0.4228550127899957,0.6197049555034315
1,0.4710716206607284,0.6206924507234143
0,0.4750744975337361,0.6188235370058208
1,0.4710716206607284,0.6190329161878876
0,0.422298639701848,0.6190329161878876
1,0.4710716206607284,0.619114685827913
0,0.4225524582314872,0.6178522711412827
1,0.4710716206607284,0.6199965190220276
0,0.4462625386549721,0.6168210425263414
1,0.4710716206607284,0.6178039422525259
1,0.4692139989124747,0.6169685122350699
0,0.4682475658179339,0.6133226171876552
1,0.47059001490787866,0.6267422095240979
1,0.47059001490787866,0.6267422095240979
0,0.4984721550659552,0.6259917836177922
0,0.39457443420635135,0.613890517181691
1,0.47059001490787866,0.6140982272746004
0,0.3572622859632623,0.6140982272746004
1,0.47059001490787866,0.6186546248223728
0,0.35104464825164905,0.6178180444630273
1,0.47059001490787866,0.6212087165972613
0,0.41899798532265475,0.6203000556969078
1,0.47059001490787866,0.6203000556969078
0,0.4041391386702479,0.6204302518314948
1,0.47059001490787866,0.6204302518314948
0,0.48259608710907664,0.6161412599099697
0,0.4641046798272207,0.6127042746073116
1,0.47059001490787866,0.6171230764076302
0,0.4098436627399642,0.609814228974209
1,0.47059001490787866,0.6102269605447906
0,0.40246807570533477,0.604529332032822
1,0.4710678494852615,0.613241297188349
0,0.5814440607539255,0.6059865471344184
0,0.42570042834655447,0.6017214855481068
1,0.4710678494852615,0.6106913379919185
1,0.4710678494852615,0.6106913379919185
0,0.45578904072766324,0.6106913379919185
1,0.4710678494852615,0.6106913379919185
0,0.40733568827325856,0.6101614760507432
0,0.42121551987067474,0.600344308542422
1,0.46921024260824445,0.600344308542422
1,0.4710678494852615,0.6012723203247604
1,0.4710678494852615,0.6012723203247604
1,0.4710678494852615,0.6012723203247604
1,0.4710678494852615,0.6012723203247604
0,0.5673824065851881,0.5985307437624605
1,0.4710678494852615,0.5985307437624605
0,0.4170274980616396,0.5985307437624605
1,0.4710678494852615,0.5987332568701182
0,0.4558379560019124,0.5935556340476832
1,0.4710678494852615,0.600355830413783
0,0.4253559601223719,0.6007669698507475
1,0.4710678494852615,0.6091673349613593
0,0.45218267684900754,0.6086980533774226
1,0.4710678494852615,0.6086553489758584
0,0.4225596518504641,0.6086553489758584
1,0.4710678494852615,0.6086553489758584
0,0.3819144053267914,0.6108181849684895
1,0.4710678494852615,0.6108181849684895
1,0.4710678494852615,0.6108181849684895
0,0.46210986347273686,0.6038287574315112
1,0.4710678494852615,0.6038287574315112
0,0.4962774878929059,0.6005400214885132
1,0.4710678494852615,0.6005400214885132
0,0.46521844706991605,0.6003368972681212
1,0.4710678494852615,0.6003368972681212
1,0.4710678494852615,0.6003368972681212
0,0.3572622859632623,0.6007949230217507
1,0.4710678494852615,0.6007949230217507
0,0.35161041698780787,0.6007949230217507
1,0.4710678494852615,0.6007949230217507
0,0.3954499645405535,0.5976138787214729
1,0.4710678494852615,0.6010901505479753
1,0.4710678494852615,0.6010901505479753
0,0.4166341221848059,0.5968057508689507
1,0.4653055000853401,0.5997700147750411
1,0.4710678494852615,0.598958971271359
1,0.4710678494852615,0.6048630597939845
1,0.46921024260824445,0.6052724403377535
0,0.5746611645355367,0.6052724403377535
0,0.4595242174045421,0.597941922130955
1,0.4648335106315276,0.6050677154432101
1,0.4710678494852615,0.6050677154432101
0,0.42362542332149666,0.6050677154432101
1,0.46873429232162356,0.6038408194081554
0,0.4219543739129553,0.6082863558946431
1,0.47059001490787866,0.6082863558946431
0,0.3876223478408698,0.6121392005293509
1,0.4710678494852615,0.6121392005293509
0,0.39988345478719045,0.6084515603612992
1,0.4710678494852615,0.6084515603612992
0,0.45925585200365615,0.6010451810591172
1,0.4710678494852615,0.6072178029026265
0,0.4596618159620894,0.5989541762905556
0,0.4682508713339587,0.5981442360105869
1,0.4710678494852615,0.5981442360105869
0,0.49630505426545735,0.6002276080268834
0,0.41802415108988483,0.5972515794549709
0,0.4343131840392374,0.5911580412775065
1,0.46429834587556085,0.5958389298704199
0,0.4174677033510707,0.5919585216309602
1,0.4710716206607284,0.5919585216309602
0,0.40368953854621137,0.5919585216309602
1,0.4710716206607284,0.5919585216309602
0,0.4377498043224937,0.591358059828439
1,0.4710716206607284,0.5915581460557253
0,0.453396709472631,0.5878119218939344
1,0.4710716206607284,0.5878119218939344
1,0.4710716206607284,0.5878119218939344
1,0.4710716206607284,0.5923591681864906
1,0.4710716206607284,0.5988938189838637
0,0.4364872067238422,0.59276008590572
1,0.4710716206607284,0.5988938189838637
0,0.5795674340168783,0.5943899753488131
1,0.4710716206607284,0.5943899753488131
0,0.43351506312298266,0.5880108082840848
1,0.4710716206607284,0.5943899753488131
0,0.44292575341167895,0.5880108082840848
1,0.4710716206607284,0.5941889312950759
0,0.4298004986597057,0.5880108082840848
1,0.4710716206607284,0.5941889312950759
1,0.4710716206607284,0.6020796175692049
0,0.3820294732379456,0.5951948320272884
1,0.4692139989124747,0.6020796175692049
1,0.4710716206607284,0.601875972602081
0,0.46077475140498403,0.601875972602081
1,0.4710716206607284,0.601875972602081
0,0.43817675265438594,0.5945910874258834
1,0.47059001490787866,0.5990964549381624
0,0.4118025394708863,0.5943899753488131
0,0.5720601378328057,0.5979562480487931
0,0.3956610306884448,0.5894282055621494
0,0.4441773110292104,0.5886490217726459
0,0.39245736159849537,0.5828657040518661
1,0.4717746145476877,0.5815724841615597
0,0.413730028909621,0.5795373764490407
1,0.47139044911800915,0.5795373764490407
0,0.38359064551094696,0.577852788663339
1,0.47139044911800915,0.577852788663339
0,0.39504018139985875,0.5780483053769255
1,0.47139044911800915,0.5780483053769255
0,0.43909433549171767,0.577852788663339
1,0.47139044911800915,0.577852788663339
0,0.4585082599740336,0.5794384347719536
0,0.4952074306285155,0.574452384011291
1,0.47139044911800915,0.5759802505311183
0,0.44062491069649357,0.5758895143014705
1,0.47139044911800915,0.5758895143014705
0,0.39256641646715096,0.5748303251788341
1,0.47139044911800915,0.5750248192407366
1,0.47139044911800915,0.5750248192407366
0,0.4788832065801976,0.5751343734116927
1,0.47139044911800915,0.5751343734116927
1,0.47139044911800915,0.575454376934702
0,0.41196339597925,0.5749398422946319
1,0.47139044911800915,0.5748303251788341
1,0.47139044911800915,0.574635896901814
1,0.47139044911800915,0.5762671247683973
1,0.47139044911800915,0.5762671247683973
1,0.47139044911800915,0.5771084436207483
1,0.47139044911800915,0.5771084436207483
0,0.4321355812542898,0.577303708484903
0,0.4829873838303547,0.5748085614572408
0,0.3813772451822921,0.5748752870878897
1,0.46953157010302526,0.5750730091381782
0,0.3728550159103161,0.5779485296901224
1,0.47139044911800915,0.5775576298777618
0,0.37277192960389577,0.5784086891200365
1,0.47139044911800915,0.5788001649422719
0,0.3922480044541235,0.577726561491687
1,0.47139044911800915,0.5804667045469014
0,0.41738716610094884,0.5799470781936665
1,0.47139044911800915,0.5804667045469014
0,0.4891113581560869,0.5803395952210895
1,0.47139044911800915,0.5808595732653651
1,0.47139044911800915,0.5793187636735518
0,0.4706964534535957,0.5792631363157907
1,0.47139044911800915,0.580052153536068
0,0.432098663056322,0.5822677746196886
1,0.47139044911800915,0.5835153880510898
0,0.4156783099775113,0.5845316436243209
1,0.47139044911800915,0.586115730643869
1,0.46953157010302526,0.586115730643869
0,0.3923570011472468,0.5887559698243028
1,0.46953157010302526,0.5843456065642031
1,0.4710678494852615,0.5843456065642031
0,0.41834323525669886,0.5835847065907234
1,0.4710678494852615,0.5835847065907234
0,0.3946615085041373,0.5873222068562258
1,0.4710678494852615,0.5871196922429596
0,0.38359064551094696,0.5863551800206741
1,0.4710678494852615,0.5863551800206741
0,0.3875101587958295,0.5863551800206741
1,0.4710678494852615,0.5863551800206741
0,0.438532696694178,0.5863551800206741
1,0.4710678494852615,0.5863551800206741
0,0.4556506910997128,0.5891131155621352
0,0.4671658464520502,0.5887146644985848
1,0.4710678494852615,0.5887146644985848
0,0.3621638437811928,0.5945501708568962
1,0.4710678494852615,0.5891131155621352
0,0.35774568560620246,0.5949227152534595
1,0.4710678494852615,0.5884562346457484
0,0.351906467261921,0.5935453596253117
1,0.4710678494852615,0.5891364110834492
0,0.3922480044541235,0.592772480282463
1,0.4710678494852615,0.5888958259376299
0,0.41915239604454413,0.5935453596253117
1,0.4710678494852615,0.6001147996117134
0,0.4529732429546014,0.6042795995532788
1,0.4710678494852615,0.6042795995532788
0,0.4256380004994445,0.6042795995532788
1,0.4710678494852615,0.6042795995532788
1,0.4710678494852615,0.6042795995532788
1,0.46921024260824445,0.600181193171876
0,0.4474600808546293,0.6006295432963816
0,0.47892602813664964,0.6037095534881942
0,0.4389691179745349,0.6020356759298753
0,0.35774568560620246,0.6045593562415645
0,0.42163841112826406,0.6018651661131387
1,0.4714555262572441,0.6018651661131387
0,0.4870229729337359,0.6012546553605892
1,0.4710716206607284,0.6012546553605892
0,0.4486797728409641,0.6010512894253357
0,0.441216233074854,0.60222135554669
0,0.49644975015658355,0.5995366503755191
1,0.4714555262572441,0.5984089926857448
0,0.44199267543192505,0.5997388178524639
1,0.4692139989124747,0.5971869999864242
0,0.46806195889630353,0.5986832328811409
1,0.4710716206607284,0.5967986386404417
0,0.41377096473432146,0.6011799042874365
1,0.4710716206607284,0.597404624777511
0,0.4242148529768729,0.5974972962497611
1,0.4710716206607284,0.5974972962497611
0,0.40368953854621137,0.6003434295249348
1,0.4710716206607284,0.5981039918000199
1,0.4710716206607284,0.5991585554663414
1,0.4710716206607284,0.5935024260205484
1,0.4710716206607284,0.591501605096421
1,0.4710716206607284,0.591501605096421
1,0.4710716206607284,0.591501605096421
1,0.4710716206607284,0.591501605096421
1,0.4710716206607284,0.591501605096421
0,0.42851162031974716,0.5943060808786128
1,0.4692139989124747,0.5892632412170715
0,0.48187478679844054,0.591856849292495
1,0.4710716206607284,0.5884664055767853
0,0.3688824385165473,0.5908840630562936
1,0.4710716206607284,0.5892632412170715
0,0.36471729800690067,0.5908840630562936
1,0.4710716206607284,0.5888646886149111
0,0.39256641646715096,0.5930863038073272
1,0.4710716206607284,0.5909462655972735
0,0.41395167651290826,0.5930863038073272
1,0.4710716206607284,0.5901767706395468
0,0.47552185474064185,0.5930863038073272
1,0.4710716206607284,0.5909462655972735
1,0.4710716206607284,0.5909462655972735
0,0.435159553014363,0.593595244610599
1,0.4692139989124747,0.5909462655972735
1,0.4710716206607284,0.5909462655972735
0,0.45615841796011136,0.5909462655972735
1,0.4710716206607284,0.5909462655972735
0,0.3977829938158315,0.5901767706395468
1,0.4710716206607284,0.5901767706395468
0,0.4192804342951684,0.592484698022426
1,0.4710716206607284,0.588920864208175
0,0.4134876999722955,0.5938617822811795
0,0.4284824379930814,0.5936609168813225
1,0.4710716206607284,0.5936609168813225
0,0.39245736159849537,0.5936609168813225
1,0.4710678494852615,0.5936609168813225
1,0.4710678494852615,0.5936609168813225
1,0.4710678494852615,0.5888452817938605
1,0.4710678494852615,0.5888452817938605
1,0.4710678494852615,0.5888452817938605
1,0.4710678494852615,0.5892438212611885
1,0.4710678494852615,0.5914453496190855
0,0.6014275279563822,0.5927544389209483
1,0.46921024260824445,0.5897108580321343
1,0.4710678494852615,0.5897108580321343
0,0.3621638437811928,0.5910579742335431
0,0.3574425468645017,0.5932733820959776
1,0.4710678494852615,0.5932733820959776
0,0.3675128373934397,0.5928305231029471
1,0.4710678494852615,0.5928305231029471
0,0.39256641646715096,0.5907407786659717
1,0.4710678494852615,0.5907407786659717
0,0.3936226010039569,0.5917111469765475
1,0.4710678494852615,0.5917111469765475
0,0.412959727704847,0.592111626105139
1,0.4710678494852615,0.592111626105139
0,0.41086003450596253,0.5917408420305194
1,0.4710678494852615,0.5914496850450397
0,0.44110730685496585,0.5923832523128457
1,0.4710678494852615,0.5930572677655599
0,0.4750842885202197,0.5960811120140717
1,0.4710678494852615,0.5955984705597746
1,0.4710678494852615,0.5955984705597746
0,0.581153898977033,0.5957999915316647
1,0.4710678494852615,0.5957999915316647
0,0.4312124738727592,0.5957999915316647
1,0.4710678494852615,0.5957999915316647
0,0.4616887394244433,0.5955984705597746
1,0.4710678494852615,0.5955984705597746
0,0.4182858699501188,0.595195633077847
1,0.4710678494852615,0.595195633077847
1,0.46921024260824445,0.5935213418348846
0,0.4432245371206212,0.5848594122598667
1,0.4710678494852615,0.5848594122598667
1,0.4710678494852615,0.583984358621494
1,0.46921024260824445,0.5799391011665501
1,0.46921024260824445,0.5789183651707278
1,0.46921024260824445,0.5772445204255255
0,0.4382084904700246,0.5808230657095711
0,0.4537516251029227,0.5800851916754778
0,0.3793355176930868,0.5784768162925666
0,0.5274098240115174,0.5869184772058801
1,0.4656358206586224,0.5885892721223884
0,0.5507868960274223,0.6036073050550882
1,0.47059001490787866,0.6036073050550882
0,0.3889473343744165,0.6050688320242388
0,0.4464846156685942,0.6026948227136726
1,0.46873429232162356,0.6026948227136726
0,0.4132997235312434,0.6012692984953951
1,0.47059001490787866,0.6012692984953951
0,0.44037407134488055,0.6012692984953951
1,0.47059001490787866,0.6012692984953951
1,0.47059001490787866,0.6023167331241682
0,0.4730657313059569,0.6027243902752126
1,0.47059001490787866,0.6031203709897474
0,0.38562001341833796,0.6047244855306716
1,0.47059001490787866,0.6057525713269113
0,0.4073787342782827,0.6053076425609314
1,0.47059001490787866,0.6079482904538381
0,0.4301129259418545,0.6053076425609314
1,0.46873429232162356,0.6065849307582878
1,0.46873429232162356,0.6056549362700685
0,0.4762614976215779,0.6064106935907554
1,0.47059001490787866,0.6064106935907554
1,0.47059001490787866,0.6082858499350224
0,0.42131439943907595,0.6086409432383936
1,0.47059001490787866,0.6084916636866106
0,0.4230863889803253,0.6082858499350224
1,0.47059001490787866,0.6082858499350224
0,0.46155855960950176,0.6080801057970427
1,0.47059001490787866,0.6080801057970427
0,0.5932686538722926,0.6082874989426638
1,0.47059001490787866,0.6082874989426638
0,0.4364459678856539,0.6073997471757875
1,0.47059001490787866,0.6076704736026791
0,0.4805956789707941,0.6061377929448297
1,0.47059001490787866,0.6061377929448297
1,0.47059001490787866,0.6074649376070933
0,0.41326199900458144,0.6066888793749062
1,0.47059001490787866,0.6066888793749062
0,0.41919515043085587,0.6053809912167527
1,0.47059001490787866,0.6053809912167527
0,0.4232901820417159,0.6051882226934895
1,0.47059001490787866,0.6051882226934895
0,0.38258445551557224,0.6051882226934895
1,0.47059001490787866,0.6046265171932035
0,0.4182293229983913,0.6060382096236284
1,0.47059001490787866,0.6060382096236284
1,0.47059001490787866,0.6067314458052726
0,0.4093797509598444,0.6058332257183886
0,0.4213826727023504,0.6058332257183886
0,0.3694646848591279,0.6057364901336227
0,0.3801165867029783,0.6033787246023702
1,0.4714555262572441,0.6029706248874078
0,0.40138630620650745,0.603174640230554
1,0.4710716206607284,0.603174640230554
0,0.3868155321981431,0.6029706248874078
1,0.4710716206607284,0.6029706248874078
0,0.41566117248806933,0.6034561661292841
1,0.47059001490787866,0.6029706248874078
0,0.38258445551557224,0.602347275639816
1,0.47059001490787866,0.6015660780231914
1,0.4710678494852615,0.6015660780231914
0,0.4569774542712255,0.6016454644489703
1,0.46873429232162356,0.6016454644489703
1,0.46873429232162356,0.6016454644489703
1,0.47059001490787866,0.6009558706550296
0,0.3574425468645017,0.5996772096083575
1,0.47059001490787866,0.5996772096083575
1,0.47059001490787866,0.6015660780231914
0,0.3977674504099966,0.5996772096083575
1,0.47059001490787866,0.6015660780231914
0,0.41837859512989817,0.5998801106231756
1,0.46873429232162356,0.6022072206057003
0,0.41494228189688975,0.5999402335597607
1,0.4710678494852615,0.6026752006579777
0,0.3825159682311288,0.5999402335597607
1,0.4710678494852615,0.6022072206057003
0,0.422422536562317,0.5999402335597607
0,0.4757971231244713,0.5999402335597607
1,0.47059001490787866,0.6026148036370019
0,0.43882952172734363,0.5999402335597607
1,0.47059001490787866,0.602003532478643
0,0.4255487670185774,0.6014182153440647
1,0.47059001490787866,0.6027547334505231
0,0.4156284375823992,0.6026401890830024
0,0.4513393065186967,0.6029756812887307
1,0.47059001490787866,0.6029756812887307
0,0.38720374743936503,0.6029756812887307
1,0.47059001490787866,0.6029756812887307
1,0.47059001490787866,0.603409100719074
0,0.36647007601966425,0.6014182153440647
1,0.4714555262572441,0.6066058902072711
1,0.4710716206607284,0.6066058902072711
0,0.4390901165481721,0.6066058902072711
1,0.4710716206607284,0.6066058902072711
0,0.4316142120353838,0.6042258501936769
0,0.4801162461330902,0.6036206783478066
0,0.38243784769039674,0.6017190954809115
0,0.4706169555788263,0.6010379685005988
0,0.39781812647305964,0.6013897375086033
0,0.44078016334101866,0.6007195019495127
1,0.4717746145476877,0.6016571965399946
1,0.47139044911800915,0.6016571965399946
1,0.47139044911800915,0.6052864256042222
1,0.47139044911800915,0.6044679224925963
0,0.43692433711476786,0.6048770356014135
0,0.4451664677647584,0.6050816959793589
1,0.47015731849461123,0.6063892641458185
1,0.46953157010302526,0.6061841615013214
0,0.4639754481216594,0.6065944361868744
1,0.47139044911800915,0.6063892641458185
0,0.42682192834113275,0.6061841615013214
1,0.47139044911800915,0.6061841615013214
0,0.41253188439503335,0.6070049885525918
1,0.47139044911800915,0.6070049885525918
1,0.47139044911800915,0.6082077906718742
0,0.4203423406696509,0.6070049885525918
1,0.47139044911800915,0.6080020729363429
0,0.39585419270790195,0.6064196958218462
1,0.47139044911800915,0.6064196958218462
0,0.426346847948797,0.6046724444469639
1,0.47139044911800915,0.6046724444469639
0,0.43214040038852825,0.6025713906150351
1,0.47139044911800915,0.6025713906150351
1,0.47139044911800915,0.6017565589298494
0,0.3889398315144661,0.6026205302341385
0,0.4635628902951836,0.601095912041255
0,0.4298336306764441,0.6007020032435141
1,0.4656241535099095,0.590606745579834
1,0.47139044911800915,0.590606745579834
0,0.4055357517696525,0.5912656981209812
1,0.47139044911800915,0.5912656981209812
1,0.47139044911800915,0.5922474232809204
1,0.47139044911800915,0.5926482653694937
1,0.47139044911800915,0.5945829760739536
1,0.47139044911800915,0.5943818667404341
1,0.47139044911800915,0.596200859907142
1,0.47139044911800915,0.596200859907142
0,0.6049264555317269,0.596200859907142
1,0.47139044911800915,0.596200859907142
0,0.440721371021636,0.5936809016603445
1,0.47139044911800915,0.5968062390628913
0,0.46857051040812736,0.5942837220640044
1,0.47139044911800915,0.59508843486612
0,0.4269974308592246,0.595992647970207
1,0.47139044911800915,0.595992647970207
0,0.397646379797794,0.5949587495041926
1,0.47139044911800915,0.5949587495041926
0,0.4098346458550644,0.595992647970207
0,0.40004149218970125,0.5917315454916131
0,0.37864835577365075,0.5916494000719161
1,0.4714555262572441,0.5943278216375658
1,0.4710716206607284,0.5943278216375658
1,0.4710716206607284,0.5945217961764375
1,0.4710716206607284,0.5943207075361583
0,0.4266410318262327,0.5943278216375658
1,0.4715499442580098,0.5943278216375658
0,0.5865702419854608,0.5914837439360215
1,0.4715499442580098,0.5914837439360215
0,0.39665040908492777,0.5898321729745087
1,0.4715499442580098,0.5898321729745087
0,0.45491171801270724,0.5900970209409394
1,0.4715499442580098,0.5912959920472647
0,0.3873009828250645,0.588054543308002
0,0.407734354994137,0.5878556421250944
1,0.46530922512980755,0.5892017524156737
0,0.38854854257738647,0.5882535117892014
1,0.4710716206607284,0.5892017524156737
0,0.40713780138430217,0.5904127904054775
1,0.4710716206607284,0.5894011090555166
0,0.40153641027512854,0.5899543321708968
1,0.4710716206607284,0.5894011090555166
0,0.4112513915075561,0.5902130915786394
1,0.4710716206607284,0.5896005331477552
1,0.4710716206607284,0.5896005331477552
0,0.45242902486947095,0.5904964076044127
1,0.4710716206607284,0.5904964076044127
0,0.44090204289713836,0.5894011090555166
1,0.4715499442580098,0.5894011090555166
0,0.4118384264399977,0.5886453845498031
1,0.4715499442580098,0.5886453845498031
0,0.4439454351185723,0.589754788411112
1,0.4715499442580098,0.588844552942364
0,0.39438700506089736,0.589754788411112
1,0.46969043629059526,0.5863115984525452
0,0.39968775424026604,0.5887881143187484
1,0.4692139989124747,0.5865099772076815
1,0.4710716206607284,0.5865099772076815
0,0.42893415534909995,0.586708423084346
1,0.4710716206607284,0.586708423084346
0,0.4533539996677743,0.5879268760202827
1,0.4710716206607284,0.5861720299539914
0,0.4126013885234227,0.5886816780784284
1,0.4710716206607284,0.589320767247459
0,0.4790704591208254,0.5926135295324965
1,0.4710716206607284,0.5945282729199084
0,0.5932428372302666,0.5999903518642332
1,0.4710716206607284,0.5905698951401913
0,0.4049320748135786,0.5903701431748852
1,0.4710716206607284,0.5874891608371723
1,0.4692139989124747,0.5832937544535006
0,0.4620594126159596,0.5866001286683001
1,0.4710716206607284,0.575042816380128
1,0.46921024260824445,0.5738768018442396
0,0.44706635683035384,0.57426521041605
1,0.4710678494852615,0.5720402774516637
0,0.5103176281575535,0.5828686190412299
0,0.5304884810556096,0.5813399552775356
0,0.3721141810108787,0.5832093295515647
1,0.47059001490787866,0.5808650345043389
0,0.3834933027761236,0.5838249274639756
1,0.47059001490787866,0.5838249274639756
0,0.3801165867029783,0.5832327160919086
1,0.47059001490787866,0.5832327160919086
0,0.3918322108748084,0.5832327160919086
1,0.47059001490787866,0.5832327160919086
1,0.46873429232162356,0.5797278861974287
1,0.46873429232162356,0.5776103047709723
1,0.47059001490787866,0.5797625571234478
1,0.47059001490787866,0.5820849109769193
1,0.4710678494852615,0.5820849109769193
0,0.43375167975732004,0.5812977822875728
1,0.4710678494852615,0.5812977822875728
0,0.5898629524639096,0.579948452654807
1,0.4710678494852615,0.582181041045978
0,0.41291260386203693,0.581503207597295
1,0.4710678494852615,0.582181041045978
0,0.4786619485126228,0.5820644519016224
1,0.4710678494852615,0.5813097686015319
0,0.4127254808633533,0.5807046115418735
1,0.4710678494852615,0.5806242196786833
0,0.41721555310846964,0.5807046115418735
1,0.4710678494852615,0.5814651357673124
0,0.395917797782979,0.5829074538736966
1,0.4710678494852615,0.5821516775683414
1,0.46921024260824445,0.5817579349254648
1,0.4710678494852615,0.5817579349254648
0,0.43915677129689346,0.5823486488126445
1,0.4710678494852615,0.5823486488126445
0,0.4129650844570676,0.5794132749495843
1,0.4710678494852615,0.5794132749495843
0,0.46419300081663545,0.5821396738946445
1,0.4710678494852615,0.5821396738946445
1,0.4710678494852615,0.5792601958188928
0,0.4036267071930723,0.5796930876595079
1,0.4710678494852615,0.579944134224894
0,0.46347788238985027,0.5807700913767154
1,0.4710678494852615,0.5807700913767154
0,0.43029314048402195,0.5787675316718738
1,0.4710678494852615,0.5802408237377701
0,0.40406943004180984,0.5803320011114129
1,0.4710678494852615,0.5814367434474178
0,0.3784504707465328,0.581811390038361
1,0.4710678494852615,0.5836170890900547
0,0.40644044560621645,0.5824021582035757
1,0.4710678494852615,0.582666966777981
0,0.4069637786524264,0.581811390038361
1,0.4710678494852615,0.5838145561569105
1,0.46921024260824445,0.5815426135080723
0,0.43192112451195963,0.5814465888565367
1,0.4710678494852615,0.5814465888565367
0,0.5861735108134801,0.5796139831104273
1,0.4710678494852615,0.5833233542183665
0,0.40429664370734325,0.5804521408910354
1,0.4710678494852615,0.5806892764875307
0,0.46221997094958733,0.5835100483286403
1,0.4710678494852615,0.5817036141904682
0,0.41155608016275375,0.5822153988142728
1,0.4710678494852615,0.5820184726399085
0,0.40763020021058977,0.5820184726399085
0,0.4454118509334259,0.5839394541986059
1,0.46921024260824445,0.5810348404302746
1,0.4710678494852615,0.5820184726399085
1,0.4710678494852615,0.5816268590688527
0,0.4295688337883067,0.5820184726399085
1,0.4710678494852615,0.582097320068243
0,0.4198549054095052,0.5826678430617858
1,0.46921024260824445,0.5815068611200588
1,0.46921024260824445,0.5809682232568489
0,0.4739134123660106,0.5796766084287147
0,0.43264549873059716,0.5800689423980757
1,0.4710678494852615,0.5800689423980757
0,0.42370288435217224,0.5795970199685887
1,0.4710678494852615,0.5795970199685887
0,0.41058153952711435,0.5795970199685887
1,0.4710678494852615,0.5807686118545734
0,0.3896530156076439,0.5795970199685887
1,0.4710678494852615,0.5816173084403891
0,0.3958693269442393,0.5800107221818303
1,0.4710678494852615,0.5800107221818303
0,0.41128103864105237,0.581222410734281
1,0.4710678494852615,0.5758505313540039
0,0.44370277332004243,0.5755731753116724
1,0.4710678494852615,0.5757348052648779
1,0.4710678494852615,0.5759296053579657
0,0.48497091421815336,0.5758505313540039
1,0.46921024260824445,0.5753542989519311
1,0.46921024260824445,0.5778360111623472
0,0.42302553990574476,0.5692817143548087
1,0.4710678494852615,0.5722131340724491
0,0.4800632376679994,0.5722131340724491
1,0.4710678494852615,0.5722131340724491
1,0.4710678494852615,0.5722131340724491
0,0.4733684511221769,0.5716776191865551
1,0.46873429232162356,0.5716776191865551
0,0.3932890845111905,0.5716021869834278
1,0.47059001490787866,0.5734391300060764
0,0.39712775202282613,0.5726665614446683
1,0.47059001490787866,0.5730943574620126
0,0.4279937117539098,0.5731438072550809
0,0.4844850951350249,0.5701584143243661
0,0.5957721362389157,0.5699655662555189
0,0.4411855908406666,0.5698481769050763
0,0.423359242573653,0.56946275582693
1,0.4714555262572441,0.56946275582693
0,0.4226669839379137,0.5726613274612052
1,0.4710716206607284,0.56946275582693
1,0.4710716206607284,0.56946275582693
0,0.3833888956886829,0.56946275582693
1,0.4710716206607284,0.56946275582693
1,0.4692139989124747,0.5667673716185172
0,0.4879702634299138,0.5663840342660775
1,0.4692139989124747,0.5668843279720613
0,0.4676191304701898,0.5663093005453808
1,0.4710716206607284,0.5661177543851618
1,0.4692139989124747,0.568325152903881
0,0.41983166314833925,0.568325152903881
1,0.4710716206607284,0.5725906073970624
0,0.4814216176781736,0.5698300915471632
1,0.4710716206607284,0.5698300915471632
0,0.41807654351573004,0.5690025062982249
0,0.39180809217876605,0.5689977487304058
0,0.4027099056822187,0.5712035638616827
1,0.4717746145476877,0.5679471708242783
1,0.47139044911800915,0.5679471708242783
1,0.46953157010302526,0.5679471708242783
1,0.46953157010302526,0.5658726210074072
1,0.47139044911800915,0.5658726210074072
0,0.4532866471502297,0.5658726210074072
1,0.47139044911800915,0.5658726210074072
0,0.4540960829746035,0.5658726210074072
1,0.47139044911800915,0.5658726210074072
0,0.4359694761974833,0.5658726210074072
1,0.47139044911800915,0.5658726210074072
0,0.509311286153798,0.5656812225479033
1,0.47139044911800915,0.5656812225479033
0,0.41574715597850254,0.5649162758693427
1,0.47139044911800915,0.5649162758693427
1,0.47139044911800915,0.5630808093734315
1,0.47139044911800915,0.5644688946969361
1,0.47139044911800915,0.5795273864788507
1,0.47139044911800915,0.5795273864788507
1,0.47139044911800915,0.5795273864788507
0,0.4545597543520152,0.5780016565233881
1,0.47139044911800915,0.5780016565233881
0,0.5990068230023999,0.5780016565233881
1,0.47139044911800915,0.5780016565233881
0,0.41153855050609284,0.5780016565233881
1,0.47139044911800915,0.5780016565233881
0,0.5039357105697176,0.5787843219664747
1,0.47139044911800915,0.5787843219664747
0,0.42092064467850976,0.5783928568597544
1,0.47139044911800915,0.5792166881015148
0,0.41611236000174323,0.5843796006675772
1,0.47139044911800915,0.5832116147025984
0,0.39111454573724586,0.5835893689668751
1,0.47139044911800915,0.5832116147025984
0,0.4064053148565309,0.5835893689668751
1,0.47139044911800915,0.5837458699488491
0,0.4169318777185056,0.5835893689668751
1,0.46953157010302526,0.5828171551633103
1,0.46953157010302526,0.5788011544748285
1,0.47139044911800915,0.5807844075660339
0,0.4961449146674512,0.5788011544748285
1,0.47139044911800915,0.5788011544748285
0,0.3855191449810006,0.5788011544748285
1,0.47139044911800915,0.5788011544748285
0,0.43480413183122546,0.5788011544748285
1,0.47139044911800915,0.5788011544748285
1,0.4710678494852615,0.5819282891580455
0,0.4312193069885871,0.5788011544748285
1,0.4710678494852615,0.5798604043408561
0,0.4018012286061739,0.5791928959236016
1,0.4710678494852615,0.5810793432387431
0,0.5064989916404876,0.5828171551633103
1,0.4710678494852615,0.5859659874104381
1,0.4710678494852615,0.5859659874104381
1,0.4710678494852615,0.5859659874104381
1,0.4710678494852615,0.5860347783718743
0,0.4348947209997516,0.5859659874104381
1,0.4710678494852615,0.5872254957312827
0,0.5894114534463232,0.5861231257294508
1,0.4710678494852615,0.5872254957312827
0,0.40870263778890886,0.5857266969678954
1,0.4710678494852615,0.5865067317629944
1,0.46921024260824445,0.5865067317629944
1,0.46921024260824445,0.5857037439697587
1,0.46921024260824445,0.5850685772832356
0,0.38607125052278585,0.584672861773412
1,0.4710678494852615,0.584672861773412
1,0.4710678494852615,0.5853075988601941
1,0.4710678494852615,0.5876235327233947
1,0.4710678494852615,0.5884192270391747
1,0.4710678494852615,0.5902184022706348
1,0.4710678494852615,0.5967977288456473
0,0.4467879896850545,0.5904181028943475
1,0.4710678494852615,0.598610280648598
0,0.588302695441806,0.599015429216079
1,0.4710678494852615,0.6175968839499079
0,0.4192961935948362,0.6127471380139938
1,0.46921024260824445,0.6240428644418763
0,0.3863436560854592,0.6104661151840527
1,0.4648335106315276,0.6320877698351142
1,0.46873429232162356,0.6297789326148234
0,0.40070807635010697,0.6308450835578719
1,0.47059001490787866,0.6308450835578719
0,0.40711832011161947,0.6299088773736926
1,0.47059001490787866,0.6299088773736926
0,0.42114531338993105,0.6278130443399929
1,0.46873429232162356,0.6278130443399929
0,0.42555620348158496,0.6236233373096407
0,0.4493959381566033,0.6204283141928459
1,0.46873429232162356,0.6204283141928459
0,0.4416702248329273,0.6208482295381814
1,0.47059001490787866,0.6208482295381814
0,0.45780748357819834,0.6200086828603963
1,0.46873429232162356,0.6183245351439239
0,0.43311177574578874,0.6182935060529114
1,0.47059001490787866,0.6182935060529114
0,0.46548382197891325,0.6182935060529114
1,0.47059001490787866,0.6182935060529114
0,0.3892722791730581,0.6186435330452972
1,0.46873429232162356,0.6182251088629307
0,0.4457477385663621,0.6163521148785318
1,0.4648335106315276,0.6163521148785318
0,0.5960974877160073,0.6128468207800702
1,0.47059001490787866,0.6128468207800702
0,0.42916810936163813,0.6135273690242048
1,0.47059001490787866,0.6135273690242048
0,0.5127705006284033,0.6135273690242048
1,0.47059001490787866,0.6135273690242048
0,0.45632415479799815,0.6144061625926514
1,0.46873429232162356,0.6144061625926514
1,0.47059001490787866,0.6144061625926514
0,0.39779205476599755,0.6135704152558389
1,0.47059001490787866,0.6135704152558389
0,0.4325420071873903,0.6135273690242048
1,0.47059001490787866,0.6135273690242048
0,0.4688217452200694,0.6036321676287772
1,0.47059001490787866,0.6036321676287772
1,0.47059001490787866,0.6069832975371353
0,0.4537359892887141,0.6041075429888569
1,0.47059001490787866,0.607939702902047
0,0.4177260172835416,0.6029869974500666
1,0.47059001490787866,0.6067069833369376
0,0.5348701339795258,0.6029128495894535
1,0.47059001490787866,0.6061219779519136
0,0.5881543309734304,0.602405578988938
1,0.47059001490787866,0.602405578988938
0,0.41829708334384585,0.602405578988938
1,0.47059001490787866,0.602405578988938
1,0.46873429232162356,0.6061219779519136
1,0.47059001490787866,0.6061219779519136
0,0.45607002015637543,0.6054071675503966
1,0.46873429232162356,0.6023222072967043
1,0.47059001490787866,0.6061970726779659
0,0.4100928886306364,0.6030333752542665
1,0.47059001490787866,0.6066073561020001
1,0.47059001490787866,0.6066073561020001
0,0.43208918443829497,0.6060997616387589
1,0.47059001490787866,0.6117196590394216
1,0.47059001490787866,0.6117196590394216
0,0.5104027585269528,0.6080580792485936
1,0.47059001490787866,0.6080580792485936
0,0.40622410664080094,0.5907494818487868
1,0.47059001490787866,0.5907494818487868
0,0.37021143519460054,0.5891261090194128
1,0.4710678494852615,0.5911224571862197
0,0.5047983887502288,0.5745565735661168
1,0.4710678494852615,0.5805910729463281
0,0.5462583162994533,0.5904803697505876
1,0.4710678494852615,0.5904803697505876
0,0.42663992712385307,0.5984719204349136
1,0.4710678494852615,0.5984719204349136
0,0.4369739159588576,0.5968544385091452
1,0.4653055000853401,0.5962490104615812
1,0.4710678494852615,0.597186527029457
0,0.5920055384184711,0.596177260260859
1,0.4710678494852615,0.5969845370814253
0,0.41818547997568123,0.5944472123488935
1,0.4710678494852615,0.5981466864588588
1,0.4710678494852615,0.5981466864588588
1,0.46921024260824445,0.5975225443244608
0,0.3926795369090776,0.5940719596896115
1,0.4710678494852615,0.5940719596896115
0,0.3892233723548272,0.5956362136374791
1,0.4710678494852615,0.597358606848833
0,0.45147280093491,0.5963789770664676
1,0.4710678494852615,0.597358606848833
1,0.4710678494852615,0.597358606848833
1,0.4710678494852615,0.6002188225446885
0,0.4381935037278763,0.597358606848833
1,0.4710678494852615,0.597358606848833
0,0.41627014391449774,0.5987239944023772
1,0.4710678494852615,0.6005496703286317
0,0.5279178690229809,0.6005496703286317
1,0.4710678494852615,0.6005496703286317
0,0.585827468356134,0.6011594652431604
1,0.4710678494852615,0.6011594652431604
0,0.41545538705705193,0.6049830618399575
1,0.4710678494852615,0.6020387870137429
0,0.4764815985464458,0.6022122650160716
1,0.4710678494852615,0.6069293613746874
0,0.4673111099098366,0.6083683047991868
1,0.4710678494852615,0.6083683047991868
0,0.4026744438383699,0.6092348314342346
1,0.4710678494852615,0.6092348314342346
0,0.43209843467370607,0.6038828316644784
1,0.46921024260824445,0.6071347161578486
1,0.46921024260824445,0.6065105630994437
0,0.44131979357438617,0.6026583382187091
1,0.4710678494852615,0.6069293613746874
1,0.46921024260824445,0.6069293613746874
0,0.5865702419854608,0.6087196444884343
1,0.4710678494852615,0.6087196444884343
1,0.4710678494852615,0.6099564534193291
0,0.49558534657137926,0.6081625327720083
1,0.4710678494852615,0.6081625327720083
0,0.43326757777821173,0.6081625327720083
1,0.4710678494852615,0.6081625327720083
0,0.45752919547186466,0.6081625327720083
1,0.4710678494852615,0.6127496500721132
0,0.3900376590686775,0.612378174849273
1,0.4710678494852615,0.6130677994729706
0,0.41370440861898133,0.6086841793356302
0,0.4458532992129142,0.6037453646233496
1,0.46921024260824445,0.6037453646233496
0,0.5123735917100737,0.6058530523433003
1,0.46921024260824445,0.6105537063444527
0,0.5057312703955829,0.6058530523433003
1,0.4710678494852615,0.6105537063444527
0,0.40696471605889284,0.6191556266874405
1,0.4710678494852615,0.6241798419612979
0,0.3740839662212049,0.6180968843538625
1,0.46873429232162356,0.6235466959902444
1,0.4710678494852615,0.6235466959902444
0,0.4655144549929955,0.6243910334512092
0,0.391203075128579,0.6185586179406681
1,0.4648335106315276,0.6157761606978732
1,0.46873429232162356,0.615359675884248
1,0.46873429232162356,0.6155678830675703
1,0.46873429232162356,0.6155678830675703
1,0.46873429232162356,0.6146923488091262
1,0.47059001490787866,0.6192301447249846
0,0.37078842490014363,0.6148571906676592
1,0.47059001490787866,0.6170396328301961
0,0.3882021153069958,0.6125576921080527
1,0.46873429232162356,0.6153719682004832
1,0.46873429232162356,0.6151638272826108
1,0.47059001490787866,0.6185025462742013
0,0.5351099191639554,0.6151638272826108
1,0.47059001490787866,0.6180842174492923
0,0.5017083499472471,0.6157884613337355
1,0.47059001490787866,0.6189896324276783
1,0.47059001490787866,0.6189896324276783
1,0.47059001490787866,0.6238266825389177
0,0.4723590704704642,0.6178751591512378
1,0.47059001490787866,0.6227035002909479
0,0.5978800148857932,0.6194831225320986
1,0.47059001490787866,0.6259019240139791
0,0.42913450347860194,0.6217926529249821
1,0.47059001490787866,0.6217926529249821
0,0.5071359606233485,0.6194831225320986
1,0.47059001490787866,0.6207418009161848
0,0.44432650245137595,0.6194831225320986
1,0.47059001490787866,0.6220030367085636
0,0.46678790269945003,0.6194831225320986
1,0.47059001490787866,0.6207418009161848
0,0.40406637784647903,0.6194831225320986
1,0.47059001490787866,0.6194831225320986
0,0.4151654550473955,0.6209518291435845
1,0.47059001490787866,0.6209518291435845
1,0.47059001490787866,0.6231249555169338
1,0.46873429232162356,0.6227035002909479
0,0.46581484894175934,0.6231938948003004
1,0.47059001490787866,0.6231938948003004
0,0.5858690547755966,0.6220030367085636
1,0.47059001490787866,0.6220030367085636
0,0.41344082558413864,0.6196492491309505
0,0.4784841914011076,0.6190206988331376
1,0.47059001490787866,0.6190206988331376
0,0.4329479151718936,0.6186020195518686
0,0.4659809379152097,0.6110659661982206
0,0.3909614725862612,0.608842974894895
1,0.4648335106315276,0.6104461224792523
0,0.40659953409516447,0.6070936223394494
1,0.47059001490787866,0.607504512561968
0,0.4524138995450499,0.6074334229922905
1,0.47059001490787866,0.607504512561968
1,0.47059001490787866,0.607504512561968
0,0.4953128407803633,0.6074334229922905
1,0.47059001490787866,0.6074334229922905
0,0.4871757342591933,0.6047950557133484
1,0.46873429232162356,0.6043859980522418
0,0.5880728025205655,0.6024649171527945
1,0.4710678494852615,0.6047647055658755
0,0.41930366729557994,0.6028424209195292
1,0.47059001490787866,0.6047647055658755
0,0.45536807795748474,0.6022611418635027
1,0.47059001490787866,0.6047950557133484
0,0.3909364086520247,0.602668761389534
1,0.4710678494852615,0.606271473161957
1,0.4710678494852615,0.6109961408024167
0,0.43852872020351474,0.6086421108635409
1,0.46921024260824445,0.6112028715819636
0,0.4691679478823952,0.6056159673966405
0,0.4715102814900019,0.6045076248150999
1,0.4714555262572441,0.6035162711020267
0,0.45556758254735513,0.6043383236387125
1,0.4692139989124747,0.6043383236387125
1,0.4710716206607284,0.6083986621248123
0,0.4297652896497028,0.6110600606958156
1,0.4692139989124747,0.6100579614083719
1,0.4710716206607284,0.6105604303726884
0,0.48497831561765614,0.6100579614083719
1,0.4710716206607284,0.609879974279266
0,0.4607734739439058,0.6104708579407822
1,0.4710716206607284,0.6108840339278628
0,0.4571304377423182,0.6080249535555659
1,0.4710716206607284,0.6104708579407822
0,0.5271035680593588,0.6080249535555659
1,0.4710716206607284,0.6113403793378589
0,0.4643062182001418,0.6107219128709988
1,0.4710716206607284,0.612069519240338
0,0.5947307214929226,0.6128698188487172
1,0.4710716206607284,0.612069519240338
0,0.4408208463478083,0.6128698188487172
1,0.4710716206607284,0.612069519240338
1,0.4710716206607284,0.612069519240338
0,0.4270543353329754,0.6122766131978927
1,0.4710716206607284,0.6122766131978927
0,0.48160544187592835,0.6136996988722604
1,0.4692139989124747,0.6136996988722604
1,0.4692139989124747,0.6139073444017213
1,0.4692139989124747,0.6126664435848215
0,0.44834752822968343,0.6130093634407437
1,0.4710716206607284,0.6126664435848215
0,0.44379776369024715,0.6115878785598341
1,0.4710716206607284,0.6038413851278177
1,0.4710716206607284,0.6038413851278177
1,0.4692139989124747,0.6026472180867479
1,0.4710716206607284,0.6062326071658188
1,0.4710716206607284,0.6062326071658188
0,0.448628229749285,0.606027557508343
1,0.4710716206607284,0.606027557508343
1,0.4710716206607284,0.6099868343467988
1,0.4710716206607284,0.6099868343467988
0,0.5196099872187218,0.6077921401346728
1,0.4710716206607284,0.6077921401346728
1,0.4710716206607284,0.6138082257455558
1,0.4710716206607284,0.6148473399248957
1,0.4710678494852615,0.6148473399248957
0,0.593121275069902,0.6124803543725927
1,0.4710678494852615,0.6168998894494945
0,0.4661496361874766,0.6118897821270605
0,0.454206326336232,0.6066854778455308
1,0.4648335106315276,0.6108556663270652
0,0.4352130824618966,0.6056176662354257
1,0.4710678494852615,0.6056176662354257
0,0.4262145949091183,0.6086396875576929
1,0.4710678494852615,0.6086396875576929
0,0.4788650239950307,0.6047562843652967
1,0.4710678494852615,0.6086396875576929
0,0.40476728925053446,0.6047562843652967
1,0.4710678494852615,0.6095742651873678
0,0.4249593223820865,0.6047562843652967
1,0.4710678494852615,0.6099868343467988
1,0.46873429232162356,0.6091192381232773
1,0.47059001490787866,0.5997024433048976
0,0.4711773956171214,0.5912765290439381
1,0.47059001490787866,0.5914644133515534
0,0.5894114534463232,0.5865091565697004
1,0.47059001490787866,0.5947112610938892
0,0.44756811446116573,0.5872738695524765
1,0.47059001490787866,0.594610827466387
0,0.41744368831465334,0.5880808375576674
1,0.47059001490787866,0.5880808375576674
0,0.41609756647421386,0.5880808375576674
1,0.46873429232162356,0.586917838844773
0,0.42116784943293223,0.5851289194966166
1,0.4710678494852615,0.5851289194966166
0,0.44567651216668797,0.575453354776191
1,0.4710678494852615,0.5762036527833919
1,0.4710678494852615,0.5940643423111548
1,0.4710678494852615,0.5940643423111548
0,0.45085674064266495,0.5948019390771757
1,0.4648335106315276,0.5887026222612143
1,0.4645191170086522,0.5921929457132081
1,0.4692139989124747,0.5902515568280439
0,0.44652608638232477,0.583909757975221
0,0.3996155808942345,0.5740664193269495
0,0.4259026316995887,0.5709956649675755
0,0.4234521212811176,0.5642188205425543
1,0.4717746145476877,0.5712546963824018
1,0.47139044911800915,0.5706351989719829
1,0.47139044911800915,0.5839876789841675
0,0.5961933553141741,0.5735295258014921
1,0.47139044911800915,0.5839876789841675
0,0.4538986071472319,0.5700518031940374
1,0.47139044911800915,0.5839876789841675
0,0.4403436898046481,0.5735295258014921
1,0.47139044911800915,0.5839876789841675
0,0.4712103931339577,0.571021413577531
1,0.47139044911800915,0.5839876789841675
0,0.4365313950762882,0.5785718321128546
1,0.47139044911800915,0.5874249214642524
0,0.48816403526017393,0.577340797854685
1,0.47139044911800915,0.5808032410766866
0,0.3909614725862612,0.5719668807809108
1,0.47139044911800915,0.5719668807809108
1,0.47139044911800915,0.5854133017482419
1,0.46953157010302526,0.5854133017482419
0,0.43180418619534544,0.5745827898236251
1,0.47139044911800915,0.5854133017482419
0,0.4142800485947025,0.5745827898236251
1,0.46953157010302526,0.5745827898236251
1,0.47139044911800915,0.5830866689430461
0,0.48833131346243497,0.5704822129320202
1,0.47139044911800915,0.5789317148346836
0,0.3974289162253109,0.569513518126353
1,0.47139044911800915,0.577167137107812
0,0.4310700371841198,0.5707107065788147
1,0.47139044911800915,0.579163592736867
1,0.47139044911800915,0.579163592736867
0,0.3906884970337975,0.57951955899314
1,0.46953157010302526,0.5882276020783818
0,0.4140243547622788,0.5836208097318238
0,0.47522609887903977,0.5826922939117573
1,0.46953157010302526,0.5826922939117573
1,0.47139044911800915,0.5886257234906579
0,0.5933219578817442,0.5830866689430461
1,0.47139044911800915,0.6082176987791181
0,0.45100058981387303,0.6041188128293992
0,0.42324846873833355,0.6064558165159238
1,0.4656241535099095,0.6056357320866614
0,0.4418874990851734,0.6020329880846672
1,0.47139044911800915,0.6060031172708121
1,0.47139044911800915,0.611251216474183
1,0.46953157010302526,0.611251216474183
0,0.41615120828250746,0.617113192940559
1,0.47139044911800915,0.6202156018284726
0,0.4618163750717145,0.6179797329431083
1,0.47139044911800915,0.6188165322429783
0,0.4689354608586968,0.6121388819418109
1,0.47059001490787866,0.632562258516296
0,0.5403283003979967,0.6307519105716929
1,0.47059001490787866,0.6361758757933854
1,0.46873429232162356,0.6361758757933854
1,0.46873429232162356,0.6345496750573243
0,0.4505020221839751,0.633316432160875
1,0.47059001490787866,0.6343350475496913
0,0.4251878000226538,0.6374514789244631
1,0.47059001490787866,0.6405767507903675
0,0.4850037875029299,0.6374514789244631
1,0.47059001490787866,0.6374514789244631
0,0.39621073263652395,0.6352878842505659
1,0.47059001490787866,0.6395176588510516
0,0.41705201873629877,0.6373470512890644
1,0.47059001490787866,0.6401670216521423
0,0.448965765551283,0.6373470512890644
1,0.47059001490787866,0.6395176588510516
0,0.467866592362772,0.6373470512890644
1,0.47059001490787866,0.6389031772119497
0,0.5074143025691416,0.6375626979093227
1,0.47059001490787866,0.633317026044339
1,0.47059001490787866,0.633317026044339
0,0.4240210779090599,0.6221441043705023
1,0.47059001490787866,0.6221441043705023
0,0.4159167371109589,0.6048173862628242
1,0.47059001490787866,0.6048173862628242
0,0.41214677599835514,0.5879859610844917
1,0.47059001490787866,0.5879859610844917
0,0.44300975470406995,0.5774555514568501
1,0.47059001490787866,0.5774555514568501
0,0.40320224859213727,0.5761080337916781
1,0.47059001490787866,0.5761080337916781
0,0.41283559561007105,0.5808587813136236
1,0.47059001490787866,0.5808587813136236
1,0.4710678494852615,0.5848880185365597
1,0.4710678494852615,0.5893943178883307
0,0.4398219653552007,0.5848880185365597
1,0.4710678494852615,0.5876196432898411
0,0.43550134204921004,0.5867662216190889
1,0.4710678494852615,0.5932932398146105
0,0.5248295765281538,0.5846991978255699
1,0.4710678494852615,0.5928919614927456
0,0.5947307214929226,0.5837063621806154
1,0.4710678494852615,0.5949475730968005
0,0.467180097574542,0.5874516939523311
0,0.43022000151201906,0.584294728802482
1,0.4653055000853401,0.5874208892057513
0,0.39068659054775984,0.584294728802482
1,0.4710678494852615,0.5896569752760532
0,0.4145853142538366,0.5870004982864807
0,0.4522293140289977,0.584294728802482
1,0.4710678494852615,0.584294728802482
0,0.4625624946160367,0.584294728802482
1,0.4710678494852615,0.584294728802482
0,0.49147209414785914,0.584294728802482
1,0.4710678494852615,0.584294728802482
0,0.4798277213797331,0.5821213918139806
1,0.4710678494852615,0.5821213918139806
1,0.4710678494852615,0.5821213918139806
0,0.3880067126728042,0.5778206164809438
1,0.4710678494852615,0.578833793807108
0,0.3825687577158088,0.5751340285940547
1,0.4710678494852615,0.5843322029324897
0,0.3918555852073963,0.578158402282975
1,0.4710678494852615,0.5837773389845778
0,0.38364389871662513,0.5783540224010473
1,0.4710678494852615,0.5783540224010473
0,0.41812930154426375,0.5795836563131431
1,0.4710678494852615,0.5793876202886852
1,0.4710678494852615,0.5793876202886852
1,0.4710678494852615,0.5806671830508864
0,0.44421592980820435,0.576001942442574
1,0.4710678494852615,0.5806671830508864
0,0.4297206939874106,0.576001942442574
1,0.4710678494852615,0.5809190130957484
0,0.5265907520122863,0.5762517492152658
1,0.4710678494852615,0.5809190130957484
1,0.46921024260824445,0.5800788868108628
0,0.38294879784112335,0.5792714194116304
1,0.4710678494852615,0.5792714194116304
0,0.41514302238423495,0.5872277296652241
1,0.4710678494852615,0.5872277296652241
0,0.39068659054775984,0.587426418393709
0,0.3908482005942561,0.5827667331822918
0,0.4291205146905295,0.5764384034509772
1,0.4717746145476877,0.5803767360989815
0,0.49570921867523615,0.5751038424081442
1,0.47139044911800915,0.581133453398319
0,0.5947307214929226,0.5764384034509772
1,0.47139044911800915,0.578645445251405
1,0.47139044911800915,0.578645445251405
1,0.46953157010302526,0.578645445251405
0,0.3843276899239524,0.5738122217291608
1,0.47139044911800915,0.5778629676053986
0,0.3917937572465082,0.5738122217291608
1,0.47139044911800915,0.5742005865921643
0,0.3855368723031979,0.5744659391323822
1,0.47139044911800915,0.5744659391323822
0,0.41947762011272116,0.5752934687486168
1,0.47139044911800915,0.5748547464412943
0,0.4517637638194452,0.5733598576672303
0,0.4329227009983299,0.5720630620945868
1,0.47139044911800915,0.5720630620945868
0,0.5381555583966294,0.5720630620945868
1,0.47139044911800915,0.5720630620945868
0,0.5857692253996023,0.5714782065235567
1,0.47139044911800915,0.5712849120535507
0,0.4757021538277394,0.5716710545618193
1,0.47139044911800915,0.5712849120535507
0,0.45268189842623885,0.5713130705033963
1,0.47139044911800915,0.5717253496184814
1,0.47139044911800915,0.5744040112948359
1,0.46953157010302526,0.5716715663948212
0,0.4486998604165627,0.5716314596588152
1,0.47139044911800915,0.5716314596588152
0,0.4256339279173887,0.5716314596588152
1,0.47139044911800915,0.5716314596588152
0,0.5164345303648537,0.5716314596588152
1,0.47139044911800915,0.5716314596588152
1,0.47139044911800915,0.5705016677076167
1,0.47139044911800915,0.5705016677076167
1,0.47139044911800915,0.5717347085356695
0,0.47327390916508844,0.572844782944584
1,0.47139044911800915,0.5743616896766739
0,0.5880116566513911,0.5737810986084548
1,0.47139044911800915,0.5732285207890254
0,0.46652405597268226,0.5737810986084548
1,0.47139044911800915,0.5730346342998235
0,0.43637905348966516,0.5737810986084548
1,0.47139044911800915,0.5728580335204319
0,0.41729668800870895,0.57353236286983
1,0.47139044911800915,0.5727862221556002
0,0.3959321598831965,0.5741147245552578
1,0.47139044911800915,0.5738105739548339
0,0.5274545522115243,0.5758062385399416
1,0.47139044911800915,0.5759586235148936
0,0.423326909104996,0.5758062385399416
1,0.4710678494852615,0.5761003721707519
0,0.46431934151610854,0.574444312558268
1,0.46921024260824445,0.5730454019318257
0,0.5141732450022269,0.5732795116088052
1,0.4710678494852615,0.5743492710890258
0,0.46437224870696425,0.5765032352372874
1,0.4710678494852615,0.5784277803472336
0,0.41309717663864765,0.5793949064232595
1,0.4710678494852615,0.5758774970997281
1,0.4710678494852615,0.5755068974488402
0,0.42984107793947773,0.5755068974488402
1,0.46921024260824445,0.5781309786401738
0,0.49908241140135473,0.5802365009838972
1,0.4710678494852615,0.5802365009838972
1,0.4710678494852615,0.5802365009838972
1,0.4710678494852615,0.5796618833453212
1,0.4710678494852615,0.5796618833453212
1,0.4710678494852615,0.580433159237393
1,0.4710678494852615,0.580433159237393
0,0.5847783242627229,0.5810225279544438
0,0.4935144309226655,0.5754303300565082
1,0.46921024260824445,0.5763909317361574
0,0.45338121101304707,0.5750814794124294
0,0.4010676392961272,0.575202184521198
1,0.4710678494852615,0.575202184521198
0,0.39530692527161876,0.5757862417345754
1,0.4710678494852615,0.5757862417345754
0,0.3843276899239524,0.5751618300877771
1,0.4710678494852615,0.5751618300877771
0,0.3917635484047874,0.5777468281671901
1,0.4710678494852615,0.5792767156326664
0,0.40044761498316694,0.5787297197204787
1,0.4710678494852615,0.580165985221944
0,0.4222617671252554,0.5807143386440906
0,0.5268231989860148,0.5818292390513674
1,0.4653055000853401,0.5775818639853607
1,0.4710678494852615,0.5744646657417046
0,0.44823862554116267,0.5766963359698027
1,0.46921024260824445,0.5742066155243145
1,0.4710678494852615,0.5742066155243145
1,0.4710678494852615,0.5741260491758943
0,0.38306516609343605,0.5742066155243145
1,0.46873429232162356,0.5742066155243145
0,0.3972480828288085,0.5742066155243145
1,0.47059001490787866,0.5742066155243145
0,0.530444449608014,0.5742066155243145
1,0.47059001490787866,0.57447432024566
0,0.4205113360626244,0.5756722621240274
1,0.47059001490787866,0.5773919507997142
0,0.4617440705884297,0.5768062648118122
1,0.47059001490787866,0.5768062648118122
0,0.4851957918031101,0.5791504760586443
1,0.47059001490787866,0.5800845827203996
0,0.4452201206616215,0.5818788160295264
1,0.47059001490787866,0.5810666062414906
1,0.4710678494852615,0.5810666062414906
0,0.4391234864604535,0.5819642770595806
1,0.4710678494852615,0.5819642770595806
0,0.4604282358136482,0.58176743582362
1,0.4710678494852615,0.58176743582362
0,0.43457512966439293,0.5819642770595806
1,0.4710678494852615,0.5819642770595806
0,0.5078360863769492,0.5819642770595806
1,0.4710678494852615,0.5821611848968494
0,0.39907427579067994,0.5819642770595806
1,0.4710678494852615,0.5819642770595806
1,0.4710678494852615,0.5821611848968494
1,0.4710678494852615,0.5825960736316186
1,0.46921024260824445,0.5818534218979928
0,0.46203472201922857,0.5819642770595806
1,0.4710678494852615,0.5814598809825704
0,0.4910387862499377,0.5821611848968494
1,0.4710678494852615,0.5814598809825704
0,0.44212351872174094,0.5825259663702403
1,0.4710678494852615,0.5814598809825704
0,0.39065228266284324,0.5813331656396172
1,0.4710678494852615,0.5814598809825704
0,0.3827360280571244,0.5818942458260533
0,0.4198365424001731,0.5822880807262264
1,0.46429834587556085,0.581303992869203
0,0.43001868486946676,0.5807143386440906
1,0.47059001490787866,0.5807143386440906
0,0.5115612294942369,0.5800438857527911
1,0.47059001490787866,0.5800438857527911
1,0.47059001490787866,0.5800438857527911
1,0.4710678494852615,0.5805921237706165
1,0.4710678494852615,0.5805921237706165
0,0.5955786974126246,0.5809850773747236
1,0.4710678494852615,0.5809850773747236
0,0.4820101069124226,0.5814190875282244
1,0.4710678494852615,0.5814190875282244
0,0.4256391918174356,0.5801649403594917
1,0.4710678494852615,0.5801649403594917
0,0.4872419940310754,0.5816566181572321
1,0.4710678494852615,0.5816566181572321
0,0.42885074578746346,0.5799687077238762
1,0.4710678494852615,0.5799687077238762
0,0.39179714111032504,0.5796915466649138
1,0.4710678494852615,0.5796915466649138
0,0.5313750028768284,0.5807889205081591
1,0.4710678494852615,0.5807889205081591
0,0.4155495494946583,0.5824037243794701
1,0.4653055000853401,0.5734244906786966
0,0.5829602006905001,0.5726088977927941
1,0.46921024260824445,0.5726088977927941
0,0.45574664959527333,0.5726088977927941
1,0.4710678494852615,0.5726088977927941
0,0.430964501357601,0.5728026402338849
1,0.4710678494852615,0.5742502814590923
0,0.4738517758588484,0.5757953540299944
1,0.4710678494852615,0.5746389428076021
1,0.4710678494852615,0.5746389428076021
1,0.46873429232162356,0.5717008045656282
1,0.47059001490787866,0.5723886568385885
0,0.43329703788989044,0.572047604455788
1,0.47059001490787866,0.5729572205423386
0,0.46002904585474286,0.572047604455788
1,0.47059001490787866,0.572993986786873
0,0.43815787071463935,0.5724347749989084
1,0.47059001490787866,0.5743927718993639
0,0.5178785882165133,0.5735978595953787
1,0.4710678494852615,0.5735978595953787
0,0.569688703574678,0.5740838830609708
0,0.4685696947378762,0.5734643745019887
1,0.47059001490787866,0.5769268060162561
0,0.41023275880403703,0.5749746248357869
1,0.47059001490787866,0.5757396640412794
0,0.45294077459596727,0.5740824121416469
1,0.47059001490787866,0.576519266546175
0,0.4155255324450039,0.5740824121416469
0,0.5270369567988304,0.5736538785741045
1,0.46530922512980755,0.572873564621446
0,0.41739041751765904,0.5726258360018007
1,0.4710678494852615,0.5726258360018007
1,0.46873429232162356,0.5747755463348003
1,0.46873429232162356,0.5718615260299368
0,0.5801749851888333,0.5720550155975039
0,0.45538715403229835,0.5715741323339236
1,0.46530922512980755,0.5716681019074961
0,0.39543155241934763,0.5720011122798325
1,0.4710716206607284,0.5720011122798325
1,0.4710716206607284,0.5718615260299368
0,0.40846483642528236,0.5720011122798325
1,0.4710716206607284,0.5717880905749989
1,0.4692139989124747,0.5717880905749989
1,0.4692139989124747,0.5716758722438426
0,0.46850908772249344,0.57229649943805
1,0.4710716206607284,0.573203076531644
1,0.4710716206607284,0.5747209320337506
0,0.4959299930974462,0.5725246451665386
1,0.4692139989124747,0.5725246451665386
0,0.48297278596991094,0.5727183591007209
1,0.4710716206607284,0.5727183591007209
0,0.5801749851888333,0.5716758722438426
1,0.46873429232162356,0.5714825109161852
0,0.4484163660769202,0.5730714395930727
1,0.47059001490787866,0.5730714395930727
1,0.47059001490787866,0.5717765601003632
0,0.40459321498377065,0.5731128012356121
0,0.44503895780056524,0.5733067141726269
1,0.46530922512980755,0.5729189538869224
0,0.47682080545952554,0.5723378051489979
1,0.4710716206607284,0.5723378051489979
0,0.48961737718783394,0.5727251721043733
1,0.4710716206607284,0.5721635471965301
1,0.4710716206607284,0.5717765601003632
0,0.45527856531366323,0.5717765601003632
1,0.4710716206607284,0.5717765601003632
1,0.4710716206607284,0.572864335918213
1,0.4710716206607284,0.572864335918213
0,0.38985136410799165,0.5736400449741295
1,0.4710716206607284,0.5736400449741295
0,0.3942008297844424,0.5737439798259838
1,0.4710716206607284,0.5745208799976714
0,0.39361569659055545,0.5733567922247633
1,0.4710716206607284,0.5733567922247633
0,0.3906884970337975,0.576066568675612
0,0.48804588735177745,0.5725678973377617
1,0.4692139989124747,0.5747610642768081
0,0.4296817702418018,0.5733834318248522
1,0.4710716206607284,0.5747610642768081
0,0.5652157255849273,0.5719825256423321
1,0.47059001490787866,0.5719825256423321
0,0.4230854350123351,0.5726426892148899
1,0.47059001490787866,0.5726426892148899
1,0.46873429232162356,0.5716403414865909
0,0.43405651685604674,0.5698970209780135
1,0.47059001490787866,0.57140690119615
0,0.45799470337713166,0.571054949314347
1,0.47059001490787866,0.570827286231034
1,0.47059001490787866,0.570827286231034
0,0.5540279540362906,0.5706551282651067
1,0.47059001490787866,0.5706551282651067
0,0.3963459168730733,0.5714679383082458
1,0.47059001490787866,0.5714679383082458
0,0.4076055076061425,0.5714679383082458
1,0.47059001490787866,0.5714679383082458
1,0.46873429232162356,0.572218470293815
0,0.44250169953833624,0.5694567819944224
0,0.5311400308798436,0.5694567819944224
1,0.47059001490787866,0.5694567819944224
0,0.5842275530980462,0.571110969836617
1,0.47059001490787866,0.5721055372739717
0,0.41827221612410503,0.5726864501683415
1,0.4710678494852615,0.5726864501683415
0,0.410205392332998,0.5721055372739717
1,0.4710678494852615,0.5721055372739717
0,0.4703960581098694,0.5714679383082458
0,0.42174217036408945,0.5711205209506993
1,0.46873429232162356,0.570127665898729
1,0.47059001490787866,0.5714679383082458
0,0.43099358829842016,0.5713137597989124
1,0.47059001490787866,0.5714679383082458
1,0.4710678494852615,0.5714679383082458
1,0.4710678494852615,0.5714679383082458
1,0.4710678494852615,0.5714679383082458
0,0.4507545400820364,0.5713137597989124
1,0.4710678494852615,0.5713137597989124
0,0.5715637506425097,0.5723096976507217
1,0.4710678494852615,0.5730558542988061
0,0.4166975225100033,0.5728218359565763
1,0.4710678494852615,0.5728218359565763
0,0.39721499812446326,0.571849168405362
0,0.3906178825896105,0.5790034078751506
0,0.39293739475821204,0.58051590562428
1,0.4652882388912975,0.5778293624463924
1,0.46873429232162356,0.5772027351364265
1,0.47059001490787866,0.5809114078985836
0,0.5704250804073765,0.5771981143257074
0,0.4162988212936449,0.5780973757111935
1,0.47059001490787866,0.5780973757111935
1,0.47059001490787866,0.5804364842687825
0,0.4035376889703483,0.5798647974640233
1,0.46873429232162356,0.5790183458744022
0,0.4343514420583047,0.579450886831062
1,0.46873429232162356,0.5800439017097273
1,0.47059001490787866,0.579450886831062
1,0.47059001490787866,0.5803894634506517
1,0.47059001490787866,0.5803894634506517
0,0.43809076335224184,0.5792955373246017
0,0.5426867365503651,0.5798806776480655
1,0.47059001490787866,0.5803553967190395
1,0.47059001490787866,0.5807481901026676
0,0.5680495666186203,0.5798318380041081
1,0.47059001490787866,0.5798318380041081
1,0.47059001490787866,0.5806265734411561
0,0.42223838707005235,0.5798318380041081
1,0.47059001490787866,0.579640653226687
0,0.39361569659055545,0.5787729347455582
1,0.46873429232162356,0.5801981376020803
0,0.4961797751667818,0.5787729347455582
0,0.44149084346657974,0.5783580711609733
1,0.47059001490787866,0.5779668943521746
1,0.47059001490787866,0.5790554064778388
0,0.44022608950436637,0.5773806251618535
0,0.3984464451077934,0.5774218244360856
1,0.47059001490787866,0.5775759821187374
1,0.47059001490787866,0.5775759821187374
0,0.42260951679551934,0.5797435371193352
0,0.48505686698989925,0.5776171953327598
1,0.47059001490787866,0.5791864895475952
0,0.4189853672852285,0.5776171953327598
0,0.4632167046080909,0.5787974004800053
0,0.45170113506930126,0.577843151177144
1,0.47059001490787866,0.5783419418023912
1,0.47059001490787866,0.5783419418023912
1,0.47059001490787866,0.5783419418023912
0,0.44967708308160104,0.576849234784042
1,0.4648335106315276,0.5764590784880163
0,0.45918388325688314,0.5765702860306078
1,0.47059001490787866,0.5765702860306078
0,0.5307078503345612,0.5754170526655583
1,0.46873429232162356,0.5754170526655583
1,0.47059001490787866,0.5766745567808366
0,0.5759686896874744,0.5815210669338928
1,0.47059001490787866,0.5805649738356292
1,0.47059001490787866,0.5805649738356292
0,0.4257266738883828,0.5801723043716941
1,0.47059001490787866,0.5850478314489461
0,0.4121989947554133,0.581396553306784
1,0.46873429232162356,0.5830367559678867
0,0.5131398288378833,0.5822246628499523
0,0.5662936754494274,0.5827866034748607
1,0.47059001490787866,0.5827866034748607
1,0.47059001490787866,0.5827866034748607
0,0.42794216312878725,0.5818694763286794
0,0.4027237329557378,0.5838827688909057
1,0.47059001490787866,0.5839615986151669
1,0.47059001490787866,0.5839615986151669
0,0.49083609393791205,0.5820184632356228
0,0.4379285749144823,0.5816348485010182
1,0.47059001490787866,0.5826141057934315
1,0.46873429232162356,0.5817854423379359
0,0.5643730025454899,0.5807000385693252
0,0.41574836314881364,0.575709351127573
1,0.46873429232162356,0.5776111631457772
0,0.4108076955517322,0.5765526923017886
1,0.47059001490787866,0.5769139595007048
0,0.4729222650849301,0.5760082686138704
1,0.47059001490787866,0.5766550283697941
0,0.4622405513932486,0.575709351127573
1,0.47059001490787866,0.579110092707259
0,0.4996350547776674,0.5808030118240745
1,0.47059001490787866,0.5781712967329377
1,0.47059001490787866,0.5781712967329377
0,0.4247928726926869,0.5781712967329377
1,0.47059001490787866,0.5781712967329377
0,0.4376285542511892,0.5781712967329377
1,0.47059001490787866,0.5781712967329377
0,0.46506683409857297,0.5781712967329377
1,0.47059001490787866,0.5781712967329377
0,0.4273902769613769,0.5785554686995892
1,0.47059001490787866,0.581045598881602
0,0.3973881843989638,0.5842086876280442
1,0.47059001490787866,0.5820292493041873
1,0.46873429232162356,0.5779046661330001
1,0.46873429232162356,0.5799141388354134
0,0.47133526658954794,0.5779046661330001
0,0.5049077831706305,0.578295800824791
1,0.47059001490787866,0.578295800824791
0,0.4345627646450249,0.578295800824791
1,0.47059001490787866,0.578295800824791
1,0.47059001490787866,0.5757077708954057
1,0.46873429232162356,0.5757735316640769
0,0.46286923036139077,0.5712999435258264
1,0.46873429232162356,0.5733960427762791
1,0.47059001490787866,0.5728144100962472
0,0.4778303535198046,0.5728144100962472
1,0.47059001490787866,0.5728144100962472
0,0.41237374010453803,0.5735242891550562
1,0.47059001490787866,0.5767681443790891
1,0.47059001490787866,0.5790546584657448
1,0.47059001490787866,0.5778043468437164
1,0.47059001490787866,0.5778043468437164
0,0.4667604450269339,0.5793721620032305
1,0.47059001490787866,0.5814722579796006
0,0.5761868862835291,0.5814722579796006
1,0.47059001490787866,0.581534622521035
0,0.41523842918050385,0.5824566306921451
1,0.47059001490787866,0.5817722003502468
0,0.43042827281611384,0.5820626817919415
1,0.4710678494852615,0.5820626817919415
0,0.4320675923008415,0.5816141901226374
1,0.4710678494852615,0.5816141901226374
0,0.5662956491741945,0.58033106597907
1,0.4710678494852615,0.5811168856489017
0,0.39838720103861125,0.5793704288772107
0,0.4712227055982481,0.5788663845343155
0,0.438572260254029,0.5802544950722797
1,0.4714555262572441,0.5780836081215056
1,0.47059001490787866,0.5780836081215056
1,0.46873429232162356,0.5791543284574733
0,0.4949217309739645,0.5786705911169538
1,0.47059001490787866,0.5791744649739355
1,0.47059001490787866,0.5791744649739355
1,0.47059001490787866,0.5814145546547658
1,0.4692139989124747,0.5804319430883074
1,0.4710716206607284,0.5804319430883074
0,0.42711242537786487,0.5803159987046936
1,0.4710716206607284,0.5805518080355524
0,0.4081055588629288,0.5823988296815179
1,0.4710716206607284,0.5813787143696258
0,0.5587709046998625,0.5822596229244893
1,0.47059001490787866,0.5819690431982869
0,0.43667803493170415,0.5824566306921451
1,0.47059001490787866,0.5832453285648839
0,0.5058454410872241,0.5830480540312594
1,0.47059001490787866,0.5830480540312594
0,0.4777087578205651,0.5810565981112675
1,0.47059001490787866,0.5810565981112675
0,0.43798372830279636,0.5809203310311738
1,0.47059001490787866,0.5809203310311738
1,0.4710678494852615,0.5825988031116985
0,0.42779125564946147,0.5800706011788308
1,0.4710678494852615,0.581011267697945
0,0.41329365174084326,0.5811909505849433
1,0.4710678494852615,0.5808147488040042
0,0.46774369616441663,0.5805775619684834
1,0.4710678494852615,0.5805775619684834
0,0.45005036339764287,0.5805775619684835
1,0.4710678494852615,0.5805775619684835
0,0.47735721816660726,0.5808790071075705
1,0.4710678494852615,0.5808790071075705
1,0.4710678494852615,0.5802160340732149
1,0.4710678494852615,0.5808051823225384
1,0.4710678494852615,0.5808051823225384
1,0.4710678494852615,0.5809508800130203
0,0.4173884964227113,0.5808051823225384
1,0.4710678494852615,0.5809508800130203
0,0.5809658878675119,0.5808051823225384
1,0.4710678494852615,0.5808051823225384
1,0.46921024260824445,0.5811474449670081
0,0.4067359477094935,0.5802160340732149
1,0.4710678494852615,0.5806922784185746
0,0.3826112069854895,0.5804358397082745
1,0.4710678494852615,0.580062546418105
0,0.40974114844889187,0.5810252111470611
1,0.4710678494852615,0.5810252111470611
0,0.40985919013236594,0.5810252111470611
1,0.4710678494852615,0.5802898936894815
0,0.4189431506468295,0.5810252111470611
1,0.4710678494852615,0.5813884002219607
1,0.4710678494852615,0.5813884002219607
0,0.4174479335115494,0.5802898936894815
1,0.4710678494852615,0.5802898936894815
0,0.4601243724978513,0.5821756516160175
0,0.43840645318150107,0.5804358397082745
1,0.4653055000853401,0.5815851132110796
0,0.4381468767879353,0.5813884002219607
1,0.46921024260824445,0.5813884002219607
0,0.426814029716043,0.5788671036527648
1,0.4653055000853401,0.5794655796074318
1,0.46873429232162356,0.5796616420094554
0,0.4207495620363314,0.579766752496164
1,0.47059001490787866,0.579766752496164
0,0.48711274148285594,0.57845469459998
1,0.47059001490787866,0.5784755825560317
0,0.4746268801519672,0.5782590404309514
1,0.47059001490787866,0.5784755825560317
1,0.47059001490787866,0.5784755825560317
1,0.46873429232162356,0.5741066201332726
1,0.46873429232162356,0.5741066201332726
0,0.4200690709108341,0.5767232589911835
1,0.47059001490787866,0.579253264913597
0,0.4783451536432606,0.5794151963496963
1,0.47059001490787866,0.5792192173044529
0,0.4222910571687726,0.5783803034710148
1,0.47059001490787866,0.5783803034710148
0,0.4709860386973969,0.5778050653648937
1,0.47059001490787866,0.5780967471943151
1,0.47059001490787866,0.5780967471943151
1,0.47059001490787866,0.5784880118894978
1,0.47059001490787866,0.5826795573583319
1,0.47059001490787866,0.5838224954296178
0,0.5893429583255231,0.5837598855336692
1,0.47059001490787866,0.5837598855336692
0,0.43069106826910203,0.5800150256595354
1,0.47059001490787866,0.5800150256595354
0,0.4294886086745813,0.5790936957630686
1,0.47059001490787866,0.5800150256595354
0,0.4863676700271575,0.5799743335718385
1,0.47059001490787866,0.5801705681109618
0,0.42151952746230575,0.5787594555246324
1,0.47059001490787866,0.5792881825727798
0,0.5571872110639039,0.5780077843529424
1,0.47059001490787866,0.5780077843529424
0,0.41068288626011246,0.5788310671184247
1,0.47059001490787866,0.5799373521105795
0,0.41536980631860504,0.5795451071432942
1,0.47059001490787866,0.5795451071432942
0,0.48045078869242136,0.5799373521105795
1,0.47059001490787866,0.5805333566427634
0,0.48171043468176344,0.5799373521105795
1,0.47059001490787866,0.5799373521105795
0,0.4483507332603305,0.5799373521105795
0,0.4803002306129943,0.5801432007048408
0,0.4961747716524955,0.5769239114984229
1,0.46429834587556085,0.5769239114984229
0,0.4163048509301388,0.5773548878610502
1,0.47059001490787866,0.5797508165103185
0,0.5030198212106773,0.5775502361097085
1,0.47059001490787866,0.579791492915639
0,0.41392039597898617,0.5792800120370496
1,0.4710678494852615,0.5812220246934772
1,0.4710678494852615,0.5812220246934772
0,0.41536980631860504,0.5797508165103185
1,0.46921024260824445,0.5807730202658427
0,0.49736848478186857,0.5795307256900839
1,0.4710678494852615,0.5789022533359891
0,0.4821952476241201,0.5776906693520674
1,0.4710678494852615,0.5776906693520674
0,0.5096287089532555,0.5777262396707687
1,0.4710678494852615,0.5777262396707687
1,0.4710678494852615,0.5777262396707687
1,0.4710678494852615,0.5788497460527633
0,0.39849161060920374,0.5780193282943148
1,0.4710678494852615,0.5780193282943148
0,0.47434556361393754,0.5777214976117688
1,0.46921024260824445,0.5783486881046765
1,0.4710678494852615,0.5805573815846158
0,0.3985720620418818,0.5781530697908549
1,0.4710678494852615,0.5812111714848007
0,0.5422865236948611,0.5805573815846158
1,0.4710678494852615,0.5805573815846158
0,0.41345449908828386,0.5792274658322817
1,0.4710678494852615,0.5819573516754795
0,0.5024370604224612,0.5802649659805803
1,0.4710678494852615,0.5802649659805803
0,0.5836585530513348,0.5766488888957017
0,0.42164985837070146,0.5769819102576486
1,0.46921024260824445,0.579630721726993
0,0.42282789212806954,0.5780971538410674
1,0.4710678494852615,0.5799180492112768
0,0.4734623375244877,0.5808421442931252
1,0.4710678494852615,0.5837904059299144
1,0.4710678494852615,0.5837904059299144
0,0.3943066339957644,0.5833955549208492
1,0.4710678494852615,0.5833955549208492
0,0.5527179278036803,0.5837904059299144
1,0.4710678494852615,0.5837904059299144
0,0.4078425598944774,0.5839879316385898
1,0.4710678494852615,0.5839879316385898
0,0.49304968589699644,0.5833955549208492
0,0.4142328428874949,0.5809066265567193
0,0.4684852463644023,0.5816730777312172
1,0.46873429232162356,0.58174847440487
0,0.5762290993462065,0.5816730777312172
1,0.47059001490787866,0.5821422106447222
0,0.4246868184172242,0.5825253765532191
1,0.47059001490787866,0.5821422106447222
0,0.42725824931864115,0.5820667629414507
1,0.47059001490787866,0.582183054834743
1,0.4710678494852615,0.582183054834743
0,0.3942676744181854,0.582183054834743
1,0.4710678494852615,0.582183054834743
0,0.42734123936412644,0.5831915383224173
1,0.4710678494852615,0.5831915383224173
0,0.5050692404653333,0.5836510381509099
1,0.4710678494852615,0.5833080549360801
0,0.40735609979501874,0.5837064729208995
1,0.4710678494852615,0.5833576102349091
0,0.5095696093297294,0.5828617916543387
1,0.4710678494852615,0.5832562814042846
0,0.4814915906680975,0.5843909612619977
1,0.4710678494852615,0.5872906819490701
0,0.4781745798811475,0.5861366950490452
1,0.4710678494852615,0.5861366950490452
1,0.4710678494852615,0.5868283166828557
0,0.41838616892471586,0.5875092557596295
1,0.4710678494852615,0.5877439874534083
0,0.46925544469126895,0.5869303760549079
1,0.4710678494852615,0.5869303760549079
0,0.4174496240978757,0.5847086159739259
1,0.4710678494852615,0.5847086159739259
1,0.4710678494852615,0.5873276194848271
0,0.42534777211658187,0.583028987402194
1,0.4710678494852615,0.5868092839146238
1,0.4710678494852615,0.5868092839146238
1,0.4710678494852615,0.5854984235933585
1,0.4710678494852615,0.5854984235933585
1,0.4710678494852615,0.5875617459367897
1,0.4710678494852615,0.5875617459367897
1,0.4710678494852615,0.5877265399048884
1,0.4710678494852615,0.5877265399048884
0,0.5164051357682061,0.5877265399048884
1,0.4710678494852615,0.5887866335384933
0,0.573250457115161,0.5913996664926454
1,0.4710678494852615,0.5944083845214507
0,0.42513350315242976,0.5944083845214507
1,0.4710678494852615,0.5944083845214507
0,0.41433827658732975,0.5908412231937683
1,0.46921024260824445,0.5908412231937683
0,0.4107106144805243,0.5911996338688434
1,0.4710678494852615,0.5911996338688434
0,0.40945500661606843,0.5902167130172271
1,0.4710678494852615,0.5902167130172271
0,0.4117896730409873,0.5897448837863426
1,0.4710678494852615,0.5901854377308519
0,0.47117128112945555,0.5908822756811207
0,0.40973390514422525,0.5917852861997681
1,0.46921024260824445,0.5910407323996502
0,0.5113123782187993,0.5905805927173967
0,0.4959076577234409,0.5906585294297596
0,0.4066331674337417,0.5902418673912948
1,0.4647697919259502,0.5902590331139769
0,0.39856650522534226,0.5882276747186507
0,0.3961167605313743,0.5861999739669365
1,0.4710678494852615,0.5861999739669365
0,0.41017487964087573,0.5861226255558294
1,0.4710678494852615,0.5861226255558294
0,0.3943961259609324,0.5861226255558294
1,0.4710678494852615,0.5861226255558294
0,0.4801859305139841,0.5873596259925438
1,0.4710678494852615,0.5861999739669365
0,0.4240906381411061,0.5873596259925438
1,0.4710678494852615,0.5878887377270549
0,0.4577778307175027,0.5873596259925438
1,0.4710678494852615,0.5861226255558294
0,0.5776304863199149,0.5875583593482018
1,0.4710678494852615,0.5861226255558294
0,0.43531207151179435,0.5874008362462172
1,0.4710678494852615,0.5861226255558294
0,0.4118204308583225,0.5875583593482018
1,0.4710678494852615,0.5875583593482018
1,0.4710678494852615,0.5875583593482018
0,0.42187313405110716,0.5866119533383853
0,0.5209856709844275,0.5881238499362765
0,0.4103109886941297,0.587726067969934
1,0.46429834587556085,0.587726067969934
0,0.5121806478097639,0.5879249253113763
1,0.47059001490787866,0.5892892384033314
1,0.46873429232162356,0.5879249253113763
0,0.4744633383748205,0.588762333511593
1,0.47059001490787866,0.588762333511593
0,0.4272372150725143,0.587650638896399
1,0.46873429232162356,0.5865512139633503
0,0.43020486100835814,0.5863187027646171
1,0.46530922512980755,0.5859221417230706
0,0.3958183224916991,0.585159188879599
1,0.4710716206607284,0.585159188879599
0,0.40923741798196506,0.5857650572874272
1,0.4710716206607284,0.5857650572874272
0,0.4059045654611045,0.5867908412507693
1,0.4710716206607284,0.5854733874379843
0,0.4868121849428588,0.5867908412507693
1,0.4710716206607284,0.5859221417230706
0,0.4273339266108748,0.5871173304073051
1,0.4710716206607284,0.5873159817821585
0,0.46303082161993864,0.5877134861959148
1,0.4710716206607284,0.5900161795202613
0,0.5837779014811806,0.5919789459119046
1,0.4710716206607284,0.594327994516475
1,0.4710716206607284,0.5951745228992662
0,0.4307726266971187,0.5955773460935029
1,0.4692139989124747,0.594126971426883
1,0.4710716206607284,0.590729807224938
0,0.4209912312330555,0.594126971426883
1,0.4710716206607284,0.5900774027398641
0,0.45083753101180907,0.5933533347438584
1,0.4710716206607284,0.5939558225378281
0,0.407369640259223,0.595778859917922
1,0.47059001490787866,0.595778859917922
1,0.47059001490787866,0.5953759004283024
1,0.47059001490787866,0.5953759004283024
1,0.47059001490787866,0.5917298520159646
0,0.5723936901833433,0.5949732134833485
1,0.47059001490787866,0.5917298520159646
0,0.45217510419631013,0.5948852885712331
1,0.47059001490787866,0.5917298520159646
0,0.4349084789414331,0.5953759004283024
1,0.47059001490787866,0.5953759004283024
0,0.497626248527264,0.5968293239633816
1,0.47059001490787866,0.5968293239633816
0,0.38681298676730413,0.6032879428525516
1,0.46873429232162356,0.5980601346027064
0,0.3947611764242873,0.6023630031891799
1,0.47059001490787866,0.5970493914058024
0,0.4074828389069227,0.6023630031891799
0,0.42388005019947994,0.6014551534931765
1,0.46530922512980755,0.5988510699633891
1,0.46873429232162356,0.5908173881147643
0,0.5175981042505302,0.595994662803682
1,0.47059001490787866,0.5901051073727261
0,0.5136841391339845,0.5961963178273706
1,0.47059001490787866,0.5912172623337273
1,0.47059001490787866,0.5912172623337273
0,0.41720561781563287,0.5853740990196385
1,0.47059001490787866,0.5853740990196385
0,0.407743318170707,0.5863650771476537
1,0.4710678494852615,0.5863650771476537
0,0.38333185140426784,0.586382883259114
1,0.4710678494852615,0.586382883259114
0,0.3947611764242873,0.5858462145684725
1,0.4710678494852615,0.5858462145684725
0,0.40606633694728755,0.5877819655313504
1,0.4710678494852615,0.5840265942803509
0,0.4066128089975865,0.5848986148807326
1,0.4710678494852615,0.5848986148807326
1,0.4710678494852615,0.5822443904329919
0,0.48211008120224863,0.5859475087204065
1,0.4710678494852615,0.5824005307324854
0,0.4950892413437418,0.5859475087204065
1,0.4710678494852615,0.5826793413243447
0,0.4196635378064648,0.5859475087204065
1,0.4710678494852615,0.586542476678349
0,0.44176565586620065,0.5877162313110607
1,0.4710678494852615,0.5877162313110607
0,0.5762961427973164,0.5862853265302977
1,0.4710678494852615,0.5862853265302977
0,0.45219225263969454,0.5861281447256077
1,0.4710678494852615,0.5861281447256077
1,0.4710678494852615,0.5832300702863454
0,0.41599683767657575,0.585392770481566
1,0.4710678494852615,0.585392770481566
0,0.43483672185095273,0.5907590519164146
1,0.4710678494852615,0.5866273339108604
0,0.5225075601327597,0.5927651102422201
1,0.4710678494852615,0.586586177923755
0,0.41836585857409064,0.5919042156201235
1,0.4710678494852615,0.5919042156201235
0,0.5207345826934003,0.5933670007561854
1,0.4710678494852615,0.5933670007561854
0,0.5040022601156962,0.5940111764415598
1,0.4710678494852615,0.5940111764415598
1,0.4710678494852615,0.5880770781799621
0,0.4204029486967576,0.5940111764415598
1,0.4710678494852615,0.5870420187387055
0,0.3983942597442044,0.5926794532766725
0,0.3914086876688636,0.5924789877829811
0,0.42362212713243536,0.5916185087070801
0,0.40914796055658476,0.5963282203474186
1,0.4717746145476877,0.5881265467414113
1,0.46953157010302526,0.5838332010952577
0,0.5055372651908211,0.5831015732800093
1,0.47139044911800915,0.5831015732800093
1,0.47139044911800915,0.5831015732800093
1,0.47139044911800915,0.5772657930923106
0,0.46740458318645023,0.5898564278665713
1,0.47139044911800915,0.5868983544584624
0,0.46885764832498716,0.6114886514043836
1,0.47139044911800915,0.6120418405960857
0,0.394451459544178,0.6141507332059718
1,0.47139044911800915,0.616751232101544
0,0.38368579041398504,0.61612562144978
1,0.47139044911800915,0.6173514844792262
0,0.3959526179890851,0.6167934962077666
1,0.47139044911800915,0.6184015500564807
0,0.40000978350873545,0.6164374964675747
1,0.47139044911800915,0.6191954766173868
0,0.4104796986932015,0.6181586904186335
1,0.47139044911800915,0.6184756447854586
0,0.48898482522292125,0.6174197850159782
1,0.47139044911800915,0.6174197850159782
0,0.41311176425618407,0.6164374964675747
1,0.47139044911800915,0.6164374964675747
0,0.43972243752413137,0.6164374964675747
1,0.47139044911800915,0.6164374964675747
0,0.5803019076722842,0.6167934962077666
1,0.47139044911800915,0.6167934962077666
0,0.46040460178470455,0.6158122040581493
1,0.47139044911800915,0.6158122040581493
1,0.47139044911800915,0.6168923691004876
0,0.4657007212777983,0.6135579049679647
0,0.4011543515621722,0.6129806402108758
0,0.5094250663188049,0.6112570863593628
1,0.4646125900771664,0.6117305005859152
0,0.5129909262818184,0.6118777535267058
0,0.4947492131459441,0.613032803263661
0,0.5717236886780428,0.6121989240419028
1,0.4659509700835592,0.6121989240419028
1,0.46953157010302526,0.6081156463020534
0,0.4649110585782402,0.609469738831145
1,0.47139044911800915,0.6085518553729506
0,0.5032710328317946,0.609970380442503
1,0.47139044911800915,0.609970380442503
0,0.40314160393226567,0.6093516480470036
1,0.47139044911800915,0.6093516480470036
0,0.3974860680537602,0.6128730943915175
1,0.47139044911800915,0.6135384464335487
1,0.47139044911800915,0.6116303713866221
0,0.4967513204234541,0.6132386744069078
1,0.47139044911800915,0.6139044233327506
0,0.46357518168806794,0.6176065375615436
1,0.47139044911800915,0.6176065375615436
1,0.47139044911800915,0.6139044233327506
1,0.46873429232162356,0.6122022789303109
1,0.46873429232162356,0.6124585730885098
0,0.4714363605363858,0.6115812825758683
1,0.46873429232162356,0.6118373167583314
0,0.445198852164935,0.6115812825758683
1,0.47059001490787866,0.6118373167583314
0,0.3926171144398959,0.6119952101152772
1,0.46873429232162356,0.6113558587991654
0,0.44053702439654746,0.6108933300978235
1,0.46530922512980755,0.6111000260913289
0,0.5160165144253098,0.6106867040163324
1,0.4710716206607284,0.6111000260913289
0,0.5792570905469444,0.6106867040163324
1,0.4710716206607284,0.6111000260913289
0,0.47023771517218554,0.6108933300978235
1,0.4710716206607284,0.6108933300978235
0,0.4712031648947987,0.61046160997385
1,0.4710716206607284,0.6098315276403052
1,0.4710716206607284,0.607653814213838
1,0.4692139989124747,0.607653814213838
0,0.40187163541732407,0.6093504826925662
1,0.4710716206607284,0.6101080980568133
0,0.411407497689176,0.6082708226379686
1,0.4710716206607284,0.6101080980568133
0,0.4539245838539827,0.6090340307537393
1,0.4710716206607284,0.6101080980568133
0,0.4848787200290737,0.6080650835827609
1,0.4710716206607284,0.6101080980568133
0,0.4446420053655084,0.6082708226379686
0,0.5152712180238872,0.6073810863889597
0,0.5043717560064821,0.6091455434177945
0,0.450945600759703,0.6093516480470036
1,0.4656358206586224,0.6093516480470036
0,0.44538756792404033,0.6093516480470036
1,0.4710716206607284,0.6093516480470036
0,0.44522375575580553,0.6065811983387
1,0.46530922512980755,0.6069917417448398
0,0.39826700329928577,0.6069917417448398
1,0.4710716206607284,0.6069917417448398
0,0.5067086122032133,0.6094862915905978
1,0.4710716206607284,0.6069917417448398
0,0.45000161342568923,0.607843130187212
1,0.4710716206607284,0.6073810863889597
0,0.504147459669755,0.607843130187212
1,0.4710716206607284,0.6083489436155165
0,0.41030894382514876,0.6088117236771118
1,0.4710716206607284,0.608605801669731
0,0.5170029666739436,0.608254527688073
0,0.5144017163761341,0.6105476881512407
1,0.4710716206607284,0.608939508500579
0,0.4550989777828301,0.6112352513874622
1,0.4710716206607284,0.6105291482509513
0,0.4516496120777506,0.6118558963836918
1,0.4710716206607284,0.6093516480470036
0,0.4427546457121669,0.6118558963836918
1,0.4710716206607284,0.609970380442503
1,0.4710716206607284,0.609970380442503
0,0.3993242496331444,0.609970380442503
1,0.4710716206607284,0.609970380442503
0,0.49670301577130416,0.609970380442503
1,0.4710716206607284,0.609970380442503
0,0.5146865337931081,0.609970380442503
1,0.4710716206607284,0.609970380442503
0,0.6788703142116976,0.609970380442503
1,0.4710716206607284,0.609970380442503
1,0.47059001490787866,0.6074482838530564
0,0.44321852487344066,0.609970380442503
1,0.4710678494852615,0.609970380442503
0,0.46034884179715596,0.609970380442503
1,0.4710678494852615,0.6112097306440996
0,0.49128124560372266,0.6130990776148544
1,0.4710678494852615,0.6112097306440996
0,0.3906480722978843,0.6130990776148544
1,0.4710678494852615,0.6110029975445714
1,0.4710678494852615,0.6110029975445714
0,0.3932572287302071,0.6117696337683243
1,0.4710678494852615,0.6119766262595141
0,0.5127983636334359,0.6137216151302396
1,0.4710678494852615,0.6137216151302396
0,0.5133589893916084,0.6142768243944251
1,0.4710678494852615,0.6135140324210939
1,0.4710678494852615,0.6133065199238815
0,0.5110264831111079,0.6133065199238815
1,0.4710678494852615,0.6133065199238815
1,0.4710678494852615,0.6110029975445714
0,0.4419757621419691,0.6122700097859141
1,0.46921024260824445,0.609970380442503
0,0.502267041051431,0.6122700097859141
1,0.4710678494852615,0.6107963343696081
0,0.3906480722978843,0.6133065199238815
1,0.4710678494852615,0.6107963343696081
0,0.4665704252682565,0.6133065199238815
1,0.4710678494852615,0.6116663193575597
0,0.48942734748832606,0.6120803044511595
1,0.4710678494852615,0.6129140221005789
0,0.3927699304231237,0.6154329107017626
1,0.4710678494852615,0.6131214017960015
0,0.504957695074982,0.6156411426641136
1,0.4710678494852615,0.6134754864534018
1,0.4710678494852615,0.6134754864534018
0,0.4951098257208265,0.6156411426641136
1,0.4710678494852615,0.5992384119056916
0,0.43121478500017046,0.6043594044623808
1,0.4710678494852615,0.6030025059804545
1,0.4710678494852615,0.6030025059804545
0,0.4517469794837228,0.6024547680712146
1,0.4710678494852615,0.6024547680712146
0,0.44291305787027596,0.6044745474810818
1,0.4710678494852615,0.6046790716770167
0,0.44037902221010516,0.6050579628302187
1,0.4710678494852615,0.6050579628302187
0,0.45693267538546545,0.6044442134175237
1,0.4710678494852615,0.6044442134175237
1,0.4710678494852615,0.6044442134175237
0,0.5086736203893003,0.6037838899750402
1,0.46921024260824445,0.6037838899750402
0,0.49030082076653325,0.6034481327375029
1,0.4710678494852615,0.6034481327375029
1,0.4710678494852615,0.6000312855660109
1,0.4710678494852615,0.6000312855660109
0,0.41692300909700314,0.6006826961839471
1,0.4710678494852615,0.6006826961839471
1,0.4710678494852615,0.5982107631656819
0,0.41944489205867547,0.5997491867609602
1,0.4710678494852615,0.5963324301658051
0,0.3978931430401506,0.5990745439113627
1,0.4710678494852615,0.5990745439113627
0,0.39877894909759,0.5990745439113627
1,0.46921024260824445,0.5986693553612152
1,0.46921024260824445,0.5992477230490137
1,0.46921024260824445,0.5979023012359349
0,0.5021124530126448,0.5981046017098217
0,0.4286256897094021,0.5977956405817394
1,0.46921024260824445,0.5972958102734558
1,0.4710678494852615,0.5972958102734558
0,0.4688666424551593,0.5974979055408919
1,0.4710678494852615,0.5974979055408919
0,0.4625133768665049,0.5966239271656656
1,0.4710678494852615,0.5966239271656656
0,0.5074787475216259,0.5957108493036501
1,0.4710678494852615,0.5966239271656656
0,0.3965134523294848,0.596114035491777
1,0.4710678494852615,0.5988107898975619
0,0.4770946041590597,0.5977000691873396
1,0.4710678494852615,0.5991571848308209
0,0.495025976398026,0.5989545283354897
1,0.4710678494852615,0.5997703672994974
0,0.39874322965641634,0.6004700938157768
1,0.4710678494852615,0.5997703672994974
1,0.4710678494852615,0.5997703672994974
0,0.5015185821947036,0.6018298562449603
1,0.4710678494852615,0.6018298562449603
0,0.49569720022555913,0.5818575636731677
1,0.4710678494852615,0.5818575636731677
1,0.4710678494852615,0.581223944943393
0,0.4440166161459647,0.5836305647233085
1,0.4710678494852615,0.5803798119811291
0,0.41240820362364927,0.5841611881032405
1,0.4710678494852615,0.5811040301215522
0,0.46232717237924575,0.584515546596795
1,0.4710678494852615,0.5821286198332424
0,0.44819976663643496,0.5854469677564031
1,0.46921024260824445,0.5816602326226852
0,0.38311585967693046,0.5834066440763308
1,0.4710678494852615,0.5816602326226852
0,0.509465757287441,0.5845920215391255
1,0.4710678494852615,0.5816602326226852
0,0.500284048868439,0.585581675690424
0,0.4192050991605324,0.5840569918789568
1,0.4710678494852615,0.5840569918789568
1,0.4710678494852615,0.5822508473034707
1,0.4710678494852615,0.5822508473034707
1,0.4710678494852615,0.5843060972784292
0,0.40977286130667884,0.5812668223722747
1,0.4710678494852615,0.5841084639546987
0,0.3847004023473516,0.582123959588232
1,0.4710678494852615,0.5829168735502225
0,0.3950415990668988,0.5829438046155418
1,0.4710678494852615,0.5854154484009996
0,0.3975294379216657,0.5853567810639695
1,0.4710678494852615,0.5853567810639695
0,0.43053254988876744,0.58604791777019
1,0.4710678494852615,0.586766282836646
1,0.46921024260824445,0.587918111390101
0,0.5051401301860426,0.5884215184276389
1,0.4710678494852615,0.5890189984817703
0,0.48478267082574117,0.588324357927358
1,0.4710678494852615,0.588324357927358
0,0.4909616588360824,0.588324357927358
1,0.4710678494852615,0.588324357927358
1,0.4710678494852615,0.5892798619308245
1,0.46921024260824445,0.5876222118110095
0,0.4892747226162333,0.5874234568581534
1,0.4710678494852615,0.5874234568581534
0,0.4915766677538277,0.5878402655026379
1,0.4710678494852615,0.5872247691313663
1,0.4710678494852615,0.5872247691313663
0,0.48593868217778563,0.5872247691313663
1,0.4710678494852615,0.5872247691313663
0,0.3849575471943485,0.5877275824920543
1,0.4710678494852615,0.5889217393252385
0,0.5038634850400244,0.58937466146856
1,0.4710678494852615,0.5895610891114217
0,0.4678106563779278,0.5908134348608683
1,0.4710678494852615,0.5904185757750057
1,0.4710678494852615,0.5904185757750057
0,0.41878358508454966,0.5908617214152303
1,0.4710678494852615,0.5920622462555027
1,0.4710678494852615,0.5936085222388844
0,0.5038007604859327,0.6135259318391687
1,0.4710678494852615,0.6141316956118803
0,0.44320337857462455,0.6126039435253432
1,0.4710678494852615,0.6143394873076046
1,0.46921024260824445,0.6127978559642203
1,0.4710678494852615,0.6153186660654114
0,0.5076504531512898,0.6121762554774842
0,0.39890925007722877,0.6121762554774842
1,0.46921024260824445,0.6121762554774842
1,0.4710678494852615,0.6121762554774842
1,0.4710678494852615,0.6127978559642203
0,0.4721350647584542,0.6144364514699644
0,0.688637529808577,0.6119799720641865
1,0.46921024260824445,0.6131475388632935
1,0.46921024260824445,0.6126898444683744
1,0.4710678494852615,0.6155453626859285
0,0.5027977690036733,0.6133549975692029
1,0.4710678494852615,0.614651383463406
0,0.40176591849561794,0.6117192861135461
1,0.4710678494852615,0.6153771086046926
0,0.48722003037243555,0.6154511695157762
1,0.4710678494852615,0.6169762934642535
0,0.4956913439579631,0.6184158859018798
1,0.4710678494852615,0.6184158859018798
0,0.39588234898737823,0.6183414682287857
1,0.4710678494852615,0.6196873743185158
0,0.4961950990897174,0.6216241117242554
1,0.4710678494852615,0.6230978943174222
1,0.4710678494852615,0.622851080276403
0,0.49567292738202123,0.6214138561067233
1,0.4710678494852615,0.622851080276403
0,0.42754109757787995,0.6215646742288506
0,0.4753213217171632,0.6211442743107881
1,0.46921024260824445,0.6211442743107881
0,0.4772901396743783,0.6211442743107881
1,0.4710678494852615,0.6211442743107881
0,0.3898665495095165,0.6211442743107881
1,0.4710678494852615,0.6211442743107881
0,0.48363660240877165,0.6226858023544077
1,0.4710678494852615,0.6217202958298279
1,0.4710678494852615,0.6217202958298279
0,0.4664461644439191,0.6195310744609311
1,0.46921024260824445,0.6195310744609311
1,0.4710678494852615,0.6235366224254701
0,0.4358745833911629,0.6195310744609311
1,0.4710678494852615,0.6235366224254701
0,0.6836444289702531,0.6195310744609311
1,0.46873429232162356,0.6191120499832875
1,0.47059001490787866,0.6231148887654905
0,0.47243379245335904,0.6191120499832875
1,0.47059001490787866,0.6229041289135803
0,0.46368621191305087,0.6186933089159844
1,0.46873429232162356,0.622228620253004
0,0.403452641570274,0.6178133293031322
0,0.46926679261669596,0.617186641297505
1,0.4648335106315276,0.617186641297505
0,0.399129110200154,0.6175888968471261
1,0.47059001490787866,0.617186641297505
0,0.5037784384304954,0.6180103972246428
0,0.4819890763495794,0.6181451072395905
1,0.47059001490787866,0.6181451072395905
0,0.49017774488335497,0.6185634772756382
1,0.47059001490787866,0.6185634772756382
1,0.47059001490787866,0.6187119074153009
1,0.47059001490787866,0.6187119074153009
0,0.4664380310018989,0.6185634772756382
1,0.47059001490787866,0.6176043626291853
0,0.49859365651238474,0.6178676707015268
1,0.47059001490787866,0.6176043626291853
0,0.4721096287467057,0.6171992969969564
1,0.47059001490787866,0.6176043626291853
1,0.47059001490787866,0.6176043626291853
0,0.4961535265919334,0.6152549374832273
1,0.46873429232162356,0.6160754142554551
0,0.4527814952435991,0.6163380704793426
1,0.47059001490787866,0.6174497712794617
0,0.4908985884860999,0.6180767264658614
1,0.47059001490787866,0.6180767264658614
0,0.43107853687724984,0.6178676707015268
1,0.47059001490787866,0.6178676707015268
1,0.46873429232162356,0.617597934174868
1,0.47059001490787866,0.617597934174868
0,0.6847258466018702,0.6173207432195955
1,0.47059001490787866,0.6173207432195955
0,0.48262211223965956,0.6162156887308754
1,0.47059001490787866,0.6162156887308754
0,0.49187932431512127,0.6157989066391764
1,0.47059001490787866,0.6157989066391764
0,0.39853553672634096,0.6167009739271033
1,0.47059001490787866,0.6167009739271033
0,0.48423311874487496,0.6148998257655415
1,0.47059001490787866,0.616909634939135
0,0.4663964480765549,0.6155676121947304
1,0.47059001490787866,0.6164011585889347
0,0.39532555865615837,0.614210052270917
1,0.4710678494852615,0.6144178704786469
0,0.49818665021108394,0.6152644489929191
1,0.4710678494852615,0.6152644489929191
0,0.4531077770806905,0.6161391278225008
1,0.4710678494852615,0.6161391278225008
1,0.46921024260824445,0.6154591399347216
0,0.47411288437125937,0.6130584110707261
1,0.4710678494852615,0.6154255949011957
1,0.4710678494852615,0.6154255949011957
0,0.3899748844511183,0.6147126522927056
1,0.4710678494852615,0.6175065456792145
1,0.46921024260824445,0.6146268806937973
1,0.46921024260824445,0.6180893556952622
0,0.45165733088963184,0.6144189917913002
1,0.4710678494852615,0.6144189917913002
1,0.4710678494852615,0.6144189917913002
0,0.4544346387207296,0.6125505537046221
1,0.4648335106315276,0.6125505537046221
1,0.47059001490787866,0.6125505537046221
1,0.47059001490787866,0.6163024432834231
0,0.41944489205867547,0.6125505537046221
1,0.47059001490787866,0.6163024432834231
0,0.3980277703383345,0.6125505537046221
1,0.47059001490787866,0.6163024432834231
0,0.40973881485292735,0.613319131674349
1,0.47059001490787866,0.6137342354165322
0,0.4051194656353809,0.6126007832067615
1,0.4710678494852615,0.6157018030511633
0,0.4904638701991494,0.617641145867775
1,0.4710678494852615,0.617641145867775
1,0.46873429232162356,0.6147608531911166
0,0.398250758434627,0.6152449926681374
1,0.47059001490787866,0.6152449926681374
0,0.5005815088015758,0.6153190376790086
1,0.4710678494852615,0.6153190376790086
0,0.4571118079834039,0.6159438293299375
1,0.4710678494852615,0.6159438293299375
1,0.4710678494852615,0.6192925898082114
0,0.4789880671803015,0.6159438293299375
0,0.3965134523294848,0.6157354949880768
0,0.49564140169097515,0.6145658872172176
1,0.46873429232162356,0.6157354949880768
0,0.47212328258192754,0.6145658872172176
1,0.47059001490787866,0.6157354949880768
0,0.3828923179424178,0.6145658872172176
1,0.47059001490787866,0.6145658872172176
0,0.4939745633958578,0.6145658872172176
1,0.47059001490787866,0.6145658872172176
0,0.45290510045823107,0.6143580189449065
1,0.47059001490787866,0.6143580189449065
1,0.47059001490787866,0.6143580189449065
0,0.41979552227105443,0.6135656139462817
1,0.47059001490787866,0.6135656139462817
1,0.47059001490787866,0.6161522341618031
1,0.4710678494852615,0.6161522341618031
0,0.40859360663132543,0.6163607095075239
1,0.4710678494852615,0.6163607095075239
0,0.382684227557981,0.6167469203604412
1,0.4710678494852615,0.6165383143843285
0,0.3955373484873175,0.617164344082285
1,0.4710678494852615,0.617164344082285
0,0.39571307103692344,0.6157045958216556
1,0.4710678494852615,0.6157045958216556
0,0.4439605794061772,0.617705440286813
1,0.4710678494852615,0.6205176416226306
0,0.4860043061886842,0.6179144411604243
1,0.4710678494852615,0.6179144411604243
1,0.4710678494852615,0.6179144411604243
0,0.4522340822666854,0.613190427795103
1,0.46921024260824445,0.6159438293299375
0,0.4685368391882592,0.614290057108454
1,0.4710678494852615,0.6153190376790086
1,0.4710678494852615,0.6153190376790086
1,0.4710678494852615,0.620582121684924
0,0.43084191715659576,0.6155272311123785
0,0.5162057520834085,0.6157442936043924
1,0.46921024260824445,0.6157442936043924
0,0.3912601816498782,0.6147558860732821
1,0.4710678494852615,0.6155272311123785
1,0.4710678494852615,0.6155272311123785
0,0.42324402975414793,0.6165450392814652
1,0.46921024260824445,0.6165450392814652
1,0.4710678494852615,0.6218186097976786
0,0.47829083908491976,0.6171710758078462
1,0.4710678494852615,0.6198970684151408
0,0.44683241521726763,0.6165450392814652
1,0.4710678494852615,0.6173186292026076
0,0.6921092741386334,0.6144851284554643
1,0.4710678494852615,0.616692443003278
0,0.5046559309351665,0.6144851284554643
1,0.4710678494852615,0.6164096702730221
0,0.49344234450057334,0.6144851284554643
1,0.4710678494852615,0.6144851284554643
0,0.5398060500587113,0.6140660324098549
1,0.4710678494852615,0.6140660324098549
0,0.389979329039105,0.6140660324098549
1,0.4710678494852615,0.6140660324098549
1,0.4710678494852615,0.6148220590010779
0,0.39632929481463713,0.6137116069022213
1,0.46921024260824445,0.6140515976450782
1,0.4710678494852615,0.6140515976450782
0,0.5039646241538036,0.612075869313385
1,0.46921024260824445,0.6140515976450782
0,0.4192050991605324,0.612075869313385
1,0.4710678494852615,0.612075869313385
1,0.46921024260824445,0.5908637427631424
0,0.41316767628865336,0.5882921007888249
0,0.39195512512532976,0.5825673495554515
1,0.4648335106315276,0.5821324822622569
0,0.499399226760798,0.5813387772550004
1,0.47059001490787866,0.5813387772550004
0,0.39901535053799403,0.5819290655317295
1,0.47059001490787866,0.5819286183668717
0,0.4958337366764091,0.5802104524152979
1,0.47059001490787866,0.5802104524152979
0,0.4555795123507772,0.581822807462979
1,0.47059001490787866,0.5809961087636802
1,0.47059001490787866,0.5836737888231162
0,0.41878358508454966,0.5825005102481376
1,0.47059001490787866,0.5828947554773178
1,0.47059001490787866,0.5828947554773178
1,0.47059001490787866,0.5852555510469581
1,0.47059001490787866,0.5852555510469581
0,0.4109376657628801,0.5856105733929082
1,0.47059001490787866,0.5856105733929082
0,0.3866934995830495,0.5856105733929082
1,0.4710678494852615,0.5856105733929082
0,0.3981956429892761,0.5852144912999605
1,0.4710678494852615,0.5852144912999605
0,0.512896800482861,0.5909483697250031
1,0.4710678494852615,0.5909483697250031
0,0.4677423852182931,0.6137116069022213
1,0.4710678494852615,0.6137116069022213
0,0.39726872792742823,0.6098760520054708
1,0.4710678494852615,0.6132586337536847
0,0.4140886096468144,0.6098760520054708
1,0.4710678494852615,0.6041606465532331
0,0.4857585788076226,0.6044298844002435
1,0.4710678494852615,0.6044298844002435
1,0.46921024260824445,0.606021609095145
1,0.4710678494852615,0.606021609095145
0,0.4208060057270439,0.611823958119892
1,0.4710678494852615,0.611823958119892
0,0.4710835023573483,0.611823958119892
1,0.4710678494852615,0.611823958119892
1,0.4710678494852615,0.6125916244173398
0,0.42844143195973283,0.6125916244173398
1,0.4710678494852615,0.6125916244173398
0,0.39504306530521416,0.6089802205446858
1,0.4710678494852615,0.6125916244173398
0,0.507621617866888,0.608731531798914
1,0.4710678494852615,0.613006235771516
0,0.6897718716869762,0.6089374963471325
1,0.4710678494852615,0.6089374963471325
0,0.5301600424556662,0.6044319283278948
1,0.4710678494852615,0.6044319283278948
1,0.4710678494852615,0.6096297854236493
0,0.5240258999803143,0.6103878342921836
1,0.4710678494852615,0.6133797717135673
0,0.49926937755941797,0.6131344275898026
1,0.4710678494852615,0.6131344275898026
0,0.48574628189417934,0.6131344275898026
1,0.4710678494852615,0.6131344275898026
0,0.3898393424065595,0.6138000633424074
1,0.4710678494852615,0.619573075689254
0,0.5253045673295894,0.6138000633424074
1,0.4710678494852615,0.619573075689254
0,0.3853140958810359,0.6152984636929311
1,0.4710678494852615,0.6152984636929311
1,0.46921024260824445,0.614674326678095
1,0.46921024260824445,0.6153028704542376
0,0.4456399991045639,0.6114525719894397
1,0.4710678494852615,0.6153028704542376
0,0.5279403589795237,0.6112457567522401
1,0.4710678494852615,0.6162752836600478
1,0.4710678494852615,0.6162752836600478
1,0.46921024260824445,0.6162752836600478
0,0.4936526449406532,0.6162752836600478
0,0.42254807902465263,0.6091296400402538
1,0.4647697919259502,0.613873827350571
1,0.46873429232162356,0.6131045542665805
1,0.46873429232162356,0.6180136358724257
1,0.46873429232162356,0.6154050226939118
1,0.46873429232162356,0.6168104172349826
0,0.48306200186137244,0.6158647453937985
0,0.41434354148217584,0.6097644630012874
0,0.404493575019507,0.6070532974529235
1,0.4717746145476877,0.6068549147999179
1,0.46953157010302526,0.6062393426226553
1,0.46953157010302526,0.6106189381349113
0,0.44353678638969907,0.6050100708787264
1,0.46412908781290557,0.6090643182074275
1,0.4680239581399648,0.6088583107634976
1,0.4667381853900232,0.6105092943026135
1,0.4685860053739336,0.6105092943026135
1,0.4685860053739336,0.6166422953068031
0,0.43839526084625047,0.6176609779808069
1,0.4685860053739336,0.6225217153961768
0,0.5199765803625315,0.616469722936512
0,0.41850172374261624,0.6152867882981274
0,0.4189081833911761,0.612167489252824
1,0.45713930316967444,0.615708152847112
0,0.41448661121110825,0.6113396811712378
0,0.5453078902463953,0.6090190792841729
1,0.45117964068194666,0.6084013118549463
0,0.7003530399549545,0.600787388009218
1,0.45117964068194666,0.606406787007758
1,0.4533471845709223,0.6038079688671302
1,0.4533471845709223,0.6038079688671302
0,0.3994454166539896,0.6019230719969569
1,0.45638167236478266,0.6019230719969569
0,0.41564151259783577,0.5990226852979784
1,0.45638167236478266,0.601397424301005
1,0.45638167236478266,0.6045137774520423
1,0.44927038052242063,0.6032880046372613
1,0.4533471845709223,0.6017194799791722
1,0.45638167236478266,0.6082608556440926
0,0.43366889819220533,0.603870274781343
1,0.45638167236478266,0.603870274781343
1,0.45638167236478266,0.603870274781343
1,0.45638167236478266,0.6082608556440926
1,0.45638167236478266,0.6082608556440926
0,0.4238599378627602,0.6082608556440926
1,0.4580111643738643,0.6082608556440926
0,0.383390512929155,0.6082608556440926
1,0.4580111643738643,0.6082608556440926
0,0.5183775321317056,0.6067916184304877
1,0.45772435486318985,0.6067916184304877
0,0.47070979528573675,0.6049594871792084
1,0.4682925738304167,0.605164175454677
0,0.39680203249533197,0.6047548681366717
1,0.4682925738304167,0.6053689329865025
0,0.4047500202500554,0.6049594871792084
1,0.46955906377214557,0.6053689329865025
0,0.43322547671520667,0.6055737597981177
1,0.46955906377214557,0.6082926569546516
0,0.4867876433664599,0.6047679786772674
1,0.4677074066340456,0.6043589393299168
0,0.5548102702646467,0.6043458376567334
0,0.41623553811408864,0.6043458376567334
0,0.4191430989297521,0.6008512293277756
1,0.470259800426447,0.6014613304436949
1,0.4680239581399648,0.6008512293277756
1,0.4680239581399648,0.5991189935232737
1,0.4667381853900232,0.6049009401826004
0,0.6970439372900612,0.5988475105379739
1,0.46285401519496355,0.6034056656962031
1,0.4667381853900232,0.6006544420596985
1,0.46285401519496355,0.6051341259682211
1,0.4667381853900232,0.6044682700808753
0,0.4567219503692861,0.595915310545341
1,0.46285401519496355,0.600057262685865
1,0.4698768685078559,0.600057262685865
0,0.4765865654521687,0.5957008363110711
0,0.4127985988165992,0.5888198219650271
0,0.5228008216231338,0.5877834552394099
1,0.4689678852877769,0.5862242791021368
0,0.540079717443437,0.5862242791021368
1,0.4667381853900232,0.5847004224785624
1,0.45672448595099985,0.5893657351479905
0,0.45330915435286473,0.5863072848622857
1,0.4549658420660188,0.5903812175832155
0,0.5189940214316165,0.5836590178397956
0,0.40206710932612055,0.5824815951011608
1,0.45117964068194666,0.5824815951011608
0,0.4186070594982885,0.5834849966745963
1,0.45978157977432915,0.5834849966745963
0,0.47491441852580313,0.5808578030146402
1,0.45978157977432915,0.5860674024995379
0,0.5445748088489842,0.5815058784526643
1,0.45978157977432915,0.5836590178397956
0,0.6130477939392545,0.581315242995594
0,0.5498403531372273,0.5722215123778682
1,0.4554136448314139,0.5712764949978515
1,0.4530632956741306,0.5748311494536915
0,0.45320972908962415,0.5731622613710414
1,0.4494764795151037,0.5721815223525172
0,0.45950817897314933,0.571794523098719
1,0.45609588325239137,0.571794523098719
1,0.45609588325239137,0.5721815223525172
0,0.5547232574630446,0.5628675556325596
1,0.45609588325239137,0.5628675556325596
0,0.4501334940932514,0.5567466180241866
0,0.5599256564430836,0.5571612225886634
0,0.4846248946149199,0.5487036364633174
0,0.4166162128183515,0.5501205148356083
0,0.5970950419968623,0.5453382184610635
0,0.42669743991232445,0.5453775784481378
1,0.4577008991295801,0.5453775784481378
0,0.5430601633424307,0.5453775784481378
1,0.4568397634506175,0.5453775784481378
0,0.44246251929041963,0.5428483095472806
1,0.4497029648851472,0.544357624757744
1,0.4518351904556046,0.5519338180623187
1,0.4518351904556046,0.5521593028972462
1,0.44795491425477585,0.559128363591588
0,0.5121991083302073,0.5512813858806803
1,0.44825809697260305,0.5512150469025063
1,0.45485955768879205,0.555031311960212
0,0.41566764318676097,0.5512813858806803
1,0.45485955768879205,0.5512813858806803
1,0.45609588325239137,0.5581496781961133
1,0.4530632956741306,0.557366944616494
1,0.45609588325239137,0.5628645513535843
0,0.4419118758740501,0.5581496781961133
1,0.45609588325239137,0.559128363591588
1,0.45609588325239137,0.5641200438824573
0,0.46351153602893086,0.5860670067191889
1,0.4530632956741306,0.5874054023148882
0,0.4729862031034458,0.5874054023148882
1,0.4494764795151037,0.5861494716494547
0,0.40617614989043027,0.5871774764885659
1,0.45772435486318985,0.5871774764885659
0,0.5881602068231437,0.5871774764885659
1,0.4682925738304167,0.5871774764885659
0,0.5052949587160461,0.5874566838929579
1,0.46644591096315896,0.5874566838929579
0,0.4496020567354359,0.5848787404124278
0,0.5715937705261226,0.5856955138349033
0,0.4908203937956897,0.5838386516306304
1,0.4688656848980995,0.5833792259663286
0,0.5221157136413632,0.5768682516796991
1,0.4494764795151037,0.5755609304757807
1,0.4530632956741306,0.582430102859357
0,0.46531410108161464,0.578175932547002
0,0.4937457347537182,0.5745919571282919
0,0.5554382371489387,0.571870748377353
1,0.4554136448314139,0.5748812952691011
0,0.5068942100658717,0.5719108719023044
1,0.45609588325239137,0.5730650016399889
0,0.4431605835746174,0.5694446329138165
0,0.4173473361688083,0.5689679802905322
1,0.4484999967293028,0.5689679802905322
0,0.52713249221595,0.5688040788983758
1,0.45609588325239137,0.5688040788983758
0,0.4797276944911341,0.5688040788983758
1,0.45609588325239137,0.5688040788983758
0,0.5506442366498598,0.5689965339775285
1,0.45609588325239137,0.5689965339775285
0,0.4004587718162588,0.5702215904031841
1,0.45609588325239137,0.5702215904031841
0,0.47162208531308114,0.5706475599669785
1,0.46826907372316234,0.5706475599669785
1,0.45465812251460924,0.5714235249928279
0,0.5125103736306068,0.5706475599669785
0,0.4725241189437535,0.5691263197940336
1,0.46826907372316234,0.5704545464514936
0,0.47441697963042917,0.5691263197940336
1,0.46826907372316234,0.5704545464514936
1,0.46826907372316234,0.5704545464514936
0,0.572832270718727,0.5704545464514936
1,0.46955906377214557,0.5704545464514936
1,0.46955906377214557,0.5689965339775285
0,0.38615987771546667,0.5702215904031841
1,0.46955906377214557,0.5689965339775285
0,0.46734469912502025,0.5699887294869421
1,0.4677074066340456,0.5697728800750163
1,0.4677074066340456,0.571984531288569
0,0.4856022601898435,0.5724294504927822
1,0.46955906377214557,0.5742299763382449
1,0.46955906377214557,0.5742299763382449
1,0.4677074066340456,0.5757482518486078
0,0.4093935442002276,0.5749310961521636
0,0.4057382139308437,0.5766242492587795
0,0.5124519439991404,0.5750510491731504
1,0.4628656129322951,0.5766242492587795
0,0.4751993018182925,0.5746217925500432
1,0.46826907372316234,0.5755410647435303
0,0.4358234190117544,0.5739391291143298
1,0.46955906377214557,0.5738004745764186
0,0.3894759151875892,0.5735916531096046
1,0.46955906377214557,0.573913786306948
0,0.46941815263750203,0.5728728594417863
1,0.4677074066340456,0.5728943239554496
1,0.4677074066340456,0.5743871347269132
1,0.4677074066340456,0.5740958878317679
0,0.46041824953867055,0.5735795815499877
0,0.5320865747120384,0.5728066795610831
1,0.4710716206607284,0.5738004745764186
0,0.523134144513739,0.5733976437959997
1,0.4710716206607284,0.5716667162767589
0,0.3924897845068874,0.5713699373088527
1,0.47059001490787866,0.5705277469758386
0,0.5165670418573387,0.569074339532908
1,0.46530922512980755,0.5719321415266135
0,0.4561132167473754,0.572436332295589
0,0.4450533310054437,0.571619746552972
1,0.46873429232162356,0.5720041576547971
1,0.46873429232162356,0.5720041576547971
0,0.5031819069875446,0.5753736774880038
1,0.47059001490787866,0.5739751975462464
0,0.5114303805629714,0.5774567841997761
1,0.47059001490787866,0.5774567841997761
0,0.47165918972932575,0.5769134012898981
1,0.47059001490787866,0.576523201594376
0,0.48418358070628803,0.5768919647138634
1,0.46873429232162356,0.5780626864095549
0,0.40236921628948985,0.5771490505591982
1,0.47059001490787866,0.5777891176169727
1,0.46873429232162356,0.5758343397383174
1,0.47059001490787866,0.5734191016614811
0,0.44729719455150924,0.5742790182283946
0,0.5194898613524411,0.5735818909484417
0,0.3939452586271803,0.5730000697505924
0,0.5130946567140935,0.5750751180502722
1,0.470259800426447,0.5709738564848099
0,0.4111656768191356,0.5727727846859001
1,0.4698768685078559,0.5735370036969829
1,0.4698768685078559,0.5733430128677738
0,0.4520975694198201,0.5717014118889588
1,0.46285401519496355,0.5729439286433976
1,0.4667381853900232,0.5729928234322044
0,0.46933940655287176,0.5727258906657127
1,0.4698768685078559,0.5721577315941895
0,0.509393666329769,0.5753086262313081
1,0.4698768685078559,0.5753086262313081
0,0.45742235717331065,0.5758042929438184
1,0.4698768685078559,0.5738441236822546
0,0.7476940949545854,0.5761940060710016
1,0.4698768685078559,0.5763298137540052
0,0.5367605973679845,0.576688668300672
1,0.47139044911800915,0.576688668300672
0,0.504873041419374,0.5782541103937237
1,0.47139044911800915,0.5782541103937237
0,0.3924897845068874,0.5768430993400802
0,0.4558061511516082,0.5795772233118772
1,0.46412908781290557,0.5584311233542889
0,0.493094827548741,0.5581203877307632
1,0.4698768685078559,0.547037936302944
0,0.4668339729360523,0.5478726029286325
1,0.4698768685078559,0.5550811445604673
1,0.47139044911800915,0.5550811445604673
1,0.47139044911800915,0.5498451709035674
0,0.4465798917956664,0.5547012705648966
1,0.47139044911800915,0.5495118310846626
1,0.47139044911800915,0.5501751140996942
1,0.47139044911800915,0.5467978161892538
0,0.42284744710770894,0.551384792511418
1,0.47139044911800915,0.5478932059421832
0,0.4277736401187516,0.5481667307599888
0,0.4906320319809247,0.5484630456710352
0,0.5028317071872954,0.5519199912971084
1,0.4717746145476877,0.5519199912971084
0,0.47514672766358407,0.5558679044142476
1,0.46953157010302526,0.5556798899094937
0,0.4780411811568657,0.5558432088765771
1,0.47139044911800915,0.5564691671152925
0,0.45534851593357945,0.5560067621262169
1,0.47139044911800915,0.5548851226337183
0,0.7022770583390894,0.5589227587549842
1,0.47139044911800915,0.5546696044188099
0,0.5189268804523792,0.5590838128361104
1,0.47139044911800915,0.5590838128361104
1,0.46953157010302526,0.5569199458556316
1,0.46953157010302526,0.557580349012736
0,0.5939767586912509,0.5581363030085994
1,0.47139044911800915,0.5584048343041126
1,0.4710716206607284,0.5548616440662045
0,0.41199808804514015,0.5600817215964508
1,0.4710716206607284,0.5603339970927791
0,0.46461689603169765,0.5595762812399705
1,0.4710716206607284,0.5595762812399705
0,0.4571939846927749,0.5602100328244906
1,0.4710716206607284,0.5559485926583091
1,0.4710716206607284,0.5557605508618909
1,0.4710716206607284,0.5498707257124295
0,0.43027893269781864,0.5548920089782453
0,0.6986571376200356,0.5551968070015589
1,0.4692139989124747,0.5551968070015589
0,0.5100349754508676,0.5553567874464329
1,0.4710716206607284,0.5559206937500507
1,0.4710716206607284,0.5511199748948129
0,0.4945637055447696,0.5511199748948129
1,0.46530922512980755,0.5511199748948129
0,0.3935766930505666,0.5558313840637312
0,0.44626433631640056,0.5568002088324606
1,0.4714555262572441,0.554780541346719
0,0.43027893269781864,0.5538818008835626
0,0.43261740328521675,0.5717152257884468
0,0.5055626507866517,0.5719533708273874
0,0.4295524533968794,0.5737945957310152
1,0.4714555262572441,0.5739887393534601
0,0.48058983633623387,0.5691082232604696
1,0.4692139989124747,0.567079902278282
0,0.417641675642796,0.5670171704665604
0,0.5474027048375525,0.5682321067356527
1,0.4638151706316741,0.5649935144864534
0,0.5215553147161074,0.5652592655684329
1,0.46955906377214557,0.5652592655684329
0,0.49736686583822115,0.5645299761103991
1,0.46955906377214557,0.5651031968205908
0,0.4030332772424443,0.5661832445602079
1,0.46955906377214557,0.5660395824630037
0,0.4786344922409092,0.5686248624093184
1,0.4677074066340456,0.5687887121600869
0,0.42284744710770894,0.5697010948961105
0,0.41550833598794706,0.569741066194102
1,0.46865069534966874,0.5695769421007388
0,0.4727110899618444,0.5723488120656924
1,0.46826907372316234,0.5709673855703054
1,0.46955906377214557,0.5709673855703054
0,0.7059882996430712,0.572513734875807
0,0.47724146169597703,0.5744519739456668
1,0.4625409604186376,0.5744519739456668
0,0.4488898484659097,0.5779303926438185
0,0.5905893053742228,0.579806906595174
0,0.48153544307469387,0.5787560529149034
0,0.41582263921914586,0.5791477638382531
0,0.4037558922977015,0.5800990891190954
1,0.4688656848980995,0.5799914986775431
0,0.5283932510841424,0.5813420557517607
0,0.44268018544393567,0.5815387530602103
1,0.46275314717776944,0.5809488607026574
0,0.47839412025802,0.5809488607026574
1,0.4682925738304167,0.5815387530602103
0,0.47956351659690233,0.5800990891190954
1,0.4682925738304167,0.5800990891190954
1,0.4682925738304167,0.5805850668228887
0,0.43685781082511455,0.5793100080545879
1,0.4682925738304167,0.5794914191904994
0,0.42884951837425167,0.5973044418641925
1,0.4682925738304167,0.5989401620407636
0,0.5434029604957252,0.5981695158620549
0,0.5003942359151085,0.5997290124594147
0,0.5818797163240836,0.6006075393907354
1,0.4671975751525249,0.5989794903731819
1,0.4682925738304167,0.6001197999001947
0,0.41042735703561406,0.5998747294770266
0,0.5156089126595665,0.5927515784705437
1,0.4611067843504913,0.5927515784705437
1,0.46478641018303657,0.592497374469324
1,0.4530632956741306,0.5886475251031875
1,0.4530632956741306,0.5890459307257712
1,0.4530632956741306,0.5882765917682382
0,0.45116108499777696,0.5886475251031875
1,0.45609588325239137,0.5884756353796196
0,0.45787130369822593,0.5886475251031875
1,0.45609588325239137,0.5888739246646167
0,0.49326178012309707,0.5903080675757209
1,0.45609588325239137,0.5892963314043802
0,0.46392888955344824,0.5891334164274923
1,0.4682925738304167,0.5896713121218465
0,0.47597471391745705,0.5884707149922501
1,0.46275314717776944,0.5886332373211757
1,0.46644591096315896,0.5882648406936468
1,0.4667381853900232,0.5814714537270496
1,0.4685860053739336,0.581751212061943
0,0.4971476217320252,0.581751212061943
1,0.4685860053739336,0.581751212061943
0,0.41088242333446423,0.586832273743608
1,0.4685860053739336,0.5826528992308075
0,0.4692983862915909,0.5868971977946352
1,0.4682925738304167,0.5868971977946352
1,0.4685860053739336,0.5818155739709022
1,0.4685860053739336,0.5818155739709022
0,0.4258017186058424,0.5809458953384731
1,0.46285401519496355,0.5809458953384731
0,0.41307700393146385,0.5887328270163326
1,0.4685860053739336,0.5833923004125774
0,0.4675164434267371,0.5889320249950859
1,0.46955906377214557,0.5897708676531684
1,0.4692139989124747,0.5897708676531684
1,0.4677074066340456,0.5823640925417614
1,0.4677074066340456,0.5811751238170829
0,0.5294149217785491,0.580741295774438
0,0.454394758740172,0.582220595598773
1,0.4677074066340456,0.5807005527338418
0,0.49485823685951225,0.5824584536726828
1,0.4564155769276401,0.5785030622608517
1,0.4564155769276401,0.5772572345414659
1,0.4576729129027802,0.5776058030366938
0,0.47341474010482537,0.5780181082110705
1,0.4564155769276401,0.5758696464890892
1,0.4602653156701226,0.5764299768704679
1,0.45720500548040494,0.5764299768704679
1,0.4602653156701226,0.5770152807776122
1,0.47059001490787866,0.5751771715177716
0,0.42460870706209286,0.5755260802097163
1,0.47059001490787866,0.5755260802097163
0,0.42678945344621244,0.5765003866550225
0,0.5495628916669536,0.578511287841764
1,0.4638151706316741,0.5748003518049845
0,0.41307700393146385,0.577781795141986
1,0.4576729129027802,0.5750302397774568
1,0.45891948933206106,0.5748639447071487
1,0.4564155769276401,0.5727304656213852
1,0.45720500548040494,0.566585613007061
1,0.45720500548040494,0.566585613007061
1,0.45720500548040494,0.5662023985884181
0,0.41550044805928216,0.5497097899277947
1,0.4602653156701226,0.5497097899277947
0,0.5209629241859779,0.5497097899277947
1,0.4602653156701226,0.5497097899277947
1,0.4602653156701226,0.5480616993468304
0,0.4803458244991492,0.5497097899277947
1,0.4602653156701226,0.5484326358635587
0,0.40604153406545757,0.5504541456773798
0,0.5777942273313729,0.5492129390686039
1,0.45261731092765156,0.5484041799599022
1,0.454193297299548,0.5484041799599022
1,0.454193297299548,0.5478753919168148
0,0.4012507564836238,0.5480992187385539
1,0.4504135249916693,0.5481387300422982
1,0.454193297299548,0.551961233939747
1,0.454193297299548,0.5516170460766838
1,0.454193297299548,0.550937415372457
1,0.454193297299548,0.5535709204443855
0,0.4672992081048186,0.5493881320195001
0,0.4922340542801133,0.5492069237199376
1,0.454193297299548,0.5486452177948842
0,0.5133249220740026,0.5496433674015241
1,0.45723344856466086,0.5499767870117811
0,0.6147790403842893,0.5526446822715363
1,0.45723344856466086,0.5526446822715363
1,0.45723344856466086,0.5521181688334887
0,0.47492257080049755,0.5540489686005386
1,0.4577013850959261,0.5523437289823431
1,0.454193297299548,0.5516632029540534
0,0.43160034690667043,0.5535068655374009
1,0.454193297299548,0.5535068655374009
0,0.4260443765346207,0.5535068655374009
1,0.45723344856466086,0.5535068655374009
0,0.4240115321885204,0.5550288219212226
1,0.45087448195617214,0.5540908031947025
0,0.5079444613588603,0.5529454077358092
1,0.45087448195617214,0.551543185323316
0,0.5065954240551999,0.5519998834021944
1,0.4577013850959261,0.5523287733572284
1,0.45465812251460924,0.5523287733572284
1,0.4577013850959261,0.5545918460670722
0,0.3961899913841605,0.5534728914925249
1,0.4577013850959261,0.5534728914925249
0,0.4460243081590321,0.5530943137573099
1,0.4577013850959261,0.5515818826282943
0,0.48571958639770196,0.5504471022332242
0,0.4348375140152764,0.5507864282014648
0,0.4236527254613969,0.5511482090800094
0,0.5541831530039774,0.5507677104042316
0,0.4530267477936739,0.5539074893949537
0,0.4692623134942234,0.5540336088288872
1,0.4594629392578794,0.5516577893486756
0,0.5363621222079804,0.549612356675479
1,0.4594936616182456,0.54955341552002
0,0.5347676370637194,0.5516239199400863
1,0.4594936616182456,0.55109202732547
0,0.5284967775195382,0.5515037066347792
1,0.4594936616182456,0.5515037066347792
0,0.41723971723881376,0.5515037066347792
1,0.4594936616182456,0.5515037066347792
0,0.5425799104237371,0.5514650148143905
1,0.4594936616182456,0.5514650148143905
0,0.45929191542406195,0.5518825482601997
0,0.46479417578512416,0.552667479890144
0,0.4254713087109293,0.5544760757645629
1,0.45314277824377874,0.5539414330142765
1,0.4682925738304167,0.5520033580955903
1,0.4682925738304167,0.553269641994701
1,0.4682925738304167,0.553269641994701
0,0.4276925846887366,0.5530437037315203
1,0.4695826286176162,0.5530437037315203
0,0.4330637828128403,0.5547350480591012
0,0.5173586637994089,0.5594771603102839
1,0.46275314717776944,0.5557783612353312
1,0.46644591096315896,0.5566633630637131
0,0.4119703781084798,0.5596646531921067
1,0.46644591096315896,0.5600434427649567
0,0.4431569295057192,0.5600827364639498
0,0.524717818873579,0.5569628689839123
0,0.47127637386801063,0.5526857869308685
0,0.4152020393351881,0.5547731814216014
0,0.4122122839354386,0.5584462044499373
0,0.4215322335496614,0.5584462044499373
0,0.40946778687640983,0.5586351549382812
0,0.45426642105496057,0.5594037235284529
0,0.4619439797720946,0.5591752802955022
0,0.5038797427779876,0.5563281680353296
0,0.4656948203184299,0.5590125971603047
0,0.7520111984552414,0.5588457466796676
0,0.5446576697540251,0.5477945950357698
0,0.5176331727381217,0.5487999699066574
0,0.5210137653011425,0.548575856919747
0,0.5590847426442215,0.5513578124072163
0,0.5987492443160812,0.5514715888920078
0,0.5050481067844049,0.5552524294710425
0,0.40870711417067906,0.5554402993443923
0,0.48219903505147493,0.5554402993443923
0,0.40620129864520776,0.5551538916146345
0,0.4340158429051812,0.5547005687298235
0,0.43273504659661316,0.5569297282965758
0,0.39441955743090606,0.5569297282965758
0,0.44633582657829657,0.5572730698009714
0,0.48065852541168225,0.5572730698009714
0,0.4488094223246684,0.5579722230375532
0,0.40378472163883683,0.5595462321607297
0,0.42932969527216813,0.5600261784801188
0,0.45895279751701895,0.5667058591142257
0,0.42689828475516006,0.5674732290470236
0,0.41383809267486954,0.5674713522223644
0,0.5425622935522354,0.5682796274685405
0,0.5266357366362864,0.5692416664148504
0,0.5172049726110912,0.5692416664148504
0,0.4804005353935236,0.5694342695519078
0,0.5891809326174037,0.5715803409074185
0,0.5059882322364548,0.5737593837830532
0,0.40023565159947455,0.5737593837830532
0,0.4400229494010486,0.5738844482407272
0,0.40378472163883683,0.5745074731263377
0,0.4288813077435284,0.575583772292206
0,0.4314598803915545,0.575583772292206
0,0.39423333482874084,0.5761682169677598
0,0.45189294530829394,0.5761682169677598
0,0.48056526184308634,0.5765223422024077
0,0.45981258062417063,0.5789413902797709
0,0.5153718476425445,0.5793738737487073
0,0.7072242025733099,0.5800554395021988
0,0.5317003839315012,0.5808408859493657
0,0.5275116343308535,0.5823654957529282
0,0.4796424322341732,0.5858640842805977
0,0.5883476390670007,0.5844233860515218
0,0.49299178820752526,0.5869955365402699
0,0.3998393115037241,0.5783659265331226
0,0.4398995799098456,0.5836912662104743
0,0.40378472163883683,0.5870433038437811
0,0.41889958791112786,0.5875706136066186
0,0.416316234233201,0.5889052295919684
0,0.4144399991641302,0.5924709780329009
0,0.5437215834703173,0.593186936884053
0,0.47558407354116833,0.6081520304081768
0,0.4006424803722401,0.6085636369774184
0,0.4065498911320881,0.6080155766264483
0,0.3937147545313749,0.612029506722185
0,0.4244017652846871,0.6150547556669477
0,0.51600959720261,0.6166782933408969
0,0.7013246644072753,0.6160527566756338
0,0.5200655779304407,0.6160527566756338
0,0.4483309481305138,0.6171259446666186
0,0.4683294011091595,0.6171259446666186
0,0.4563163459281611,0.6178106895950255
0,0.5299361642256744,0.6178106895950255
0,0.4736962736657089,0.6169752504534249
0,0.5896496477249173,0.6169752504534249
0,0.4880270413327616,0.6178540363524696
0,0.40063570000013726,0.6180630875036169
0,0.4404589839743917,0.6192215779344986
0,0.40378472163883683,0.6201640926232688
0,0.41495775879615154,0.6211655071159775
0,0.4232251374726806,0.6213756787045329
0,0.3938241588005885,0.6213756787045329
0,0.4464582087637653,0.6205354187796542
0,0.46510741783411874,0.6213372657631692
0,0.45616640470948283,0.6213372657631692
0,0.5060416063595925,0.6213372657631692
0,0.7013246644072753,0.6234427665931014
0,0.5176994853821826,0.6226178182035377
0,0.515751870746975,0.6220916306701675
0,0.47389488395829865,0.6225126717734623
0,0.5779313439505135,0.6246221556548974
0,0.5278581063498246,0.6240198759141011
0,0.40063570000013726,0.6249339858792364
0,0.44828817452626585,0.6249339858792364
0,0.40378472163883683,0.62765688068655
0,0.41481175564674394,0.6276535586294061
0,0.4159619725182193,0.6298214588407294
0,0.4066000045265805,0.6282357642878923
0,0.4012952297222441,0.6280283000678529
0,0.4065821723451182,0.6282407936850466
0,0.3937147545313749,0.6299433329697577
0,0.4162891798376847,0.6294602010271543
0,0.4491792210619515,0.6313745456682579
0,0.48252871130369956,0.6324433978200539
0,0.4582639692227087,0.6347197913903179
0,0.7027496300975556,0.6331038113175776
0,0.5320213207186073,0.6328247635671623
0,0.5293113640490991,0.6326107194865934
0,0.5034039040203503,0.6327302105969532
0,0.4716840588558557,0.6336314370020052
0,0.5785763313160176,0.6339462884950915
0,0.5103061674740589,0.6339462884950915
0,0.3992559377946423,0.6337318650744813
0,0.4463357633319745,0.6335175141795789
0,0.40337190745873125,0.6346218410876979
0,0.4158137904452372,0.6343753530116003
0,0.4314154786954756,0.627827780362118
0,0.4145990762656464,0.6299861802703066
0,0.39378136485951654,0.6294609800169273
0,0.478549959006297,0.6296739583819335
0,0.46139687687862574,0.6296739583819335
0,0.45176363372385225,0.6261057332734961
0,0.4819500011000428,0.6267311939971884
0,0.7010874511981601,0.6259458087649817
0,0.5273426541938879,0.624613976325899
0,0.5315554506170678,0.6252482060076816
0,0.4722143912791517,0.6244027094286944
0,0.5462459080983766,0.620529181311978
0,0.4619601308569512,0.622079390029111
0,0.3914150429075965,0.6204292392265033
0,0.43814535465058024,0.6188471460128251
0,0.39502158072892296,0.6151567991154405
0,0.4099387661055856,0.6167702406545829
0,0.40229343284181845,0.613439179328952
0,0.40564607806620273,0.6110289150133347
0,0.3878718539977345,0.6114424687019531
0,0.407091317173509,0.6141915746450707
0,0.3933255807350913,0.6163161000168077
0,0.4171467077904207,0.6164634032423426
0,0.47351950277375204,0.6184640840464258
0,0.45456784576144343,0.6226849916796044
0,0.44320879727622514,0.6218429612264289
0,0.7020367857103395,0.6212505909131373
0,0.5264281977836052,0.6216943264119313
0,0.512864684159425,0.622778043527741
0,0.48441774315522357,0.6222080652989723
0,0.4833457214748342,0.6222080652989723
0,0.5443223754112212,0.6219976121673523
0,0.4343435281046314,0.6220517067674232
0,0.39502158072892296,0.6220517067674232
0,0.40937091169505097,0.6231672269389318
0,0.40719526165516406,0.6237810452793318
0,0.3926613828222742,0.6235889960221855
0,0.47813930672714094,0.6244938739481151
0,0.44546522982525855,0.6244938739481151
0,0.4575440433469507,0.623139912305217
0,0.4756283425731087,0.6225500333495237
0,0.6982509077211769,0.616782548787268
0,0.5344323654724347,0.615115578975104
0,0.48539531183539847,0.6034369729801561
0,0.4860929183830511,0.6017187602551619
0,0.5531066124555699,0.6022572603258749
0,0.4638496130853147,0.5970154478846863
0,0.39128408269906695,0.5949277265536707
0,0.44382755750021685,0.5926524128527881
0,0.39488480894673983,0.5929580121723074
0,0.4171420438390054,0.5947623456991386
0,0.39570954582136075,0.5905348115332796
0,0.4104414247563496,0.5919984529152312
0,0.3904789766734541,0.589240590017606
0,0.475869989478067,0.5863158510992903
0,0.4511645286482178,0.5867096941295931
0,0.4598018165728225,0.5842557718683142
0,0.6990930743275924,0.5842557718683142
0,0.5311791390234128,0.5795864426752204
0,0.5025023549452928,0.5784112150265781
0,0.47498006336029674,0.5784982167503018
0,0.49057448552985067,0.5769200695187531
0,0.41012191457198255,0.5821909922686583
0,0.39247599033069686,0.5796186918346504
0,0.4760516951335697,0.5775777199788376
0,0.43983652363094633,0.579489908380367
0,0.4464327879017515,0.5786770558072815
0,0.47196559178741093,0.5784813264277003
0,0.6984871611847143,0.572726210139297
0,0.5315555739044147,0.567345577269406
0,0.5008013439440568,0.5661554478994247
0,0.48854288149429176,0.5653142814697277
0,0.550272939215635,0.5636987407065028
0,0.4649178656886797,0.5676281163292206
0,0.39196198528408394,0.5676067354547558
0,0.4462775268079312,0.5664972253515005
0,0.3943649990064545,0.5655029610829365
0,0.4272995084447858,0.571005893142199
0,0.4314154786954756,0.5751527357002884
0,0.3965824010828511,0.5680743123785847
0,0.3904789766734541,0.5626667285974348
0,0.38969011063143155,0.5636077674524085
0,0.4062971930249012,0.5622120689924128
0,0.39255230157198495,0.5087813177865637
0,0.4108636052517915,0.4930776306578083
0,0.47095642608046545,0.49270406204975764
0,0.42792126630618427,0.47778099410302205
0,0.4540257805516801,0.46893275741248763
0,0.6983349425311619,0.4689269862059312
0,0.5169372247003351,0.47615441457093033
0,0.5049812115238589,0.47479468211220544
0,0.4540134341759415,0.47495532907575067
0,0.4947850157868987,0.4722900146636614
0,0.5464534451510985,0.47231801188916245
0,0.49174795415593664,0.47597338492307817
0,0.39188702721721513,0.472479530735519
0,0.4427493755624606,0.4810944815033838
0,0.391750193083091,0.480758550648463
0,0.4310908071293872,0.48270082840545225
0,0.408710930532532,0.48874764767341583
0,0.39064950047052716,0.4877802182038361
0,0.4681582045673261,0.4918341071834471
0,0.43254901426702946,0.48361916168426045
0,0.4757982375197156,0.4815499067855449
0,0.4543232754711127,0.4809416941640743
0,0.6982509077211769,0.4831475060582934
0,0.43885535362562716,0.4861656292015164
0,0.391750193083091,0.48720439200960075
0,0.4281179695327335,0.48817213685157457
0,0.39600230793218477,0.4838740619700168
0,0.38996200871780073,0.48041298771817753
0,0.5172251278571096,0.4813462369895109
0,0.45687714846297733,0.4958389513559313
0,0.3880912770695655,0.46829909892831983
0,0.4064669359002904,0.4720828027333931
0,0.4502173471935552,0.46568827062799373
0,0.6996438936153309,0.4658848399400404
0,0.5096602021194092,0.4658848399400404
0,0.5166181785014048,0.46192277935941617
0,0.47417822241486013,0.4630497285671343
0,0.4336458405465227,0.46361228105532515
0,0.49176721717946,0.460308397153789
0,0.5551011214135608,0.4567100856221631
0,0.46084006219618967,0.45684403119623945
0,0.38377118060161763,0.4582717569684566
0,0.440312924609488,0.4610399627892592
0,0.38401119732550043,0.46196886076797605
0,0.43380397550707417,0.4691475529274211
0,0.4097835322046704,0.4630662989280276
0,0.3904650578759813,0.4580910210641335
0,0.46130514087826907,0.46358674230715874
0,0.43459055529685237,0.4616847916805561
0,0.4848609329261563,0.46117480715313175
0,0.4421591271029205,0.4631662012341499
0,0.6998806183961819,0.4623781639356008
0,0.4963965402675095,0.4623781639356008
0,0.5147089749470128,0.463514056721056
0,0.4747455275652693,0.46045616142238954
0,0.3947076776712336,0.4665486886189835
0,0.46112492471516303,0.4727046643325424
0,0.4180679964966762,0.4786725121838622
0,0.38414826269051133,0.4770515276591911
0,0.4630030400379812,0.4744920330210973
0,0.4221880695797836,0.47549913234398883
0,0.46017398000256365,0.47389402914341805
0,0.4375321918712461,0.4859876941425649
0,0.7025446179128071,0.4968417964325426
0,0.4915488129018137,0.4968771162096804
0,0.5067438751681349,0.497213410219914
0,0.4584793931919543,0.49788668122117563
0,0.4400536861980066,0.5005079292479296
0,0.4592990758140451,0.5096582294069241
0,0.4082073569199491,0.5099775806187055
0,0.44266595788950386,0.5096582294069241
0,0.7003543082727468,0.5060623457495909
0,0.4905596327335567,0.5060623457495909
0,0.43205911846545103,0.5077671518221379
0,0.45151843421446275,0.5072012565637666
0,0.5561128003610868,0.5072012565637666
0,0.46528510953303664,0.5092366422716315
0,0.396463290535445,0.5084459754366584
0,0.4197969771246511,0.5092366422716315
0,0.3906703556663515,0.5092366422716315
0,0.44313610087027383,0.5111863849485151
0,0.43853968446897296,0.5100987275181775
0,0.3846965531878708,0.5100987275181775
0,0.4828465064830365,0.5106678555466834
0,0.4051014547387222,0.5106678555466834
0,0.44108900753239005,0.5114572455351708
0,0.4272617791832907,0.5109025954970083
0,0.6992740226785233,0.5109025954970083
0,0.5016303759672734,0.5109025954970083
0,0.49427774297423765,0.5109025954970083
0,0.4473660599162694,0.5109025954970083
0,0.39388192867597066,0.5163051730181579
0,0.4104414247563496,0.5088184720558049
0,0.39415833543976453,0.5096036960049
0,0.39209734268905616,0.5068028234350549
0,0.39725830532913736,0.5019921252491004
0,0.38212148414502006,0.5029913232411718
0,0.4306688299578924,0.5077533229773359
0,0.4613471832928159,0.5090431048290244
0,0.3917559090914959,0.5116048356904815
0,0.4266837651528504,0.5184270364204779
0,0.38307265375122185,0.5135376045433104
0,0.44620014269318586,0.5105493455008496
0,0.4330064432218224,0.5069312650389736
0,0.38222766691120436,0.5059121702155117
0,0.501284295378384,0.5092017845701334
0,0.40615701453884917,0.5092017845701334
0,0.4344479923139362,0.5092017845701334
0,0.4318144441208794,0.5178790078602459
0,0.702069446603929,0.5135657880917672
0,0.49964377009713373,0.5102374210225985
0,0.4811098935296036,0.5120489315578939
0,0.44404782391195713,0.517074412228668
0,0.533586507779765,0.5145290022746345
0,0.4353925464232503,0.5317172055919075
0,0.3933553655469091,0.5314979065534444
0,0.3904789766734541,0.5365276188253826
0,0.3880912770695655,0.5160943903890874
0,0.393904479472382,0.5082428120929419
0,0.4305469173736092,0.5183308304791252
0,0.3824809890761162,0.5163905980897243
0,0.4449018432416344,0.513394191497993
0,0.43415235183742135,0.5152238324649173
0,0.38225217250570726,0.511180525706162
0,0.4959330138336203,0.5163169670867661
0,0.3966141835523606,0.5176711701830494
0,0.4261309615898353,0.5150340828400969
0,0.43044502184598676,0.5157314846106651
0,0.6107274837409541,0.5176121845347613
0,0.49730894125759834,0.5200884111786043
0,0.45363791814408405,0.5229190325026878
0,0.4422156429427127,0.5269275373011272
0,0.5268550504651399,0.5281046337148949
0,0.4646425128387306,0.5255298509838479
0,0.3928694992575158,0.5203721815019765
0,0.42746001865313,0.5284629694237216
0,0.3832057166315325,0.5316690672162097
0,0.4419291355119343,0.5341904490193491
0,0.39133361883727913,0.5308552607322632
0,0.3879707594327776,0.5268951423879972
0,0.5296961022426832,0.5187636579284349
0,0.4552080821240302,0.5189963684793251
0,0.3880912770695655,0.5193027236130449
0,0.39604850372819456,0.5218901433403776
0,0.38212148414502006,0.5217285925332532
0,0.431569859475062,0.5194585948203464
0,0.4300057167126007,0.5194585948203464
0,0.6067788570739796,0.5194585948203464
0,0.49060135938468186,0.517773944529342
0,0.4105559803558922,0.5181923291141538
0,0.4682678776351298,0.5224536609598759
0,0.38502205954518487,0.5217127185504944
0,0.41694474772864576,0.5208518267756387
0,0.43511014515488544,0.5213289568840918
0,0.5139950387599113,0.5208541737682971
0,0.4603676442091218,0.5190263346336601
0,0.39188702721721513,0.5236336059579018
0,0.42033132979668686,0.5262239137861147
0,0.3813836165233466,0.5245553512221977
0,0.4350883351464049,0.5270385045497773
0,0.38222766691120436,0.5270385045497773
0,0.45992291593685675,0.5270385045497773
0,0.40000017819207295,0.5250417975634203
0,0.4254145291790917,0.5237500723919436
0,0.4340884244078985,0.5237670769202395
0,0.6060610394012159,0.525459992164629
0,0.5055887604014467,0.5251353643891375
0,0.3878686677178196,0.5228070679567871
0,0.42423428127080065,0.5222959168235005
0,0.49769751484006314,0.5213566154814421
0,0.41223988483366164,0.5259732321650408
0,0.3696953392118325,0.5219040807199918
0,0.4505426174239267,0.5179533858681353
0,0.3887403797599131,0.5155030217902236
0,0.38773306771347327,0.5165867549499452
0,0.3880912770695655,0.5157331349989356
0,0.39604850372819456,0.5216128708177172
0,0.38369944475297535,0.5228813443256454
0,0.4312279331997182,0.5168391176574259
0,0.46061855876701363,0.5117811717790971
0,0.4028041700724298,0.5105396265120816
0,0.42514931212939905,0.5104993274726173
0,0.6088486495631751,0.5104993274726173
0,0.510461612417555,0.5101029224078372
0,0.40188032082545594,0.5076345194888369
0,0.4298051547413778,0.5077485303061183
0,0.41683681190577027,0.5076345194888369
0,0.48857246428268214,0.509447146131186
0,0.4468763623589405,0.5147010269114893
0,0.4143527876940878,0.5149505051453176
0,0.36824725782352197,0.5126037598968688
0,0.4428765829386978,0.5055066716092097
0,0.4342533469007861,0.5299048700286959
0,0.43075831896805306,0.5362212708738132
0,0.3762508250236075,0.5368946716563512
0,0.42555227249479866,0.5148492961711633
0,0.4057066065118923,0.5110251608604869
0,0.423469009738306,0.5091861827234433
0,0.4271062772033205,0.5108585641963319
0,0.6048981002234424,0.5133379915651549
0,0.5046966771812169,0.5133379915651549
0,0.3919278508186821,0.5106730482576419
0,0.4157238878194133,0.5125972872936672
0,0.4885529675764391,0.5071136749075096
0,0.44419196827109075,0.5073147605713458
0,0.3926931711550877,0.5065850931783683
0,0.4143527876940878,0.5061516287679837
0,0.36824725782352197,0.5061516287679837
0,0.4279380837539543,0.5038821722503299
0,0.3751262814732725,0.5070348811177119
0,0.38770152611440806,0.5087994192517026
0,0.38619746939698213,0.5120512145280276
0,0.39604850372819456,0.5096435085233691
0,0.3774798505875106,0.5083670183635924
0,0.41391816848565266,0.5107173804760171
0,0.4165482458880356,0.5153759076743902
0,0.3952394460830687,0.5143291121183731
0,0.4257887303465519,0.5143291121183731
0,0.6080300707258041,0.5128361129298582
0,0.5094603456842053,0.5143595895601123
0,0.37777882021834847,0.5111310430433135
0,0.4253771377784118,0.5113039844285735
0,0.4075880603466765,0.5079563895390855
0,0.4713682264701271,0.5080657682591354
0,0.4572734482128042,0.5121092081032385
0,0.383732263823971,0.5113495473701323
0,0.41262821415120016,0.5099421118511112
0,0.3676399710002284,0.5033670857194277
0,0.42117538083285877,0.5010004689157003
0,0.41717212018800764,0.5013888994553436
0,0.37732936128410244,0.5039548810561134
0,0.421409513412206,0.5148180671607429
0,0.3931827942441996,0.5174020076115454
0,0.4294307050297336,0.5176393614127397
0,0.4232352315499384,0.5175770707800822
0,0.6062521880879067,0.5175770707800822
0,0.415579549820548,0.5227016662749364
0,0.3650182140193755,0.5219447589366908
0,0.42202023744183176,0.5133388708289496
0,0.5013857416524654,0.5278993966431241
0,0.3925775653046496,0.5294171437597754
0,0.4171900481297101,0.5322987559755317
0,0.40612611081003586,0.532545979574586
0,0.5017483872513824,0.5327261667118688
0,0.4614884408317354,0.5306506514857616
0,0.3830781830345314,0.5227128113838126
0,0.4224281169101398,0.5274996662787127
0,0.36281532987032944,0.5280630907297277
0,0.4235592307496611,0.520454386201017
0,0.428784577069957,0.5218769538769592
0,0.37892336837610424,0.5201440780694171
0,0.4268615865197643,0.5209473418408253
0,0.4076463425754527,0.5209473418408253
0,0.4247177125798726,0.5242191726974573
0,0.38583094471563567,0.5187921399368322
0,0.5996331445572596,0.5187864172433801
0,0.4962256346225178,0.5134205574317952
0,0.3824007263190624,0.5046848723676377
0,0.4063944122974372,0.5046848723676377
0,0.5054499219748191,0.502707980718206
0,0.45950755244625924,0.49863237731337967
0,0.3795779750431505,0.49191046491996065
0,0.41151199522776494,0.49313477266082484
0,0.3605358155239866,0.4924333774136541
0,0.4235592307496611,0.4875456695322054
0,0.4342533469007861,0.5078917803572427
0,0.37319814404288265,0.5080253732168921
0,0.38897933067397905,0.5030343752524905
0,0.3845436987540679,0.5013402337908403
0,0.39588311164859646,0.5050267128601055
0,0.3659690304693253,0.5046804497397817
0,0.4263690362349256,0.5049909172464742
0,0.42162211241430636,0.5076723087023284
0,0.40510279133583776,0.5041128727545791
0,0.4172004913323523,0.5065330843097076
0,0.5976594926904301,0.5061338374902341
0,0.484724704508443,0.5053026982752962
0,0.37800467655514497,0.5036743981371198
0,0.38847337375348284,0.49755000156450513
0,0.41053881322799624,0.4976623022476403
0,0.47089510964893416,0.49521799450496
0,0.458402575202311,0.4906650452528485
0,0.3780901861776759,0.49597573120456306
0,0.3966748400759491,0.49735097206663376
0,0.3605358155239866,0.4977304530117807
0,0.42034268510753514,0.4974686023358613
0,0.40804028186020824,0.5025365851505923
0,0.36551136570956855,0.5020423009068002
0,0.4209231238072759,0.5016272509028966
0,0.419481848565288,0.5016272509028966
0,0.415991119106532,0.5016264152794307
0,0.38224199757172383,0.4909641498116036
0,0.596252492725388,0.5409903952374552
0,0.47404151857225424,0.5399747482945704
0,0.3770243284038975,0.5366913685374115
0,0.4130520529932232,0.5313397291392769
0,0.469438212751183,0.5316993479715383
0,0.4575685202090563,0.5329597522414828
0,0.378664176339107,0.5319429104922357
0,0.3957368822013706,0.5277063409769563
0,0.34685858083575044,0.5280635006766959
0,0.3924514019119475,0.5275264700693396
0,0.37266690304361405,0.5348492578120504
0,0.5354833919271134,0.5361318325576743
0,0.45062341546653495,0.5380855560267561
0,0.38625274987255087,0.5392719013005673
0,0.38296598006221844,0.5411460280545877
0,0.3970151811951469,0.5433826985105763
0,0.35603611402891566,0.5437167267109381
0,0.4249581591522864,0.543798550697867
0,0.3926732333658523,0.5451521553255035
0,0.5933092882275884,0.5433464970373723
0,0.4157826835707756,0.5432641557429044
0,0.3636362792168499,0.5403442582899013
0,0.3867054805306778,0.5035549041999631
0,0.41888286141622655,0.5023304731229103
0,0.3828049990058085,0.5012936600295758
0,0.35531417868144655,0.4998076229902173
0,0.4635716732790517,0.5005356501523307
0,0.4771286421414953,0.4843316585019003
0,0.38130651875785554,0.4771501922342403
0,0.36904141380029315,0.4814892504483885
0,0.3379670030939286,0.4866802057281055
0,0.37615205400230023,0.48363217311464984
0,0.42822793829694716,0.4856456169818826
0,0.3556562403869547,0.4887063390790282
0,0.38445014719648235,0.487087790219652
0,0.3866590921379492,0.4815937804672031
0,0.3877775375076411,0.48179417958812476
0,0.3937392620100764,0.48752748466085605
0,0.5273065946175297,0.48873232142187906
0,0.40496252632377927,0.4876337528321376
0,0.3631558200259125,0.4844846485815999
0,0.35100967143227774,0.4850080248446039
0,0.4693022528321338,0.4873483228288527
0,0.48265410439168144,0.48388031692641337
0,0.38130651875785554,0.4767055429619358
0,0.3777025009480142,0.4814710584159028
0,0.3384480894226495,0.48865270982082804
0,0.3797219437589241,0.4890897067939592
0,0.36865890117315214,0.4789931519942237
0,0.36912429466817076,0.4702355389080589
0,0.38220738675654803,0.4702355389080589
0,0.39751030839022206,0.4702355389080589
0,0.3351564610413585,0.4702355389080589
0,0.41613925457023687,0.4702355389080589
0,0.383726433869818,0.47061860954311574
0,0.38720416655726514,0.4700682280902329
0,0.3833925314295599,0.4717931870454986
0,0.5270343373475376,0.4717931870454986
0,0.39878930701763166,0.4694159649450237
0,0.3459469063545498,0.4699655826927334
0,0.3923807655836938,0.46982600835505367
0,0.35291736621471476,0.46982600835505367
0,0.46779218973929076,0.46982600835505367
0,0.4694726413217381,0.46982600835505367
0,0.38017428730846264,0.46920012437309067
0,0.38442375417865954,0.46982600835505367
0,0.3384480894226495,0.46920012437309067
0,0.3852254233250399,0.4683316442318607
0,0.4342533469007861,0.5104940506610556
0,0.42768872918227163,0.5121553636707513
0,0.3346160677490228,0.5135996230280242
0,0.3829647911723147,0.5138194005553276
0,0.37436246670066803,0.5129249004480687
0,0.36825312210293304,0.5131383369651452
0,0.3895931487375915,0.5149408324215098
0,0.5292616836833474,0.5149408324215098
0,0.39689340837734627,0.5149408324215098
0,0.34230660358650894,0.5103826238367017
0,0.35100967143227774,0.5086471444492849
0,0.4693024266492928,0.5056248826264762
0,0.4617934255781679,0.5043437764066879
0,0.3644481410703813,0.4890057083785467
0,0.3845176809817251,0.4887223806036931
0,0.3384480894226495,0.4879100527983012
0,0.38711336142323854,0.48529775076368886
0,0.36865890117315214,0.4927947268813008
0,0.36985975833976836,0.4933219933406612
0,0.38209401552943006,0.49846445236420306
0,0.39751030839022206,0.510795285427778
0,0.3351564610413585,0.5121983393764238
0,0.41152563886371396,0.5125096385127375
0,0.3570607476821822,0.5132886409263235
0,0.36827790538828975,0.5137306305324651
0,0.3551518510217246,0.5129385781068012
0,0.528105176413143,0.5119237297656959
0,0.40148310753108946,0.5123687081729912
0,0.34219551006596105,0.5101157316649957
0,0.3929835238501841,0.5059546081365621
0,0.36051054735108035,0.5042480041909113
0,0.45052363033521753,0.49945807142685755
0,0.44958268078579516,0.4517066619622734
0,0.362535143824387,0.44928083614166614
0,0.38104960068940125,0.4608300033881296
0,0.3384480894226495,0.46054672667935126
0,0.3900150838961594,0.4604142094071802
0,0.413360244574266,0.46826361615762585
0,0.3346160677490228,0.46656146357151623
0,0.36412810940914836,0.47071922638072244
0,0.3749506706164811,0.4706166443279338
0,0.35565200221659404,0.470950523019031
0,0.3972734173945049,0.4689832239147407
0,0.5276761958053631,0.46897354311140005
0,0.4151540212713013,0.46513796924081596
0,0.34191250456872235,0.4579609158245976
0,0.36808544984118646,0.45533078211536204
0,0.4184478306985861,0.452703182353573
0,0.44860225334956555,0.45471817045635426
0,0.3615315025226775,0.44205520979129004
0,0.3822681285863708,0.4486803004074148
0,0.3384480894226495,0.4509459581731794
0,0.387973178737106,0.4528192271835545
0,0.37105368575395836,0.4546127442682341
0,0.43105271038329124,0.4650903861331722
0,0.36985975833976836,0.45921196101456485
0,0.38209401552943006,0.4429962327160393
0,0.39195909650741156,0.4392930474620839
0,0.3351564610413585,0.4387077040646344
0,0.41773257682411213,0.4469129920151416
0,0.3964465354641575,0.4576498194402932
0,0.37707229215459953,0.44805948529691897
0,0.37496233245493304,0.44743873299855386
0,0.35564155751282617,0.4472290501081746
0,0.5289726576271528,0.4471596015036345
0,0.40043067195286086,0.43488331005926395
0,0.3410774924820827,0.42872574260305313
0,0.36954116377933804,0.42561359442399466
0,0.418190091200042,0.41532610308509543
0,0.41964088615128403,0.414600347151294
0,0.3615315025226775,0.4137413935677551
0,0.3825268534858539,0.42664046200275735
0,0.3384480894226495,0.43240721946335764
0,0.38677084449446003,0.431785241687927
0,0.42109521497115804,0.43616432104774366
0,0.3346160677490228,0.4236081266473917
0,0.3713443152208942,0.4126322255849304
0,0.378046707178241,0.4086551141601424
0,0.3567479073007402,0.3782281167995398
0,0.3978886646690753,0.3863533027919308
0,0.535240775505492,0.3869655989835611
0,0.40001319318852513,0.3667411222458389
0,0.34202893407165896,0.366143951245107
0,0.3678328192066124,0.36832728066248843
0,0.41921507565291,0.36523907127989885
0,0.42945728124385396,0.3723989247185033
0,0.352523877291907,0.37047639680431516
0,0.38347583363432813,0.3725650771679383
0,0.3384480894226495,0.37176484797724796
0,0.38653927218799333,0.3722163474356707
0,0.4342533469007861,0.40051601056015956
0,0.3701455355184624,0.39657656973226724
0,0.36990317074661294,0.4059409373763516
0,0.38209401552943006,0.41123517637627466
0,0.39195909650741156,0.418898461700527
0,0.3351564610413585,0.4221760043847376
0,0.41751139688364647,0.4276931184748654
0,0.3700813831332333,0.43657325097072225
0,0.3606086015670464,0.43657325097072225
0,0.35429021397282384,0.4338536451787272
0,0.5352092647116241,0.42914374465322597
0,0.4039920882557812,0.4245758016464633
0,0.34191793066705867,0.42577623363466927
0,0.4030354812918824,0.42511964890562015
0,0.36966619817442026,0.42906902541219866
0,0.41774882813350234,0.3847534511206008
0,0.3757450990574426,0.38224115907165873
0,0.3438824749334585,0.3889971433248528
0,0.3851373509407324,0.3719678394554614
0,0.3384480894226495,0.37447747529894726
0,0.38653927218799333,0.3771108467364517
0,0.41937298127922285,0.36795210936273665
0,0.3346160677490228,0.366037931300439
0,0.37191766852774255,0.3652086096637439
0,0.36470102721445424,0.3654361496583925
0,0.36348509100385973,0.3643094935796509
0,0.3943870103077584,0.3868335506125794
0,0.532221830058045,0.3873155595365465
0,0.4039512237008263,0.3657662927922672
0,0.3416351547359408,0.3657662927922672
0,0.3678328192066124,0.36699339211020743
0,0.425346727233083,0.3649527781611065
0,0.3679586051942095,0.3721683320302267
0,0.3417188954750739,0.3701321637161002
0,0.386575285700016,0.3718336479301818
0,0.3384480894226495,0.371034989769797
0,0.3874284257237406,0.3717782983876684
0,0.3714211629506701,0.3661399766964223
0,0.560723187853583,0.36795185298988825
0,0.44733675591085775,0.3833585175248639
0,0.36850926899940867,0.3962069816642097
0,0.36753952384827154,0.40796604506367223
0,0.39195909650741156,0.42899017324518757
0,0.3356372304695589,0.4305339887222618
0,0.4165810669705978,0.443100474124832
0,0.3920489146971289,0.4455544665407061
0,0.5318618578411152,0.43498782618145526
0,0.4003048326975656,0.42999486441219714
0,0.3416351547359408,0.4315122950319493
0,0.3678328192066124,0.43396969278232633
0,0.3727055580318481,0.42987426729317973
0,0.3846817597623551,0.43527504266313505
0,0.3770985316888422,0.43113981319340416
0,0.4157122188959158,0.40462895745138927
0,0.369618583514381,0.3856262219359788
0,0.3417188954750739,0.39126905572217985
0,0.382874469849282,0.3762555906751284
0,0.3384480894226495,0.37903150756293014
0,0.38646246241932747,0.38130060406729105
0,0.40378333113987214,0.3664692696017701
0,0.3346160677490228,0.3633157105351817
0,0.3683343340756834,0.384101627770822
0,0.38093410072699846,0.3920972207806983
0,0.38748719713072544,0.3954093508477835
0,0.39355218763994204,0.39160418014735077
0,0.5291507334226341,0.3843705932011939
0,0.39869918092297446,0.36480776504445955
0,0.3408879157521305,0.36480776504445955
0,0.3683280200041157,0.36644710468134545
0,0.4164325360782966,0.3646651905786726
0,0.34189791098918165,0.36881249489344403
0,0.35574931350820826,0.36944400798163635
0,0.38430395599829814,0.37065529903880423
0,0.3368582974191673,0.3703221378212805
0,0.38696394716067734,0.3714236819801511
0,0.3714211629506701,0.3644776992829606
0,0.36829342736099,0.36653647348134993
0,0.36753952384827154,0.36639529703140145
0,0.3930998336534553,0.3700589429504137
0,0.3351564610413585,0.36816223501315626
0,0.3875291799776195,0.370818197948549
0,0.367329883424746,0.3754758331705712
0,0.36865164425749253,0.3754758331705712
0,0.37049177003907574,0.3771234298700427
0,0.5352092647116241,0.3709810381970875
0,0.39945785560544245,0.3700215283028742
0,0.34191793066705867,0.3717566263594404
0,0.39205328167368897,0.3773763129775321
0,0.35658687945324896,0.3764449239336159
0,0.417857400514435,0.38312407768575074
0,0.3418029318207849,0.3865199139658924
0,0.36085888734983507,0.3949644894943721
0,0.3855828604742472,0.3733817406215422
0,0.3368582974191673,0.3766621319785367
0,0.38646456318540795,0.37764061908184604
0,0.4342533469007861,0.4013251692546139
0,0.3892659303488237,0.4003873154734127
0,0.3346160677490228,0.39710871337399084
0,0.37667464426361225,0.3927650676984747
0,0.37285082610344555,0.3927564096442075
0,0.383871763357942,0.39316480332082393
0,0.3862909678208363,0.420617523999703
0,0.536869265088973,0.39546004420479763
0,0.39535369977512935,0.3960690900666813
0,0.3416351547359408,0.3970406257915832
0,0.35441593331149096,0.39720131679031223
0,0.41708418618873494,0.4004593012610232
0,0.3418029318207849,0.4009161007028004
0,0.3793797825719794,0.4001830399012613
0,0.3900206597151051,0.3945913456233872
0,0.3368582974191673,0.36789492591969547
0,0.38659532361919663,0.37350547396401096
0,0.3674494061793451,0.36496341625243334
0,0.36829342736099,0.3671430939672542
0,0.36928634816071293,0.36639529703140145
0,0.3930998336534553,0.3696525842418438
0,0.33392246596982755,0.3684100283353019
0,0.38867164737794074,0.37051488698342017
0,0.38490319729023,0.37455159940231286
0,0.3596363888038299,0.3733724780454611
0,0.3846980316068779,0.3733724780454611
0,0.40342448411297044,0.3709998282929322
0,0.5352092647116241,0.37175670082208623
0,0.3978071279018533,0.3756077868589962
0,0.3414352536986763,0.3797281503504898
0,0.35670753076124045,0.37705709485456795
0,0.42665773263335194,0.38716874545906815
0,0.3418029318207849,0.38928115134955804
0,0.39770918416183726,0.39520324468773665
0,0.3776471281166317,0.3748736214938622
0,0.3368582974191673,0.3782411538041496
0,0.39643582092516466,0.379400746756021
0,0.39095554084994427,0.3702434811822416
0,0.3316808184586588,0.37694108003000354
0,0.3572321937004016,0.3736321589144072
0,0.37684553936297766,0.3723337974892285
0,0.41059434217413654,0.37146731325466226
0,0.382539976385868,0.39628529310496713
0,0.5367551884167784,0.39689855340502933
0,0.39913043976189577,0.37249109352599913
0,0.351144813901857,0.3718571499925436
0,0.3542635871149442,0.37350409701494813
0,0.41697581471299205,0.3736321589144072
0,0.4107560026880631,0.38184606288519557
0,0.3418029318207849,0.37970686697735506
0,0.3776471281166317,0.3810614107154716
0,0.3242308867489828,0.3778851638175147
0,0.38659532361919663,0.3790478248684284
0,0.36767192286919603,0.37270233343305187
0,0.3925333065927854,0.37250442465881645
0,0.359560507450102,0.38219133321284976
0,0.36928634816071293,0.38529466055963374
0,0.3937808311063291,0.3990911943393275
0,0.32950682696917294,0.4004321957924723
0,0.370013037801033,0.40463331773210875
0,0.3948806085043726,0.41316980823985194
0,0.3620046203017064,0.41044510193628825
0,0.36357176959226933,0.40333147442209427
0,0.3950997706552519,0.4084787885731677
0,0.5333367539884343,0.4038288455369377
0,0.3976276386824325,0.4108479262723799
0,0.3454821525516357,0.40407975139282404
0,0.3563345828926,0.41360259853782594
0,0.41667204851671363,0.4123194493647284
0,0.40238128972988085,0.39981467951844735
0,0.34084651038305386,0.4063645078335979
0,0.37352028645944096,0.37965296013443883
0,0.3242828181125501,0.38146544052448333
0,0.37595897138498735,0.3831319511573021
0,0.3795648979106252,0.37407350714372434
0,0.3289755429279233,0.3717670356652063
0,0.3675086867808556,0.37015316775723445
0,0.3569974616615932,0.37015316775723445
0,0.39858784691209476,0.37015316775723445
0,0.38871001634357377,0.37074035742479694
0,0.536029357184958,0.37119215838378783
0,0.394411307882602,0.37074035742479694
0,0.3410122244075446,0.37051002088845414
0,0.3541651727642976,0.37400042720555643
0,0.4271017389503663,0.37054879724368966
0,0.340685597172137,0.37516203350025823
0,0.3974548683777232,0.3772477149255723
0,0.3769269172542507,0.37850058407952814
0,0.32802086714423284,0.3763252528712714
0,0.37065599375675995,0.3775782931671091
0,0.4342533469007861,0.40672004933723643
0,0.365115610435887,0.40757530953131366
0,0.359560507450102,0.4134830626259725
0,0.36928634816071293,0.4194232827195386
0,0.3937808311063291,0.43211436186957874
0,0.373858962953126,0.4352909713799696
0,0.35245452206051286,0.5164858608126858
0,0.365115610435887,0.517632785189706
0,0.5639827873423139,0.5413767798570033
0,0.4493979461799543,0.5443441716635641
0,0.35544262840952057,0.5486751250508604
0,0.3674988558561377,0.5490794614576924
0,0.39439441761624516,0.5552909137528056
0,0.34714500826820355,0.5553677786997583
0,0.39780431611726486,0.5572828951892315
0,0.40583057665824473,0.5408732749511698
0,0.6464045580682958,0.5394921230789138
0,0.40771269524943055,0.5375912992587795
0,0.3450124804115244,0.5394691240451067
0,0.36914445992349987,0.5320178338226836
0,0.3929912756619391,0.532017486313515
0,0.34295633689557686,0.532486638217271
0,0.3936999975151722,0.5316441916263572
0,0.389471301979526,0.5334043732016618
0,0.3350029519332427,0.530191485554704
0,0.38139073137681173,0.5306177040963757
0,0.37467808525603397,0.5323838165309932
0,0.42172409054976767,0.5274525872323869
0,0.40462554158219566,0.5267840849808978
0,0.6457683519654541,0.5286486491313568
0,0.4018524942026686,0.5271169220890581
0,0.34534547305373686,0.5309304057415938
0,0.35943915644124014,0.5292763417058638
0,0.44856244002337003,0.5270131182077198
0,0.3868293146249159,0.530062566210438
0,0.35766916424010026,0.5335350570443737
0,0.39885693953185747,0.5339392202744164
0,0.33036875390677073,0.5332661167245576
0,0.3861177421262188,0.5339924811739893
0,0.36544251134237654,0.5357256721758881
0,0.3547869593434943,0.5380445482907963
0,0.3674988558561377,0.5381886362419092
0,0.39439441761624516,0.544608606759059
0,0.335543970030058,0.5439303758945577
0,0.38668319458379075,0.5394398589925413
0,0.3702852743811839,0.5388780290663605
0,0.3497323458455405,0.5364649122255707
0,0.41177197868038884,0.5394398589925413
0,0.6565931817890925,0.536417799172681
0,0.40103340695684886,0.539109237194152
0,0.34369748534715233,0.5391004189024069
0,0.41086477159568213,0.5429755301609033
0,0.3611546617086096,0.5409658647161376
0,0.4284843834590632,0.5323854437565657
0,0.3598821941858168,0.5106139009905328
0,0.3405909547842659,0.506799267937359
0,0.3968869328375617,0.5031539640642985
0,0.33036875390677073,0.49427934586679184
0,0.391840600277549,0.49301855869463723
0,0.4342533469007861,0.5162779791883494
0,0.3908560163256547,0.5184376039846976
0,0.33470339324555104,0.5191953166344675
0,0.3737084679162529,0.522336696449335
0,0.3540174372860199,0.5212310080313817
0,0.42162020763099556,0.5210165028262397
0,0.39967888023019593,0.5199722621451288
0,0.6600513162718812,0.5184110258311196
0,0.39526294607890966,0.5158117680896818
0,0.3465014116866776,0.5235146893936643
0,0.3589273708921563,0.5234782662778694
0,0.42800052612446565,0.5218290580215695
0,0.3506999681034626,0.519897042339296
0,0.34161654516848916,0.5184260302676814
0,0.396881568163267,0.5200922660397507
0,0.33036875390677073,0.5214574209156255
0,0.3911783755310954,0.5191108458777041
0,0.3652156003654936,0.5254314189431882
0,0.35460803767454285,0.532852262483194
0,0.3643863397695849,0.5374544662895554
0,0.39380966527068895,0.546426063414178
0,0.33524392756552146,0.5461606709451202
0,0.38434641977963313,0.5480805060570731
0,0.38036478655696077,0.5458070114707773
0,0.35734404138312237,0.5470858507726147
0,0.4030966442039888,0.5469621294107951
0,0.6566261329512777,0.5421321262257176
0,0.3918238958654002,0.5443125949404067
0,0.34426205302260315,0.5481459252502483
0,0.40922947202834753,0.5449505069194814
0,0.36340814731442006,0.5491953799506483
0,0.464317616767278,0.5400606453751285
0,0.3675322036018489,0.531572011229451
0,0.34086934688831866,0.5280859412004428
0,0.38166002088861456,0.5213429438563691
0,0.33036875390677073,0.5238696132656829
0,0.38144374802114284,0.5195706491471763
0,0.38128190688162067,0.5243968291425133
0,0.33470339324555104,0.5252794968826735
0,0.40961353255644206,0.524758293842838
0,0.3669857149376472,0.5238114659593858
0,0.3861974936851704,0.5218676169244656
0,0.38467760497839126,0.5222678462492615
0,0.6580033411454813,0.5155997332209582
0,0.39083343497361855,0.5149283500207992
0,0.3465014116866776,0.5223208163441815
0,0.35882766094334867,0.5244156841214404
0,0.4586915761623817,0.5234202095576157
0,0.3409640666349485,0.523280596071724
0,0.38913461488599205,0.5208815721632319
0,0.37844631302822485,0.5218676169244656
0,0.33036875390677073,0.5027776868351536
0,0.38180460038429404,0.503909049974608
0,0.3285222153163207,0.5080834615791242
0,0.3712453335287897,0.5206904798613909
0,0.3528396610670161,0.5321564941946811
0,0.35874891861094754,0.5340440854724454
0,0.39768517317223395,0.5397136712740267
0,0.33524392756552146,0.537493454338477
0,0.3673699783316385,0.5434023475717651
0,0.38255884271363355,0.5424618357965408
0,0.39059002322921915,0.5418968584629589
0,0.36186774358983836,0.5378758185694132
0,0.38572022359074437,0.5346413341833063
0,0.6570705475324098,0.538221355733622
0,0.39088271980851397,0.5427753505904234
0,0.34218644001498655,0.5380816042267611
0,0.3615553883756906,0.5392345408409532
0,0.4590729611310533,0.5350725688296335
0,0.39051108208419566,0.5304934658351924
0,0.33861331105774983,0.519596512521416
0,0.3899305587624889,0.5154169400055365
0,0.33036875390677073,0.5150113975941856
0,0.3896276405112111,0.5148732823310191
0,0.3706496211484818,0.5165234007254755
0,0.33470339324555104,0.5163486939460231
0,0.38763016416816093,0.5192261152701905
0,0.36479887397510924,0.517669778448953
0,0.38712947059153496,0.5168277543677594
0,0.37980350478218616,0.5174234661584648
0,0.6616494075590592,0.5101123440011273
0,0.39091705500721363,0.5101123440011273
0,0.33964586743618297,0.5181481595627091
0,0.35698912426960316,0.5201538394827098
0,0.45904520881851646,0.5163774884589969
0,0.3906731445799236,0.5190262947202218
0,0.33861331105774983,0.5173993423998476
0,0.3893774192170114,0.5157178408137093
0,0.33036875390677073,0.5179957130207479
0,0.3875868695851654,0.5083765380074886
0,0.4342533469007861,0.5314138389760908
0,0.3285222153163207,0.5374543613510059
0,0.3366339245888593,0.5414712235977949
0,0.359444296310236,0.5407498966394805
0,0.39768517317223395,0.5476574709391474
0,0.33342231079775503,0.5486394585093983
0,0.3683763085082362,0.5472249984630941
0,0.3792512439845327,0.5472249984630941
0,0.3790499464861841,0.547998098240608
0,0.3691396619867812,0.547998098240608
0,0.4015800247979316,0.5468123965050574
0,0.6587085079524085,0.5479042525710615
0,0.394211283672564,0.5458300395418899
0,0.3391990752008869,0.5496013607851227
0,0.3599463279504219,0.5471989935298441
0,0.45999300538406207,0.5309588290787538
0,0.33837480137327364,0.5266589519354098
0,0.38765068800369334,0.5188807128727565
0,0.38848826330675074,0.5121791616672267
0,0.33036875390677073,0.5119772756083125
0,0.38595358897831195,0.5104380190487668
0,0.3737364681536368,0.5129113653274054
0,0.33543769716241395,0.5141851845002132
0,0.3861475053584652,0.5136719326632125
0,0.3791150980926633,0.5133608305482221
0,0.40430616601127506,0.5131322634915366
0,0.3783942063045439,0.5109559435616878
0,0.6591494560605958,0.5050857044035769
0,0.39659688238796126,0.505616459772264
0,0.33929574803164575,0.5133265988991144
0,0.35698912426960316,0.5136361943493448
0,0.45667941964920933,0.5136903649119721
0,0.3382808009239937,0.5138619086622339
0,0.38951001881680114,0.5086700434323715
0,0.38868534885097195,0.5071784096401845
0,0.33036875390677073,0.5088421521374654
0,0.38605840424880505,0.5079607761405724
0,0.33278733907049257,0.5127175560195777
0,0.5402761910649401,0.5338364739217472
0,0.4485905959829445,0.5391862446967742
0,0.3366885066264543,0.5390040374603478
0,0.3544782925626642,0.5432804952736283
0,0.3620825120867465,0.5494273435482961
0,0.33324026513479615,0.5457217662154809
0,0.37056183419735933,0.5468905628835072
0,0.3795349658615639,0.5487976402124959
0,0.38020665035199036,0.5447774675851866
0,0.3939539098020036,0.5449023342846123
0,0.39891191071172855,0.5469156473489221
0,0.6574729899094954,0.5463460313432547
0,0.3957794547319714,0.5480875124893579
0,0.34038066947672757,0.5307962850761173
0,0.3597028755583358,0.5288992953807019
0,0.44129973754201407,0.5231473801293044
0,0.3382808009239937,0.5249997922301789
0,0.3706778676183146,0.5278148053169689
0,0.33543769716241395,0.5247569942365279
0,0.38788561079185985,0.47335117415465944
0,0.40547920785128067,0.4512349043709064
0,0.37776979281272993,0.4309492236786992
0,0.38212699586653104,0.42550838736917346
0,0.6554743420446311,0.4230344348069527
0,0.39876203705322455,0.4258322089519721
0,0.33971746296710714,0.43118177208469444
0,0.35759312858357306,0.43082995510560945
0,0.4220588744156806,0.42679303530394774
0,0.3382808009239937,0.4254151277147984
0,0.3982398695671006,0.41933433389205893
0,0.3957387981547936,0.4247410809650711
0,0.340336531275763,0.41974227550635707
0,0.395005560568459,0.3999665652969292
0,0.33278733907049257,0.39371429869421254
0,0.3366885066264543,0.396702633245301
0,0.3348977045040462,0.3897536696948062
0,0.3522925874413585,0.39225819105894605
0,0.33342231079775503,0.39225819105894605
0,0.3680600420747903,0.3993642187223854
0,0.3835822884384692,0.4146251608902406
0,0.3716660593497908,0.40820191461761923
0,0.3810503833538327,0.39162726043578555
0,0.3742296733824419,0.3933733278488247
0,0.6522524943377903,0.3938122228596682
0,0.3776756911822559,0.3983271488704922
0,0.39048333172673344,0.4031667935511384
0,0.3313075040604111,0.404455002681475
0,0.3885772558898628,0.4029128530354585
0,0.4342533469007861,0.44420970996168263
0,0.3681694027434333,0.46100431055898144
0,0.33543769716241395,0.4598881717452521
0,0.36847471047706093,0.4610763228008221
0,0.3655373992103178,0.4495414389165492
0,0.37942604821569964,0.4474769812535755
0,0.38151168850337586,0.4460764721644497
0,0.6531121543521539,0.44658767083327966
0,0.4098323561742429,0.44452053387122803
0,0.35138220814506654,0.4422088032173231
0,0.3687329156412071,0.4403820577786446
0,0.4316212514783389,0.43787976876471335
0,0.34695546753645307,0.4372533049991821
0,0.36776048742282386,0.4309374870577642
0,0.39048333172673344,0.43720704198138455
0,0.3313075040604111,0.4408731136964186
0,0.39101180568381927,0.424355600670901
0,0.3366885066264543,0.4411115826431621
0,0.33468151091763043,0.44105879912612656
0,0.33792716990045146,0.4519777916750051
0,0.33342231079775503,0.449502439935474
0,0.3617978914115883,0.4592588623614289
0,0.3801305850429857,0.4570942039853089
0,0.3894269280805489,0.4690127242361904
0,0.3313075040604111,0.44485784212403595
0,0.3871971516120377,0.4352613430985381
0,0.36507012152023144,0.43682161938796366
0,0.33543769716241395,0.4479653159647986
0,0.38158892126494437,0.4440981732623753
0,0.3687818425504779,0.4424558530695279
0,0.3865461845969465,0.43528831909971255
0,0.3801189397474242,0.4423109662478292
0,0.6570390645738513,0.445574766717901
0,0.3475203757682974,0.4567542171986628
0,0.3818169032387618,0.45898407376576067
0,0.383505734200622,0.4628233205549998
0,0.3313075040604111,0.46924473604304645
0,0.3811214899526092,0.4640422896424888
0,0.338143945981885,0.46486860811603986
0,0.37177411513542863,0.46909161917529135
0,0.3366885066264543,0.4770906416557167
0,0.33527669679527616,0.4754491289083707
0,0.33773700337645346,0.47512755533264595
0,0.33342231079775503,0.47339949209722565
0,0.4004995084917051,0.47483697297144767
0,0.3313075040604111,0.4757449480232958
0,0.3992950457839783,0.4699394050453766
0,0.370748463986526,0.4777563217089637
0,0.33543769716241395,0.48193901233747266
0,0.3833922515684213,0.476863799856443
0,0.3604017857884424,0.475698713095368
0,0.3807030220395636,0.47615140804386225
0,0.45368426156428004,0.4758365917322498
0,0.3483676178537035,0.47368423372953666
0,0.3711953105642831,0.4748001546033079
0,0.39993363139417243,0.480579805017787
0,0.3313075040604111,0.4827470589711496
0,0.398348228693014,0.4805487358709398
0,0.4342533469007861,0.5048438272021034
0,0.3296240328273369,0.5017488014829895
0,0.3366885066264543,0.5093318685906122
0,0.33436977831739334,0.5164398960441011
0,0.33762276858267853,0.5231247268268902
0,0.33342231079775503,0.5254989656473976
0,0.361628222228106,0.5248611930661777
0,0.3951051892809342,0.5238858618391351
0,0.37132960743570465,0.5241307196808197
0,0.3541541146343667,0.5245363275953379
0,0.3679797375362374,0.5234401564741001
0,0.663216111481204,0.5172874876162254
0,0.42854643654083024,0.5174625120368778
0,0.37350803793286885,0.5191384663871456
0,0.39745212104188643,0.5241518032951191
0,0.4334098641016194,0.5307356696548717
0,0.3676880892452685,0.5258751921506757
0,0.365014697341549,0.5247827958407465
0,0.33543769716241395,0.5280321464156796
0,0.3754100933419503,0.5163169317518763
0,0.3561862966857892,0.5119860586258592
0,0.3669568526146274,0.5123200987785747
0,0.38775897082904903,0.5119236482015221
0,0.6557175299964616,0.5091889275324635
0,0.40932269355550305,0.5039610830597478
0,0.3578737835565637,0.5002566121272731
0,0.38988017444978684,0.4979802124627045
0,0.4308177318738131,0.4914209356436477
0,0.3483676178537035,0.49336468089536306
0,0.38192729531685665,0.49016849795943224
0,0.34184063586022445,0.49078062752818036
0,0.3846186790724762,0.4891238139195391
0,0.5897095272859811,0.49573321137059967
0,0.36970590083699284,0.5050995774697864
0,0.36679303923440465,0.5051982400813034
0,0.3582111271017413,0.5115808642699314
0,0.6494688099078272,0.5181077553476376
0,0.3940546213324904,0.5140035389485198
0,0.35742153644639174,0.5120588493324234
0,0.40272061289522565,0.5108850163056414
0,0.4392123750936561,0.5051864881768062
0,0.3871623473857025,0.5011435560761577
0,0.339991507798763,0.5017073302816072
0,0.3728655671595154,0.5015994990637915
0,0.37573433353433733,0.506139793715476
0,0.34295274652046526,0.5034772497329864
0,0.38074966696075274,0.5040176117940431
0,0.3690189995828518,0.5032837424234238
0,0.3695004917864783,0.5033495524910138
0,0.39797260824821956,0.5045366551640212
0,0.6482510019323781,0.505524688158989
0,0.3916163407527386,0.5103619313201597
0,0.3728655671595154,0.5221395474947894
0,0.38217594974813285,0.5254569713683434
0,0.381564328056414,0.5300341514070969
0,0.4326586384440248,0.5427590554978154
0,0.37086148141482533,0.5310251876819347
0,0.343668780198888,0.533293784774498
0,0.39102708973347583,0.5336842806649488
0,0.38066688471082355,0.5355986990343438
0,0.3792165557984964,0.5418412891058574
0,0.4008583938731845,0.53969394818899
0,0.6517165136427,0.5403290406371928
0,0.398744096506123,0.5336058250376486
0,0.3697331602822246,0.5250722313034263
0,0.4086436690282334,0.5245093966116927
0,0.45065465580588765,0.5174089724975938
0,0.35111296309363743,0.5139646046009895
0,0.4530305775676462,0.5143695601467176
0,0.3899582366932966,0.5231101275758385
0,0.35362594178387086,0.5238670805749672
0,0.375286463012462,0.5246980854985146
0,0.34188094835290245,0.5249318084173207
0,0.3489398759678114,0.5280319496436059
0,0.3467282712295372,0.5306576132301489
0,0.3493270494653006,0.5316186618880641
0,0.3370946928985445,0.5348720047143277
0,0.3637184182036716,0.5355567852292596
0,0.39558357665896154,0.5301954141112563
0,0.39808561835917794,0.5305542584536544
0,0.37084393871637716,0.5301365609343665
0,0.3594876809750722,0.5301365609343665
0,0.6418900317760685,0.5300439916104656
0,0.38869469014923824,0.524833447773049
0,0.3494693151580691,0.5298829055838736
0,0.3823089850533634,0.529534346057872
0,0.4506469944266629,0.5240305070112321
0,0.3405909547842659,0.5238044418633652
0,0.4626981453914466,0.5252469669402381
0,0.3804107345895864,0.5308156685553788
0,0.3386771562513175,0.530758545935341
0,0.375286463012462,0.5300341514070969
0,0.3712729282283385,0.5319922142407485
0,0.33540220351687183,0.5348769473706687
0,0.4134430546531423,0.5342332385556751
0,0.3811493783202196,0.5554264435805312
0,0.3573032704853981,0.5573150729060297
0,0.39558357665896154,0.5564937615776441
0,0.633939712555072,0.5576581188969995
0,0.38281305790378906,0.553052659948927
0,0.3531291806398476,0.5540048663753204
0,0.3668176808445294,0.5515004759606577
0,0.44147218964914986,0.5429533949430784
0,0.3405909547842659,0.5431776509337846
0,0.4704735744219289,0.5400077741891898
0,0.38714512617010666,0.5414343869832189
0,0.3386771562513175,0.543444793193047
0,0.3763223477760476,0.544519776779828
0,0.3301200117493533,0.5459350956990502
0,0.37177411513542863,0.5569497293656367
0,0.337515298479923,0.5576004837848805
0,0.3366208519877929,0.5592149911238569
0,0.3386371341959595,0.5577129811835558
0,0.3363438785493102,0.5575243426075212
0,0.37265043486846056,0.5596840710850343
0,0.3932012349852963,0.5594721239510678
0,0.631830468125169,0.5594721239510678
0,0.4134255988453061,0.5580027668856553
0,0.3833446019487569,0.5596102982616553
0,0.36537800674769594,0.5605969907029982
0,0.38472255195515276,0.561015770453911
0,0.35479961948430633,0.5605969907029982
0,0.36445454448061776,0.5604073766512845
0,0.43954009618154477,0.5631373494860139
0,0.3405909547842659,0.5644292523019351
0,0.4747784021920664,0.5572963706836487
0,0.38689344741184145,0.5597996426215889
0,0.3386771562513175,0.560330906081924
0,0.3763223477760476,0.5572415618915566
0,0.36057028101590816,0.5511315377355159
0,0.33540220351687183,0.5491845947478111
0,0.41280957810867236,0.5491845947478111
0,0.3998638069377683,0.5491845947478111
0,0.3676726923489717,0.5483798770389184
0,0.39427570709296184,0.5461482406081072
0,0.6198573352271093,0.5461482406081072
0,0.39132446296500595,0.5466285953686988
0,0.35847198255224727,0.5452863565272575
0,0.3640081896525972,0.5473995472077101
0,0.44147218964914986,0.5501286568935634
0,0.3405909547842659,0.5498559318913663
0,0.4747784021920664,0.5457639888548582
0,0.38218964469095923,0.5183938079703108
0,0.3386771562513175,0.5177663487079078
0,0.37636625941543994,0.5174971490730284
0,0.4326586384440248,0.5451487356751616
0,0.3301200117493533,0.5466807070089713
0,0.337515298479923,0.5480704725560566
0,0.3366208519877929,0.5494523668673379
0,0.3386371341959595,0.5511543937535456
0,0.3369806753572596,0.5537902454492565
0,0.3533687489519802,0.5553715875121007
0,0.392253773781788,0.5543424557396146
0,0.6157424197061572,0.5542871504103821
0,0.38405900426125505,0.5559227193137715
0,0.3871719194801263,0.560588402274957
0,0.36700430069925893,0.5625966491473724
0,0.37816699042223817,0.5554869267493099
0,0.34923096730998904,0.5547866296105024
0,0.38009013537834946,0.5550021932958318
0,0.4419914692718925,0.5516815420943431
0,0.3405909547842659,0.5487418439419205
0,0.4783249665369085,0.5464457863019737
0,0.38689344741184145,0.5471339258485793
0,0.3386771562513175,0.5467020211526005
0,0.37636625941543994,0.5457990243149303
0,0.3520299440568862,0.5478384929882056
0,0.33540220351687183,0.5481062853621165
0,0.3504008702140807,0.5490094611518687
0,0.3735477544635843,0.5497914402872518
0,0.3594315255139849,0.5480144668753187
0,0.3902094388551429,0.5456309417182449
0,0.6103098612935711,0.5451907433759701
0,0.3773538438998936,0.5451907433759701
0,0.35216846139717983,0.5448596293552813
0,0.38659606425236104,0.5451745693872043
0,0.449517779061826,0.5423322656872548
0,0.3405909547842659,0.5411067845708841
0,0.47772851874489203,0.5411067845708841
0,0.38762468689474794,0.5445833545821439
0,0.3386771562513175,0.5471979067024413
0,0.3828322693350696,0.5323197142554443
0,0.5974949394267748,0.5428095013828471
0,0.4882871220397815,0.5051051449559525
0,0.3301200117493533,0.5051051449559525
0,0.3366885066264543,0.49807571449213756
0,0.334964286902362,0.49024052262483164
0,0.33839686168767485,0.48890758093626885
0,0.3369806753572596,0.4885133581342466
0,0.3484901458057731,0.48889807456584283
0,0.38903394758686577,0.48762508124781595
0,0.6034105281702141,0.48350780033381774
0,0.3524543226946065,0.48699012496985045
0,0.37333286676641136,0.4871548982661833
0,0.35743289430365943,0.48773790399301614
0,0.37501318779293896,0.488434868963299
0,0.35479961948430633,0.4897813825527628
0,0.4043012088263336,0.49054819017587625
0,0.4413495487668998,0.4907650689379692
0,0.3405909547842659,0.4902683052228774
0,0.42467211839329055,0.4643386369042936
0,0.38762468689474794,0.46850996117341015
0,0.3386771562513175,0.4739574329994826
0,0.39201117227790816,0.4855288090964333
0,0.35287947320082746,0.49536314669839115
0,0.32868137393223706,0.49536314669839115
0,0.3614313318961061,0.5008875217397399
0,0.3705226499485035,0.502220508542036
0,0.3578806299939048,0.4976310191052471
0,0.3596775739197688,0.4982062524858658
0,0.5720370640985026,0.4975424091991453
0,0.37707668981292974,0.4975424091991453
0,0.3946523192830314,0.49588242812678224
0,0.40076629299986016,0.49588242812678224
0,0.44147218964914986,0.49588242812678224
0,0.3405909547842659,0.4952726934064945
0,0.4194191542172658,0.49314954376384257
0,0.3891684376393275,0.4872287762019873
0,0.3386771562513175,0.4865268775016084
0,0.3917185488799085,0.4799778093780785
0,0.3285222153163207,0.46980697696211454
0,0.3366885066264543,0.4557117116771428
0,0.334964286902362,0.45306800541713793
0,0.33839686168767485,0.4504982506965372
0,0.3287764380666257,0.44739997174947493
0,0.34574159750436556,0.44725139276343756
0,0.3932012349852963,0.4463690217261192
0,0.35616274957261307,0.4576973526601648
0,0.3721678743245753,0.4552036187510484
0,0.3519179836854687,0.4538806091532109
0,0.5397386631936633,0.45755753035395086
0,0.37406516842978615,0.4571098940333598
0,0.3555090710824237,0.4606002222057808
0,0.40660561995227684,0.4524340008693162
0,0.4419914692718925,0.44943077944791915
0,0.3405909547842659,0.44785944896034263
0,0.38643212085104894,0.4438872833930972
0,0.3824655913613291,0.4441806432967164
0,0.3386771562513175,0.44200108564917606
0,0.39609508534418064,0.44205735461108636
0,0.4326586384440248,0.46466352810459993
0,0.35294551735982005,0.4725813364167192
0,0.3282463316761441,0.47336875488778735
0,0.3522020108288142,0.47421550614510405
0,0.36349203733337326,0.4780449064149865
0,0.35361223328889485,0.4787258075087644
0,0.39341947530512433,0.47129419923576404
0,0.34666787062347526,0.47094244256917267
0,0.37716189945728995,0.4719654849903961
0,0.3551018917880489,0.4699494656743015
0,0.4021953298001957,0.4661756490842004
0,0.44147218964914986,0.45846815914237987
0,0.340685597172137,0.4404379683737152
0,0.36624499150876466,0.41016256752371283
0,0.3824655913613291,0.3899965393478493
0,0.3386771562513175,0.3661452396032341
0,0.39385052748875465,0.37005511161455934
0,0.3282642061396231,0.3633648404836634
0,0.3366885066264543,0.3619010634244926
0,0.334964286902362,0.3602389646171304
0,0.33839686168767485,0.36533481445264715
0,0.3287764380666257,0.36487845408406344
0,0.3564882398402365,0.36734543322781804
0,0.3935051258439539,0.36934766061291624
0,0.3458186433852835,0.37028705529147193
0,0.353564199132377,0.36818879475222277
0,0.3564962554350312,0.3623127563119012
0,0.35011331877922786,0.36215445306191546
0,0.37712470918338276,0.36976963292898263
0,0.35611047040459864,0.37208754574133895
0,0.4066689396374227,0.37275179702921557
0,0.44534705536174496,0.3791030750823174
0,0.3405909547842659,0.3820646904386885
0,0.35506416214145603,0.383106754758834
0,0.3824655913613291,0.3708847529964001
0,0.3368582974191673,0.37268690168803686
0,0.391809981984177,0.3750655699802889
0,0.359345741819941,0.3653088974501463
0,0.3282463316761441,0.3629478187362811
0,0.35271142954480195,0.3631248192177742
0,0.3719179736353185,0.3627997625085881
0,0.3575063243022235,0.3627997625085881
0,0.3596229525163872,0.3882743380403058
0,0.3458186433852835,0.3881158190664867
0,0.3751540122464581,0.3627997625085881
0,0.39710759479142915,0.36323868610091403
0,0.40579211844204827,0.36519438160387874
0,0.43514203567770754,0.3657298265787162
0,0.34073122384224475,0.36920580689848315
0,0.35337765580649955,0.37087217158986935
0,0.3826843973011829,0.36835744337255877
0,0.3368582974191673,0.3682596353292734
0,0.3894987916081402,0.3699008093658929
0,0.32992764965035076,0.3638016821945626
0,0.37177411513542863,0.3615882199040942
0,0.3366885066264543,0.3670398286244101
0,0.33332193617211403,0.3717077959715763
0,0.33673768082978134,0.38484103993486174
0,0.3287764380666257,0.3837066448591891
0,0.3584559136829132,0.38665225547598847
0,0.39311571307838616,0.389382244677739
0,0.3458186433852835,0.3893015558008586
0,0.3469437716304606,0.3863788587106094
0,0.37671787690034364,0.3797650626845628
0,0.3578143485433868,0.3897606661240676
0,0.36813433076630003,0.3966093194310178
0,0.3581689020904881,0.3917569073528595
0,0.40874381067872334,0.39782444641869463
0,0.4328255209376772,0.39157028906071834
0,0.34866873646221574,0.37686311575698933
0,0.33652226699475724,0.38166678871835685
0,0.3855221572125456,0.3708847529964001
0,0.3368582974191673,0.3726289243135043
0,0.39073489540047524,0.3749799020266288
0,0.37306983159993756,0.36517829658017925
0,0.3282463316761441,0.3627944306955407
0,0.3439865832559852,0.3877224736913986
0,0.379490791181989,0.3870210466969508
0,0.3580986029282753,0.38611139661504673
0,0.3941195755312969,0.36339471675011586
0,0.3458186433852835,0.36339471675011586
0,0.36858189920158535,0.36350866826638784
0,0.35635712808859693,0.36339471675011586
0,0.40517005197160566,0.36519438160387874
0,0.42737746080211175,0.3657298265787162
0,0.33791093144107565,0.36920580689848315
0,0.3583875259654189,0.37091636359019137
0,0.38272064327058763,0.3689356264223117
0,0.3368582974191673,0.3685895839057512
0,0.39051045408301943,0.3695965629157604
0,0.4326586384440248,0.39615382637311375
0,0.32992764965035076,0.3932674082423088
0,0.3366885066264543,0.4009014668813773
0,0.33332193617211403,0.4068990930121284
0,0.33673768082978134,0.4174262563333936
0,0.3287764380666257,0.41912306968624713
0,0.37200380724903925,0.4218064590348932
0,0.3940309831600117,0.4228074713059067
0,0.3458186433852835,0.4228074713059067
0,0.3453734543663342,0.41652857554443673
0,0.40704920315702775,0.40931418044744855
0,0.35495646567198785,0.4221005026375665
0,0.3686869801859964,0.4275459603966111
0,0.3603309204864027,0.4215422122206493
0,0.40874381067872334,0.42746480264337605
0,0.4276925716611845,0.38034191658518124
0,0.38292505971950125,0.37775064234858663
0,0.3378170598547662,0.38207962501553366
0,0.38426935703969256,0.37114912287217183
0,0.3368582974191673,0.3726631021051416
0,0.3836623984448291,0.3753329199787477
0,0.3679338796213853,0.36565121909450643
0,0.3282463316761441,0.3632825888867677
0,0.34663862627817177,0.3878966311390317
0,0.3974488702736919,0.3873473011461916
0,0.34990037988123524,0.38567711202720667
0,0.34556512752017354,0.3637010544652923
0,0.3673967462607623,0.3637010544652923
0,0.3596229525163872,0.3637010544652923
0,0.4007829701290291,0.3637010544652923
0,0.4057186881124762,0.3655022364165637
0,0.4278114175838027,0.36603813276557534
0,0.33791093144107565,0.36904223697672794
0,0.39942284381548054,0.3706897816560793
0,0.3798217753083659,0.36811025595444236
0,0.3368582974191673,0.3679187453895156
0,0.3868494285927346,0.36944536724962185
0,0.5967575842960501,0.36881100388531446
0,0.4710111001741381,0.3733099723584051
0,0.32992764965035076,0.37489659717953816
0,0.33925213177079383,0.38363894348670996
0,0.3346656284418559,0.39934154606174754
0,0.33893760117005706,0.41836742188690595
0,0.3287764380666257,0.4171178228254396
0,0.37633256110492325,0.42368098081661165
0,0.40162993343418185,0.4241205610388633
0,0.3458186433852835,0.4214076574473792
0,0.3458149840384405,0.41529815768600803
0,0.3846638932213365,0.4261553182532413
0,0.34728020265084325,0.434768620406559
0,0.3689645148913093,0.4278417807965334
0,0.3561668200038321,0.43104079862841793
0,0.3999541042288668,0.3970460976086158
0,0.42172254957513117,0.3805423662080159
0,0.39758288849224677,0.37808382357922893
0,0.3378170598547662,0.382416624468068
0,0.38205733187242646,0.37036942583469207
0,0.3368582974191673,0.3720124622705027
0,0.3846939357280178,0.374677618856608
0,0.38681832186786985,0.36608815348429746
0,0.3282463316761441,0.3636983480987249
0,0.35244118976024513,0.38689259876240306
0,0.3891346692069564,0.3863233415306511
0,0.34293792797645795,0.38541533132742306
0,0.40333739675607816,0.3636802973678316
0,0.3458186433852835,0.3636802973678316
0,0.3682228593666855,0.36379433843505987
0,0.35635712808859693,0.3636802973678316
0,0.39062892032507435,0.36577655476691245
0,0.4257877551769606,0.36657258999754294
0,0.33791093144107565,0.3709743942522681
0,0.3957203485988678,0.3719031916911175
0,0.3820665694726803,0.3689680470656469
0,0.3368582974191673,0.36846020890698417
0,0.38470398296367303,0.37035716509968286
0,0.3302373911506129,0.36520396218858037
0,0.33925213177079383,0.36435397568278666
0,0.3346656284418559,0.36257138256142524
0,0.33893760117005706,0.3678680923688744
0,0.32808548152566636,0.3677156900451184
0,0.3914012238606912,0.3730176946763927
0,0.4021354355339053,0.39191352703756843
0,0.3458186433852835,0.3730176946763927
0,0.34768070005721613,0.368873193942407
0,0.4065538012900556,0.3636350186858421
0,0.34308040269693846,0.3635810943237794
0,0.36979866849921533,0.370556489487411
0,0.36069679857062487,0.3716802440549522
0,0.3899955382978201,0.3763168913570999
0,0.42566947142733724,0.37839291462734786
0,0.3378170598547662,0.38211487211795364
0,0.39669871043606353,0.3871056386476335
0,0.37172256389017266,0.37151215954764144
0,0.3368582974191673,0.3732065956020326
0,0.38788816403514326,0.37470533009423856
0,0.3762640860985144,0.40144447919352605
0,0.4000487883024584,0.3971498650841993
0,0.32755648920674063,0.39393648657556335
0,0.35073558193175614,0.3949790859427881
0,0.41168877051560787,0.39569977171758697
0,0.3739415147319174,0.3957262094864853
0,0.34556512752017354,0.3957262094864853
0,0.3686314988543606,0.39505225413160383
0,0.3596229525163872,0.3947577017667537
0,0.41081622274796015,0.39660122256377
0,0.3795666087702522,0.3999365930137972
0,0.4257877551769606,0.4048817297468924
0,0.3378170598547662,0.3985661758395496
0,0.3948698198346921,0.3998334890534856
0,0.37172256389017266,0.39540817351316193
0,0.3368582974191673,0.36822234521299674
0,0.3807792300879609,0.37152922471584743
0,0.33015024008849375,0.3652232667706542
0,0.3391373845061379,0.3652934191817292
0,0.3340103748959191,0.3639778263082779
0,0.3382739833792131,0.3684996275342998
0,0.32808548152566636,0.36847332025650564
0,0.3932675908990973,0.3694470381533714
0,0.4080093192090077,0.36979733127625797
0,0.3446366363556104,0.37395221522030425
0,0.35280795357982736,0.3694470381533714
0,0.41479604228414513,0.3649064470732777
0,0.3719406985895644,0.3648192475788114
0,0.3679307948651715,0.37115736521424814
0,0.3561668200038321,0.3725852388851811
0,0.3797365812539699,0.37333732437312217
0,0.42566947142733724,0.38009384252392275
0,0.38747211592940894,0.37646170544251867
0,0.3378170598547662,0.3820583500426998
0,0.3779595595432772,0.3713122539460866
0,0.3368582974191673,0.37398274670182524
0,0.38520583267460085,0.3753583602845566
0,0.3908202255517752,0.3663562608537017
0,0.32755648920674063,0.3643580517582979
0,0.36080794040284453,0.3878307386233283
0,0.41168877051560787,0.3868547014919652
0,0.3822570370476725,0.3823640830040229
0,0.3906422871129979,0.3616829439960429
0,0.34398537197761303,0.3616829439960429
0,0.36968356602643676,0.3616023068521831
0,0.35635712808859693,0.36135411021951824
0,0.376416440671501,0.3653745211677337
0,0.4560687798583122,0.36683611062557786
0,0.33791093144107565,0.3697267299549578
0,0.3802877035161207,0.3706781962780977
0,0.377024230410452,0.3700135398814604
0,0.3368582974191673,0.3676914618847592
0,0.38520583267460085,0.3697889410156893
0,0.331066015281101,0.3653879754103539
0,0.3882543213606291,0.3650406973848321
0,0.3391373845061379,0.36721957175906084
0,0.3340103748959191,0.37268663097694715
0,0.3382739833792131,0.3844655457170387
0,0.32808548152566636,0.38300002595487354
0,0.3859495256765507,0.38668128849990013
0,0.3894433660234144,0.38668128849990013
0,0.34398537197761303,0.38622757619764164
0,0.35033345458145887,0.3790659572894686
0,0.399853358632301,0.37699750263929604
0,0.39166202759825036,0.3865414575243329
0,0.3697153403750226,0.3892769441404373
0,0.3612851193637079,0.3877371653317028
0,0.3797365812539699,0.3962049068082568
0,0.46477003615558904,0.3904102998880095
0,0.3689404438495385,0.3757661995913798
0,0.3378170598547662,0.3812750411239179
0,0.38307989059241576,0.3680724642953182
0,0.3368582974191673,0.36984186789910406
0,0.3901945013221325,0.3700668396189273
0,0.3812787452908506,0.36183110824629466
0,0.32755648920674063,0.3595730555124651
0,0.3688699955699838,0.38260226780441176
0,0.40268563836511034,0.3816393889432713
0,0.3775265821348915,0.38018217977722635
0,0.34332852429985405,0.3597965928191494
0,0.3671262204013363,0.3598816133033509
0,0.3596229525163872,0.3598816133033509
0,0.38457994308436605,0.3596842120870412
0,0.376416440671501,0.363736788489434
0,0.4653022198234156,0.36259070500522206
0,0.3382133608673136,0.36927250454325516
0,0.3689404438495385,0.3702228019485232
0,0.3797768260453224,0.36983482338283424
0,0.3368582974191673,0.36787399387350245
0,0.3876903049657074,0.3702118546725484
0,0.3748726978465892,0.397315659740372
0,0.331066015281101,0.3956507240586732
0,0.3391373845061379,0.3983550950245849
0,0.3340103748959191,0.4082619067746544
0,0.3382739833792131,0.4174051168243608
0,0.32808548152566636,0.41633373445151584
0,0.3603258362689402,0.4162296309769769
0,0.33674404453168166,0.4186060340731392
0,0.3503263865959698,0.4186060340731392
0,0.36404889898573983,0.4106686390440201
0,0.40159272558754044,0.4117504611965918
0,0.35917624889777944,0.4202754953815534
0,0.35592390427010867,0.4231648174376308
0,0.37031526181575636,0.4197368588291224
0,0.4579797971706715,0.42527509782128425
0,0.33756977868684207,0.3777950545143217
0,0.3578119739350678,0.37425693682816275
0,0.3830912900037284,0.36607037631101097
0,0.3368582974191673,0.36634792895057167
0,0.389313450478813,0.3695433411263946
0,0.3627137187136105,0.38617808631002726
0,0.32755648920674063,0.3630365674089763
0,0.37241770071577524,0.3962104259114661
0,0.4015012640472034,0.4004922426316073
0,0.3618124223119874,0.3959380967038768
0,0.4038347845819942,0.3826201854669654
0,0.3371973915706062,0.36080222848916543
0,0.35306339301145645,0.3609640891364453
0,0.34566568301291206,0.3609640891364453
0,0.3476583769888633,0.36131858003042844
0,0.45747092714242965,0.35965420121703634
0,0.33614946684703917,0.3839954353844924
0,0.3486736731656478,0.36363766572709605
0,0.38182458534697217,0.36660271197785915
0,0.3368582974191673,0.36660271197785915
0,0.39528228819287364,0.36594917827587775
0,0.6032400967470459,0.3630523260987454
0,0.48038116186114965,0.3689040604924266
0,0.331066015281101,0.372225664412388
0,0.3391373845061379,0.38156212075477597
0,0.3340103748959191,0.397050986294981
0,0.3382739833792131,0.41011197439821556
0,0.32808548152566636,0.4109991527698346
0,0.3561400040882292,0.41517918253944364
0,0.34566568301291206,0.4158596803029006
0,0.33674404453168166,0.4169531458869038
0,0.3623102355053424,0.41366438035877295
0,0.3992442707888233,0.41481289152175616
0,0.35402495135732903,0.4221765967748648
0,0.3541550303408177,0.42173337816842993
0,0.3890719217548572,0.4186758599022597
0,0.35055519437391464,0.4231522745734224
0,0.4377211353438765,0.39367567809631693
0,0.3342300548053539,0.3740441190963498
0,0.34782487219245206,0.37355190693047347
0,0.3754723234122901,0.3660727185520312
0,0.3368582974191673,0.36599291279503626
0,0.3966581107157046,0.3675262521163553
0,0.3688151258751014,0.3833960875010384
0,0.32813277309936767,0.36032655528625185
0,0.3575559728541831,0.39369765189959105
0,0.40269647849417256,0.40029837261070117
0,0.3625253539364588,0.39551180053615737
0,0.33674404453168166,0.39095563658219323
0,0.3494465444429782,0.3926811028105244
0,0.3455994394207262,0.39349531279647154
0,0.37944943371970363,0.36081729635717286
0,0.3476583769888633,0.36081729635717286
0,0.439143948882095,0.3591552266581508
0,0.3343229296455125,0.384682994382331
0,0.34704612356703335,0.36369406575909163
0,0.3755696124697852,0.36609230929651354
0,0.3350279086410735,0.36609230929651354
0,0.3749687241938413,0.3636646973840617
0,0.331066015281101,0.3601180061736396
0,0.3391373845061379,0.35984901245515855
0,0.3340103748959191,0.35946749677369105
0,0.3382739833792131,0.3613781120549994
0,0.32429212080466085,0.3617971975595162
0,0.36150482895886166,0.3705516324411471
0,0.3745525835523706,0.36440183829575323
0,0.34752776473339353,0.3646318779401724
0,0.38575308129251407,0.3646318779401724
0,0.3674061844813877,0.36495717178871434
0,0.33427427713658114,0.35906422505933
0,0.3481222557207904,0.35795118482264554
0,0.336886664616067,0.36442089045029674
0,0.34055898678780966,0.3639522818608329
0,0.4317644290757947,0.3660031762209523
0,0.32409657334709346,0.3709640501650844
0,0.33778849023598023,0.3690753780211135
0,0.36912375475127035,0.36329555125785035
0,0.32802086714423284,0.3620060403037216
0,0.37229160181292464,0.36356653174276
0,0.37181002332393026,0.38892292101701464
0,0.3629528946646574,0.3881081790176982
0,0.327085876761652,0.3909569970343223
0,0.3669805350985796,0.4138754856118024
0,0.40802223137123544,0.41332958073527226
0,0.36776572015669473,0.4131318464673536
0,0.3711942997017071,0.38570573468583946
0,0.33345111630971735,0.38570573468583946
0,0.35501060500512926,0.38478555598820524
0,0.34871329186240396,0.38533843572605286
0,0.4239871364643504,0.38844078628706774
0,0.43072866668484106,0.3882686158187639
0,0.3241866323259699,0.3885576601859747
0,0.3397079711820919,0.388920096588428
0,0.3647383375276562,0.39014242583697306
0,0.32802086714423284,0.3850031149722603
0,0.3676029092669527,0.36025114712399686
0,0.331066015281101,0.3588282101579777
0,0.3391373845061379,0.360983398894554
0,0.3340103748959191,0.35957136904763065
0,0.3382739833792131,0.36264364199224364
0,0.32429212080466085,0.3636340697503877
0,0.3688185414163815,0.3651041502830414
0,0.3329746866490599,0.3651041502830414
0,0.3538082958623105,0.36508692300421075
0,0.3439729303303481,0.37244185207768454
0,0.39552855950081356,0.37244185207768454
0,0.3617323656619997,0.36616870942311
0,0.3374164249081182,0.36771745530813066
0,0.37676387477230117,0.365822151698722
0,0.41301308231957856,0.3680431699073097
0,0.4311373616783022,0.3680357802662316
0,0.32409657334709346,0.3746410919271846
0,0.3380840334052623,0.37363778168155154
0,0.36803637666702466,0.36328541358875094
0,0.32802086714423284,0.36315617529773336
0,0.377256690305415,0.36440391110513476
0,0.3915162779949634,0.38117738868271217
0,0.327085876761652,0.357716091148703
0,0.36397022570317095,0.39145589295530064
0,0.4135009620556354,0.3994482753256984
0,0.3685750858950427,0.3949062247362723
0,0.3329746866490599,0.3899096954174576
0,0.3648321413543507,0.39008233453884195
0,0.34753408329208696,0.3910665150110719
0,0.3804792953780402,0.3587897129259404
0,0.4341253383942716,0.3591482277298576
0,0.43072866668484106,0.35954012644124095
0,0.3241866323259699,0.3835541349004999
0,0.34285652552242785,0.36398404232013015
0,0.36259581557293735,0.3670934063411556
0,0.32802086714423284,0.3670934063411556
0,0.36544356043331583,0.3647424660818355
0,0.331066015281101,0.35971346292681855
0,0.4115330726086164,0.3593708298723752
0,0.3391373845061379,0.36467301910595395
0,0.3340103748959191,0.36963297077845353
0,0.3382739833792131,0.3782589586998294
0,0.32429212080466085,0.3853347603667214
0,0.3882960837792178,0.3863284472054368
0,0.3329746866490599,0.3862171583939043
0,0.36503050442791846,0.38762833349719833
0,0.35134437523073686,0.386006095458188
0,0.3896473459842386,0.38261342840636653
0,0.3643937470657936,0.38264697819177973
0,0.3359303019797463,0.389883590829891
0,0.3840698894445082,0.38278511360374917
0,0.3466770886135627,0.3831768755871174
0,0.43169681784631914,0.3913612236914871
0,0.32409657334709346,0.38896866711965633
0,0.34072257927267546,0.37476309801225816
0,0.3612265044594522,0.3637651224144877
0,0.32802086714423284,0.363021702364616
0,0.3629624691060867,0.36644300269536034
0,0.3692097952653058,0.3813269990582182
0,0.327085876761652,0.3597282308422942
0,0.3666860845288743,0.39145589295530064
0,0.37366005849204914,0.398475673608535
0,0.3686653568661845,0.39394468228879564
0,0.3329746866490599,0.391611286747077
0,0.3697984330645774,0.39365366073880964
0,0.34871329186240396,0.3946468516921477
0,0.3816419364939937,0.3619387356263115
0,0.35611924536947825,0.36212260344686215
0,0.43128759251854865,0.36045452097798786
0,0.3241866323259699,0.38475016042721566
0,0.34206669810272,0.36505296417072064
0,0.3606358975738648,0.3683884377888709
0,0.32802086714423284,0.3683884377888709
0,0.3642247112151147,0.3660292038868022
0,0.3695462345739701,0.3913287836751454
0,0.331066015281101,0.39242869580754214
0,0.3391373845061379,0.39746177257100496
0,0.3340103748959191,0.4065880707078115
0,0.3382739833792131,0.4107754023332328
0,0.32429212080466085,0.4107620510089223
0,0.3708791854780553,0.4096616523025732
0,0.3329746866490599,0.411864177010368
0,0.3644958658371201,0.4148607957247586
0,0.3546686866145065,0.4128934713708704
0,0.35905113677820866,0.40865059299663004
0,0.37240827570575047,0.41166310789729266
0,0.3374411202756276,0.41919869701890194
0,0.38659369578292385,0.4194112015639715
0,0.3466770886135627,0.4174851413429554
0,0.43169681784631914,0.42339392702259304
0,0.32409657334709346,0.3765632132142867
0,0.3442669072879266,0.37458118533339957
0,0.3531389234300876,0.36472535385965676
0,0.32802086714423284,0.36606958795679867
0,0.3565176633541059,0.3676910674935757
0,0.3736461939114148,0.38263539136873026
0,0.327085876761652,0.3605889325346458
0,0.37689301331734065,0.3836635259721222
0,0.36509428109443276,0.3937783251073869
0,0.382517564521081,0.38983337088830144
0,0.3329746866490599,0.38022269769482353
0,0.365550853667747,0.3583485865223629
0,0.34753408329208696,0.3587396126737986
0,0.3831871974076464,0.3600096188435756
0,0.35611924536947825,0.36372349334691567
0,0.4314335188415745,0.365178478280586
0,0.3241866323259699,0.36690545447895345
0,0.35033596167840836,0.368392010481844
0,0.35343911274315304,0.366605372900354
0,0.32802086714423284,0.3639634514712014
0,0.35514264843462473,0.36662032469333367
0,0.6008964661637642,0.36417269695481574
0,0.5196082448185564,0.369892757654091
0,0.331066015281101,0.3705125172067374
0,0.3391373845061379,0.38018315008840414
0,0.3340103748959191,0.3956863046137634
0,0.3382739833792131,0.4060964442946232
0,0.32429212080466085,0.4079713986900598
0,0.3662063363027801,0.413284521275545
0,0.3329746866490599,0.41422169341442
0,0.36546782146433554,0.41185698407121696
0,0.3695807336564947,0.4063440271803461
0,0.3485724636642243,0.41649368678107607
0,0.3870303436228119,0.42101801480534456
0,0.3359303019797463,0.42013744067972664
0,0.38833172865299204,0.4223529024909002
0,0.3466770886135627,0.3919403176234399
0,0.43169681784631914,0.3776790014349122
0,0.32409657334709346,0.3778786495220019
0,0.3494831140787652,0.3812117312679156
0,0.3456259710765439,0.36830029448586793
0,0.32802086714423284,0.37038419696263014
0,0.3477308227589322,0.3723340785684233
0,0.38862749145578623,0.36359188699263906
0,0.327085876761652,0.3606083396169549
0,0.385035271600485,0.38225363333660206
0,0.353442438830128,0.38391938079588495
0,0.3774650997037215,0.38150759510531207
0,0.3327345524892208,0.36025689201024763
0,0.3699104289557393,0.36025689201024763
0,0.3479164641241133,0.3602334275504378
0,0.38756861876691745,0.3600330687251981
0,0.35611924536947825,0.36336489799611144
0,0.43072866668484106,0.36407449632542094
0,0.3241866323259699,0.3673137476711681
0,0.3515014333475788,0.3685787429302982
0,0.3431193914991906,0.3643697441184795
0,0.32802086714423284,0.36433622699386475
0,0.3455508447892651,0.36685849987910596
0,0.331066015281101,0.3612349832004939
0,0.3391373845061379,0.36028818819137426
0,0.3340103748959191,0.35969753843915114
0,0.3382739833792131,0.362122939350681
0,0.32429212080466085,0.3624558690528626
0,0.3848532907193605,0.3624658073997234
0,0.3327345524892208,0.36597142096568547
0,0.3670787779860301,0.3637123235036532
0,0.3678926519521938,0.3625179935739047
0,0.34913039055140943,0.358142132500558
0,0.36865783811901687,0.3580879011052985
0,0.3366936714294921,0.3663155349582034
0,0.3907952255382203,0.3683207883804543
0,0.34793528527427664,0.3686996587609887
0,0.4311373616783022,0.37602927022028765
0,0.32409657334709346,0.37869350451091643
0,0.365233929960109,0.38085822857845614
0,0.3431193914991906,0.36808384150660267
0,0.32802086714423284,0.3696311836675007
0,0.3455508447892651,0.3715145091055255
0,0.36783044582051566,0.39926036723014735
0,0.39163015299761567,0.3935776516477964
0,0.327085876761652,0.3901246558843327
0,0.38790432989110757,0.3887261441885173
0,0.3607319622136617,0.3917520504232238
0,0.38204854311773395,0.39203554494665
0,0.3327345524892208,0.39203554494665
0,0.3680485113055737,0.39112937293320943
0,0.34662267019184595,0.39112448688062695
0,0.38876660999886087,0.39425572544167803
0,0.3550742300393699,0.39742460299683613
0,0.43087440389509574,0.402655883604872
0,0.3241866323259699,0.39790475852751744
0,0.3800662542098204,0.3993393978815336
0,0.3429066544567998,0.39201842994319985
0,0.32802086714423284,0.3649924279613166
0,0.34623199386690134,0.36804020530124376
0,0.331066015281101,0.3625342821007165
0,0.33674993172711504,0.3618722406911849
0,0.3335532569227541,0.3611583528660314
0,0.3385000933706982,0.36403789275582643
0,0.32429212080466085,0.3640072124036974
0,0.39153208753355934,0.364555424647
0,0.3327345524892208,0.364555424647
0,0.3680515563353894,0.3671474494070682
0,0.3825720470143494,0.36421009695703505
0,0.3544723245154996,0.36114474269599245
0,0.37889633369590514,0.36268176415499986
0,0.3301498920263591,0.370396451185429
0,0.3927519745415885,0.3689599727224201
0,0.34626524788758106,0.368321757978531
0,0.4311373616783022,0.3765784583101837
0,0.32409657334709346,0.38109824462221303
0,0.37879412406406465,0.3820479689196014
0,0.34304674417017744,0.37020373718483784
0,0.32802086714423284,0.3728896501400685
0,0.3462703185703483,0.3753511159374922
0,0.39319188289251095,0.36620825263849627
0,0.327085876761652,0.36287116803919595
0,0.4005912173572967,0.3838845570521492
0,0.368340365005378,0.384809939121278
0,0.3960411827697138,0.382350476813782
0,0.3327345524892208,0.36168834732510224
0,0.3725354620980233,0.36173432040338593
0,0.3440295685251159,0.36168834732510224
0,0.38988932573193336,0.36170548343260894
0,0.35519436954184963,0.36465353903630426
0,0.45269257544731273,0.36642628575618724
0,0.3241866323259699,0.3694566160144978
0,0.3790624520224862,0.3712783422417031
0,0.34304674417017744,0.3679784132813374
0,0.32802086714423284,0.3672855323774592
0,0.3462703185703483,0.3690671544365852
0,0.331066015281101,0.36335135191341505
0,0.4115330726086164,0.36216255197023217
0,0.33674993172711504,0.36668309081182365
0,0.3335532569227541,0.3712959647662879
0,0.3385000933706982,0.3847382281332523
0,0.32429212080466085,0.3831994628029735
0,0.39032773155510003,0.38808376597635214
0,0.3327345524892208,0.38716496335745904
0,0.3696237942859264,0.3875161040379682
0,0.3790664658227222,0.38234199841042
0,0.3596802005568569,0.3778796721895629
0,0.39110606070677856,0.39015101783784933
0,0.33325769764473645,0.3907403070646303
0,0.3927519745415885,0.387017096469651
0,0.34626524788758106,0.39553047772862915
0,0.452185920562797,0.392327702879991
0,0.32409657334709346,0.3834499290773463
0,0.35110676075044034,0.3835412969690244
0,0.34304674417017744,0.37076061595450605
0,0.32802086714423284,0.3752353484453998
0,0.3462703185703483,0.3774827369202496
0,0.3653616404439712,0.36773157671356355
0,0.327085876761652,0.3643192310771702
0,0.3960087012371891,0.38520767727881006
0,0.3746327297321073,0.3864086398295218
0,0.4089452879748674,0.38390835254132855
0,0.3327345524892208,0.3645471682384819
0,0.371971470447246,0.3646549305985609
0,0.34356533050735805,0.3645471682384819
0,0.38988932573193336,0.36459350469257956
0,0.35519436954184963,0.36733811819138623
0,0.45269257544731273,0.36850960708134595
0,0.3241866323259699,0.3720567954629754
0,0.3391547868622548,0.37071451704891434
0,0.34950738810306675,0.3704498835124735
0,0.32802086714423284,0.3695548465082186
0,0.35301304267144945,0.3716164020936729
0,0.3667040389195204,0.39838910824941
0,0.331066015281101,0.3956426629065453
0,0.33674993172711504,0.4036741880211027
0,0.3335532569227541,0.40994615956038205
0,0.3385000933706982,0.4203181626898275
0,0.32429212080466085,0.4197399295509999
0,0.34843195484623496,0.42361615060210805
0,0.3327345524892208,0.42361615060210805
0,0.3690710729035798,0.42361615060210805
0,0.3762232330444607,0.418684342641846
0,0.372110108575538,0.41167707511126117
0,0.39375829561827896,0.4251659022811406
0,0.3301498920263591,0.42676070407054817
0,0.3927519745415885,0.4237486149079444
0,0.34626524788758106,0.43133130681497983
0,0.4532492762607024,0.38206819379252926
0,0.32409657334709346,0.3836977559912333
0,0.33778849023598023,0.389544121302479
0,0.3566528240432188,0.372181990570096
0,0.32802086714423284,0.3764661665351928
0,0.36147093777686445,0.37872092672062674
0,0.34030420743770273,0.37060453077659267
0,0.327085876761652,0.3674875627373434
0,0.3870552617162857,0.3863917083430014
0,0.37924547849415874,0.38664808496418546
0,0.39935737374381186,0.3849671166876595
0,0.3327345524892208,0.36697567746042853
0,0.37755756728256923,0.3670375047096005
0,0.3440295685251159,0.36692903825425843
0,0.38988932573193336,0.366809468711227
0,0.35519436954184963,0.3697073566325849
0,0.45269257544731273,0.37072383253432517
0,0.3239892308047579,0.37379980090297604
0,0.3391547868622548,0.3740357927638001
0,0.35675117969191833,0.3720504216838351
0,0.32802086714423284,0.3727403645528177
0,0.36147093777686445,0.37340833599578643
0,0.5991206303175759,0.3713725773559115
0,0.5246255058555631,0.376282543028886
0,0.331066015281101,0.37609250032261715
0,0.33674993172711504,0.384780235158647
0,0.3335532569227541,0.40322991837035543
0,0.3385000933706982,0.42005507230533345
0,0.32429212080466085,0.42215465791783824
0,0.3448118744194998,0.4226129607316981
0,0.3327345524892208,0.42361588695655894
0,0.39223336804592834,0.42053417169158297
0,0.3669571780395833,0.4131292269647568
0,0.3686732340373658,0.42342899582338256
0,0.39478859821831475,0.4291417822336732
0,0.33271501702361184,0.4227398885588262
0,0.38148339748160376,0.4278641732009709
0,0.3433458311484671,0.39504778591702555
0,0.48936391951552227,0.3821831718359793
0,0.3238992266639829,0.3860564402492348
0,0.3380840334052623,0.3900648320331911
0,0.35499940949003245,0.37298664149551564
0,0.32802086714423284,0.3775295921969146
0,0.3595491031971028,0.3806546487395956
0,0.3460511234342607,0.37122882149386294
0,0.327085876761652,0.3678307712409263
0,0.3864633726574254,0.38757365907425145
0,0.38546325381981283,0.38940550704571647
0,0.35499940949003245,0.4264566178111346
0,0.3335532569227541,0.4341297485769781
0,0.3385000933706982,0.435266469656271
0,0.32429212080466085,0.44018918949742164
0,0.34611557504716056,0.44438251995453437
0,0.3467989533909758,0.4426124656482065
0,0.40915044010150803,0.44220412424624206
0,0.3698408687537111,0.43770342009238583
0,0.3740212368470795,0.435013648044364
0,0.3980647741103448,0.4357338431641101
0,0.3443082354792131,0.43751559367727505
0,0.3897777338556509,0.44217731420434636
0,0.35762564547079156,0.43601149392257577
0,0.5007761218079175,0.43352470478498756
0,0.339119716931979,0.41263947327329076
0,0.3504722829824155,0.42062097280503846
0,0.3556269569433801,0.43392169383210694
0,0.33394301225807066,0.4292005390198418
0,0.3687323703602932,0.429645248017333
0,0.3597390625179587,0.4575323102220266
0,0.3570428021452248,0.46747823057259325
0,0.327085876761652,0.46803499184463704
0,0.382506179231348,0.4709470454871547
0,0.38304333004687224,0.4650290206396381
0,0.3806048931005584,0.45917573896402636
0,0.33853872325593687,0.46540747117304876
0,0.39750154317005465,0.4691505795096952
0,0.3401489944067162,0.4693273598733928
0,0.37774046560370794,0.4700518102920152
0,0.3472134501790183,0.4710506719673157
0,0.4960495605518999,0.47471054992707673
0,0.3307308038713577,0.4757416447640793
0,0.34286252538911566,0.4730932336636704
0,0.35675117969191833,0.48151142831058524
0,0.3392502182442674,0.4756540218681304
0,0.3448326666658774,0.4705659362307561
0,0.33377306925175515,0.4656576257195566
0,0.33869725337962053,0.46112262821131106
0,0.32429212080466085,0.4670119434809844
0,0.34877359707147265,0.4681495412999615
0,0.33853872325593687,0.4689288800917722
0,0.40700724142650196,0.4680894239936216
0,0.36036426183410913,0.4762477073401738
0,0.3747249909340919,0.47351172102042255
0,0.38328725287256893,0.4665258426603498
0,0.33954290516482416,0.4750116383455495
0,0.3782431572883717,0.4754850773864373
0,0.3498528889849382,0.4460153527159878
0,0.49685134928750246,0.4473784402198026
0,0.33063892692299024,0.44253404668371826
0,0.34257532465632756,0.4398679062921222
0,0.35775187802861314,0.44425486778400913
0,0.33295061002072734,0.4416201854538342
0,0.3699407869606889,0.43697261207029114
0,0.3479156784013931,0.4396328599018294
0,0.32667032746859515,0.44779348907843536
0,0.36307346600267676,0.4465782382519371
0,0.3688704471970503,0.44776485786095854
0,0.3952288254485421,0.44630086246528344
0,0.33853872325593687,0.44715220648363146
0,0.3981434967696133,0.44304306216455125
0,0.3398270556312117,0.4454623011667557
0,0.3758084683501066,0.4462767166817739
0,0.3472134501790183,0.44649119296873546
0,0.4838479878249855,0.44992400204205585
0,0.3307308038713577,0.4558960311197938
0,0.34757738704912644,0.4655715049151074
0,0.3522676790689686,0.483218476080059
0,0.3242308867489828,0.47901570955883493
0,0.36114369987076367,0.47736580567278153
0,0.3307554965845304,0.4658249708421318
0,0.4115330726086164,0.4534411418196368
0,0.33458119416146775,0.4472960846054286
0,0.33377306925175515,0.44616276148215434
0,0.33869725337962053,0.4446496522633379
0,0.32429212080466085,0.4517078262517998
0,0.3643114646916751,0.44723128886435587
0,0.33853872325593687,0.4470415403547147
0,0.384672866244505,0.45151892465012783
0,0.3534139189361664,0.4546316828503812
0,0.3567582756385837,0.4507884408445341
0,0.3964672984137145,0.44783233088208874
0,0.33711360690975495,0.4527358143812922
0,0.3774298945514244,0.4530046451477026
0,0.3498528889849382,0.4512235980606986
0,0.4944717254235109,0.44991178304015067
0,0.33063892692299024,0.4451672674808756
0,0.34673125484272965,0.4304043511646809
0,0.35302276379942155,0.4502652503185864
0,0.3242308867489828,0.43994028289591525
0,0.3629681379622823,0.4364857354972559
0,0.3720987989712815,0.4450747370812105
0,0.32667032746859515,0.44723128886435587
0,0.37656031030366627,0.45139356591767843
0,0.3740028325109742,0.4516569298974888
0,0.495280669628147,0.45114591477715504
0,0.32982082564218007,0.45203791592549775
0,0.34757738704912644,0.4472235604518007
0,0.35281424933796085,0.45476522458332824
0,0.3242308867489828,0.45182100176452844
0,0.35641180195498023,0.4498502833556948
0,0.3597390625179587,0.473673018046031
0,0.3307554965845304,0.4716008437013236
0,0.33458119416146775,0.47555325928097625
0,0.33377306925175515,0.47555325928097625
0,0.33869725337962053,0.4716416372740961
0,0.32429212080466085,0.47446466056833525
0,0.37489605712542207,0.4757109085662168
0,0.34945496838145235,0.4757109085662168
0,0.39272762649398685,0.4714415320936542
0,0.3650975196887895,0.4716416372740961
0,0.38072732693707356,0.47563077534685805
0,0.40255345307831675,0.47280081377152633
0,0.34778867977167505,0.4757109085662168
0,0.38615160747175986,0.47280081377152633
0,0.35914977002533593,0.4758776406922309
0,0.49463903012223853,0.4756957865088615
0,0.32972920148557505,0.47056103192172577
0,0.34673125484272965,0.46726765240392126
0,0.3467988569824737,0.47563077534685805
0,0.3242308867489828,0.4720755131950878
0,0.3583391038055456,0.4722110735500262
0,0.38357251227830325,0.4716416372740961
0,0.32667032746859515,0.4721481330115585
0,0.375844672206453,0.4716416372740961
0,0.4042842012304219,0.47563077534685805
0,0.39304700393935144,0.4752185188046161
0,0.3476104818111999,0.4873780156814404
0,0.3242308867489828,0.4855550369697412
0,0.3586676659011088,0.4926979129183762
0,0.5993233430135767,0.5066015259111101
0,0.5313295371138558,0.5140520088911035
0,0.331066015281101,0.5214678201914853
0,0.33458119416146775,0.5255546196522426
0,0.33377306925175515,0.5263634848594363
0,0.33869725337962053,0.5284052407115765
0,0.32429212080466085,0.5320979381096678
0,0.38121165761681014,0.500661298137463
0,0.351523034866987,0.4935423802389176
0,0.4008731004496918,0.4811673226959586
0,0.35910014337413443,0.4786672303548199
0,0.3763658274974395,0.4736082531176202
0,0.38158828267151673,0.47228823253765045
0,0.3624110663632543,0.4723251890062656
0,0.3805295131507299,0.4723251890062656
0,0.3714681409298665,0.4723251890062656
0,0.49056656251960695,0.47348120713564124
0,0.3390934046153095,0.4675667438045469
0,0.35629178868320577,0.46879557519625237
0,0.3476104818111999,0.4742394257487739
0,0.3242308867489828,0.48005047454788174
0,0.3522247881415076,0.4840867581365211
0,0.375372542743001,0.48572579872378363
0,0.32667032746859515,0.48589430367806924
0,0.3715737983755801,0.48802709667483224
0,0.38461163141757226,0.487071370112491
0,0.3868421432179597,0.48744595421369097
0,0.3431502842073416,0.4808681356260177
0,0.39070554443031613,0.4713897696501126
0,0.3434713417036865,0.47086665972192804
0,0.3704749861953202,0.4725745004657062
0,0.3615599988482477,0.466029711603054
0,0.4857720027558358,0.46717766063178323
0,0.3304782603643091,0.4682633324173083
0,0.3483080338618892,0.46914185763387095
0,0.35318859419261167,0.4720796436904563
0,0.3242308867489828,0.47786422780051707
0,0.3586676659011088,0.4818821293390701
0,0.3313692907150264,0.48761869090798016
0,0.33458119416146775,0.49387895224044853
0,0.3346683241268408,0.5002701948406417
0,0.3441289998335995,0.501197972966357
0,0.32429212080466085,0.5012389581641342
0,0.3810832524842508,0.500298184841559
0,0.3431502842073416,0.4830696801880153
0,0.38638603879935945,0.46329212899707745
0,0.3616472953526389,0.46565986059712594
0,0.3728223426920706,0.4710091178043632
0,0.3800158374714714,0.46840996064475077
0,0.3401815364189453,0.46967992758297156
0,0.36377221599033627,0.4684884939176274
0,0.4982866090162448,0.4652780691024683
0,0.3304782603643091,0.46305866094062387
0,0.3483080338618892,0.46525423630192825
0,0.35281424933796085,0.4658115287988729
0,0.3242308867489828,0.4618085380098865
0,0.3586676659011088,0.4616301234090276
0,0.34105997691982093,0.49184989874248514
0,0.3856653409308093,0.49531435689947295
0,0.32667032746859515,0.5067776579791511
0,0.3736858170742509,0.5078980020105742
0,0.3793305224543625,0.5067027086359186
0,0.366415022639085,0.5068408752786225
0,0.3431502842073416,0.4996071969305427
0,0.38386610390697185,0.4946915232878064
0,0.34049740160829933,0.49437549326122604
0,0.38818572514029803,0.4914234028674616
0,0.3615599988482477,0.48975945840583124
0,0.499876617251879,0.4885927833874999
0,0.3303277553477796,0.4768469436005987
0,0.3483080338618892,0.46092253602050315
0,0.3547125160674648,0.4670245911523984
0,0.3242308867489828,0.4683593125712429
0,0.3597728634428915,0.4685833508117745
0,0.3364013952277338,0.46849513133182175
0,0.33256945537040006,0.45953525926581756
0,0.3346683241268408,0.4637993664804702
0,0.3441289998335995,0.47422573271226415
0,0.32429212080466085,0.47422573271226415
0,0.3818515018595936,0.47633375121798927
0,0.3431502842073416,0.47633375121798927
0,0.3930358924322759,0.47402199427476127
0,0.39525180074141864,0.4742303950194593
0,0.39258749410727417,0.47298819222476396
0,0.3635698826888192,0.47080706556115354
0,0.3555633249519643,0.4718779754932759
0,0.38036055857807544,0.4782780537818944
0,0.36377221599033627,0.4737102574995311
0,0.49722639859458256,0.47285388706623466
0,0.37599113713141646,0.4819124442629977
0,0.484462435271841,0.4811546017471252
0,0.3412949654528246,0.4846634321162732
0,0.3583079096370149,0.48066962655026413
0,0.35923129749428107,0.4804404963007107
0,0.3346818081067831,0.4810910552907587
0,0.3710770191085412,0.47873172354270493
0,0.3367179381287826,0.47954278859055083
0,0.4115330726086164,0.49574445663775335
0,0.33256945537040006,0.5041796529530572
0,0.3346683241268408,0.5171704650064467
0,0.3441289998335995,0.5239079206735874
0,0.3359275894443596,0.5203442860110041
0,0.3940705704324847,0.5263892898773257
0,0.3476954078831251,0.5199464217752291
0,0.39412891352984664,0.5138969327612364
0,0.4007188631155986,0.5050524906337203
0,0.39706731087879205,0.497807462700497
0,0.3852554836224518,0.4913569099234136
0,0.3482619776439705,0.49114439345658206
0,0.37694999370325016,0.49234508690652556
0,0.3715523532713628,0.48955129571202394
0,0.48369098822307455,0.48909531538522194
0,0.3329695954376772,0.4913616970964944
0,0.34954293000584,0.4938996743402117
0,0.362087289294518,0.48993705338399424
0,0.3260270201302697,0.4981100663664038
0,0.3612945966796076,0.497583454290271
0,0.3893779224252058,0.5059577441744633
0,0.32813277309936767,0.5035961889647449
0,0.39825495412799994,0.5003199475958952
0,0.37272656275355864,0.5014415935637347
0,0.3802286368872853,0.503722235611956
0,0.34579386744173013,0.49831729219371956
0,0.37794992479901796,0.4912121071294899
0,0.33630272044608783,0.49011336009100825
0,0.37116125899453695,0.4921785581018444
0,0.36217262699932073,0.48983862269782774
0,0.49659196988018073,0.49035539174913173
0,0.3329494664449892,0.4920824811408423
0,0.3509427599987202,0.49317028123427364
0,0.3608903604243451,0.489299086593898
0,0.3260270201302697,0.4974614571665902
0,0.356472255417344,0.49685562382444476
0,0.3424262994975974,0.5282568268546045
0,0.3373823319860083,0.5340357158008117
0,0.33256945537040006,0.539731573205904
0,0.3346683241268408,0.5455377729111703
0,0.3441289998335995,0.544047477201867
0,0.32855153055980746,0.5435228900245095
0,0.3817006579140123,0.5439136151140403
0,0.34593513668555503,0.5390865760112641
0,0.3822329438127952,0.524031990947786
0,0.39123069523971726,0.5181593629770036
0,0.3641364350214378,0.5100225895396023
0,0.3778298790072096,0.5078716600712745
0,0.3491339799118649,0.5075490262442399
0,0.3712671188765246,0.5052439050985962
0,0.35060928425304805,0.5052439050985962
0,0.3328569731526213,0.505244199552266
0,0.49517989709482796,0.5073452194931908
0,0.3468825677217841,0.5083999066618312
0,0.3578003872641169,0.5058197847805563
0,0.3260270201302697,0.5112131799665002
0,0.3575022916439079,0.5086096975048722
0,0.3824689163647157,0.5195216527181179
0,0.32813277309936767,0.5171952144858872
0,0.3927627596847856,0.5177139777264906
0,0.3706722272757192,0.5177012957886471
0,0.39142560308162966,0.5178348936203645
0,0.34579386744173013,0.5116535652327967
0,0.38707579795132685,0.507528157274007
0,0.3556798522826831,0.5069489524064554
0,0.3672612132506188,0.5052439050985962
0,0.3498852299620637,0.5041688276161957
0,0.4963754376514705,0.5059933798470668
0,0.3328569731526213,0.5022269609561003
0,0.3478576936712582,0.500510760874266
0,0.357475452629593,0.5040163138314527
0,0.3260270201302697,0.5107642668010386
0,0.3558079141315691,0.5072986638733906
0,0.5993233430135767,0.5193839513633375
0,0.5084068632808011,0.5028121475608875
0,0.3373823319860083,0.5013724745434455
0,0.33256945537040006,0.5015368937153126
0,0.3346683241268408,0.5015368937153126
0,0.3441289998335995,0.5015368937153126
0,0.3279306624174857,0.5015368937153126
0,0.3786045375979738,0.5015368937153126
0,0.34593513668555503,0.5015368937153126
0,0.38082238757007325,0.5015368937153126
0,0.38822701978409707,0.5015368937153126
0,0.37758782322060913,0.5007318146459215
0,0.37772519238245106,0.5007318146459215
0,0.34083540379453,0.5007318146459215
0,0.3741538684828095,0.5007318146459215
0,0.3524981156799886,0.5011058736367638
0,0.46094814070432655,0.5011058736367638
0,0.3328569731526213,0.5011058736367638
0,0.34701087909463396,0.500815014717116
0,0.3563096606180284,0.5011058736367638
0,0.3260270201302697,0.5011058736367638
0,0.3561516786159889,0.5009241792205313
0,0.36343315813720006,0.5012754230020943
0,0.32813277309936767,0.5012754230020943
0,0.39932730423224816,0.5012754230020943
0,0.3636875860417674,0.5012754230020943
0,0.37910619984114885,0.49240131510957375
0,0.34579386744173013,0.4933106555238708
0,0.37952278176402865,0.4896456128304669
0,0.33630272044608783,0.4898456506911106
0,0.37052532486444695,0.4735435320630925
0,0.3498852299620637,0.4508271299695448
0,0.45936342542694064,0.45703778482324003
0,0.3329494664449892,0.4630118862785335
0,0.3478576936712582,0.45914692287359304
0,0.3620749251122124,0.4698764626322733
0,0.3260270201302697,0.47285966729844153
0,0.3628576714377169,0.47397674833684683
0,0.3373823319860083,0.47007447029296084
0,0.33256945537040006,0.46719352417538956
0,0.3346683241268408,0.46499344105521623
0,0.3441289998335995,0.4760500522191856
0,0.32855153055980746,0.47135861223874326
0,0.36901527966538555,0.4768255058621259
0,0.34593513668555503,0.47588903498092583
0,0.3789169972279551,0.4768255058621259
0,0.3965504306782938,0.4617719271161194
0,0.36799778997093596,0.4573398989549527
0,0.3643059130160935,0.4546325573481428
0,0.3491339799118649,0.45722471241421536
0,0.3731025917637647,0.4540800403034556
0,0.3524981156799886,0.45064302606973067
0,0.46512364390113503,0.4626433664157081
0,0.3328569731526213,0.4663021243148151
0,0.34457423070184007,0.467887733946536
0,0.3692423437446218,0.47252815695292255
0,0.3260270201302697,0.4739413154413381
0,0.3688600404062052,0.471667913390645
0,0.3433696172259068,0.5058505396649188
0,0.37664245092542414,0.5064068003991629
0,0.32813277309936767,0.5064068003991629
0,0.3935366432114239,0.5050370742160644
0,0.3666437421377118,0.4940365944961749
0,0.36486549622247155,0.4945382366047286
0,0.34579386744173013,0.4880934228252447
0,0.3878924103547364,0.49135903707398926
0,0.3556798522826831,0.4878600335596386
0,0.36858544252045,0.4885217588529244
0,0.3498852299620637,0.48153367028504973
0,0.4643092728818456,0.48546908195848143
0,0.3341174639334512,0.48303887378624466
0,0.34641836968155987,0.48488876046084
0,0.36859409443387753,0.4890885110046903
0,0.3260270201302697,0.4898241020363762
0,0.36864913876405625,0.4886431328767603
0,0.3373823319860083,0.48497353161779067
0,0.33256945537040006,0.4894067856433447
0,0.3346683241268408,0.494925977325548
0,0.3441289998335995,0.5033573467948415
0,0.32855153055980746,0.5033573467948415
0,0.3705734631521387,0.5036980267239666
0,0.34593513668555503,0.49406610739424595
0,0.38520217466999623,0.493528246496834
0,0.3922747650582646,0.4855022550455889
0,0.3506838226611461,0.4870217709664686
0,0.3677932209552065,0.48622308651456814
0,0.34139527013000015,0.48507304712615706
0,0.36933592555789696,0.4606163523722998
0,0.3524981156799886,0.4589222179119534
0,0.46512364390113503,0.46259710163087914
0,0.33402464617162453,0.4709210602608787
0,0.3455750589530814,0.4710803965829788
0,0.3676206602488326,0.470922416782553
0,0.3260270201302697,0.477106854282234
0,0.36831143301281266,0.4717813006834255
0,0.37144996833965216,0.48141228126588664
0,0.32813277309936767,0.4747984551568428
0,0.4037531711700559,0.4720588040778051
0,0.3488872334127619,0.45948442279280105
0,0.3816665444759519,0.45937742250664315
0,0.34579386744173013,0.44969998039370385
0,0.38260844600169575,0.4539022669298163
0,0.33630272044608783,0.4479171243961553
0,0.36634986971623085,0.4613648156771896
0,0.3498852299620637,0.45621627371774925
0,0.46102161950426584,0.46046162620267295
0,0.3341174639334512,0.4606520220621107
0,0.345737523623713,0.4641070240975038
0,0.36758485873592966,0.47256931315924716
0,0.3260270201302697,0.47245736082889755
0,0.36750263464052463,0.4722192716290103
0,0.3373823319860083,0.4668065115845188
0,0.3889038888767722,0.4659320906135676
0,0.33256945537040006,0.4752109272312009
0,0.3346683241268408,0.4795317608048544
0,0.3441289998335995,0.4931989345066635
0,0.32855153055980746,0.4886224403370386
0,0.3666387372361612,0.4925528313224842
0,0.34593513668555503,0.4682781339148361
0,0.3746703340743667,0.4050232910803497
0,0.3986520632009578,0.39851469881609075
0,0.3437337969152057,0.39280913805272194
0,0.38098444665998393,0.40673252163118423
0,0.3491339799118649,0.40758953236048634
0,0.3659793034492461,0.40443703774420064
0,0.3505698733295186,0.40983233145381437
0,0.46094814070432655,0.40764037205983883
0,0.33402464617162453,0.39455146758199694
0,0.34012853842761887,0.40500133215727
0,0.3585112744278006,0.38331341882758835
0,0.3260270201302697,0.3896465484670634
0,0.36667888853648956,0.38877136082145153
0,0.3682806884628097,0.3779425377971971
0,0.32813277309936767,0.3744778160551068
0,0.4013284980901502,0.39180083966764845
0,0.34823375669115814,0.39273351081283114
0,0.3877494769191712,0.3918083400645586
0,0.34579386744173013,0.3747346744080306
0,0.38346953171463294,0.3751716291090091
0,0.3556798522826831,0.37482821209646866
0,0.3636070819006288,0.3749767598051978
0,0.3468262534808123,0.3783080690296373
0,0.4641485900407868,0.3785634926739168
0,0.3341174639334512,0.38424016895777824
0,0.3409585579504012,0.3831087885795574
0,0.35175415321950887,0.3778716148730431
0,0.3260270201302697,0.3803366871569994
0,0.3654618540654793,0.38143542540638486
0,0.3605981399204124,0.40591809627680064
0,0.3373823319860083,0.4046131485471983
0,0.33256945537040006,0.4123256050018038
0,0.3346683241268408,0.4195557258320534
0,0.3441289998335995,0.4312830754931401
0,0.32855153055980746,0.42974509825596113
0,0.36669981957598713,0.4340114111618268
0,0.34593513668555503,0.4340114111618268
0,0.38593217416948317,0.4345047948246629
0,0.4007235105539388,0.42849722096814113
0,0.3408923718221848,0.4262403397208116
0,0.36594433238624124,0.43839801288138575
0,0.34083540379453,0.4377961142375492
0,0.3612220627942897,0.4379580544031075
0,0.3494162952622836,0.44093284374582475
0,0.4640050160849916,0.39414253804968097
0,0.33402464617162453,0.3927183977479872
0,0.34012853842761887,0.4014781204414039
0,0.35236930726150034,0.3802401364561906
0,0.3260270201302697,0.3865224891212089
0,0.35975885921766065,0.389464526954736
0,0.37307664304906185,0.37801874163779864
0,0.32813277309936767,0.3745533213104024
0,0.3952544978826678,0.3920986431446866
0,0.3443490558095003,0.39327636108792985
0,0.3732116585694302,0.3928557432769107
0,0.34579386744173013,0.3758507674637346
0,0.39692010049513204,0.37605523971507054
0,0.33630272044608783,0.37456347881926866
0,0.3584903776386225,0.3756172558909435
0,0.3468262534808123,0.37921011524164566
0,0.4643056348949796,0.37921011524164566
0,0.3341174639334512,0.3850082156420177
0,0.3409585579504012,0.38436136282145783
0,0.35964312241414886,0.3791070661747222
0,0.3260270201302697,0.3815801980128818
0,0.5843032713840844,0.37471549903029466
0,0.513114641029772,0.383941943619281
0,0.35437960066538665,0.3844991705376037
0,0.3373823319860083,0.3862812872033583
0,0.33256945537040006,0.3961344405792131
0,0.3346683241268408,0.4155291397637657
0,0.3441289998335995,0.4288433761068108
0,0.32855153055980746,0.4302376467575892
0,0.36082420661990844,0.43146826957491446
0,0.5411451527599657,0.43505350461173825
0,0.39809739678418504,0.4293265716920331
0,0.3843611507951852,0.42589805342522796
0,0.34266208681364607,0.43514286073544844
0,0.3707337426678344,0.43855445654099184
0,0.3485614225889501,0.43323221414277524
0,0.3612220627942897,0.4377560625354785
0,0.3494162952622836,0.4101200036212833
0,0.4589979791971115,0.38926087734211795
0,0.33402464617162453,0.3903906003314627
0,0.3505433219972485,0.39995130326128564
0,0.3593241629736459,0.3797448121359499
0,0.3260270201302697,0.38637177656696226
0,0.35067785646484795,0.3885427335725963
0,0.37386431988526914,0.37945084790893957
0,0.32813277309936767,0.37565837464201335
0,0.38853953079047737,0.3933112035081169
0,0.3382905632555641,0.3945240548294624
0,0.3604290636888794,0.3930999715732785
0,0.5711360265850908,0.3758919117772728
0,0.4041157205388469,0.37627465596915116
0,0.3556798522826831,0.3758919117772728
0,0.35883436544737224,0.37627465596915116
0,0.3468262534808123,0.379064872914779
0,0.4594071247356785,0.38363657907735377
0,0.3341174639334512,0.3845600888693922
0,0.3508512098796139,0.38816227253534724
0,0.3604729147631968,0.38426111297445037
0,0.3260270201302697,0.3934060335082417
0,0.35427726926946973,0.39371152023050526
0,0.3373823319860083,0.3800017484970192
0,0.33256945537040006,0.37645111091766653
0,0.3346683241268408,0.38421338401525135
0,0.3441289998335995,0.38338836531166764
0,0.32855153055980746,0.38219954616123386
0,0.35984426324862107,0.3822593113411597
0,0.5871616405037688,0.38405187150730546
0,0.3999258694898058,0.3829564885337696
0,0.3897080493452201,0.3813542983332774
0,0.3407509009249924,0.37975306541965076
0,0.3540892501090153,0.38153758256521114
0,0.34083540379453,0.3919071460560938
0,0.3626615428813627,0.39415786741400977
0,0.3494162952622836,0.3908671562310978
0,0.4647682208185737,0.39842838927806473
0,0.33402464617162453,0.4006280440230569
0,0.34999710797484734,0.4052266717772405
0,0.3608591117179152,0.3923834630374547
0,0.3260270201302697,0.399922656474371
0,0.3549976797086436,0.4024020112148458
0,0.3605981399204124,0.42061493656411086
0,0.3598574487646838,0.4165596592555278
0,0.32813277309936767,0.41340430260190236
0,0.39250643233243815,0.4131487947298334
0,0.3407666674421235,0.413150548602817
0,0.3561624072426822,0.4138273373128064
0,0.587559040456994,0.4128510658356801
0,0.39692010049513204,0.41336423652674026
0,0.33630272044608783,0.41374160060506904
0,0.3713034617368057,0.41690440486832353
0,0.3468262534808123,0.4182884801648489
0,0.4650693340923947,0.42379234003958915
0,0.3309429391091857,0.42256193487082366
0,0.3483080338618892,0.4191022138145002
0,0.3725739636247758,0.4126168361467355
0,0.3242308867489828,0.39245627762373675
0,0.35073527048594694,0.3952017784921069
0,0.3371541409214202,0.3876931627581768
0,0.33256945537040006,0.38195863715779854
0,0.3346683241268408,0.38484440398996284
0,0.3441289998335995,0.39005527055729555
0,0.32855153055980746,0.38884577851913943
0,0.35671377199755877,0.3917396462691029
0,0.5892382854802481,0.3937664217302697
0,0.3978394512727018,0.3917396462691029
0,0.39035442547084276,0.390302475811156
0,0.34066904089937305,0.3863567548712892
0,0.3868579442868608,0.384406741318585
0,0.3459497327284924,0.3923721828504015
0,0.37085940388208866,0.3958904749049913
0,0.34769589628377756,0.39258529867820346
0,0.4647682208185737,0.4001797687860063
0,0.3310937244177605,0.4019488511731365
0,0.3477829502447326,0.4071320744361971
0,0.3727909050151566,0.3930266495935379
0,0.3242828181125501,0.39979135361938606
0,0.3656724495916542,0.4030623159476284
0,0.35944216747850494,0.39231517610886124
0,0.32813277309936767,0.3887186957329324
0,0.3475699198769902,0.40476718953149365
0,0.34609921297352625,0.405653287033689
0,0.39061297589331995,0.4044330937694263
0,0.5902358052784045,0.3884862794676706
0,0.4002953504256111,0.3890102164340261
0,0.3394232827549911,0.3882449176028582
0,0.3681588276805622,0.38831573832201505
0,0.34557907957504247,0.39176555158974724
0,0.45958937000706257,0.39209610194521605
0,0.3309429391091857,0.39959301964507726
0,0.3483080338618892,0.3975976680135086
0,0.3727909050151566,0.3930741082210942
0,0.3242828181125501,0.3933649542841491
0,0.3656724495916542,0.39723819256059845
0,0.3371819549507924,0.38671852488975533
0,0.37239611050096255,0.38588852506428023
0,0.33256945537040006,0.3936885020698421
0,0.3346683241268408,0.3966876479302984
0,0.3441289998335995,0.4088754430031742
0,0.32855153055980746,0.4082805302805161
0,0.35653691856360037,0.41444727645632096
0,0.5935480060971245,0.41444727645632096
0,0.3961738973135192,0.4141669619399279
0,0.33885106661390396,0.407971060746527
0,0.35239680000776274,0.40073724798294447
0,0.38972273476421104,0.41614411753863045
0,0.3342671835843358,0.41794959015702204
0,0.3706445813546365,0.41547334037991956
0,0.34769589628377756,0.41971129669143376
0,0.4647682208185737,0.4156503913680209
0,0.3310937244177605,0.40292324696267806
0,0.3477829502447326,0.4070732412684218
0,0.373608374128855,0.3920394518599595
0,0.3242828181125501,0.39952726000406114
0,0.36716419216575436,0.40279606160456627
0,0.36074730693361357,0.3920560210964593
0,0.32813277309936767,0.38846191647852596
0,0.3430398548577072,0.4042484981068255
0,0.3475099265500546,0.4053853211505571
0,0.3905818171589989,0.40416593391986066
0,0.5995638145624439,0.3879884513161489
0,0.3993765863966765,0.3880592252526538
0,0.336717220384116,0.3879884513161489
0,0.36696434034021436,0.3880592252526538
0,0.34557907957504247,0.39150675964754433
0,0.4649120309276838,0.3918370916485199
0,0.3312391321999669,0.39932905704493277
0,0.3483080338618892,0.39733502349996463
0,0.37493409075489037,0.3931879359736805
0,0.3242828181125501,0.3941755229366653
0,0.36748547084626065,0.3982477441376842
0,0.3605981399204124,0.4210145070506232
0,0.33706790789434504,0.41773867800155534
0,0.33256945537040006,0.42817944170586986
0,0.3346683241268408,0.4334430114712625
0,0.3441289998335995,0.4389207547577775
0,0.32855153055980746,0.440731472765865
0,0.35220238117100783,0.4437856219232015
0,0.5995638145624439,0.4437856219232015
0,0.40140124065173793,0.4437856219232015
0,0.3378934006952716,0.4385127725871166
0,0.3510989292858437,0.435345079858362
0,0.38374375279415135,0.44615839888979997
0,0.3465180000122407,0.4471834134950439
0,0.3689139134382303,0.44734882600936554
0,0.34769589628377756,0.44950543197041926
0,0.33139005246101033,0.4025335138083683
0,0.3483080338618892,0.40184642677071364
0,0.4658440077604069,0.40650199340949406
0,0.38561944911691465,0.39243955994153484
0,0.3242828181125501,0.4005872933162473
0,0.3785580451025657,0.4032071476794757
0,0.3528395211956615,0.39395205921366866
0,0.32813277309936767,0.39034057299977415
0,0.34059621150002123,0.4058464621026069
0,0.34856735995028604,0.40718670497496573
0,0.38350335643325706,0.40548995628075024
0,0.5995638145624439,0.3895599030323443
0,0.3988636438263516,0.38963096362125754
0,0.33935281431676545,0.3895599030323443
0,0.3650608979875397,0.38963096362125754
0,0.34369336910427917,0.3930924614055818
0,0.4608972618307601,0.39330080201657586
0,0.3312391321999669,0.40069733787932205
0,0.3483080338618892,0.39758399313082016
0,0.3944690305629651,0.3942725935840485
0,0.3242828181125501,0.39604152364222445
0,0.5825300211641328,0.3892587733248673
0,0.5156935761044174,0.39768447003013446
0,0.38805938334613865,0.3990744390745847
0,0.33706790789434504,0.39786106123324594
0,0.33256945537040006,0.4045753956632167
0,0.3346683241268408,0.4204025428737224
0,0.3441289998335995,0.43580644188344564
0,0.32855153055980746,0.4380207735270583
0,0.3503981522113797,0.4364629210291742
0,0.5960786969026605,0.4400896585371025
0,0.3953533715021941,0.4373284337055427
0,0.33764707435584834,0.4304175191315516
0,0.35135097665010107,0.44246160432796805
0,0.37932816742567954,0.4470137827866323
0,0.3370735055044202,0.44158887905609207
0,0.3544456029469156,0.4139803812511999
0,0.34397366451482214,0.397406934210496
0,0.3303965391419923,0.40203739779402586
0,0.4654961027893364,0.4010074318056161
0,0.34660304686425103,0.40540116236737683
0,0.39567092513160546,0.392516387909649
0,0.3242828181125501,0.400801281767128
0,0.39033012651477833,0.4032860836203118
0,0.3452642627881585,0.3955815769948805
0,0.32813277309936767,0.3919551524633291
0,0.35614803458475897,0.4101988419548873
0,0.34305844058608337,0.41003743834100737
0,0.3426322658182504,0.41003743834100737
0,0.37983389745221086,0.4101988419548873
0,0.5971114076807643,0.4111888681373058
0,0.40179005123696654,0.3920266499756368
0,0.34135716459066057,0.3919551524633291
0,0.342834302726886,0.3955094311377771
0,0.4662348865668021,0.3957190527526067
0,0.3304883487363737,0.4027362434532041
0,0.35520743974991187,0.39907992813520937
0,0.39567092513160546,0.3954967125910925
0,0.3242828181125501,0.39824774032281113
0,0.3893770576513026,0.3977835570721957
0,0.33706790789434504,0.3877332313462704
0,0.33256945537040006,0.3848198670773963
0,0.3346683241268408,0.38642386844596377
0,0.3441289998335995,0.3860388324149453
0,0.32855153055980746,0.3848417946373046
0,0.3424237698881263,0.38490197299002765
0,0.5922006884338922,0.3865070181343909
0,0.3984287459423963,0.38540463265413033
0,0.34952689138973425,0.38278735797682983
0,0.3494015708016752,0.3791371348984647
0,0.3781005039329638,0.3765164219827771
0,0.3331333130034379,0.3837250326269813
0,0.3582683740921407,0.389597571827062
0,0.3453945332725051,0.3871486854515007
0,0.33063892692299024,0.3950933981712005
0,0.46630257825140853,0.39570052117314763
0,0.3550760976019086,0.4040603567781623
0,0.39567092513160546,0.38641343442376225
0,0.3242828181125501,0.39366059250813956
0,0.3893770576513026,0.39222598938596115
0,0.3696868094148128,0.41423531796842894
0,0.34659492230533206,0.4085026821184695
0,0.32813277309936767,0.4048546005663296
0,0.3462185307743999,0.40430879523625496
0,0.35340599193967337,0.40430879523625496
0,0.3784530827609198,0.4044628885450746
0,0.5924010597648917,0.4049860368472402
0,0.4102077154688093,0.4044628885450746
0,0.33592396291030024,0.4044628885450746
0,0.35285516261552535,0.407928106175262
0,0.342834302726886,0.40916709864859
0,0.4662348865668021,0.41485064916024766
0,0.3307308038713577,0.4197390029832114
0,0.355724070932018,0.41230276642342095
0,0.3958048005415042,0.4041587647891778
0,0.3242828181125501,0.38544923302030687
0,0.3884354587488985,0.3873071106887176
0,0.33706790789434504,0.378366848710855
0,0.33256945537040006,0.3746064129825521
0,0.3346683241268408,0.37579346537997
0,0.3441289998335995,0.38216624540843874
0,0.32855153055980746,0.38196140101407955
0,0.34253571935093496,0.38163034786669614
0,0.5924010597648917,0.38323369783871636
0,0.4148194986395354,0.382536015983016
0,0.34185003870668235,0.38037322386563294
0,0.34809854224168896,0.3783088891516463
0,0.3785643659035128,0.3752473409115038
0,0.33596373995934614,0.3838866262772401
0,0.35063721019757443,0.38670758188021015
0,0.3453945332725051,0.3824314271792961
0,0.32461482981986967,0.39319193643797956
0,0.46749377920293167,0.3931922214349223
0,0.3514874130045632,0.3971941870939138
0,0.4139553176881611,0.38389710099851776
0,0.32802086714423284,0.3950940004678981
0,0.413833471733487,0.3935823792899144
0,0.3501872073364999,0.3844426820129229
0,0.32667032746859515,0.38084067273948036
0,0.3542376272917473,0.3996440017490209
0,0.34766634352362147,0.39956429614060124
0,0.35918869311577717,0.39956429614060124
0,0.37941372278725066,0.39956429614060124
0,0.588708407486587,0.40022660805437293
0,0.4152284827472324,0.38039078472456045
0,0.3434348684326669,0.3800731710788581
0,0.3482425404235067,0.3840085551975783
0,0.4672678143504752,0.3880138519941373
0,0.3241866323259699,0.39211893701408107
0,0.3391450701006473,0.39218318070484676
0,0.3964466986700276,0.383763205595669
0,0.32802086714423284,0.3862852803042989
0,0.38978203114743115,0.388728683087404
0,0.3371819549507924,0.37950556507263977
0,0.37086886886677856,0.376464672408214
0,0.33256945537040006,0.38578141427488194
0,0.3346683241268408,0.38700485317456085
0,0.3441289998335995,0.4024328165174583
0,0.32429212080466085,0.4026050931478497
0,0.3462878497560558,0.40751893890381136
0,0.5869838170427165,0.40751893890381136
0,0.4004738040052638,0.4069228485463487
0,0.34133035200363115,0.4026106237169649
0,0.35447703821093224,0.3955856484831052
0,0.3791197716677462,0.41025555294511096
0,0.3296335169866741,0.4103140711148843
0,0.35944747290273493,0.4050998924987405
0,0.34013709278719845,0.41149795832478003
0,0.32461482981986967,0.4071725836711209
0,0.46749377920293167,0.3936300867048047
0,0.3380517129470457,0.39783832803467484
0,0.3947281415733448,0.3830317466309655
0,0.32802086714423284,0.39034683691352196
0,0.3881515124962639,0.3928248206299317
0,0.34888052905120487,0.3835197030563189
0,0.32667032746859515,0.38055763010934984
0,0.34882999904558293,0.398850163058527
0,0.35293806309276454,0.3995637466838042
0,0.3651537550843179,0.39775769270225864
0,0.5876902297901783,0.3815209612017488
0,0.3873144376006394,0.3809063960017888
0,0.3442523211288088,0.3812248570887686
0,0.353650017397649,0.3806697434276388
0,0.42568936177976013,0.3844428344335717
0,0.4672678143504752,0.38458165237565617
0,0.32409657334709346,0.3924340165178943
0,0.3391450701006473,0.39122670830992223
0,0.3850513237000726,0.3843655699148552
0,0.32802086714423284,0.3866313792685168
0,0.38153432803359716,0.3880233281918979
0,0.3696868094148128,0.41099860103584435
0,0.33706790789434504,0.4079895120667489
0,0.33256945537040006,0.41673389651026305
0,0.3346683241268408,0.42394833449698943
0,0.3441289998335995,0.43337768492288486
0,0.32429212080466085,0.4355228862939256
0,0.3468777626970812,0.43946813520349315
0,0.5871824232432716,0.43946813520349315
0,0.37561411387857147,0.43946813520349315
0,0.34142248804999825,0.4356763005686307
0,0.34014338006924016,0.428216719825495
0,0.35962853781259524,0.4409796198163628
0,0.33185361678365105,0.44164122755855795
0,0.3542007721143231,0.4401200950313193
0,0.41385207677975244,0.4448055066042195
0,0.32461482981986967,0.3980122364759251
0,0.33834748641924367,0.39951774370911003
0,0.4680979119618373,0.39827273281970343
0,0.37091632202003916,0.3834499839194046
0,0.32802086714423284,0.39077306164308406
0,0.3668895070690585,0.3932537511017709
0,0.3529410784557767,0.3838633241538673
0,0.32667032746859515,0.3808985972865157
0,0.3587434047568293,0.3996440017490209
0,0.35501638383637635,0.3996440017490209
0,0.3607010728503685,0.3996440017490209
0,0.36599979249128833,0.3996440017490209
0,0.588708407486587,0.40030644578163954
0,0.3793697100079073,0.3806697434276388
0,0.3434348684326669,0.3804137041965937
0,0.435071250068327,0.3841929901406517
0,0.46772963718340305,0.3991701066561942
0,0.3241866323259699,0.39254709672252525
0,0.3422884072403477,0.3921541441050875
0,0.3583530883574788,0.3843655699148552
0,0.32802086714423284,0.3866313792685168
0,0.5822651345097866,0.3811602708716299
0,0.5156935761044174,0.3894048265561436
0,0.35349240980584085,0.38996998192686555
0,0.33640413322021007,0.39036405871327884
0,0.33256945537040006,0.39751868535008344
0,0.3346683241268408,0.4140001181585984
0,0.3441289998335995,0.4309026648071439
0,0.32429212080466085,0.43147518179943234
0,0.3548841044229934,0.43274162294370555
0,0.5869838170427165,0.4339794079660398
0,0.3712661489285905,0.435940289971027
0,0.34351998444114795,0.42982745118514265
0,0.3407671653228103,0.438014010070668
0,0.3585910351169473,0.44300202671583544
0,0.3296335169866741,0.436926576611668
0,0.36078332140813535,0.4084211752674421
0,0.34628806840011334,0.39054830341383817
0,0.32461482981986967,0.39649984806850985
0,0.34098808838157,0.39783366858301544
0,0.4661347816236606,0.39985129429060096
0,0.3583530883574788,0.38658656338656777
0,0.32802086714423284,0.39429357974157747
0,0.3517181205838081,0.3964710426082454
0,0.3993045390774082,0.38691633006134346
0,0.32667032746859515,0.38392802363306344
0,0.35417454988953834,0.4028056976582119
0,0.34471381591641714,0.4036342009133593
0,0.3648323415254979,0.4011985328992138
0,0.5876902297901783,0.3848998864289893
0,0.3639439133226987,0.38427987835676514
0,0.3442523211288088,0.3846011598817028
0,0.35468868885333354,0.38404112987849925
0,0.3556123110315099,0.3880309658508225
0,0.4678878936862757,0.3882721947073417
0,0.3241866323259699,0.3949917714158769
0,0.3422884072403477,0.39386766289171476
0,0.3593939333693635,0.38761620553001824
0,0.32802086714423284,0.38935868501581533
0,0.35362285336623106,0.3906112789474172
0,0.33640413322021007,0.3820009817604646
0,0.33256945537040006,0.37677989841001897
0,0.3346683241268408,0.3758307408765633
0,0.3441289998335995,0.38544793649515113
0,0.32429212080466085,0.382037905414096
0,0.4020678613457133,0.38588348112667387
0,0.5812908452216534,0.3847854315710566
0,0.3551973534333741,0.38637026620938386
0,0.34192228136800357,0.38452517906538647
0,0.342720668522791,0.37908653682757537
0,0.35512239166968335,0.3795497770301555
0,0.33185361678365105,0.3876285858652057
0,0.35449152958513436,0.3896152264244956
0,0.34628806840011334,0.38524112838443614
0,0.32461482981986967,0.39547249969840864
0,0.34453517832523506,0.40011542895833335
0,0.46836920953548694,0.39985129429060096
0,0.3583530883574788,0.38658656338656777
0,0.32802086714423284,0.39429357974157747
0,0.35362285336623106,0.3964710426082454
0,0.3696868094148128,0.41715182027021114
0,0.41588441701395507,0.4120560052313455
0,0.32667032746859515,0.40850099128463896
0,0.3555840069213861,0.4294984566784309
0,0.35194508779326383,0.42656095138736744
0,0.3607952762733197,0.42720252198547615
0,0.361588961733923,0.426828233948237
0,0.5795492865435818,0.40769378666263406
0,0.35301607676408303,0.40810897532099527
0,0.3434348684326669,0.40858811587230004
0,0.3557326325939006,0.41320014555192724
0,0.4673430932989548,0.4181983945126503
0,0.3241866323259699,0.4210708948952907
0,0.3511916922834408,0.4157558990355512
0,0.3463993776205168,0.4094781997804246
0,0.32802086714423284,0.3896685602415276
0,0.3411640383050871,0.39221370879430034
0,0.33640413322021007,0.38321802052685877
0,0.33256945537040006,0.38079100795277326
0,0.3346683241268408,0.379885274876159
0,0.3441289998335995,0.38671492505034266
0,0.32429212080466085,0.3849051584993827
0,0.38334963067245115,0.38723618603539506
0,0.5768749373431032,0.38886308790919977
0,0.34303826209336064,0.38815515767677017
0,0.37281501892640534,0.38656300167323815
0,0.3536076689813719,0.3826791129233077
0,0.3589484456611126,0.38121823000409377
0,0.3296335169866741,0.38843116241265785
0,0.37401295415735153,0.3907595278368499
0,0.32461482981986967,0.3909758346932035
0,0.34818868586323787,0.3966340039448035
0,0.3502641514008107,0.4011520612853431
0,0.4690654360159235,0.40164626215425453
0,0.3364087209174288,0.38784395941912886
0,0.32802086714423284,0.39511532400438565
0,0.3339550218254448,0.39762933216402924
0,0.3851408982364046,0.38723966229188145
0,0.32667032746859515,0.38343927401042543
0,0.41349331122108324,0.40228583181132244
0,0.37349209601303424,0.4036342009133593
0,0.36094142701174736,0.4019690903373117
0,0.5742997076907363,0.38427987835676514
0,0.35170960790134315,0.3849870489590211
0,0.3442523211288088,0.3848998864289893
0,0.3517820921417075,0.38404112987849925
0,0.3554776204749206,0.3924849638040635
0,0.46750121901455527,0.3882721947073417
0,0.32461482981986967,0.3953259682511592
0,0.3521749118279549,0.39628252754509347
0,0.33168324713193775,0.38877592880199086
0,0.32802086714423284,0.39014250675311074
0,0.3308479684293188,0.392609899726759
0,0.3357422467940426,0.3831849134620915
0,0.37086886886677856,0.3799514949575817
0,0.33256945537040006,0.38551546824895966
0,0.3346683241268408,0.3927079378959689
0,0.3441289998335995,0.403951109253394
0,0.32429212080466085,0.40457913679170115
0,0.3866525200494035,0.40834906181672886
0,0.5734153752449348,0.40951707599840775
0,0.35243973310440696,0.4134095625225948
0,0.39854580061043987,0.40621661937288456
0,0.3612296520158311,0.3988133388289084
0,0.35569299688081607,0.41151818767530884
0,0.33185361678365105,0.4129929194921843
0,0.351611878412409,0.41054603678450374
0,0.32461482981986967,0.41806200796941373
0,0.348898373578215,0.4124000085485173
0,0.3659337199717421,0.400163679165166
0,0.46467391481610276,0.401178422082065
0,0.3302036396711152,0.3870056565895565
0,0.32802086714423284,0.39419562803956865
0,0.33146271776872316,0.39719025143546305
0,0.3890985988017891,0.3888122355928356
0,0.32667032746859515,0.38378282304618205
0,0.3557111767638349,0.40378087745065844
0,0.3936703120911826,0.4037492547331733
0,0.37253729403343333,0.40378087745065844
0,0.36966027519170813,0.40378087745065844
0,0.5657422202989976,0.4051884545227939
0,0.35327663481799665,0.38474786112414383
0,0.3434348684326669,0.38410353671623576
0,0.35522483939922556,0.39184471463407355
0,0.46203470721154655,0.3876388177035906
0,0.3241866323259699,0.3955225029263635
0,0.3807944630278891,0.3970159963070333
0,0.3366768921050683,0.38862945813385313
0,0.32802086714423284,0.38999552122906056
0,0.33834316713250817,0.39246198461661413
0,0.3696868094148128,0.41570402172110277
0,0.33562868669864104,0.41473808623644576
0,0.33256945537040006,0.42087119291011066
0,0.3346683241268408,0.4289365196915104
0,0.3441289998335995,0.4355331727026468
0,0.32429212080466085,0.43801060593314156
0,0.38759641091252584,0.4430590467503566
0,0.5499457366448431,0.4430590467503566
0,0.3501367712578522,0.4430590467503566
0,0.38405277153952994,0.43701321162912593
0,0.35857362960508044,0.43265947022337004
0,0.35640282830419817,0.44277900061574893
0,0.3296335169866741,0.44259367862090576
0,0.36327299562497145,0.4427573933987669
0,0.34692000226558245,0.4444370241434315
0,0.32461482981986967,0.4001260914286673
0,0.3796602793488797,0.3997663268951342
0,0.4637374864424007,0.4029241834110601
0,0.3419832296180147,0.38803529516434365
0,0.32802086714423284,0.39561291130409443
0,0.34320256684288064,0.3980655474104904
0,0.3880345618497832,0.389144341506088
0,0.32667032746859515,0.3849388799143467
0,0.35745548876935074,0.40515777995703056
0,0.37675505698430417,0.4060314101750926
0,0.3621862662353822,0.4046560492448862
0,0.369327076104042,0.4046560492448862
0,0.38904654970859276,0.4056326977447143
0,0.3615459725103366,0.38556079279304073
0,0.3438318581098719,0.38556079279304073
0,0.35512615801289477,0.3901413131121989
0,0.46219103683267,0.4034298303885751
0,0.3241866323259699,0.39492545537383816
0,0.3807944630278891,0.3964650270144496
0,0.34704505195484475,0.38985331975984605
0,0.5909911678368904,0.38495807444588587
0,0.5181262820111067,0.3920235628881943
0,0.32850041068013774,0.39364764349457837
0,0.35039910331606217,0.3922134277847177
0,0.33562868669864104,0.3931951188345605
0,0.33256945537040006,0.40683756197589416
0,0.3346683241268408,0.4201495784250361
0,0.3441289998335995,0.4342648417396408
0,0.32429212080466085,0.4346452581137301
0,0.3871760818117438,0.4410275167056423
0,0.3872553092317899,0.4413569751163271
0,0.3650198707350848,0.44014687238049305
0,0.35169565754803517,0.43354270372717185
0,0.34307904258194977,0.44407518249304107
0,0.38528642100578636,0.44439659366410694
0,0.33210502068237424,0.4409252039472514
0,0.3729721262261385,0.4130506719374408
0,0.34692000226558245,0.3913120376956696
0,0.32461482981986967,0.39719091226343795
0,0.3516494084156699,0.39993447149252437
0,0.4626664923304352,0.40235981906132595
0,0.34694527338571535,0.38658348798567466
0,0.3284416959000832,0.3935148897395808
0,0.3524076357407088,0.39604834338743583
0,0.40497414733805526,0.38905239953534376
0,0.32667032746859515,0.3847209362415967
0,0.3699594900526281,0.40128551917035554
0,0.3612116959178961,0.40128551917035554
0,0.35686455753511076,0.40128551917035554
0,0.37324134079835475,0.40128551917035554
0,0.38904654970859276,0.4022540328031847
0,0.3690788108465535,0.38185788584294406
0,0.3434107740882686,0.3811566045522745
0,0.35512615801289477,0.38467229493796734
0,0.46203470721154655,0.39931739463515614
0,0.3241866323259699,0.39267325249314344
0,0.3391450701006473,0.3942242629473713
0,0.35204074557448634,0.3852165275457281
0,0.32764214705950984,0.3883933719433374
0,0.36067844686171635,0.3889831717760718
0,0.3500029974994013,0.38133539181924525
0,0.33410033515654625,0.3782084449181031
0,0.3346683241268408,0.37941618888911777
0,0.3441289998335995,0.3846437115018821
0,0.32429212080466085,0.38376922006373615
0,0.3828894684880878,0.38682527570855274
0,0.3872553092317899,0.3888266252886425
0,0.36410367439909125,0.3879317247006217
0,0.34436078277239734,0.3852068995102127
0,0.36031451789506624,0.3815497440299848
0,0.3776036109626826,0.3795351185669271
0,0.32970312563326154,0.3867252278897439
0,0.3729256952213267,0.38915971382189357
0,0.32409657334709346,0.3894826717169453
0,0.34882408812583016,0.3952885865284211
0,0.3380517129470457,0.39647842127806066
0,0.4637374864424007,0.3996125229632098
0,0.351189234294326,0.3849740239167449
0,0.32764214705950984,0.39216930309146114
0,0.3599552121425498,0.3946005902539848
0,0.3695617680482683,0.415541786398504
0,0.37748220311430025,0.41259089075543914
0,0.32667032746859515,0.40834640232988106
0,0.3725781544932655,0.42988982945473936
0,0.354120413005715,0.426926145954515
0,0.3632426383813919,0.4261466688305176
0,0.3753802330684348,0.426926145954515
0,0.38904654970859276,0.40933727653572766
0,0.36639128769913515,0.4091778814020682
0,0.344228169434419,0.40902825720511443
0,0.35522483939922556,0.40938007784986113
0,0.46203108704650864,0.41891308872843613
0,0.3238992266639829,0.4212351521210284
0,0.3391450701006473,0.415014484994983
0,0.3510861942639429,0.4086517347870836
0,0.32764214705950984,0.3875552648140845
0,0.36055182860562335,0.3903943048470582
0,0.34921375831570595,0.380562903563463
0,0.33410033515654625,0.3779570769322667
0,0.3346683241268408,0.37705287864530407
0,0.3441289998335995,0.38538333114230017
0,0.32429212080466085,0.38330964389267175
0,0.3670710241623892,0.3862136529578275
0,0.3872553092317899,0.3862136529578275
0,0.3686731787075572,0.3878362588462881
0,0.3681465390219943,0.3862136529578275
0,0.3498521495075345,0.3847722160793289
0,0.38010640542008267,0.38022064070141715
0,0.33210502068237424,0.38635889969773396
0,0.36805781230527745,0.38943587051771694
0,0.3238992266639829,0.38975905759112917
0,0.34494724692522916,0.3955365678379775
0,0.33834748641924367,0.3972477428372379
0,0.46278817583532206,0.39799180311485505
0,0.3513911109838823,0.38601474388874585
0,0.32764214705950984,0.3931363178179894
0,0.362147376225316,0.3955736000710825
0,0.3680346958855315,0.38595073925818363
0,0.32667032746859515,0.38209330194040403
0,0.3501567244649623,0.4008189449711887
0,0.3783261950848902,0.40073900503030313
0,0.3567059556886454,0.40073900503030313
0,0.3819888121906926,0.4008189449711887
0,0.38904654970859276,0.38209330194040403
0,0.3693286090146371,0.38232301162474275
0,0.3633247454390396,0.38562972424180414
0,0.3500635048587616,0.38562972424180414
0,0.4609587576536404,0.40039168954661336
0,0.3238992266639829,0.39397010601869337
0,0.3424421024654373,0.39431767735590095
0,0.34769703568628135,0.385046285666542
0,0.32764214705950984,0.3886969219783968
0,0.35383921890497716,0.3898880031494786
0,0.3502786335736332,0.3804042866968792
0,0.37086886886677856,0.37836538948020704
0,0.33410033515654625,0.3868634556285879
0,0.3346683241268408,0.3884442041870764
0,0.3441289998335995,0.40432463351505976
0,0.32429212080466085,0.40354005674946114
0,0.3605612664827133,0.40986821672870594
0,0.3872553092317899,0.4084653138536743
0,0.36106326124629906,0.41094997948033285
0,0.36764893566613155,0.40466927332330566
0,0.3451140870148818,0.39832955823337207
0,0.377557435142699,0.4113263651473785
0,0.34386263429346864,0.41239371718698004
0,0.3603156608400134,0.40715311089788603
0,0.3408163050053547,0.41237246533015154
0,0.32360959689587526,0.40803789847915833
0,0.34114119973412566,0.3970392270920227
0,0.46475580531494787,0.39741185848858424
0,0.35348900539404454,0.3853310173962513
0,0.32764214705950984,0.3924399772768329
0,0.3626475314651999,0.39493124858070555
0,0.35914890413275813,0.3849539193225843
0,0.32667032746859515,0.38198076936140046
0,0.3624291791470985,0.4013050144188476
0,0.3966081122634765,0.4013050144188476
0,0.355401265542283,0.4013050144188476
0,0.38539127619106356,0.4013050144188476
0,0.38904654970859276,0.40197021172169267
0,0.36173257879235327,0.38149449864035845
0,0.35243177248918106,0.38528452192433
0,0.3499662572900902,0.38528452192433
0,0.46412333356530117,0.40109892965125893
0,0.3236995205552033,0.39354039420287035
0,0.34165322973863865,0.39342883364383474
0,0.35348900539404454,0.385046285666542
0,0.32764214705950984,0.3882442146462413
0,0.3626475314651999,0.39000034971813363
0,0.3695617680482683,0.41247645183883674
0,0.34921375831570595,0.4082759511125942
0,0.33410033515654625,0.41526606689795625
0,0.3346683241268408,0.4265326124508901
0,0.3441289998335995,0.43432071961591245
0,0.32429212080466085,0.4352754917151028
0,0.35681843970707083,0.43465047847646127
0,0.3872553092317899,0.43836521261821243
0,0.36382660384653737,0.43836521261821243
0,0.39956556487960526,0.43616089288751203
0,0.3467282325856515,0.4304675294971067
0,0.38612156900651873,0.44172498719747083
0,0.3403693958793853,0.44297420614484745
0,0.36549351023870275,0.4412852516841662
0,0.32360959689587526,0.4478915275676299
0,0.34268689045175327,0.39656554471627137
0,0.34468988240128284,0.39585706271648413
0,0.46475580531494787,0.39664850181119715
0,0.35071188610060616,0.3853310173962513
0,0.32764214705950984,0.3924399772768329
0,0.3607891651892058,0.39455989247124373
0,0.35273804212047893,0.3849539193225843
0,0.32667032746859515,0.381684308384444
0,0.39012020833303634,0.381684308384444
0,0.41066798616171013,0.381684308384444
0,0.36371090837222375,0.381684308384444
0,0.3745397104180347,0.381684308384444
0,0.3648782216815046,0.38149449864035845
0,0.35027842826622724,0.3819418601474683
0,0.36049676214704723,0.38198076936140046
0,0.3500635048587616,0.3852864578749338
0,0.46412333356530117,0.40109892965125893
0,0.32360959689587526,0.39413204207273167
0,0.35134938528458654,0.3941440969565255
0,0.344538806823771,0.385048220420073
0,0.5920645335606427,0.3818617757612853
0,0.515336088804067,0.39171592463591093
0,0.3284748254184348,0.391315421325605
0,0.35230589160069753,0.3918044303144527
0,0.34921375831570595,0.3901932587336895
0,0.33410033515654625,0.4003949438972121
0,0.3346683241268408,0.4171003203496583
0,0.3441289998335995,0.43328368203399137
0,0.32429212080466085,0.43202235007571405
0,0.34792211278449997,0.43663046215293
0,0.39423528154288245,0.43742680325118544
0,0.3548223083652226,0.434696941985499
0,0.4179626713437889,0.42898254619246035
0,0.37045563940891607,0.4374606489878968
0,0.36176398282675626,0.44296228439646146
0,0.33977858332180616,0.41266435976992566
0,0.3589883524956741,0.39312239373439817
0,0.32360959689587526,0.39344864019894416
0,0.34268689045175327,0.3962039121309241
0,0.3504214279151525,0.39794327858296036
0,0.46475580531494787,0.39776870798826525
0,0.34494090857363674,0.3870837877241595
0,0.3284416959000832,0.39478481039502705
0,0.35302659199288783,0.39681359342719935
0,0.3421315998244696,0.3890945607026657
0,0.32667032746859515,0.38560166252663425
0,0.3613158766526878,0.40587395901378676
0,0.42959808246627934,0.40587395901378676
0,0.3786473185757537,0.40587395901378676
0,0.3664730307838787,0.40587395901378676
0,0.39221681132180336,0.40586236185288854
0,0.35769779106153526,0.3858574582978465
0,0.35243177248918106,0.3858574582978465
0,0.3500635048587616,0.389288573490018
0,0.4637018422781642,0.4050408584106625
0,0.32360959689587526,0.39604180994896965
0,0.35233304631688106,0.39782751598022603
0,0.3560116967200084,0.38904786137294495
0,0.32764214705950984,0.3910978808834455
0,0.35013523377033623,0.39276195789090135
0,0.34921375831570595,0.3835761009209757
0,0.33410033515654625,0.3803926871625473
0,0.3346683241268408,0.3805488573050001
0,0.3441289998335995,0.3877189363155713
0,0.32429212080466085,0.3849354367435333
0,0.33902022152253536,0.388554290273828
0,0.3904109743887978,0.388554290273828
0,0.3604284996393028,0.38881726974341285
0,0.4431148390163799,0.38776900929909625
0,0.35917079825094583,0.3832702146545959
0,0.37119629900231665,0.3823333457146812
0,0.3403693958793853,0.38958209687972956
0,0.3236995205552033,0.39334075960418524
0,0.36540059758826393,0.39074022122226054
0,0.34124458467424024,0.3973780230686308
0,0.36596266340290595,0.40052361682067167
0,0.4643337396517506,0.4002850724670421
0,0.3625955974853932,0.38838311063062525
0,0.32764214705950984,0.39534367386982633
0,0.35341188179330685,0.398433166742401
0,0.3695617680482683,0.41881161980153364
0,0.34147862960420533,0.4173344349599917
0,0.32667032746859515,0.41366011561062827
0,0.3904017576574556,0.4139548179989346
0,0.42500181385909924,0.41414245883762996
0,0.37644740317664055,0.4123942793406617
0,0.38249490902004607,0.4136804425613172
0,0.36354239769019137,0.41414245883762996
0,0.35027842826622724,0.4147753181179309
0,0.36049676214704723,0.4141639514093099
0,0.3496418722136978,0.4141639514093099
0,0.4637018422781642,0.4235619489969424
0,0.32360959689587526,0.42477295116889047
0,0.3809654483416478,0.4231662304554836
0,0.36863512913044827,0.41330761861469895
0,0.32764214705950984,0.39174329093589794
0,0.3489797875013265,0.3956631150790947
0,0.3491892585419937,0.38713942918012917
0,0.33410033515654625,0.38386129762883714
0,0.3346683241268408,0.38278331540291716
0,0.3441289998335995,0.39084705056088553
0,0.32429212080466085,0.3868745898929612
0,0.33852512668134616,0.39149677493552215
0,0.39451980071110226,0.39090616064803546
0,0.3548223083652226,0.39185194044365357
0,0.3963787875351994,0.39077394213421984
0,0.35676313336749904,0.38506376815840726
0,0.3726077932460761,0.38379315706911254
0,0.33977858332180616,0.3921519877381939
0,0.3236995205552033,0.39535406815483826
0,0.3606057073546089,0.3942387748380113
0,0.342784153122909,0.3994119962894349
0,0.37879412406406465,0.40095574248092275
0,0.46573329833376753,0.40283233191045353
0,0.3664124246192557,0.3903523149365813
0,0.32764214705950984,0.39766915476027725
0,0.34520790867707296,0.3998652590394219
0,0.34147862960420533,0.39136479386446366
0,0.32667032746859515,0.3878075870424329
0,0.38837397528769996,0.40824209420333885
0,0.3912065879593432,0.40824209420333885
0,0.36921617137721013,0.40824209420333885
0,0.3755240356605226,0.40824209420333885
0,0.392499873762289,0.40781208855915047
0,0.35769779106153526,0.38728705423643983
0,0.35243177248918106,0.39153246799705943
0,0.3496418722136978,0.39153246799705943
0,0.4637018422781642,0.40692204315732194
0,0.32360959689587526,0.3992210626554561
0,0.3800662542098204,0.3993296407504528
0,0.36805091063634227,0.39281748697921137
0,0.32764214705950984,0.3947509011249794
0,0.3418179347119045,0.3974542397649954
0,0.34934605240516653,0.38895908420806924
0,0.38665438075177483,0.384352508986475
0,0.33410033515654625,0.39148011065314675
0,0.3346683241268408,0.3969627339039101
0,0.3951531063467724,0.41223242581716735
0,0.3440126030368761,0.41058305545115736
0,0.3241150601455137,0.4115542382883077
0,0.3498343026659288,0.4167299382812629
0,0.36121323147425605,0.41527435568191684
0,0.38651779259785884,0.4095755693832088
0,0.3689297204372024,0.40310836003371675
0,0.3676025378219955,0.41629690472780345
0,0.3403693958793853,0.41522092149267614
0,0.3236995205552033,0.41522092149267614
0,0.3946632741575838,0.4187360614895338
0,0.342784153122909,0.41194255314198464
0,0.35097693487695103,0.40631850044833895
0,0.46573329833376753,0.4059848806290029
0,0.3613631368332606,0.39134031401178165
0,0.32764214705950984,0.3980421953502333
0,0.33661134062968107,0.399881744640356
0,0.3654828305319858,0.3931197603279537
0,0.32750479719085607,0.3901751077563352
0,0.39564326629610375,0.39047816368786975
0,0.400410494966304,0.39047816368786975
0,0.38586198907762964,0.39047816368786975
0,0.37789556448033806,0.39047816368786975
0,0.3648782216815046,0.3898491699623587
0,0.35027842826622724,0.3901751077563352
0,0.39444271428274813,0.3895869566306608
0,0.3496418722136978,0.3941723867825891
0,0.4652150932806866,0.41054711798766946
0,0.32360959689587526,0.4009087299374546
0,0.3397079711820919,0.4005512294153832
0,0.3641369596703919,0.3933527904879113
0,0.32764214705950984,0.39432820722060974
0,0.33661134062968107,0.3959681450610966
0,0.3696868094148128,0.4170424962455919
0,0.3491892585419937,0.41576993003442364
0,0.3338391613899283,0.41999451879532673
0,0.3346683241268408,0.4288642848591361
0,0.34447800105085946,0.4361609190998847
0,0.32472792405167267,0.43691252572526007
0,0.3877667124677289,0.43772732183068364
0,0.3995188268541294,0.44146835217046687
0,0.36040595302892825,0.4419286235460521
0,0.3760818009062661,0.43594009268437545
0,0.38527756094183907,0.4311074385914599
0,0.39124970764675254,0.4467618151576617
0,0.34086575617081705,0.44656063183290606
0,0.3236995205552033,0.4482086341955606
0,0.395279894209757,0.45000083107434813
0,0.342784153122909,0.4027350401411382
0,0.33778849023598023,0.4044375334229218
0,0.46573329833376753,0.4042007800715557
0,0.3658045899084291,0.3898738956532582
0,0.32764214705950984,0.39622597098233275
0,0.33732047662634473,0.39841410536481225
0,0.3883182862219055,0.39299999875941033
0,0.32750479719085607,0.389662048344737
0,0.39889783353265706,0.4084418529977657
0,0.3835704451477744,0.4084418529977657
0,0.35753078127850735,0.4084418529977657
0,0.39910280688868355,0.40868158566372564
0,0.39712985960542085,0.40969516904669967
0,0.35643328298072186,0.38873218641428126
0,0.3535594311262651,0.3926379089843501
0,0.4249923498234567,0.3926379089843501
0,0.465254656367572,0.4090872628434881
0,0.32360959689587526,0.3994373214376898
0,0.3397079711820919,0.40071695964326154
0,0.36676872829290524,0.3941604257017514
0,0.32764214705950984,0.3946183965037629
0,0.3369350835618751,0.3966483080302013
0,0.5922648588235885,0.38950537602098656
0,0.5219866419143231,0.39533093967889
0,0.34812637088253223,0.3984657695160939
0,0.3338391613899283,0.4111962419270525
0,0.3346683241268408,0.42268330642475205
0,0.3973011209264646,0.42409294963091104
0,0.34292758399329065,0.44068717699622856
0,0.32455062544776764,0.4410732193415149
0,0.38308281513792025,0.4443435172027055
0,0.35786447597227056,0.44179748050306034
0,0.3689234573036242,0.43517241720295935
0,0.34875570520143157,0.4447384578933644
0,0.3945453300810619,0.4471208560924993
0,0.3403693958793853,0.4165527857743723
0,0.3236995205552033,0.39845512578567144
0,0.40116251985445517,0.39755801803683977
0,0.4147847631471089,0.3999237089115736
0,0.3380840334052623,0.4055481280767464
0,0.46573329833376753,0.40675075262074734
0,0.36751771918396653,0.3902478489920761
0,0.32764214705950984,0.39647187059846023
0,0.3369350835618751,0.39866136294695936
0,0.3891411562305747,0.39199361972456553
0,0.32750479719085607,0.3881694380919478
0,0.3974502228134039,0.3881694380919478
0,0.39290389176989077,0.3876963262160166
0,0.3515590530934681,0.3876963262160166
0,0.40155445141356905,0.3876963262160166
0,0.3572579405393808,0.38799745683393205
0,0.35139919695353616,0.3880012127894542
0,0.39600190987785255,0.39569482367222236
0,0.43527550743730015,0.39553912704901906
0,0.465254656367572,0.4109649766166399
0,0.32360959689587526,0.40248592177289
0,0.34285652552242785,0.40362587764415075
0,0.35997143795578923,0.39559239995303813
0,0.32764214705950984,0.3958883036502691
0,0.3318988183416445,0.3981485094722391
0,0.35007987998350637,0.386663413751125
0,0.3338391613899283,0.3837494314651539
0,0.3346683241268408,0.3839514124975784
0,0.3974502228134039,0.40215965644347645
0,0.34292758399329065,0.4091526721123651
0,0.32455062544776764,0.38792831693336266
0,0.3847827465705632,0.3900868754445956
0,0.3540160257683256,0.39157530711725386
0,0.39121581418333234,0.3894986893805982
0,0.34541845846053293,0.38713961549168824
0,0.39796860185039284,0.39133456669484906
0,0.34086575617081705,0.4032920238608722
0,0.3232124897775095,0.40264203948083654
0,0.39115673453276256,0.4004446138551989
0,0.34923897228348116,0.4065197810271222
0,0.34072257927267546,0.40937039453335017
0,0.46573329833376753,0.41151275844183227
0,0.36411906173182335,0.4002485630950535
0,0.32764214705950984,0.4078905563767981
0,0.3365949300870833,0.4098958424726635
0,0.3695617680482683,0.4294431857591379
0,0.3816972848824679,0.4271431047876346
0,0.327144178185157,0.42160617006120155
0,0.3937244079659155,0.4412067407366881
0,0.38980693962010027,0.44081270275572343
0,0.35138895686796723,0.44283311462828884
0,0.4036513944309294,0.44081270275572343
0,0.4016379199489598,0.4421609546640524
0,0.3563429450895241,0.4224564648023329
0,0.3535594311262651,0.4224564648023329
0,0.35689177717304715,0.4230634720453987
0,0.465254656367572,0.4325839671808288
0,0.3232124897775095,0.43122457722279955
0,0.34285652552242785,0.4320197790641215
0,0.3601827985307158,0.42169028934572755
0,0.32764214705950984,0.4001388898880435
0,0.33576253308872517,0.40267387538401084
0,0.34934907115575825,0.394295146002456
0,0.33410033515654625,0.39254231338339074
0,0.3346683241268408,0.39138832914633903
0,0.3453277269105107,0.3937533813013052
0,0.323940558652843,0.3950880858492005
0,0.3786914795492789,0.3953267992987832
0,0.3974502228134039,0.39743448968537914
0,0.35765028663202186,0.39461404138333595
0,0.40128652872417186,0.39462393130604523
0,0.34495835894854343,0.3938468707797799
0,0.38586219508430053,0.3915416881570043
0,0.34145845912232614,0.3993545524773897
0,0.3233023030899085,0.39663602826194505
0,0.38801605523897453,0.3991325174419583
0,0.34923897228348116,0.40275500465429975
0,0.3441396105310753,0.40631876754310586
0,0.46573329833376753,0.4089818257642515
0,0.3569880645385093,0.3971083948847168
0,0.32764214705950984,0.4026291330658628
0,0.33572103530022257,0.4055461104106705
0,0.383184581404725,0.3973255166084555
0,0.327144178185157,0.3937292712570684
0,0.3971542141424645,0.3937292712570684
0,0.42962312038995115,0.39335822847273205
0,0.3530535276606444,0.39335822847273205
0,0.3946553783106414,0.39335822847273205
0,0.3649027211567544,0.3933838505767262
0,0.35139919695353616,0.39795514302689616
0,0.3934095541349339,0.39795514302689616
0,0.35607037596109353,0.39795514302689616
0,0.465254656367572,0.4146522687013379
0,0.3232124897775095,0.4037429689163752
0,0.35084864618621775,0.4059687449396737
0,0.36229265530836585,0.39871641551774045
0,0.32764214705950984,0.3990467250059591
0,0.33644556097623235,0.40125598780287286
0,0.349742487726808,0.39407832964939105
0,0.38179841121540964,0.3945601906260335
0,0.33410033515654625,0.39709655488191015
0,0.3346683241268408,0.39989244083265074
0,0.3974502228134039,0.4201433638220666
0,0.3429824335563348,0.40827264553239945
0,0.3243766687947671,0.4097712183022943
0,0.3755881659688497,0.412162474605013
0,0.37023149337762407,0.41268459924852513
0,0.4090274294031135,0.4092138260994665
0,0.3442578638638573,0.4089075265865738
0,0.3803276586510839,0.4193140382625883
0,0.34086575617081705,0.4175584758907486
0,0.3903783168362944,0.41552594367018025
0,0.3232124897775095,0.42120441574319256
0,0.34855307749785636,0.4170890758121296
0,0.34965081979157947,0.40808733634964706
0,0.46573329833376753,0.40874472402449963
0,0.36494169266184867,0.39539901556220614
0,0.32764214705950984,0.39575502189478656
0,0.3373781383887424,0.4009183757462769
0,0.38967745388131414,0.4139229887474898
0,0.327144178185157,0.3938687064806249
0,0.39483647636705527,0.41494693563794377
0,0.4181640630024398,0.41585155374635846
0,0.3571715184858939,0.4161117322233709
0,0.3898786254084594,0.41585155374635846
0,0.4016379199489598,0.41580837584564073
0,0.3811646096415441,0.41644984069665775
0,0.3535594311262651,0.3994785485147209
0,0.35607037596109353,0.39972848318351156
0,0.465254656367572,0.41652395122963215
0,0.3233023030899085,0.4047004958115812
0,0.351086105900827,0.4058856022393512
0,0.36619603149589763,0.40023855929408275
0,0.32764214705950984,0.3998660582510599
0,0.33801427221756447,0.4022832873749747
0,0.3695617680482683,0.4274912223261015
0,0.34958551593511655,0.4248622636365325
0,0.33410033515654625,0.42801277491877415
0,0.3871595918620664,0.44889283123640766
0,0.39836269127602597,0.44827943601300296
0,0.3800447115813026,0.44827943601300296
0,0.34963592959368034,0.44827943601300296
0,0.35834259467710405,0.4488103137536537
0,0.33455512727068515,0.4344254504473605
0,0.33938454044860555,0.43764604979425104
0,0.3263669659375267,0.4388223814353173
0,0.38813918224208077,0.44873249613724686
0,0.4610480432789349,0.4495936717641287
0,0.4022039421831293,0.44840253402961044
0,0.3539756144731888,0.4512412929242405
0,0.38934901619015366,0.4051811726827424
0,0.32364761974510214,0.40305189966520616
0,0.3646544524904852,0.40860693808345033
0,0.3644791594425373,0.3968867383803057
0,0.32764214705950984,0.40280279971985433
0,0.3374383658752738,0.4059668171532387
0,0.3918980716766463,0.39816384937991106
0,0.3327639648284655,0.3949732261356235
0,0.3985121915563598,0.3949732261356235
0,0.4129958431141029,0.39493457416169625
0,0.35704922350933715,0.3940154093478453
0,0.39797806286744924,0.3940154093478453
0,0.37086994174191645,0.3936288394828495
0,0.3517072746012774,0.3990290210805624
0,0.38427327893230867,0.3990290210805624
0,0.3597819065701351,0.3990290210805624
0,0.4603203804492349,0.4164363046950201
0,0.3241740685486475,0.4050760946356721
0,0.38067076097374647,0.4047846836938496
0,0.3639260684490407,0.39935500390277634
0,0.32764214705950984,0.3985865094352726
0,0.33723905640758006,0.40255819887943517
0,0.5926657127128028,0.39666522607895155
0,0.5189805310924159,0.4027958905546927
0,0.34958551593511655,0.40399882218912236
0,0.33410033515654625,0.40924277951028165
0,0.3809903269015654,0.40898261866162844
0,0.3985121915563598,0.40898261866162844
0,0.373336754538483,0.40898261866162844
0,0.34874368169960934,0.40898261866162844
0,0.35611947863039284,0.410549206865638
0,0.33455512727068515,0.4224841572625042
0,0.33971194052154136,0.42939112559244264
0,0.33280665511281554,0.44240911933253235
0,0.37904328432004414,0.4405324096698291
0,0.4614671223411161,0.44057043362998244
0,0.37870530546307424,0.44189448582280044
0,0.3476694641215648,0.4212842590173286
0,0.38895782270176904,0.4083075353427226
0,0.32452031632969286,0.40455071533802933
0,0.3799252335796244,0.4084251004311706
0,0.3639260684490407,0.3955742955025564
0,0.32764214705950984,0.39509045368358997
0,0.33723905640758006,0.40079854610559235
0,0.3682088292929167,0.4145771221154701
0,0.3327639648284655,0.3933118134709708
0,0.3985121915563598,0.3933118134709708
0,0.3871728645729777,0.3947055179002423
0,0.3508190239933943,0.39543015871071435
0,0.39290104388140057,0.39543015871071435
0,0.3656227087776947,0.39543015871071435
0,0.35332878682221724,0.40014584508685586
0,0.38427327893230867,0.40014584508685586
0,0.3601833229158973,0.40014584508685586
0,0.4614671223411161,0.4180729656938273
0,0.3243715826885775,0.4073277316440651
0,0.3810913292581432,0.4070347008790292
0,0.36494169266184867,0.4004655352174303
0,0.32764214705950984,0.3996920732782452
0,0.3373781383887424,0.4047958400304001
0,0.349742487726808,0.3949346684738594
0,0.33410033515654625,0.39288985060744297
0,0.3533690058278324,0.39169420045187553
0,0.3974502228134039,0.39184558564293775
0,0.350390769427168,0.3952917261162569
0,0.32996939528460145,0.39522627703013175
0,0.3639130504766895,0.39617804631814
0,0.3587885513935126,0.3963120933126876
0,0.38335864516386453,0.3955422500775506
0,0.3430149607002954,0.3955495647578637
0,0.3771357067231659,0.39551064510196277
0,0.3429386655624493,0.4049644245595652
0,0.32428147233052895,0.4021678000128831
0,0.3832942881349419,0.4015796976211527
0,0.3484363706080279,0.40487852045437633
0,0.35249533348516676,0.40745741183272155
0,0.4644034047170507,0.410077026892085
0,0.37415840179009374,0.3981250474601645
0,0.32764214705950984,0.3980027180467831
0,0.3428224955089729,0.40382090897011264
0,0.3695617680482683,0.426490481193585
0,0.3643560552240036,0.42516653856597514
0,0.33204926360526515,0.4239373578837998
0,0.3974502228134039,0.42303787645601515
0,0.41487095921717276,0.4235446395453641
0,0.3478533623728219,0.4237858759963112
0,0.3670136121432773,0.4232581719593778
0,0.3595673966361993,0.424510886270853
0,0.3531313913173545,0.42555122965437076
0,0.38045597643779383,0.4257286341493351
0,0.35611947863039284,0.4259868857424443
0,0.4616702077549119,0.43548050393497795
0,0.32428147233052895,0.4354502546230305
0,0.33927086222675157,0.43403195488876883
0,0.3891735504554454,0.4226949744499093
0,0.32764214705950984,0.4003062900468798
0,0.3487628387894281,0.4043404953212255
0,0.34934907115575825,0.39592315527937055
0,0.33410033515654625,0.39270557062576195
0,0.3806944861686036,0.3931806033433362
0,0.3974502228134039,0.4131411177682491
0,0.36031320969585495,0.4186901253895406
0,0.33978424506854477,0.41859406104722446
0,0.35611947863039284,0.41879440965487613
0,0.35258171436912156,0.41563752220701133
0,0.3480287200070083,0.39031790789626114
0,0.33280665511281554,0.3972852855594699
0,0.36701514415159514,0.39590807259075983
0,0.4614671223411161,0.4039286422989891
0,0.40609007720666346,0.4017310256877729
0,0.3410855256874665,0.40529873551173623
0,0.36159771132155244,0.4073352663445403
0,0.32471804143292715,0.40770289719530983
0,0.3384747909047726,0.4105704932900889
0,0.3894633563136794,0.3987735761953697
0,0.32764214705950984,0.40453611720818156
0,0.3510139395105346,0.4011536045436387
0,0.37063172664403765,0.39310475704459025
0,0.3327639648284655,0.3900115830121651
0,0.3974502228134039,0.3900115830121651
0,0.4089648164288984,0.3900115830121651
0,0.35049336323019326,0.3900115830121651
0,0.3663937117439944,0.3909608458146187
0,0.3758604177565576,0.3909608458146187
0,0.3428389570912392,0.40115070914884227
0,0.38508549066903003,0.40115070914884227
0,0.3601833229158973,0.40017670510099584
0,0.442671826966033,0.41857605400883796
0,0.3243715826885775,0.4074969756628298
0,0.3389777078466372,0.4087763413374664
0,0.3936485842943247,0.40299492725967695
0,0.32764214705950984,0.40221658003498806
0,0.3585088954615352,0.4065279007389378
0,0.349742487726808,0.3977421121792367
0,0.4018448312908491,0.39248620078681307
0,0.33410033515654625,0.39589388668378933
0,0.3828607999035746,0.41374837540746096
0,0.3974502228134039,0.42113132031077416
0,0.37973961747925367,0.42113132031077416
0,0.3413388744461035,0.42113132031077416
0,0.35473263289405216,0.41994649846346993
0,0.35258171436912156,0.4025047686850309
0,0.3483644590131617,0.4095947854469014
0,0.33280665511281554,0.40919849830651683
0,0.37359992514681595,0.41798351334486
0,0.4428216051491684,0.4190083094335566
0,0.32428147233052895,0.41909189375918054
0,0.4094456754510365,0.422223867813806
0,0.3467295026326297,0.42049952972106686
0,0.366364457716145,0.4091389103786841
0,0.33877093454292967,0.4120166067347686
0,0.3949094534470917,0.4001781384796634
0,0.32764214705950984,0.40005517822574166
0,0.35940376916740147,0.4057211949979337
0,0.37378695847922233,0.41953468536668687
0,0.3327639648284655,0.39809031447497123
0,0.3974502228134039,0.39809031447497123
0,0.42758597285903727,0.39809031447497123
0,0.35294303586456993,0.3984368129918262
0,0.37500591193706934,0.3984368129918262
0,0.3857242866164595,0.3984368129918262
0,0.34320349327423577,0.398887809050999
0,0.38657646384378447,0.40318835510208123
0,0.35546526167730935,0.40318835510208123
0,0.4424022782452427,0.42158353088697154
0,0.32428147233052895,0.41042484915315003
0,0.34186452899382325,0.40957630619911856
0,0.3963931633748304,0.40392019837074594
0,0.32764214705950984,0.4030037076112787
0,0.36052504096067045,0.407323465459754
0,0.3696868094148128,0.43014860941385413
0,0.34958551593511655,0.42769907376613936
0,0.33410033515654625,0.4293155415423291
0,0.3863317974286845,0.4297713312821659
0,0.3974502228134039,0.45203100479694364
0,0.38518190315827,0.4522677148070146
0,0.3393329096158203,0.45273632447490747
0,0.35145464991253317,0.45273632447490747
0,0.35258171436912156,0.4373370285940188
0,0.3483644590131617,0.4390800717839191
0,0.3330094289513951,0.4410616029365389
0,0.37301082792420037,0.45211577313264983
0,0.44255196522646456,0.4551201121714705
0,0.409147514789055,0.45533393152260204
0,0.344514473744187,0.4554585167176694
0,0.360225107941572,0.41168857766829886
0,0.32471804143292715,0.4090742876091503
0,0.34141484126734595,0.41278600334445326
0,0.39777955581159086,0.40036433974076036
0,0.32764214705950984,0.3994657166503983
0,0.36052504096067045,0.40036433974076036
0,0.37608026798801564,0.4148484280817606
0,0.3329667126565291,0.41862875684426476
0,0.3974502228134039,0.41685527690967866
0,0.4255386631263227,0.42839595909458683
0,0.35496418489978,0.4287910706425227
0,0.3612137169368299,0.4292565781302352
0,0.3946546080275185,0.4300973354257939
0,0.3428389570912392,0.42376058890854557
0,0.38955327437825765,0.4199016407431864
0,0.35546526167730935,0.4017512621721006
0,0.4424022782452427,0.40288738830611404
0,0.32473344353003464,0.4101184805532838
0,0.34186452899382325,0.41060360246669647
0,0.3966614483132824,0.40338883125323877
0,0.32802086714423284,0.40289562137605056
0,0.3613411756342046,0.40838390256734625
0,0.5940639099989328,0.40047557729696087
0,0.49829576672031495,0.4053119475738412
0,0.34934907115575825,0.40810601704717453
0,0.33410033515654625,0.41421490806955524
0,0.3903593460968126,0.43527865685280914
0,0.3974502228134039,0.43527865685280914
0,0.3911973907980791,0.4364513978978604
0,0.3413388744461035,0.4143023058075402
0,0.35145464991253317,0.4143023058075402
0,0.35258171436912156,0.42494843981780944
0,0.3483644590131617,0.4315520499170211
0,0.3330094289513951,0.4454047487858962
0,0.3752992933580217,0.4457021647731582
0,0.44255196522646456,0.4454209126556407
0,0.42838011487973054,0.44635520386888783
0,0.3509032703075772,0.42806137170620906
0,0.35426172362089614,0.4138709136527859
0,0.3250802887751119,0.4102984564405902
0,0.34494589389477853,0.41449830308058133
0,0.39915752254004455,0.4012918105298615
0,0.32802086714423284,0.40038556705697037
0,0.36223427614996323,0.4006648621602651
0,0.3802173613442607,0.41587019211765236
0,0.3329667126565291,0.41968059971018745
0,0.3974502228134039,0.4180193134135263
0,0.43808877529696866,0.4301849344454901
0,0.3587292783817088,0.43058169597355567
0,0.35565590974027617,0.43168358822193326
0,0.38747808082737106,0.43142504869234377
0,0.34320349327423577,0.4260118704615062
0,0.3964348873961291,0.4225445473005536
0,0.35546526167730935,0.40443300017168504
0,0.4424022782452427,0.40456984023304804
0,0.32473344353003464,0.4119199444212732
0,0.3508657049805098,0.4128238173629603
0,0.3995607115815999,0.4053041910904887
0,0.32802086714423284,0.40497543046334344
0,0.3641861576128907,0.4117288920804413
0,0.349742487726808,0.4019377971857038
0,0.33410033515654625,0.3976938524990092
0,0.3974502228134039,0.3974937151986695
0,0.3815440491699985,0.418353084300161
0,0.3393329096158203,0.42323821334933326
0,0.39586345298853437,0.42234734991169276
0,0.35145464991253317,0.4221453015998018
0,0.35258171436912156,0.419772327733606
0,0.3483644590131617,0.4012177846066229
0,0.3330094289513951,0.4014981834547767
0,0.4013278134017227,0.4019390427418997
0,0.44255196522646456,0.40765021471303525
0,0.41637180223655806,0.40802843908445274
0,0.34904983870307166,0.41027477525122064
0,0.3536337498404191,0.4140886423733217
0,0.32530450459026433,0.4114597672608463
0,0.3512304569938548,0.41610289095053055
0,0.4004248966051861,0.4043039864048806
0,0.32802086714423284,0.4038202510429823
0,0.3651666297126839,0.41065029618334625
0,0.3696868094148128,0.43254519505274286
0,0.4066001550513503,0.42989901410081
0,0.3329667126565291,0.42846403642135633
0,0.3986511444023551,0.4278923597605175
0,0.4267946084799944,0.4282590619251673
0,0.3553247980051854,0.42972327234466234
0,0.35667261913026477,0.4282590619251673
0,0.3845291639602177,0.43045844028042024
0,0.34351634198579944,0.43134991830959485
0,0.3972483346266589,0.43045844028042024
0,0.35546526167730935,0.43008349757346065
0,0.32722689974573976,0.4396322100480381
0,0.4428532933528317,0.43919194174346193
0,0.35184801186935866,0.43800480573559203
0,0.398286339354862,0.4298140996814189
0,0.32802086714423284,0.4069938560176731
0,0.366340094115067,0.41413656053110953
0,0.34958551593511655,0.40442500128888886
0,0.33410033515654625,0.3945075603331674
0,0.42852024453309856,0.4131555107858727
0,0.3974502228134039,0.4194741539057876
0,0.3737442470107121,0.4215864895122995
0,0.3413388744461035,0.4226119922351257
0,0.35050568494820744,0.4226119922351257
0,0.35258171436912156,0.4200353565513492
0,0.3483644590131617,0.402753575489147
0,0.3330094289513951,0.40312789514666
0,0.40738560836956206,0.40281551873570026
0,0.4431262333104233,0.4094484236245276
0,0.4035808788902404,0.4093804911339114
0,0.3436804360029314,0.41126585035010443
0,0.34804795647901793,0.415115921628987
0,0.32845002107775845,0.4121394001003128
0,0.3670965652144949,0.41565164798475
0,0.3802413670570464,0.402928283773268
0,0.32802086714423284,0.4019676884250049
0,0.36091742821879974,0.402532969456706
0,0.40597852326628875,0.4118774207314198
0,0.3329738725509398,0.4155069096996458
0,0.3974502228134039,0.4136763947186914
0,0.4150240296833279,0.4256206056208397
0,0.3555436921131029,0.42642432879637937
0,0.35257960620341927,0.43401198537911434
0,0.3755130827365612,0.4338988115232798
0,0.34320349327423577,0.42761851237495263
0,0.42856628729491353,0.42305548063366877
0,0.3551015281831855,0.40649434313027605
0,0.3274630590386636,0.40649434313027605
0,0.4428532933528317,0.4140194473712687
0,0.38059642133504396,0.4131751815898018
0,0.3703262285187627,0.4076742897952004
0,0.32802086714423284,0.40703953811932997
0,0.3598380072377184,0.41413656053110953
0,0.349742487726808,0.40432308124434224
0,0.4345016776450442,0.4044038381891896
0,0.33410033515654625,0.4070732509896576
0,0.3974502228134039,0.4066267603426831
0,0.37017963308171997,0.4258864543287517
0,0.3393329096158203,0.42603055317459093
0,0.4281685306259954,0.4258864543287517
0,0.3506271978630393,0.42603055317459093
0,0.35258171436912156,0.40848963823485146
0,0.3483644590131617,0.41290695768802305
0,0.333249761489274,0.41536943259768205
0,0.4086537640506039,0.4221584908931224
0,0.4431262333104233,0.42196642397741835
0,0.402847376027659,0.42464720672238204
0,0.3485677040558242,0.42704903309609465
0,0.3506384104119251,0.42328903394024153
0,0.3286870630959997,0.4121394001003128
0,0.381566871216481,0.4169312312570209
0,0.3596431822494838,0.4043054488134764
0,0.32802086714423284,0.4032051456385053
0,0.3541735103720655,0.4037721668874191
0,0.3967080945843683,0.41206236299516463
0,0.3329738725509398,0.41590794082626875
0,0.3986511444023551,0.41407565910337096
0,0.40755835365397375,0.4322760964695554
0,0.3541818817242423,0.43267478668589815
0,0.35531028685399046,0.43401198537911434
0,0.37757934363938916,0.4338988115232798
0,0.34351634198579944,0.43471228522664646
0,0.42766689683369913,0.42897017969197965
0,0.3551015281831855,0.42749178822212003
0,0.4429763520910945,0.4069356446717386
0,0.3274630590386636,0.41274880051266355
0,0.38059642133504396,0.4136544922072508
0,0.3543992229886274,0.40642311654971297
0,0.32802086714423284,0.40703953811932997
0,0.3558405843416542,0.41413656053110953
0,0.3695617680482683,0.43453570908324024
0,0.34958551593511655,0.42550953667288277
0,0.33410033515654625,0.424476661658929
0,0.3974502228134039,0.4236251505596557
0,0.37662326808721946,0.4500510919315628
0,0.3433275947019714,0.45094328265745154
0,0.42860235789233764,0.4503469449066863
0,0.35103134170814787,0.4496171389368769
0,0.35258171436912156,0.43467963203542764
0,0.3483644590131617,0.4365539080463606
0,0.333249761489274,0.4418054116008008
0,0.4077438431156848,0.4516322017441844
0,0.4431262333104233,0.456929535370244
0,0.3273720898691294,0.4528232048096724
0,0.38870805954698867,0.4593864240281092
0,0.347084720660263,0.41409059573144713
0,0.34888431561487887,0.4114597672608463
0,0.35274996911251477,0.41804601032109046
0,0.36678070916478517,0.4043054488134764
0,0.32802086714423284,0.4033415702548141
0,0.362811904576798,0.40390878335558583
0,0.4078206637200784,0.4118774207314198
0,0.3329738725509398,0.41590794082626875
0,0.39667667134785134,0.41407565910337096
0,0.3996401457184902,0.42603139809384444
0,0.35361293229900165,0.42642432879637937
0,0.3524210313964503,0.43267478668589815
0,0.37639788050371353,0.4337520513496593
0,0.34588513318480435,0.42761851237495263
0,0.4270885810628666,0.4231778609665178
0,0.3551015281831855,0.40649434313027605
0,0.44188066209661203,0.4069356446717386
0,0.3273720898691294,0.4140194473712687
0,0.3387250844552359,0.41504795645344966
0,0.37905616461914043,0.40779222069921417
0,0.32802086714423284,0.40715728540411433
0,0.3745713410509582,0.41425636082313466
0,0.5924278939003265,0.40028545912513974
0,0.49181763566602416,0.41010376174891877
0,0.34934907115575825,0.40773028326133315
0,0.33410033515654625,0.40976851975778106
0,0.5568649266992973,0.4113863946761228
0,0.3761132630278223,0.4113863946761228
0,0.34130994265060327,0.4113863946761228
0,0.3885118655947792,0.4113863946761228
0,0.3506271978630393,0.4113863946761228
0,0.35258171436912156,0.4261013030005067
0,0.3483644590131617,0.4341820107108398
0,0.333249761489274,0.45060205895644156
0,0.41234392754839116,0.4476840053486464
0,0.4568190213685305,0.4479323968995254
0,0.3273720898691294,0.45279992231645044
0,0.36686723157772844,0.4295829176606615
0,0.3445001788408603,0.41597389413307123
0,0.34973638575562815,0.4128168573527252
0,0.3390044496508226,0.417645865880058
0,0.37905616461914043,0.4054975116661673
0,0.32802086714423284,0.40453079118729934
0,0.3745713410509582,0.40509967667133717
0,0.4090132882014484,0.4199319880379142
0,0.3329738725509398,0.42372513540624607
0,0.5698285040558382,0.42129581396912136
0,0.3704547702004101,0.4325777955512531
0,0.3567517464362285,0.43297676402603563
0,0.35619927779906585,0.43297676402603563
0,0.38088821210143775,0.43420164314884363
0,0.34551774867771917,0.4286714544576401
0,0.3893654347193632,0.42397501820986816
0,0.42587082441178065,0.40735744078329794
0,0.4566645087561225,0.4074952703302681
0,0.3273720898691294,0.41346583647686924
0,0.3387250844552359,0.41532712466050886
0,0.37905616461914043,0.40823493125258914
0,0.32802086714423284,0.40790379336906496
0,0.3754452021373796,0.4147060890264454
0,0.349742487726808,0.4046052710376638
0,0.33410033515654625,0.4010833016136217
0,0.5785118510697417,0.4006481937610412
0,0.37850839651784296,0.42106339086069633
0,0.3451419063444014,0.4257152566335522
0,0.38784850684377753,0.4252975859400231
0,0.4240462730644095,0.4250941262537993
0,0.35258171436912156,0.422052168453963
0,0.3483644590131617,0.4041835420128121
0,0.333249761489274,0.40402739018930367
0,0.4135497797929845,0.40330949183167697
0,0.45697358626034024,0.41081261369274386
0,0.34892686304970455,0.4102546289676257
0,0.34732259415671696,0.4134093788592111
0,0.355208935393152,0.4159396934446902
0,0.3279919004711227,0.41498318623390623
0,0.33975376731847823,0.41975048454487723
0,0.3974500371333022,0.4056766785580493
0,0.32802086714423284,0.40466766433629014
0,0.39115526697422925,0.40504287959796226
0,0.3695617680482683,0.43944152264150604
0,0.40915167800503016,0.4573080768147239
0,0.3329738725509398,0.45543138706285896
0,0.5799063511562743,0.45886296610949096
0,0.3620517987184537,0.4582272464111157
0,0.35359431988667667,0.4588967895687329
0,0.3491399475823501,0.4617370976496413
0,0.3771190234706118,0.4578204176457252
0,0.3471223856239668,0.452841908094053
0,0.3862182846837075,0.4325393609358595
0,0.4354467151018485,0.4362642314515938
0,0.4568190213685305,0.4421342204943218
0,0.3274630590386636,0.4427642002114186
0,0.34186452899382325,0.442054506871066
0,0.3974500371333022,0.43329294202939467
0,0.32802086714423284,0.40785801427192614
0,0.3922517938756551,0.4147060890264454
0,0.34958551593511655,0.40470726221541464
0,0.33410033515654625,0.4010833016136217
0,0.34828869671539303,0.42172225823672116
0,0.5821990821698136,0.42152050896475013
0,0.37179251039092914,0.4261774249322051
0,0.38216840908836675,0.4257593008037783
0,0.35831005763831975,0.42555562023607185
0,0.35258171436912156,0.42251036000241615
0,0.3483644590131617,0.4041835420128121
0,0.3347459557797117,0.4057965528891001
0,0.4142531933394939,0.4049101316083046
0,0.45697358626034024,0.4112586032685859
0,0.3449568810921072,0.41070001277976287
0,0.35783465910361656,0.4134093788592111
0,0.34967672595476623,0.4154718132937195
0,0.32781281976466514,0.4156477796114245
0,0.34240534447125565,0.42198409567440787
0,0.3974500371333022,0.40716083239840206
0,0.32802086714423284,0.40619014650379526
0,0.3922517938756551,0.4056766785580493
0,0.4110503635175688,0.4208845721486981
0,0.3362816294054707,0.42399475995134467
0,0.5831846853209388,0.4217531843981526
0,0.3599104336975626,0.43304741401262997
0,0.364531498935902,0.43344681561866233
0,0.35573555359031533,0.43344681561866233
0,0.3788510947185837,0.43452600246396555
0,0.3551473099412389,0.4275772508194773
0,0.38190920180255256,0.42397501820986816
0,0.36199501407831053,0.40735744078329794
0,0.4337147676548011,0.4074952703302681
0,0.3274630590386636,0.4148985228599454
0,0.34186452899382325,0.4158089316746629
0,0.38474644998466495,0.40851123088014224
0,0.32802086714423284,0.4081798688774483
0,0.3774143870962483,0.4154497780196972
0,0.3494672735485248,0.40535812454657544
0,0.45418647700008424,0.40515501416401406
0,0.33410033515654625,0.40921847301541964
0,0.5855264895044473,0.4081500045399767
0,0.37239670308402106,0.42875797678485944
0,0.3508303365268353,0.42890304721142747
0,0.37230927026291627,0.42790967965914556
0,0.35831005763831975,0.42890304721142747
0,0.35258171436912156,0.4092958938829846
0,0.3483644590131617,0.41631058636612744
0,0.33551261930486975,0.4184897494308576
0,0.4078440477460598,0.42496378269514123
0,0.43415515930388354,0.42624509117411835
0,0.3273720898691294,0.4263301191024295
0,0.3463546367898199,0.4287075934427377
0,0.3649860730737391,0.4277162194592476
0,0.3580384155220517,0.4160639669046474
0,0.3457300072979948,0.42281431797446944
0,0.37905616461914043,0.4097880614115508
0,0.32802086714423284,0.4093838087808289
0,0.37549021958944123,0.40921259198243504
0,0.3852585438362634,0.4219955110274215
0,0.3371658516701047,0.42511390827460177
0,0.5899255773335771,0.4228664160079057
0,0.3530885700747081,0.4341904571184897
0,0.38625958111588005,0.4345909129583946
0,0.3678875705164922,0.4345909129583946
0,0.37691794643104404,0.43567294835340287
0,0.3427696786875134,0.4287058552469763
0,0.372040238438903,0.42509411442413947
0,0.34928889592344803,0.40843267434720143
0,0.43415515930388354,0.4085708676998621
0,0.3273720898691294,0.41632126672666886
0,0.3512967426541758,0.41723479745791764
0,0.37563006697794016,0.4106846588864165
0,0.32802086714423284,0.41067469596671236
0,0.37107628791922737,0.4168744122158731
0,0.3696868094148128,0.4405318454138217
0,0.34958551593511655,0.43675619487824535
0,0.3740281821227912,0.45813948431879103
0,0.5887061055909186,0.4575458029984055
0,0.37797237498148933,0.4622724419781347
0,0.35047476516177967,0.46249369604914164
0,0.36010218206727707,0.4622724419781347
0,0.33517612540460195,0.46244142135458444
0,0.35258171436912156,0.446613061948631
0,0.3483644590131617,0.44784908452696
0,0.33551261930486975,0.44881753942258723
0,0.3669553530891102,0.45857581620117294
0,0.43415515930388354,0.46266433040838584
0,0.3273720898691294,0.46275662329417544
0,0.35912125251322136,0.4655325453410163
0,0.35390504142104406,0.4171433518529692
0,0.3717729663399933,0.4144931284050347
0,0.35147884813583535,0.42238543007400775
0,0.37913721062591393,0.4097880614115508
0,0.32802086714423284,0.40877113882656135
0,0.3755769059877743,0.4091478391337952
0,0.36779308633759794,0.421537877807169
0,0.3362816294054707,0.4248435720465154
0,0.5899255773335771,0.4224078383343584
0,0.36300239177395727,0.4337195990835066
0,0.36825333444601155,0.43411962064889714
0,0.3625958212216463,0.43411962064889714
0,0.3914796690355074,0.4352004826301385
0,0.3435286956232605,0.4363114992542048
0,0.3847820642471673,0.43071556030514074
0,0.35244680631901326,0.42923115360174663
0,0.43415515930388354,0.40843267434720143
0,0.3273720898691294,0.41586978694318044
0,0.3530371758964577,0.4186511701874853
0,0.3780773451077089,0.4121871597059008
0,0.32802086714423284,0.41186948369427534
0,0.3731061046138715,0.416733410306004
0,0.5957989183233832,0.4133841974557129
0,0.5078822708270921,0.41821196467662347
0,0.3494672735485248,0.4184380537049445
0,0.35900938542010713,0.4200555510456714
0,0.5889052945284673,0.4213233831461003
0,0.3882972334970409,0.4202357995726922
0,0.3508303365268353,0.4202357995726922
0,0.37319582498573667,0.4202357995726922
0,0.36088643188223496,0.4206254498941708
0,0.35258171436912156,0.4311585985679683
0,0.3483644590131617,0.4380307373646773
0,0.3347459557797117,0.45010453215423857
0,0.37259410894427447,0.4483811947915261
0,0.43415515930388354,0.44862997316874903
0,0.3273720898691294,0.45463014323149703
0,0.36486087008368356,0.432821875465937
0,0.35605877800425156,0.4201416352586884
0,0.3431218119076841,0.4162691912675322
0,0.3670965652144949,0.42327981961752925
0,0.3612502996104777,0.411074269945124
0,0.32802086714423284,0.4108730330412461
0,0.35845932494139304,0.4112540020343072
0,0.37410741999071934,0.42358930122896243
0,0.3371658516701047,0.4269110827025645
0,0.5899255773335771,0.4257060094961871
0,0.36698006938078453,0.43730236326866273
0,0.3550047581689727,0.4377056892338102
0,0.3420255648428596,0.4377056892338102
0,0.39027702919890894,0.43894394635341066
0,0.35291367011553776,0.43976687867801634
0,0.38052057665953243,0.43383299776633516
0,0.36301120313984053,0.4321438048810882
0,0.4327092803793603,0.41176099944250355
0,0.3273720898691294,0.4187273416739102
0,0.3813027573393783,0.4202508292485861
0,0.362771191965853,0.4149003648021791
0,0.32802086714423284,0.41458059770121863
0,0.3596408548463032,0.41872564368333826
0,0.34958551593511655,0.41145426656321166
0,0.38081411005638965,0.42411291413946406
0,0.5887061055909186,0.4230773055346048
0,0.38805203489578244,0.4268344771293808
0,0.35047476516177967,0.43119558618514386
0,0.3591669621711302,0.4322990494266032
0,0.359850866533973,0.427148269760777
0,0.35258171436912156,0.4242820392979302
0,0.3483644590131617,0.4057720018134531
0,0.34624594522990154,0.40513266841293316
0,0.3842400768514161,0.40593067816949935
0,0.4308976290155023,0.4130928622057276
0,0.3273720898691294,0.41269298457713477
0,0.3637130489654282,0.413662433173456
0,0.36222898600375464,0.4159265746911628
0,0.35250399973775887,0.4163289428903827
0,0.3827122499107466,0.42373934393816
0,0.35722123571845044,0.41110311168737756
0,0.32802086714423284,0.41069756177012245
0,0.35358115633134396,0.41090186066434087
0,0.3696868094148128,0.43594532579730666
0,0.3824335055678477,0.45004637276260145
0,0.3431590862654072,0.44936950342507487
0,0.5899255773335771,0.4550144888910136
0,0.368388928876216,0.45438410096477344
0,0.356959772269073,0.4619042177941149
0,0.3489877158513482,0.46419831902991
0,0.3999757729263819,0.46082079175485297
0,0.3435286956232605,0.4553337786698259
0,0.38599606936523195,0.43673207634770117
0,0.35276843222373455,0.44049305299256253
0,0.43155687129926523,0.4462052624693094
0,0.3273720898691294,0.44614766051470717
0,0.38114185852531907,0.44538567646704863
0,0.3520376654892828,0.4382268749713856
0,0.32802086714423284,0.41485089971861044
0,0.34999553429829716,0.42030622009483193
0,0.34958551593511655,0.41187413997642547
0,0.38592349672900406,0.42669556611762666
0,0.5874914518311969,0.4256536511341527
0,0.39151097034079074,0.4294337021705303
0,0.3508303365268353,0.4337103552959281
0,0.36024304767198256,0.4348202540282956
0,0.3590345741923509,0.42971925574483144
0,0.35258171436912156,0.42567801574246833
0,0.3483644590131617,0.4079293131299395
0,0.34512408650760945,0.4084595695286124
0,0.3714193986297923,0.40890807266526785
0,0.43155687129926523,0.4149543378752044
0,0.3273720898691294,0.41304153480817657
0,0.3579607766866364,0.41401180217667194
0,0.36137459919070763,0.4166013487864731
0,0.3602651105241363,0.4187578432449503
0,0.3540590604757689,0.4238298362031342
0,0.35255664707022477,0.4112968995655262
0,0.32802086714423284,0.4101416846512611
0,0.3510757103169263,0.41091589083393565
0,0.3852565203787055,0.4038121691167263
0,0.3681079695954791,0.4240114415264932
0,0.3431590862654072,0.4269345730258974
0,0.588708407486587,0.43249514422389546
0,0.3553706102205578,0.43291988340137455
0,0.3589132177384415,0.43637013824571047
0,0.3504788557950638,0.4396083770905589
0,0.40127955136241567,0.43313150168810155
0,0.3427696786875134,0.4297756339907785
0,0.3539824159179478,0.41398664995311013
0,0.4515676133070435,0.4144360853508142
0,0.3273720898691294,0.4214476857877355
0,0.3386399802691106,0.42398643685167814
0,0.35295991544729427,0.4151883448233849
0,0.32802086714423284,0.41489746371630504
0,0.35131581113801713,0.4211806253792654
0,0.3494672735485248,0.41175338695052793
0,0.43108757513561896,0.40495152532441336
0,0.38755244767695973,0.4175688673238955
0,0.5851769596477391,0.4175103220053918
0,0.3921253966602745,0.4269551490997422
0,0.3502377189320534,0.4273744476312309
0,0.36024304767198256,0.4273744476312309
0,0.35900938542010713,0.42081285399155427
0,0.35258171436912156,0.40387471757456106
0,0.3483644590131617,0.412802345888339
0,0.3397675863123749,0.4158224862071932
0,0.3610668559205813,0.42211592187311914
0,0.45141487690959264,0.4210728983987799
0,0.3273720898691294,0.42115689457131106
0,0.35389287395639824,0.4241342366455026
0,0.3642655618824131,0.42589993965550277
0,0.34900205074737567,0.41915168728019964
0,0.3398764754090053,0.42337261415666944
0,0.35295991544729427,0.41149375558625717
0,0.32802086714423284,0.4049837591752494
0,0.35131581113801713,0.4011845944361151
0,0.36382153896004965,0.41538651007702865
0,0.3431590862654072,0.41970630137831244
0,0.5861907830849237,0.4179545753264119
0,0.35550063619445177,0.4318874384375121
0,0.36532102877315653,0.43241082063855657
0,0.34797529007290107,0.4333920233004085
0,0.40796385071602465,0.43945041249178574
0,0.3435286956232605,0.4417844069796505
0,0.3937508613185212,0.4359488859358301
0,0.35472684671367066,0.43378053034367553
0,0.45141487690959264,0.41400695969410667
0,0.3273720898691294,0.41475988952095116
0,0.3386399802691106,0.4158605391303609
0,0.3526921626287053,0.41010752036294773
0,0.32802086714423284,0.4083136104825309
0,0.3524255545621901,0.415856578621143
0,0.3695617680482683,0.43247762817696933
0,0.34958551593511655,0.4281056653390572
0,0.3587305055625254,0.43065969640740254
0,0.3890753763257697,0.45112744749820216
0,0.5851769596477391,0.4522552015032332
0,0.3953166739734677,0.4522552015032332
0,0.3508303365268353,0.4522552015032332
0,0.35790059061681495,0.452283959769888
0,0.35258171436912156,0.4361433301348431
0,0.3483644590131617,0.44027386395841317
0,0.3420033014524716,0.44418903759908884
0,0.374167015611151,0.4544379004615959
0,0.45141487690959264,0.4583513682763798
0,0.3273720898691294,0.4594782671699623
0,0.36351470749335624,0.46602698308707086
0,0.3702358766596683,0.42018094695091773
0,0.3523093431138929,0.419667325254556
0,0.34017384543080975,0.41760641023123707
0,0.3526921626287053,0.40812303100586284
0,0.32802086714423284,0.40130987516030936
0,0.3524255545621901,0.3973768455820248
0,0.38743711002115966,0.392364143414543
0,0.37282168750450606,0.41328111475202006
0,0.3431590862654072,0.41676689072334333
0,0.5861907830849237,0.42300574563135657
0,0.3593731443096577,0.4241008850247546
0,0.3630308014859415,0.42858719531420053
0,0.35334876709704827,0.431996560321096
0,0.4047371704023978,0.44115604836349015
0,0.3427696786875134,0.4356234644851724
0,0.3451431496419442,0.43244404476756526
0,0.4515959724107296,0.41400695969410667
0,0.32722689974573976,0.4205352903794488
0,0.3417179822910103,0.42212853900323793
0,0.36222869270760955,0.4147584402435777
0,0.32802086714423284,0.41406122449323857
0,0.5785349362471994,0.41625237311404056
0,0.5227127795084971,0.4217962658848599
0,0.35782292975210095,0.4224078670205411
0,0.3494672735485248,0.42119293485264503
0,0.4019247266060767,0.43992658064842927
0,0.5847811708326924,0.43992658064842927
0,0.4010463355620244,0.43992658064842927
0,0.35147692166118216,0.43992658064842927
0,0.35391794848226865,0.4408545242143775
0,0.3595461065810504,0.42610941226888654
0,0.35258171436912156,0.4376420915659245
0,0.349348046537009,0.44494970955060037
0,0.338198446912059,0.45640352664521194
0,0.3707233733394298,0.4551910690904447
0,0.4515959724107296,0.4535634320131594
0,0.3271359961812079,0.4599015572002825
0,0.3519680546117622,0.4348163821078571
0,0.36720160587609735,0.4204773408614996
0,0.37720893279947015,0.42137299631011393
0,0.34215749772351484,0.4248433405737325
0,0.36222869270760955,0.41417901998370776
0,0.32802086714423284,0.41301571002059767
0,0.3588768749659329,0.4137275957176134
0,0.3713518095950432,0.4196045934891314
0,0.3431590862654072,0.42442374039348724
0,0.5859925122927124,0.4224885912262998
0,0.3668397697831074,0.4395998712106509
0,0.3546423413133228,0.4400053161778574
0,0.3727717640022072,0.44050336419234987
0,0.3947330871740794,0.4402395424125366
0,0.3435286956232605,0.4430792212555292
0,0.40721719839572884,0.4352813776465894
0,0.34768700692618043,0.43358654528024854
0,0.45147051914373887,0.41304673598815905
0,0.3271359961812079,0.41960861014234624
0,0.3418623597587197,0.42199749893109867
0,0.36136096797236994,0.4138255063344437
0,0.32802086714423284,0.41335150930088776
0,0.35813713890352017,0.42267973732046926
0,0.34958551593511655,0.40518081535806455
0,0.39867326566630373,0.4192365102293598
0,0.5791095617859364,0.4174127254092059
0,0.3817900622748161,0.4208934481752656
0,0.351714507017184,0.42585383542357214
0,0.35391794848226865,0.42633586518411937
0,0.3587305055625254,0.4208344318701045
0,0.35258171436912156,0.418039281218794
0,0.3483644590131617,0.3999928124101434
0,0.3404238369097479,0.39949159418237146
0,0.35930878251156856,0.3988977165100457
0,0.451748770081913,0.40711283434450934
0,0.32722689974573976,0.40894813923718537
0,0.3700694338687964,0.40662464549762994
0,0.3695650900723878,0.4106296009999866
0,0.38560187121334305,0.4121054963507052
0,0.34615747454872875,0.413372323263347
0,0.3620529062988299,0.40170296396527705
0,0.32802086714423284,0.40226274701581005
0,0.35678479317322864,0.40226014693232803
0,0.3695617680482683,0.44830334103259184
0,0.39589320157750413,0.43102589056572477
0,0.3606410961796048,0.44820570398807974
0,0.3431590862654072,0.45436993728353303
0,0.5778165682911757,0.4477792942258035
0,0.36180974360052764,0.44969182505415334
0,0.3773357067056652,0.4554255245765965
0,0.3992203783898204,0.4597011442641439
0,0.3907311547666083,0.4539968733809724
0,0.3427696786875134,0.4497783654965117
0,0.34695734995878025,0.4342205854655798
0,0.32744298229600727,0.44090621459072943
0,0.4502554633368741,0.4392571254196931
0,0.3508634786301888,0.4406417043551589
0,0.3620529062988299,0.43014420840551176
0,0.32802086714423284,0.4071621182252549
0,0.3580565883250467,0.41400109199676915
0,0.34934907115575825,0.40237681631967925
0,0.3865702957106778,0.4187419642082227
0,0.5747102245222314,0.4180295696300999
0,0.38309200777380287,0.42080125061413987
0,0.35147692166118216,0.4265832833384421
0,0.35391794848226865,0.4265832833384421
0,0.3587305055625254,0.42063341633306095
0,0.35258171436912156,0.417200153891916
0,0.3483644590131617,0.4004148464797302
0,0.3374256461332098,0.40029230381959074
0,0.35568799408725715,0.3995311018032385
0,0.4505329654101638,0.40741117677500527
0,0.32489465749712726,0.40981045655218473
0,0.35715191005218183,0.4076722862889166
0,0.38311908502252917,0.41239030278947175
0,0.3924218250741663,0.4134937425456457
0,0.3523899453124793,0.4157410227881122
0,0.36489191696306444,0.40344087741414203
0,0.32802086714423284,0.40442026512586937
0,0.36009941477142504,0.4031694350317679
0,0.3910878168557933,0.3950596652752768
0,0.36038218457954346,0.41530359224393054
0,0.3431590862654072,0.41663231348126695
0,0.3513171386544855,0.4292611998942308
0,0.3907663700927635,0.4296571094577045
0,0.40187712609677406,0.43056339147798517
0,0.5777571505206888,0.4299487147610941
0,0.39804036395506753,0.432076447215934
0,0.346784488249515,0.42588657831232946
0,0.3251995403280856,0.4202873533450172
0,0.34768700692618043,0.40364696600179345
0,0.4502554633368741,0.41180927602733586
0,0.3516078057606125,0.41479990230848657
0,0.35858247155636147,0.4061131811340472
0,0.32802086714423284,0.4076604278534309
0,0.3549667297818402,0.40899859748789397
0,0.3494672735485248,0.40166795301602026
0,0.431983971693212,0.4019582818782083
0,0.5833844175453415,0.4019582818782083
0,0.3922579525850341,0.41892176334414605
0,0.351714507017184,0.42371190901597355
0,0.3908181318842729,0.42371190901597355
0,0.35543974625663355,0.4239147071416909
0,0.3587305055625254,0.4228674447926091
0,0.35258171436912156,0.4070781652603043
0,0.3483644590131617,0.41975963145137113
0,0.33861240663465797,0.41732121098677677
0,0.3580040902562645,0.4262794567701066
0,0.32489465749712726,0.43139395824713844
0,0.3500430570669257,0.4291884085927242
0,0.39168596420797364,0.43183468249612433
0,0.3946362724751792,0.4277987502646927
0,0.3677078949920456,0.4165492211437731
0,0.4520340263252723,0.4154889826783123
0,0.356365337451867,0.4026890762799672
0,0.32802086714423284,0.4035792907033177
0,0.35299663195010156,0.40350662751088356
0,0.3937113972672173,0.3950596652752768
0,0.35921514238410746,0.4156509331772614
0,0.3431590862654072,0.41663231348126695
0,0.5746302747104579,0.4237620398172998
0,0.3494458826429746,0.4239523185434164
0,0.39775711280186266,0.42612522352696997
0,0.36684439218225906,0.430969494411545
0,0.3993440010453371,0.43291996276969347
0,0.3446748556590124,0.42671800977604063
0,0.3468694434416195,0.42457593685818756
0,0.45554372540339483,0.405581789463073
0,0.32489465749712726,0.4118420571960637
0,0.38083248606457504,0.415031469980434
0,0.35669178851408156,0.40675851063982277
0,0.32802086714423284,0.4090274620874952
0,0.3526770036114888,0.4129871300564326
0,0.3695617680482683,0.43153132717937104
0,0.3497037983290653,0.4277096762329956
0,0.3925454921908347,0.44616811871728224
0,0.35737656462457273,0.4487969007813831
0,0.5631279668187057,0.4496990085571607
0,0.3881438186085026,0.4496990085571607
0,0.3517148066022148,0.4496990085571607
0,0.3587305055625254,0.4500078844897744
0,0.35258171436912156,0.4378706804204429
0,0.34958449062288977,0.44413158823010135
0,0.3374256461332098,0.4437927497975614
0,0.36767356264639806,0.45476663454090227
0,0.4540597541363504,0.45836527210819045
0,0.32489465749712726,0.45949220518561923
0,0.34956274835420265,0.4610250588070487
0,0.398016732888482,0.4169006628817199
0,0.37960635463149633,0.4143065194320102
0,0.3827122499107466,0.420109304013311
0,0.35701505542003825,0.4084265611468477
0,0.32802086714423284,0.4068067186490713
0,0.35236318598234306,0.4072381650974573
0,0.3923351224129145,0.3951252544394074
0,0.35755788898294316,0.4164148017237221
0,0.3431590862654072,0.4169928964379612
0,0.4008284705332172,0.42355187121555044
0,0.35031936381343654,0.42374205557121836
0,0.38931068737169,0.42539958036352066
0,0.37524084153076415,0.42949465997414604
0,0.3936285174906565,0.4316007521207545
0,0.34451751793830043,0.4260241525894882
0,0.3249849382452216,0.4203980097410126
0,0.3547195208217068,0.40419150477536414
0,0.45515859807281694,0.4117321203920086
0,0.38083248606457504,0.41579090612367636
0,0.5760076505774138,0.40231499554579936
0,0.5298611327228439,0.4115778051069091
0,0.32802086714423284,0.41228159805453013
0,0.35977466384286794,0.41469307674504846
0,0.3547975368078683,0.41430436760840156
0,0.3461982831724542,0.4153129282628763
0,0.39243241244841764,0.4104109911786969
0,0.40023632172499546,0.4097636935298136
0,0.39424621036128105,0.4313499674961844
0,0.351714507017184,0.4313499674961844
0,0.35945299811932657,0.4313499674961844
0,0.3587305055625254,0.4171248127367491
0,0.35258171436912156,0.4319632262935131
0,0.3483644590131617,0.44127687659457
0,0.33689180534760155,0.4535479673885943
0,0.3596886206574474,0.4569678066478159
0,0.4552850761720635,0.45513654865091663
0,0.32489465749712726,0.43273326944546847
0,0.3593993967892577,0.4134962137651198
0,0.4053369252654732,0.4152199604094795
0,0.3700172412809707,0.4151745195192259
0,0.3540590604757689,0.41799060648467967
0,0.363938902434695,0.4059575807393857
0,0.32802086714423284,0.40478432930364383
0,0.36032135174349167,0.4037350143582524
0,0.3964577957118503,0.3952133133945238
0,0.3551941514327114,0.4164148017237221
0,0.34218033665318953,0.4169928964379612
0,0.40162327151303034,0.4229098389819131
0,0.3578531405359163,0.42374205557121836
0,0.4002590993861397,0.4265925734755407
0,0.36555802540901916,0.4299732615572846
0,0.40219862715474913,0.4322885046970009
0,0.3434668476341328,0.4267030188960156
0,0.35252259799711577,0.4250415876371128
0,0.4552850761720635,0.4063463646023708
0,0.32489465749712726,0.4132841278247469
0,0.338783057266372,0.417358212983667
0,0.36482736939056615,0.40806396301101394
0,0.32802086714423284,0.4106833498339054
0,0.36009941477142504,0.41469210663228373
0,0.3462225730937213,0.40436256000776377
0,0.3963096653184334,0.4180966927324896
0,0.40053462756548946,0.41702311391838903
0,0.38996019240209834,0.4208016721073195
0,0.35147692166118216,0.4257329009819856
0,0.3603572832811965,0.4257329009819856
0,0.358755674768035,0.4189886493016867
0,0.35258171436912156,0.4174565524015828
0,0.3483644590131617,0.4023062822566223
0,0.3380766882764179,0.40183772438170323
0,0.35701621757136043,0.4007922754178115
0,0.32473344353003464,0.4099822331497704
0,0.45515859807281694,0.4139765674324718
0,0.3625995047412916,0.41141265713827596
0,0.388341362887504,0.41590226184379336
0,0.3887124994363988,0.41606029714545606
0,0.3398764754090053,0.419246832774709
0,0.36482736939056615,0.40571181323867544
0,0.32802086714423284,0.404981832834235
0,0.36009941477142504,0.40468763936607266
0,0.3696868094148128,0.4471804249901875
0,0.39605206504405494,0.43290697621420204
0,0.35913076028702695,0.4517534694063429
0,0.34218033665318953,0.45510542548664223
0,0.40053462756548946,0.4505122438648747
0,0.3636951653634448,0.45111488065434924
0,0.387579337355678,0.45512820095523543
0,0.391354394128865,0.45843640462192903
0,0.3983555337842485,0.45435573745370117
0,0.34451751793830043,0.4511216224592542
0,0.4222545223639345,0.43417473499132886
0,0.32475001448500285,0.44163218896950074
0,0.4552850761720635,0.44266759017973945
0,0.3392730261139681,0.44189442408929075
0,0.3625971562468281,0.4309462774207324
0,0.32802086714423284,0.41071580628599913
0,0.35938109602821255,0.4097659159133877
0,0.3461982831724542,0.40382285336120777
0,0.3886983042136008,0.40536080451944323
0,0.40064592692046463,0.40536080451944323
0,0.39593402995474614,0.42108779115704387
0,0.351714507017184,0.42415482803656196
0,0.4317376840536176,0.4286647822185148
0,0.3587305055625254,0.4251644928760479
0,0.35258171436912156,0.42021648214380286
0,0.349348046537009,0.40436795181932217
0,0.33689180534760155,0.40471681643154217
0,0.36084938481065293,0.40302266501568146
0,0.4552850761720635,0.41278171315992207
0,0.32360959689587526,0.41485239085238623
0,0.3584694066069364,0.4122830562591868
0,0.36935806265606025,0.4175249580236773
0,0.3926931044897007,0.4195110892258855
0,0.3402455522566693,0.4196725337603051
0,0.3657123752532133,0.40471744332113735
0,0.32802086714423284,0.40672490575565756
0,0.3614617648573137,0.40585423172914586
0,0.38713405496714054,0.39872912881003914
0,0.40053462756548946,0.39983328489090314
0,0.3631512044487663,0.4161719350700383
0,0.34097391090827645,0.4260544784074246
0,0.35965400740407805,0.42689288312681356
0,0.36303918864960655,0.4289163681361766
0,0.3771032705743029,0.4330094694751223
0,0.4058842364535077,0.43379645361629754
0,0.3434668476341328,0.4283578588405241
0,0.43263668540938593,0.42668998421775806
0,0.4347212502027029,0.4088886867293927
0,0.32360959689587526,0.41713170635772057
0,0.34193442251436185,0.4199694311763067
0,0.3673477552945566,0.4109319403372229
0,0.32802086714423284,0.4135697368769665
0,0.3630420823805235,0.4115511953828759
0,0.3460811864697297,0.40391511077900993
0,0.42887165245822284,0.4096768987093288
0,0.38848852475424894,0.4086528699996472
0,0.40053462756548946,0.4256739811571499
0,0.37892492920704623,0.4315878346952521
0,0.3517148066022148,0.4319460030607651
0,0.3684151341984332,0.4319460030607651
0,0.3587305055625254,0.42796760630881847
0,0.3533690058278324,0.4342784927022144
0,0.3483644590131617,0.42650720844122364
0,0.33689180534760155,0.425558732752496
0,0.36507267128865417,0.43553691583525606
0,0.32360959689587526,0.43949324461825773
0,0.43460048473002366,0.43758927926023883
0,0.36364661015072774,0.4411873916713687
0,0.36962287937854327,0.4399989455948476
0,0.3884001982763611,0.4259525183762766
0,0.34268624072831094,0.42482402705601263
0,0.35809192102612736,0.4116970002198186
0,0.32802086714423284,0.4130295807043903
0,0.3556997166737569,0.41302581449283526
0,0.3895626975699062,0.4051627746229557
0,0.40053462756548946,0.40580807941380737
0,0.36327844080189603,0.42218195492306965
0,0.34097391090827645,0.43130014175228865
0,0.36003440235299633,0.43200270078901887
0,0.36431198096809414,0.43320468833900244
0,0.36874802679602814,0.4390695910939552
0,0.3850506591055925,0.4327796697384256
0,0.34451751793830043,0.42947035755584895
0,0.3605246227198011,0.4136339021054014
0,0.4348820529803889,0.42926819798726273
0,0.32360959689587526,0.42216685647308494
0,0.34235678208254855,0.4250388351501764
0,0.35809192102612736,0.41561096193361696
0,0.32802086714423284,0.4182974321193448
0,0.3556997166737569,0.41543435940882417
0,0.3695617680482683,0.4404852776955188
0,0.3461982831724542,0.4399357376378281
0,0.3913051315018146,0.4406661574576365
0,0.40053462756548946,0.43952647168237
0,0.38363738400618286,0.45965928581567894
0,0.351714507017184,0.4657354103810348
0,0.36894870858810186,0.4659445360984607
0,0.3587305055625254,0.46498265533751215
0,0.35258171436912156,0.45196444140739506
0,0.34946624858309544,0.45968262278631516
0,0.3351556429967765,0.45887009214673247
0,0.37646406872270566,0.4709735007728148
0,0.4351163989870888,0.47266293721291064
0,0.32360959689587526,0.4727572246338637
0,0.36544752634471106,0.47433433000291825
0,0.3664167982212144,0.4285261747760637
0,0.381498036063051,0.4259525183762766
0,0.3457691021245104,0.42482402705601263
0,0.35809192102612736,0.4107653647459655
0,0.32802086714423284,0.41269445753135114
0,0.3556997166737569,0.4109610388386645
0,0.39052442164872025,0.40549246245807763
0,0.40053462756548946,0.40581300384808183
0,0.3918976351438057,0.4219015286633233
0,0.34097391090827645,0.4311897435086158
0,0.3654130776394488,0.4318921227140029
0,0.3590548805175707,0.43309380259584185
0,0.3870251870232123,0.4370176021964743
0,0.3936915515363683,0.4378425432664726
0,0.3434668476341328,0.4321852951973935
0,0.36143908052732787,0.4305025178855834
0,0.43761990026233,0.4132357458180183
0,0.32360959689587526,0.42185172285241246
0,0.35141654791444615,0.42472155769223885
0,0.5869518725231463,0.4067563251506272
0,0.5256206519324669,0.4173065873444372
0,0.3595513231669179,0.4195284963530695
0,0.32802086714423284,0.419670443981379
0,0.35842246411591894,0.4195984898324808
0,0.3460811864697297,0.419810014472718
0,0.3913051315018146,0.41485499829525097
0,0.40053462756548946,0.41420069158613315
0,0.3825256734734811,0.4352938329553911
0,0.35147692166118216,0.4352938329553911
0,0.36894870858810186,0.4352938329553911
0,0.3587305055625254,0.44503828695350317
0,0.33394532972139973,0.437236387208886
0,0.3388785698336981,0.4460551053021516
0,0.3351556429967765,0.4566605669317547
0,0.41799840192304244,0.43427917353040585
0,0.434037265563808,0.41788084495189176
0,0.32360959689587526,0.418476051637662
0,0.3622705015731135,0.41788084495189176
0,0.3863157247191613,0.41976194420766366
0,0.37628426070761195,0.4176600057427778
0,0.35294542078001545,0.42110339398347035
0,0.37095535260325313,0.4077961943879328
0,0.32802086714423284,0.40877291099884805
0,0.3691126083290059,0.40888857083121555
0,0.38994864258839773,0.39998737535240725
0,0.4226520287065823,0.4205155555829387
0,0.34097391090827645,0.4210993432363352
0,0.40255296096785165,0.4273561357892928
0,0.3638140518478163,0.4281971019550397
0,0.3886210419220338,0.4293885009545111
0,0.37844612575478226,0.4331321803410563
0,0.39285603505484884,0.43461595977811107
0,0.346784488249515,0.42914555399470977
0,0.362199192810376,0.42752190591798206
0,0.3236995205552033,0.4080786932375038
0,0.434037265563808,0.4184074134297286
0,0.3521620483344778,0.4201632133059397
0,0.37393196239705245,0.41053971957499913
0,0.32802086714423284,0.4135825350252279
0,0.372382481730435,0.4126914739722862
0,0.3462225730937213,0.4047543261398575
0,0.3915681581295321,0.4061203266856069
0,0.40023632172499546,0.4061203266856069
0,0.38520252119719556,0.42033824395371555
0,0.351714507017184,0.42284526950299917
0,0.37028773573574736,0.4284331335655656
0,0.3587305055625254,0.4239473696191561
0,0.33405832025231974,0.419466201224143
0,0.34225680335003783,0.40674824600936943
0,0.3351556429967765,0.40545855726234065
0,0.4239353597449341,0.40429418652943505
0,0.43415787453084304,0.4159710483747567
0,0.32360959689587526,0.4189152179214954
0,0.3643084022345785,0.4154685386288905
0,0.38996109848653304,0.41932258706439784
0,0.38000922522815567,0.4198173467497881
0,0.36866442480367967,0.4222285949854269
0,0.37322607603622315,0.4093775153295955
0,0.32802086714423284,0.4114480835773039
0,0.368390306197799,0.4106985694331382
0,0.3695617680482683,0.4507449520616805
0,0.3928655551780377,0.4375244977030862
0,0.40053462756548946,0.43388912338038227
0,0.4299249541143194,0.4538335000491328
0,0.34097391090827645,0.4538335000491328
0,0.36116547979091207,0.45286879736413005
0,0.40826066975050135,0.4573156137343174
0,0.38389972431000885,0.45977208996764185
0,0.3939974923928793,0.4554773566646646
0,0.3434668476341328,0.4529559491953857
0,0.3619060055956804,0.4368569862130687
0,0.3236995205552033,0.4462039803230343
0,0.434037265563808,0.4468927819809563
0,0.38195234728933786,0.445448489233006
0,0.37451219880897096,0.4325394250459403
0,0.32802086714423284,0.4154504733482701
0,0.3697720068251406,0.41388357691664
0,0.3461982831724542,0.40682485982364636
0,0.39161263420886616,0.40912921323157575
0,0.40053462756548946,0.40912921323157575
0,0.38071469348113024,0.4224007812419257
0,0.35147692166118216,0.42411724147185714
0,0.3689041476759679,0.42972191453517644
0,0.3587305055625254,0.42506162899296474
0,0.33405832025231974,0.4211866500471787
0,0.34214103979745725,0.4097850200289481
0,0.33468620009831773,0.40771068330227955
0,0.4288745260402746,0.40850361928180345
0,0.32360959689587526,0.41750020569714374
0,0.434037265563808,0.4197504466416332
0,0.3611162190575886,0.4162061733954541
0,0.4206650842010301,0.42120096578829647
0,0.3768510960820954,0.4214390253606234
0,0.3838376386961038,0.42264128219029784
0,0.3897915057040539,0.40895099621187714
0,0.32802086714423284,0.4099355048409597
0,0.38305169322349464,0.4099278290548391
0,0.391304323375008,0.40331564657994023
0,0.4326697821595918,0.42396290872079084
0,0.34097391090827645,0.4232682355582795
0,0.40162327151303034,0.4279812342368354
0,0.3613865700846672,0.42867175131808866
0,0.37568082055504093,0.43028780169848685
0,0.37473532255988684,0.43362144685360793
0,0.38978828540646276,0.4354610204051914
0,0.34572922127807776,0.42956059979500866
0,0.3236995205552033,0.4257704613892625
0,0.36266709982976497,0.4109463694064486
0,0.4476655193395518,0.42150733321773
0,0.38195234728933786,0.42333770122439096
0,0.3893030403218426,0.4138985311219745
0,0.32802086714423284,0.4158391334454165
0,0.3851578546095332,0.4127282307661133
0,0.3460811864697297,0.4046908000493308
0,0.4070182270850898,0.4077605349241345
0,0.3907782319497626,0.407653360274668
0,0.40023632172499546,0.40658897830492857
0,0.3872222874868379,0.42224127794402505
0,0.351714507017184,0.42813251284065096
0,0.36905485830126505,0.42813251284065096
0,0.3587305055625254,0.4265254825059693
0,0.33405832025231974,0.41347514107385985
0,0.3433392759341762,0.4272222854213485
0,0.33468620009831773,0.42406581498052687
0,0.4308158975834176,0.4360416085333927
0,0.4481010258843416,0.43775069626363283
0,0.32360959689587526,0.43833108701427925
0,0.3678470002626648,0.4405374614915185
0,0.37691904944458865,0.43724581808165947
0,0.38164543826303504,0.4233817438666951
0,0.3546171669846785,0.42230765134441417
0,0.3897915057040539,0.4105367951558675
0,0.32802086714423284,0.41150707212608983
0,0.38305169322349464,0.41149936691335404
0,0.39151808882420613,0.4048168969652342
0,0.40018853689419615,0.4046830656474099
0,0.44578309574328956,0.42346772152095863
0,0.34097391090827645,0.4287134473446691
0,0.39878236140088286,0.4249107681095317
0,0.3660817141724683,0.4260951881248953
0,0.37149511851605144,0.4324220371376777
0,0.37279726413957326,0.4363842361971964
0,0.3434668476341328,0.430295514965623
0,0.3619060055956804,0.42937160864359275
0,0.4481214578110661,0.41206828462295675
0,0.32360959689587526,0.4224060917485472
0,0.339205360984882,0.4242184132037832
0,0.3897915057040539,0.41436032653982424
0,0.32802086714423284,0.4161621230812226
0,0.38305169322349464,0.4135299537028434
0,0.3695617680482683,0.435400676867988
0,0.34633971763466453,0.4358065146081767
0,0.391304323375008,0.43473319873951166
0,0.40018853689419615,0.4346962719646784
0,0.3875236467409414,0.45363677970322935
0,0.35147692166118216,0.45779694993501086
0,0.3689041476759679,0.45779694993501086
0,0.3587305055625254,0.4589628530074056
0,0.33405832025231974,0.44761117857741806
0,0.34237260607126097,0.4537462337621616
0,0.33468620009831773,0.45301417587795156
0,0.42889290272393543,0.46524494124476207
0,0.4481214578110661,0.46838849150663736
0,0.32360959689587526,0.4695400675886081
0,0.3709448872393393,0.47073572450588375
0,0.3666232249977883,0.4285188411084663
0,0.3720853018058706,0.42295228038946303
0,0.33988031978010647,0.4218792773886747
0,0.3893030403218426,0.4089330598006388
0,0.32802086714423284,0.4109897923621562
0,0.38433252140354995,0.41112115278590183
0,0.3833428386056677,0.4048162721170961
0,0.4250231310524228,0.4253592061671016
0,0.34097391090827645,0.42509207135144006
0,0.40255296096785165,0.4291289039693201
0,0.37188767249176147,0.4298212727335224
0,0.3579116997771605,0.4305618063331628
0,0.36739305150691515,0.4341052475491446
0,0.40409587411660564,0.437512221702226
0,0.34828594945787494,0.43158400767347876
0,0.3236995205552033,0.42777601615011807
0,0.36373059957879106,0.41288209657016545
0,0.4462775261480149,0.42380491293252975
0,0.33878688926972955,0.42419980717033523
0,0.5853623705702576,0.4085903824608168
0,0.5258227477044296,0.4169764917477488
0,0.3281165846221462,0.41922990352992745
0,0.37501639182775853,0.41821692328136434
0,0.37182228469833023,0.42030688958981927
0,0.3461982831724542,0.4207649734826197
0,0.38800465587790994,0.41729017781725053
0,0.3998904888113628,0.4164530829893736
0,0.3928152830153801,0.4361672280706278
0,0.351714507017184,0.43767357570172816
0,0.3665220859269275,0.4365122009596525
0,0.3587305055625254,0.4276576804382016
0,0.33405832025231974,0.44153495339353716
0,0.34237260607126097,0.45124015484648244
0,0.33468620009831773,0.460376619451418
0,0.4174264330954417,0.4385278813508452
0,0.44640153640176533,0.42151977059210494
0,0.32360959689587526,0.4256141915319205
0,0.3691107112189055,0.420888153162693
0,0.37062099606105087,0.42432028097939517
0,0.3647743804266623,0.4232830173186147
0,0.3402455522566693,0.42708625102550213
0,0.3735264517135609,0.4117798636629263
0,0.3281165846221462,0.4127711825075161
0,0.369327102130987,0.4127634536251034
0,0.3775285157915359,0.4054129127254178
0,0.40053462756548946,0.40632482819176036
0,0.42232092461984483,0.4239311836140734
0,0.34097391090827645,0.43051164383506524
0,0.39386206154244013,0.4261339890041079
0,0.373250604032895,0.4276614398289488
0,0.38675332359562864,0.4325390996587212
0,0.3473905382275143,0.4375429183807917
0,0.3449539445648042,0.4331873087646418
0,0.35558193522680226,0.4321712485580905
0,0.44640153640176533,0.4156237143548018
0,0.32360959689587526,0.42515273731938974
0,0.34193442251436185,0.426645460078683
0,0.37322607603622315,0.41676350244996113
0,0.3281165846221462,0.4184987927101703
0,0.368582806482537,0.41838501122754107
0,0.3462225730937213,0.41052378449075344
0,0.3782677973517214,0.4123248495405255
0,0.40053462756548946,0.41235377902579057
0,0.3880441385219841,0.4257984155260092
0,0.35147692166118216,0.42833172547445264
0,0.36177154236377146,0.43481250495268775
0,0.3587305055625254,0.4295459066681735
0,0.33405832025231974,0.42538658804334656
0,0.34237260607126097,0.41315806052364773
0,0.33468620009831773,0.4109132621988683
0,0.4142560782560049,0.4117124267128369
0,0.3236995205552033,0.4212086072916839
0,0.4462775261480149,0.4221056943960703
0,0.3753308690955317,0.41891610208447994
0,0.38776268935491565,0.4231318546845942
0,0.34653276195434574,0.4235752623587229
0,0.34268624072831094,0.4262317067729561
0,0.37322607603622315,0.4124859266901695
0,0.3281165846221462,0.4137607855543457
0,0.368582806482537,0.41278135519084014
0,0.3696868094148128,0.45401151375796256
0,0.38098466487542776,0.44079013941443046
0,0.41252744597726804,0.4569746751036228
0,0.34097391090827645,0.4601009300738751
0,0.40162327151303034,0.4563440450241373
0,0.4020880959229305,0.45550573508299597
0,0.38571681655074375,0.46353710385336766
0,0.3461349613888917,0.4681025528009842
0,0.39965792354615715,0.4637971521391735
0,0.34722611353230104,0.46082814223899293
0,0.3236995205552033,0.4419179459965504
0,0.3563297298377269,0.452813793295196
0,0.448191580351739,0.451273765158882
0,0.34193442251436185,0.44878736901438887
0,0.37322607603622315,0.4414205334208504
0,0.3281165846221462,0.4175477607034632
0,0.3701788655103399,0.4167959401551636
0,0.3461982831724542,0.4076207059891749
0,0.4177445907970778,0.41051527990374326
0,0.40023632172499546,0.4127587380346323
0,0.3878626585015176,0.426755981411173
0,0.351714507017184,0.4290046315704528
0,0.3615522208769277,0.43592327812549025
0,0.3587305055625254,0.43152782387125943
0,0.33405832025231974,0.4274381748344967
0,0.3433392759341762,0.41418644809422445
0,0.33468620009831773,0.41275538998815137
0,0.39502868963069426,0.4111833002459434
0,0.44714318796055363,0.4239062720414317
0,0.32360959689587526,0.4265647210237247
0,0.3872962659980171,0.4220806815381628
0,0.38042519873646174,0.427026640231518
0,0.347905148264895,0.42636884535247893
0,0.3462304426915793,0.427846226603047
0,0.37322607603622315,0.41382234087397746
0,0.3281165846221462,0.4149501335557427
0,0.3701788655103399,0.4147978445805254
0,0.4174772507277709,0.406254902553275
0,0.389165842523852,0.40827201402772423
0,0.3919497273237735,0.42304927602154124
0,0.34097391090827645,0.4323851839478542
0,0.38945904710441964,0.42808592691673697
0,0.37551676751331964,0.4299690181366553
0,0.371517591161483,0.43639221978921716
0,0.35796886534861255,0.44008467953427327
0,0.3449539445648042,0.4342200155532038
0,0.35558193522680226,0.43334810699224735
0,0.44817685551360187,0.41593154624397577
0,0.32360959689587526,0.4259297068990163
0,0.35185061986408894,0.4286692684740098
0,0.37668715291031,0.4182953247877542
0,0.3281165846221462,0.42052995220683625
0,0.37372512603886576,0.41933551790324197
0,0.3460811864697297,0.4140456173158692
0,0.3893289442905662,0.41691481527893687
0,0.4288001290165119,0.42095774457375673
0,0.39034173232122343,0.4201064945533669
0,0.38598125142932255,0.4355151349630889
0,0.3517148066022148,0.4408646873740707
0,0.3612483476068229,0.4407686114075534
0,0.3587305055625254,0.43688450298535
0,0.33405832025231974,0.44466877972109126
0,0.34225680335003783,0.43474514382706014
0,0.3332823206662947,0.43405015341746384
0,0.38846219763764356,0.44404841552000035
0,0.32360959689587526,0.4493972486309735
0,0.4454491684491123,0.44825745213914525
0,0.3753821728420643,0.45066622328167466
0,0.3968506025386745,0.44594161394458054
0,0.3679777425522402,0.43482480097671344
0,0.35294542078001545,0.4334460251928323
0,0.39008295580412916,0.4177002597340294
0,0.3281165846221462,0.4181656654612288
0,0.385668165975986,0.4180032785126721
0,0.4288892631838325,0.41253902593851277
0,0.389165842523852,0.4127816666115112
0,0.3889536412228404,0.4302422965839679
0,0.339068067892462,0.4379797012505412
0,0.37219187373599316,0.43817636402773286
0,0.40283952809385715,0.43951230945562514
0,0.36796542950303024,0.4444503458226955
0,0.3954547211270632,0.4484439599651506
0,0.3460091639210717,0.44181867731383234
0,0.3236995205552033,0.43845702556997984
0,0.3552367046490884,0.42304686047493184
0,0.4467718675269535,0.4310242226827542
0,0.3525970411309694,0.4321246988391264
0,0.394361071445181,0.42392201334669694
0,0.3281165846221462,0.42379607584328044
0,0.3891004456726152,0.4239182053923577
0,0.3696868094148128,0.4497508201428609
0,0.3472425574181778,0.45123253706070227
0,0.42880347885472736,0.4491726485506473
0,0.389165842523852,0.44875655326456504
0,0.3895346999265227,0.44800973553151974
0,0.352788042835934,0.46641624304509594
0,0.35775900313573694,0.4714262265797976
0,0.3587305055625254,0.4672251127575526
0,0.3343573016013192,0.4543781436788154
0,0.34459455531518013,0.46259643409623413
0,0.33090195220822455,0.4640887107618048
0,0.39634664041070566,0.47387363486378575
0,0.44325683252809567,0.47712408266385387
0,0.32360959689587526,0.47829713599819296
0,0.3737869089256261,0.4787750022493801
0,0.4175425174986937,0.4347410062560482
0,0.36611621587687965,0.4321854915337013
0,0.3691563133320416,0.4334460251928323
0,0.3944945036655806,0.417539526903929
0,0.3281165846221462,0.4192837465765759
0,0.3891004456726152,0.4180032785126721
0,0.4288001290165119,0.41253902593851277
0,0.389165842523852,0.4127816666115112
0,0.3980349231293197,0.4302422965839679
0,0.33906077695535164,0.4379797012505412
0,0.389101469810064,0.4334819218530796
0,0.36610728438772994,0.4353254491734707
0,0.4132779649673351,0.4407448803890062
0,0.36529290941424414,0.44724701697837965
0,0.34616718286165443,0.4409580364168995
0,0.3512653888355664,0.440545459474797
0,0.44309293307671493,0.4228100997901613
0,0.32360959689587526,0.4314829995057754
0,0.3824241372521113,0.4321246988391264
0,0.590966515152496,0.4201492689728432
0,0.4855002627390347,0.42624280748979604
0,0.3281165846221462,0.42697188127732005
0,0.3904759934999976,0.42927275769878465
0,0.3857986569484722,0.4296508024847929
0,0.36121737542770777,0.4288688370587404
0,0.3892818278273915,0.42656365130602925
0,0.389165842523852,0.42595166207076307
0,0.38598125142932255,0.44683772814325795
0,0.35254973229975173,0.44674035049465666
0,0.3586878636797139,0.446988915860661
0,0.3587305055625254,0.45709469065827785
0,0.3343573016013192,0.4507656930938443
0,0.34315968261220187,0.4593732697417186
0,0.33090195220822455,0.46850374712129117
0,0.39367713879729793,0.44336563353560876
0,0.4209596969433388,0.42865318217908227
0,0.32360959689587526,0.42926373239451265
0,0.3694605691515322,0.4278156696532035
0,0.39289058567927093,0.4304743223320323
0,0.3653687484404762,0.42977149874867593
0,0.3838376386961038,0.4310249916366149
0,0.38979177175606783,0.4152073398565755
0,0.3281165846221462,0.41702869345936033
0,0.38592919207262916,0.4155279071310668
0,0.3866658483561181,0.41009601328503065
0,0.38945134504532075,0.41033721706552406
0,0.39978350253027667,0.42935518195540495
0,0.3374685221355455,0.4370766329025944
0,0.36679126258182,0.4368726897731874
0,0.42904932408515745,0.43810411869888155
0,0.3673432826796042,0.4416379541388668
0,0.3976841217924485,0.44407238641715274
0,0.34828594945787494,0.43888709688928507
0,0.3236995205552033,0.4344774522928708
0,0.3522701247197816,0.4187559972051546
0,0.42084275442728614,0.42723006131136776
0,0.3824241372521113,0.4317727818185026
0,0.38914913420299396,0.42092930772750176
0,0.3281165846221462,0.42313591248788013
0,0.38468134090500994,0.4207415065726602
0,0.36109519872815343,0.4136895359521637
0,0.3842677727653473,0.4155514321479281
0,0.389165842523852,0.4170219920416418
0,0.3890052134457763,0.4170219920416418
0,0.352788042835934,0.43339125904841835
0,0.3586878636797139,0.43462714970437577
0,0.3587305055625254,0.43508168796226837
0,0.3343573016013192,0.431719745336805
0,0.34315968261220187,0.41707348693258
0,0.3300680192892794,0.4163044423018381
0,0.3951284731654653,0.41467097442065964
0,0.4182470939383829,0.42520618555239037
0,0.32360959689587526,0.42827026128609075
0,0.3737487414201576,0.4241599214764055
0,0.4074366867917701,0.4272824674744932
0,0.37766317217407885,0.42640104879460916
0,0.3546171669846785,0.42920664636893674
0,0.37393196239705245,0.41384059194094674
0,0.3281165846221462,0.4148317855469254
0,0.37169395974527136,0.41494915970134233
0,0.3696868094148128,0.4567463508473869
0,0.3811056029729852,0.44426908274045285
0,0.389165842523852,0.4413266430616358
0,0.39860273400326474,0.46072014400724914
0,0.33843311881488153,0.46072014400724914
0,0.38849963633741513,0.44023310585254033
0,0.3709422979929288,0.4621491521728999
0,0.3792711738096307,0.465032947963763
0,0.4019787923322318,0.4639385574307578
0,0.3449539445648042,0.4617760427873093
0,0.3512653888355664,0.4455164194738417
0,0.4181056277382172,0.4537680800596812
0,0.32360959689587526,0.45458215211149516
0,0.339205360984882,0.4531892301012212
0,0.3638654198242505,0.4428156631325337
0,0.3281165846221462,0.4222049162120048
0,0.36327510856331413,0.4198679064037107
0,0.36121737542770777,0.4152220023646392
0,0.3871764825015752,0.4165742199701833
0,0.38945134504532075,0.4165742199701833
0,0.3836715967805373,0.4296203653119846
0,0.35254973229975173,0.43106766670189145
0,0.3586878636797139,0.436329127709748
0,0.3587305055625254,0.4318075723703828
0,0.3343573016013192,0.42679496061713357
0,0.34315968261220187,0.4353279903075909
0,0.3300680192892794,0.4143572684805371
0,0.39338860289515,0.4133184415633278
0,0.3236995205552033,0.4268454851135513
0,0.4179894780819947,0.4290434873897267
0,0.3720290400567444,0.4260194103210545
0,0.3820708469938653,0.42684268022043853
0,0.4007685362221995,0.4258891554904232
0,0.33988031978010647,0.4271642664766009
