corpus,dataset,capture,attack_type,representation,detector,seed,precision,recall,f1,roc_auc,pr_auc,fpr,train_seconds,score_seconds,runtime_seconds,peak_rss_mb,model_bytes,protocol_version,phase
hcrl,DoS,DoS,DoS,raw,isolation_forest,0,0.0,0.0,0.0,0.8259218833464455,0.4586982600743833,0.0010639489304513,0.5899506999994628,0.3041582000005292,0.894108899999992,526.37109375,2365487,hcrl_temporal_v1,C
hcrl,DoS,DoS,DoS,raw,isolation_forest,1,0.0,0.0,0.0,0.8434683637070919,0.4767994178484775,0.0011759435547093,0.5895488000005571,0.2963861999996879,0.885935000000245,529.24609375,2385551,hcrl_temporal_v1,C
hcrl,DoS,DoS,DoS,raw,isolation_forest,2,0.0,0.0,0.0,0.8600654045534165,0.5201469331089202,0.0008959569940642,0.6432903000004444,0.3384645000005548,0.9817548000009992,529.37109375,2440463,hcrl_temporal_v1,C
hcrl,DoS,DoS,DoS,raw,isolation_forest,3,0.0,0.0,0.0,0.8627129620781288,0.5108207148940187,0.0010639489304513,0.5959236000016972,0.3134286000004067,0.909352200002104,529.40625,2341199,hcrl_temporal_v1,C
hcrl,DoS,DoS,DoS,raw,isolation_forest,4,0.0,0.0,0.0,0.8777841865510236,0.5440237900952305,0.0008959569940642,0.7507715000010649,0.349671700001636,1.100443200002701,529.43359375,2427439,hcrl_temporal_v1,C
hcrl,DoS,DoS,DoS,raw,one_class_svm,0,0.3118279569892473,0.0099417209461775,0.0192691029900332,0.9860065270175224,0.8717697335159855,0.0071676559525142,0.1076582000005146,0.7670794999994541,0.8747376999999688,530.0625,31066,hcrl_temporal_v1,C
hcrl,DoS,DoS,DoS,raw,one_class_svm,1,0.2885572139303483,0.0099417209461775,0.0192212096106048,0.9850646318788148,0.8661320359020603,0.0080076156344495,0.0993268999991414,0.764623400000346,0.8639502999994875,525.25,30282,hcrl_temporal_v1,C
hcrl,DoS,DoS,DoS,raw,one_class_svm,2,0.2710280373831775,0.0099417209461775,0.0191798941798941,0.9842103897148008,0.8606018870487846,0.0087355806921267,0.1067005000004428,0.8514519999989716,0.9581524999994144,524.9921875,31066,hcrl_temporal_v1,C
hcrl,DoS,DoS,DoS,raw,one_class_svm,3,0.3152173913043478,0.0099417209461775,0.0192755068128946,0.9852120255581176,0.8672290314287089,0.0070556613282562,0.1246334000006754,0.8098282999999356,0.934461700000611,525.375,30810,hcrl_temporal_v1,C
hcrl,DoS,DoS,DoS,raw,one_class_svm,4,0.2348178137651821,0.0099417209461775,0.0190758098996875,0.985435045363966,0.8686852360851176,0.0105834919923843,0.1925097999992431,0.9288966999993136,1.121406499998557,525.3984375,30666,hcrl_temporal_v1,C
hcrl,DoS,DoS,DoS,raw,lof,0,0.0,0.0,0.0,0.9628802706054272,0.7442528334939085,0.0041438010975473,0.1079079999999521,0.3781212999983836,0.4860292999983358,531.1015625,2514956,hcrl_temporal_v1,C
hcrl,DoS,DoS,DoS,raw,lof,1,0.0,0.0,0.0,0.9536082521724252,0.7064314060677543,0.0037518199126441,0.1242966000008891,0.3972732000001997,0.5215698000010889,533.6328125,2514956,hcrl_temporal_v1,C
hcrl,DoS,DoS,DoS,raw,lof,2,0.0,0.0,0.0,0.956563756520078,0.7173810259231692,0.0038078172247732,0.137784599999577,0.3659697000002779,0.503754299999855,532.9140625,2514956,hcrl_temporal_v1,C
hcrl,DoS,DoS,DoS,raw,lof,3,0.0,0.0,0.0,0.949861212284025,0.6922190084170141,0.0045357822824504,0.1030924999995477,0.3649786000005406,0.4680711000000883,532.98828125,2514956,hcrl_temporal_v1,C
hcrl,DoS,DoS,DoS,raw,lof,4,0.0,0.0,0.0,0.9446881990185554,0.6767998699745181,0.0029678575428379,0.1357070000012754,0.379885500000455,0.5155925000017305,530.984375,2514956,hcrl_temporal_v1,C
hcrl,DoS,DoS,DoS,raw,hbos,0,0.2188679245283019,0.0099417209461775,0.0190195113953107,0.2506228717134021,0.3004832883295875,0.0115914436107066,0.010427700000946,0.014497799998935,0.0249254999998811,528.12890625,3855,hcrl_temporal_v1,C
hcrl,DoS,DoS,DoS,raw,hbos,1,0.2188679245283019,0.0099417209461775,0.0190195113953107,0.2506228717134021,0.3004832883295875,0.0115914436107066,0.0099119000005885,0.010132400000657,0.0200443000012455,528.28515625,3855,hcrl_temporal_v1,C
hcrl,DoS,DoS,DoS,raw,hbos,2,0.2188679245283019,0.0099417209461775,0.0190195113953107,0.2506228717134021,0.3004832883295875,0.0115914436107066,0.0066757999993569,0.0107367000000522,0.0174124999994091,528.32421875,3855,hcrl_temporal_v1,C
hcrl,DoS,DoS,DoS,raw,hbos,3,0.2188679245283019,0.0099417209461775,0.0190195113953107,0.2506228717134021,0.3004832883295875,0.0115914436107066,0.0042909000003419,0.0097985999982483,0.0140894999985903,528.375,3855,hcrl_temporal_v1,C
hcrl,DoS,DoS,DoS,raw,hbos,4,0.2188679245283019,0.0099417209461775,0.0190195113953107,0.2506228717134021,0.3004832883295875,0.0115914436107066,0.0082062000001315,0.0105450000010023,0.0187512000011338,528.37890625,3855,hcrl_temporal_v1,C
hcrl,DoS,DoS,DoS,raw,elliptic_envelope,0,0.0,0.0,0.0,0.6581986169566156,0.2963609133928253,0.0073356478889013,0.8682606000002124,0.0178685999999288,0.8861292000001413,536.296875,66831,hcrl_temporal_v1,C
hcrl,DoS,DoS,DoS,raw,elliptic_envelope,1,0.4461538461538462,0.0099417209461775,0.0194500335345405,0.6264118396708456,0.2770159740490758,0.0040318064732892,0.7267490000012913,0.0088375999985146,0.7355865999998059,536.54296875,66831,hcrl_temporal_v1,C
hcrl,DoS,DoS,DoS,raw,elliptic_envelope,2,0.4496124031007752,0.0099417209461775,0.019453295321147,0.6287773853635965,0.2786918965916095,0.0039758091611602,0.6850524000001315,0.0081879000008484,0.6932403000009799,537.38671875,66831,hcrl_temporal_v1,C
hcrl,DoS,DoS,DoS,raw,elliptic_envelope,3,0.4296296296296296,0.0099417209461775,0.0194337409951415,0.6291047498352236,0.2786833097190608,0.0043117930339343,0.7564234000001306,0.0090029000002687,0.7654263000003994,536.53125,66831,hcrl_temporal_v1,C
hcrl,DoS,DoS,DoS,raw,elliptic_envelope,4,0.4957264957264957,0.0099417209461775,0.0194925222651655,0.6169996647840028,0.2732163818392022,0.003303841415612,0.7693209999997634,0.0081661999993229,0.7774871999990864,536.38671875,66831,hcrl_temporal_v1,C
hcrl,DoS,DoS,DoS,raw,autoencoder,0,0.2521739130434782,0.0099417209461775,0.0191292875989445,0.8687092145391213,0.4973170238263963,0.009631537686191,1.9341499000001927,0.023076099998434,1.9572259999986272,540.02734375,18610,hcrl_temporal_v1,C
hcrl,DoS,DoS,DoS,raw,autoencoder,1,0.1768292682926829,0.0099417209461775,0.0188250567997403,0.6649784286528398,0.3081338819291929,0.0151192742748348,2.166892100000041,0.0220126000003801,2.188904700000421,542.078125,18610,hcrl_temporal_v1,C
hcrl,DoS,DoS,DoS,raw,autoencoder,2,0.0,0.0,0.0,0.7171198065660487,0.3337079370569086,0.0086235860678687,1.7958142999996198,0.0163552999983949,1.8121695999980147,542.890625,18610,hcrl_temporal_v1,C
hcrl,DoS,DoS,DoS,raw,autoencoder,3,0.1979522184300341,0.0099417209461775,0.0189325934388771,0.9338663297127114,0.6450055980698102,0.0131593683503191,1.8753237000000809,0.012389899999107,1.887713599999188,543.61328125,18610,hcrl_temporal_v1,C
hcrl,DoS,DoS,DoS,raw,autoencoder,4,0.1291759465478842,0.0099417209461775,0.0184625179054591,0.8956078027349649,0.5525506424600455,0.0218949490424459,1.7648628999995708,0.0115394999993441,1.776402399998915,544.3359375,18610,hcrl_temporal_v1,C
hcrl,DoS,DoS,DoS,residual,isolation_forest,0,0.0557692307692307,0.0099417209461775,0.0168751818446319,0.8936678423734599,0.6304890448608542,0.0549893605106954,0.5544991999995545,0.2650565999992977,0.8195557999988523,544.71484375,1757055,hcrl_temporal_v1,C
hcrl,DoS,DoS,DoS,residual,isolation_forest,1,0.0465489566613162,0.0099417209461775,0.0163841807909604,0.8915093446786408,0.5816468548738402,0.0665248068092731,0.4895509999987553,0.2458575999989989,0.7354085999977542,545.55078125,1767439,hcrl_temporal_v1,C
hcrl,DoS,DoS,DoS,residual,isolation_forest,2,0.0406732117812061,0.0099417209461775,0.0159779614325068,0.8713426911490422,0.6036500824072056,0.0766043229924963,0.6608042999996542,0.2613225000004604,0.9221268000001146,543.57421875,1770607,hcrl_temporal_v1,C
hcrl,DoS,DoS,DoS,residual,isolation_forest,3,0.0410474168435951,0.0099417209461775,0.0160066234303849,0.8558886424051577,0.5216424344992735,0.0758763579348191,0.5697962999984156,0.2114311999994242,0.7812274999978399,544.51171875,1753183,hcrl_temporal_v1,C
hcrl,DoS,DoS,DoS,residual,isolation_forest,4,0.0505226480836236,0.0099417209461775,0.0166141506731595,0.8790744187576905,0.5361099494197441,0.0610370702206294,0.529187299998739,0.2502813999999489,0.779468699998688,543.5859375,1720975,hcrl_temporal_v1,C
hcrl,DoS,DoS,DoS,residual,one_class_svm,0,0.0497854077253218,0.0099417209461775,0.016573796256608,0.7908864364911582,0.395492171666462,0.0619890245268227,0.0782567000005656,0.8360769000009896,0.9143336000015552,537.6484375,32122,hcrl_temporal_v1,C
hcrl,DoS,DoS,DoS,residual,one_class_svm,1,0.0634573304157549,0.0099417209461775,0.0171902786010669,0.8220525497052452,0.4302779822408356,0.0479336991824392,0.0975600000001577,0.7851707999998325,0.8827307999999903,536.96875,31866,hcrl_temporal_v1,C
hcrl,DoS,DoS,DoS,residual,one_class_svm,2,0.0625,0.0099417209461775,0.0171546879621413,0.8343729758085083,0.4458873244035499,0.0487176615522454,0.1540181000000302,0.7443741000006412,0.8983922000006714,537.484375,31994,hcrl_temporal_v1,C
hcrl,DoS,DoS,DoS,residual,one_class_svm,3,0.0637362637362637,0.0099417209461775,0.0172004744958481,0.8079706750695782,0.4138880731333409,0.0477097099339231,0.0895430000000487,0.7999030999999377,0.8894460999999865,536.96484375,32394,hcrl_temporal_v1,C
hcrl,DoS,DoS,DoS,residual,one_class_svm,4,0.0641592920353982,0.0099417209461775,0.0172157910359157,0.8303612204810947,0.4406041028094428,0.047373726061149,0.095083499998509,0.7891728000013245,0.8842562999998336,536.8359375,31466,hcrl_temporal_v1,C
hcrl,DoS,DoS,DoS,residual,lof,0,0.0,0.0,0.0,0.8497458505262231,0.4689195165373577,0.0178071452570276,0.5022057000005589,2.890745299999253,3.392950999999812,543.63671875,2514956,hcrl_temporal_v1,C
hcrl,DoS,DoS,DoS,residual,lof,1,0.0,0.0,0.0,0.783465669616319,0.390203714091526,0.0272146936947026,0.6239798999995401,2.854983400000492,3.478963300000032,545.63671875,2514956,hcrl_temporal_v1,C
hcrl,DoS,DoS,DoS,residual,lof,2,0.0,0.0,0.0,0.7868764184817929,0.3936225754133126,0.0166312017023182,0.5264341000001878,2.669556000000739,3.1959901000009268,541.43359375,2514956,hcrl_temporal_v1,C
hcrl,DoS,DoS,DoS,residual,lof,3,0.0,0.0,0.0,0.8216728641248738,0.4316799872873934,0.0291186023070892,0.549719599999662,2.724130700000387,3.273850300000049,544.0546875,2514956,hcrl_temporal_v1,C
hcrl,DoS,DoS,DoS,residual,lof,4,0.0,0.0,0.0,0.8015706161428215,0.408780675736111,0.0226789114122522,0.5601120999999694,2.875366299998859,3.4354783999988285,545.046875,2514956,hcrl_temporal_v1,C
hcrl,DoS,DoS,DoS,residual,hbos,0,0.2529207451847174,0.1372985944463489,0.1779802244195089,0.7559967227846632,0.5119731662585943,0.1324896404972561,0.0063181000004988,0.0084186999993107,0.0147367999998095,540.2109375,3711,hcrl_temporal_v1,C
hcrl,DoS,DoS,DoS,residual,hbos,1,0.2529207451847174,0.1372985944463489,0.1779802244195089,0.7559967227846632,0.5119731662585943,0.1324896404972561,0.0062718000008317,0.0095493999997415,0.0158212000005733,539.5546875,3711,hcrl_temporal_v1,C
hcrl,DoS,DoS,DoS,residual,hbos,2,0.2529207451847174,0.1372985944463489,0.1779802244195089,0.7559967227846632,0.5119731662585943,0.1324896404972561,0.0069660999997722,0.0105815999995684,0.0175476999993406,539.59765625,3711,hcrl_temporal_v1,C
hcrl,DoS,DoS,DoS,residual,hbos,3,0.2529207451847174,0.1372985944463489,0.1779802244195089,0.7559967227846632,0.5119731662585943,0.1324896404972561,0.0067409000002953,0.0098039000004064,0.0165448000007017,539.77734375,3711,hcrl_temporal_v1,C
hcrl,DoS,DoS,DoS,residual,hbos,4,0.2529207451847174,0.1372985944463489,0.1779802244195089,0.7559967227846632,0.5119731662585943,0.1324896404972561,0.0061638999995921,0.0096465000005991,0.0158104000001912,539.77734375,3711,hcrl_temporal_v1,C
hcrl,DoS,DoS,DoS,residual,elliptic_envelope,0,0.0201318986463033,0.0099417209461775,0.0133103843947217,0.6776019159719346,0.3101147428120832,0.1580804121402172,0.7306817000007868,0.0086818999989191,0.7393635999997059,542.49609375,66831,hcrl_temporal_v1,C
hcrl,DoS,DoS,DoS,residual,elliptic_envelope,1,0.0203794799718903,0.0099417209461775,0.0133640552995391,0.6766380979911113,0.30952095721984,0.1561205062157016,0.7913214000000153,0.0121079999989888,0.8034293999990041,542.37109375,66831,hcrl_temporal_v1,C
hcrl,DoS,DoS,DoS,residual,elliptic_envelope,2,0.0194892473118279,0.0099417209461775,0.0131668558456299,0.6759215934734892,0.3092500188852012,0.1634001567924739,0.7767368999993778,0.0119436999993922,0.78868059999877,542.33984375,66831,hcrl_temporal_v1,C
hcrl,DoS,DoS,DoS,residual,elliptic_envelope,3,0.0199381230663458,0.0099417209461775,0.013267757062793,0.6757535439464487,0.3088778841732107,0.1596483368798297,0.7374922999988485,0.0153811000000132,0.7528733999988617,542.3671875,66831,hcrl_temporal_v1,C
hcrl,DoS,DoS,DoS,residual,elliptic_envelope,4,0.0196877121520706,0.0099417209461775,0.0132118451025056,0.6767890142987225,0.3098753194916072,0.1617202374286034,0.8311176000006526,0.0199771999996301,0.8510948000002827,542.33984375,66831,hcrl_temporal_v1,C
hcrl,DoS,DoS,DoS,residual,autoencoder,0,0.0546654099905749,0.0099417209461775,0.0168237853517041,0.6209129688891833,0.2774455318191067,0.0561653040654048,2.0053086999996594,0.0124486999993678,2.0177573999990277,541.328125,18610,hcrl_temporal_v1,C
hcrl,DoS,DoS,DoS,residual,autoencoder,1,0.0774365821094793,0.0099417209461775,0.0176211453744493,0.783807690909273,0.3892349580787859,0.0386941426811513,1.8473964000004344,0.0126664000017626,1.860062800002197,543.17578125,18610,hcrl_temporal_v1,C
hcrl,DoS,DoS,DoS,residual,autoencoder,2,0.0448222565687789,0.0099417209461775,0.0162738496071829,0.8150991213854715,0.4224167454899752,0.069212677791466,2.0251459999999497,0.0150676000012026,2.0402136000011524,543.5546875,18610,hcrl_temporal_v1,C
hcrl,DoS,DoS,DoS,residual,autoencoder,3,0.0345443716497915,0.0099417209461775,0.015439904166112,0.8055187817902806,0.4116803197609963,0.0907716429611378,2.020862599998509,0.0154270999992149,2.036289699997724,543.5546875,18610,hcrl_temporal_v1,C
hcrl,DoS,DoS,DoS,residual,autoencoder,4,0.0383597883597883,0.0099417209461775,0.0157909066158453,0.802523962223142,0.4083619045255734,0.0814200918355918,2.1895229000001564,0.0179219999990891,2.207444899999245,543.5546875,18610,hcrl_temporal_v1,C
hcrl,Fuzzy,Fuzzy,Fuzzy,raw,isolation_forest,0,0.3458646616541353,0.1064814814814814,0.1628318584070796,0.8668615745752454,0.2909264464063234,0.0134543017681323,0.4804316999998264,0.204891299999872,0.6853229999996984,543.74609375,2117327,hcrl_temporal_v1,C
hcrl,Fuzzy,Fuzzy,Fuzzy,raw,isolation_forest,1,0.3348214285714285,0.1157407407407407,0.1720183486238531,0.8866247082864778,0.3073632863173484,0.0153616165781741,0.4856880999996065,0.2358265000002575,0.721514599999864,545.640625,2203919,hcrl_temporal_v1,C
hcrl,Fuzzy,Fuzzy,Fuzzy,raw,isolation_forest,2,0.3538135593220339,0.128858024691358,0.1889140271493212,0.8801678319297355,0.3062830000692874,0.0157224599206144,0.5059313000001566,0.2104228000007424,0.716354100000899,545.30078125,2143375,hcrl_temporal_v1,C
hcrl,Fuzzy,Fuzzy,Fuzzy,raw,isolation_forest,3,0.3358208955223881,0.1041666666666666,0.1590106007067137,0.8714919599393884,0.2916474397123449,0.0137635960616526,0.4804958000004262,0.2136422000003222,0.6941380000007484,545.43359375,2225039,hcrl_temporal_v1,C
hcrl,Fuzzy,Fuzzy,Fuzzy,raw,isolation_forest,4,0.3511450381679389,0.1064814814814814,0.1634103019538188,0.8958423623719944,0.3084362821733529,0.013145007474612,0.5344482000000426,0.2300369999993563,0.7644851999993989,545.43359375,2193359,hcrl_temporal_v1,C
hcrl,Fuzzy,Fuzzy,Fuzzy,raw,one_class_svm,0,0.4283347141673571,0.3989197530864197,0.4131042748701558,0.6100992223730509,0.2268208570023058,0.0355688437548327,0.0846480000000156,0.6937566000015067,0.7784046000015223,540.53125,30810,hcrl_temporal_v1,C
hcrl,Fuzzy,Fuzzy,Fuzzy,raw,one_class_svm,1,0.4265560165975103,0.3966049382716049,0.4110355857656937,0.6193572883672889,0.2213242625125557,0.0356203928037527,0.0869611999987682,0.5877733999986958,0.6747345999974641,539.51171875,31338,hcrl_temporal_v1,C
hcrl,Fuzzy,Fuzzy,Fuzzy,raw,one_class_svm,2,0.4311624072547403,0.4035493827160494,0.4168991630131526,0.6258130112345106,0.2257329800432128,0.0355688437548327,0.1004110999983822,0.6326002000005246,0.7330112999989069,539.3359375,30810,hcrl_temporal_v1,C
hcrl,Fuzzy,Fuzzy,Fuzzy,raw,one_class_svm,3,0.4154589371980676,0.3981481481481481,0.4066193853427896,0.6054274704881695,0.218267773447726,0.0374246095159544,0.0938836999994237,0.6566009999987727,0.7504846999981964,539.65625,30938,hcrl_temporal_v1,C
hcrl,Fuzzy,Fuzzy,Fuzzy,raw,one_class_svm,4,0.4532967032967033,0.3819444444444444,0.414572864321608,0.6140633283248023,0.2191372113729177,0.0307747822052683,0.0974234999994223,0.6303577999988192,0.7277812999982416,539.3046875,30810,hcrl_temporal_v1,C
hcrl,Fuzzy,Fuzzy,Fuzzy,raw,lof,0,0.2972292191435768,0.0910493827160493,0.1393975191966922,0.6646396872627391,0.1748549262775711,0.0143821846486932,0.0986474999990605,0.3132755000006,0.4119229999996605,547.50390625,2514956,hcrl_temporal_v1,C
hcrl,Fuzzy,Fuzzy,Fuzzy,raw,lof,1,0.2787286063569682,0.0879629629629629,0.133724340175953,0.6521964190594016,0.173242154432842,0.0152069694314139,0.1019888999999238,0.3488949000002321,0.450883800000156,548.765625,2514956,hcrl_temporal_v1,C
hcrl,Fuzzy,Fuzzy,Fuzzy,raw,lof,2,0.2,0.0555555555555555,0.0869565217391304,0.6566589120350483,0.1451977471899899,0.0148461260889736,0.1805401999990863,0.301159299999199,0.4816994999982853,546.6875,2514956,hcrl_temporal_v1,C
hcrl,Fuzzy,Fuzzy,Fuzzy,raw,lof,3,0.2192192192192192,0.0563271604938271,0.0896255371393492,0.6670182025419409,0.1415347936966072,0.0134027527192123,0.1064409000009618,0.2849519999999756,0.3913929000009375,548.7578125,2514956,hcrl_temporal_v1,C
hcrl,Fuzzy,Fuzzy,Fuzzy,raw,lof,4,0.214975845410628,0.0686728395061728,0.1040935672514619,0.6534196350327335,0.1487746067669414,0.0167534408990154,0.1091711999997642,0.3008821000003081,0.4100533000000723,546.6875,2514956,hcrl_temporal_v1,C
hcrl,Fuzzy,Fuzzy,Fuzzy,raw,hbos,0,0.2908093278463649,0.1635802469135802,0.2093827160493827,0.7781902894956403,0.2528052821456337,0.0266508582916645,0.0077436000010493,0.0104064000006474,0.0181500000016967,542.33203125,3855,hcrl_temporal_v1,C
hcrl,Fuzzy,Fuzzy,Fuzzy,raw,hbos,1,0.2908093278463649,0.1635802469135802,0.2093827160493827,0.7781902894956403,0.2528052821456337,0.0266508582916645,0.0080653999993955,0.0119443999992654,0.020009799998661,542.984375,3855,hcrl_temporal_v1,C
hcrl,Fuzzy,Fuzzy,Fuzzy,raw,hbos,2,0.2908093278463649,0.1635802469135802,0.2093827160493827,0.7781902894956403,0.2528052821456337,0.0266508582916645,0.0104572999989613,0.0096596000003046,0.020116899999266,542.984375,3855,hcrl_temporal_v1,C
hcrl,Fuzzy,Fuzzy,Fuzzy,raw,hbos,3,0.2908093278463649,0.1635802469135802,0.2093827160493827,0.7781902894956403,0.2528052821456337,0.0266508582916645,0.0099171000001661,0.0088905999982671,0.0188076999984332,542.984375,3855,hcrl_temporal_v1,C
hcrl,Fuzzy,Fuzzy,Fuzzy,raw,hbos,4,0.2908093278463649,0.1635802469135802,0.2093827160493827,0.7781902894956403,0.2528052821456337,0.0266508582916645,0.0076779999999416,0.0107286000002204,0.0184066000001621,542.984375,3855,hcrl_temporal_v1,C
hcrl,Fuzzy,Fuzzy,Fuzzy,raw,elliptic_envelope,0,0.2008426966292134,0.3310185185185185,0.25,0.8388982440866558,0.2211568423751524,0.0879942265065209,0.6943324000003486,0.0112711999991006,0.7056035999994492,546.19140625,66831,hcrl_temporal_v1,C
hcrl,Fuzzy,Fuzzy,Fuzzy,raw,elliptic_envelope,1,0.2080630213160333,0.3464506172839506,0.259988419224088,0.8297233486644023,0.2303923521338398,0.088097324604361,0.7104044999996404,0.0088283000004594,0.7192328000000998,545.265625,66831,hcrl_temporal_v1,C
hcrl,Fuzzy,Fuzzy,Fuzzy,raw,elliptic_envelope,2,0.1973094170403587,0.5771604938271605,0.2940829565559268,0.8640232743955873,0.2302938512330334,0.1568637558637043,0.7261834999990242,0.0079413000003114,0.7341247999993357,544.93359375,66831,hcrl_temporal_v1,C
hcrl,Fuzzy,Fuzzy,Fuzzy,raw,elliptic_envelope,3,0.216243654822335,0.3287037037037037,0.2608695652173913,0.8392555474095331,0.2272385393916721,0.0795917315325532,0.6738410000016302,0.0082894999995914,0.6821305000012217,544.32421875,66831,hcrl_temporal_v1,C
hcrl,Fuzzy,Fuzzy,Fuzzy,raw,elliptic_envelope,4,0.2091624248033318,0.3487654320987654,0.2614984090251663,0.8309458884542223,0.233293126904204,0.088097324604361,0.8305957000011404,0.0069736000004922,0.8375693000016327,544.62109375,66831,hcrl_temporal_v1,C
hcrl,Fuzzy,Fuzzy,Fuzzy,raw,autoencoder,0,0.1284046692607003,0.0254629629629629,0.0424983902124919,0.8129594865842009,0.2274343677785436,0.0115469869580906,2.2394961999998486,0.0154283000010764,2.254924500000925,544.68359375,18610,hcrl_temporal_v1,C
hcrl,Fuzzy,Fuzzy,Fuzzy,raw,autoencoder,1,0.277882797731569,0.2268518518518518,0.2497875955819881,0.8362051642600897,0.2566483525696995,0.0393834733749162,2.3036652999999205,0.0182645999993837,2.3219298999993043,546.99609375,18610,hcrl_temporal_v1,C
hcrl,Fuzzy,Fuzzy,Fuzzy,raw,autoencoder,2,0.1774744027303754,0.0401234567901234,0.0654499685336689,0.8199191650454173,0.184757724497858,0.0124233207897314,2.101824099998339,0.0131584000009752,2.1149824999993143,547.7421875,18610,hcrl_temporal_v1,C
hcrl,Fuzzy,Fuzzy,Fuzzy,raw,autoencoder,3,0.2816537467700258,0.1682098765432098,0.2106280193236715,0.8430393112410656,0.2560832631015894,0.0286612711995463,2.2032115000001795,0.0166392999999516,2.219850800000131,548.65625,18610,hcrl_temporal_v1,C
hcrl,Fuzzy,Fuzzy,Fuzzy,raw,autoencoder,4,0.327683615819209,0.1790123456790123,0.2315369261477045,0.81606845904619,0.2630465968343505,0.0245373472859425,2.2147545000007085,0.0102291999992303,2.224983699999939,549.359375,18610,hcrl_temporal_v1,C
hcrl,Fuzzy,Fuzzy,Fuzzy,residual,isolation_forest,0,0.3118385429485601,0.9776234567901234,0.4728494122037693,0.972770726377012,0.7592283393158402,0.1441311407804526,0.5781473000006372,0.196079199999076,0.7742264999997133,549.796875,1247359,hcrl_temporal_v1,C
hcrl,Fuzzy,Fuzzy,Fuzzy,residual,isolation_forest,1,0.3201732042791645,0.9699074074074074,0.4814247414783608,0.974877913078121,0.7853540032134783,0.1375844115676066,0.5124240000004647,0.2212889999991603,0.733712999999625,550.91796875,1251055,hcrl_temporal_v1,C
hcrl,Fuzzy,Fuzzy,Fuzzy,residual,isolation_forest,2,0.3030952380952381,0.9822530864197532,0.4632459970887917,0.9752898679389737,0.7709861015541091,0.1508840661889788,0.5522087000008469,0.2222940000010567,0.7745027000019036,551.046875,1242431,hcrl_temporal_v1,C
hcrl,Fuzzy,Fuzzy,Fuzzy,residual,isolation_forest,3,0.3328964613368283,0.9799382716049384,0.4969673253766386,0.9770720092482812,0.778605196613483,0.1311923295015207,0.6648917000002257,0.247644199998831,0.9125358999990568,551.2890625,1256863,hcrl_temporal_v1,C
hcrl,Fuzzy,Fuzzy,Fuzzy,residual,isolation_forest,4,0.3451056729699666,0.9575617283950616,0.5073589533932952,0.9750005807223104,0.7746517020282537,0.1213980102067116,0.5466684000002715,0.2057991000001493,0.7524675000004208,551.4296875,1255103,hcrl_temporal_v1,C
hcrl,Fuzzy,Fuzzy,Fuzzy,residual,one_class_svm,0,0.4170096021947874,0.7037037037037037,0.5236864771748493,0.8015631692227995,0.6184330131237864,0.0657250373730604,0.0947905000011815,0.7414785999990272,0.8362691000002087,546.44921875,30010,hcrl_temporal_v1,C
hcrl,Fuzzy,Fuzzy,Fuzzy,residual,one_class_svm,1,0.4124087591240876,0.6975308641975309,0.518348623853211,0.7939763106663892,0.6149182460006841,0.066395175009021,0.1093421999994461,0.7799613999995927,0.8893035999990389,545.91796875,30010,hcrl_temporal_v1,C
hcrl,Fuzzy,Fuzzy,Fuzzy,residual,one_class_svm,2,0.4183156925908882,0.7013888888888888,0.5240703372729894,0.8000040690337227,0.6152365144742296,0.0651579978349399,0.1082005000007484,0.7295310000008612,0.8377315000016097,545.59765625,29882,hcrl_temporal_v1,C
hcrl,Fuzzy,Fuzzy,Fuzzy,residual,one_class_svm,3,0.4103019538188277,0.7129629629629629,0.5208568207440811,0.8114018183131496,0.6207531170997135,0.0684571369658229,0.082544400000188,0.7467252999995253,0.8292696999997133,545.90625,30138,hcrl_temporal_v1,C
hcrl,Fuzzy,Fuzzy,Fuzzy,residual,one_class_svm,4,0.4213457076566125,0.7006172839506173,0.526224282816575,0.7880998781915065,0.6139433928228498,0.0642816640032991,0.1258863000002748,0.7231362000002264,0.8490225000005012,545.5625,29610,hcrl_temporal_v1,C
hcrl,Fuzzy,Fuzzy,Fuzzy,residual,lof,0,0.6040992448759439,0.4320987654320987,0.5038236617183987,0.8385513619449647,0.5548798633585252,0.0189185009536574,0.4187139999994542,1.5449122999998508,1.963626299999305,553.27734375,2514956,hcrl_temporal_v1,C
hcrl,Fuzzy,Fuzzy,Fuzzy,residual,lof,1,0.5368234250221828,0.466820987654321,0.4993809327280231,0.830248544375776,0.5510598811972708,0.0269086035362647,0.3601547999987815,1.8400186999988364,2.200173499997618,554.46484375,2514956,hcrl_temporal_v1,C
hcrl,Fuzzy,Fuzzy,Fuzzy,residual,lof,2,0.4432432432432432,0.2530864197530864,0.3222003929273084,0.8071206817329899,0.3817591808150264,0.0212382081550595,0.4494557999987592,1.6846151999998256,2.1340709999985847,553.984375,2514956,hcrl_temporal_v1,C
hcrl,Fuzzy,Fuzzy,Fuzzy,residual,lof,3,0.5684870188003581,0.4899691358024691,0.5263157894736842,0.8327203133163922,0.5524472606275057,0.0248466415794628,0.4150859000001219,1.8453757999996012,2.260461699999724,554.23828125,2514956,hcrl_temporal_v1,C
hcrl,Fuzzy,Fuzzy,Fuzzy,residual,lof,4,0.4067611777535441,0.2878086419753086,0.3370989606868504,0.8127792240149836,0.3901883673746196,0.0280426826125058,0.4694970000000467,1.6869019999994634,2.15639899999951,553.96484375,2514956,hcrl_temporal_v1,C
hcrl,Fuzzy,Fuzzy,Fuzzy,residual,hbos,0,0.2861325525685387,0.8294753086419753,0.4254898080348308,0.911919420881438,0.5566752385166889,0.1382545492035672,0.0112176000002364,0.0142065999989426,0.0254241999991791,553.3984375,3711,hcrl_temporal_v1,C
hcrl,Fuzzy,Fuzzy,Fuzzy,residual,hbos,1,0.2861325525685387,0.8294753086419753,0.4254898080348308,0.911919420881438,0.5566752385166889,0.1382545492035672,0.0118168000008154,0.0089453000000503,0.0207621000008657,546.73828125,3711,hcrl_temporal_v1,C
hcrl,Fuzzy,Fuzzy,Fuzzy,residual,hbos,2,0.2861325525685387,0.8294753086419753,0.4254898080348308,0.911919420881438,0.5566752385166889,0.1382545492035672,0.0083312000006117,0.014987900000051,0.0233191000006627,547.4765625,3711,hcrl_temporal_v1,C
hcrl,Fuzzy,Fuzzy,Fuzzy,residual,hbos,3,0.2861325525685387,0.8294753086419753,0.4254898080348308,0.911919420881438,0.5566752385166889,0.1382545492035672,0.0071888000002218,0.0131022000005032,0.020291000000725,547.48046875,3711,hcrl_temporal_v1,C
hcrl,Fuzzy,Fuzzy,Fuzzy,residual,hbos,4,0.2861325525685387,0.8294753086419753,0.4254898080348308,0.911919420881438,0.5566752385166889,0.1382545492035672,0.0092107999989821,0.0092602000004262,0.0184709999994083,547.48046875,3711,hcrl_temporal_v1,C
hcrl,Fuzzy,Fuzzy,Fuzzy,residual,elliptic_envelope,0,0.2551841912661625,0.8070987654320988,0.3877664504170529,0.9346157988925228,0.6917365713089767,0.1573792463529048,0.8194612999996025,0.007510600000387,0.8269718999999895,553.26171875,66831,hcrl_temporal_v1,C
hcrl,Fuzzy,Fuzzy,Fuzzy,residual,elliptic_envelope,1,0.2236992024306874,0.9089506172839508,0.3590368790003047,0.9334451661311294,0.6759047719235614,0.2107325119851539,0.7231972000008682,0.017818400001488,0.7410156000023562,552.83984375,66831,hcrl_temporal_v1,C
hcrl,Fuzzy,Fuzzy,Fuzzy,residual,elliptic_envelope,2,0.2528846153846154,0.8117283950617284,0.3856304985337243,0.9343635028915196,0.6917954844580207,0.1602144440435074,0.8287555999995675,0.0103463999985251,0.8391019999980927,553.56640625,66831,hcrl_temporal_v1,C
hcrl,Fuzzy,Fuzzy,Fuzzy,residual,elliptic_envelope,3,0.2569735867686991,0.8032407407407407,0.3893772208715167,0.9352065048535658,0.6940041464643699,0.1551626372493427,0.7382508999999118,0.0079556000000593,0.7462064999999711,553.59765625,66831,hcrl_temporal_v1,C
hcrl,Fuzzy,Fuzzy,Fuzzy,residual,elliptic_envelope,4,0.2512502976899262,0.8140432098765432,0.383985441310282,0.9349402874273144,0.6901711560137018,0.1620702098046291,0.650443799999266,0.0096681000013632,0.6601119000006292,553.60546875,66831,hcrl_temporal_v1,C
hcrl,Fuzzy,Fuzzy,Fuzzy,residual,autoencoder,0,0.2307838299487568,0.9382716049382716,0.3704493526275704,0.9375635612501344,0.6294382038226399,0.2089282952729522,1.8917530000016995,0.0107722000011563,1.902525200002856,554.328125,18610,hcrl_temporal_v1,C
hcrl,Fuzzy,Fuzzy,Fuzzy,residual,autoencoder,1,0.2138111888111888,0.9436728395061728,0.3486316989737742,0.9326058235151488,0.5918555707740178,0.2318160729934532,2.0627884000005,0.0097881000001507,2.0725765000006504,554.484375,18610,hcrl_temporal_v1,C
hcrl,Fuzzy,Fuzzy,Fuzzy,residual,autoencoder,2,0.2710407239819004,0.9243827160493828,0.4191742477256823,0.9485343205294404,0.7024457179387764,0.1660910356203928,2.1211411000003864,0.0099654000005102,2.1311065000008966,554.80859375,18610,hcrl_temporal_v1,C
hcrl,Fuzzy,Fuzzy,Fuzzy,residual,autoencoder,3,0.30625,0.9074074074074074,0.4579439252336449,0.9350478403812338,0.6768771307923704,0.1373266663230063,0.3181648000008863,0.0130952999988949,0.3312600999997812,554.93359375,16767,hcrl_temporal_v1,C
hcrl,Fuzzy,Fuzzy,Fuzzy,residual,autoencoder,4,0.4542443064182194,0.8464506172839507,0.5912153058474805,0.945894659200328,0.7942098785070034,0.0679416464766225,2.131605299999137,0.0105143999990104,2.142119699998148,555.4609375,18610,hcrl_temporal_v1,C
hcrl,RPM,RPM,RPM,raw,isolation_forest,0,0.0,0.0,0.0,0.8547210693810798,0.4309379217232606,0.0034095146768952,0.5667663999993238,0.3034107999992557,0.8701771999985795,555.8359375,2440111,hcrl_temporal_v1,C
hcrl,RPM,RPM,RPM,raw,isolation_forest,1,0.0,0.0,0.0,0.8618118117112967,0.4412081035882613,0.0058601033509136,0.6557723000005353,0.2863402000002679,0.9421125000008032,556.1953125,2528991,hcrl_temporal_v1,C
hcrl,RPM,RPM,RPM,raw,isolation_forest,2,0.0,0.0,0.0,0.8755769109466198,0.4655808254123781,0.0067124820201374,0.6517758999998478,0.3497382999994443,1.001514199999292,556.25390625,2554335,hcrl_temporal_v1,C
hcrl,RPM,RPM,RPM,raw,isolation_forest,3,0.0,0.0,0.0,0.8867325830578467,0.4860126236469158,0.0060731980182195,0.6492319999997562,0.3198205000007874,0.9690525000005435,556.2578125,2481471,hcrl_temporal_v1,C
hcrl,RPM,RPM,RPM,raw,isolation_forest,4,0.0,0.0,0.0,0.8900436375467016,0.4922596650408437,0.0035693356773746,0.6250751000006858,0.262652600000365,0.8877277000010508,556.2578125,2447151,hcrl_temporal_v1,C
hcrl,RPM,RPM,RPM,raw,one_class_svm,0,0.0,0.0,0.0,0.9754712122773797,0.7760450958669509,0.0101219966970326,0.1086943999998766,0.7958107000013115,0.904505100001188,549.765625,29482,hcrl_temporal_v1,C
hcrl,RPM,RPM,RPM,raw,one_class_svm,1,0.0,0.0,0.0,0.975138613567829,0.7718363809956342,0.0106547333652975,0.1043530000006285,0.8079541000006429,0.9123071000012716,547.44921875,29482,hcrl_temporal_v1,C
hcrl,RPM,RPM,RPM,raw,one_class_svm,2,0.0,0.0,0.0,0.9757703826787636,0.7762618302416657,0.010494912364818,0.0761844999997265,0.8130172000001039,0.8892016999998305,547.37109375,29354,hcrl_temporal_v1,C
hcrl,RPM,RPM,RPM,raw,one_class_svm,3,0.0,0.0,0.0,0.9779004115849644,0.7892530006867012,0.0132118693729689,0.1135191000012127,0.9334675000009156,1.0469866000021284,547.2578125,29754,hcrl_temporal_v1,C
hcrl,RPM,RPM,RPM,raw,one_class_svm,4,0.0,0.0,0.0,0.971370273643742,0.7508128322382962,0.010388365031165,0.1013779999993857,0.7723495999998704,0.8737275999992562,547.09375,29482,hcrl_temporal_v1,C
hcrl,RPM,RPM,RPM,raw,lof,0,0.0035180299032541,0.0008107012565869,0.00131774007577,0.7371769344587271,0.3038414164583097,0.0603590645144105,0.095714200000657,0.3783548999999766,0.4740691000006336,551.8125,2514956,hcrl_temporal_v1,C
hcrl,RPM,RPM,RPM,raw,lof,1,0.0035149384885764,0.0008107012565869,0.0013175230566534,0.7488940531450068,0.3129994627377091,0.060412338181237,0.1144036000005144,0.393567000000985,0.5079706000014994,554.26953125,2514956,hcrl_temporal_v1,C
hcrl,RPM,RPM,RPM,raw,lof,2,0.0034602076124567,0.0008107012565869,0.0013136288998357,0.7422585339739044,0.308170670686438,0.0613712641841137,0.1480017000012594,0.3901666999990993,0.5381684000003588,556.29296875,2514956,hcrl_temporal_v1,C
hcrl,RPM,RPM,RPM,raw,lof,3,0.0035906642728904,0.0008107012565869,0.0013227513227513,0.7365182261911787,0.3036919504446876,0.0591337701774013,0.1205052000004798,0.4258088000005955,0.5463140000010753,554.44140625,2514956,hcrl_temporal_v1,C
hcrl,RPM,RPM,RPM,raw,lof,4,0.0034334763948497,0.0008107012565869,0.0013116904410559,0.741493613087675,0.3077128906551987,0.0618507271855521,0.1502949999994598,0.4406005000000732,0.5908954999995331,557.73828125,2514956,hcrl_temporal_v1,C
hcrl,RPM,RPM,RPM,raw,hbos,0,0.0,0.0,0.0,0.6157699836121391,0.375838655071408,0.0095359863619412,0.0130134000010002,0.0188348000010591,0.0318482000020594,556.171875,3855,hcrl_temporal_v1,C
hcrl,RPM,RPM,RPM,raw,hbos,1,0.0,0.0,0.0,0.6157699836121391,0.375838655071408,0.0095359863619412,0.0218951999995624,0.0445208999990427,0.0664160999986052,548.94140625,3855,hcrl_temporal_v1,C
hcrl,RPM,RPM,RPM,raw,hbos,2,0.0,0.0,0.0,0.6157699836121391,0.375838655071408,0.0095359863619412,0.0167246000000886,0.0237591000004613,0.04048370000055,549.7265625,3855,hcrl_temporal_v1,C
hcrl,RPM,RPM,RPM,raw,hbos,3,0.0,0.0,0.0,0.6157699836121391,0.375838655071408,0.0095359863619412,0.0150588000014977,0.0233116999988851,0.0383705000003828,549.7265625,3855,hcrl_temporal_v1,C
hcrl,RPM,RPM,RPM,raw,hbos,4,0.0,0.0,0.0,0.6157699836121391,0.375838655071408,0.0095359863619412,0.0124720000003435,0.0193335000003571,0.0318055000007007,549.7265625,3855,hcrl_temporal_v1,C
hcrl,RPM,RPM,RPM,raw,elliptic_envelope,0,0.0,0.0,0.0,0.8467874175761683,0.4141016234235234,0.0123062170369186,0.739063900000474,0.0104566999998496,0.7495206000003236,554.10546875,66831,hcrl_temporal_v1,C
hcrl,RPM,RPM,RPM,raw,elliptic_envelope,1,0.0,0.0,0.0,0.8226543925174836,0.3818041292462723,0.0117202067018272,0.76549630000045,0.0096616000009817,0.7751579000014317,554.50390625,66831,hcrl_temporal_v1,C
hcrl,RPM,RPM,RPM,raw,elliptic_envelope,2,0.0,0.0,0.0,0.8168194791675237,0.3747810184340341,0.0116669330350007,0.7202206999991176,0.0087966000010055,0.7290173000001232,554.3125,66831,hcrl_temporal_v1,C
hcrl,RPM,RPM,RPM,raw,elliptic_envelope,3,0.0,0.0,0.0,0.8594838690813565,0.4354445356044839,0.0081508710244526,0.8050416999994923,0.0099113000014767,0.814953000000969,554.49609375,66831,hcrl_temporal_v1,C
hcrl,RPM,RPM,RPM,raw,elliptic_envelope,4,0.0,0.0,0.0,0.8422769713702304,0.4076879729186059,0.0123594907037451,0.6020996999995987,0.0124431000003824,0.6145427999999811,554.28515625,66831,hcrl_temporal_v1,C
hcrl,RPM,RPM,RPM,raw,autoencoder,0,0.9501067753834208,0.9918929874341306,0.9705503222607832,0.9940596406366176,0.9164750311300816,0.0136913323744073,2.135060299999168,0.0117375000008905,2.1467978000000585,552.109375,18610,hcrl_temporal_v1,C
hcrl,RPM,RPM,RPM,raw,autoencoder,1,0.0,0.0,0.0,0.980683620563048,0.805905938559675,0.0168877523839965,1.909081600000718,0.014555100000507,1.923636700001225,553.78515625,18610,hcrl_temporal_v1,C
hcrl,RPM,RPM,RPM,raw,autoencoder,2,0.0,0.0,0.0,0.96034417941569,0.6953567128639433,0.010601459698471,1.8696648999994068,0.0210465000000112,1.890711399999418,553.90625,18610,hcrl_temporal_v1,C
hcrl,RPM,RPM,RPM,raw,autoencoder,3,0.0,0.0,0.0,0.9736091389021138,0.7606073796344048,0.0153960897128549,2.0695126999999047,0.0135253000007651,2.08303800000067,554.1171875,18610,hcrl_temporal_v1,C
hcrl,RPM,RPM,RPM,raw,autoencoder,4,0.0,0.0,0.0,0.9745068984431804,0.7658208821386026,0.0116669330350007,1.8193293000003905,0.0136619000004429,1.8329912000008333,554.5859375,18610,hcrl_temporal_v1,C
hcrl,RPM,RPM,RPM,residual,isolation_forest,0,0.9842315369261476,0.9993919740575598,0.9917538213998393,0.998832082287538,0.9910135815797572,0.0042086196792925,0.5953834000010829,0.3866290999994817,0.9820125000005646,555.17578125,1958047,hcrl_temporal_v1,C
hcrl,RPM,RPM,RPM,residual,isolation_forest,1,0.9844280295468156,0.9993919740575598,0.9918535653223371,0.9997751579169042,0.9985172889070186,0.004155346012466,0.650206000000253,0.2623058999997738,0.9125119000000268,556.72265625,2030383,hcrl_temporal_v1,C
hcrl,RPM,RPM,RPM,residual,isolation_forest,2,0.981876120294762,0.999189298743413,0.9904570567553992,0.9996158767792828,0.9966520452243954,0.0048479036812103,0.5615945999998075,0.3402850000002217,0.9018796000000292,557.91796875,1987615,hcrl_temporal_v1,C
hcrl,RPM,RPM,RPM,residual,isolation_forest,3,0.986986986986987,0.999189298743413,0.9930506596837546,0.9993603380940816,0.9952472776683796,0.0034627883437216,0.6325924000011582,0.26906770000096,0.9016601000021184,558.02734375,2031615,hcrl_temporal_v1,C
hcrl,RPM,RPM,RPM,residual,isolation_forest,4,0.9787656281008136,0.9995946493717064,0.9890704903238744,0.999473331390259,0.9950392800038704,0.0057002823504341,0.566660899999988,0.3260171000001719,0.89267800000016,557.0390625,1938687,hcrl_temporal_v1,C
hcrl,RPM,RPM,RPM,residual,one_class_svm,0,0.8064727034978751,1.0,0.8928700687658343,0.9998668158329338,0.998987649321725,0.0630760215225613,0.1000715000009222,0.9089713000012124,1.0090428000021348,550.43359375,31994,hcrl_temporal_v1,C
hcrl,RPM,RPM,RPM,residual,one_class_svm,1,0.8052880692018932,1.0,0.8921435674893772,0.9998668158329338,0.998987649321725,0.0635554845239997,0.094669199999771,0.8346118999997998,0.9292810999995708,556.73046875,30938,hcrl_temporal_v1,C
hcrl,RPM,RPM,RPM,residual,one_class_svm,2,0.8035830618892508,1.0,0.8910962615134549,0.9998668158329338,0.998987649321725,0.0642480421927441,0.0831903999987844,0.997010400000363,1.0802007999991474,549.3125,31466,hcrl_temporal_v1,C
hcrl,RPM,RPM,RPM,residual,one_class_svm,3,0.8068683565004088,1.0,0.8931124988686758,0.9998668158329338,0.998987649321725,0.0629162005220819,0.1176467000004777,0.8848358000013832,1.002482500001861,549.22265625,31866,hcrl_temporal_v1,C
hcrl,RPM,RPM,RPM,residual,one_class_svm,4,0.8066045447114598,1.0,0.8929508641751878,0.9998668158329338,0.998987649321725,0.0630227478557349,0.0952066999998351,0.9821557000013854,1.0773624000012203,549.24609375,31466,hcrl_temporal_v1,C
hcrl,RPM,RPM,RPM,residual,lof,0,0.8268811798223563,1.0,0.9052380515549032,0.9998522071439966,0.9994785045282168,0.0550316978317617,0.6265335999996751,2.6297111000003497,3.2562447000000247,555.88671875,2514956,hcrl_temporal_v1,C
hcrl,RPM,RPM,RPM,residual,lof,1,0.8286865972455492,1.0,0.9063188831741366,0.999856623222175,0.999492172148321,0.0543391401630174,0.6705445000006875,2.9696046999997634,3.640149200000451,558.89453125,2514956,hcrl_temporal_v1,C
hcrl,RPM,RPM,RPM,residual,lof,2,0.846167038243869,1.0,0.9166744078030656,0.9998602403033234,0.9995042458784392,0.0477864791433594,0.5448687999996764,2.7961270000014338,3.34099580000111,556.9140625,2514956,hcrl_temporal_v1,C
hcrl,RPM,RPM,RPM,residual,lof,3,0.8378332484292749,1.0,0.9117619883581264,0.9998478882411328,0.9994646820213956,0.0508763518192957,0.657112099999722,2.558883400000923,3.215995500000645,556.2890625,2514956,hcrl_temporal_v1,C
hcrl,RPM,RPM,RPM,residual,lof,4,0.8460219478737997,1.0,0.9165892624930336,0.99986717214242,0.9995271596315008,0.0478397528101859,0.6764645000002929,2.693617599999925,3.370082100000218,558.8671875,2514956,hcrl_temporal_v1,C
hcrl,RPM,RPM,RPM,residual,hbos,0,0.9543520309477757,1.0,0.9766429136975456,0.9999988662879984,0.9999957230013246,0.012572585371051,0.0073498000001563,0.0153952000000572,0.0227450000002136,558.98046875,3711,hcrl_temporal_v1,C
hcrl,RPM,RPM,RPM,residual,hbos,1,0.9543520309477757,1.0,0.9766429136975456,0.9999988662879984,0.9999957230013246,0.012572585371051,0.0056303000001207,0.0096133999995799,0.0152436999997007,550.21484375,3711,hcrl_temporal_v1,C
hcrl,RPM,RPM,RPM,residual,hbos,2,0.9543520309477757,1.0,0.9766429136975456,0.9999988662879984,0.9999957230013246,0.012572585371051,0.00524249999944,0.0215263999998569,0.0267688999992969,551.546875,3711,hcrl_temporal_v1,C
hcrl,RPM,RPM,RPM,residual,hbos,3,0.9543520309477757,1.0,0.9766429136975456,0.9999988662879984,0.9999957230013246,0.012572585371051,0.0105184000003646,0.0141051999999035,0.0246236000002681,551.546875,3711,hcrl_temporal_v1,C
hcrl,RPM,RPM,RPM,residual,hbos,4,0.9543520309477757,1.0,0.9766429136975456,0.9999988662879984,0.9999957230013246,0.012572585371051,0.0075945999997202,0.0121257999999215,0.0197203999996418,551.546875,3711,hcrl_temporal_v1,C
hcrl,RPM,RPM,RPM,residual,elliptic_envelope,0,0.948481353325644,1.0,0.973559589581689,1.0,1.0,0.0142773427094986,0.6918010000008508,0.008009299999685,0.6998103000005358,556.76171875,66831,hcrl_temporal_v1,C
hcrl,RPM,RPM,RPM,residual,elliptic_envelope,1,0.9414233924823509,1.0,0.96982800982801,1.0,1.0,0.0163550157157317,0.7981419999996433,0.0091186999998171,0.8072606999994605,556.953125,66831,hcrl_temporal_v1,C
hcrl,RPM,RPM,RPM,residual,elliptic_envelope,2,0.9530616186980876,1.0,0.975966768865592,1.0,1.0,0.0129455010388365,0.6571899999999005,0.0089775999986159,0.6661675999985164,556.97265625,66831,hcrl_temporal_v1,C
hcrl,RPM,RPM,RPM,residual,elliptic_envelope,3,0.9466615502686108,1.0,0.9726000394244037,1.0,1.0,0.0148100793777635,0.659023199999865,0.0061712000006082,0.6651944000004733,556.984375,66831,hcrl_temporal_v1,C
hcrl,RPM,RPM,RPM,residual,elliptic_envelope,4,0.9477525931617364,1.0,0.9731755424063115,1.0,1.0,0.0144904373768046,0.7059021999994002,0.0104172999999718,0.7163194999993721,557.01171875,66831,hcrl_temporal_v1,C
hcrl,RPM,RPM,RPM,residual,autoencoder,0,0.8117801908522541,1.0,0.8961133309117326,1.0,1.0,0.0609450748495018,1.8092304000001604,0.0160713000004761,1.8253017000006369,557.05078125,18610,hcrl_temporal_v1,C
hcrl,RPM,RPM,RPM,residual,autoencoder,1,0.8059457693564195,1.0,0.8925470332850941,1.0,1.0,0.0632891161898673,1.9742680999988809,0.016900099999475,1.991168199998356,552.9375,18610,hcrl_temporal_v1,C
hcrl,RPM,RPM,RPM,residual,autoencoder,2,0.8060774383270708,1.0,0.8926277702397105,1.0,1.0,0.0632358425230408,1.8063333000009152,0.0132689000001846,1.8196022000011,554.55859375,18610,hcrl_temporal_v1,C
hcrl,RPM,RPM,RPM,residual,autoencoder,3,0.817293357627961,1.0,0.8994622185762465,1.0,1.0,0.0587608545096159,2.2542546999993647,0.0178632999995898,2.2721179999989545,554.55859375,18610,hcrl_temporal_v1,C
hcrl,RPM,RPM,RPM,residual,autoencoder,4,0.8224704117352892,1.0,0.9025884935516328,1.0,1.0,0.0567364551702093,1.9699191999989123,0.0170952999997098,1.9870144999986223,554.55859375,18610,hcrl_temporal_v1,C
hcrl,gear,gear,gear,raw,isolation_forest,0,0.0,0.0,0.0,0.7090236973541285,0.2930244053802555,0.0070837614232412,0.6055118000003858,0.3478604000010818,0.9533722000014676,555.18359375,2398927,hcrl_temporal_v1,C
hcrl,gear,gear,gear,raw,isolation_forest,1,0.0,0.0,0.0,0.7628414800671155,0.3329500448090364,0.0086519223489969,0.5865929999999935,0.2627580999997008,0.8493510999996943,557.078125,2487455,hcrl_temporal_v1,C
hcrl,gear,gear,gear,raw,isolation_forest,2,0.0,0.0,0.0,0.7163535294811525,0.2966071198593323,0.006813388849835,0.7866100999999617,0.3418783999986772,1.1284884999986389,557.44921875,2451375,hcrl_temporal_v1,C
hcrl,gear,gear,gear,raw,isolation_forest,3,0.0,0.0,0.0,0.7012603971074983,0.2881023390249505,0.0064348672470664,0.6988983999999618,0.3417953999996825,1.0406937999996444,558.453125,2468447,hcrl_temporal_v1,C
hcrl,gear,gear,gear,raw,isolation_forest,4,0.0,0.0,0.0,0.8252208602390549,0.4038030733979529,0.0073000594819661,0.5243711999992229,0.319674299998951,0.8440454999981739,558.51171875,2405967,hcrl_temporal_v1,C
hcrl,gear,gear,gear,raw,one_class_svm,0,0.0,0.0,0.0,0.9377968888354108,0.6699456010942754,0.0080030281728221,0.1020864000001893,0.9233287000006384,1.0254151000008278,559.1171875,29754,hcrl_temporal_v1,C
hcrl,gear,gear,gear,raw,one_class_svm,1,0.0,0.0,0.0,0.9287444268291936,0.6553671124746369,0.0083815497755907,0.1169079000010242,0.966975100000127,1.0838830000011512,558.30078125,29882,hcrl_temporal_v1,C
hcrl,gear,gear,gear,raw,one_class_svm,2,0.0,0.0,0.0,0.9384676142084324,0.6609357911777776,0.0095171145838966,0.0891539000003831,0.8705064000005223,0.9596603000009054,558.5546875,29882,hcrl_temporal_v1,C
hcrl,gear,gear,gear,raw,one_class_svm,3,0.0,0.0,0.0,0.9465333850126104,0.6814255774549695,0.0116800951711458,0.1164985999985219,0.9460624000003008,1.0625609999988228,556.66015625,29754,hcrl_temporal_v1,C
hcrl,gear,gear,gear,raw,one_class_svm,4,0.0,0.0,0.0,0.9466326375437808,0.680517980235051,0.0123830638620018,0.1261135000004287,0.9732477999987168,1.0993612999991456,549.8828125,29882,hcrl_temporal_v1,C
hcrl,gear,gear,gear,raw,lof,0,0.9614438063986874,0.2249952006143213,0.3646546359676416,0.959811112706206,0.8714405228490367,0.0025415021900178,0.1265408999988722,0.3960171999988233,0.5225580999976955,555.1484375,2514956,hcrl_temporal_v1,C
hcrl,gear,gear,gear,raw,lof,1,0.9648518263266712,0.2687655980034555,0.4204204204204204,0.962384380689068,0.8802978303834685,0.0027578002487427,0.1574604999987059,0.4964058999994449,0.6538663999981509,558.80859375,2514956,hcrl_temporal_v1,C
hcrl,gear,gear,gear,raw,lof,2,0.9572736520854528,0.1806488769437512,0.3039405684754522,0.9633069382086916,0.8803973543476761,0.0022711296166116,0.131969800000661,0.438513500001136,0.570483300001797,559.953125,2514956,hcrl_temporal_v1,C
hcrl,gear,gear,gear,raw,lof,3,0.963622291021672,0.2390094067959301,0.3830179972311952,0.9587323629907876,0.8687166452519403,0.0025415021900178,0.0993103000000701,0.4657268000009935,0.5650371000010637,557.0859375,2514956,hcrl_temporal_v1,C
hcrl,gear,gear,gear,raw,lof,4,0.958368026644463,0.2209637166442695,0.3591263650546022,0.9627845466310784,0.8798645878258451,0.0027037257340615,0.1391946000003372,0.430398000000423,0.5695926000007603,559.01953125,2514956,hcrl_temporal_v1,C
hcrl,gear,gear,gear,raw,hbos,0,0.0,0.0,0.0,0.5783916962473502,0.2629738770507687,0.0030822473368301,0.0059840000012627,0.0109376000000338,0.0169216000012966,559.04296875,3855,hcrl_temporal_v1,C
hcrl,gear,gear,gear,raw,hbos,1,0.0,0.0,0.0,0.5783916962473502,0.2629738770507687,0.0030822473368301,0.0073854999991453,0.0089524000013625,0.0163379000005079,551.3359375,3855,hcrl_temporal_v1,C
hcrl,gear,gear,gear,raw,hbos,2,0.0,0.0,0.0,0.5783916962473502,0.2629738770507687,0.0030822473368301,0.0108194000004004,0.0118621999990864,0.0226815999994869,552.2109375,3855,hcrl_temporal_v1,C
hcrl,gear,gear,gear,raw,hbos,3,0.0,0.0,0.0,0.5783916962473502,0.2629738770507687,0.0030822473368301,0.0082087999999203,0.0122709999996004,0.0204797999995207,552.30078125,3855,hcrl_temporal_v1,C
hcrl,gear,gear,gear,raw,hbos,4,0.0,0.0,0.0,0.5783916962473502,0.2629738770507687,0.0030822473368301,0.0134851000002527,0.0198534999999537,0.0333386000002065,552.30078125,3855,hcrl_temporal_v1,C
hcrl,gear,gear,gear,raw,elliptic_envelope,0,0.0,0.0,0.0,0.6349645645833187,0.2489044642468533,0.0394203212026172,0.8544031000001269,0.0106539999997039,0.8650570999998308,557.04296875,66831,hcrl_temporal_v1,C
hcrl,gear,gear,gear,raw,elliptic_envelope,1,0.0,0.0,0.0,0.856065310137896,0.4460515317056327,0.0144919699345698,0.6361249999990832,0.0075156999992032,0.6436406999982864,556.87890625,66831,hcrl_temporal_v1,C
hcrl,gear,gear,gear,raw,elliptic_envelope,2,0.0,0.0,0.0,0.7591542708532333,0.3292252330800751,0.018060887903531,0.8718405999989045,0.0174279999991995,0.889268599998104,556.9453125,66831,hcrl_temporal_v1,C
hcrl,gear,gear,gear,raw,elliptic_envelope,3,0.0,0.0,0.0,0.7489267444172165,0.3218504791483338,0.0128156599794516,0.8031769999997778,0.0106431000003794,0.8138201000001573,556.97265625,66831,hcrl_temporal_v1,C
hcrl,gear,gear,gear,raw,elliptic_envelope,4,0.0,0.0,0.0,0.6896947937433057,0.2799992264865326,0.0139512247877575,0.7439923000001727,0.0078854000003047,0.7518777000004775,556.9765625,66831,hcrl_temporal_v1,C
hcrl,gear,gear,gear,raw,autoencoder,0,0.036231884057971,0.0009598771357266,0.0018702075930428,0.9843959470294816,0.8542640091580426,0.0071919104526036,2.097098799999003,0.0122432000007393,2.1093419999997423,557.640625,18610,hcrl_temporal_v1,C
hcrl,gear,gear,gear,raw,autoencoder,1,0.0,0.0,0.0,0.8328890292028021,0.4686536935341979,0.014546044449251,1.9512885000003732,0.0177574999997887,1.9690460000001624,557.64453125,18610,hcrl_temporal_v1,C
hcrl,gear,gear,gear,raw,autoencoder,2,0.0,0.0,0.0,0.9644949373371464,0.7295039978409821,0.0083815497755907,1.9010565000007773,0.0155207000007067,1.916577200001484,557.76953125,18610,hcrl_temporal_v1,C
hcrl,gear,gear,gear,raw,autoencoder,3,0.0,0.0,0.0,0.943120347810102,0.6645361670697054,0.0124912128913643,2.389637099999163,0.0116504000015993,2.4012875000007625,557.76953125,18610,hcrl_temporal_v1,C
hcrl,gear,gear,gear,raw,autoencoder,4,0.0,0.0,0.0,0.970152663805164,0.7630203196674268,0.0098415616719839,1.8723370999996405,0.0129598999992595,1.8852969999989,557.8046875,18610,hcrl_temporal_v1,C
hcrl,gear,gear,gear,residual,isolation_forest,0,0.898961937716263,0.9975043194471108,0.9456729456729456,0.9994354201275768,0.9955142447665496,0.0315795165738387,0.5636069000011048,0.328226600000562,0.8918335000016668,557.98828125,1762511,hcrl_temporal_v1,C
hcrl,gear,gear,gear,residual,isolation_forest,1,0.8424712922529516,1.0,0.914501404494382,0.9997244576995232,0.9984446612000673,0.0526685772995187,0.6912551000004896,0.3161660000005213,1.007421100001011,559.21484375,1827455,hcrl_temporal_v1,C
hcrl,gear,gear,gear,residual,isolation_forest,2,0.8762626262626263,0.9992320982914188,0.9337160283433492,0.99893912632879,0.9897512931779988,0.0397447682907045,0.7277974000007816,0.3092430999986391,1.0370404999994207,559.30859375,1838895,hcrl_temporal_v1,C
hcrl,gear,gear,gear,residual,isolation_forest,3,0.8728004022121669,0.9998080245728548,0.9319971367215462,0.9990319011296548,0.9905508948971326,0.0410425566430541,0.6072886000001745,0.2846924999994371,0.8919810999996116,559.30859375,1839599,hcrl_temporal_v1,C
hcrl,gear,gear,gear,residual,isolation_forest,4,0.8298550262864426,1.0,0.9070172383771548,0.9998564310735184,0.9994895365215618,0.0577515816795544,0.6363423000002513,0.2850914999999077,0.921433800000159,558.625,1802991,hcrl_temporal_v1,C
hcrl,gear,gear,gear,residual,one_class_svm,0,0.9135391090845316,1.0,0.9548162404912474,0.9994592548531878,0.9961751768980684,0.0266587357378467,0.094363299998804,0.8819366999996419,0.976299999998446,559.1171875,32650,hcrl_temporal_v1,C
hcrl,gear,gear,gear,residual,one_class_svm,1,0.914501404494382,1.0,0.955341586428244,0.9994592548531878,0.9961751768980684,0.0263342886497593,0.0862359999991895,1.0399656999998117,1.126201699999001,559.1953125,32650,hcrl_temporal_v1,C
hcrl,gear,gear,gear,residual,one_class_svm,2,0.8981034482758621,1.0,0.9463166500136252,0.9994592548531878,0.9961751768980684,0.0319580381766073,0.0967918000005738,0.843176800000947,0.9399686000015208,557.25,32122,hcrl_temporal_v1,C
hcrl,gear,gear,gear,residual,one_class_svm,3,0.913699350991054,1.0,0.9549037580201648,0.9994592548531878,0.9961751768980684,0.0266046612231655,0.0965965000013966,0.9183190000003378,1.0149155000017345,557.9453125,32394,hcrl_temporal_v1,C
hcrl,gear,gear,gear,residual,one_class_svm,4,0.9113016095171448,1.0,0.9535926773455378,0.9994592548531878,0.9961751768980684,0.0274157789433839,0.1047765000002982,0.9507186999999248,1.0554952000002231,557.37109375,33178,hcrl_temporal_v1,C
hcrl,gear,gear,gear,residual,lof,0,0.9818353831598864,0.9961604914570936,0.9889460644177624,0.99993919861154,0.9997954987656612,0.0051911534093981,0.6152557999994315,3.034149700000853,3.649405500000285,561.0390625,2514956,hcrl_temporal_v1,C
hcrl,gear,gear,gear,residual,lof,1,0.984280303030303,0.997696294874256,0.9909428925541042,0.9999724904081578,0.9999062079110862,0.0044881847185421,0.7003575999988243,3.0041271000009147,3.704484699999739,562.07421875,2514956,hcrl_temporal_v1,C
hcrl,gear,gear,gear,residual,lof,2,0.980918193840922,0.9967364177385296,0.9887640449438204,0.9999591819942932,0.9998608222755928,0.0054615259828043,0.636242200000197,2.7143696999992244,3.350611899999421,562.0859375,2514956,hcrl_temporal_v1,C
hcrl,gear,gear,gear,residual,lof,3,0.979253112033195,0.9967364177385296,0.9879174198458758,0.9999470362499706,0.9998218289980876,0.0059481966149353,0.6968692999998893,2.9767984000009164,3.673667700000806,562.16015625,2514956,hcrl_temporal_v1,C
hcrl,gear,gear,gear,residual,lof,4,0.9814639682239455,0.9961604914570936,0.9887576219512196,0.9999495588276376,0.9998277500117588,0.0052993024387606,0.6655774000009842,3.2239465000002383,3.8895239000012234,562.1328125,2514956,hcrl_temporal_v1,C
hcrl,gear,gear,gear,residual,hbos,0,0.8495994768677456,0.997696294874256,0.9177114603567014,0.9976905438124144,0.9842178401042508,0.0497485535067322,0.00645170000098,0.0096557999986544,0.0161074999996344,562.2421875,3711,hcrl_temporal_v1,C
hcrl,gear,gear,gear,residual,hbos,1,0.8495994768677456,0.997696294874256,0.9177114603567014,0.9976905438124144,0.9842178401042508,0.0497485535067322,0.0105631999995239,0.0151416999997309,0.0257048999992548,552.80078125,3711,hcrl_temporal_v1,C
hcrl,gear,gear,gear,residual,hbos,2,0.8495994768677456,0.997696294874256,0.9177114603567014,0.9976905438124144,0.9842178401042508,0.0497485535067322,0.0068375000009837,0.0139349000000947,0.0207724000010784,554.046875,3711,hcrl_temporal_v1,C
hcrl,gear,gear,gear,residual,hbos,3,0.8495994768677456,0.997696294874256,0.9177114603567014,0.9976905438124144,0.9842178401042508,0.0497485535067322,0.0066783000002033,0.0106617999990703,0.0173400999992736,554.05078125,3711,hcrl_temporal_v1,C
hcrl,gear,gear,gear,residual,hbos,4,0.8495994768677456,0.997696294874256,0.9177114603567014,0.9976905438124144,0.9842178401042508,0.0497485535067322,0.0080018000007839,0.0131868999997095,0.0211887000004935,554.05078125,3711,hcrl_temporal_v1,C
hcrl,gear,gear,gear,residual,elliptic_envelope,0,0.7457408732999284,1.0,0.8543546006232574,0.9984316729785956,0.971164474365506,0.0960363380738657,0.715714999998454,0.0081577999990258,0.7238727999974799,558.62890625,66831,hcrl_temporal_v1,C
hcrl,gear,gear,gear,residual,elliptic_envelope,1,0.9043402777777778,1.0,0.9497675266660588,0.9984316522166392,0.9711644015816748,0.0297950575893581,0.6286969000011595,0.0071669000008114,0.635863800001971,558.21875,66831,hcrl_temporal_v1,C
hcrl,gear,gear,gear,residual,elliptic_envelope,2,0.7405459198180268,1.0,0.8509352282937189,0.9984317145025076,0.9711646200999764,0.0986859892932461,0.3151799000006576,0.0036139999992883,0.318793899999946,558.796875,66831,hcrl_temporal_v1,C
hcrl,gear,gear,gear,residual,elliptic_envelope,3,0.7405459198180268,1.0,0.8509352282937189,0.9984317145025076,0.9711646200999764,0.0986859892932461,0.1961151999985304,0.0033636999996815,0.199478899998212,557.640625,66831,hcrl_temporal_v1,C
hcrl,gear,gear,gear,residual,elliptic_envelope,4,0.7449942791762014,1.0,0.8538644373412015,0.9984316729785956,0.971164474365506,0.0964148596766344,0.2124856000009458,0.0034384000009595,0.2159240000019053,557.66796875,66831,hcrl_temporal_v1,C
hcrl,gear,gear,gear,residual,autoencoder,0,0.925550817341862,1.0,0.9613361631447818,0.9999983494244896,0.9999941447580032,0.0226572216514356,0.4633198999999877,0.0060303999998723,0.46935029999986,558.50390625,18610,hcrl_temporal_v1,C
hcrl,gear,gear,gear,residual,autoencoder,1,0.9465745956750864,1.0,0.972554144884242,0.9999985051391604,0.9999946923562236,0.0158979073162818,0.4832681999996566,0.0060881999997945,0.4893563999994512,558.87890625,18610,hcrl_temporal_v1,C
hcrl,gear,gear,gear,residual,autoencoder,2,0.8585791989451129,1.0,0.9239091876551968,0.999998463615248,0.9999945455867736,0.0463959335964959,0.476547299998856,0.0065338000003976,0.4830810999992536,558.87890625,18610,hcrl_temporal_v1,C
hcrl,gear,gear,gear,residual,autoencoder,3,0.9203180212014134,1.0,0.9585058423037998,0.9999983805674236,0.9999942556623516,0.024387606121235,0.7349594999996043,0.0194843999997829,0.7544438999993872,558.88671875,18610,hcrl_temporal_v1,C
hcrl,gear,gear,gear,residual,autoencoder,4,0.896866391184573,1.0,0.9456294817100844,0.9999984843772042,0.9999946222348532,0.0323906342940572,0.764509900000121,0.0053321000013966,0.7698420000015176,558.88671875,18610,hcrl_temporal_v1,C
road,correlated_signal_attack,correlated_signal_attack_1,correlated_signal_attack,raw,isolation_forest,0,0.0,0.0,0.0,0.8045747933933499,0.1502296923119026,0.0163365063030614,0.2211399000007077,0.3238058000006276,0.5449457000013354,565.7734375,2524767,pre_injection_v1,C
road,correlated_signal_attack,correlated_signal_attack_1,correlated_signal_attack,raw,isolation_forest,1,0.0,0.0,0.0,0.7992421005802117,0.1474138945595416,0.013028777242824,0.2093784000007872,0.3533125999983895,0.5626909999991767,566.71484375,2621919,pre_injection_v1,C
road,correlated_signal_attack,correlated_signal_attack_1,correlated_signal_attack,raw,isolation_forest,2,0.0,0.0,0.0,0.8059255522214254,0.1517404714807205,0.0164283876658458,0.699157600000035,0.6650177999999869,1.364175400000022,565.21484375,2618047,pre_injection_v1,C
road,correlated_signal_attack,correlated_signal_attack_1,correlated_signal_attack,raw,isolation_forest,3,0.0,0.0,0.0,0.7788613576855585,0.1368588977948131,0.013763828145099,0.629899600000499,0.7176523999987694,1.3475519999992684,565.21484375,2592879,pre_injection_v1,C
road,correlated_signal_attack,correlated_signal_attack_1,correlated_signal_attack,raw,isolation_forest,4,0.0,0.0,0.0,0.8153509615663475,0.157663816275858,0.0141313535962365,0.6091678999982832,0.6767008000006172,1.2858686999989004,567.40625,2559263,pre_injection_v1,C
road,correlated_signal_attack,correlated_signal_attack_1,correlated_signal_attack,raw,one_class_svm,0,0.0,0.0,0.0,0.793968657139076,0.2323806595917512,0.0181373810136351,0.0874435999994602,1.9356213999999452,2.0230649999994057,568.69140625,29754,pre_injection_v1,C
road,correlated_signal_attack,correlated_signal_attack_1,correlated_signal_attack,raw,one_class_svm,1,0.0,0.0,0.0,0.7892205581296967,0.2294407146162656,0.019037818368922,0.0799423000007664,1.714721999998801,1.7946642999995674,564.5625,29610,pre_injection_v1,C
road,correlated_signal_attack,correlated_signal_attack_1,correlated_signal_attack,raw,one_class_svm,2,0.0,0.0,0.0,0.812237983376564,0.2426701577199065,0.0176595979271564,0.0738268000004609,1.8949207999994544,1.968747599999915,565.05078125,29754,pre_injection_v1,C
road,correlated_signal_attack,correlated_signal_attack_1,correlated_signal_attack,raw,one_class_svm,3,0.0,0.0,0.0,0.8397135597093561,0.2648926151572432,0.0192583336396045,0.0805245000010472,1.6497407000006206,1.7302652000016678,565.15234375,29882,pre_injection_v1,C
road,correlated_signal_attack,correlated_signal_attack_1,correlated_signal_attack,raw,one_class_svm,4,0.0,0.0,0.0,0.786561243348487,0.2254628729981326,0.0188356793707964,0.0778694000000541,1.7235915000001114,1.8014609000001656,566.48046875,30282,pre_injection_v1,C
road,correlated_signal_attack,correlated_signal_attack_1,correlated_signal_attack,raw,lof,0,0.001223241590214,0.0004760771244941,0.0006854009595613,0.517088391550715,0.0673820977811901,0.0300084530853761,0.0953728999993472,0.9554395000013756,1.0508124000007228,569.6171875,2514956,pre_injection_v1,C
road,correlated_signal_attack,correlated_signal_attack_1,correlated_signal_attack,raw,lof,1,0.0,0.0,0.0,0.5213703342606797,0.0678108860805935,0.0151236723143077,0.0922516999999061,0.8192505999995774,0.9115022999994836,569.7265625,2514956,pre_injection_v1,C
road,correlated_signal_attack,correlated_signal_attack_1,correlated_signal_attack,raw,lof,2,0.0,0.0,0.0,0.5363512394281864,0.0703966362983373,0.0284464699180418,0.1014353999999002,0.8288868999989063,0.9303222999988066,565.85546875,2514956,pre_injection_v1,C
road,correlated_signal_attack,correlated_signal_attack_1,correlated_signal_attack,raw,lof,3,0.0012158054711246,0.0004760771244941,0.0006842285323297,0.5857763241154199,0.0818509763856498,0.0301922158109449,0.0942476999989594,0.7698840000011842,0.8641317000001436,567.34375,2514956,pre_injection_v1,C
road,correlated_signal_attack,correlated_signal_attack_1,correlated_signal_attack,raw,lof,4,0.0038461538461538,0.0004760771244941,0.0008472781190425,0.5536514502177241,0.0736325833773684,0.009518909184461,0.0827551000002131,0.7471055000005435,0.8298606000007567,569.94921875,2514956,pre_injection_v1,C
road,correlated_signal_attack,correlated_signal_attack_1,correlated_signal_attack,raw,hbos,0,0.0,0.0,0.0,0.5930209235187586,0.0990406505086569,0.0148847807710683,0.0087714000001142,0.0256728999993356,0.0344442999994498,566.03125,3711,pre_injection_v1,C
road,correlated_signal_attack,correlated_signal_attack_1,correlated_signal_attack,raw,hbos,1,0.0,0.0,0.0,0.5930209235187586,0.0990406505086569,0.0148847807710683,0.0200124999992112,0.0540780999999697,0.074090599999181,563.71484375,3711,pre_injection_v1,C
road,correlated_signal_attack,correlated_signal_attack_1,correlated_signal_attack,raw,hbos,2,0.0,0.0,0.0,0.5930209235187586,0.0990406505086569,0.0148847807710683,0.0192513999991206,0.0532815999995364,0.072532999998657,565.484375,3711,pre_injection_v1,C
road,correlated_signal_attack,correlated_signal_attack_1,correlated_signal_attack,raw,hbos,3,0.0,0.0,0.0,0.5930209235187586,0.0990406505086569,0.0148847807710683,0.0081814000004669,0.0301577000009274,0.0383391000013944,565.484375,3711,pre_injection_v1,C
road,correlated_signal_attack,correlated_signal_attack_1,correlated_signal_attack,raw,hbos,4,0.0,0.0,0.0,0.5930209235187586,0.0990406505086569,0.0148847807710683,0.0094437999996443,0.0295397999998385,0.0389835999994829,565.484375,3711,pre_injection_v1,C
road,correlated_signal_attack,correlated_signal_attack_1,correlated_signal_attack,raw,elliptic_envelope,0,0.0,0.0,0.0,0.7750156075837413,0.1335702727035516,0.0195891065456282,0.6732666999996582,0.0206271999995806,0.6938938999992388,567.5234375,66831,pre_injection_v1,C
road,correlated_signal_attack,correlated_signal_attack_1,correlated_signal_attack,raw,elliptic_envelope,1,0.0,0.0,0.0,0.7695541146407681,0.1307019998743444,0.0195891065456282,0.639795500001128,0.0206239999988611,0.6604194999999891,568.609375,66831,pre_injection_v1,C
road,correlated_signal_attack,correlated_signal_attack_1,correlated_signal_attack,raw,elliptic_envelope,2,0.0,0.0,0.0,0.777975512866632,0.1353305645896121,0.0195891065456282,0.6836416999994981,0.0316751999998814,0.7153168999993795,568.6953125,66831,pre_injection_v1,C
road,correlated_signal_attack,correlated_signal_attack_1,correlated_signal_attack,raw,elliptic_envelope,3,0.0033860045146726,0.0007141156867412,0.0011794770984863,0.9123147569149836,0.2742118498192908,0.0162262486677202,0.676048900000751,0.0236683000002813,0.6997172000010323,568.79296875,66831,pre_injection_v1,C
road,correlated_signal_attack,correlated_signal_attack_1,correlated_signal_attack,raw,elliptic_envelope,4,0.0,0.0,0.0,0.8031091970781439,0.1490284074966256,0.0229335881509794,0.6078646999994817,0.0236200999988795,0.6314847999983613,568.6171875,66831,pre_injection_v1,C
road,correlated_signal_attack,correlated_signal_attack_1,correlated_signal_attack,raw,autoencoder,0,0.7965091528309919,0.4453701499642942,0.5712977099236641,0.9362105207480452,0.5336180928352525,0.008783858282186,1.850016800000958,0.0367390000010345,1.8867558000019928,574.703125,18610,pre_injection_v1,C
road,correlated_signal_attack,correlated_signal_attack_1,correlated_signal_attack,raw,autoencoder,1,0.640746500777605,0.2942156629373958,0.4032626427406199,0.918884512751318,0.4113051288663528,0.012734756881914,1.646907199999987,0.0283784000002924,1.6752856000002794,577.4453125,18610,pre_injection_v1,C
road,correlated_signal_attack,correlated_signal_attack_1,correlated_signal_attack,raw,autoencoder,2,0.2708487084870848,0.0873601523446798,0.1321094312455003,0.9670416586905656,0.509510931554093,0.018155757286192,1.7197673000009672,0.0381399000016244,1.7579072000025917,576.98046875,18610,pre_injection_v1,C
road,correlated_signal_attack,correlated_signal_attack_1,correlated_signal_attack,raw,autoencoder,3,0.2713097713097713,0.0621280647464889,0.1011040092969203,0.9571175354178924,0.4824817899094296,0.012881767062369,1.8644722999997607,0.0268911000002844,1.8913634000000457,576.33203125,18610,pre_injection_v1,C
road,correlated_signal_attack,correlated_signal_attack_1,correlated_signal_attack,raw,autoencoder,4,0.7222067428252995,0.6169959533444418,0.6654685494223364,0.9796846785603244,0.64831297238706,0.0183211437392039,1.7984974999999397,0.0272648000009212,1.8257623000008607,576.1328125,18610,pre_injection_v1,C
road,correlated_signal_attack,correlated_signal_attack_1,correlated_signal_attack,residual,isolation_forest,0,0.2624570178180681,0.9992858843132588,0.4157258863141215,0.9665201242405748,0.5195795699045147,0.2167848873534492,0.6697252000012668,0.9472502999997232,1.61697550000099,577.19921875,1893631,pre_injection_v1,C
road,correlated_signal_attack,correlated_signal_attack_1,correlated_signal_attack,residual,isolation_forest,1,0.2848127035830619,0.9990478457510116,0.4432592279664149,0.9655049150120796,0.5164720909714561,0.193667536476901,0.7221931000003678,0.9271477000002052,1.649340800000573,578.18359375,1961215,pre_injection_v1,C
road,correlated_signal_attack,correlated_signal_attack_1,correlated_signal_attack,residual,isolation_forest,2,0.2728395864490539,0.9988098071887646,0.4286006128702758,0.9531784604469958,0.4206122130429811,0.2055018560035282,0.7711349999990489,0.8441801000008127,1.6153150999998616,578.2109375,1978639,pre_injection_v1,C
road,correlated_signal_attack,correlated_signal_attack_1,correlated_signal_attack,residual,isolation_forest,3,0.2502087060226595,0.9988098071887646,0.4001716656334939,0.9602786829753016,0.5063250385188557,0.2310632511301407,0.6412684000006266,0.8867298999994091,1.5279983000000357,578.21484375,1965967,pre_injection_v1,C
road,correlated_signal_attack,correlated_signal_attack_1,correlated_signal_attack,residual,isolation_forest,4,0.3016466527647947,0.9985717686265176,0.4633311243649216,0.9640581455183648,0.4956841592711834,0.1784703590723657,0.6317168999994465,0.7311690999995335,1.36288599999898,578.21484375,1951887,pre_injection_v1,C
road,correlated_signal_attack,correlated_signal_attack_1,correlated_signal_attack,residual,one_class_svm,0,0.163011837764409,0.9997619614377528,0.2803176933858373,0.9291477309625162,0.3530762756371622,0.3962843176889999,0.1032903000013902,2.0426516000006814,2.145941900002072,577.8671875,35562,pre_injection_v1,C
road,correlated_signal_attack,correlated_signal_attack_1,correlated_signal_attack,residual,one_class_svm,1,0.1529193360512521,1.0,0.2652732611372462,0.928905757752051,0.3522796226552885,0.4276342386710279,0.1753497999998217,2.5119101999989653,2.687259999998787,575.7578125,35946,pre_injection_v1,C
road,correlated_signal_attack,correlated_signal_attack_1,correlated_signal_attack,residual,one_class_svm,2,0.1539899563798981,1.0,0.2668826631090782,0.9290523501905328,0.3527790021076356,0.4241243706126649,0.0896424999991722,2.52827630000138,2.6179188000005524,577.12109375,35290,pre_injection_v1,C
road,correlated_signal_attack,correlated_signal_attack_1,correlated_signal_attack,residual,one_class_svm,3,0.1609516876748017,1.0,0.2772754273645303,0.9290956225724104,0.3528752501949444,0.4024403689955529,0.1026220000003377,2.3233523999988392,2.425974399999177,570.31640625,35818,pre_injection_v1,C
road,correlated_signal_attack,correlated_signal_attack_1,correlated_signal_attack,residual,one_class_svm,4,0.1581344575773545,1.0,0.2730847986479019,0.9290458478508148,0.3527024768083728,0.4109853357344996,0.0932278999989648,2.61533099999906,2.708558899998025,576.5234375,36346,pre_injection_v1,C
road,correlated_signal_attack,correlated_signal_attack_1,correlated_signal_attack,residual,lof,0,0.1638902976631685,1.0,0.2816249916202989,0.908558088648591,0.2749463849838798,0.3938402734389356,1.0303416999995534,9.18710259999898,10.217444299998531,576.90234375,2514956,pre_injection_v1,C
road,correlated_signal_attack,correlated_signal_attack_1,correlated_signal_attack,residual,lof,1,0.1899828069857931,0.9995239228755058,0.3192791696764628,0.9088046526464996,0.2755916762918663,0.3289904075857253,1.0686191999993753,9.059810500000822,10.128429700000195,578.5625,2514956,pre_injection_v1,C
road,correlated_signal_attack,correlated_signal_attack_1,correlated_signal_attack,residual,lof,2,0.2022542266750156,0.9995239228755058,0.3364313756910504,0.9089144903527367,0.2758929329723723,0.3043478260869565,1.0793897999992623,9.963831400000345,11.043221199999609,577.74609375,2514956,pre_injection_v1,C
road,correlated_signal_attack,correlated_signal_attack_1,correlated_signal_attack,residual,lof,3,0.1830102374210411,1.0,0.3093975548681691,0.9087256141154758,0.2753522841792319,0.3446286155316255,1.268754099999569,9.816570299999512,11.08532439999908,578.56640625,2514956,pre_injection_v1,C
road,correlated_signal_attack,correlated_signal_attack_1,correlated_signal_attack,residual,lof,4,0.1661459363258849,1.0,0.284948789255918,0.9090708527042765,0.2761647533997105,0.3874453305891433,1.1313526000012644,10.679056299999502,11.810408900000766,575.15625,2514956,pre_injection_v1,C
road,correlated_signal_attack,correlated_signal_attack_1,correlated_signal_attack,residual,hbos,0,0.2168251343530384,0.9988098071887646,0.3563028064365473,0.9407545648327624,0.4162626833062651,0.2785107868719909,0.0153682000000117,0.0524377999990974,0.0678059999991091,575.1171875,3711,pre_injection_v1,C
road,correlated_signal_attack,correlated_signal_attack_1,correlated_signal_attack,residual,hbos,1,0.2168251343530384,0.9988098071887646,0.3563028064365473,0.9407545648327624,0.4162626833062651,0.2785107868719909,0.0087863000007928,0.0374151000014535,0.0462014000022463,573.0,3711,pre_injection_v1,C
road,correlated_signal_attack,correlated_signal_attack_1,correlated_signal_attack,residual,hbos,2,0.2168251343530384,0.9988098071887646,0.3563028064365473,0.9407545648327624,0.4162626833062651,0.2785107868719909,0.0083037000003969,0.0317486999992979,0.0400523999996949,575.796875,3711,pre_injection_v1,C
road,correlated_signal_attack,correlated_signal_attack_1,correlated_signal_attack,residual,hbos,3,0.2168251343530384,0.9988098071887646,0.3563028064365473,0.9407545648327624,0.4162626833062651,0.2785107868719909,0.0079024999995453,0.0382246999997732,0.0461271999993186,575.796875,3711,pre_injection_v1,C
road,correlated_signal_attack,correlated_signal_attack_1,correlated_signal_attack,residual,hbos,4,0.2168251343530384,0.9988098071887646,0.3563028064365473,0.9407545648327624,0.4162626833062651,0.2785107868719909,0.0155117000012978,0.0382690999995247,0.0537808000008226,575.796875,3711,pre_injection_v1,C
road,correlated_signal_attack,correlated_signal_attack_1,correlated_signal_attack,residual,elliptic_envelope,0,0.2571376056855777,0.9990478457510116,0.4090045315012426,0.9085191183528972,0.2750262113893164,0.2228123047521041,0.8917242999996233,0.0290351999992708,0.9207594999988942,577.4296875,66831,pre_injection_v1,C
road,correlated_signal_attack,correlated_signal_attack_1,correlated_signal_attack,residual,elliptic_envelope,1,0.2540095624281305,0.9990478457510116,0.4050376375217139,0.9085169355964092,0.2750110868858141,0.2265059355360358,0.8493758999993588,0.0205392000007123,0.8699151000000711,577.34765625,66831,pre_injection_v1,C
road,correlated_signal_attack,correlated_signal_attack_1,correlated_signal_attack,residual,elliptic_envelope,2,0.2590420935686952,0.9990478457510116,0.4114100867519483,0.9081425031863652,0.2740723696452642,0.2206071520452791,0.6616118999991158,0.0202133000002504,0.6818251999993663,577.1171875,66831,pre_injection_v1,C
road,correlated_signal_attack,correlated_signal_attack_1,correlated_signal_attack,residual,elliptic_envelope,3,0.2559458470545188,0.9990478457510116,0.407495509490752,0.9084542568033918,0.2748525194049774,0.2242089014664265,0.7097244000015053,0.0202692999991995,0.7299937000007048,576.19140625,66831,pre_injection_v1,C
road,correlated_signal_attack,correlated_signal_attack_1,correlated_signal_attack,residual,elliptic_envelope,4,0.2556807797745964,0.9990478457510116,0.4071594877764843,0.9084830875609308,0.2749282134436209,0.2245212980998934,0.7355666000003112,0.0232876999998552,0.7588543000001664,576.69921875,66831,pre_injection_v1,C
road,correlated_signal_attack,correlated_signal_attack_1,correlated_signal_attack,residual,autoencoder,0,0.2357267164430472,0.9995239228755058,0.3814845098573635,0.9075577781547614,0.2731000907387058,0.2501745745892903,1.8551657000007251,0.0304075000003649,1.8855732000010903,576.5859375,18610,pre_injection_v1,C
road,correlated_signal_attack,correlated_signal_attack_1,correlated_signal_attack,residual,autoencoder,1,0.2018070841543711,0.9995239228755058,0.3358125399872041,0.9072915737227228,0.272707931287054,0.3051931346245727,1.6817639999990206,0.0336724999997386,1.7154364999987592,576.5859375,18610,pre_injection_v1,C
road,correlated_signal_attack,correlated_signal_attack_1,correlated_signal_attack,residual,autoencoder,2,0.1957667024103687,0.9995239228755058,0.3274074074074074,0.9086957729035304,0.2753668283112956,0.3169907016060862,1.7750247000003585,0.0306456000016623,1.805670300002021,576.5859375,18610,pre_injection_v1,C
road,correlated_signal_attack,correlated_signal_attack_1,correlated_signal_attack,residual,autoencoder,3,0.2307269630199461,0.9995239228755058,0.3749107142857143,0.909023650048442,0.2760358503872883,0.2572678157962439,1.905291600000055,0.0347911000008025,1.9400827000008576,576.58984375,18610,pre_injection_v1,C
road,correlated_signal_attack,correlated_signal_attack_1,correlated_signal_attack,residual,autoencoder,4,0.2379306436990027,0.9995239228755058,0.3843654171815644,0.9093061573530868,0.2766689809656294,0.247142489617406,1.773343200000454,0.0295018999986496,1.802845099999104,576.58984375,18610,pre_injection_v1,C
road,fuzzing_attack,fuzzing_attack_1,fuzzing_attack,raw,isolation_forest,0,0.6666666666666666,0.0589828468251579,0.1083771081006358,0.5884999195669888,0.3815182722011778,0.0108431068820535,0.6160171999999875,0.4710164000007353,1.0870336000007228,571.828125,2518431,pre_injection_v1,C
road,fuzzing_attack,fuzzing_attack_1,fuzzing_attack,raw,isolation_forest,1,0.6745495495495496,0.0600862674290299,0.1103435571520677,0.5966813471248219,0.3880016555826779,0.0106587003024267,0.6687129000001732,0.5392909000001964,1.2080038000003697,571.4921875,2642863,pre_injection_v1,C
road,fuzzing_attack,fuzzing_attack_1,fuzzing_attack,raw,isolation_forest,2,0.6460674157303371,0.0576788042933092,0.105902937655401,0.5997374926371479,0.3832262189513868,0.0116176145164859,0.5665630000003148,0.6063318000014988,1.1728948000018136,571.34375,2602207,pre_injection_v1,C
road,fuzzing_attack,fuzzing_attack_1,fuzzing_attack,raw,isolation_forest,3,0.6670493685419059,0.0582806700772394,0.1071955719557195,0.5959741722168256,0.3815453252623954,0.0106955816183521,0.5748242999998183,0.5012950000000274,1.0761192999998457,572.33203125,2496079,pre_injection_v1,C
road,fuzzing_attack,fuzzing_attack_1,fuzzing_attack,raw,isolation_forest,4,0.6595744680851063,0.0590831577891463,0.1084514822316332,0.5926548870799471,0.385128970807516,0.011211920041307,0.4903668000006291,0.430290000000241,0.92065680000087,572.33203125,2590767,pre_injection_v1,C
road,fuzzing_attack,fuzzing_attack_1,fuzzing_attack,raw,one_class_svm,0,0.6730769230769231,0.1018156284481894,0.1768754901106561,0.6103096999829072,0.4018935214221622,0.0181824887511986,0.1393651000016689,1.1089928000001237,1.2483579000017926,573.09765625,30538,pre_injection_v1,C
road,fuzzing_attack,fuzzing_attack_1,fuzzing_attack,raw,one_class_svm,1,0.6790757381258024,0.106128999899689,0.1835690118851392,0.6095933297182319,0.4064936973599461,0.0184406579626761,0.0904718000001594,1.0620112999986304,1.1524830999987898,568.33984375,30010,pre_injection_v1,C
road,fuzzing_attack,fuzzing_attack_1,fuzzing_attack,raw,one_class_svm,2,0.6696245733788396,0.098405055672585,0.1715934930907818,0.6115883040627242,0.4070459864407761,0.0178505569078704,0.0780023999996046,1.0659596000004967,1.1439620000001014,570.72265625,30138,pre_injection_v1,C
road,fuzzing_attack,fuzzing_attack_1,fuzzing_attack,raw,one_class_svm,3,0.6691525423728814,0.0990069214565152,0.1724921356169171,0.611067809138772,0.4038919230221665,0.0179980821715718,0.0751703000005363,1.0041832000006252,1.0793535000011616,570.86328125,29482,pre_injection_v1,C
road,fuzzing_attack,fuzzing_attack_1,fuzzing_attack,raw,one_class_svm,4,0.6769825918762089,0.1053265121877821,0.1822916666666666,0.6084403492680226,0.4038926574604609,0.0184775392786014,0.1402918999992835,1.1220778000006248,1.2623696999999083,570.921875,29882,pre_injection_v1,C
road,fuzzing_attack,fuzzing_attack_1,fuzzing_attack,raw,lof,0,0.2183588317107093,0.0157488213461731,0.02937874251497,0.4787004351684513,0.2527889394914327,0.0207272995500479,0.119506499999261,0.5452998000000662,0.6648062999993272,574.73046875,2514956,pre_injection_v1,C
road,fuzzing_attack,fuzzing_attack_1,fuzzing_attack,raw,lof,1,0.1776649746192893,0.0105326512187782,0.0198863636363636,0.4797247194709589,0.2550362822955162,0.0179243195397211,0.0959691999996721,0.5622733000000153,0.6582424999996874,575.87109375,2514956,pre_injection_v1,C
road,fuzzing_attack,fuzzing_attack_1,fuzzing_attack,raw,lof,2,0.239938080495356,0.0155481994181964,0.0292039566650965,0.4823405089523928,0.2564105457154401,0.0181087261193479,0.0975168000004487,0.6246442000010575,0.7221610000015062,575.87109375,2514956,pre_injection_v1,C
road,fuzzing_attack,fuzzing_attack_1,fuzzing_attack,raw,lof,3,0.2312312312312312,0.015447888454208,0.0289609779031499,0.4835958795419891,0.2559487673357225,0.0188832337537803,0.1578293000002304,0.6405567000001611,0.7983860000003915,575.94140625,2514956,pre_injection_v1,C
road,fuzzing_attack,fuzzing_attack_1,fuzzing_attack,raw,lof,4,0.2249637155297532,0.0155481994181964,0.0290861324826421,0.4808861017135712,0.2546162485258064,0.019694622704138,0.134314799999629,0.7577159000011306,0.8920307000007597,575.984375,2514956,pre_injection_v1,C
road,fuzzing_attack,fuzzing_attack_1,fuzzing_attack,raw,hbos,0,0.5354545454545454,0.0590831577891463,0.1064233444755623,0.6018701920040049,0.3699985998612879,0.0188463524378549,0.0094365000004472,0.0229225999992195,0.0323590999996667,574.2109375,3711,pre_injection_v1,C
road,fuzzing_attack,fuzzing_attack_1,fuzzing_attack,raw,hbos,1,0.5354545454545454,0.0590831577891463,0.1064233444755623,0.6018701920040049,0.3699985998612879,0.0188463524378549,0.0069466000004467,0.017807600001106,0.0247542000015528,566.9140625,3711,pre_injection_v1,C
road,fuzzing_attack,fuzzing_attack_1,fuzzing_attack,raw,hbos,2,0.5354545454545454,0.0590831577891463,0.1064233444755623,0.6018701920040049,0.3699985998612879,0.0188463524378549,0.0064822999993339,0.0196796999989601,0.026161999998294,568.26953125,3711,pre_injection_v1,C
road,fuzzing_attack,fuzzing_attack_1,fuzzing_attack,raw,hbos,3,0.5354545454545454,0.0590831577891463,0.1064233444755623,0.6018701920040049,0.3699985998612879,0.0188463524378549,0.0111424999995506,0.0188357999995787,0.0299782999991293,568.26953125,3711,pre_injection_v1,C
road,fuzzing_attack,fuzzing_attack_1,fuzzing_attack,raw,hbos,4,0.5354545454545454,0.0590831577891463,0.1064233444755623,0.6018701920040049,0.3699985998612879,0.0188463524378549,0.0105468000001565,0.0267879000002722,0.0373347000004287,568.26953125,3711,pre_injection_v1,C
road,fuzzing_attack,fuzzing_attack_1,fuzzing_attack,raw,elliptic_envelope,0,0.5604053000779423,0.1442471662152673,0.2294375747905863,0.603667278425182,0.4233639154281742,0.0416021243637973,0.6863750999982585,0.0126318999991781,0.6990069999974367,571.9140625,66831,pre_injection_v1,C
road,fuzzing_attack,fuzzing_attack_1,fuzzing_attack,raw,elliptic_envelope,1,0.5983572895277207,0.1461530745310462,0.2349242179941954,0.6044010164637174,0.4260616958532114,0.0360699269749944,0.6904570999995485,0.0159163000007538,0.7063734000003024,571.953125,66831,pre_injection_v1,C
road,fuzzing_attack,fuzzing_attack_1,fuzzing_attack,raw,elliptic_envelope,2,0.5672713529856387,0.1505667569465342,0.237970669837495,0.6030525787276251,0.422514264049726,0.0422291067345282,0.6703698000001168,0.0126397999993059,0.6830095999994228,571.984375,66831,pre_injection_v1,C
road,fuzzing_attack,fuzzing_attack_1,fuzzing_attack,raw,elliptic_envelope,3,0.5647103085026336,0.1505667569465342,0.237744515720282,0.6040440568239969,0.4238858706000195,0.0426716825256325,0.7019371000005776,0.0180254000006243,0.719962500001202,572.0078125,66831,pre_injection_v1,C
road,fuzzing_attack,fuzzing_attack_1,fuzzing_attack,raw,elliptic_envelope,4,0.5547054322876818,0.1454508977831277,0.2304696813160613,0.6039846745387206,0.4225507808355164,0.0429298517371099,0.6650351000007504,0.0128248000000894,0.6778599000008398,572.078125,66831,pre_injection_v1,C
road,fuzzing_attack,fuzzing_attack_1,fuzzing_attack,raw,autoencoder,0,0.7234299516908212,0.0600862674290299,0.1109567472446049,0.5893287040382093,0.3904966435782715,0.0084458213469056,2.2100700000009965,0.0186121999995521,2.2286822000005486,574.03125,18610,pre_injection_v1,C
road,fuzzing_attack,fuzzing_attack_1,fuzzing_attack,raw,autoencoder,1,0.5141896938013443,0.1381281974119771,0.2177591523681505,0.5610203906211195,0.3565273471607425,0.0479825920188832,1.9888088000006972,0.0188835000008111,2.007692300001509,575.21875,18610,pre_injection_v1,C
road,fuzzing_attack,fuzzing_attack_1,fuzzing_attack,raw,autoencoder,2,0.7684563758389261,0.0459424215066706,0.0867013724562233,0.5727198144002252,0.3738842821664377,0.0050896215976986,1.9368021999998744,0.0371699000006628,1.9739721000005372,576.40625,18610,pre_injection_v1,C
road,fuzzing_attack,fuzzing_attack_1,fuzzing_attack,raw,autoencoder,3,0.6798913043478261,0.1254890159494432,0.2118723007875349,0.5984595433865934,0.3891517944560286,0.0217230950800324,2.0760356999999203,0.0292250999991665,2.105260799999087,577.4375,18610,pre_injection_v1,C
road,fuzzing_attack,fuzzing_attack_1,fuzzing_attack,raw,autoencoder,4,0.7976101568334578,0.1071321095395726,0.1888928192430138,0.6032185871946931,0.4150073822924417,0.0099948366157704,1.7855943999984447,0.018828599999324,1.8044229999977688,578.125,18610,pre_injection_v1,C
road,fuzzing_attack,fuzzing_attack_1,fuzzing_attack,residual,isolation_forest,0,0.2503961965134706,0.1743404554117765,0.205558840922531,0.5020197394692596,0.2896731541448164,0.1918934867596075,0.6723685000015394,0.5189243000004353,1.191292800001975,578.30859375,2165199,pre_injection_v1,C
road,fuzzing_attack,fuzzing_attack_1,fuzzing_attack,residual,isolation_forest,1,0.2396596858638743,0.1836693750626943,0.2079618376966324,0.5003220428115829,0.2966254049511869,0.214243564210371,0.513114499999574,0.5782538000003115,1.0913682999998855,578.6171875,2186495,pre_injection_v1,C
road,fuzzing_attack,fuzzing_attack_1,fuzzing_attack,residual,isolation_forest,2,0.2816824471959213,0.155181061289999,0.200116421964944,0.5061990910481489,0.3091163420900567,0.1454967913255145,0.5040129999997589,0.4921694999993633,0.9961824999991222,579.64453125,2203391,pre_injection_v1,C
road,fuzzing_attack,fuzzing_attack_1,fuzzing_attack,residual,isolation_forest,3,0.2620320855614973,0.1818637777109038,0.2147086688773093,0.5080140668868358,0.3046343535336931,0.1883159991148484,0.4809037000013632,0.5075293999998394,0.9884331000012024,579.71484375,2119791,pre_injection_v1,C
road,fuzzing_attack,fuzzing_attack_1,fuzzing_attack,residual,isolation_forest,4,0.2892659163447001,0.1727354799879626,0.2163044843612611,0.5179576843855104,0.3206104106595522,0.1560448476801652,0.6179540999983146,0.4736976999993203,1.091651799997635,579.71484375,2137391,pre_injection_v1,C
road,fuzzing_attack,fuzzing_attack_1,fuzzing_attack,residual,one_class_svm,0,0.2178750897343862,0.3044437757046845,0.2539855224067953,0.4669597423474007,0.2505047109125857,0.4018219370067124,0.0972445999996125,1.263770800000202,1.3610153999998147,578.703125,35034,pre_injection_v1,C
road,fuzzing_attack,fuzzing_attack_1,fuzzing_attack,residual,one_class_svm,1,0.2186089821646014,0.3061490620924867,0.255077308817384,0.4685437169898071,0.250970822705255,0.4023382754296673,0.0956962000000203,1.3395233999999618,1.4352195999999822,575.66796875,34762,pre_injection_v1,C
road,fuzzing_attack,fuzzing_attack_1,fuzzing_attack,residual,one_class_svm,2,0.218072976054732,0.3069515498043936,0.2549893754426899,0.4668342537532057,0.2503913586395951,0.4046617983329645,0.1091117999985726,1.3437305000006745,1.4528422999992472,574.9375,34234,pre_injection_v1,C
road,fuzzing_attack,fuzzing_attack_1,fuzzing_attack,residual,one_class_svm,3,0.2183058147882268,0.3050456414886147,0.254487635465919,0.4684964065004849,0.251054791185692,0.4016006491111603,0.1081814000008307,1.2989539000009245,1.4071353000017552,570.34375,34634,pre_injection_v1,C
road,fuzzing_attack,fuzzing_attack_1,fuzzing_attack,residual,one_class_svm,4,0.2181675355281011,0.3064499949844518,0.254880694143167,0.4683003813259476,0.2507844008008398,0.4037766467507561,0.0856490000005578,1.408961999999519,1.4946110000000772,576.9375,34762,pre_injection_v1,C
road,fuzzing_attack,fuzzing_attack_1,fuzzing_attack,residual,lof,0,0.2147035458944175,0.2982244959374059,0.2496640913671481,0.4579366612585168,0.2696589182020218,0.40104742937228,0.8745486000007077,5.015243799998643,5.889792399999351,580.05078125,2514956,pre_injection_v1,C
road,fuzzing_attack,fuzzing_attack_1,fuzzing_attack,residual,lof,1,0.2181045410483931,0.2934095696659645,0.2502138579982891,0.4578196521483324,0.2696177021575136,0.3867374787932433,0.9549926000017877,4.996717899999567,5.951710500001354,582.2421875,2514956,pre_injection_v1,C
road,fuzzing_attack,fuzzing_attack_1,fuzzing_attack,residual,lof,2,0.2150965649417661,0.2927073929180459,0.2479711068621202,0.458232729176017,0.2699444426645783,0.3927122519731504,0.8905138999998599,5.179683999998815,6.070197899998675,580.4140625,2514956,pre_injection_v1,C
road,fuzzing_attack,fuzzing_attack_1,fuzzing_attack,residual,lof,3,0.2151564106329857,0.2939111244859063,0.248441938355874,0.4580273458623851,0.2699912181347915,0.3941875046101645,0.9478161999995792,5.002080300000671,5.94989650000025,581.42578125,2514956,pre_injection_v1,C
road,fuzzing_attack,fuzzing_attack_1,fuzzing_attack,residual,lof,4,0.2182393252503953,0.2907011736382787,0.2493117687543014,0.4578843637079179,0.2695971431313028,0.3828649406210813,0.851805800000875,4.411051099999895,5.26285690000077,582.390625,2514956,pre_injection_v1,C
road,fuzzing_attack,fuzzing_attack_1,fuzzing_attack,residual,hbos,0,0.2299186578546009,0.1814625338549503,0.2028367999102988,0.4874200583881287,0.2848192963507998,0.2234638931917091,0.0050781999998434,0.0225609999997686,0.0276391999996121,580.53515625,3711,pre_injection_v1,C
road,fuzzing_attack,fuzzing_attack_1,fuzzing_attack,residual,hbos,1,0.2299186578546009,0.1814625338549503,0.2028367999102988,0.4874200583881287,0.2848192963507998,0.2234638931917091,0.0080652000015106,0.0268894000000727,0.0349546000015834,571.765625,3711,pre_injection_v1,C
road,fuzzing_attack,fuzzing_attack_1,fuzzing_attack,residual,hbos,2,0.2299186578546009,0.1814625338549503,0.2028367999102988,0.4874200583881287,0.2848192963507998,0.2234638931917091,0.0060067000013077,0.0224526999991212,0.028459400000429,574.35546875,3711,pre_injection_v1,C
road,fuzzing_attack,fuzzing_attack_1,fuzzing_attack,residual,hbos,3,0.2299186578546009,0.1814625338549503,0.2028367999102988,0.4874200583881287,0.2848192963507998,0.2234638931917091,0.006182400000398,0.021427700001368,0.0276101000017661,574.35546875,3711,pre_injection_v1,C
road,fuzzing_attack,fuzzing_attack_1,fuzzing_attack,residual,hbos,4,0.2299186578546009,0.1814625338549503,0.2028367999102988,0.4874200583881287,0.2848192963507998,0.2234638931917091,0.0069695000001956,0.021335800000088,0.0283053000002837,574.35546875,3711,pre_injection_v1,C
road,fuzzing_attack,fuzzing_attack_1,fuzzing_attack,residual,elliptic_envelope,0,0.2221432519939982,0.2821747416992677,0.2485860728172498,0.4858131906187339,0.2771074165355248,0.3632809618647193,0.7572468999987905,0.011886800000866,0.7691336999996565,577.5703125,66831,pre_injection_v1,C
road,fuzzing_attack,fuzzing_attack_1,fuzzing_attack,residual,elliptic_envelope,1,0.2187999087383071,0.288594643394523,0.2488969634051388,0.4841021624511829,0.2762998764779081,0.378844877185218,0.5717554000002565,0.0116439999983413,0.5833993999985978,577.3046875,66831,pre_injection_v1,C
road,fuzzing_attack,fuzzing_attack_1,fuzzing_attack,residual,elliptic_envelope,2,0.22,0.2824756745912328,0.2473538583161316,0.4842750669733103,0.276256386160726,0.3682230581987165,0.6119031999987783,0.0112566000007063,0.6231597999994847,577.99609375,66831,pre_injection_v1,C
road,fuzzing_attack,fuzzing_attack_1,fuzzing_attack,residual,elliptic_envelope,3,0.2181038443865829,0.2856856254388604,0.2473617926781604,0.4831468035530636,0.2755737478456652,0.3765582355978461,0.5788612000014837,0.0120553000015206,0.5909165000030043,578.0625,66831,pre_injection_v1,C
road,fuzzing_attack,fuzzing_attack_1,fuzzing_attack,residual,elliptic_envelope,4,0.2228868251219896,0.2840806500150466,0.2497905181918412,0.4864350342445737,0.2775962687185543,0.3641661134469278,0.5798470999998244,0.0118504999991273,0.5916975999989518,578.07421875,66831,pre_injection_v1,C
road,fuzzing_attack,fuzzing_attack_1,fuzzing_attack,residual,autoencoder,0,0.2217650855114553,0.2757548400040124,0.2458305387882852,0.4586509393991921,0.26700320955197,0.3557940547318728,1.7118164000003162,0.0229808000003686,1.7347972000006848,578.42578125,18610,pre_injection_v1,C
road,fuzzing_attack,fuzzing_attack_1,fuzzing_attack,residual,autoencoder,1,0.2351593558385553,0.3500852643193901,0.2813381700927045,0.4751540463642647,0.272991564747662,0.418639817068673,1.8213124000012613,0.0274009999993722,1.8487134000006336,578.4296875,18610,pre_injection_v1,C
road,fuzzing_attack,fuzzing_attack_1,fuzzing_attack,residual,autoencoder,2,0.2239219114219114,0.3083559033002307,0.2594421234755454,0.4762615124811234,0.2722018948438399,0.3929335398687025,1.664806900000258,0.0217536000000109,1.6865605000002688,578.6171875,18610,pre_injection_v1,C
road,fuzzing_attack,fuzzing_attack_1,fuzzing_attack,residual,autoencoder,3,0.2157420943294606,0.2812719430233724,0.2441870591308891,0.4558923212967057,0.2639207759039698,0.3759312532271151,2.060387300000002,0.0212313000010908,2.081618600001093,578.6171875,18610,pre_injection_v1,C
road,fuzzing_attack,fuzzing_attack_1,fuzzing_attack,residual,autoencoder,4,0.2135309768148992,0.2817734978433143,0.2429510465317419,0.4532595155034453,0.2627918136601589,0.381574094563694,1.6761461999994935,0.0177756000011868,1.6939218000006804,578.8046875,18610,pre_injection_v1,C
road,max_engine_coolant_temp_attack,max_engine_coolant_temp_attack,max_engine_coolant_temp_attack,raw,isolation_forest,0,0.0,0.0,0.0,0.9766646903541836,0.1317756151513099,0.0095752339812814,0.836215399998764,0.1528539999999338,0.989069399998698,587.08203125,2425327,pre_injection_v1,C
road,max_engine_coolant_temp_attack,max_engine_coolant_temp_attack,max_engine_coolant_temp_attack,raw,isolation_forest,1,0.0,0.0,0.0,0.9744032242126512,0.1190293201250335,0.0106551475881929,0.899783099999695,0.2011994000004051,1.1009825000001,586.640625,2511039,pre_injection_v1,C
road,max_engine_coolant_temp_attack,max_engine_coolant_temp_attack,max_engine_coolant_temp_attack,raw,isolation_forest,2,0.0,0.0,0.0,0.974638970058866,0.1199989586297209,0.0113750899928005,0.9948432000001048,0.1759743000002345,1.1708175000003394,586.6796875,2443455,pre_injection_v1,C
road,max_engine_coolant_temp_attack,max_engine_coolant_temp_attack,max_engine_coolant_temp_attack,raw,isolation_forest,3,0.0,0.0,0.0,0.9760597975691356,0.1277468479027126,0.0114470842332613,0.927396499999304,0.1775056999995286,1.1049021999988329,586.69921875,2452783,pre_injection_v1,C
road,max_engine_coolant_temp_attack,max_engine_coolant_temp_attack,max_engine_coolant_temp_attack,raw,isolation_forest,4,0.0,0.0,0.0,0.9761226160730672,0.1280276863962429,0.0107271418286537,0.9026541999992332,0.189933600000586,1.0925877999998193,586.7421875,2434831,pre_injection_v1,C
road,max_engine_coolant_temp_attack,max_engine_coolant_temp_attack,max_engine_coolant_temp_attack,raw,one_class_svm,0,0.0225563909774436,0.0294117647058823,0.025531914893617,0.9853054108612488,0.183646379597645,0.0093592512598992,0.0921867999986716,0.4275438999993639,0.5197306999980356,585.92578125,29882,pre_injection_v1,C
road,max_engine_coolant_temp_attack,max_engine_coolant_temp_attack,max_engine_coolant_temp_attack,raw,one_class_svm,1,0.0078125,0.0098039215686274,0.008695652173913,0.9850343737206906,0.1806674579789244,0.0091432685385169,0.0902084999997896,0.3879029999989143,0.4781114999987039,586.890625,30010,pre_injection_v1,C
road,max_engine_coolant_temp_attack,max_engine_coolant_temp_attack,max_engine_coolant_temp_attack,raw,one_class_svm,2,0.3888888888888889,0.8235294117647058,0.5283018867924528,0.9917616002484508,0.2846681849552545,0.0095032397408207,0.1031445999997231,0.4211355999996158,0.524280199999339,586.89453125,29882,pre_injection_v1,C
road,max_engine_coolant_temp_attack,max_engine_coolant_temp_attack,max_engine_coolant_temp_attack,raw,one_class_svm,3,0.1,0.1372549019607843,0.1157024793388429,0.9856985558802356,0.185728329495639,0.0090712742980561,0.0731716000009328,0.3933304000001953,0.4665020000011282,586.90234375,29482,pre_injection_v1,C
road,max_engine_coolant_temp_attack,max_engine_coolant_temp_attack,max_engine_coolant_temp_attack,raw,one_class_svm,4,0.4285714285714285,1.0,0.6,0.9947479495757986,0.3818985836566596,0.0097912167026637,0.0993173999995633,0.5043334000001778,0.6036507999997411,586.8984375,30010,pre_injection_v1,C
road,max_engine_coolant_temp_attack,max_engine_coolant_temp_attack,max_engine_coolant_temp_attack,raw,lof,0,0.0,0.0,0.0,0.769781476305425,0.015667424449174,0.0118790496760259,0.1139911000009306,0.1631919999999809,0.2771831000009115,583.7578125,2514956,pre_injection_v1,C
road,max_engine_coolant_temp_attack,max_engine_coolant_temp_attack,max_engine_coolant_temp_attack,raw,lof,1,0.0,0.0,0.0,0.7445573765863437,0.0137955226656959,0.006983441324694,0.0714539999989938,0.1755312000004778,0.2469851999994716,585.8125,2514956,pre_injection_v1,C
road,max_engine_coolant_temp_attack,max_engine_coolant_temp_attack,max_engine_coolant_temp_attack,raw,lof,2,0.0,0.0,0.0,0.7117802340518641,0.0123224169909992,0.0023038156947444,0.0966414999984408,0.1754879999989498,0.2721294999973906,586.828125,2514956,pre_injection_v1,C
road,max_engine_coolant_temp_attack,max_engine_coolant_temp_attack,max_engine_coolant_temp_attack,raw,lof,3,0.0,0.0,0.0,0.7370967969621253,0.0135215893478521,0.0058315334773218,0.093926100000317,0.1715592000000469,0.2654853000003641,586.84375,2514956,pre_injection_v1,C
road,max_engine_coolant_temp_attack,max_engine_coolant_temp_attack,max_engine_coolant_temp_attack,raw,lof,4,0.0,0.0,0.0,0.7308460029080026,0.0133266910297376,0.0095752339812814,0.1044423000003007,0.1787084999996295,0.2831507999999303,585.97265625,2514956,pre_injection_v1,C
road,max_engine_coolant_temp_attack,max_engine_coolant_temp_attack,max_engine_coolant_temp_attack,raw,hbos,0,0.0,0.0,0.0,0.8056113158006184,0.0217458281679529,0.0121670266378689,0.0139443999996728,0.0158014000007824,0.0297458000004553,584.859375,3711,pre_injection_v1,C
road,max_engine_coolant_temp_attack,max_engine_coolant_temp_attack,max_engine_coolant_temp_attack,raw,hbos,1,0.0,0.0,0.0,0.8056113158006184,0.0217458281679529,0.0121670266378689,0.0187528000005841,0.0069376999999803,0.0256905000005644,582.02734375,3711,pre_injection_v1,C
road,max_engine_coolant_temp_attack,max_engine_coolant_temp_attack,max_engine_coolant_temp_attack,raw,hbos,2,0.0,0.0,0.0,0.8056113158006184,0.0217458281679529,0.0121670266378689,0.0169962999989365,0.0084083000001555,0.0254045999990921,582.4609375,3711,pre_injection_v1,C
road,max_engine_coolant_temp_attack,max_engine_coolant_temp_attack,max_engine_coolant_temp_attack,raw,hbos,3,0.0,0.0,0.0,0.8056113158006184,0.0217458281679529,0.0121670266378689,0.0163488000016513,0.0080132999992201,0.0243621000008715,582.4609375,3711,pre_injection_v1,C
road,max_engine_coolant_temp_attack,max_engine_coolant_temp_attack,max_engine_coolant_temp_attack,raw,hbos,4,0.0,0.0,0.0,0.8056113158006184,0.0217458281679529,0.0121670266378689,0.0166226999990612,0.0073510999991412,0.0239737999982025,582.4609375,3711,pre_injection_v1,C
road,max_engine_coolant_temp_attack,max_engine_coolant_temp_attack,max_engine_coolant_temp_attack,raw,elliptic_envelope,0,0.4106280193236715,0.8333333333333334,0.5501618122977346,0.9924511921399228,0.3000916643442985,0.0087832973362131,0.6552578000009817,0.0045074999998178,0.6597653000007995,586.203125,66831,pre_injection_v1,C
road,max_engine_coolant_temp_attack,max_engine_coolant_temp_attack,max_engine_coolant_temp_attack,raw,elliptic_envelope,1,0.4495412844036697,0.9607843137254902,0.6124999999999999,0.9928619828060812,0.3101974120641592,0.0086393088552915,0.6694188000001304,0.0052747999998246,0.674693599999955,585.4921875,66831,pre_injection_v1,C
road,max_engine_coolant_temp_attack,max_engine_coolant_temp_attack,max_engine_coolant_temp_attack,raw,elliptic_envelope,2,0.4545454545454545,0.9803921568627452,0.6211180124223603,0.9928782168014796,0.3106176417616533,0.0086393088552915,0.6338371000001644,0.0046205000016925,0.6384576000018569,585.671875,66831,pre_injection_v1,C
road,max_engine_coolant_temp_attack,max_engine_coolant_temp_attack,max_engine_coolant_temp_attack,raw,elliptic_envelope,3,0.4508928571428571,0.9901960784313726,0.6196319018404908,0.9928972741004248,0.3111302546430412,0.0088552915766738,0.6457059000003937,0.0045633999998244,0.6502693000002182,586.2890625,66831,pre_injection_v1,C
road,max_engine_coolant_temp_attack,max_engine_coolant_temp_attack,max_engine_coolant_temp_attack,raw,elliptic_envelope,4,0.4195121951219512,0.8431372549019608,0.5602605863192182,0.9925147164697412,0.3015689826672118,0.0085673146148308,0.6044684000007692,0.0089433000011922,0.6134117000019614,586.41796875,66831,pre_injection_v1,C
road,max_engine_coolant_temp_attack,max_engine_coolant_temp_attack,max_engine_coolant_temp_attack,raw,autoencoder,0,0.4285714285714285,0.7352941176470589,0.5415162454873645,0.994719716540324,0.3875786681428715,0.0071994240460763,1.91610430000037,0.0087011999985406,1.9248054999989108,587.28515625,18610,pre_injection_v1,C
road,max_engine_coolant_temp_attack,max_engine_coolant_temp_attack,max_engine_coolant_temp_attack,raw,autoencoder,1,0.0,0.0,0.0,0.8775385028021288,0.0264988617389239,0.0110871130309575,0.5601339000004373,0.0098667000002024,0.5700006000006397,587.24609375,17039,pre_injection_v1,C
road,max_engine_coolant_temp_attack,max_engine_coolant_temp_attack,max_engine_coolant_temp_attack,raw,autoencoder,2,0.452914798206278,0.9901960784313726,0.6215384615384615,0.9942326966783832,0.3527515868189053,0.0087832973362131,2.225425299999188,0.008071899999777,2.233497199998965,586.3515625,18610,pre_injection_v1,C
road,max_engine_coolant_temp_attack,max_engine_coolant_temp_attack,max_engine_coolant_temp_attack,raw,autoencoder,3,0.4568527918781725,0.8823529411764706,0.6020066889632106,0.9941790539109812,0.3558182331978804,0.0077033837293016,2.197821099998692,0.0116352000004553,2.2094562999991467,586.35546875,18610,pre_injection_v1,C
road,max_engine_coolant_temp_attack,max_engine_coolant_temp_attack,max_engine_coolant_temp_attack,raw,autoencoder,4,0.4573991031390134,1.0,0.6276923076923077,0.9958081000578776,0.4242883788624494,0.0087113030957523,1.970943600001192,0.0103153999989444,1.9812590000001364,586.421875,18610,pre_injection_v1,C
road,max_engine_coolant_temp_attack,max_engine_coolant_temp_attack,max_engine_coolant_temp_attack,residual,isolation_forest,0,0.1533834586466165,1.0,0.2659713168187744,1.0,1.0,0.0405327573794096,0.935042400000384,0.2201425000002927,1.1551849000006769,585.64453125,1918799,pre_injection_v1,C
road,max_engine_coolant_temp_attack,max_engine_coolant_temp_attack,max_engine_coolant_temp_attack,residual,isolation_forest,1,0.2031872509960159,1.0,0.3377483443708609,1.0,1.0,0.0287976961843052,1.058569599999828,0.1945676999985153,1.2531372999983432,585.953125,1976351,pre_injection_v1,C
road,max_engine_coolant_temp_attack,max_engine_coolant_temp_attack,max_engine_coolant_temp_attack,residual,isolation_forest,2,0.139917695473251,1.0,0.2454873646209386,1.0,1.0,0.0451403887688984,1.0655863000010868,0.2052519999997457,1.2708383000008323,585.078125,1978463,pre_injection_v1,C
road,max_engine_coolant_temp_attack,max_engine_coolant_temp_attack,max_engine_coolant_temp_attack,residual,isolation_forest,3,0.1581395348837209,1.0,0.2730923694779116,1.0,1.0,0.0390928725701943,0.888022600000113,0.2011157999986608,1.0891383999987738,586.0703125,1890639,pre_injection_v1,C
road,max_engine_coolant_temp_attack,max_engine_coolant_temp_attack,max_engine_coolant_temp_attack,residual,isolation_forest,4,0.1050463439752832,1.0,0.190121155638397,1.0,1.0,0.0625629949604031,1.0283901000002516,0.2252613000000565,1.253651400000308,586.0703125,1904543,pre_injection_v1,C
road,max_engine_coolant_temp_attack,max_engine_coolant_temp_attack,max_engine_coolant_temp_attack,residual,one_class_svm,0,0.0930656934306569,1.0,0.1702838063439065,0.9909647228221742,0.2889518413597733,0.0715622750179985,0.0806195000004663,0.4425901999984489,0.5232096999989153,586.21875,34234,pre_injection_v1,C
road,max_engine_coolant_temp_attack,max_engine_coolant_temp_attack,max_engine_coolant_temp_attack,residual,one_class_svm,1,0.102,1.0,0.1851179673321233,0.9904967602591792,0.2786885245901639,0.0646508279337653,0.1009553000003506,0.5043944000008196,0.6053497000011703,586.06640625,34106,pre_injection_v1,C
road,max_engine_coolant_temp_attack,max_engine_coolant_temp_attack,max_engine_coolant_temp_attack,residual,one_class_svm,2,0.0963172804532577,1.0,0.1757105943152454,0.9905327573794096,0.2794520547945205,0.0688984881209503,0.1275749000014912,0.5468060999992304,0.6743810000007215,583.89453125,34634,pre_injection_v1,C
road,max_engine_coolant_temp_attack,max_engine_coolant_temp_attack,max_engine_coolant_temp_attack,residual,one_class_svm,3,0.0978886756238003,1.0,0.1783216783216783,0.9910007199424048,0.2897727272727273,0.0676745860331173,0.0999022999985754,0.5584624999992229,0.6583647999977984,584.59765625,33978,pre_injection_v1,C
road,max_engine_coolant_temp_attack,max_engine_coolant_temp_attack,max_engine_coolant_temp_attack,residual,one_class_svm,4,0.1011904761904761,1.0,0.1837837837837837,0.989812814974802,0.2649350649350649,0.0652267818574514,0.1061370000006718,0.497753499999817,0.6038905000004888,577.5625,34506,pre_injection_v1,C
road,max_engine_coolant_temp_attack,max_engine_coolant_temp_attack,max_engine_coolant_temp_attack,residual,lof,0,0.0978886756238003,1.0,0.1783216783216783,1.0,1.0,0.0676745860331173,0.9649229000006015,2.313250399998651,3.2781732999992528,582.22265625,2514956,pre_injection_v1,C
road,max_engine_coolant_temp_attack,max_engine_coolant_temp_attack,max_engine_coolant_temp_attack,residual,lof,1,0.0963172804532577,1.0,0.1757105943152454,1.0,0.9999999999999998,0.0688984881209503,0.92717520000042,2.0897533999996085,3.0169286000000284,585.41015625,2514956,pre_injection_v1,C
road,max_engine_coolant_temp_attack,max_engine_coolant_temp_attack,max_engine_coolant_temp_attack,residual,lof,2,0.09375,1.0,0.1714285714285714,1.0,0.9999999999999998,0.0709863210943124,0.9995862999985548,2.3478556999998546,3.3474419999984093,584.2578125,2514956,pre_injection_v1,C
road,max_engine_coolant_temp_attack,max_engine_coolant_temp_attack,max_engine_coolant_temp_attack,residual,lof,3,0.0944444444444444,1.0,0.1725888324873096,1.0,1.0,0.0704103671706263,1.0308139999997366,2.0789267999989534,3.10974079999869,585.1875,2514956,pre_injection_v1,C
road,max_engine_coolant_temp_attack,max_engine_coolant_temp_attack,max_engine_coolant_temp_attack,residual,lof,4,0.0832653061224489,1.0,0.1537302185380557,1.0,1.0,0.080849532037437,1.0190449000001536,2.338984100000744,3.358029000000897,585.22265625,2514956,pre_injection_v1,C
road,max_engine_coolant_temp_attack,max_engine_coolant_temp_attack,max_engine_coolant_temp_attack,residual,hbos,0,0.1520119225037257,1.0,0.2639068564036222,1.0,1.0,0.0409647228221742,0.0170639999996637,0.0083236999998916,0.0253876999995554,584.7421875,3711,pre_injection_v1,C
road,max_engine_coolant_temp_attack,max_engine_coolant_temp_attack,max_engine_coolant_temp_attack,residual,hbos,1,0.1520119225037257,1.0,0.2639068564036222,1.0,1.0,0.0409647228221742,0.0168987999986711,0.0071664999995846,0.0240652999982557,580.484375,3711,pre_injection_v1,C
road,max_engine_coolant_temp_attack,max_engine_coolant_temp_attack,max_engine_coolant_temp_attack,residual,hbos,2,0.1520119225037257,1.0,0.2639068564036222,1.0,1.0,0.0409647228221742,0.0146175000008952,0.0074141999994026,0.0220317000002978,581.02734375,3711,pre_injection_v1,C
road,max_engine_coolant_temp_attack,max_engine_coolant_temp_attack,max_engine_coolant_temp_attack,residual,hbos,3,0.1520119225037257,1.0,0.2639068564036222,1.0,1.0,0.0409647228221742,0.0144276999999419,0.0057307999995828,0.0201584999995247,581.02734375,3711,pre_injection_v1,C
road,max_engine_coolant_temp_attack,max_engine_coolant_temp_attack,max_engine_coolant_temp_attack,residual,hbos,4,0.1520119225037257,1.0,0.2639068564036222,1.0,1.0,0.0409647228221742,0.0178602000014507,0.012550999999803,0.0304112000012537,581.02734375,3711,pre_injection_v1,C
road,max_engine_coolant_temp_attack,max_engine_coolant_temp_attack,max_engine_coolant_temp_attack,residual,elliptic_envelope,0,0.1218637992831541,1.0,0.2172523961661341,1.0,1.0,0.0529157667386609,0.749898399999438,0.0099970999999641,0.7598954999994021,584.84765625,66831,pre_injection_v1,C
road,max_engine_coolant_temp_attack,max_engine_coolant_temp_attack,max_engine_coolant_temp_attack,residual,elliptic_envelope,1,0.1209964412811387,1.0,0.2158730158730158,1.0,1.0,0.0533477321814254,0.6548806999999215,0.0055897000002005,0.660470400000122,584.5859375,66831,pre_injection_v1,C
road,max_engine_coolant_temp_attack,max_engine_coolant_temp_attack,max_engine_coolant_temp_attack,residual,elliptic_envelope,2,0.1202830188679245,1.0,0.2147368421052631,1.0,1.0,0.0537077033837293,0.6291682999999466,0.0051441999985399,0.6343124999984866,583.0859375,66831,pre_injection_v1,C
road,max_engine_coolant_temp_attack,max_engine_coolant_temp_attack,max_engine_coolant_temp_attack,residual,elliptic_envelope,3,0.1217183770883054,1.0,0.2170212765957447,1.0,1.0,0.0529877609791216,0.6473543000010977,0.0084260000003268,0.6557803000014246,582.94140625,66831,pre_injection_v1,C
road,max_engine_coolant_temp_attack,max_engine_coolant_temp_attack,max_engine_coolant_temp_attack,residual,elliptic_envelope,4,0.12,1.0,0.2142857142857142,1.0,1.0,0.0538516918646508,0.6306810999994923,0.0041794000007939,0.6348605000002863,583.68359375,66831,pre_injection_v1,C
road,max_engine_coolant_temp_attack,max_engine_coolant_temp_attack,max_engine_coolant_temp_attack,residual,autoencoder,0,0.1181923522595596,1.0,0.2113989637305699,1.0,1.0,0.0547876169906407,1.688595699999496,0.0066833999990194,1.6952790999985154,584.99609375,18610,pre_injection_v1,C
road,max_engine_coolant_temp_attack,max_engine_coolant_temp_attack,max_engine_coolant_temp_attack,residual,autoencoder,1,0.106029106029106,1.0,0.1917293233082706,1.0,1.0,0.0619150467962563,1.8932324999987031,0.0080681999988883,1.9013006999975917,585.00390625,18610,pre_injection_v1,C
road,max_engine_coolant_temp_attack,max_engine_coolant_temp_attack,max_engine_coolant_temp_attack,residual,autoencoder,2,0.1201413427561837,1.0,0.2145110410094637,1.0,1.0,0.05377969762419,1.8298188999997365,0.0069929999990563,1.8368118999987928,585.02734375,18610,pre_injection_v1,C
road,max_engine_coolant_temp_attack,max_engine_coolant_temp_attack,max_engine_coolant_temp_attack,residual,autoencoder,3,0.1077085533262935,1.0,0.1944709246901811,1.0,1.0,0.0608351331893448,1.9681498000009012,0.0071539000000484,1.97530370000095,585.08984375,18610,pre_injection_v1,C
road,max_engine_coolant_temp_attack,max_engine_coolant_temp_attack,max_engine_coolant_temp_attack,residual,autoencoder,4,0.1061394380853277,1.0,0.1919096895578551,1.0,1.0,0.0618430525557955,1.9481034000000363,0.0060873000002175,1.9541907000002536,585.08984375,18610,pre_injection_v1,C
road,max_speedometer_attack,max_speedometer_attack_1,max_speedometer_attack,raw,isolation_forest,0,0.0,0.0,0.0,0.758709722594819,0.1238503677636683,0.0397756776404611,0.483704400001443,0.910017299998799,1.393721700000242,582.39453125,2710975,pre_injection_v1,C
road,max_speedometer_attack,max_speedometer_attack_1,max_speedometer_attack,raw,isolation_forest,1,0.0,0.0,0.0,0.749954106366299,0.1195447243579592,0.0227734670563624,0.578009299999394,1.1682483999993565,1.7462576999987505,582.13671875,2774687,pre_injection_v1,C
road,max_speedometer_attack,max_speedometer_attack_1,max_speedometer_attack,raw,isolation_forest,2,0.0,0.0,0.0,0.77598972743123,0.1320648844061091,0.0174176223610225,0.5280046999996557,1.0693396999995457,1.5973443999992014,582.1640625,2725583,pre_injection_v1,C
road,max_speedometer_attack,max_speedometer_attack_1,max_speedometer_attack,raw,isolation_forest,3,0.0,0.0,0.0,0.7701805024046429,0.1283230514819846,0.0129667818939809,0.5651139000001422,1.0889623000002755,1.654076200000418,582.16796875,2722239,pre_injection_v1,C
road,max_speedometer_attack,max_speedometer_attack_1,max_speedometer_attack,raw,isolation_forest,4,0.0,0.0,0.0,0.7810849378138396,0.1349696865074434,0.0091390590923252,0.6244447000008222,1.0010900999986916,1.6255347999995138,581.1875,2671727,pre_injection_v1,C
road,max_speedometer_attack,max_speedometer_attack_1,max_speedometer_attack,raw,one_class_svm,0,0.295429945880938,0.9993897477624084,0.4560475262229648,0.8378995542242442,0.1737255101870565,0.1738349925077519,0.0645428999996511,2.3883645000005345,2.4529074000001856,583.0078125,27898,pre_injection_v1,C
road,max_speedometer_attack,max_speedometer_attack_1,max_speedometer_attack,raw,one_class_svm,1,0.295429945880938,0.9993897477624084,0.4560475262229648,0.8378995542242442,0.1737255101870565,0.1738349925077519,0.1113929000002826,2.3884883999999147,2.4998813000001974,580.33203125,27898,pre_injection_v1,C
road,max_speedometer_attack,max_speedometer_attack_1,max_speedometer_attack,raw,one_class_svm,2,0.295429945880938,0.9993897477624084,0.4560475262229648,0.8378995542242442,0.1737255101870565,0.1738349925077519,0.0908674000002065,2.4804734000008466,2.571340800001053,580.3984375,27898,pre_injection_v1,C
road,max_speedometer_attack,max_speedometer_attack_1,max_speedometer_attack,raw,one_class_svm,3,0.295429945880938,0.9993897477624084,0.4560475262229648,0.8378995542242442,0.1737255101870565,0.1738349925077519,0.0954203000001143,2.448386199999732,2.543806499999846,578.7109375,27898,pre_injection_v1,C
road,max_speedometer_attack,max_speedometer_attack_1,max_speedometer_attack,raw,one_class_svm,4,0.295429945880938,0.9993897477624084,0.4560475262229648,0.8378995542242442,0.1737255101870565,0.1738349925077519,0.0959566000001359,2.3056195999997726,2.401576199999909,579.5390625,27898,pre_injection_v1,C
road,max_speedometer_attack,max_speedometer_attack_1,max_speedometer_attack,raw,lof,0,0.0,0.0,0.0,0.3788665137414055,0.0497400423069502,0.0003115588326929,0.0720362000010936,1.129056200001287,1.2010924000023806,578.0546875,1551948,pre_injection_v1,C
road,max_speedometer_attack,max_speedometer_attack_1,max_speedometer_attack,raw,lof,1,0.0,0.0,0.0,0.3788665137414055,0.0497400423069502,0.0003115588326929,0.0749183000007178,1.0527182000005268,1.1276365000012447,580.265625,1551948,pre_injection_v1,C
road,max_speedometer_attack,max_speedometer_attack_1,max_speedometer_attack,raw,lof,2,0.0,0.0,0.0,0.3788665137414055,0.0497400423069502,0.0003115588326929,0.0536496999993687,0.9826986999996734,1.0363483999990422,579.078125,1551948,pre_injection_v1,C
road,max_speedometer_attack,max_speedometer_attack_1,max_speedometer_attack,raw,lof,3,0.0,0.0,0.0,0.3788665137414055,0.0497400423069502,0.0003115588326929,0.0711457999987033,1.105561200000011,1.1767069999987143,578.98046875,1551948,pre_injection_v1,C
road,max_speedometer_attack,max_speedometer_attack_1,max_speedometer_attack,raw,lof,4,0.0,0.0,0.0,0.3788665137414055,0.0497400423069502,0.0003115588326929,0.0740879999993922,1.0480604999993377,1.1221484999987297,579.6484375,1551948,pre_injection_v1,C
road,max_speedometer_attack,max_speedometer_attack_1,max_speedometer_attack,raw,hbos,0,0.0,0.0,0.0,0.7827782248804831,0.1481657949910611,0.0291381689242318,0.0041406000000279,0.060767200000555,0.0649078000005829,581.9296875,3711,pre_injection_v1,C
road,max_speedometer_attack,max_speedometer_attack_1,max_speedometer_attack,raw,hbos,1,0.0,0.0,0.0,0.7827782248804831,0.1481657949910611,0.0291381689242318,0.0112059999992197,0.0628756999994948,0.0740816999987146,579.3671875,3711,pre_injection_v1,C
road,max_speedometer_attack,max_speedometer_attack_1,max_speedometer_attack,raw,hbos,2,0.0,0.0,0.0,0.7827782248804831,0.1481657949910611,0.0291381689242318,0.0102931000001262,0.0501657000004343,0.0604588000005605,579.93359375,3711,pre_injection_v1,C
road,max_speedometer_attack,max_speedometer_attack_1,max_speedometer_attack,raw,hbos,3,0.0,0.0,0.0,0.7827782248804831,0.1481657949910611,0.0291381689242318,0.0054927000001043,0.0466477000009035,0.0521404000010079,579.36328125,3711,pre_injection_v1,C
road,max_speedometer_attack,max_speedometer_attack_1,max_speedometer_attack,raw,hbos,4,0.0,0.0,0.0,0.7827782248804831,0.1481657949910611,0.0291381689242318,0.0071998000003077,0.0395069000005605,0.0467067000008682,579.91796875,3711,pre_injection_v1,C
road,max_speedometer_attack,max_speedometer_attack_1,max_speedometer_attack,raw,elliptic_envelope,0,0.0675795053003533,0.0311228641171684,0.0426183844011142,0.9354545561764211,0.3300692149754569,0.0313190807530822,0.6399891999990359,0.0257836000000679,0.6657727999991039,582.359375,44031,pre_injection_v1,C
road,max_speedometer_attack,max_speedometer_attack_1,max_speedometer_attack,raw,elliptic_envelope,1,0.1881859264041317,0.1185923515052888,0.1454953830796106,0.9380624746622296,0.3362202398615353,0.0373128792486981,0.4800541000004159,0.0252767999991192,0.5053308999995352,582.5859375,44031,pre_injection_v1,C
road,max_speedometer_attack,max_speedometer_attack_1,max_speedometer_attack,raw,elliptic_envelope,2,0.1973642924380295,0.1279495524816924,0.1552511415525114,0.9381687600565664,0.3366001457094409,0.037950833048974,0.5069077000007383,0.0275784000004932,0.5344861000012315,582.62109375,44031,pre_injection_v1,C
road,max_speedometer_attack,max_speedometer_attack_1,max_speedometer_attack,raw,elliptic_envelope,3,0.1985727582997207,0.130187144019528,0.1572674775770979,0.9384323187416947,0.3370731014038792,0.0383217364212275,0.5952591000004759,0.0247073999998974,0.6199665000003733,582.62109375,44031,pre_injection_v1,C
road,max_speedometer_attack,max_speedometer_attack_1,max_speedometer_attack,raw,elliptic_envelope,4,0.2251191477432015,0.1633441822620016,0.1893198161027938,0.9376837518380842,0.3344990457956626,0.0410070768363425,0.6998440000006667,0.0253333000000566,0.7251773000007233,582.71484375,44031,pre_injection_v1,C
road,max_speedometer_attack,max_speedometer_attack_1,max_speedometer_attack,raw,autoencoder,0,0.0003468909895065,0.000813669650122,0.000486410895604,0.7803763433688581,0.1339224483872748,0.1710161268786255,1.4503961999998864,0.0442156999997678,1.4946118999996545,589.40625,18610,pre_injection_v1,C
road,max_speedometer_attack,max_speedometer_attack_1,max_speedometer_attack,raw,autoencoder,1,0.2896799669947545,0.9997965825874696,0.449207147100489,0.8394291699923732,0.1750263251732973,0.1788050976959482,1.300666299999648,0.044234700000743,1.344901000000391,590.046875,18610,pre_injection_v1,C
road,max_speedometer_attack,max_speedometer_attack_1,max_speedometer_attack,raw,autoencoder,2,0.0,0.0,0.0,0.711670522593013,0.103239079927016,0.1670697149978487,1.4072981999997864,0.0507591000005049,1.4580573000002914,590.109375,18610,pre_injection_v1,C
road,max_speedometer_attack,max_speedometer_attack_1,max_speedometer_attack,raw,autoencoder,3,0.326860410986234,0.9997965825874696,0.4926577457024006,0.913731376410524,0.2679530957905934,0.1501713573579811,1.3187553999996453,0.0414710999993985,1.360226499999044,590.34375,18610,pre_injection_v1,C
road,max_speedometer_attack,max_speedometer_attack_1,max_speedometer_attack,raw,autoencoder,4,0.0034769335142469,0.008340113913751,0.0049078285851089,0.7193935486618644,0.1055496749278843,0.1743394210940166,1.1463451999989047,0.0367706000015459,1.1831158000004507,590.375,18610,pre_injection_v1,C
road,max_speedometer_attack,max_speedometer_attack_1,max_speedometer_attack,residual,isolation_forest,0,0.1445967409847638,1.0,0.252659711157938,0.995111716880384,0.9176592364789032,0.4314644748750055,0.4732971000012185,0.9324776000012208,1.4057747000024392,591.96875,2071919,pre_injection_v1,C
road,max_speedometer_attack,max_speedometer_attack_1,max_speedometer_attack,residual,isolation_forest,1,0.1562470203095699,1.0,0.2702658126941367,0.987570207119324,0.7211730243514473,0.3938548729285047,0.5304122999987158,1.1270425000002433,1.657454799998959,593.046875,2056431,pre_injection_v1,C
road,max_speedometer_attack,max_speedometer_attack_1,max_speedometer_attack,residual,isolation_forest,2,0.1423277359583092,1.0,0.2491889699918897,0.9896083196408928,0.7781332699214877,0.4395056599854606,0.4922704000000522,0.9938127000004896,1.486083100000542,592.07421875,2030735,pre_injection_v1,C
road,max_speedometer_attack,max_speedometer_attack_1,max_speedometer_attack,residual,isolation_forest,3,0.1543485086342229,1.0,0.2674209867812653,0.9925995572554512,0.8514529086967785,0.3995964571309882,0.4434308999989298,0.997366099998544,1.440796999997474,592.0859375,2047279,pre_injection_v1,C
road,max_speedometer_attack,max_speedometer_attack_1,max_speedometer_attack,residual,isolation_forest,4,0.1452246610144456,1.0,0.2536177676890139,0.9845148143876996,0.6614852059978701,0.4292835630461552,0.4444358000000648,0.9998412999993888,1.4442770999994536,592.0859375,2005391,pre_injection_v1,C
road,max_speedometer_attack,max_speedometer_attack_1,max_speedometer_attack,residual,one_class_svm,0,0.0958135183597099,1.0,0.1748719408081958,0.8551473970001335,0.2011209753303604,0.6882779698233016,0.0703823000003467,2.389834300000075,2.4602166000004217,592.27734375,32922,pre_injection_v1,C
road,max_speedometer_attack,max_speedometer_attack_1,max_speedometer_attack,residual,one_class_svm,1,0.0958135183597099,1.0,0.1748719408081958,0.8551473970001335,0.2011209753303604,0.6882779698233016,0.0734962999995332,2.5579894999991666,2.6314857999987,589.43359375,32922,pre_injection_v1,C
road,max_speedometer_attack,max_speedometer_attack_1,max_speedometer_attack,residual,one_class_svm,2,0.0958135183597099,1.0,0.1748719408081958,0.8551473970001335,0.2011209753303604,0.6882779698233016,0.0828980000005685,2.62575409999954,2.7086521000001085,591.51953125,32922,pre_injection_v1,C
road,max_speedometer_attack,max_speedometer_attack_1,max_speedometer_attack,residual,one_class_svm,3,0.0958135183597099,1.0,0.1748719408081958,0.8551473970001335,0.2011209753303604,0.6882779698233016,0.0838542000001325,2.681560500001069,2.7654147000012017,591.6015625,32922,pre_injection_v1,C
road,max_speedometer_attack,max_speedometer_attack_1,max_speedometer_attack,residual,one_class_svm,4,0.0958135183597099,1.0,0.1748719408081958,0.8551473970001335,0.2011209753303604,0.6882779698233016,0.0742183999991539,2.592113500000778,2.666331899999932,590.76953125,32922,pre_injection_v1,C
road,max_speedometer_attack,max_speedometer_attack_1,max_speedometer_attack,residual,lof,0,0.0984006885646229,1.0,0.1791708428246013,0.8542455706501996,0.1870829733314933,0.6682640238565049,0.3900425000010727,7.474592900000061,7.864635400001134,591.4453125,1551948,pre_injection_v1,C
road,max_speedometer_attack,max_speedometer_attack_1,max_speedometer_attack,residual,lof,1,0.0984006885646229,1.0,0.1791708428246013,0.8542455706501996,0.1870829733314933,0.6682640238565049,0.3864388000001781,7.434312500001397,7.820751300001575,592.6875,1551948,pre_injection_v1,C
road,max_speedometer_attack,max_speedometer_attack_1,max_speedometer_attack,residual,lof,2,0.0984006885646229,1.0,0.1791708428246013,0.8542455706501996,0.1870829733314933,0.6682640238565049,0.4823166000005585,7.66664910000145,8.148965700002009,592.71484375,1551948,pre_injection_v1,C
road,max_speedometer_attack,max_speedometer_attack_1,max_speedometer_attack,residual,lof,3,0.0984006885646229,1.0,0.1791708428246013,0.8542455706501996,0.1870829733314933,0.6682640238565049,0.3924143999993248,7.412594199999148,7.805008599998473,591.51953125,1551948,pre_injection_v1,C
road,max_speedometer_attack,max_speedometer_attack_1,max_speedometer_attack,residual,lof,4,0.0984006885646229,1.0,0.1791708428246013,0.8542455706501996,0.1870829733314933,0.6682640238565049,0.3870888000001287,7.190852100000484,7.577940900000613,590.12890625,1551948,pre_injection_v1,C
road,max_speedometer_attack,max_speedometer_attack_1,max_speedometer_attack,residual,hbos,0,0.1496499238964992,1.0,0.2603399883493089,0.9886105714619616,0.8609048457524776,0.4144325920211266,0.0101144000000203,0.0410221999991335,0.0511365999991539,588.62890625,3711,pre_injection_v1,C
road,max_speedometer_attack,max_speedometer_attack_1,max_speedometer_attack,residual,hbos,1,0.1496499238964992,1.0,0.2603399883493089,0.9886105714619616,0.8609048457524776,0.4144325920211266,0.0058497000009083,0.0525553000006766,0.0584050000015849,591.5703125,3711,pre_injection_v1,C
road,max_speedometer_attack,max_speedometer_attack_1,max_speedometer_attack,residual,hbos,2,0.1496499238964992,1.0,0.2603399883493089,0.9886105714619616,0.8609048457524776,0.4144325920211266,0.0053055000007589,0.0415202000003773,0.0468257000011362,590.4453125,3711,pre_injection_v1,C
road,max_speedometer_attack,max_speedometer_attack_1,max_speedometer_attack,residual,hbos,3,0.1496499238964992,1.0,0.2603399883493089,0.9886105714619616,0.8609048457524776,0.4144325920211266,0.0070095999999466,0.0519824000002699,0.0589920000002166,590.48828125,3711,pre_injection_v1,C
road,max_speedometer_attack,max_speedometer_attack_1,max_speedometer_attack,residual,hbos,4,0.1496499238964992,1.0,0.2603399883493089,0.9886105714619616,0.8609048457524776,0.4144325920211266,0.0094155999995564,0.0452406999993399,0.0546562999988964,590.48828125,3711,pre_injection_v1,C
road,max_speedometer_attack,max_speedometer_attack_1,max_speedometer_attack,residual,elliptic_envelope,0,0.1009943298545484,1.0,0.1834602179429765,0.8501132755195674,0.1832690748444026,0.6492292627924573,0.7173843000000488,0.0255241999984718,0.7429084999985207,591.30078125,44031,pre_injection_v1,C
road,max_speedometer_attack,max_speedometer_attack_1,max_speedometer_attack,residual,elliptic_envelope,1,0.1014779952109652,1.0,0.1842578710644677,0.8503167593265178,0.1839348612783755,0.6457872794979452,0.6370430999995733,0.0237963999989005,0.6608394999984739,591.0078125,44031,pre_injection_v1,C
road,max_speedometer_attack,max_speedometer_attack_1,max_speedometer_attack,residual,elliptic_envelope,2,0.1034228851534723,1.0,0.1874582928177848,0.8516019048052019,0.1849632656955799,0.6322715606130291,0.5362074999993638,0.0259161000012682,0.562123600000632,592.13671875,44031,pre_injection_v1,C
road,max_speedometer_attack,max_speedometer_attack_1,max_speedometer_attack,residual,elliptic_envelope,3,0.0978016512483835,1.0,0.1781772711621754,0.8504511597396986,0.1837502411382305,0.6728038811328872,0.683208199998262,0.0278217999984917,0.7110299999967538,592.140625,44031,pre_injection_v1,C
road,max_speedometer_attack,max_speedometer_attack_1,max_speedometer_attack,residual,elliptic_envelope,4,0.1015450714698835,1.0,0.1843684368436843,0.850942843615296,0.1843062063725298,0.6453125231814608,0.605368799999269,0.0238067999998747,0.6291755999991437,592.17578125,44031,pre_injection_v1,C
road,max_speedometer_attack,max_speedometer_attack_1,max_speedometer_attack,residual,autoencoder,0,0.0980689435046281,1.0,0.1786207397718189,0.8607448057200894,0.1923644272596353,0.6707713306529383,1.4337484000006953,0.0450734999994892,1.4788219000001843,592.38671875,18610,pre_injection_v1,C
road,max_speedometer_attack,max_speedometer_attack_1,max_speedometer_attack,residual,autoencoder,1,0.0990071093388113,1.0,0.1801755575509905,0.8515650830635838,0.184576830794251,0.6637241665801226,1.5407173999992665,0.0382349000010435,1.57895230000031,592.41015625,18610,pre_injection_v1,C
road,max_speedometer_attack,max_speedometer_attack_1,max_speedometer_attack,residual,autoencoder,2,0.0999654309941639,1.0,0.1817610411698371,0.8636654087257984,0.1960480606266909,0.6566621663724167,1.1248924999999872,0.0364353000004484,1.1613278000004357,592.42578125,18610,pre_injection_v1,C
road,max_speedometer_attack,max_speedometer_attack_1,max_speedometer_attack,residual,autoencoder,3,0.0990390233092249,1.0,0.1802284017377596,0.8533856301253551,0.1864041184578375,0.6634867884218804,1.174476099999083,0.0480274999990797,1.2225035999981628,592.4375,18610,pre_injection_v1,C
road,max_speedometer_attack,max_speedometer_attack_1,max_speedometer_attack,residual,autoencoder,4,0.1011335349420889,1.0,0.183689864549276,0.8591666013084022,0.1922901518386365,0.6482352417548181,1.4548883999996178,0.0357266000009985,1.4906150000006164,592.4375,18610,pre_injection_v1,C
road,reverse_light_off_attack,reverse_light_off_attack_1,reverse_light_off_attack,raw,isolation_forest,0,0.0,0.0,0.0,0.7826541807948744,0.0980397141566457,0.0130802963859065,0.9666780000006838,0.3242492999997921,1.290927300000476,594.953125,2393295,pre_injection_v1,C
road,reverse_light_off_attack,reverse_light_off_attack_1,reverse_light_off_attack,raw,isolation_forest,1,0.0,0.0,0.0,0.797623426852734,0.1031690408302728,0.0134961439588688,0.8717414000002464,0.3182726000013645,1.1900140000016108,594.015625,2467391,pre_injection_v1,C
road,reverse_light_off_attack,reverse_light_off_attack_1,reverse_light_off_attack,raw,isolation_forest,2,0.0,0.0,0.0,0.7993621779872767,0.1060208467762243,0.0127400574625737,0.9724353999990852,0.2735132999987399,1.245948699997825,594.16015625,2485695,pre_injection_v1,C
road,reverse_light_off_attack,reverse_light_off_attack_1,reverse_light_off_attack,raw,isolation_forest,3,0.0,0.0,0.0,0.8236378961345312,0.1171788470832347,0.0120973839407228,0.9964985999995406,0.3169268000001466,1.3134253999996872,594.171875,2428319,pre_injection_v1,C
road,reverse_light_off_attack,reverse_light_off_attack_1,reverse_light_off_attack,raw,isolation_forest,4,0.0,0.0,0.0,0.8113760785246213,0.1117898471586238,0.0120973839407228,0.8713522999987617,0.3759074000008695,1.2472596999996313,594.171875,2465279,pre_injection_v1,C
road,reverse_light_off_attack,reverse_light_off_attack_1,reverse_light_off_attack,raw,one_class_svm,0,0.0,0.0,0.0,0.808978326144546,0.1071726327493112,0.0088462120066535,0.0818435000001045,0.8983762999996543,0.9802197999997588,594.4140625,29754,pre_injection_v1,C
road,reverse_light_off_attack,reverse_light_off_attack_1,reverse_light_off_attack,raw,one_class_svm,1,0.0,0.0,0.0,0.7897629908380821,0.0983282618486459,0.0074474519885074,0.122327299999597,0.9762204999988172,1.098547799998414,590.51171875,30138,pre_injection_v1,C
road,reverse_light_off_attack,reverse_light_off_attack_1,reverse_light_off_attack,raw,one_class_svm,2,0.0,0.0,0.0,0.7878175411846867,0.0974439702412078,0.0082413428096174,0.0689359000007243,0.7701618999999482,0.8390978000006726,590.87109375,30138,pre_injection_v1,C
road,reverse_light_off_attack,reverse_light_off_attack_1,reverse_light_off_attack,raw,one_class_svm,3,0.0,0.0,0.0,0.8327198276056704,0.1208327726606746,0.0129668834114622,0.1147929999988264,0.8279388999999355,0.942731899998762,591.08984375,29610,pre_injection_v1,C
road,reverse_light_off_attack,reverse_light_off_attack_1,reverse_light_off_attack,raw,one_class_svm,4,0.0,0.0,0.0,0.7798222706626655,0.0945974910161625,0.011114471495539,0.0840607000009185,0.9636683999997332,1.0477291000006517,591.21875,30282,pre_injection_v1,C
road,reverse_light_off_attack,reverse_light_off_attack_1,reverse_light_off_attack,raw,lof,0,0.0164473684210526,0.0036416605972323,0.0059630292188431,0.689802339826132,0.0713182765054661,0.0113034931196128,0.0952080999995814,0.3497559000006731,0.4449640000002546,593.90234375,2514956,pre_injection_v1,C
road,reverse_light_off_attack,reverse_light_off_attack_1,reverse_light_off_attack,raw,lof,1,0.0153631284916201,0.0080116533139111,0.0105313547151747,0.7257160766897487,0.0781029553417722,0.0266520489944049,0.0984569000011106,0.405046100000618,0.5035030000017287,596.38671875,2514956,pre_injection_v1,C
road,reverse_light_off_attack,reverse_light_off_attack_1,reverse_light_off_attack,raw,lof,2,0.0186915887850467,0.0029133284777858,0.0050409577819785,0.6959205278750313,0.0741744132541174,0.0079389082110993,0.1088851999993494,0.3840839999993477,0.4929691999986971,593.77734375,2514956,pre_injection_v1,C
road,reverse_light_off_attack,reverse_light_off_attack_1,reverse_light_off_attack,raw,lof,3,0.0,0.0,0.0,0.6864437986534502,0.0696420696264166,0.0107364282473915,0.0791616999995312,0.3710498999989795,0.4502115999985108,595.671875,2514956,pre_injection_v1,C
road,reverse_light_off_attack,reverse_light_off_attack_1,reverse_light_off_attack,raw,lof,4,0.0255474452554744,0.0050983248361252,0.0085003035822707,0.7315692627545404,0.0808084041649992,0.0100937547255406,0.1452030000000377,0.3319823999991058,0.4771853999991435,594.71484375,2514956,pre_injection_v1,C
road,reverse_light_off_attack,reverse_light_off_attack_1,reverse_light_off_attack,raw,hbos,0,0.0,0.0,0.0,0.7246441189521755,0.1126429809218731,0.0117949493422047,0.0228955000002315,0.0125430999996751,0.0354385999999067,592.90234375,3711,pre_injection_v1,C
road,reverse_light_off_attack,reverse_light_off_attack_1,reverse_light_off_attack,raw,hbos,1,0.0,0.0,0.0,0.7246441189521755,0.1126429809218731,0.0117949493422047,0.0126335000004473,0.0112869000004138,0.0239204000008612,588.390625,3711,pre_injection_v1,C
road,reverse_light_off_attack,reverse_light_off_attack_1,reverse_light_off_attack,raw,hbos,2,0.0,0.0,0.0,0.7246441189521755,0.1126429809218731,0.0117949493422047,0.0121681000000535,0.0115237000009074,0.0236918000009609,589.07421875,3711,pre_injection_v1,C
road,reverse_light_off_attack,reverse_light_off_attack_1,reverse_light_off_attack,raw,hbos,3,0.0,0.0,0.0,0.7246441189521755,0.1126429809218731,0.0117949493422047,0.0139760000001842,0.013105700001688,0.0270817000018723,589.07421875,3711,pre_injection_v1,C
road,reverse_light_off_attack,reverse_light_off_attack_1,reverse_light_off_attack,raw,hbos,4,0.0,0.0,0.0,0.7246441189521755,0.1126429809218731,0.0117949493422047,0.0055673000006208,0.0068838000006508,0.0124511000012716,589.07421875,3711,pre_injection_v1,C
road,reverse_light_off_attack,reverse_light_off_attack_1,reverse_light_off_attack,raw,elliptic_envelope,0,0.0,0.0,0.0,0.896323167338297,0.1877824412781028,0.0173143807651595,0.7145811999998841,0.010329200000342,0.7249104000002262,592.8125,66831,pre_injection_v1,C
road,reverse_light_off_attack,reverse_light_off_attack_1,reverse_light_off_attack,raw,elliptic_envelope,1,0.0,0.0,0.0,0.8972908258898554,0.1879959639710351,0.0181838802358989,0.6616534000004322,0.0111433000001852,0.6727967000006174,591.9453125,66831,pre_injection_v1,C
road,reverse_light_off_attack,reverse_light_off_attack_1,reverse_light_off_attack,raw,elliptic_envelope,2,0.0,0.0,0.0,0.8715855370620603,0.1580402924260621,0.0144790564040526,0.60185139999885,0.0098385999990568,0.6116899999979069,592.13671875,66831,pre_injection_v1,C
road,reverse_light_off_attack,reverse_light_off_attack_1,reverse_light_off_attack,raw,elliptic_envelope,3,0.0,0.0,0.0,0.8945947690268643,0.1852990493897421,0.0163314683199758,0.6296211000008043,0.0089539000000513,0.6385750000008557,592.32421875,66831,pre_injection_v1,C
road,reverse_light_off_attack,reverse_light_off_attack_1,reverse_light_off_attack,raw,elliptic_envelope,4,0.0,0.0,0.0,0.8562950781467433,0.1420097919025046,0.0133827309844246,0.5798217999999906,0.0103140999999595,0.5901358999999502,592.1875,66831,pre_injection_v1,C
road,reverse_light_off_attack,reverse_light_off_attack_1,reverse_light_off_attack,raw,autoencoder,0,0.0,0.0,0.0,0.898301960791656,0.1868025675202523,0.0345909572055043,1.8229734000015012,0.0151635999991412,1.8381370000006427,591.5703125,18610,pre_injection_v1,C
road,reverse_light_off_attack,reverse_light_off_attack_1,reverse_light_off_attack,raw,autoencoder,1,0.0,0.0,0.0,0.9284826979545135,0.2447208947333948,0.0123620142144261,2.1958040000008623,0.0139488000004348,2.209752800001297,591.9375,18610,pre_injection_v1,C
road,reverse_light_off_attack,reverse_light_off_attack_1,reverse_light_off_attack,raw,autoencoder,2,0.0,0.0,0.0,0.8216288151667537,0.1144791418443364,0.0131937093603508,1.906528999999864,0.0172568999987561,1.92378589999862,591.9375,18610,pre_injection_v1,C
road,reverse_light_off_attack,reverse_light_off_attack_1,reverse_light_off_attack,raw,autoencoder,3,0.0745121230041395,0.0917698470502549,0.0822454308093994,0.8709505180211261,0.159020624771522,0.0591637683350975,1.9293376999994507,0.0125026999994588,1.9418403999989096,591.9921875,18610,pre_injection_v1,C
road,reverse_light_off_attack,reverse_light_off_attack_1,reverse_light_off_attack,raw,autoencoder,4,0.0687919463087248,0.0298616168973051,0.0416455053326561,0.8579116053935565,0.1413534880848327,0.0209814002721911,1.6083863000003475,0.0139173999996273,1.622303699999975,592.04296875,18610,pre_injection_v1,C
road,reverse_light_off_attack,reverse_light_off_attack_1,reverse_light_off_attack,residual,isolation_forest,0,0.5578118524658102,0.9803350327749454,0.711040676175383,0.9864015668447096,0.6273951537411343,0.0403372145773476,0.894983799998954,0.3084333000006154,1.2034170999995697,592.3046875,2022287,pre_injection_v1,C
road,reverse_light_off_attack,reverse_light_off_attack_1,reverse_light_off_attack,residual,isolation_forest,1,0.5382470119521913,0.9839766933721776,0.695853721349472,0.986724569418928,0.625405933725335,0.0438152124603054,0.3997824000016408,0.1752676000014617,0.5750500000031025,593.21484375,2119439,pre_injection_v1,C
road,reverse_light_off_attack,reverse_light_off_attack_1,reverse_light_off_attack,residual,isolation_forest,2,0.5337278106508876,0.9854333576110706,0.6924257932446264,0.9891991694833138,0.6752319345547032,0.0446847119310449,0.2809733000012784,0.1729515000006358,0.4539248000019142,592.49609375,2079663,pre_injection_v1,C
road,reverse_light_off_attack,reverse_light_off_attack_1,reverse_light_off_attack,residual,isolation_forest,3,0.5613816063254266,0.9825200291332848,0.7145127118644068,0.9862106178333546,0.6258348186924506,0.0398457583547557,0.2447451999996701,0.1693166999993991,0.4140618999990693,592.625,2031615,pre_injection_v1,C
road,reverse_light_off_attack,reverse_light_off_attack_1,reverse_light_off_attack,residual,isolation_forest,4,0.5189003436426117,0.9898033503277496,0.6808617234468937,0.9891107574753164,0.6773360395793437,0.0476334492665961,0.2598696000004565,0.273952300000019,0.5338219000004756,592.72265625,2030911,pre_injection_v1,C
road,reverse_light_off_attack,reverse_light_off_attack_1,reverse_light_off_attack,residual,one_class_svm,0,0.3355327468230694,1.0,0.5024702653247941,0.9897947046190884,0.7195824954485244,0.1027899591713292,0.0836798999989696,0.9235793000007106,1.0072591999996805,593.125,35290,pre_injection_v1,C
road,reverse_light_off_attack,reverse_light_off_attack_1,reverse_light_off_attack,residual,one_class_svm,1,0.3490086426029486,1.0,0.5174298096853213,0.9898467716097836,0.7204249397276316,0.0968168758505973,0.1007376999987172,0.975355700000364,1.0760933999990812,592.94140625,34506,pre_injection_v1,C
road,reverse_light_off_attack,reverse_light_off_attack_1,reverse_light_off_attack,residual,one_class_svm,2,0.3378444881889764,1.0,0.5050579363619643,0.9898499793329016,0.7205534707463644,0.1017314380765159,0.0879721000001154,1.2919964000011532,1.3799685000012687,586.43359375,34634,pre_injection_v1,C
road,reverse_light_off_attack,reverse_light_off_attack_1,reverse_light_off_attack,residual,one_class_svm,3,0.3166512915129151,1.0,0.4809949203012787,0.9898056907265907,0.7196470442511222,0.1120142144261303,0.0828629999996337,1.1981899999991583,1.281052999998792,591.44140625,34634,pre_injection_v1,C
road,reverse_light_off_attack,reverse_light_off_attack_1,reverse_light_off_attack,residual,one_class_svm,4,0.340272614622057,1.0,0.5077662721893491,0.989847542564696,0.7204315667355609,0.1006351126568879,0.1079307999989396,1.084158399999069,1.1920891999980086,590.984375,34106,pre_injection_v1,C
road,reverse_light_off_attack,reverse_light_off_attack_1,reverse_light_off_attack,residual,lof,0,0.3295727316370619,1.0,0.4957573569236324,0.9921116168697712,0.6980921030126103,0.1055874792076213,1.2017075000003388,4.4908580999999685,5.692565600000307,593.24609375,2514956,pre_injection_v1,C
road,reverse_light_off_attack,reverse_light_off_attack_1,reverse_light_off_attack,residual,lof,1,0.3621735689791612,1.0,0.5317583268783889,0.9915776204564736,0.6868517827848774,0.0914108574020867,1.0379668999994465,4.714509699999326,5.752476599998772,595.36328125,2514956,pre_injection_v1,C
road,reverse_light_off_attack,reverse_light_off_attack_1,reverse_light_off_attack,residual,lof,2,0.3369325153374233,1.0,0.5040381791483113,0.9919153262422368,0.6943403510414019,0.1021472856494783,0.8254558999997244,4.081955199999356,4.907411099999081,593.26953125,2514956,pre_injection_v1,C
road,reverse_light_off_attack,reverse_light_off_attack_1,reverse_light_off_attack,residual,lof,3,0.3600839234198794,1.0,0.5295025067489395,0.9913551999642276,0.6829055025815539,0.0922425525480114,0.849590799998623,1.7654292000006535,2.6150199999992765,595.4296875,2514956,pre_injection_v1,C
road,reverse_light_off_attack,reverse_light_off_attack_1,reverse_light_off_attack,residual,lof,4,0.3729964683509916,1.0,0.5433320142461416,0.9915011857837236,0.6869565561828619,0.0872523816724633,0.3569257999988622,1.719417300000714,2.076343099999576,595.140625,2514956,pre_injection_v1,C
road,reverse_light_off_attack,reverse_light_off_attack_1,reverse_light_off_attack,residual,hbos,0,0.3862224731789949,0.9963583394027676,0.5566632756866734,0.991388846639336,0.7975718016510704,0.0821866021472856,0.0042223000000376,0.0072182999992946,0.0114405999993323,595.29296875,3711,pre_injection_v1,C
road,reverse_light_off_attack,reverse_light_off_attack_1,reverse_light_off_attack,residual,hbos,1,0.3862224731789949,0.9963583394027676,0.5566632756866734,0.991388846639336,0.7975718016510704,0.0821866021472856,0.0046371999997063,0.0070968999989418,0.0117340999986481,587.15234375,3711,pre_injection_v1,C
road,reverse_light_off_attack,reverse_light_off_attack_1,reverse_light_off_attack,residual,hbos,2,0.3862224731789949,0.9963583394027676,0.5566632756866734,0.991388846639336,0.7975718016510704,0.0821866021472856,0.0040174000005208,0.0070410999996965,0.0110585000002174,588.765625,3711,pre_injection_v1,C
road,reverse_light_off_attack,reverse_light_off_attack_1,reverse_light_off_attack,residual,hbos,3,0.3862224731789949,0.9963583394027676,0.5566632756866734,0.991388846639336,0.7975718016510704,0.0821866021472856,0.0046662999993714,0.006332700000712,0.0109990000000834,588.765625,3711,pre_injection_v1,C
road,reverse_light_off_attack,reverse_light_off_attack_1,reverse_light_off_attack,residual,hbos,4,0.3862224731789949,0.9963583394027676,0.5566632756866734,0.991388846639336,0.7975718016510704,0.0821866021472856,0.0040064000004349,0.007801499999914,0.011807900000349,588.765625,3711,pre_injection_v1,C
road,reverse_light_off_attack,reverse_light_off_attack_1,reverse_light_off_attack,residual,elliptic_envelope,0,0.4203919167176975,1.0,0.591937917654667,0.990711149737176,0.665386880699311,0.0715635868743384,0.2051693000012164,0.0042021999997814,0.2093715000009979,592.2890625,66831,pre_injection_v1,C
road,reverse_light_off_attack,reverse_light_off_attack_1,reverse_light_off_attack,residual,elliptic_envelope,1,0.4252090430473831,1.0,0.596697088222512,0.990711342475904,0.6654196467392645,0.0701648268561923,0.1991256000001158,0.0038757999991503,0.2030013999992661,592.23828125,66831,pre_injection_v1,C
road,reverse_light_off_attack,reverse_light_off_attack_1,reverse_light_off_attack,residual,elliptic_envelope,2,0.4310832025117739,1.0,0.6024572180781045,0.9907234574816712,0.6655137839812226,0.0685014365643429,0.1922624999988329,0.004182499998933,0.196444999997766,592.23828125,66831,pre_injection_v1,C
road,reverse_light_off_attack,reverse_light_off_attack_1,reverse_light_off_attack,residual,elliptic_envelope,3,0.4193646915088577,1.0,0.5909188723907898,0.9907272296539216,0.6656143766218591,0.0718660214728564,0.1980091999994329,0.0035228000015194,0.2015320000009524,592.23046875,66831,pre_injection_v1,C
road,reverse_light_off_attack,reverse_light_off_attack_1,reverse_light_off_attack,residual,elliptic_envelope,4,0.4253407682775712,1.0,0.5968267767876548,0.9907061109961408,0.6653688300529769,0.0701270225313775,0.2013866000015696,0.0038132000008772,0.2051998000024468,591.7890625,66831,pre_injection_v1,C
road,reverse_light_off_attack,reverse_light_off_attack_1,reverse_light_off_attack,residual,autoencoder,0,0.3725915875169606,1.0,0.5429023329379201,0.9925590460600404,0.7072908707675953,0.0874035989717223,0.4726173999988532,0.0071364000014,0.4797538000002532,592.484375,18610,pre_injection_v1,C
road,reverse_light_off_attack,reverse_light_off_attack_1,reverse_light_off_attack,residual,autoencoder,1,0.4289284598562949,1.0,0.60034980323568,0.992090057666326,0.6965502812692977,0.0691063057613791,0.4664977000011276,0.0068597999998019,0.4733575000009296,592.484375,18610,pre_injection_v1,C
road,reverse_light_off_attack,reverse_light_off_attack_1,reverse_light_off_attack,residual,autoencoder,2,0.401814457126134,1.0,0.5732776617954071,0.9925703350426872,0.7061904998030625,0.077272039921367,0.4875026000008802,0.0076169000003574,0.4951195000012376,592.484375,18610,pre_injection_v1,C
road,reverse_light_off_attack,reverse_light_off_attack_1,reverse_light_off_attack,residual,autoencoder,3,0.3651595744680851,1.0,0.5349698032339762,0.992470110904067,0.7047372272136508,0.0902389233328292,0.4614765000005718,0.0067519999993237,0.4682284999998956,592.49609375,18610,pre_injection_v1,C
road,reverse_light_off_attack,reverse_light_off_attack_1,reverse_light_off_attack,residual,autoencoder,4,0.3833054159687326,1.0,0.5541876892028255,0.9926958630228988,0.708660139665918,0.0835097535158022,0.4947631000013643,0.0095708000008016,0.504333900002166,592.49609375,18610,pre_injection_v1,C
road,reverse_light_on_attack,reverse_light_on_attack_1,reverse_light_on_attack,raw,isolation_forest,0,0.0,0.0,0.0,0.7857248411479487,0.1324622695116402,0.0199757550202919,0.2311809999991965,0.3290582000008726,0.5602392000000691,592.078125,2540959,pre_injection_v1,C
road,reverse_light_on_attack,reverse_light_on_attack_1,reverse_light_on_attack,raw,isolation_forest,1,0.0,0.0,0.0,0.7313451605688215,0.1075136121243646,0.0188689189901438,0.2052301000003353,0.331271299999571,0.5365013999999064,593.109375,2625615,pre_injection_v1,C
road,reverse_light_on_attack,reverse_light_on_attack_1,reverse_light_on_attack,raw,isolation_forest,2,0.0,0.0,0.0,0.719367057386494,0.1047100576801765,0.0166376781039723,0.2047984000000724,0.3272395999993023,0.5320379999993747,593.203125,2646559,pre_injection_v1,C
road,reverse_light_on_attack,reverse_light_on_attack_1,reverse_light_on_attack,raw,isolation_forest,3,0.0,0.0,0.0,0.7612802152932617,0.1179518205031583,0.0182188724327553,0.2034418000002915,0.3250136000006023,0.5284554000008939,593.23046875,2608719,pre_injection_v1,C
road,reverse_light_on_attack,reverse_light_on_attack_1,reverse_light_on_attack,raw,isolation_forest,4,0.0,0.0,0.0,0.7111300456227201,0.1017203596609676,0.0196068096769092,0.2216250999990734,0.3279851000006601,0.5496101999997336,593.69921875,2608719,pre_injection_v1,C
road,reverse_light_on_attack,reverse_light_on_attack_1,reverse_light_on_attack,raw,one_class_svm,0,0.0,0.0,0.0,0.8386124764903098,0.1608919530422624,0.0220313076477099,0.0291517999994539,0.6268684999995457,0.6560202999989997,594.62890625,30010,pre_injection_v1,C
road,reverse_light_on_attack,reverse_light_on_attack_1,reverse_light_on_attack,raw,one_class_svm,1,0.0,0.0,0.0,0.8415844807326822,0.1632348963936944,0.0219961699959591,0.0295812999993358,0.5589995999998791,0.588580899999215,589.46875,29610,pre_injection_v1,C
road,reverse_light_on_attack,reverse_light_on_attack_1,reverse_light_on_attack,raw,one_class_svm,2,0.0,0.0,0.0,0.8478262703062477,0.1694948933812594,0.0218204817372055,0.027505399999427,0.6087539000000106,0.6362592999994376,591.7421875,29882,pre_injection_v1,C
road,reverse_light_on_attack,reverse_light_on_attack_1,reverse_light_on_attack,raw,one_class_svm,3,0.0,0.0,0.0,0.8426050315821101,0.1657860532078093,0.0204676821448022,0.0283906000004208,0.5913925000004383,0.6197831000008591,592.125,29882,pre_injection_v1,C
road,reverse_light_on_attack,reverse_light_on_attack_1,reverse_light_on_attack,raw,one_class_svm,4,0.0,0.0,0.0,0.8053682204322571,0.137691576201832,0.0221191517770867,0.0276572000002488,0.5830470999990212,0.61070429999927,591.26171875,30010,pre_injection_v1,C
road,reverse_light_on_attack,reverse_light_on_attack_1,reverse_light_on_attack,raw,lof,0,0.0162561576354679,0.0082253240279162,0.0109235352532274,0.3856819534194199,0.0484917494003759,0.0350849452731074,0.0382375000008323,0.3067553000000771,0.3449928000009095,589.78515625,2514956,pre_injection_v1,C
road,reverse_light_on_attack,reverse_light_on_attack_1,reverse_light_on_attack,raw,lof,1,0.0,0.0,0.0,0.4218569103385744,0.0521036039170224,0.013703684182786,0.036488100000497,0.3051382999983616,0.3416263999988587,593.06640625,2514956,pre_injection_v1,C
road,reverse_light_on_attack,reverse_light_on_attack_1,reverse_light_on_attack,raw,lof,2,0.0,0.0,0.0,0.5463293135053982,0.0652168502359061,0.0235070890212407,0.0372567999984312,0.3253242999999202,0.3625810999983514,590.3046875,2514956,pre_injection_v1,C
road,reverse_light_on_attack,reverse_light_on_attack_1,reverse_light_on_attack,raw,lof,3,0.0,0.0,0.0,0.4018611582985018,0.0499825004700753,0.0150564837751893,0.0390061999987665,0.300944000000527,0.3399501999992935,592.7734375,2514956,pre_injection_v1,C
road,reverse_light_on_attack,reverse_light_on_attack_1,reverse_light_on_attack,raw,lof,4,0.0,0.0,0.0,0.3715675738469162,0.0476579153895109,0.0133347388394033,0.0379047999995236,0.3022951999992074,0.3401999999987311,592.703125,2514956,pre_injection_v1,C
road,reverse_light_on_attack,reverse_light_on_attack_1,reverse_light_on_attack,raw,hbos,0,0.0,0.0,0.0,0.7676924798436259,0.1812578846535722,0.0203271315377993,0.0024960000009741,0.0126541999998153,0.0151502000007894,593.21484375,3711,pre_injection_v1,C
road,reverse_light_on_attack,reverse_light_on_attack_1,reverse_light_on_attack,raw,hbos,1,0.0,0.0,0.0,0.7676924798436259,0.1812578846535722,0.0203271315377993,0.0024456000010104,0.0121331999998801,0.0145788000008906,587.75390625,3711,pre_injection_v1,C
road,reverse_light_on_attack,reverse_light_on_attack_1,reverse_light_on_attack,raw,hbos,2,0.0,0.0,0.0,0.7676924798436259,0.1812578846535722,0.0203271315377993,0.0024585999999544,0.0122662000012496,0.0147248000012041,589.8125,3711,pre_injection_v1,C
road,reverse_light_on_attack,reverse_light_on_attack_1,reverse_light_on_attack,raw,hbos,3,0.0,0.0,0.0,0.7676924798436259,0.1812578846535722,0.0203271315377993,0.0024016999996092,0.012115100000301,0.0145167999999102,589.8125,3711,pre_injection_v1,C
road,reverse_light_on_attack,reverse_light_on_attack_1,reverse_light_on_attack,raw,hbos,4,0.0,0.0,0.0,0.7676924798436259,0.1812578846535722,0.0203271315377993,0.002548200000092,0.0117542000007233,0.0143024000008153,589.8125,3711,pre_injection_v1,C
road,reverse_light_on_attack,reverse_light_on_attack_1,reverse_light_on_attack,raw,elliptic_envelope,0,0.0,0.0,0.0,0.8489946541548601,0.1822976116747368,0.0169187793179781,0.2007740999997622,0.0078429000004689,0.2086170000002312,591.43359375,66831,pre_injection_v1,C
road,reverse_light_on_attack,reverse_light_on_attack_1,reverse_light_on_attack,raw,elliptic_envelope,1,0.0,0.0,0.0,0.8550387024768732,0.1930882040908751,0.0143010242625485,0.1991383999993559,0.0078878000003896,0.2070261999997455,592.3515625,66831,pre_injection_v1,C
road,reverse_light_on_attack,reverse_light_on_attack_1,reverse_light_on_attack,raw,elliptic_envelope,2,0.0,0.0,0.0,0.8499074799004663,0.1828707636594104,0.0169187793179781,0.1881437000010919,0.0082265000000916,0.1963702000011835,592.24609375,66831,pre_injection_v1,C
road,reverse_light_on_attack,reverse_light_on_attack_1,reverse_light_on_attack,raw,elliptic_envelope,3,0.0,0.0,0.0,0.8508741813351912,0.1850103086898505,0.0169187793179781,0.1827995999992708,0.0077167999988887,0.1905163999981596,593.06640625,66831,pre_injection_v1,C
road,reverse_light_on_attack,reverse_light_on_attack_1,reverse_light_on_attack,raw,elliptic_envelope,4,0.0,0.0,0.0,0.8530087630255635,0.188424880622657,0.0169187793179781,0.2090148000006593,0.0084909000015613,0.2175057000022207,592.07421875,66831,pre_injection_v1,C
road,reverse_light_on_attack,reverse_light_on_attack_1,reverse_light_on_attack,raw,autoencoder,0,0.2563749138525155,0.0927218344965104,0.1361889071938495,0.7464485748292814,0.1227712889926967,0.0189567631195207,0.4779330999990634,0.0151224000001093,0.4930554999991727,593.01953125,18610,pre_injection_v1,C
road,reverse_light_on_attack,reverse_light_on_attack_1,reverse_light_on_attack,raw,autoencoder,1,0.0,0.0,0.0,0.9265459301219306,0.2900460595258213,0.0221542894288374,0.4932304000012664,0.0136122000003524,0.5068426000016188,593.62890625,18610,pre_injection_v1,C
road,reverse_light_on_attack,reverse_light_on_attack_1,reverse_light_on_attack,raw,autoencoder,2,0.0,0.0,0.0,0.7571979199350943,0.1156103015869905,0.0167079534074737,0.5068998999995529,0.0136463999988336,0.5205462999983865,593.421875,18610,pre_injection_v1,C
road,reverse_light_on_attack,reverse_light_on_attack_1,reverse_light_on_attack,raw,autoencoder,3,0.2852278679937139,0.2714356929212363,0.2781609195402298,0.9311235244879392,0.3059193530763633,0.0479453258138758,0.4959584000007453,0.0143709000003582,0.5103293000011035,593.8671875,18610,pre_injection_v1,C
road,reverse_light_on_attack,reverse_light_on_attack_1,reverse_light_on_attack,raw,autoencoder,4,0.2986542443064182,0.1438185443668993,0.1941453566621803,0.9606690610016084,0.432176738083348,0.0238057590611219,0.5063870000012685,0.0152687000008882,0.5216557000021567,593.51171875,18610,pre_injection_v1,C
road,reverse_light_on_attack,reverse_light_on_attack_1,reverse_light_on_attack,residual,isolation_forest,0,0.2519491951710261,0.998753738783649,0.4023900381602731,0.9568330357405443,0.4105980133618453,0.2090163214392382,0.2365984999996726,0.3897264000006544,0.626324900000327,594.00390625,2068399,pre_injection_v1,C
road,reverse_light_on_attack,reverse_light_on_attack_1,reverse_light_on_attack,residual,isolation_forest,1,0.2450064137804654,0.9997507477567298,0.3935632635039002,0.9710658297249364,0.5152118242566864,0.217150687819533,0.2110886999998911,0.3872137999987899,0.598302499998681,593.5546875,2080543,pre_injection_v1,C
road,reverse_light_on_attack,reverse_light_on_attack_1,reverse_light_on_attack,residual,isolation_forest,2,0.2496882793017456,0.9982552342971088,0.3994614003590664,0.9536983096635008,0.4109766861435082,0.2114408194100388,0.2000440000010712,0.3814564999993308,0.5815005000004021,594.00390625,2109055,pre_injection_v1,C
road,reverse_light_on_attack,reverse_light_on_attack_1,reverse_light_on_attack,residual,isolation_forest,3,0.2268793483794332,0.9997507477567298,0.3698308054031626,0.956427827324611,0.4295422411114466,0.2401307120645127,0.2067896999997174,0.3685380999995686,0.5753277999992861,593.09375,2069279,pre_injection_v1,C
road,reverse_light_on_attack,reverse_light_on_attack_1,reverse_light_on_attack,residual,isolation_forest,4,0.2419325652934435,0.9997507477567298,0.3895876839395852,0.980693839702278,0.6359492252054778,0.2208050036016093,0.1999938000008114,0.3765738000001875,0.5765676000009989,593.13671875,1980927,pre_injection_v1,C
road,reverse_light_on_attack,reverse_light_on_attack_1,reverse_light_on_attack,residual,one_class_svm,0,0.196127328736981,0.9997507477567298,0.3279238032947716,0.980298541120082,0.6431001155316085,0.2888314973910293,0.0321841999993921,0.699118800001088,0.7313030000004801,594.78515625,35418,pre_injection_v1,C
road,reverse_light_on_attack,reverse_light_on_attack_1,reverse_light_on_attack,residual,one_class_svm,1,0.1960123149098372,0.9997507477567298,0.3277630234933605,0.9801544084344236,0.6414511439440291,0.2890423233015337,0.033128700000816,0.7198621000006824,0.7529908000014984,591.64453125,36218,pre_injection_v1,C
road,reverse_light_on_attack,reverse_light_on_attack_1,reverse_light_on_attack,residual,one_class_svm,2,0.1935997683174051,0.9997507477567298,0.3243833400727861,0.9802671169190648,0.6427283599559899,0.2935223738997523,0.0300546999988,0.6990654000001086,0.7291200999989087,592.73046875,34890,pre_injection_v1,C
road,reverse_light_on_attack,reverse_light_on_attack_1,reverse_light_on_attack,residual,one_class_svm,3,0.196752673403316,0.9997507477567298,0.3287974424133125,0.9801450919645708,0.6413476990042718,0.2876895237091305,0.0324381999998877,0.721484399999099,0.7539225999989867,593.171875,36218,pre_injection_v1,C
road,reverse_light_on_attack,reverse_light_on_attack_1,reverse_light_on_attack,residual,one_class_svm,4,0.1951444974214264,0.9997507477567298,0.3265488887079704,0.9799549921888788,0.6391032726936099,0.2906410864561921,0.0339696999999432,0.6988989999990736,0.7328686999990168,591.30078125,36090,pre_injection_v1,C
road,reverse_light_on_attack,reverse_light_on_attack_1,reverse_light_on_attack,residual,lof,0,0.223391812865497,0.9997507477567298,0.3651841398461329,0.9916656634218988,0.7374280267308473,0.2449797080061139,0.3912445999994816,3.851111799998762,4.242356399998243,594.1953125,2514956,pre_injection_v1,C
road,reverse_light_on_attack,reverse_light_on_attack_1,reverse_light_on_attack,residual,lof,1,0.231221536865164,0.9997507477567298,0.3755793810571656,0.9916425419362006,0.7372194401149597,0.2342978618738909,0.3919681999996101,3.8265413000008266,4.218509500000437,594.01171875,2514956,pre_injection_v1,C
road,reverse_light_on_attack,reverse_light_on_attack_1,reverse_light_on_attack,residual,lof,2,0.2223638984366337,0.9997507477567298,0.3638095238095237,0.9916705942538868,0.7376459082172729,0.2464379205537694,0.3877041000014287,3.7261715000004183,4.113875600001848,594.03125,2514956,pre_injection_v1,C
road,reverse_light_on_attack,reverse_light_on_attack_1,reverse_light_on_attack,residual,lof,3,0.2212540671703524,1.0,0.3623391284714382,0.9917664739753578,0.7396968619534658,0.2480893901860538,0.3593626999991102,5.516323399999237,5.875686099998347,594.29296875,2514956,pre_injection_v1,C
road,reverse_light_on_attack,reverse_light_on_attack_1,reverse_light_on_attack,residual,lof,4,0.2251473477406679,0.9997507477567298,0.3675264580565354,0.991573440223261,0.7358245807129533,0.2425200723835626,1.1257362999986071,11.861024400001044,12.98676069999965,594.66015625,2514956,pre_injection_v1,C
road,reverse_light_on_attack,reverse_light_on_attack_1,reverse_light_on_attack,residual,hbos,0,0.2188932547478716,0.9997507477567298,0.3591511461318051,0.986530705499412,0.7278734418208583,0.2514626047541243,0.0191328000000794,0.073638399999254,0.0927711999993334,589.56640625,3711,pre_injection_v1,C
road,reverse_light_on_attack,reverse_light_on_attack_1,reverse_light_on_attack,residual,hbos,1,0.2188932547478716,0.9997507477567298,0.3591511461318051,0.986530705499412,0.7278734418208583,0.2514626047541243,0.0188183000009303,0.066748399998687,0.0855666999996174,590.640625,3711,pre_injection_v1,C
road,reverse_light_on_attack,reverse_light_on_attack_1,reverse_light_on_attack,residual,hbos,2,0.2188932547478716,0.9997507477567298,0.3591511461318051,0.986530705499412,0.7278734418208583,0.2514626047541243,0.0077294000002439,0.0331391999989136,0.0408685999991575,591.55078125,3711,pre_injection_v1,C
road,reverse_light_on_attack,reverse_light_on_attack_1,reverse_light_on_attack,residual,hbos,3,0.2188932547478716,0.9997507477567298,0.3591511461318051,0.986530705499412,0.7278734418208583,0.2514626047541243,0.0109489000005851,0.0478516000002855,0.0588005000008706,591.55078125,3711,pre_injection_v1,C
road,reverse_light_on_attack,reverse_light_on_attack_1,reverse_light_on_attack,residual,hbos,4,0.2188932547478716,0.9997507477567298,0.3591511461318051,0.986530705499412,0.7278734418208583,0.2514626047541243,0.0142448999995394,0.0522146000002976,0.0664594999998371,591.55078125,3711,pre_injection_v1,C
road,reverse_light_on_attack,reverse_light_on_attack_1,reverse_light_on_attack,residual,elliptic_envelope,0,0.2398923444976076,0.9997507477567298,0.3869380667567045,0.990848870665188,0.724784678849342,0.223282208050036,0.8735011000007944,0.0235440000014932,0.8970451000022877,591.3203125,66831,pre_injection_v1,C
road,reverse_light_on_attack,reverse_light_on_attack_1,reverse_light_on_attack,residual,elliptic_envelope,1,0.2354564132668036,0.9997507477567298,0.3811469568109469,0.9908473117165308,0.7247612345438063,0.2288163882007765,0.979424299999664,0.0293182999994314,1.0087425999990955,593.0078125,66831,pre_injection_v1,C
road,reverse_light_on_attack,reverse_light_on_attack_1,reverse_light_on_attack,residual,elliptic_envelope,2,0.2432235764962707,0.9997507477567298,0.3912598156367361,0.9908448900912294,0.7246658609500449,0.219258946924577,0.8327924999994138,0.0234952999999222,0.8562877999993361,591.4609375,66831,pre_injection_v1,C
road,reverse_light_on_attack,reverse_light_on_attack_1,reverse_light_on_attack,residual,elliptic_envelope,3,0.2403235470341521,0.9997507477567298,0.3874987923872089,0.9908919431904396,0.7254257764398367,0.222755143273775,0.7076280000001134,0.0197421000011672,0.7273701000012807,591.51953125,66831,pre_injection_v1,C
road,reverse_light_on_attack,reverse_light_on_attack_1,reverse_light_on_attack,residual,elliptic_envelope,4,0.2506248437890527,0.9997507477567298,0.400779376498801,0.9908597964429942,0.7248603434944396,0.2107029287232734,0.9733222000013484,0.0225759000004472,0.9958981000017956,591.5234375,66831,pre_injection_v1,C
road,reverse_light_on_attack,reverse_light_on_attack_1,reverse_light_on_attack,residual,autoencoder,0,0.2534597156398104,0.9997507477567298,0.4043958259817513,0.9917917718584788,0.7437539503281565,0.2075581088915827,2.2764432999993005,0.0539007999996101,2.3303440999989107,592.6796875,18610,pre_injection_v1,C
road,reverse_light_on_attack,reverse_light_on_attack_1,reverse_light_on_attack,residual,autoencoder,1,0.2345339726347795,0.9997507477567298,0.3799374822392726,0.9898120603315932,0.7084715292646524,0.2299934995344261,2.644073399998888,0.049237200000789,2.693310599999677,591.7734375,18610,pre_injection_v1,C
road,reverse_light_on_attack,reverse_light_on_attack_1,reverse_light_on_attack,residual,autoencoder,2,0.249813153961136,0.9997507477567298,0.3997408810045844,0.992306605894294,0.7530698681519548,0.2116165076687925,2.42528560000028,0.0477399000010336,2.473025500001313,592.7109375,18610,pre_injection_v1,C
road,reverse_light_on_attack,reverse_light_on_attack_1,reverse_light_on_attack,residual,autoencoder,3,0.2817307016927723,0.9997507477567298,0.4395857307249712,0.9918546728093448,0.7427378540925318,0.1796588134015004,2.6293529000013223,0.0323060999999142,2.661659000001237,591.7734375,18610,pre_injection_v1,C
road,reverse_light_on_attack,reverse_light_on_attack_1,reverse_light_on_attack,residual,autoencoder,4,0.2694659052737655,0.9997507477567298,0.4245118272741705,0.9925750910097586,0.7572540696258364,0.191043412568738,2.504173499999524,0.0309725000006437,2.535146000000168,592.7109375,18610,pre_injection_v1,C
